1791138952.2687,4952,1368,55812,1020000000,1728000
1791138952.3188,4952,1432,55968,1020000000,1728000
1791138952.3689,4952,1480,56156,1020000000,1728000
1791138952.4189,4952,1504,55812,1020000000,1728000
1791138952.4690,4952,1504,55750,1020000000,1728000
1791138952.5191,4952,1520,55812,1020000000,1728000
1791138952.5691,4952,1520,55875,1020000000,1728000
1791138952.6192,4952,1520,55781,1020000000,1728000
1791138952.6693,4952,1528,56000,1020000000,1728000
1791138952.7193,4952,1536,55843,1020000000,1728000
1791138952.7694,4952,1536,55937,1020000000,1728000
1791138952.8195,4952,1536,55968,1020000000,1728000
1791138952.8696,4952,1560,55875,1020000000,1728000
1791138952.9197,4952,1568,56187,1020000000,1728000
1791138952.9697,4944,1584,56031,1020000000,1728000
1791138953.0198,4944,1592,56156,1020000000,1728000
1791138953.0699,4944,1584,56125,1020000000,1728000
1791138953.1199,4944,1576,55937,1020000000,1728000
1791138953.1700,4952,1568,55812,1020000000,1728000
1791138953.2201,4944,1576,55562,1020000000,1728000
1791138953.2701,4952,1576,55718,1020000000,1728000
1791138953.3202,4944,1584,55625,1020000000,1728000
1791138953.3703,4944,1616,55656,1020000000,1728000
1791138953.4204,4944,1688,55625,1020000000,1728000
1791138953.4704,4944,1744,55812,1020000000,1728000
1791138953.5205,4936,1824,55843,1020000000,1728000
1791138953.5706,4936,1864,55843,1020000000,1728000
1791138953.6207,4936,1904,56031,1020000000,1728000
1791138953.6707,4936,1936,55750,1020000000,1728000
1791138953.7208,4936,1968,55968,1020000000,1728000
1791138953.7709,4936,1992,56062,1020000000,1728000
1791138953.8209,4928,2016,55750,1020000000,1728000
1791138953.8710,4928,2032,55750,1020000000,1728000
1791138953.9211,4928,2064,55812,1020000000,1728000
1791138953.9711,4928,2072,55812,1020000000,1728000
1791138954.0212,4928,2096,55843,1020000000,1728000
1791138954.0713,4928,2112,55843,1020000000,1728000
1791138954.1213,4928,2128,55875,1020000000,1728000
1791138954.1714,4928,2128,55937,1020000000,1728000
1791138954.2215,4928,2128,56031,1020000000,1728000
1791138954.2715,4928,2128,55937,1020000000,1728000
1791138954.3216,4928,2128,55937,1020000000,1728000
1791138954.3717,4928,2120,56031,1020000000,1728000
1791138954.4217,4928,2112,55937,1020000000,1728000
1791138954.4718,4928,2128,55937,1020000000,1728000
1791138954.5219,4928,2136,56031,1020000000,1728000
1791138954.5719,4928,2144,55937,1020000000,1728000
1791138954.6220,4928,2152,56062,1020000000,1728000
1791138954.6721,4928,2144,56093,1020000000,1728000
1791138954.7221,4928,2152,56250,1020000000,1728000
1791138954.7722,4928,2160,56093,1020000000,1728000
1791138954.8223,4928,2152,56187,1020000000,1728000
1791138954.8723,4928,2152,56250,1020000000,1728000
1791138954.9224,4928,2144,56156,1020000000,1728000
1791138954.9725,4928,2144,56218,1020000000,1728000
1791138955.0225,4928,2152,56218,1020000000,1728000
1791138955.0726,4928,2144,56156,1020000000,1728000
1791138955.1227,4928,2152,56156,1020000000,1728000
1791138955.1727,4928,2160,56406,1020000000,1728000
1791138955.2228,4928,2160,56062,1020000000,1728000
1791138955.2729,4928,2152,56281,1020000000,1728000
1791138955.3229,4928,2144,56375,1020000000,1728000
1791138955.3730,4928,2152,56125,1020000000,1728000
1791138955.4230,4928,2144,56406,1020000000,1728000
1791138955.4731,4928,2112,56312,1020000000,1728000
1791138955.5231,4928,2056,56156,1020000000,1728000
1791138955.5732,4928,2056,56218,1020000000,1728000
1791138955.6233,4928,2080,56312,1020000000,1728000
1791138955.6733,4928,2096,56437,1020000000,1728000
1791138955.7234,4928,2112,56187,1020000000,1728000
1791138955.7735,4928,2128,56156,1020000000,1728000
1791138955.8235,4928,2136,56125,1020000000,1728000
1791138955.8736,4928,2128,56218,1020000000,1728000
1791138955.9237,4928,2136,56093,1020000000,1728000
1791138955.9737,4928,2144,56156,1020000000,1728000
1791138956.0238,4928,2136,56156,1020000000,1728000
1791138956.0739,4928,2144,56218,1020000000,1728000
1791138956.1239,4928,2136,56250,1020000000,1728000
1791138956.1740,4928,2144,56281,1020000000,1728000
1791138956.2240,4928,2144,56406,1020000000,1728000
1791138956.2741,4928,2160,56281,1020000000,1728000
1791138956.3242,4928,2168,56281,1020000000,1728000
1791138956.3742,4928,2160,56343,1020000000,1728000
1791138956.4243,4928,2160,56343,1020000000,1728000
1791138956.4744,4928,2152,56312,1020000000,1728000
1791138956.5244,4928,2144,56375,1020000000,1728000
1791138956.5745,4928,2152,56437,1020000000,1728000
1791138956.6246,4928,2136,56281,1020000000,1728000
1791138956.6746,4928,2128,56375,1020000000,1728000
1791138956.7247,4928,2144,56531,1020000000,1728000
1791138956.7748,4928,2168,56406,1020000000,1728000
1791138956.8248,4928,2160,56437,1020000000,1728000
1791138956.8749,4928,2168,56562,1020000000,1728000
1791138956.9250,4928,2160,56406,1020000000,1728000
1791138956.9751,4928,2152,56500,1020000000,1728000
1791138957.0251,4928,2152,56656,1020000000,1728000
1791138957.0752,4928,2160,56218,1020000000,1728000
1791138957.1253,4928,2152,56562,1020000000,1728000
1791138957.1753,4928,2152,56312,1020000000,1728000
1791138957.2254,4928,2168,56281,1020000000,1728000
1791138957.2755,4928,2168,56593,1020000000,1728000
1791138957.3255,4928,2184,56312,1020000000,1728000
1791138957.3756,4928,2176,56343,1020000000,1728000
1791138957.4257,4928,2176,56656,1020000000,1728000
1791138957.4757,4928,2176,56375,1020000000,1728000
1791138957.5258,4928,2168,56406,1020000000,1728000
1791138957.5759,4928,2168,56406,1020000000,1728000
1791138957.6259,4928,2176,56312,1020000000,1728000
1791138957.6760,4928,2168,56375,1020000000,1728000
1791138957.7261,4928,2168,56437,1020000000,1728000
1791138957.7761,4928,2168,56625,1020000000,1728000
1791138957.8262,4928,2160,56406,1020000000,1728000
1791138957.8763,4928,2176,56531,1020000000,1728000
1791138957.9264,4928,2176,56562,1020000000,1728000
1791138957.9764,4928,2176,56343,1020000000,1728000
1791138958.0265,4928,2168,56437,1020000000,1728000
1791138958.0766,4928,2168,56562,1020000000,1728000
1791138958.1266,4928,2176,56375,1020000000,1728000
1791138958.1767,4928,2160,56406,1020000000,1728000
1791138958.2268,4928,2168,56593,1020000000,1728000
1791138958.2768,4928,2168,56500,1020000000,1728000
1791138958.3269,4928,2168,56562,1020000000,1728000
1791138958.3770,4928,2160,56593,1020000000,1728000
1791138958.4271,4928,2192,56781,1020000000,1728000
1791138958.4771,4928,2184,56562,1020000000,1728000
1791138958.5272,4928,2184,56656,1020000000,1728000
1791138958.5773,4928,2184,56750,1020000000,1728000
1791138958.6274,4928,2192,56625,1020000000,1728000
1791138958.6774,4928,2176,56687,1020000000,1728000
1791138958.7275,4928,2184,56406,1020000000,1728000
1791138958.7776,4928,2168,56625,1020000000,1728000
1791138958.8276,4928,2176,56718,1020000000,1728000
1791138958.8777,4928,2176,56437,1020000000,1728000
1791138958.9278,4928,2168,56437,1020000000,1728000
1791138958.9778,4928,2184,56812,1020000000,1728000
1791138959.0279,4928,2176,56500,1020000000,1728000
1791138959.0780,4928,2176,56468,1020000000,1728000
1791138959.1280,4928,2144,56781,1020000000,1728000
1791138959.1781,4928,2080,56343,1020000000,1728000
1791138959.2282,4928,2048,56343,1020000000,1728000
1791138959.2782,4928,2064,56500,1020000000,1728000
1791138959.3283,4928,2064,56343,1020000000,1728000
1791138959.3784,4928,2080,56437,1020000000,1728000
1791138959.4284,4928,2096,56531,1020000000,1728000
1791138959.4785,4928,2096,56437,1020000000,1728000
1791138959.5286,4928,2112,56562,1020000000,1728000
1791138959.5787,4928,2112,56562,1020000000,1728000
1791138959.6287,4928,2120,56562,1020000000,1728000
1791138959.6788,4928,2120,56531,1020000000,1728000
1791138959.7289,4928,2128,56593,1020000000,1728000
1791138959.7790,4928,2128,56656,1020000000,1728000
1791138959.8290,4928,2128,56562,1020000000,1728000
1791138959.8791,4928,2144,56593,1020000000,1728000
1791138959.9292,4928,2144,56781,1020000000,1728000
1791138959.9792,4928,2144,56562,1020000000,1728000
1791138960.0293,4928,2160,56625,1020000000,1728000
1791138960.0794,4928,2176,56750,1020000000,1728000
1791138960.1295,4928,2184,56562,1020000000,1728000
1791138960.1795,4928,2168,56781,1020000000,1728000
1791138960.2296,4928,2176,56781,1020000000,1728000
1791138960.2797,4928,2168,56562,1020000000,1728000
1791138960.3297,4928,2168,56843,1020000000,1728000
1791138960.3798,4928,2168,56781,1020000000,1728000
1791138960.4299,4928,2168,56500,1020000000,1728000
1791138960.4800,4928,2160,56750,1020000000,1728000
1791138960.5300,4928,2168,56843,1020000000,1728000
1791138960.5801,4928,2160,56656,1020000000,1728000
1791138960.6302,4928,2168,56593,1020000000,1728000
1791138960.6803,4928,2160,56906,1020000000,1728000
1791138960.7303,4928,2168,56562,1020000000,1728000
1791138960.7804,4928,2160,56625,1020000000,1728000
1791138960.8305,4928,2160,56937,1020000000,1728000
1791138960.8806,4928,2168,56562,1020000000,1728000
1791138960.9306,4928,2152,56593,1020000000,1728000
1791138960.9807,4928,2160,56562,1020000000,1728000
1791138961.0308,4928,2160,56593,1020000000,1728000
1791138961.0808,4928,2152,56656,1020000000,1728000
1791138961.1309,4928,2160,56656,1020000000,1728000
1791138961.1810,4928,2168,56656,1020000000,1728000
1791138961.2310,4928,2160,56750,1020000000,1728000
1791138961.2811,4928,2152,56718,1020000000,1728000
1791138961.3312,4928,2160,56656,1020000000,1728000
1791138961.3812,4928,2160,56656,1020000000,1728000
1791138961.4313,4928,2152,56812,1020000000,1728000
1791138961.4814,4928,2160,56593,1020000000,1728000
1791138961.5314,4928,2160,56687,1020000000,1728000
1791138961.5815,4928,2160,56781,1020000000,1728000
1791138961.6316,4928,2160,56843,1020000000,1728000
1791138961.6817,4928,2160,56687,1020000000,1728000
1791138961.7318,4928,2168,56843,1020000000,1728000
1791138961.7818,4928,2168,56875,1020000000,1728000
1791138961.8319,4928,2168,56750,1020000000,1728000
1791138961.8820,4928,2168,56812,1020000000,1728000
1791138961.9320,4928,2160,56968,1020000000,1728000
1791138961.9821,4928,2160,56593,1020000000,1728000
1791138962.0322,4928,2152,56781,1020000000,1728000
1791138962.0822,4928,2160,56968,1020000000,1728000
1791138962.1323,4928,2144,56625,1020000000,1728000
1791138962.1824,4928,2152,56875,1020000000,1728000
1791138962.2324,4928,2168,57000,1020000000,1728000
1791138962.2825,4928,2184,57093,1020000000,1728000
1791138962.3326,4928,2200,56750,1020000000,1728000
1791138962.3827,4920,2216,57093,1020000000,1728000
1791138962.4329,4928,2176,56687,714000000,1728000
1791138962.4829,4928,2128,56625,714000000,1728000
1791138962.5330,4928,2072,56562,612000000,1728000
1791138962.5831,4928,2008,56500,612000000,1728000
1791138962.6332,4936,1952,56500,612000000,1728000
1791138962.6833,4936,1920,56500,612000000,1728000
1791138962.7334,4936,1880,56500,612000000,1728000
1791138962.7835,4936,1848,56531,612000000,1497600
1791138962.8335,4936,1792,56437,510000000,1728000
1791138962.8836,4944,1736,56343,510000000,1728000
1791138962.9337,4944,1680,56437,510000000,1728000
1791138962.9838,4944,1648,56343,408000000,1728000
1791138963.0339,4944,1632,56343,408000000,1728000
1791138963.0840,4944,1616,56281,408000000,1728000
1791138963.1340,4944,1600,56375,408000000,1728000
1791138963.1841,4944,1568,56343,408000000,1420800
1791138963.2342,4952,1544,56281,408000000,1728000
1791138963.2843,4952,1528,56312,408000000,1267200
1791138963.3344,4952,1512,56406,408000000,1728000
1791138963.3845,4952,1504,56343,408000000,1728000
1791138963.4345,4952,1488,56218,408000000,883200
1791138963.4846,4952,1472,56406,408000000,1036800
1791138963.5347,4952,1456,56250,408000000,883200
1791138963.5848,4952,1432,56218,408000000,1728000
1791138963.6348,4952,1416,56312,408000000,1728000
1791138963.6849,4952,1408,56281,408000000,1728000
1791138963.7350,4952,1392,56218,408000000,1728000
1791138963.7851,4952,1384,56343,408000000,1728000
1791138963.8351,4952,1376,56406,408000000,1728000
1791138963.8852,4952,1384,56156,408000000,1728000
1791138963.9354,4952,1392,56375,408000000,1728000
1791138963.9854,4952,1384,56156,408000000,1728000
1791138964.0355,4952,1368,56281,408000000,1728000
1791138964.0856,4952,1360,56093,408000000,1728000
1791138964.1357,4960,1360,56312,408000000,1728000
1791138964.1858,4960,1344,56187,408000000,1728000
1791138964.2359,4960,1352,56187,408000000,1728000
1791138964.2860,4960,1352,56343,408000000,1728000
1791138964.3361,4960,1344,56156,408000000,1728000
1791138964.3861,4960,1344,56343,408000000,1728000
1791138964.4362,4960,1344,56218,408000000,1728000
1791138964.4863,4952,1352,56343,408000000,1728000
1791138964.5364,4952,1352,56062,408000000,1728000
1791138964.5865,4960,1344,56218,408000000,1728000
1791138964.6366,4960,1336,56125,408000000,1728000
1791138964.6867,4960,1336,56187,408000000,1728000
1791138964.7367,4960,1336,56312,408000000,1728000
1791138964.7868,4960,1336,56125,408000000,1728000
1791138964.8369,4960,1336,56250,408000000,1728000
1791138964.8870,4960,1328,56156,408000000,1728000
1791138964.9371,4960,1336,56250,408000000,1728000
1791138964.9872,4960,1336,56125,408000000,1190400
1791138965.0373,4960,1344,56218,408000000,1728000
1791138965.0874,4960,1344,56125,408000000,1728000
1791138965.1375,4960,1344,56125,408000000,1728000
1791138965.1875,4960,1336,56156,408000000,1728000
1791138965.2376,4960,1336,56093,408000000,1728000
1791138965.2877,4960,1336,56250,408000000,1728000
1791138965.3378,4960,1328,56125,408000000,1728000
1791138965.3879,4960,1328,56218,408000000,1728000
1791138965.4379,4960,1328,56187,408000000,1728000
1791138965.4880,4960,1320,56125,306000000,1728000
1791138965.5381,4960,1320,56093,306000000,1728000
1791138965.5882,4960,1328,56156,306000000,1728000
1791138965.6383,4960,1320,56031,306000000,1728000
1791138965.6884,4960,1312,56062,306000000,1728000
1791138965.7385,4960,1320,56250,306000000,1728000
1791138965.7885,4960,1312,56062,306000000,1728000
1791138965.8386,4960,1304,56250,306000000,1728000
1791138965.8887,4960,1296,56093,306000000,1728000
1791138965.9388,4960,1296,56218,306000000,1728000
1791138965.9889,4960,1296,56000,306000000,1728000
1791138966.0389,4960,1288,56093,306000000,1728000
1791138966.0890,4960,1280,56031,306000000,1728000
1791138966.1391,4960,1288,56125,306000000,1728000
1791138966.1892,4960,1288,56250,306000000,1728000
1791138966.2393,4960,1288,56062,306000000,1728000
1791138966.2894,4960,1280,56218,306000000,1728000
1791138966.3395,4960,1280,56031,306000000,1728000
1791138966.3895,4960,1272,56125,306000000,1728000
1791138966.4396,4960,1272,56031,306000000,1728000
1791138966.4897,4960,1272,56062,306000000,1728000
1791138966.5398,4960,1272,56031,306000000,1728000
1791138966.5899,4960,1264,56062,306000000,1728000
1791138966.6400,4960,1264,56125,306000000,1728000
1791138966.6900,4960,1272,55968,306000000,1728000
1791138966.7401,4960,1272,56187,306000000,1728000
1791138966.7902,4960,1280,56062,306000000,883200
1791138966.8403,4960,1272,56093,306000000,960000
1791138966.8904,4960,1264,56062,306000000,729600
1791138966.9404,4960,1264,56093,306000000,806400
1791138966.9905,4960,1264,56062,306000000,1728000
1791138967.0406,4960,1264,56156,306000000,1728000
1791138967.0907,4960,1256,56156,306000000,1728000
1791138967.1408,4960,1256,55968,306000000,1728000
1791138967.1908,4960,1256,56187,306000000,1728000
1791138967.2409,4960,1256,56000,306000000,1728000
1791138967.2911,4960,1264,56156,306000000,1728000
1791138967.3412,4960,1256,56031,306000000,1728000
1791138967.3912,4960,1264,56156,306000000,1728000
1791138967.4413,4960,1264,56000,306000000,1728000
1791138967.4914,4960,1264,56000,306000000,1728000
1791138967.5415,4960,1264,56156,306000000,1728000
1791138967.5916,4960,1264,56062,306000000,1728000
1791138967.6417,4960,1264,56093,306000000,1728000
1791138967.6918,4960,1264,56031,306000000,1728000
1791138967.7418,4960,1264,56156,306000000,1728000
1791138967.7919,4960,1264,56000,306000000,1728000
1791138967.8421,4960,1280,56125,306000000,1113600
1791138967.8921,4960,1280,56000,306000000,883200
1791138967.9422,4960,1280,56031,306000000,883200
1791138967.9923,4960,1272,56000,306000000,1728000
1791138968.0424,4960,1272,56031,306000000,1728000
1791138968.0925,4960,1272,56093,306000000,1728000
1791138968.1426,4960,1272,56031,306000000,1728000
1791138968.1927,4960,1272,56093,306000000,1728000
1791138968.2428,4960,1272,55906,306000000,1728000
1791138968.2929,4960,1272,56031,306000000,1728000
1791138968.3430,4960,1264,55937,306000000,1190400
1791138968.3931,4960,1272,56031,306000000,1728000
1791138968.4432,4960,1280,56031,306000000,1728000
1791138968.4932,4960,1272,56062,306000000,1728000
1791138968.5433,4960,1272,56187,306000000,1728000
1791138968.5934,4960,1272,55968,306000000,1728000
1791138968.6435,4960,1264,56156,306000000,1728000
1791138968.6940,4960,1264,56031,306000000,1728000
1791138968.7440,4960,1264,56062,306000000,1728000
1791138968.7941,4960,1272,55968,306000000,1728000
1791138968.8442,4960,1272,56125,306000000,1728000
1791138968.8943,4960,1264,56000,306000000,1728000
1791138968.9444,4960,1272,56031,306000000,1728000
1791138968.9945,4960,1272,56125,306000000,1728000
1791138969.0446,4960,1272,56093,306000000,1728000
1791138969.0947,4960,1280,56093,306000000,1728000
1791138969.1448,4960,1272,56031,306000000,1728000
1791138969.1948,4960,1272,56062,306000000,1728000
1791138969.2449,4960,1264,56000,306000000,1728000
1791138969.2950,4960,1264,56031,306000000,1728000
1791138969.3451,4960,1264,56031,306000000,1728000
1791138969.3952,4960,1256,56062,306000000,1728000
1791138969.4452,4960,1256,56125,306000000,1728000
1791138969.4953,4960,1264,56031,306000000,1728000
1791138969.5454,4960,1272,56125,306000000,1728000
1791138969.5955,4960,1272,55937,306000000,1728000
1791138969.6456,4960,1264,56093,306000000,1728000
1791138969.6957,4960,1256,55937,306000000,1728000
1791138969.7458,4960,1264,56062,306000000,1728000
1791138969.7958,4960,1256,56000,306000000,1728000
1791138969.8459,4960,1272,56000,306000000,1728000
1791138969.8960,4960,1264,56156,306000000,1728000
1791138969.9461,4960,1264,55906,306000000,1728000
1791138969.9962,4960,1264,56062,306000000,1728000
1791138970.0462,4960,1272,55906,306000000,1728000
1791138970.0963,4960,1280,56093,306000000,1728000
1791138970.1464,4960,1280,55968,306000000,729600
1791138970.1965,4960,1272,56000,306000000,729600
1791138970.2466,4960,1272,55937,306000000,883200
1791138970.2967,4960,1264,56031,306000000,1728000
1791138970.3471,4960,1264,55906,306000000,1728000
1791138970.3972,4960,1256,56000,306000000,1728000
1791138970.4472,4960,1256,56125,306000000,1728000
1791138970.4973,4960,1264,55937,306000000,1728000
1791138970.5474,4960,1256,56031,306000000,1728000
1791138970.5975,4960,1264,55937,306000000,1728000
1791138970.6476,4960,1272,56031,306000000,1728000
1791138970.6977,4960,1272,55843,306000000,1728000
1791138970.7478,4960,1272,55968,306000000,1728000
1791138970.7979,4960,1272,55968,306000000,1728000
1791138970.8480,4960,1264,56000,306000000,1728000
1791138970.8981,4960,1264,56093,306000000,1728000
1791138970.9482,4960,1264,55937,306000000,1728000
1791138970.9982,4960,1264,56062,306000000,1728000
1791138971.0483,4960,1256,55937,306000000,1728000
1791138971.0984,4960,1256,56031,306000000,1728000
1791138971.1485,4960,1264,55937,306000000,1728000
1791138971.1986,4960,1272,56031,306000000,1728000
1791138971.2487,4960,1272,55937,306000000,1728000
1791138971.2988,4960,1272,56031,306000000,1728000
1791138971.3488,4960,1272,56156,306000000,1728000
1791138971.3989,4960,1272,55937,306000000,1728000
1791138971.4490,4960,1272,56062,306000000,1728000
1791138971.4991,4960,1264,55968,306000000,1728000
1791138971.5491,4960,1264,56031,306000000,1728000
1791138971.5992,4960,1264,55937,306000000,1728000
1791138971.6493,4960,1264,55968,306000000,883200
1791138971.6994,4960,1264,55968,306000000,806400
1791138971.7495,4960,1272,56031,306000000,1728000
1791138971.7996,4960,1280,55906,306000000,1728000
1791138971.8497,4960,1280,55843,306000000,883200
1791138971.8998,4960,1280,56156,306000000,1728000
1791138971.9499,4960,1280,55968,306000000,1728000
1791138972.0000,4960,1272,56031,306000000,1728000
1791138972.0501,4960,1272,55843,306000000,1728000
1791138972.1002,4960,1272,56031,306000000,1728000
1791138972.1502,4960,1272,55937,306000000,1728000
1791138972.2003,4960,1264,55968,306000000,1728000
1791138972.2504,4960,1272,55843,306000000,1728000
1791138972.3005,4960,1264,55968,306000000,1728000
1791138972.3506,4960,1272,56093,306000000,1728000
1791138972.4007,4960,1272,55968,306000000,1728000
1791138972.4508,4960,1272,56093,306000000,1728000
1791138972.5009,4960,1288,56000,306000000,1728000
1791138972.5510,4960,1304,56000,306000000,1728000
1791138972.6011,4960,1312,55937,306000000,1728000
1791138972.6512,4960,1320,55968,306000000,960000
1791138972.7013,4960,1312,55906,306000000,1728000
1791138972.7514,4960,1312,56000,306000000,1728000
1791138972.8015,4960,1304,56031,306000000,1728000
1791138972.8515,4960,1312,55843,306000000,1497600
1791138972.9016,4960,1320,56093,306000000,1728000
1791138972.9517,4960,1312,56000,306000000,1728000
1791138973.0018,4960,1304,56031,306000000,1728000
1791138973.0519,4960,1304,55937,306000000,1728000
1791138973.1020,4960,1296,55968,306000000,1728000
1791138973.1521,4960,1304,55843,306000000,1728000
1791138973.2022,4960,1296,56031,306000000,960000
1791138973.2523,4960,1288,56093,306000000,1728000
1791138973.3023,4960,1280,55968,306000000,960000
1791138973.3524,4960,1280,56062,306000000,960000
1791138973.4025,4960,1280,55937,306000000,1728000
1791138973.4526,4960,1296,56093,306000000,883200
1791138973.5027,4960,1288,55906,306000000,1728000
1791138973.5528,4960,1288,56000,306000000,1728000
1791138973.6029,4960,1280,55906,306000000,1728000
1791138973.6530,4960,1280,55968,306000000,1728000
1791138973.7031,4960,1272,56125,306000000,1728000
1791138973.7532,4960,1272,55843,306000000,1728000
1791138973.8033,4960,1272,56062,306000000,1728000
1791138973.8533,4960,1272,55875,306000000,1728000
1791138973.9034,4960,1272,56093,306000000,1728000
1791138973.9535,4960,1280,55906,306000000,1728000
1791138974.0036,4960,1288,55937,306000000,1728000
1791138974.0537,4960,1296,55843,306000000,883200
1791138974.1038,4960,1296,56000,306000000,806400
1791138974.1539,4960,1296,56093,306000000,1728000
1791138974.2040,4960,1288,55937,306000000,1728000
1791138974.2541,4960,1280,56062,306000000,1728000
1791138974.3042,4960,1280,55937,306000000,1728000
1791138974.3543,4960,1272,56031,306000000,1728000
1791138974.4044,4960,1272,55843,306000000,1728000
1791138974.4545,4960,1272,55906,306000000,1728000
1791138974.5046,4960,1272,55906,306000000,1728000
1791138974.5547,4960,1296,55937,306000000,1728000
1791138974.6048,4960,1288,55906,306000000,1728000
1791138974.6549,4960,1288,55906,306000000,1728000
1791138974.7050,4960,1280,56062,306000000,960000
1791138974.7551,4960,1280,55906,306000000,1728000
1791138974.8052,4960,1272,56031,306000000,1728000
1791138974.8552,4960,1272,55875,306000000,1728000
1791138974.9053,4960,1272,56031,306000000,1728000
1791138974.9554,4960,1272,55906,306000000,1728000
1791138975.0055,4960,1272,56031,306000000,1728000
1791138975.0556,4960,1272,55937,306000000,1728000
1791138975.1057,4960,1288,55812,306000000,1728000
1791138975.1558,4960,1288,56125,306000000,1728000
1791138975.2059,4960,1288,55906,306000000,1728000
1791138975.2560,4960,1288,56031,306000000,806400
1791138975.3061,4960,1288,55843,306000000,1728000
1791138975.3562,4960,1288,56000,306000000,1728000
1791138975.4063,4960,1280,55843,306000000,1728000
1791138975.4563,4960,1280,55968,306000000,1728000
1791138975.5064,4960,1272,55875,306000000,1728000
1791138975.5565,4960,1272,55906,306000000,1728000
1791138975.6066,4960,1272,55875,306000000,960000
1791138975.6567,4960,1272,55843,306000000,1728000
1791138975.7068,4960,1280,56031,306000000,1728000
1791138975.7569,4960,1280,55875,306000000,1728000
1791138975.8069,4960,1272,55843,306000000,1728000
1791138975.8570,4960,1272,55812,306000000,1728000
1791138975.9071,4960,1264,55906,306000000,1728000
1791138975.9572,4960,1264,55812,306000000,1728000
1791138976.0073,4960,1264,55968,306000000,883200
1791138976.0573,4960,1264,56000,306000000,1728000
1791138976.1074,4960,1264,55843,306000000,806400
1791138976.1575,4960,1256,56031,306000000,883200
1791138976.2076,4960,1256,55937,306000000,1344000
1791138976.2577,4960,1272,56031,306000000,1728000
1791138976.3078,4960,1272,55718,306000000,960000
1791138976.3578,4960,1272,55937,306000000,1728000
1791138976.4079,4960,1272,55875,306000000,883200
1791138976.4580,4960,1272,55906,306000000,1728000
1791138976.5081,4960,1264,56062,306000000,1728000
1791138976.5582,4960,1264,55875,306000000,1728000
1791138976.6083,4960,1264,56031,306000000,1728000
1791138976.6584,4960,1264,55812,306000000,1728000
1791138976.7085,4960,1264,56031,306000000,1728000
1791138976.7586,4960,1272,55843,306000000,1344000
1791138976.8087,4960,1280,55843,306000000,1728000
1791138976.8588,4960,1280,55812,306000000,1728000
1791138976.9089,4960,1272,55906,306000000,1728000
1791138976.9590,4960,1272,55875,306000000,1728000
1791138977.0091,4960,1272,55906,306000000,1728000
1791138977.0592,4960,1272,56031,306000000,1728000
1791138977.1092,4960,1272,55843,306000000,1728000
1791138977.1593,4960,1272,56062,306000000,1728000
1791138977.2094,4960,1272,55875,306000000,1728000
1791138977.2595,4960,1272,55875,306000000,1728000
1791138977.3096,4960,1272,55875,306000000,1728000
1791138977.3597,4960,1280,55937,306000000,1728000
1791138977.4098,4960,1280,55812,306000000,1728000
1791138977.4599,4960,1280,55843,306000000,1728000
1791138977.5100,4960,1272,56031,306000000,1728000
1791138977.5601,4960,1272,55843,306000000,1728000
1791138977.6101,4960,1264,56031,306000000,1728000
1791138977.6602,4960,1264,55906,306000000,1728000
1791138977.7103,4960,1264,55937,306000000,1728000
1791138977.7604,4960,1264,55843,306000000,1728000
1791138977.8105,4960,1264,56000,306000000,1728000
1791138977.8606,4960,1256,55750,306000000,1728000
1791138977.9106,4960,1272,55843,306000000,1420800
1791138977.9607,4960,1272,56062,306000000,1728000
1791138978.0108,4960,1264,55968,306000000,1728000
1791138978.0609,4960,1264,56031,306000000,1728000
1791138978.1110,4960,1264,55875,306000000,1728000
1791138978.1611,4960,1256,56000,306000000,1728000
1791138978.2112,4960,1256,55843,306000000,1728000
1791138978.2612,4960,1256,55906,306000000,1728000
1791138978.3113,4960,1264,55718,306000000,1728000
1791138978.3614,4960,1256,55843,306000000,1728000
1791138978.4115,4960,1256,56000,306000000,1728000
1791138978.4616,4960,1264,55843,306000000,1728000
1791138978.5121,4960,1264,56031,306000000,1728000
1791138978.5622,4960,1264,55812,306000000,1728000
1791138978.6122,4960,1264,55906,306000000,1728000
1791138978.6623,4960,1264,55812,306000000,1728000
1791138978.7124,4960,1264,55843,306000000,1728000
1791138978.7625,4960,1264,55843,306000000,1728000
1791138978.8126,4960,1264,55812,306000000,1728000
1791138978.8626,4960,1264,55812,306000000,1728000
1791138978.9127,4960,1264,55906,306000000,1728000
1791138978.9628,4960,1264,55968,306000000,1728000
1791138979.0129,4960,1272,55781,306000000,1728000
1791138979.0630,4960,1280,55937,306000000,1113600
1791138979.1131,4960,1272,55812,306000000,1728000
1791138979.1632,4960,1280,55875,306000000,1728000
1791138979.2133,4960,1272,55750,306000000,1728000
1791138979.2633,4960,1272,55843,306000000,1728000
1791138979.3134,4960,1264,55781,306000000,1728000
1791138979.3635,4960,1272,55906,306000000,1728000
1791138979.4136,4960,1264,56062,306000000,806400
1791138979.4637,4960,1264,55875,306000000,1728000
1791138979.5137,4960,1256,56000,306000000,960000
1791138979.5638,4960,1256,55875,306000000,1344000
1791138979.6139,4960,1272,55843,306000000,960000
1791138979.6640,4960,1264,55875,306000000,1728000
1791138979.7141,4960,1272,55937,306000000,1728000
1791138979.7642,4960,1264,55687,306000000,1728000
1791138979.8143,4960,1264,55875,306000000,1728000
1791138979.8643,4960,1256,56031,306000000,1728000
1791138979.9144,4960,1256,55781,306000000,1728000
1791138979.9645,4960,1248,56031,306000000,1728000
1791138980.0146,4960,1248,55812,306000000,1728000
1791138980.0647,4960,1248,55875,306000000,1728000
1791138980.1148,4960,1256,55750,306000000,1190400
1791138980.1649,4960,1264,55937,306000000,1728000
1791138980.2150,4960,1264,55812,306000000,1728000
1791138980.2651,4960,1264,55843,306000000,1728000
1791138980.3152,4960,1272,56000,306000000,1728000
1791138980.3653,4960,1264,55781,306000000,1728000
1791138980.4154,4960,1256,55937,306000000,1728000
1791138980.4654,4960,1256,55843,306000000,1728000
1791138980.5155,4960,1248,55968,306000000,1728000
1791138980.5656,4960,1256,55781,306000000,1728000
1791138980.6157,4960,1256,55843,306000000,1728000
1791138980.6658,4960,1256,55750,306000000,1190400
1791138980.7159,4960,1264,55875,306000000,1728000
1791138980.7660,4960,1264,56000,306000000,1728000
1791138980.8161,4960,1272,55875,306000000,1728000
1791138980.8662,4960,1264,55968,306000000,1728000
1791138980.9163,4960,1272,55812,306000000,1728000
1791138980.9664,4960,1272,56031,306000000,883200
1791138981.0165,4960,1272,55812,306000000,1728000
1791138981.0666,4960,1272,55812,306000000,1728000
1791138981.1167,4960,1264,55812,306000000,1728000
1791138981.1668,4960,1264,55937,306000000,1728000
1791138981.2169,4960,1264,55781,306000000,1728000
1791138981.2670,4960,1288,55750,306000000,1728000
1791138981.3171,4960,1288,55937,306000000,1728000
1791138981.3672,4960,1288,55812,306000000,1728000
1791138981.4173,4960,1288,55968,306000000,1728000
1791138981.4674,4960,1288,55812,306000000,1728000
1791138981.5175,4960,1288,55906,306000000,1728000
1791138981.5676,4960,1288,55843,306000000,1728000
1791138981.6177,4960,1288,55843,306000000,1728000
1791138981.6678,4960,1280,55812,306000000,1728000
1791138981.7178,4960,1280,55781,306000000,1728000
1791138981.7679,4960,1280,56000,306000000,1728000
1791138981.8180,4960,1288,55843,306000000,1497600
1791138981.8681,4960,1304,55906,306000000,1728000
1791138981.9182,4960,1296,55875,306000000,1728000
1791138981.9683,4960,1304,55843,306000000,1728000
1791138982.0184,4960,1296,55781,306000000,1728000
1791138982.0685,4960,1296,55906,306000000,1728000
1791138982.1186,4960,1288,55812,306000000,1113600
1791138982.1687,4960,1288,55812,306000000,1728000
1791138982.2188,4960,1288,56031,306000000,883200
1791138982.2689,4960,1288,55812,306000000,1728000
1791138982.3190,4960,1288,56000,306000000,1728000
1791138982.3691,4960,1288,55812,306000000,1728000
1791138982.4192,4960,1304,55906,306000000,1036800
1791138982.4693,4960,1304,55718,306000000,1036800
1791138982.5194,4960,1296,55906,306000000,729600
1791138982.5695,4960,1288,55781,306000000,1036800
1791138982.6195,4960,1288,55906,306000000,1728000
1791138982.6696,4960,1280,55968,306000000,1728000
1791138982.7197,4960,1280,55781,306000000,1728000
1791138982.7698,4960,1272,56000,306000000,1728000
1791138982.8199,4960,1272,55843,306000000,1728000
1791138982.8700,4960,1264,55875,306000000,1728000
1791138982.9201,4960,1280,55718,306000000,1728000
1791138982.9702,4960,1288,55843,306000000,1036800
1791138983.0203,4960,1280,55781,306000000,1728000
1791138983.0704,4960,1280,55781,306000000,1113600
1791138983.1205,4960,1280,55968,306000000,1728000
1791138983.1706,4960,1280,55781,306000000,1728000
1791138983.2207,4960,1280,56031,306000000,1728000
1791138983.2707,4960,1280,55843,306000000,1728000
1791138983.3208,4960,1280,55968,306000000,1728000
1791138983.3709,4960,1272,55750,306000000,1728000
1791138983.4210,4960,1280,55906,306000000,883200
1791138983.4711,4960,1280,55781,306000000,806400
1791138983.5212,4960,1296,55875,306000000,1728000
1791138983.5713,4960,1288,55718,306000000,1728000
1791138983.6214,4960,1288,55781,306000000,1728000
1791138983.6715,4960,1288,55875,306000000,1728000
1791138983.7216,4960,1288,55843,306000000,883200
1791138983.7717,4960,1288,55906,306000000,806400
1791138983.8218,4960,1288,55750,306000000,960000
1791138983.8719,4960,1280,55875,306000000,1728000
1791138983.9220,4960,1280,55781,306000000,1728000
1791138983.9721,4960,1272,55937,306000000,1728000
1791138984.0222,4960,1272,55718,306000000,1728000
1791138984.0723,4960,1288,55812,306000000,1728000
1791138984.1224,4960,1296,55906,306000000,1728000
1791138984.1724,4960,1280,55812,306000000,1728000
1791138984.2225,4960,1280,55937,306000000,1728000
1791138984.2726,4960,1272,55718,306000000,1728000
1791138984.3227,4960,1272,55906,306000000,1728000
1791138984.3728,4960,1280,55687,306000000,1728000
1791138984.4229,4960,1296,55906,306000000,1728000
1791138984.4729,4960,1304,55687,306000000,1728000
1791138984.5231,4960,1312,55812,306000000,1728000
1791138984.5731,4960,1312,55906,306000000,1728000
1791138984.6232,4960,1320,55781,306000000,1420800
1791138984.6733,4960,1328,55937,306000000,1728000
1791138984.7234,4960,1320,55812,306000000,1728000
1791138984.7735,4960,1312,55812,306000000,1728000
1791138984.8236,4960,1304,55812,306000000,1728000
1791138984.8737,4960,1304,55937,306000000,1728000
1791138984.9237,4960,1296,55718,306000000,1728000
1791138984.9738,4960,1288,55781,306000000,1728000
1791138985.0239,4960,1288,56031,306000000,1728000
1791138985.0740,4960,1280,55718,306000000,1728000
1791138985.1241,4960,1280,55968,306000000,1728000
1791138985.1742,4960,1280,55843,306000000,1728000
1791138985.2242,4960,1288,55875,306000000,1728000
1791138985.2743,4960,1280,55843,306000000,1728000
1791138985.3244,4960,1272,55812,306000000,1728000
1791138985.3745,4960,1264,55687,306000000,1728000
1791138985.4246,4960,1264,55718,306000000,1728000
1791138985.4747,4960,1264,55937,306000000,1728000
1791138985.5248,4960,1272,55875,306000000,1728000
1791138985.5748,4960,1264,55906,306000000,883200
1791138985.6249,4960,1264,55781,306000000,883200
1791138985.6750,4960,1264,55968,306000000,883200
1791138985.7251,4960,1264,55781,306000000,1728000
1791138985.7752,4960,1280,55812,306000000,1728000
1791138985.8252,4960,1280,55781,306000000,1728000
1791138985.8753,4960,1272,55781,306000000,1728000
1791138985.9254,4960,1264,55968,306000000,1728000
1791138985.9755,4960,1264,55812,306000000,1728000
1791138986.0256,4960,1264,55906,306000000,1728000
1791138986.0756,4960,1264,55718,306000000,1728000
1791138986.1257,4960,1264,55968,306000000,1728000
1791138986.1758,4960,1264,55812,306000000,1728000
1791138986.2259,4960,1256,55843,306000000,1728000
1791138986.2760,4960,1256,55718,306000000,1728000
1791138986.3261,4960,1272,55843,306000000,1728000
1791138986.3761,4960,1272,55968,306000000,1728000
1791138986.4262,4960,1264,55812,306000000,1728000
1791138986.4763,4960,1264,55875,306000000,1728000
1791138986.5264,4960,1264,55781,306000000,1728000
1791138986.5765,4960,1264,55968,306000000,1728000
1791138986.6266,4960,1256,55843,306000000,1728000
1791138986.6767,4960,1264,55937,306000000,1728000
1791138986.7268,4960,1264,55750,306000000,1728000
1791138986.7768,4960,1264,55812,306000000,1728000
1791138986.8269,4960,1256,55718,306000000,1728000
1791138986.8770,4960,1264,55750,306000000,1728000
1791138986.9271,4960,1272,55906,306000000,1728000
1791138986.9772,4960,1272,55812,306000000,1728000
1791138987.0273,4960,1264,55937,306000000,1728000
1791138987.0774,4960,1264,55750,306000000,1728000
1791138987.1274,4960,1264,55875,306000000,1728000
1791138987.1775,4960,1264,55781,306000000,1728000
1791138987.2276,4960,1264,55906,306000000,1728000
1791138987.2777,4960,1256,55750,306000000,1728000
1791138987.3278,4960,1256,55781,306000000,1728000
1791138987.3779,4960,1256,55968,306000000,1728000
1791138987.4280,4960,1264,55781,306000000,1728000
1791138987.4781,4960,1272,55937,306000000,1728000
1791138987.5281,4960,1264,55750,306000000,1728000
1791138987.5782,4960,1264,55843,306000000,1728000
1791138987.6283,4960,1264,55781,306000000,1728000
1791138987.6784,4960,1264,55781,306000000,1728000
1791138987.7285,4960,1256,55687,306000000,1728000
1791138987.7785,4960,1256,55781,306000000,1728000
1791138987.8286,4960,1264,55906,306000000,1728000
1791138987.8787,4960,1272,55781,306000000,1728000
1791138987.9288,4960,1272,56000,306000000,1728000
1791138987.9789,4960,1280,55750,306000000,1728000
1791138988.0290,4960,1288,55812,306000000,1728000
1791138988.0791,4960,1280,55750,306000000,1728000
1791138988.1291,4960,1280,55875,306000000,1728000
1791138988.1792,4960,1280,55718,306000000,1728000
1791138988.2293,4960,1264,55718,306000000,1728000
1791138988.2794,4960,1264,55906,306000000,1728000
1791138988.3294,4960,1256,55750,306000000,1728000
1791138988.3795,4960,1256,55906,306000000,1728000
1791138988.4296,4960,1256,55812,306000000,1728000
1791138988.4797,4960,1264,55781,306000000,1728000
1791138988.5298,4960,1264,55781,306000000,1728000
1791138988.5799,4960,1280,55843,306000000,1728000
1791138988.6300,4960,1280,55812,306000000,1728000
1791138988.6801,4960,1272,55843,306000000,1728000
1791138988.7301,4960,1264,55937,306000000,1728000
1791138988.7802,4960,1272,55750,306000000,1728000
1791138988.8303,4960,1264,55937,306000000,1728000
1791138988.8804,4960,1264,55687,306000000,1728000
1791138988.9305,4960,1272,55781,306000000,1728000
1791138988.9805,4960,1264,55750,306000000,1728000
1791138989.0306,4960,1264,55812,306000000,1728000
1791138989.0807,4960,1272,55718,306000000,1728000
1791138989.1308,4960,1280,55750,306000000,1728000
1791138989.1809,4960,1280,55718,306000000,729600
1791138989.2309,4960,1272,55812,306000000,729600
1791138989.2810,4960,1264,55937,306000000,1728000
1791138989.3311,4960,1264,55718,306000000,1728000
1791138989.3812,4960,1264,55843,306000000,1728000
1791138989.4312,4960,1264,55625,306000000,1728000
1791138989.4813,4960,1264,55781,306000000,1728000
1791138989.5314,4960,1256,55687,306000000,1728000
1791138989.5815,4960,1256,55750,306000000,1728000
1791138989.6316,4960,1256,55625,306000000,1190400
1791138989.6817,4960,1264,55750,306000000,1728000
1791138989.7318,4960,1264,55843,306000000,1728000
1791138989.7819,4960,1264,55750,306000000,1728000
1791138989.8320,4960,1264,55906,306000000,1728000
1791138989.8820,4960,1256,55750,306000000,1728000
1791138989.9321,4960,1256,55812,306000000,1728000
1791138989.9822,4960,1256,55812,306000000,1728000
1791138990.0323,4960,1256,55812,306000000,1728000
1791138990.0824,4960,1256,55718,306000000,1728000
1791138990.1324,4960,1256,55718,306000000,1728000
1791138990.1825,4960,1248,55906,306000000,1728000
1791138990.2326,4960,1264,55781,306000000,1728000
1791138990.2827,4960,1264,55906,306000000,1728000
1791138990.3328,4960,1264,55718,306000000,1728000
1791138990.3829,4960,1264,55781,306000000,1728000
1791138990.4330,4960,1256,55625,306000000,1728000
1791138990.4830,4960,1264,55843,306000000,1728000
1791138990.5331,4960,1256,55656,306000000,1728000
1791138990.5832,4960,1264,55750,306000000,1728000
1791138990.6333,4960,1256,55937,306000000,1728000
1791138990.6834,4960,1256,55750,306000000,1728000
1791138990.7335,4960,1256,55937,306000000,1728000
1791138990.7836,4960,1264,55687,306000000,1190400
1791138990.8337,4960,1264,55812,306000000,1728000
1791138990.8837,4960,1264,55781,306000000,1728000
1791138990.9338,4960,1264,55812,306000000,1728000
1791138990.9839,4960,1264,55687,306000000,1728000
1791138991.0340,4960,1256,55750,306000000,1728000
1791138991.0841,4960,1256,55875,306000000,1728000
1791138991.1341,4960,1256,55718,306000000,1728000
1791138991.1842,4960,1256,55906,306000000,1728000
1791138991.2343,4960,1248,55718,306000000,1728000
1791138991.2844,4960,1248,55781,306000000,1728000
1791138991.3345,4960,1256,55656,306000000,1728000
1791138991.3846,4960,1264,55781,306000000,1728000
1791138991.4347,4960,1264,55718,306000000,1728000
1791138991.4848,4960,1256,55750,306000000,1728000
1791138991.5348,4960,1256,55656,306000000,1728000
1791138991.5849,4960,1256,55781,306000000,1728000
1791138991.6350,4960,1256,55906,306000000,1728000
1791138991.6851,4960,1256,55812,306000000,1728000
1791138991.7352,4960,1256,55781,306000000,1728000
1791138991.7853,4960,1256,55718,306000000,1728000
1791138991.8353,4960,1248,55812,306000000,1728000
1791138991.8854,4960,1248,55718,306000000,1728000
1791138991.9355,4960,1256,55781,306000000,1728000
1791138991.9856,4960,1256,55718,306000000,1728000
1791138992.0357,4960,1256,55718,306000000,1728000
1791138992.0858,4960,1264,55875,306000000,1728000
1791138992.1359,4960,1264,55718,306000000,1728000
1791138992.1859,4960,1256,55843,306000000,1728000
1791138992.2360,4960,1264,55656,306000000,1728000
1791138992.2861,4960,1264,55812,306000000,1728000
1791138992.3362,4960,1256,55750,306000000,1728000
1791138992.3863,4960,1264,55687,306000000,1728000
1791138992.4364,4960,1264,55656,306000000,1728000
1791138992.4865,4960,1280,55718,306000000,729600
1791138992.5366,4960,1272,55843,306000000,1728000
1791138992.5866,4960,1272,55625,306000000,729600
1791138992.6367,4960,1272,55937,306000000,729600
1791138992.6868,4960,1264,55687,306000000,729600
1791138992.7369,4960,1264,55843,306000000,883200
1791138992.7869,4960,1264,55718,306000000,1728000
1791138992.8370,4960,1264,55750,306000000,1728000
1791138992.8871,4960,1256,55687,306000000,1728000
1791138992.9371,4960,1256,55718,306000000,1728000
1791138992.9872,4960,1256,55906,306000000,1728000
1791138993.0373,4960,1272,55687,306000000,1728000
1791138993.0874,4960,1272,55875,306000000,1728000
1791138993.1375,4960,1272,55687,306000000,1728000
1791138993.1875,4960,1264,55718,306000000,1728000
1791138993.2376,4960,1264,55625,306000000,1728000
1791138993.2877,4960,1264,55781,306000000,1728000
1791138993.3378,4960,1264,55562,306000000,960000
1791138993.3879,4960,1256,55687,306000000,1728000
1791138993.4380,4960,1256,55937,306000000,1728000
1791138993.4881,4960,1256,55718,306000000,1728000
1791138993.5382,4960,1256,55843,306000000,1728000
1791138993.5883,4960,1264,55687,306000000,1728000
1791138993.6384,4960,1272,55812,306000000,1728000
1791138993.6884,4960,1272,55656,306000000,1728000
1791138993.7385,4960,1280,55718,306000000,1728000
1791138993.7886,4960,1280,55718,306000000,1728000
1791138993.8387,4960,1280,55718,306000000,1728000
1791138993.8888,4960,1272,55687,306000000,1728000
1791138993.9389,4960,1272,55718,306000000,1728000
1791138993.9890,4960,1272,55812,306000000,1728000
1791138994.0391,4960,1272,55687,306000000,1728000
1791138994.0891,4960,1264,55718,306000000,1728000
1791138994.1392,4960,1272,55687,306000000,1190400
1791138994.1893,4960,1272,55812,306000000,1728000
1791138994.2394,4960,1272,55687,306000000,1728000
1791138994.2895,4960,1272,55750,306000000,1728000
1791138994.3396,4960,1280,55625,306000000,1728000
1791138994.3897,4960,1272,55687,306000000,1728000
1791138994.4398,4960,1272,55843,306000000,1728000
1791138994.4898,4960,1272,55718,306000000,1728000
1791138994.5399,4960,1264,55843,306000000,1728000
1791138994.5900,4960,1264,55718,306000000,1728000
1791138994.6401,4960,1264,55843,306000000,1728000
1791138994.6902,4960,1272,55687,306000000,1728000
1791138994.7403,4960,1280,55718,306000000,1728000
1791138994.7904,4960,1272,55656,306000000,1728000
1791138994.8405,4960,1280,55750,306000000,1728000
1791138994.8906,4960,1272,55968,306000000,1728000
1791138994.9406,4960,1272,55687,306000000,1728000
1791138994.9907,4960,1264,55875,306000000,1728000
1791138995.0408,4960,1264,55687,306000000,1728000
1791138995.0909,4960,1256,55718,306000000,1728000
1791138995.1410,4960,1256,55718,306000000,1728000
1791138995.1910,4960,1248,55687,306000000,1728000
1791138995.2411,4960,1264,55687,306000000,1728000
1791138995.2912,4960,1280,55750,306000000,1728000
1791138995.3413,4960,1272,55937,306000000,1728000
1791138995.3914,4960,1272,55656,306000000,1728000
1791138995.4415,4960,1272,55718,306000000,1728000
1791138995.4916,4960,1264,55593,306000000,1728000
1791138995.5417,4960,1264,55812,306000000,1728000
1791138995.5917,4960,1264,55750,306000000,1728000
1791138995.6418,4960,1264,55781,306000000,1728000
1791138995.6919,4960,1272,55656,306000000,1728000
1791138995.7420,4960,1264,55687,306000000,1728000
1791138995.7921,4960,1264,55843,306000000,1728000
1791138995.8422,4960,1272,55687,306000000,1728000
1791138995.8923,4960,1272,55781,306000000,1728000
1791138995.9423,4960,1264,55625,306000000,729600
1791138995.9924,4960,1272,55718,306000000,729600
1791138996.0425,4960,1272,55625,306000000,883200
1791138996.0925,4960,1264,55718,306000000,883200
1791138996.1426,4960,1264,55687,306000000,1728000
1791138996.1927,4960,1256,55687,306000000,1728000
1791138996.2428,4960,1256,55656,306000000,1728000
1791138996.2928,4960,1248,55625,306000000,1728000
1791138996.3429,4960,1248,55843,306000000,1190400
1791138996.3930,4960,1264,55562,306000000,1728000
1791138996.4431,4960,1264,55750,306000000,1728000
1791138996.4932,4960,1264,55625,306000000,1728000
1791138996.5433,4960,1264,55750,306000000,1728000
1791138996.5934,4960,1256,55625,306000000,1728000
1791138996.6434,4960,1256,55656,306000000,1728000
1791138996.6935,4960,1256,55718,306000000,1728000
1791138996.7436,4960,1256,55656,306000000,1728000
1791138996.7937,4960,1264,55812,306000000,1728000
1791138996.8438,4960,1256,55625,306000000,1728000
1791138996.8939,4960,1256,55812,306000000,1728000
1791138996.9440,4960,1264,55625,306000000,1728000
1791138996.9941,4960,1264,55687,306000000,1728000
1791138997.0442,4960,1264,55593,306000000,1728000
1791138997.0942,4960,1264,55781,306000000,1728000
1791138997.1443,4960,1264,55625,306000000,1728000
1791138997.1944,4960,1264,55718,306000000,1728000
1791138997.2445,4960,1256,55843,306000000,1728000
1791138997.2946,4960,1256,55687,306000000,1728000
1791138997.3446,4960,1256,55718,306000000,1728000
1791138997.3947,4960,1256,55656,306000000,1728000
1791138997.4448,4960,1248,55750,306000000,1728000
1791138997.4949,4960,1264,55656,306000000,1267200
1791138997.5450,4960,1264,55687,306000000,1728000
1791138997.5951,4960,1264,55656,306000000,1728000
1791138997.6452,4960,1264,55687,306000000,1728000
1791138997.6953,4960,1272,55906,306000000,1728000
1791138997.7454,4960,1272,55750,306000000,1728000
1791138997.7955,4960,1272,55750,306000000,1728000
1791138997.8455,4960,1272,55562,306000000,1728000
1791138997.8956,4960,1272,55718,306000000,1728000
1791138997.9457,4960,1264,55656,306000000,1728000
1791138997.9958,4960,1264,55718,306000000,1728000
1791138998.0459,4960,1272,55625,306000000,1728000
1791138998.0960,4960,1280,55750,306000000,1728000
1791138998.1461,4960,1280,55750,306000000,1728000
1791138998.1962,4960,1272,55687,306000000,1728000
1791138998.2463,4960,1272,55687,306000000,1728000
1791138998.2963,4960,1272,55656,306000000,1728000
1791138998.3464,4960,1264,55718,306000000,1728000
1791138998.3965,4960,1256,55656,306000000,1728000
1791138998.4466,4960,1256,55718,306000000,1728000
1791138998.4967,4960,1264,55656,306000000,1728000
1791138998.5468,4960,1264,55718,306000000,1728000
1791138998.5968,4960,1272,55625,306000000,1728000
1791138998.6470,4960,1280,55687,306000000,1728000
1791138998.6970,4960,1280,55718,306000000,1728000
1791138998.7471,4960,1272,55656,306000000,1728000
1791138998.7972,4960,1280,55625,306000000,1728000
1791138998.8473,4960,1272,55718,306000000,1728000
1791138998.8974,4960,1272,55750,306000000,1728000
1791138998.9475,4960,1272,55593,306000000,1728000
1791138998.9975,4960,1264,55718,306000000,1728000
1791138999.0476,4960,1264,55687,306000000,1728000
1791138999.0977,4960,1256,55656,306000000,1728000
1791138999.1478,4960,1264,55843,306000000,1728000
1791138999.1979,4960,1280,55656,306000000,1728000
1791138999.2480,4960,1272,55718,306000000,1728000
1791138999.2981,4960,1272,55656,306000000,960000
1791138999.3481,4960,1272,55718,306000000,1728000
1791138999.3982,4960,1272,55593,306000000,729600
1791138999.4483,4960,1264,55656,306000000,883200
1791138999.4984,4960,1264,55625,306000000,729600
1791138999.5484,4960,1256,55625,306000000,883200
1791138999.5985,4960,1256,55718,306000000,1728000
1791138999.6485,4960,1256,55687,306000000,1728000
1791138999.6986,4960,1256,55843,306000000,1190400
1791138999.7487,4960,1272,55656,306000000,1728000
1791138999.7988,4960,1264,55687,306000000,1728000
1791138999.8489,4960,1272,55593,306000000,1728000
1791138999.8990,4960,1272,55718,306000000,1728000
1791138999.9491,4960,1264,55625,306000000,1728000
1791138999.9992,4960,1264,55718,306000000,1728000
1791139000.0492,4960,1256,55812,306000000,1728000
1791139000.0993,4960,1256,55625,306000000,1728000
1791139000.1494,4960,1256,55718,306000000,1728000
1791139000.1995,4960,1248,55562,306000000,1728000
1791139000.2496,4960,1256,55687,306000000,1728000
1791139000.2997,4960,1256,55562,306000000,1728000
1791139000.3497,4960,1264,55625,306000000,1728000
1791139000.3998,4960,1264,55687,306000000,1728000
1791139000.4499,4960,1264,55687,306000000,1728000
1791139000.5000,4960,1256,55843,306000000,1728000
1791139000.5501,4960,1272,55687,306000000,1728000
1791139000.6002,4960,1288,55718,306000000,1728000
1791139000.6503,4960,1296,55656,306000000,1728000
1791139000.7003,4960,1296,55718,306000000,1728000
1791139000.7504,4960,1296,55625,306000000,1728000
1791139000.8005,4960,1296,55687,306000000,1728000
1791139000.8506,4960,1304,55656,306000000,1728000
1791139000.9007,4960,1296,55593,306000000,1728000
1791139000.9508,4960,1296,55593,306000000,1728000
1791139001.0009,4960,1296,55562,306000000,1728000
1791139001.0510,4960,1288,55750,306000000,1728000
1791139001.1010,4960,1280,55625,306000000,1728000
1791139001.1511,4960,1280,55687,306000000,1728000
1791139001.2012,4960,1280,55625,306000000,1728000
1791139001.2513,4960,1272,55593,306000000,1728000
1791139001.3014,4960,1272,55593,306000000,1728000
1791139001.3515,4960,1264,55593,306000000,1728000
1791139001.4015,4960,1272,55593,306000000,1728000
1791139001.4516,4960,1272,55687,306000000,1728000
1791139001.5017,4960,1272,55718,306000000,1728000
1791139001.5518,4960,1272,55593,306000000,1728000
1791139001.6019,4960,1272,55750,306000000,1728000
1791139001.6520,4960,1264,55625,306000000,1728000
1791139001.7021,4960,1264,55718,306000000,1728000
1791139001.7521,4960,1264,55593,306000000,1728000
1791139001.8022,4960,1256,55656,306000000,1728000
1791139001.8523,4960,1264,55625,306000000,1728000
1791139001.9024,4960,1264,55656,306000000,1728000
1791139001.9525,4960,1264,55718,306000000,1267200
1791139002.0026,4960,1272,55656,306000000,1728000
1791139002.0527,4960,1272,55750,306000000,1728000
1791139002.1027,4960,1272,55656,306000000,1728000
1791139002.1528,4960,1264,55687,306000000,1728000
1791139002.2029,4960,1264,55625,306000000,1728000
1791139002.2530,4960,1264,55625,306000000,1728000
1791139002.3031,4960,1264,55625,306000000,1728000
1791139002.3531,4960,1264,55625,306000000,1728000
1791139002.4032,4960,1264,55750,306000000,1728000
1791139002.4533,4960,1264,55687,306000000,1728000
1791139002.5034,4960,1264,55750,306000000,1728000
1791139002.5535,4960,1272,55562,306000000,960000
1791139002.6036,4960,1272,55687,306000000,1728000
1791139002.6537,4960,1272,55625,306000000,1728000
1791139002.7038,4960,1280,55687,306000000,1728000
1791139002.7538,4960,1264,55625,306000000,960000
1791139002.8039,4960,1264,55625,306000000,1728000
1791139002.8540,4960,1264,55843,306000000,883200
1791139002.9041,4960,1264,55656,306000000,883200
1791139002.9542,4960,1264,55687,306000000,806400
1791139003.0042,4960,1256,55625,306000000,1728000
1791139003.0543,4960,1256,55750,306000000,1728000
1791139003.1044,4960,1272,55562,306000000,1728000
1791139003.1545,4960,1264,55625,306000000,1728000
1791139003.2046,4960,1264,55562,306000000,1728000
1791139003.2546,4960,1264,55625,306000000,1728000
1791139003.3047,4960,1264,55656,306000000,1728000
1791139003.3548,4960,1264,55625,306000000,1728000
1791139003.4049,4960,1256,55656,306000000,1728000
1791139003.4550,4960,1256,55656,306000000,1728000
1791139003.5050,4960,1256,55687,306000000,1728000
1791139003.5551,4960,1256,55687,306000000,1728000
1791139003.6052,4960,1256,55625,306000000,1728000
1791139003.6553,4960,1264,55625,306000000,1344000
1791139003.7054,4960,1264,55656,306000000,1728000
1791139003.7555,4960,1264,55593,306000000,1728000
1791139003.8056,4960,1264,55625,306000000,1728000
1791139003.8556,4960,1256,55656,306000000,1728000
1791139003.9057,4960,1264,55625,306000000,1728000
1791139003.9558,4960,1264,55718,306000000,1728000
1791139004.0059,4960,1248,55625,306000000,1728000
1791139004.0560,4960,1256,55687,306000000,1728000
1791139004.1061,4960,1256,55593,306000000,1728000
1791139004.1561,4960,1248,55593,306000000,1728000
1791139004.2062,4960,1272,55687,306000000,1190400
1791139004.2563,4960,1272,55656,306000000,1728000
1791139004.3064,4960,1272,55750,306000000,1728000
1791139004.3565,4960,1272,55625,306000000,1728000
1791139004.4066,4960,1272,55718,306000000,1728000
1791139004.4567,4960,1272,55593,306000000,1728000
1791139004.5068,4960,1264,55656,306000000,1728000
1791139004.5569,4960,1264,55625,306000000,1728000
1791139004.6069,4960,1264,55656,306000000,1728000
1791139004.6570,4960,1264,55531,306000000,1728000
1791139004.7071,4960,1264,55625,306000000,1728000
1791139004.7572,4960,1264,55687,306000000,1728000
1791139004.8073,4960,1272,55625,306000000,1728000
1791139004.8574,4960,1264,55750,306000000,1728000
1791139004.9075,4960,1264,55593,306000000,1728000
1791139004.9576,4960,1264,55687,306000000,1728000
1791139005.0077,4960,1264,55593,306000000,1728000
1791139005.0577,4960,1264,55656,306000000,1728000
1791139005.1078,4960,1256,55531,306000000,1728000
1791139005.1579,4960,1256,55593,306000000,1728000
1791139005.2080,4960,1256,55750,306000000,1728000
1791139005.2581,4960,1256,55593,306000000,1728000
1791139005.3082,4960,1256,55687,306000000,1728000
1791139005.3583,4960,1264,55593,306000000,1728000
1791139005.4083,4960,1264,55593,306000000,1728000
1791139005.4584,4960,1264,55593,306000000,1728000
1791139005.5085,4960,1264,55656,306000000,1728000
1791139005.5586,4960,1264,55562,306000000,1728000
1791139005.6088,4960,1264,55625,306000000,1728000
1791139005.6589,4960,1264,55687,306000000,1728000
1791139005.7090,4960,1264,55593,306000000,1728000
1791139005.7591,4960,1264,55593,306000000,1728000
1791139005.8092,4960,1256,55625,306000000,1728000
1791139005.8592,4960,1264,55687,306000000,1190400
1791139005.9093,4960,1280,55593,306000000,883200
1791139005.9594,4960,1280,55625,306000000,883200
1791139006.0095,4960,1272,55562,306000000,729600
1791139006.0596,4960,1272,55593,306000000,883200
1791139006.1096,4960,1264,55531,306000000,883200
1791139006.1597,4960,1264,55531,306000000,1728000
1791139006.2098,4960,1256,55718,306000000,1728000
1791139006.2599,4960,1256,55562,306000000,1728000
1791139006.3099,4960,1248,55687,306000000,1728000
1791139006.3600,4960,1248,55562,306000000,1728000
1791139006.4101,4960,1248,55656,306000000,1113600
1791139006.4602,4960,1272,55562,306000000,1728000
1791139006.5103,4960,1280,55625,306000000,1728000
1791139006.5604,4960,1272,55593,306000000,883200
1791139006.6105,4960,1264,55656,306000000,1728000
1791139006.6606,4960,1264,55750,306000000,1728000
1791139006.7107,4960,1256,55625,306000000,1728000
1791139006.7608,4960,1248,55718,306000000,1728000
1791139006.8109,4960,1248,55593,306000000,1728000
1791139006.8610,4960,1248,55625,306000000,1728000
1791139006.9110,4960,1248,55562,306000000,1728000
1791139006.9611,4960,1256,55656,306000000,1728000
1791139007.0112,4960,1272,55656,306000000,1344000
1791139007.0613,4960,1280,55593,306000000,1036800
1791139007.1114,4960,1272,55687,306000000,1728000
1791139007.1615,4960,1280,55625,306000000,1113600
1791139007.2116,4960,1280,55687,306000000,1728000
1791139007.2617,4960,1280,55687,306000000,1728000
1791139007.3118,4960,1280,55687,306000000,1728000
1791139007.3618,4960,1280,55593,306000000,1036800
1791139007.4119,4960,1280,55656,306000000,1728000
1791139007.4620,4960,1280,55656,306000000,1728000
1791139007.5121,4960,1280,55687,306000000,1728000
1791139007.5622,4960,1296,55687,306000000,1574400
1791139007.6123,4960,1296,55656,306000000,1728000
1791139007.6624,4960,1296,55718,306000000,1728000
1791139007.7126,4960,1288,55593,306000000,1113600
1791139007.7627,4960,1296,55687,306000000,1190400
1791139007.8128,4960,1296,55625,306000000,1113600
1791139007.8629,4960,1296,55625,306000000,960000
1791139007.9130,4960,1288,55593,306000000,1728000
1791139007.9631,4960,1280,55656,306000000,1728000
1791139008.0132,4960,1280,55593,306000000,1036800
1791139008.0633,4960,1272,55562,306000000,1728000
1791139008.1134,4960,1288,55687,306000000,1728000
1791139008.1635,4960,1296,55562,306000000,1728000
1791139008.2136,4960,1288,55750,306000000,1728000
1791139008.2636,4960,1288,55531,306000000,1728000
1791139008.3137,4960,1280,55687,306000000,1728000
1791139008.3638,4960,1280,55562,306000000,1728000
1791139008.4139,4960,1272,55625,306000000,729600
1791139008.4639,4960,1264,55531,306000000,729600
1791139008.5140,4960,1264,55625,306000000,1728000
1791139008.5641,4960,1264,55718,306000000,883200
1791139008.6142,4960,1264,55593,306000000,1728000
1791139008.6643,4960,1280,55625,306000000,1728000
1791139008.7144,4960,1288,55593,306000000,1728000
1791139008.7645,4960,1296,55593,306000000,1728000
1791139008.8146,4960,1296,55593,306000000,1036800
1791139008.8647,4960,1288,55593,306000000,1728000
1791139008.9148,4960,1296,55656,306000000,1420800
1791139008.9649,4960,1296,55562,306000000,1728000
1791139009.0150,4960,1288,55718,306000000,1113600
1791139009.0651,4960,1288,55625,306000000,1036800
1791139009.1152,4960,1280,55625,306000000,1113600
1791139009.1653,4960,1280,55656,306000000,1728000
1791139009.2154,4960,1280,55656,306000000,1267200
1791139009.2655,4960,1296,55562,306000000,1728000
1791139009.3156,4960,1296,55656,306000000,1728000
1791139009.3657,4960,1296,55562,306000000,1728000
1791139009.4157,4960,1288,55593,306000000,1728000
1791139009.4658,4960,1288,55718,306000000,1728000
1791139009.5159,4960,1288,55562,306000000,1728000
1791139009.5660,4960,1280,55718,306000000,1728000
1791139009.6161,4960,1280,55625,306000000,1728000
1791139009.6661,4960,1272,55593,306000000,729600
1791139009.7162,4960,1264,55593,306000000,1728000
1791139009.7663,4960,1272,55625,306000000,1267200
1791139009.8164,4960,1280,55718,306000000,1728000
1791139009.8665,4960,1272,55625,306000000,1728000
1791139009.9166,4960,1264,55718,306000000,1728000
1791139009.9666,4960,1264,55687,306000000,729600
1791139010.0167,4960,1264,55750,306000000,1728000
1791139010.0668,4960,1264,55562,306000000,1728000
1791139010.1169,4960,1264,55656,306000000,1728000
1791139010.1670,4960,1256,55593,306000000,1728000
1791139010.2171,4960,1248,55562,306000000,729600
1791139010.2671,4960,1248,55593,306000000,1728000
1791139010.3172,4960,1248,55593,306000000,1728000
1791139010.3673,4960,1256,55656,306000000,1728000
1791139010.4174,4960,1256,55625,306000000,806400
1791139010.4675,4960,1248,55750,306000000,1728000
1791139010.5175,4960,1248,55625,306000000,729600
1791139010.5676,4960,1256,55656,306000000,1728000
1791139010.6177,4960,1248,55531,306000000,1728000
1791139010.6678,4960,1248,55625,306000000,1728000
1791139010.7179,4960,1248,55593,306000000,1728000
1791139010.7679,4960,1240,55531,306000000,729600
1791139010.8180,4960,1240,55687,306000000,1728000
1791139010.8681,4960,1248,55531,306000000,1728000
1791139010.9182,4960,1256,55687,306000000,1728000
1791139010.9683,4960,1256,55593,306000000,1728000
1791139011.0184,4960,1256,55625,306000000,1728000
1791139011.0685,4960,1264,55562,306000000,1728000
1791139011.1186,4960,1248,55625,306000000,1728000
1791139011.1686,4960,1248,55531,306000000,729600
1791139011.2187,4960,1248,55656,306000000,1728000
1791139011.2688,4960,1248,55687,306000000,1728000
1791139011.3189,4960,1248,55593,306000000,1728000
1791139011.3690,4960,1248,55687,306000000,1728000
1791139011.4191,4960,1240,55625,306000000,1728000
1791139011.4692,4960,1248,55687,306000000,1728000
1791139011.5193,4960,1256,55562,306000000,806400
1791139011.5694,4960,1264,55625,306000000,1728000
1791139011.6195,4960,1264,55656,306000000,883200
1791139011.6695,4960,1256,55593,306000000,1728000
1791139011.7197,4960,1256,55531,306000000,883200
1791139011.7698,4960,1256,55625,306000000,1728000
1791139011.8198,4960,1256,55718,306000000,1728000
1791139011.8700,4960,1256,55656,306000000,1036800
1791139011.9200,4960,1256,55718,306000000,1728000
1791139011.9701,4960,1264,55562,306000000,1728000
1791139012.0202,4960,1272,55625,306000000,1728000
1791139012.0703,4960,1280,55593,306000000,1036800
1791139012.1204,4960,1280,55625,306000000,1113600
1791139012.1705,4960,1280,55593,306000000,1036800
1791139012.2206,4960,1280,55656,306000000,1728000
1791139012.2707,4960,1280,55656,306000000,883200
1791139012.3208,4960,1280,55562,306000000,1113600
1791139012.3709,4960,1264,55718,306000000,806400
1791139012.4209,4960,1264,55656,306000000,1728000
1791139012.4710,4960,1264,55625,306000000,806400
1791139012.5211,4960,1256,55625,306000000,1728000
1791139012.5712,4960,1264,55687,306000000,1728000
1791139012.6213,4960,1264,55593,306000000,1728000
1791139012.6714,4960,1272,55687,306000000,1728000
1791139012.7215,4960,1264,55750,306000000,1728000
1791139012.7715,4960,1256,55625,306000000,729600
1791139012.8216,4960,1256,55687,306000000,806400
1791139012.8717,4960,1256,55625,306000000,1728000
1791139012.9218,4960,1256,55625,306000000,729600
1791139012.9719,4960,1256,55562,306000000,1728000
1791139013.0219,4960,1248,55656,306000000,1728000
1791139013.0720,4960,1240,55687,306000000,1728000
1791139013.1221,4960,1248,55625,306000000,1344000
1791139013.1722,4960,1256,55625,306000000,1728000
1791139013.2223,4960,1256,55656,306000000,1728000
1791139013.2724,4960,1256,55781,306000000,1728000
1791139013.3225,4960,1248,55593,306000000,1728000
1791139013.3725,4960,1248,55593,306000000,1728000
1791139013.4226,4960,1248,55593,306000000,1728000
1791139013.4727,4960,1248,55625,306000000,1728000
1791139013.5228,4960,1240,55562,306000000,1728000
1791139013.5729,4960,1240,55625,306000000,1728000
1791139013.6230,4960,1240,55656,306000000,1728000
1791139013.6730,4960,1240,55531,306000000,1113600
1791139013.7232,4960,1256,55687,306000000,1728000
1791139013.7732,4960,1256,55625,306000000,1728000
1791139013.8233,4960,1240,55718,306000000,1728000
1791139013.8734,4960,1248,55562,306000000,1728000
1791139013.9235,4960,1240,55625,306000000,1728000
1791139013.9736,4960,1248,55625,306000000,1728000
1791139014.0237,4960,1248,55562,306000000,1728000
1791139014.0738,4960,1240,55718,306000000,1728000
1791139014.1238,4960,1248,55625,306000000,1728000
1791139014.1739,4960,1248,55656,306000000,1728000
1791139014.2240,4960,1248,55625,306000000,1113600
1791139014.2741,4960,1256,55718,306000000,1728000
1791139014.3242,4960,1256,55562,306000000,1728000
1791139014.3743,4960,1248,55593,306000000,1728000
1791139014.4244,4960,1248,55593,306000000,1728000
1791139014.4745,4960,1248,55625,306000000,1728000
1791139014.5246,4960,1248,55531,306000000,1728000
1791139014.5746,4960,1248,55562,306000000,1728000
1791139014.6247,4960,1248,55687,306000000,1728000
1791139014.6748,4960,1240,55593,306000000,1728000
1791139014.7249,4960,1240,55593,306000000,1728000
1791139014.7750,4960,1240,55593,306000000,1728000
1791139014.8251,4960,1248,55625,306000000,1728000
1791139014.8751,4960,1256,55562,306000000,1728000
1791139014.9252,4960,1264,55593,306000000,1728000
1791139014.9753,4960,1264,55625,306000000,1728000
1791139015.0254,4960,1256,55625,306000000,1728000
1791139015.0755,4960,1264,55687,306000000,1728000
1791139015.1255,4960,1256,55718,306000000,1728000
1791139015.1756,4960,1256,55656,306000000,1728000
1791139015.2257,4960,1256,55531,306000000,1728000
1791139015.2758,4960,1256,55625,306000000,1728000
1791139015.3259,4960,1256,55531,306000000,1728000
1791139015.3760,4960,1264,55625,306000000,1728000
1791139015.4261,4960,1272,55562,306000000,729600
1791139015.4761,4960,1272,55593,306000000,729600
1791139015.5262,4960,1264,55718,306000000,729600
1791139015.5763,4960,1256,55656,306000000,729600
1791139015.6263,4960,1256,55718,306000000,1728000
1791139015.6764,4960,1256,55625,306000000,1728000
1791139015.7265,4960,1256,55625,306000000,1728000
1791139015.7766,4960,1240,55562,306000000,1728000
1791139015.8267,4960,1248,55656,306000000,1728000
1791139015.8767,4960,1248,55562,306000000,1728000
1791139015.9268,4960,1248,55593,306000000,1344000
1791139015.9769,4960,1264,55687,306000000,1728000
1791139016.0271,4960,1264,55562,306000000,1728000
1791139016.0771,4960,1264,55750,306000000,1728000
1791139016.1272,4960,1264,55531,306000000,1728000
1791139016.1773,4960,1264,55687,306000000,1728000
1791139016.2274,4960,1264,55531,306000000,1728000
1791139016.2775,4960,1264,55687,306000000,1728000
1791139016.3276,4960,1256,55562,306000000,1728000
1791139016.3776,4960,1256,55656,306000000,1728000
1791139016.4277,4960,1256,55687,306000000,1728000
1791139016.4778,4960,1256,55656,306000000,1728000
1791139016.5279,4960,1272,55687,306000000,1728000
1791139016.5780,4960,1272,55625,306000000,1728000
1791139016.6281,4960,1272,55625,306000000,1728000
1791139016.6782,4960,1264,55562,306000000,1728000
1791139016.7283,4960,1264,55625,306000000,1728000
1791139016.7783,4960,1264,55593,306000000,1728000
1791139016.8284,4960,1264,55593,306000000,1728000
1791139016.8785,4960,1256,55625,306000000,1728000
1791139016.9286,4960,1256,55593,306000000,1728000
1791139016.9787,4960,1264,55687,306000000,1728000
1791139017.0288,4960,1264,55593,306000000,1728000
1791139017.0789,4960,1280,55718,306000000,1420800
1791139017.1289,4960,1272,55562,306000000,1728000
1791139017.1790,4960,1272,55625,306000000,1728000
1791139017.2291,4960,1280,55500,306000000,1728000
1791139017.2792,4960,1272,55625,306000000,1728000
1791139017.3293,4960,1272,55718,306000000,1728000
1791139017.3793,4960,1264,55593,306000000,1728000
1791139017.4294,4960,1264,55687,306000000,1728000
1791139017.4795,4960,1272,55531,306000000,1728000
1791139017.5296,4960,1272,55656,306000000,1728000
1791139017.5797,4960,1272,55531,306000000,1728000
1791139017.6298,4960,1280,55562,306000000,1728000
1791139017.6799,4960,1288,55531,306000000,1728000
1791139017.7300,4960,1280,55562,306000000,1728000
1791139017.7800,4960,1280,55531,306000000,1728000
1791139017.8301,4960,1272,55625,306000000,1728000
1791139017.8802,4960,1264,55687,306000000,1728000
1791139017.9303,4960,1264,55593,306000000,1728000
1791139017.9804,4960,1264,55687,306000000,1728000
1791139018.0305,4960,1264,55593,306000000,1728000
1791139018.0806,4960,1264,55593,306000000,1728000
1791139018.1306,4960,1264,55593,306000000,1728000
1791139018.1807,4960,1272,55656,306000000,1728000
1791139018.2308,4960,1280,55562,306000000,806400
1791139018.2809,4960,1280,55656,306000000,806400
1791139018.3311,4960,1312,55750,306000000,1651200
1791139018.3812,4960,1352,56062,306000000,1728000
1791139018.4313,4952,1392,55968,306000000,1728000
1791139018.4814,4952,1408,55593,306000000,1728000
1791139018.5315,4952,1400,55718,306000000,1728000
1791139018.5816,4952,1392,55593,306000000,1728000
1791139018.6317,4952,1384,55562,306000000,1728000
1791139018.6817,4960,1368,55562,306000000,1728000
1791139018.7318,4952,1392,55656,306000000,1497600
1791139018.7819,4952,1400,55750,306000000,1113600
1791139018.8320,4952,1400,55562,306000000,1728000
1791139018.8821,4952,1408,55750,306000000,1728000
1791139018.9322,4952,1432,55562,306000000,1728000
1791139018.9823,4952,1448,55687,306000000,1728000
1791139019.0324,4952,1424,55562,306000000,960000
1791139019.0825,4952,1408,55625,306000000,1728000
1791139019.1326,4952,1392,55593,306000000,1728000
1791139019.1827,4952,1376,55625,306000000,1728000
1791139019.2328,4960,1360,55812,306000000,1728000
1791139019.2829,4960,1352,55656,306000000,1267200
1791139019.3330,4960,1360,55781,306000000,1728000
1791139019.3831,4960,1344,55593,306000000,1728000
1791139019.4332,4960,1328,55687,306000000,1728000
1791139019.4833,4960,1320,55562,306000000,1728000
1791139019.5334,4960,1312,55593,306000000,1728000
1791139019.5835,4960,1304,55562,306000000,1728000
1791139019.6336,4960,1304,55562,306000000,1728000
1791139019.6837,4960,1304,55562,306000000,1728000
1791139019.7338,4960,1288,55593,306000000,1728000
1791139019.7839,4960,1288,55687,306000000,1728000
1791139019.8340,4960,1288,55593,306000000,1728000
1791139019.8841,4960,1296,55625,306000000,1728000
1791139019.9341,4960,1296,55593,306000000,1728000
1791139019.9842,4960,1288,55593,306000000,1728000
1791139020.0343,4960,1304,55531,306000000,1728000
1791139020.0844,4960,1312,55625,306000000,1728000
1791139020.1345,4960,1320,55562,306000000,1728000
1791139020.1845,4960,1320,55593,306000000,1728000
1791139020.2346,4960,1328,55750,306000000,1728000
1791139020.2847,4960,1320,55562,306000000,1728000
1791139020.3348,4960,1312,55718,306000000,1728000
1791139020.3849,4960,1312,55593,306000000,1728000
1791139020.4350,4960,1320,55656,306000000,1728000
1791139020.4851,4960,1312,55593,306000000,1728000
1791139020.5352,4960,1304,55625,306000000,1728000
1791139020.5853,4960,1312,55531,306000000,1728000
1791139020.6353,4960,1304,55656,306000000,1728000
1791139020.6854,4960,1296,55750,306000000,1728000
1791139020.7355,4960,1296,55625,306000000,1728000
1791139020.7856,4960,1288,55812,306000000,1728000
1791139020.8357,4960,1288,55593,306000000,1728000
1791139020.8857,4960,1280,55687,306000000,1728000
1791139020.9358,4960,1280,55593,306000000,1728000
1791139020.9859,4960,1288,55625,306000000,1728000
1791139021.0360,4960,1288,55593,306000000,1728000
1791139021.0861,4960,1296,55625,306000000,1728000
1791139021.1362,4960,1288,55718,306000000,1728000
1791139021.1863,4960,1280,55562,306000000,1728000
1791139021.2364,4960,1280,55656,306000000,1728000
1791139021.2864,4960,1264,55500,306000000,1728000
1791139021.3365,4960,1264,55625,306000000,1728000
1791139021.3866,4960,1264,55531,306000000,1728000
1791139021.4367,4960,1256,55625,306000000,1728000
1791139021.4868,4960,1256,55593,306000000,1728000
1791139021.5369,4960,1264,55625,306000000,1728000
1791139021.5870,4960,1272,55656,306000000,1728000
1791139021.6370,4960,1272,55531,306000000,1728000
1791139021.6871,4960,1264,55687,306000000,1728000
1791139021.7372,4960,1264,55593,306000000,1728000
1791139021.7873,4960,1264,55687,306000000,960000
1791139021.8374,4960,1264,55531,306000000,1728000
1791139021.8874,4960,1256,55625,306000000,960000
1791139021.9375,4960,1256,55531,306000000,883200
1791139021.9876,4960,1256,55593,306000000,883200
1791139022.0377,4960,1248,55750,306000000,883200
1791139022.0877,4960,1256,55593,306000000,1728000
1791139022.1378,4960,1264,55656,306000000,1728000
1791139022.1879,4960,1256,55625,306000000,1728000
1791139022.2380,4960,1264,55656,306000000,1728000
1791139022.2881,4960,1264,55531,306000000,1728000
1791139022.3382,4960,1264,55562,306000000,1728000
1791139022.3883,4960,1264,55593,306000000,1728000
1791139022.4383,4960,1256,55687,306000000,1728000
1791139022.4884,4960,1256,55750,306000000,1728000
1791139022.5385,4960,1248,55625,306000000,1728000
1791139022.5886,4960,1248,55687,306000000,1728000
1791139022.6387,4960,1248,55593,306000000,1728000
1791139022.6888,4960,1264,55750,306000000,1728000
1791139022.7389,4960,1272,55531,306000000,1728000
1791139022.7890,4960,1264,55625,306000000,1728000
1791139022.8391,4960,1264,55500,306000000,1728000
1791139022.8891,4960,1264,55625,306000000,1728000
1791139022.9392,4960,1256,55656,306000000,1728000
1791139022.9893,4960,1256,55562,306000000,1728000
1791139023.0394,4960,1256,55687,306000000,1728000
1791139023.0895,4960,1256,55531,306000000,1728000
1791139023.1395,4960,1256,55656,306000000,1728000
1791139023.1896,4960,1256,55531,306000000,1113600
1791139023.2397,4960,1264,55593,306000000,1728000
1791139023.2898,4960,1264,55593,306000000,1728000
1791139023.3399,4960,1264,55562,306000000,960000
1791139023.3900,4960,1264,55562,306000000,1728000
1791139023.4401,4960,1264,55562,306000000,1728000
1791139023.4902,4960,1264,55687,306000000,1728000
1791139023.5402,4960,1264,55562,306000000,1728000
1791139023.5903,4960,1264,55750,306000000,1728000
1791139023.6404,4960,1256,55562,306000000,1728000
1791139023.6905,4960,1248,55625,306000000,1728000
1791139023.7406,4960,1248,55625,306000000,1728000
1791139023.7907,4960,1264,55656,306000000,1344000
1791139023.8408,4960,1264,55593,306000000,1728000
1791139023.8909,4960,1264,55593,306000000,1728000
1791139023.9409,4960,1264,55718,306000000,1728000
1791139023.9911,4960,1264,55625,306000000,1728000
1791139024.0411,4960,1256,55593,306000000,1728000
1791139024.0912,4960,1256,55656,306000000,1728000
1791139024.1413,4960,1256,55593,306000000,1728000
1791139024.1914,4960,1256,55562,306000000,1728000
1791139024.2415,4960,1256,55625,306000000,1728000
1791139024.2916,4960,1256,55531,306000000,1728000
1791139024.3417,4960,1272,55625,306000000,1190400
1791139024.3917,4960,1272,55687,306000000,1728000
1791139024.4418,4960,1264,55593,306000000,1728000
1791139024.4919,4960,1264,55687,306000000,1728000
1791139024.5420,4960,1264,55562,306000000,1728000
1791139024.5921,4960,1264,55625,306000000,1728000
1791139024.6422,4960,1264,55562,306000000,1728000
1791139024.6922,4960,1264,55656,306000000,1728000
1791139024.7423,4960,1264,55562,306000000,1728000
1791139024.7924,4960,1264,55593,306000000,1728000
1791139024.8425,4960,1256,55531,306000000,1728000
1791139024.8926,4960,1264,55562,306000000,1728000
1791139024.9427,4960,1272,55625,306000000,1728000
1791139024.9928,4960,1272,55593,306000000,1728000
1791139025.0428,4960,1264,55562,306000000,1728000
1791139025.0929,4960,1264,55562,306000000,1728000
1791139025.1430,4960,1256,55687,306000000,1728000
1791139025.1931,4960,1256,55562,306000000,1728000
1791139025.2432,4960,1256,55593,306000000,883200
1791139025.2933,4960,1256,55718,306000000,1728000
1791139025.3433,4960,1256,55625,306000000,883200
1791139025.3934,4960,1256,55718,306000000,960000
1791139025.4435,4960,1256,55531,306000000,1344000
1791139025.4936,4960,1264,55687,306000000,883200
1791139025.5437,4960,1264,55593,306000000,1728000
1791139025.5938,4960,1256,55656,306000000,1728000
1791139025.6438,4960,1256,55562,306000000,1728000
1791139025.6939,4960,1256,55593,306000000,1728000
1791139025.7440,4960,1248,55625,306000000,1728000
1791139025.7941,4960,1248,55562,306000000,1728000
1791139025.8442,4960,1248,55687,306000000,1728000
1791139025.8942,4960,1248,55531,306000000,1728000
1791139025.9443,4960,1240,55687,306000000,1728000
1791139025.9944,4960,1248,55531,306000000,1728000
1791139026.0445,4960,1264,55593,306000000,1728000
1791139026.0946,4960,1264,55531,306000000,1728000
1791139026.1447,4960,1248,55531,306000000,1728000
1791139026.1948,4960,1256,55656,306000000,1728000
1791139026.2448,4960,1256,55531,306000000,1728000
1791139026.2949,4960,1256,55656,306000000,1728000
1791139026.3450,4960,1256,55625,306000000,1728000
1791139026.3951,4960,1256,55656,306000000,1728000
1791139026.4452,4960,1256,55500,306000000,1728000
1791139026.4952,4960,1256,55562,306000000,1728000
1791139026.5453,4960,1256,55468,306000000,1113600
1791139026.5954,4960,1272,55531,306000000,1420800
1791139026.6455,4960,1272,55562,306000000,1728000
1791139026.6956,4960,1272,55593,306000000,1728000
1791139026.7457,4960,1272,55625,306000000,1728000
1791139026.7958,4960,1272,55531,306000000,1728000
1791139026.8459,4960,1264,55718,306000000,1728000
1791139026.8960,4960,1264,55562,306000000,1728000
1791139026.9460,4960,1264,55562,306000000,1728000
1791139026.9961,4960,1264,55562,306000000,1728000
1791139027.0462,4960,1256,55531,306000000,1728000
1791139027.0963,4960,1256,55468,306000000,1728000
1791139027.1464,4960,1264,55562,306000000,1728000
1791139027.1965,4960,1264,55593,306000000,1728000
1791139027.2465,4960,1272,55531,306000000,1728000
1791139027.2966,4960,1264,55687,306000000,1728000
1791139027.3467,4960,1264,55593,306000000,1728000
1791139027.3968,4960,1264,55593,306000000,1728000
1791139027.4469,4960,1272,55531,306000000,1728000
1791139027.4970,4960,1272,55625,306000000,1728000
1791139027.5471,4960,1264,55531,306000000,1728000
1791139027.5972,4960,1264,55562,306000000,1728000
1791139027.6472,4960,1264,55656,306000000,1728000
1791139027.6973,4960,1272,55531,306000000,1190400
1791139027.7474,4960,1272,55656,306000000,1728000
1791139027.7975,4960,1272,55562,306000000,1728000
1791139027.8476,4960,1272,55562,306000000,1728000
1791139027.8977,4960,1280,55531,306000000,1728000
1791139027.9477,4960,1272,55531,306000000,1728000
1791139027.9978,4960,1272,55531,306000000,1728000
1791139028.0479,4960,1264,55593,306000000,1728000
1791139028.0980,4960,1264,55687,306000000,1728000
1791139028.1481,4960,1264,55562,306000000,1728000
1791139028.1982,4960,1264,55593,306000000,1728000
1791139028.2483,4960,1272,55531,306000000,1728000
1791139028.2984,4960,1280,55656,306000000,1728000
1791139028.3485,4960,1280,55531,306000000,1728000
1791139028.3985,4960,1272,55531,306000000,1728000
1791139028.4486,4960,1272,55562,306000000,1728000
1791139028.4987,4960,1272,55562,306000000,1728000
1791139028.5488,4960,1272,55687,306000000,1728000
1791139028.5989,4960,1264,55531,306000000,1728000
1791139028.6490,4960,1264,55656,306000000,960000
1791139028.6991,4960,1264,55531,306000000,1728000
1791139028.7491,4960,1264,55687,306000000,1728000
1791139028.7992,4960,1264,55531,306000000,1190400
1791139028.8493,4960,1280,55625,306000000,883200
1791139028.8994,4960,1272,55562,306000000,883200
1791139028.9495,4960,1272,55531,306000000,1728000
1791139028.9996,4960,1264,55718,306000000,1728000
1791139029.0496,4960,1264,55593,306000000,1728000
1791139029.0997,4960,1264,55656,306000000,1728000
1791139029.1498,4960,1256,55562,306000000,1728000
1791139029.1999,4960,1264,55687,306000000,1728000
1791139029.2500,4960,1264,55531,306000000,1728000
1791139029.3001,4960,1264,55562,306000000,1728000
1791139029.3502,4960,1264,55531,306000000,1728000
1791139029.4003,4960,1280,55625,306000000,1190400
1791139029.4504,4960,1272,55468,306000000,1728000
1791139029.5005,4960,1272,55531,306000000,1728000
1791139029.5506,4960,1272,55718,306000000,1728000
1791139029.6007,4960,1264,55500,306000000,1728000
1791139029.6508,4960,1272,55718,306000000,1728000
1791139029.7009,4960,1264,55531,306000000,1728000
1791139029.7509,4960,1264,55593,306000000,1728000
1791139029.8010,4960,1264,55531,306000000,1728000
1791139029.8511,4960,1264,55625,306000000,1728000
1791139029.9011,4960,1256,55531,306000000,1113600
1791139029.9512,4960,1272,55531,306000000,1344000
1791139030.0013,4960,1272,55656,306000000,1728000
1791139030.0514,4960,1280,55593,306000000,1728000
1791139030.1015,4960,1272,55562,306000000,1728000
1791139030.1516,4960,1272,55531,306000000,1728000
1791139030.2017,4960,1280,55593,306000000,1728000
1791139030.2518,4960,1272,55562,306000000,1728000
1791139030.3019,4960,1288,55562,306000000,1420800
1791139030.3520,4960,1336,55781,306000000,1728000
1791139030.4021,4960,1360,55593,306000000,1728000
1791139030.4522,4960,1368,55718,306000000,1728000
1791139030.5023,4960,1368,55562,306000000,1728000
1791139030.5524,4960,1368,55687,306000000,1728000
1791139030.6025,4960,1352,55531,306000000,1728000
1791139030.6526,4960,1336,55625,306000000,1728000
1791139030.7027,4960,1328,55531,306000000,1728000
1791139030.7528,4960,1320,55531,306000000,1728000
1791139030.8029,4960,1312,55562,306000000,1728000
1791139030.8530,4960,1304,55593,306000000,1728000
1791139030.9031,4960,1304,55531,306000000,1728000
1791139030.9532,4960,1304,55593,306000000,1728000
1791139031.0033,4960,1296,55687,306000000,1728000
1791139031.0534,4960,1304,55531,306000000,1190400
1791139031.1035,4960,1312,55593,306000000,1728000
1791139031.1536,4960,1296,55500,306000000,1728000
1791139031.2037,4960,1296,55656,306000000,1728000
1791139031.2538,4960,1296,55468,306000000,1728000
1791139031.3040,4960,1296,55593,306000000,1728000
1791139031.3541,4960,1288,55468,306000000,1728000
1791139031.4042,4960,1280,55531,306000000,1728000
1791139031.4543,4960,1280,55687,306000000,1728000
1791139031.5044,4960,1280,55593,306000000,1728000
1791139031.5544,4960,1264,55718,306000000,960000
1791139031.6045,4960,1264,55531,306000000,1728000
1791139031.6546,4960,1280,55531,306000000,960000
1791139031.7047,4960,1288,55531,306000000,960000
1791139031.7548,4960,1296,55656,306000000,1728000
1791139031.8050,4960,1304,55531,306000000,1728000
1791139031.8551,4960,1304,55593,306000000,1728000
1791139031.9052,4960,1312,55656,306000000,1728000
1791139031.9553,4960,1304,55531,306000000,1728000
1791139032.0054,4960,1304,55687,306000000,1728000
1791139032.0555,4960,1304,55531,306000000,1728000
1791139032.1055,4960,1296,55656,306000000,1728000
1791139032.1556,4960,1296,55593,306000000,1728000
1791139032.2057,4960,1304,55593,306000000,1728000
1791139032.2558,4960,1296,55562,306000000,1728000
1791139032.3059,4960,1288,55531,306000000,1728000
1791139032.3560,4960,1280,55750,306000000,1728000
1791139032.4061,4960,1272,55593,306000000,1728000
1791139032.4561,4960,1272,55625,306000000,1728000
1791139032.5062,4960,1272,55531,306000000,1728000
1791139032.5563,4960,1272,55718,306000000,1728000
1791139032.6064,4960,1272,55437,306000000,1728000
1791139032.6565,4960,1272,55531,306000000,1728000
1791139032.7066,4960,1272,55531,306000000,1267200
1791139032.7567,4960,1280,55562,306000000,1728000
1791139032.8068,4960,1288,55500,306000000,960000
1791139032.8569,4960,1288,55500,306000000,806400
1791139032.9070,4960,1280,55656,306000000,1728000
1791139032.9571,4960,1280,55531,306000000,1728000
1791139033.0072,4960,1280,55687,306000000,1036800
1791139033.0572,4960,1280,55531,306000000,883200
1791139033.1073,4960,1280,55625,306000000,1728000
1791139033.1574,4960,1272,55531,306000000,1728000
1791139033.2075,4960,1272,55593,306000000,1728000
1791139033.2576,4960,1272,55531,306000000,806400
1791139033.3077,4960,1280,55562,306000000,1267200
1791139033.3578,4960,1288,55593,306000000,1728000
1791139033.4079,4960,1288,55531,306000000,1728000
1791139033.4580,4960,1288,55718,306000000,1728000
1791139033.5081,4960,1280,55500,306000000,1728000
1791139033.5582,4960,1288,55531,306000000,1728000
1791139033.6083,4960,1280,55468,306000000,1728000
1791139033.6584,4960,1280,55531,306000000,1728000
1791139033.7085,4960,1272,55531,306000000,1728000
1791139033.7586,4960,1272,55531,306000000,883200
1791139033.8087,4960,1272,55687,306000000,729600
1791139033.8588,4960,1280,55531,306000000,1497600
1791139033.9089,4960,1296,55593,306000000,1728000
1791139033.9590,4960,1296,55531,306000000,1728000
1791139034.0091,4960,1288,55593,306000000,1728000
1791139034.0592,4960,1288,55500,306000000,1728000
1791139034.1092,4960,1288,55531,306000000,1728000
1791139034.1593,4960,1288,55531,306000000,1728000
1791139034.2094,4960,1288,55531,306000000,1728000
1791139034.2595,4960,1288,55656,306000000,806400
1791139034.3096,4960,1280,55531,306000000,1728000
1791139034.3596,4960,1280,55625,306000000,1728000
1791139034.4097,4960,1280,55468,306000000,1728000
1791139034.4598,4960,1296,55531,306000000,1728000
1791139034.5099,4960,1296,55531,306000000,1728000
1791139034.5600,4960,1288,55500,306000000,1728000
1791139034.6101,4960,1288,55437,306000000,1728000
1791139034.6602,4960,1288,55531,306000000,1728000
1791139034.7102,4960,1280,55687,306000000,960000
1791139034.7603,4960,1280,55562,306000000,729600
1791139034.8104,4960,1272,55562,306000000,1728000
1791139034.8605,4960,1264,55500,306000000,1728000
1791139034.9106,4960,1264,55593,306000000,1728000
1791139034.9606,4960,1264,55531,306000000,1728000
1791139035.0107,4960,1280,55500,306000000,1267200
1791139035.0608,4960,1280,55500,306000000,1728000
1791139035.1109,4960,1272,55531,306000000,1728000
1791139035.1610,4960,1272,55656,306000000,1728000
1791139035.2110,4960,1280,55531,306000000,806400
1791139035.2611,4960,1272,55593,306000000,1728000
1791139035.3112,4960,1272,55500,306000000,729600
1791139035.3613,4960,1272,55625,306000000,1728000
1791139035.4114,4960,1272,55562,306000000,1728000
1791139035.4615,4960,1272,55562,306000000,1728000
1791139035.5115,4960,1272,55500,306000000,1728000
1791139035.5616,4960,1288,55562,306000000,1728000
1791139035.6117,4960,1296,55656,306000000,1728000
1791139035.6618,4960,1288,55531,306000000,1728000
1791139035.7119,4960,1288,55531,306000000,1728000
1791139035.7620,4960,1288,55562,306000000,1728000
1791139035.8120,4960,1288,55593,306000000,1728000
1791139035.8621,4960,1288,55531,306000000,1728000
1791139035.9122,4960,1280,55531,306000000,1728000
1791139035.9623,4960,1280,55531,306000000,1728000
1791139036.0124,4960,1280,55531,306000000,1728000
1791139036.0625,4960,1280,55593,306000000,1036800
1791139036.1126,4960,1296,55531,306000000,1728000
1791139036.1627,4960,1296,55562,306000000,1728000
1791139036.2128,4960,1288,55593,306000000,1728000
1791139036.2628,4960,1296,55625,306000000,883200
1791139036.3129,4960,1296,55468,306000000,1728000
1791139036.3630,4960,1288,55562,306000000,806400
1791139036.4131,4960,1280,55531,306000000,1728000
1791139036.4632,4960,1280,55593,306000000,806400
1791139036.5133,4960,1280,55468,306000000,1728000
1791139036.5634,4960,1272,55562,306000000,1728000
1791139036.6135,4960,1272,55656,306000000,1728000
1791139036.6636,4960,1280,55562,306000000,1728000
1791139036.7137,4960,1280,55656,306000000,1728000
1791139036.7638,4960,1280,55531,306000000,1728000
1791139036.8138,4960,1280,55593,306000000,1728000
1791139036.8639,4960,1280,55531,306000000,1728000
1791139036.9140,4960,1280,55531,306000000,1728000
1791139036.9641,4960,1272,55437,306000000,1728000
1791139037.0142,4960,1264,55531,306000000,1728000
1791139037.0642,4960,1264,55781,306000000,1728000
1791139037.1143,4960,1264,55531,306000000,1728000
1791139037.1644,4960,1256,55750,306000000,1728000
1791139037.2145,4960,1264,55531,306000000,1728000
1791139037.2646,4960,1280,55531,306000000,1728000
1791139037.3147,4960,1272,55500,306000000,1728000
1791139037.3648,4960,1272,55562,306000000,1728000
1791139037.4149,4960,1272,55531,306000000,1728000
1791139037.4650,4960,1264,55531,306000000,1728000
1791139037.5151,4960,1264,55625,306000000,1728000
1791139037.5651,4960,1272,55531,306000000,1728000
1791139037.6152,4960,1264,55656,306000000,883200
1791139037.6653,4960,1264,55500,306000000,1728000
1791139037.7154,4960,1264,55687,306000000,729600
1791139037.7655,4960,1264,55531,306000000,1728000
1791139037.8156,4960,1280,55531,306000000,1728000
1791139037.8656,4960,1280,55531,306000000,1728000
1791139037.9157,4960,1272,55531,306000000,1728000
1791139037.9658,4960,1272,55562,306000000,1728000
1791139038.0158,4960,1272,55437,306000000,1728000
1791139038.0659,4960,1264,55593,306000000,1728000
1791139038.1160,4960,1264,55531,306000000,1728000
1791139038.1661,4960,1264,55593,306000000,1728000
1791139038.2162,4960,1264,55531,306000000,1728000
1791139038.2662,4960,1264,55531,306000000,1728000
1791139038.3163,4960,1264,55531,306000000,1728000
1791139038.3664,4960,1272,55593,306000000,1728000
1791139038.4165,4960,1264,55625,306000000,1728000
1791139038.4666,4960,1264,55500,306000000,1728000
1791139038.5167,4960,1264,55625,306000000,1728000
1791139038.5668,4960,1264,55531,306000000,1728000
1791139038.6169,4960,1272,55593,306000000,1728000
1791139038.6669,4960,1272,55500,306000000,1728000
1791139038.7170,4960,1272,55500,306000000,1728000
1791139038.7671,4960,1272,55531,306000000,1728000
1791139038.8172,4960,1264,55562,306000000,1728000
1791139038.8673,4960,1264,55625,306000000,1728000
1791139038.9174,4960,1272,55531,306000000,1728000
1791139038.9675,4960,1280,55593,306000000,1728000
1791139039.0175,4960,1272,55437,306000000,1728000
1791139039.0676,4960,1272,55593,306000000,960000
1791139039.1177,4960,1272,55468,306000000,1728000
1791139039.1678,4960,1272,55531,306000000,1728000
1791139039.2179,4960,1272,55531,306000000,1728000
1791139039.2679,4960,1272,55562,306000000,1728000
1791139039.3180,4960,1272,55781,306000000,1728000
1791139039.3681,4960,1264,55531,306000000,1728000
1791139039.4182,4960,1264,55656,306000000,1728000
1791139039.4683,4960,1272,55500,306000000,1728000
1791139039.5184,4960,1280,55687,306000000,1728000
1791139039.5685,4960,1272,55500,306000000,1728000
1791139039.6185,4960,1264,55562,306000000,1728000
1791139039.6686,4960,1264,55468,306000000,1728000
1791139039.7187,4960,1264,55593,306000000,1728000
1791139039.7688,4960,1272,55531,306000000,1728000
1791139039.8189,4960,1264,55468,306000000,1728000
1791139039.8690,4960,1264,55687,306000000,1728000
1791139039.9190,4960,1264,55531,306000000,1728000
1791139039.9691,4960,1264,55625,306000000,1728000
1791139040.0192,4960,1272,55468,306000000,1497600
1791139040.0693,4960,1280,55562,306000000,1728000
1791139040.1194,4960,1280,55500,306000000,1728000
1791139040.1695,4960,1272,55531,306000000,1728000
1791139040.2195,4960,1272,55531,306000000,883200
1791139040.2696,4960,1272,55531,306000000,729600
1791139040.3197,4960,1272,55687,306000000,1728000
1791139040.3698,4960,1264,55531,306000000,883200
1791139040.4198,4960,1264,55656,306000000,960000
1791139040.4699,4960,1264,55468,306000000,1728000
1791139040.5200,4960,1256,55593,306000000,1728000
1791139040.5701,4960,1264,55531,306000000,1728000
1791139040.6202,4960,1272,55531,306000000,1728000
1791139040.6703,4960,1272,55531,306000000,1728000
1791139040.7204,4960,1264,55593,306000000,1728000
1791139040.7705,4960,1264,55656,306000000,1728000
1791139040.8205,4960,1256,55500,306000000,1728000
1791139040.8706,4960,1256,55593,306000000,1728000
1791139040.9207,4960,1256,55531,306000000,1728000
1791139040.9708,4960,1256,55562,306000000,1728000
1791139041.0209,4960,1256,55468,306000000,1728000
1791139041.0709,4960,1256,55531,306000000,1728000
1791139041.1210,4960,1256,55468,306000000,1728000
1791139041.1711,4960,1272,55593,306000000,1728000
1791139041.2212,4960,1272,55625,306000000,1728000
1791139041.2713,4960,1264,55468,306000000,1728000
1791139041.3214,4960,1264,55593,306000000,1728000
1791139041.3714,4960,1264,55406,306000000,1728000
1791139041.4215,4960,1264,55531,306000000,1728000
1791139041.4716,4960,1256,55531,306000000,1728000
1791139041.5217,4960,1256,55562,306000000,1728000
1791139041.5718,4960,1256,55531,306000000,1728000
1791139041.6219,4960,1248,55562,306000000,1728000
1791139041.6720,4960,1256,55625,306000000,1190400
1791139041.7221,4960,1272,55531,306000000,1728000
1791139041.7722,4960,1272,55687,306000000,1728000
1791139041.8223,4960,1272,55531,306000000,1728000
1791139041.8724,4960,1272,55625,306000000,1728000
1791139041.9225,4960,1264,55562,306000000,1728000
1791139041.9725,4960,1264,55593,306000000,1728000
1791139042.0226,4960,1264,55531,306000000,883200
1791139042.0727,4960,1264,55562,306000000,1728000
1791139042.1228,4960,1264,55687,306000000,960000
1791139042.1729,4960,1264,55531,306000000,1728000
1791139042.2231,4960,1264,55593,306000000,1728000
1791139042.2732,4960,1280,55531,306000000,1728000
1791139042.3233,4960,1280,55656,306000000,1728000
1791139042.3733,4960,1288,55531,306000000,883200
1791139042.4234,4960,1288,55593,306000000,1036800
1791139042.4735,4960,1280,55562,306000000,1728000
1791139042.5236,4960,1280,55562,306000000,1728000
1791139042.5737,4960,1280,55531,306000000,1728000
1791139042.6238,4960,1272,55468,306000000,1728000
1791139042.6738,4960,1272,55687,306000000,1728000
1791139042.7239,4960,1272,55500,306000000,1728000
1791139042.7740,4960,1272,55625,306000000,1728000
1791139042.8241,4960,1288,55906,306000000,1728000
1791139042.8742,4960,1288,55656,306000000,1728000
1791139042.9243,4960,1288,55468,306000000,1728000
1791139042.9744,4960,1288,55531,306000000,1728000
1791139043.0245,4960,1312,55531,306000000,1728000
1791139043.0745,4960,1312,55531,306000000,1651200
1791139043.1246,4960,1320,55625,306000000,1113600
1791139043.1747,4960,1312,55500,306000000,1036800
1791139043.2248,4960,1304,55593,306000000,1190400
1791139043.2749,4960,1304,55531,306000000,1728000
1791139043.3250,4960,1296,55625,306000000,1728000
1791139043.3751,4960,1312,55531,306000000,1728000
1791139043.4252,4960,1312,55531,306000000,1728000
1791139043.4753,4960,1304,55531,306000000,1728000
1791139043.5254,4960,1296,55562,306000000,1728000
1791139043.5755,4960,1288,55656,306000000,1728000
1791139043.6255,4960,1288,55531,306000000,1728000
1791139043.6756,4960,1280,55625,306000000,1728000
1791139043.7257,4960,1280,55468,306000000,1728000
1791139043.7758,4960,1272,55562,306000000,1728000
1791139043.8259,4960,1272,55531,306000000,1728000
1791139043.8760,4960,1272,55593,306000000,1728000
1791139043.9261,4960,1280,55531,306000000,1728000
1791139043.9762,4960,1280,55500,306000000,1728000
1791139044.0262,4960,1272,55625,306000000,1728000
1791139044.0763,4960,1272,55500,306000000,1728000
1791139044.1264,4960,1264,55593,306000000,1728000
1791139044.1765,4960,1264,55531,306000000,1728000
1791139044.2266,4960,1272,55562,306000000,1728000
1791139044.2767,4960,1272,55406,306000000,1728000
1791139044.3267,4960,1264,55531,306000000,1728000
1791139044.3768,4960,1256,55531,306000000,1728000
1791139044.4269,4960,1264,55625,306000000,1728000
1791139044.4770,4960,1256,55625,306000000,1190400
1791139044.5271,4960,1264,55562,306000000,1728000
1791139044.5772,4960,1264,55562,306000000,1728000
1791139044.6273,4960,1272,55468,306000000,1728000
1791139044.6774,4960,1264,55531,306000000,1728000
1791139044.7274,4960,1264,55531,306000000,1728000
1791139044.7775,4960,1264,55531,306000000,1728000
1791139044.8276,4960,1256,55437,306000000,1728000
1791139044.8777,4960,1256,55531,306000000,1728000
1791139044.9278,4960,1256,55625,306000000,1728000
1791139044.9779,4960,1256,55531,306000000,1728000
1791139045.0280,4960,1256,55687,306000000,1113600
1791139045.0781,4960,1264,55531,306000000,1728000
1791139045.1282,4960,1264,55656,306000000,1728000
1791139045.1782,4960,1264,55531,306000000,1728000
1791139045.2283,4960,1256,55531,306000000,1728000
1791139045.2784,4960,1256,55531,306000000,1728000
1791139045.3285,4960,1256,55562,306000000,1728000
1791139045.3786,4960,1256,55625,306000000,1728000
1791139045.4287,4960,1256,55531,306000000,1728000
1791139045.4787,4960,1256,55687,306000000,1728000
1791139045.5288,4960,1256,55531,306000000,1728000
1791139045.5789,4960,1256,55687,306000000,1728000
1791139045.6290,4960,1264,55406,306000000,1728000
1791139045.6791,4960,1272,55593,306000000,960000
1791139045.7292,4960,1264,55500,306000000,1728000
1791139045.7792,4960,1264,55562,306000000,883200
1791139045.8293,4960,1264,55562,306000000,883200
1791139045.8794,4960,1264,55562,306000000,729600
1791139045.9295,4960,1256,55625,306000000,883200
1791139045.9795,4960,1256,55531,306000000,1728000
1791139046.0296,4960,1256,55593,306000000,1728000
1791139046.0797,4960,1256,55531,306000000,1728000
1791139046.1298,4960,1256,55562,306000000,1728000
1791139046.1799,4960,1264,55468,306000000,1728000
1791139046.2300,4960,1272,55562,306000000,1728000
1791139046.2801,4960,1264,55531,306000000,1728000
1791139046.3302,4960,1264,55593,306000000,1728000
1791139046.3802,4960,1264,55656,306000000,1728000
1791139046.4303,4960,1264,55531,306000000,1728000
1791139046.4804,4960,1264,55656,306000000,1728000
1791139046.5305,4960,1256,55531,306000000,1728000
1791139046.5806,4960,1256,55593,306000000,1728000
1791139046.6307,4960,1256,55500,306000000,1728000
1791139046.6807,4960,1256,55625,306000000,1728000
1791139046.7309,4960,1256,55500,306000000,1344000
1791139046.7810,4960,1272,55531,306000000,1728000
1791139046.8311,4960,1272,55687,306000000,1728000
1791139046.8812,4960,1280,55562,306000000,1728000
1791139046.9312,4960,1280,55656,306000000,1728000
1791139046.9813,4960,1272,55468,306000000,1728000
1791139047.0314,4960,1272,55531,306000000,1728000
1791139047.0815,4960,1272,55531,306000000,1728000
1791139047.1316,4960,1272,55562,306000000,1728000
1791139047.1817,4960,1264,55531,306000000,1728000
1791139047.2318,4960,1264,55531,306000000,1728000
1791139047.2819,4960,1264,55625,306000000,1728000
1791139047.3320,4960,1280,55531,306000000,1728000
1791139047.3821,4960,1272,55687,306000000,1728000
1791139047.4321,4960,1272,55593,306000000,1728000
1791139047.4822,4960,1272,55593,306000000,1728000
1791139047.5323,4960,1272,55500,306000000,1728000
1791139047.5824,4960,1264,55562,306000000,1728000
1791139047.6325,4960,1264,55468,306000000,1728000
1791139047.6826,4960,1264,55562,306000000,1728000
1791139047.7327,4960,1264,55593,306000000,1728000
1791139047.7827,4960,1264,55531,306000000,1728000
1791139047.8328,4960,1272,55625,306000000,1728000
1791139047.8829,4960,1280,55531,306000000,1728000
1791139047.9330,4960,1272,55625,306000000,1728000
1791139047.9830,4960,1272,55500,306000000,1728000
1791139048.0331,4960,1272,55593,306000000,1728000
1791139048.0832,4960,1272,55531,306000000,1728000
1791139048.1333,4960,1264,55562,306000000,1728000
1791139048.1833,4960,1264,55656,306000000,1728000
1791139048.2334,4960,1264,55531,306000000,1728000
1791139048.2835,4960,1256,55625,306000000,883200
1791139048.3336,4960,1256,55500,306000000,960000
1791139048.3837,4960,1256,55593,306000000,1728000
1791139048.4338,4960,1264,55531,306000000,1344000
1791139048.4838,4960,1264,55593,306000000,960000
1791139048.5339,4960,1264,55468,306000000,1728000
1791139048.5840,4960,1256,55562,306000000,1728000
1791139048.6341,4960,1256,55656,306000000,1728000
1791139048.6841,4960,1256,55468,306000000,1728000
1791139048.7342,4960,1256,55593,306000000,1728000
1791139048.7843,4960,1256,55531,306000000,1728000
1791139048.8344,4960,1248,55625,306000000,1728000
1791139048.8845,4960,1248,55468,306000000,1728000
1791139048.9346,4960,1248,55562,306000000,1728000
1791139048.9847,4960,1256,55500,306000000,1728000
1791139049.0347,4960,1264,55593,306000000,1728000
1791139049.0848,4960,1264,55593,306000000,1728000
1791139049.1349,4960,1264,55468,306000000,1728000
1791139049.1850,4960,1264,55687,306000000,1728000
1791139049.2350,4960,1264,55562,306000000,1728000
1791139049.2859,4960,1264,55625,306000000,1728000
1791139049.3360,4960,1264,55531,306000000,1728000
1791139049.3861,4960,1264,55656,306000000,1728000
1791139049.4361,4960,1264,55531,306000000,1728000
1791139049.4862,4960,1264,55625,306000000,1728000
1791139049.5363,4960,1272,55562,306000000,1728000
1791139049.5864,4960,1280,55593,306000000,1728000
1791139049.6365,4960,1288,55656,306000000,1728000
1791139049.6866,4960,1280,55500,306000000,1728000
1791139049.7367,4960,1280,55687,306000000,1728000
1791139049.7868,4960,1272,55593,306000000,1728000
1791139049.8369,4960,1272,55625,306000000,1728000
1791139049.8869,4960,1264,55437,306000000,1728000
1791139049.9370,4960,1264,55656,306000000,1728000
1791139049.9871,4960,1264,55468,306000000,1728000
1791139050.0372,4960,1264,55468,306000000,1728000
1791139050.0873,4960,1272,55500,306000000,1344000
1791139050.1374,4960,1272,55531,306000000,1728000
1791139050.1875,4960,1272,55687,306000000,1728000
1791139050.2376,4960,1272,55500,306000000,1728000
1791139050.2877,4960,1264,55562,306000000,1728000
1791139050.3377,4960,1264,55531,306000000,1728000
1791139050.3878,4960,1264,55531,306000000,1728000
1791139050.4379,4960,1264,55437,306000000,1728000
1791139050.4880,4960,1264,55500,306000000,1728000
1791139050.5381,4960,1264,55468,306000000,1728000
1791139050.5882,4960,1264,55531,306000000,1728000
1791139050.6383,4960,1264,55625,306000000,1728000
1791139050.6884,4960,1272,55531,306000000,1728000
1791139050.7384,4960,1272,55562,306000000,1728000
1791139050.7885,4960,1272,55500,306000000,1728000
1791139050.8386,4960,1272,55531,306000000,1728000
1791139050.8887,4960,1264,55531,306000000,1728000
1791139050.9388,4960,1264,55593,306000000,1728000
1791139050.9889,4960,1264,55531,306000000,1728000
1791139051.0390,4960,1264,55468,306000000,1728000
1791139051.0890,4960,1264,55625,306000000,1728000
1791139051.1391,4960,1264,55531,306000000,729600
1791139051.1892,4960,1264,55656,306000000,1728000
1791139051.2393,4960,1264,55531,306000000,1344000
1791139051.2894,4960,1264,55468,306000000,960000
1791139051.3394,4960,1256,55437,306000000,960000
1791139051.3895,4960,1256,55531,306000000,1728000
1791139051.4396,4960,1264,55468,306000000,1728000
1791139051.4897,4960,1256,55531,306000000,1728000
1791139051.5398,4960,1256,55625,306000000,1728000
1791139051.5898,4960,1248,55531,306000000,1728000
1791139051.6399,4960,1240,55718,306000000,1728000
1791139051.6900,4960,1248,55468,306000000,1728000
1791139051.7401,4960,1248,55531,306000000,1728000
1791139051.7902,4960,1256,55468,306000000,1728000
1791139051.8403,4960,1256,55593,306000000,1728000
1791139051.8904,4960,1256,55468,306000000,1728000
1791139051.9404,4960,1264,55468,306000000,1728000
1791139051.9905,4960,1248,55718,306000000,1728000
1791139052.0406,4960,1248,55375,306000000,1728000
1791139052.0907,4960,1248,55562,306000000,1728000
1791139052.1408,4960,1256,55468,306000000,1728000
1791139052.1909,4960,1256,55500,306000000,1728000
1791139052.2409,4960,1248,55500,306000000,1728000
1791139052.2910,4960,1256,55531,306000000,1728000
1791139052.3411,4960,1272,55500,306000000,1728000
1791139052.3912,4960,1272,55531,306000000,1728000
1791139052.4413,4960,1272,55437,306000000,1728000
1791139052.4914,4960,1272,55531,306000000,1728000
1791139052.5415,4960,1264,55593,306000000,1728000
1791139052.5915,4960,1264,55468,306000000,1728000
1791139052.6416,4960,1264,55531,306000000,1728000
1791139052.6917,4960,1264,55437,306000000,1728000
1791139052.7418,4960,1264,55562,306000000,1728000
1791139052.7918,4960,1256,55375,306000000,1728000
1791139052.8419,4960,1256,55500,306000000,1728000
1791139052.8920,4960,1264,55437,306000000,1728000
1791139052.9421,4960,1272,55500,306000000,1728000
1791139052.9922,4960,1272,55625,306000000,1728000
1791139053.0423,4960,1272,55500,306000000,1728000
1791139053.0924,4960,1272,55562,306000000,1728000
1791139053.1424,4960,1264,55406,306000000,1728000
1791139053.1925,4960,1264,55500,306000000,1728000
1791139053.2426,4960,1264,55437,306000000,1728000
1791139053.2927,4960,1256,55531,306000000,1728000
1791139053.3427,4960,1264,55625,306000000,1728000
1791139053.3928,4960,1264,55500,306000000,1728000
1791139053.4429,4960,1264,55625,306000000,1420800
1791139053.4930,4960,1272,55500,306000000,1728000
1791139053.5431,4960,1272,55593,306000000,1728000
1791139053.5932,4960,1272,55468,306000000,1728000
1791139053.6433,4960,1272,55531,306000000,729600
1791139053.6934,4960,1272,55468,306000000,1728000
1791139053.7434,4960,1272,55562,306000000,1728000
1791139053.7935,4960,1272,55625,306000000,1728000
1791139053.8436,4960,1264,55406,306000000,1728000
1791139053.8936,4960,1264,55593,306000000,883200
1791139053.9437,4960,1264,55468,306000000,1728000
1791139053.9938,4960,1264,55593,306000000,1728000
1791139054.0439,4960,1280,55468,306000000,806400
1791139054.0940,4960,1280,55500,306000000,1728000
1791139054.1441,4960,1272,55468,306000000,1728000
1791139054.1941,4960,1264,55531,306000000,1728000
1791139054.2442,4960,1264,55500,306000000,1728000
1791139054.2943,4960,1264,55531,306000000,1728000
1791139054.3444,4960,1256,55562,306000000,1728000
1791139054.3945,4960,1256,55437,306000000,1728000
1791139054.4445,4960,1256,55562,306000000,1728000
1791139054.4946,4960,1256,55437,306000000,1728000
1791139054.5447,4960,1256,55593,306000000,1728000
1791139054.5948,4960,1272,55437,306000000,960000
1791139054.6449,4960,1272,55531,306000000,1728000
1791139054.6950,4960,1264,55500,306000000,1728000
1791139054.7451,4960,1264,55437,306000000,1728000
1791139054.7952,4960,1264,55625,306000000,1728000
1791139054.8453,4960,1256,55500,306000000,1728000
1791139054.8954,4960,1256,55562,306000000,1728000
1791139054.9455,4960,1264,55531,306000000,1728000
1791139054.9956,4960,1264,55531,306000000,1728000
1791139055.0456,4960,1256,55468,306000000,1728000
1791139055.0957,4960,1264,55531,306000000,1728000
1791139055.1458,4960,1264,55437,306000000,1728000
1791139055.1959,4960,1264,55500,306000000,1728000
1791139055.2460,4960,1264,55562,306000000,1728000
1791139055.2961,4960,1264,55500,306000000,1728000
1791139055.3462,4960,1256,55593,306000000,1728000
1791139055.3962,4960,1256,55500,306000000,1728000
1791139055.4463,4960,1256,55562,306000000,1728000
1791139055.4964,4960,1256,55468,306000000,1728000
1791139055.5465,4960,1248,55531,306000000,1728000
1791139055.5966,4960,1248,55406,306000000,1728000
1791139055.6467,4960,1256,55562,306000000,1728000
1791139055.6968,4960,1264,55593,306000000,1728000
1791139055.7468,4960,1264,55531,306000000,1728000
1791139055.7969,4960,1264,55593,306000000,1728000
1791139055.8470,4960,1264,55468,306000000,1728000
1791139055.8971,4960,1264,55593,306000000,1728000
1791139055.9472,4960,1264,55468,306000000,1728000
1791139055.9973,4960,1272,55562,306000000,1728000
1791139056.0474,4960,1272,55468,306000000,1728000
1791139056.0974,4960,1264,55500,306000000,1728000
1791139056.1475,4960,1264,55625,306000000,1728000
1791139056.1976,4960,1264,55500,306000000,1728000
1791139056.2477,4960,1272,55562,306000000,1728000
1791139056.2978,4960,1280,55468,306000000,1728000
1791139056.3479,4960,1272,55562,306000000,1728000
1791139056.3980,4960,1264,55468,306000000,1728000
1791139056.4481,4960,1264,55531,306000000,1728000
1791139056.4982,4960,1256,55531,306000000,1728000
1791139056.5483,4960,1256,55531,306000000,1728000
1791139056.5983,4960,1256,55625,306000000,1728000
1791139056.6484,4960,1264,55500,306000000,1728000
1791139056.6985,4960,1264,55656,306000000,729600
1791139056.7486,4960,1264,55437,306000000,729600
1791139056.7987,4960,1264,55625,306000000,1420800
1791139056.8487,4960,1272,55406,306000000,883200
1791139056.8988,4960,1264,55531,306000000,1728000
1791139056.9489,4960,1264,55343,306000000,1728000
1791139056.9990,4960,1264,55562,306000000,1728000
1791139057.0491,4960,1256,55625,306000000,1728000
1791139057.0991,4960,1248,55468,306000000,1728000
1791139057.1492,4960,1248,55625,306000000,1728000
1791139057.1993,4960,1248,55500,306000000,1728000
1791139057.2494,4960,1248,55593,306000000,1728000
1791139057.2995,4960,1248,55468,306000000,1728000
1791139057.3496,4960,1256,55468,306000000,1728000
1791139057.3997,4960,1264,55531,306000000,1728000
1791139057.4498,4960,1264,55531,306000000,1728000
1791139057.4998,4960,1264,55500,306000000,1728000
1791139057.5499,4960,1272,55500,306000000,1728000
1791139057.6000,4960,1264,55656,306000000,1728000
1791139057.6501,4960,1264,55500,306000000,1728000
1791139057.7002,4960,1256,55562,306000000,1728000
1791139057.7503,4960,1256,55468,306000000,1728000
1791139057.8003,4960,1256,55531,306000000,1728000
1791139057.8504,4960,1248,55468,306000000,1728000
1791139057.9005,4960,1264,55531,306000000,1728000
1791139057.9507,4960,1272,55406,306000000,1344000
1791139058.0007,4960,1280,55531,306000000,1728000
1791139058.0508,4960,1272,55625,306000000,1728000
1791139058.1009,4960,1272,55500,306000000,1728000
1791139058.1510,4960,1264,55562,306000000,1728000
1791139058.2011,4960,1264,55500,306000000,1728000
1791139058.2512,4960,1264,55593,306000000,1728000
1791139058.3012,4960,1264,55437,306000000,1728000
1791139058.3513,4960,1264,55562,306000000,1728000
1791139058.4014,4960,1264,55437,306000000,1728000
1791139058.4515,4960,1256,55468,306000000,1113600
1791139058.5016,4960,1272,55562,306000000,1728000
1791139058.5517,4960,1272,55500,306000000,1728000
1791139058.6017,4960,1264,55656,306000000,1728000
1791139058.6518,4960,1264,55437,306000000,1728000
1791139058.7019,4960,1264,55531,306000000,1728000
1791139058.7520,4960,1264,55437,306000000,1728000
1791139058.8021,4960,1256,55531,306000000,1728000
1791139058.8522,4960,1256,55406,306000000,1728000
1791139058.9022,4960,1256,55593,306000000,1728000
1791139058.9523,4960,1256,55656,306000000,1728000
1791139059.0024,4960,1256,55531,306000000,1728000
1791139059.0525,4960,1264,55593,306000000,1728000
1791139059.1026,4960,1272,55531,306000000,1651200
1791139059.1527,4960,1296,55593,306000000,1728000
1791139059.2028,4960,1304,55468,306000000,1728000
1791139059.2529,4960,1296,55531,306000000,1728000
1791139059.3030,4960,1296,55468,306000000,1728000
1791139059.3530,4960,1288,55531,306000000,1728000
1791139059.4031,4960,1280,55656,306000000,883200
1791139059.4532,4960,1280,55437,306000000,883200
1791139059.5033,4960,1280,55687,306000000,1344000
1791139059.5534,4960,1296,55500,306000000,1728000
1791139059.6035,4960,1312,55562,306000000,1728000
1791139059.6536,4960,1360,55468,306000000,1728000
1791139059.7037,4952,1392,55656,306000000,1728000
1791139059.7538,4952,1400,55468,306000000,1728000
1791139059.8039,4952,1400,55500,306000000,1728000
1791139059.8540,4952,1408,55500,306000000,1728000
1791139059.9041,4952,1416,55468,306000000,1728000
1791139059.9542,4952,1456,55937,306000000,1728000
1791139060.0043,4952,1488,55718,306000000,1728000
1791139060.0544,4952,1488,55593,306000000,1728000
1791139060.1045,4952,1472,55500,306000000,1728000
1791139060.1546,4952,1448,55562,306000000,1728000
1791139060.2047,4952,1432,55437,306000000,1728000
1791139060.2548,4952,1408,55437,306000000,1728000
1791139060.3048,4952,1392,55468,306000000,1728000
1791139060.3549,4952,1376,55531,306000000,1728000
1791139060.4050,4960,1360,55593,306000000,1728000
1791139060.4551,4960,1344,55562,306000000,1728000
1791139060.5052,4960,1336,55625,306000000,883200
1791139060.5553,4960,1336,55531,306000000,1344000
1791139060.6054,4960,1336,55562,306000000,1728000
1791139060.6555,4960,1336,55531,306000000,1728000
1791139060.7056,4960,1328,55562,306000000,1728000
1791139060.7557,4960,1320,55468,306000000,1728000
1791139060.8057,4960,1312,55531,306000000,1728000
1791139060.8558,4960,1304,55625,306000000,1728000
1791139060.9059,4960,1296,55531,306000000,883200
1791139060.9560,4960,1288,55625,306000000,1728000
1791139061.0061,4960,1280,55531,306000000,1728000
1791139061.0562,4960,1280,55656,306000000,1728000
1791139061.1063,4960,1280,55500,306000000,1267200
1791139061.1564,4960,1296,55531,306000000,883200
1791139061.2065,4960,1288,55500,306000000,1728000
1791139061.2566,4960,1288,55531,306000000,1728000
1791139061.3066,4960,1280,55625,306000000,1728000
1791139061.3567,4960,1280,55500,306000000,1728000
1791139061.4068,4960,1272,55718,306000000,1728000
1791139061.4569,4960,1264,55531,306000000,1728000
1791139061.5070,4960,1264,55625,306000000,1728000
1791139061.5571,4960,1256,55531,306000000,1728000
1791139061.6071,4960,1256,55593,306000000,1728000
1791139061.6572,4960,1256,55437,306000000,1728000
1791139061.7073,4960,1272,55562,306000000,1420800
1791139061.7574,4960,1280,55625,306000000,1728000
1791139061.8075,4960,1272,55531,306000000,1728000
1791139061.8576,4960,1272,55687,306000000,1728000
1791139061.9077,4960,1264,55625,306000000,1728000
1791139061.9578,4960,1264,55531,306000000,1728000
1791139062.0078,4960,1256,55500,306000000,1728000
1791139062.0579,4960,1256,55562,306000000,1728000
1791139062.1080,4960,1256,55500,306000000,1728000
1791139062.1581,4960,1264,55531,306000000,1728000
1791139062.2081,4960,1264,55437,306000000,883200
1791139062.2582,4960,1272,55531,306000000,1728000
1791139062.3083,4960,1280,55687,306000000,1728000
1791139062.3584,4960,1264,55531,306000000,1728000
1791139062.4085,4960,1264,55625,306000000,1728000
1791139062.4586,4960,1256,55468,306000000,1728000
1791139062.5087,4960,1264,55531,306000000,1728000
1791139062.5587,4960,1264,55468,306000000,1728000
1791139062.6088,4960,1264,55562,306000000,1728000
1791139062.6589,4960,1256,55500,306000000,1728000
1791139062.7090,4960,1256,55562,306000000,1728000
1791139062.7591,4960,1256,55625,306000000,1728000
1791139062.8092,4960,1264,55531,306000000,1497600
1791139062.8593,4960,1264,55593,306000000,1728000
1791139062.9094,4960,1264,55500,306000000,1728000
1791139062.9594,4960,1264,55593,306000000,1728000
1791139063.0095,4960,1264,55500,306000000,1728000
1791139063.0596,4960,1264,55625,306000000,1728000
1791139063.1097,4960,1264,55500,306000000,1728000
1791139063.1598,4960,1256,55500,306000000,1728000
1791139063.2099,4960,1256,55625,306000000,960000
1791139063.2600,4960,1256,55531,306000000,960000
1791139063.3101,4960,1256,55656,306000000,1728000
1791139063.3602,4960,1264,55437,306000000,1728000
1791139063.4103,4960,1272,55531,306000000,1728000
1791139063.4615,4960,1272,55531,306000000,1728000
1791139063.5115,4960,1272,55562,306000000,1728000
1791139063.5616,4960,1272,55375,306000000,1728000
1791139063.6117,4960,1280,55625,306000000,1728000
1791139063.6618,4960,1272,55437,306000000,1728000
1791139063.7119,4960,1280,55500,306000000,1728000
1791139063.7619,4960,1272,55687,306000000,1728000
1791139063.8120,4960,1272,55468,306000000,1728000
1791139063.8621,4960,1264,55562,306000000,1728000
1791139063.9122,4960,1272,55406,306000000,1728000
1791139063.9623,4960,1288,55625,306000000,1728000
1791139064.0124,4960,1272,55468,306000000,1728000
1791139064.0625,4960,1272,55531,306000000,1728000
1791139064.1125,4960,1272,55437,306000000,1728000
1791139064.1626,4960,1280,55531,306000000,1728000
1791139064.2127,4960,1264,55562,306000000,1728000
1791139064.2628,4960,1272,55468,306000000,1728000
1791139064.3129,4960,1272,55593,306000000,1728000
1791139064.3630,4960,1264,55531,306000000,1728000
1791139064.4131,4960,1272,55562,306000000,1728000
1791139064.4632,4960,1280,55468,306000000,1267200
1791139064.5133,4960,1288,55531,306000000,1728000
1791139064.5634,4960,1288,55500,306000000,1728000
1791139064.6134,4960,1280,55531,306000000,1728000
1791139064.6635,4960,1280,55562,306000000,1728000
1791139064.7136,4960,1272,55500,306000000,1728000
1791139064.7637,4960,1272,55656,306000000,1728000
1791139064.8138,4960,1264,55500,306000000,1728000
1791139064.8638,4960,1264,55531,306000000,1728000
1791139064.9139,4960,1264,55468,306000000,883200
1791139064.9640,4960,1256,55562,306000000,1728000
1791139065.0140,4960,1256,55468,306000000,1728000
1791139065.0641,4960,1272,55531,306000000,1420800
1791139065.1142,4960,1272,55562,306000000,883200
1791139065.1643,4960,1264,55531,306000000,1728000
1791139065.2144,4960,1256,55593,306000000,1728000
1791139065.2644,4960,1256,55437,306000000,1728000
1791139065.3145,4960,1256,55562,306000000,1728000
1791139065.3646,4960,1256,55406,306000000,1728000
1791139065.4147,4960,1248,55531,306000000,1728000
1791139065.4648,4960,1256,55437,306000000,1728000
1791139065.5149,4960,1248,55531,306000000,1728000
1791139065.5650,4960,1256,55562,306000000,1728000
1791139065.6151,4960,1272,55500,306000000,1344000
1791139065.6652,4960,1272,55562,306000000,1728000
1791139065.7152,4960,1272,55531,306000000,1728000
1791139065.7653,4960,1272,55531,306000000,1728000
1791139065.8154,4960,1272,55500,306000000,1728000
1791139065.8655,4960,1264,55531,306000000,1728000
1791139065.9156,4960,1248,55406,306000000,1728000
1791139065.9657,4960,1232,55531,306000000,1728000
1791139066.0157,4960,1232,55437,306000000,1728000
1791139066.0658,4960,1232,55531,306000000,1728000
1791139066.1159,4960,1224,55562,306000000,1728000
1791139066.1660,4960,1232,55437,306000000,1728000
1791139066.2161,4960,1232,55656,306000000,1728000
1791139066.2662,4960,1232,55468,306000000,1728000
1791139066.3163,4960,1224,55531,306000000,1728000
1791139066.3664,4960,1224,55625,306000000,1728000
1791139066.4164,4960,1224,55562,306000000,1728000
1791139066.4665,4960,1224,55437,306000000,1728000
1791139066.5166,4960,1216,55437,306000000,1728000
1791139066.5667,4960,1216,55531,306000000,1728000
1791139066.6168,4960,1216,55500,306000000,1728000
1791139066.6669,4960,1216,55687,306000000,1728000
1791139066.7169,4960,1224,55562,306000000,1728000
1791139066.7671,4960,1224,55531,306000000,1728000
1791139066.8172,4960,1224,55500,306000000,1728000
1791139066.8672,4960,1224,55562,306000000,1728000
1791139066.9173,4960,1216,55562,306000000,1728000
1791139066.9674,4960,1216,55500,306000000,1728000
1791139067.0175,4960,1216,55562,306000000,1728000
1791139067.0676,4960,1216,55531,306000000,1728000
1791139067.1176,4960,1216,55562,306000000,1728000
1791139067.1677,4960,1208,55718,306000000,1728000
1791139067.2178,4960,1208,55562,306000000,1728000
1791139067.2679,4960,1216,55531,306000000,1728000
1791139067.3180,4960,1224,55625,306000000,1728000
1791139067.3681,4960,1224,55562,306000000,1728000
1791139067.4182,4960,1224,55531,306000000,1728000
1791139067.4682,4960,1216,55625,306000000,1728000
1791139067.5183,4960,1216,55500,306000000,1728000
1791139067.5684,4960,1216,55718,306000000,1728000
1791139067.6185,4960,1216,55500,306000000,1728000
1791139067.6686,4960,1216,55562,306000000,1728000
1791139067.7187,4960,1208,55781,306000000,1728000
1791139067.7687,4960,1208,55531,306000000,1728000
1791139067.8188,4960,1216,55437,306000000,1728000
1791139067.8689,4960,1224,55562,306000000,1728000
1791139067.9191,4960,1224,55593,306000000,1728000
1791139067.9691,4960,1216,55562,306000000,1728000
1791139068.0192,4960,1216,55656,306000000,1728000
1791139068.0693,4960,1216,55531,306000000,1728000
1791139068.1194,4960,1216,55531,306000000,1728000
1791139068.1694,4960,1216,55562,306000000,1728000
1791139068.2195,4960,1208,55500,306000000,1728000
1791139068.2696,4960,1208,55718,306000000,1728000
1791139068.3196,4960,1208,55531,306000000,1728000
1791139068.3697,4960,1208,55500,306000000,1728000
1791139068.4199,4960,1232,55468,306000000,1728000
1791139068.4700,4960,1248,55593,306000000,1728000
1791139068.5201,4960,1256,55562,306000000,1728000
1791139068.5701,4960,1256,55656,306000000,1728000
1791139068.6202,4960,1256,55406,306000000,1728000
1791139068.6703,4960,1272,55750,306000000,1728000
1791139068.7204,4960,1272,55437,306000000,1728000
1791139068.7705,4960,1264,55531,306000000,1728000
1791139068.8206,4960,1256,55500,306000000,1728000
1791139068.8707,4960,1232,55468,306000000,1728000
