1791121799.8305,4976,976,55000,306000000,1728000
1791121799.8805,4968,1032,55250,306000000,1728000
1791121799.9306,4968,1096,55593,306000000,1728000
1791121799.9807,4968,1120,55468,306000000,1728000
1791121800.0308,4968,1128,55000,306000000,1728000
1791121800.0809,4968,1136,55343,306000000,1728000
1791121800.1309,4968,1144,55031,306000000,1728000
1791121800.1810,4968,1152,55281,306000000,1728000
1791121800.2311,4968,1152,55343,306000000,1728000
1791121800.2812,4968,1160,55125,306000000,1728000
1791121800.3313,4968,1168,55500,306000000,1728000
1791121800.3814,4968,1168,55312,306000000,1728000
1791121800.4314,4968,1168,55281,306000000,1728000
1791121800.4815,4968,1176,55281,306000000,1728000
1791121800.5316,4968,1192,55468,306000000,1728000
1791121800.5817,4968,1192,55281,306000000,1728000
1791121800.6318,4968,1200,55343,306000000,1728000
1791121800.6819,4968,1200,55218,306000000,1728000
1791121800.7320,4968,1200,55312,306000000,1728000
1791121800.7820,4968,1200,55062,306000000,1728000
1791121800.8321,4968,1192,55000,306000000,1728000
1791121800.8822,4968,1192,55000,306000000,1728000
1791121800.9323,4968,1192,55031,306000000,1728000
1791121800.9824,4968,1200,55125,306000000,1728000
1791121801.0325,4968,1216,54968,306000000,1728000
1791121801.0825,4960,1264,55125,306000000,1728000
1791121801.1326,4960,1288,54937,306000000,1728000
1791121801.1827,4960,1320,55093,306000000,1728000
1791121801.2328,4960,1336,54968,306000000,1728000
1791121801.2829,4960,1360,55000,306000000,1728000
1791121801.3329,4960,1384,55031,306000000,1728000
1791121801.3830,4960,1400,55031,306000000,1728000
1791121801.4331,4960,1416,55125,306000000,1728000
1791121801.4832,4960,1424,55000,306000000,1728000
1791121801.5333,4960,1432,55125,306000000,1728000
1791121801.5833,4960,1448,54968,306000000,1728000
1791121801.6334,4952,1464,55250,306000000,1728000
1791121801.6835,4952,1472,55218,306000000,1728000
1791121801.7336,4952,1480,55062,306000000,1728000
1791121801.7837,4952,1488,55062,306000000,1728000
1791121801.8338,4952,1488,55093,306000000,1728000
1791121801.8839,4952,1488,55187,306000000,1728000
1791121801.9339,4952,1496,55062,306000000,1728000
1791121801.9840,4952,1496,55156,306000000,1728000
1791121802.0341,4952,1504,55062,306000000,1728000
1791121802.0842,4952,1504,55125,306000000,1728000
1791121802.1343,4952,1504,55281,306000000,1728000
1791121802.1844,4952,1520,55156,306000000,1728000
1791121802.2345,4952,1520,55312,306000000,1728000
1791121802.2845,4952,1528,55156,306000000,1728000
1791121802.3346,4952,1520,55156,306000000,1728000
1791121802.3847,4952,1520,55093,306000000,1728000
1791121802.4348,4952,1520,55281,306000000,1728000
1791121802.4849,4952,1512,55062,306000000,1728000
1791121802.5350,4952,1520,55218,306000000,1728000
1791121802.5851,4952,1520,55031,306000000,1728000
1791121802.6351,4952,1520,55125,306000000,1728000
1791121802.6871,4952,1520,55406,306000000,1728000
1791121802.7372,4952,1528,55125,306000000,1728000
1791121802.7872,4952,1520,55250,306000000,1728000
1791121802.8373,4952,1520,55062,306000000,1728000
1791121802.8874,4952,1520,55062,306000000,1728000
1791121802.9375,4952,1520,55125,306000000,1728000
1791121802.9876,4952,1512,55218,306000000,1728000
1791121803.0377,4952,1512,55093,306000000,1728000
1791121803.0878,4952,1512,55187,306000000,1728000
1791121803.1378,4952,1512,55187,306000000,1728000
1791121803.1879,4952,1520,55125,306000000,1728000
1791121803.2380,4952,1520,55312,306000000,1728000
1791121803.2881,4952,1536,55375,306000000,1728000
1791121803.3382,4952,1528,55281,306000000,1728000
1791121803.3883,4952,1520,55250,306000000,1728000
1791121803.4383,4952,1512,55187,306000000,1728000
1791121803.4884,4952,1520,55125,306000000,1728000
1791121803.5385,4952,1520,55250,306000000,1728000
1791121803.5886,4952,1520,55343,306000000,1728000
1791121803.6387,4952,1520,55156,306000000,1728000
1791121803.6888,4952,1520,55281,306000000,1728000
1791121803.7388,4952,1520,55187,306000000,1728000
1791121803.7889,4952,1520,55281,306000000,1728000
1791121803.8390,4952,1536,55218,306000000,1728000
1791121803.8891,4952,1528,55312,306000000,1728000
1791121803.9392,4952,1520,55187,306000000,1728000
1791121803.9893,4952,1520,55250,306000000,1728000
1791121804.0393,4952,1520,55156,306000000,1728000
1791121804.0894,4952,1520,55187,306000000,1728000
1791121804.1395,4952,1512,55281,306000000,1728000
1791121804.1896,4952,1520,55218,306000000,1728000
1791121804.2396,4952,1520,55125,306000000,1728000
1791121804.2897,4952,1512,55156,306000000,1728000
1791121804.3398,4952,1520,55343,306000000,1728000
1791121804.3899,4952,1528,55281,306000000,1728000
1791121804.4400,4952,1520,55343,306000000,1728000
1791121804.4900,4952,1520,55125,306000000,1728000
1791121804.5401,4952,1520,55187,306000000,1728000
1791121804.5902,4952,1520,55093,306000000,1728000
1791121804.6403,4952,1512,55250,306000000,1728000
1791121804.6904,4952,1520,55312,306000000,1728000
1791121804.7404,4952,1512,55187,306000000,1728000
1791121804.7905,4952,1520,55312,306000000,1728000
1791121804.8406,4952,1488,55250,306000000,1728000
1791121804.8907,4952,1464,55375,306000000,1728000
1791121804.9408,4952,1456,55218,306000000,1728000
1791121804.9909,4952,1472,55343,306000000,1728000
1791121805.0410,4952,1472,55125,306000000,1728000
1791121805.0911,4952,1480,55250,306000000,1728000
1791121805.1411,4952,1488,55218,306000000,1728000
1791121805.1912,4952,1488,55187,306000000,1728000
1791121805.2413,4952,1496,55343,306000000,1728000
1791121805.2914,4952,1496,55250,306000000,1728000
1791121805.3415,4952,1496,55375,306000000,1728000
1791121805.3915,4952,1504,55375,306000000,1728000
1791121805.4416,4952,1512,55437,306000000,1728000
1791121805.4917,4952,1528,55531,306000000,1728000
1791121805.5418,4952,1520,55406,306000000,1728000
1791121805.5919,4952,1520,55093,306000000,1728000
1791121805.6420,4952,1528,55250,306000000,1728000
1791121805.6920,4952,1528,55406,306000000,1728000
1791121805.7421,4952,1520,55187,306000000,1728000
1791121805.7922,4952,1512,55312,306000000,1728000
1791121805.8423,4952,1520,55187,306000000,1728000
1791121805.8924,4952,1520,55281,306000000,1728000
1791121805.9425,4952,1512,55187,306000000,1728000
1791121805.9925,4952,1520,55312,306000000,1728000
1791121806.0426,4952,1528,55593,306000000,1728000
1791121806.0927,4952,1520,55281,306000000,1728000
1791121806.1428,4952,1520,55187,306000000,1728000
1791121806.1929,4952,1520,55218,306000000,1728000
1791121806.2430,4952,1520,55406,306000000,1728000
1791121806.2930,4952,1528,55218,306000000,1728000
1791121806.3431,4952,1528,55343,306000000,1728000
1791121806.3932,4952,1520,55406,306000000,1728000
1791121806.4433,4952,1520,55250,306000000,1728000
1791121806.4934,4952,1520,55312,306000000,1728000
1791121806.5435,4952,1520,55375,306000000,1728000
1791121806.5936,4952,1528,55468,306000000,1728000
1791121806.6437,4952,1528,55312,306000000,1728000
1791121806.6937,4952,1528,55375,306000000,1728000
1791121806.7438,4952,1520,55281,306000000,1728000
1791121806.7939,4952,1520,55406,306000000,1728000
1791121806.8440,4952,1512,55218,306000000,1728000
1791121806.8941,4952,1520,55437,306000000,1728000
1791121806.9442,4952,1504,55375,306000000,1728000
1791121806.9942,4952,1512,55312,306000000,1728000
1791121807.0443,4952,1512,55250,306000000,1728000
1791121807.0944,4952,1512,55437,306000000,1728000
1791121807.1445,4952,1528,55562,306000000,1728000
1791121807.1946,4952,1520,55250,306000000,1728000
1791121807.2447,4952,1520,55468,306000000,1728000
1791121807.2948,4952,1520,55281,306000000,1728000
1791121807.3448,4952,1520,55312,306000000,1728000
1791121807.3949,4952,1520,55500,306000000,1728000
1791121807.4450,4952,1520,55250,306000000,1728000
1791121807.4950,4952,1512,55250,306000000,1728000
1791121807.5451,4952,1520,55250,306000000,1728000
1791121807.5952,4952,1520,55375,306000000,1728000
1791121807.6453,4952,1520,55281,306000000,1728000
1791121807.6954,4952,1528,55437,306000000,1728000
1791121807.7455,4952,1528,55250,306000000,1728000
1791121807.7956,4952,1528,55312,306000000,1728000
1791121807.8457,4952,1528,55281,306000000,1728000
1791121807.8957,4952,1528,55437,306000000,1728000
1791121807.9458,4952,1536,55406,306000000,1728000
1791121807.9959,4952,1536,55468,306000000,1728000
1791121808.0460,4952,1528,55500,306000000,1728000
1791121808.0961,4952,1528,55312,306000000,1728000
1791121808.1461,4952,1520,55406,306000000,1728000
1791121808.1962,4952,1528,55437,306000000,1728000
1791121808.2463,4952,1536,55593,306000000,1728000
1791121808.2964,4952,1536,55343,306000000,1728000
1791121808.3465,4952,1528,55468,306000000,1728000
1791121808.3966,4952,1528,55375,306000000,1728000
1791121808.4467,4952,1536,55406,306000000,1728000
1791121808.4967,4952,1528,55500,306000000,1728000
1791121808.5468,4952,1528,55312,306000000,1728000
1791121808.5969,4952,1528,55500,306000000,1728000
1791121808.6470,4952,1528,55468,306000000,1728000
1791121808.6971,4952,1528,55500,306000000,1728000
1791121808.7472,4952,1528,55718,306000000,1728000
1791121808.7973,4952,1536,55468,306000000,1728000
1791121808.8474,4952,1536,55281,306000000,1728000
1791121808.8974,4952,1536,55312,306000000,1728000
1791121808.9475,4952,1536,55531,306000000,1728000
1791121808.9976,4952,1528,55343,306000000,1728000
1791121809.0477,4952,1528,55531,306000000,1728000
1791121809.0978,4952,1520,55312,306000000,1728000
1791121809.1478,4952,1520,55437,306000000,1728000
1791121809.1979,4952,1520,55250,306000000,1728000
1791121809.2480,4952,1520,55406,306000000,1728000
1791121809.2981,4952,1520,55812,306000000,1728000
1791121809.3482,4952,1536,55375,306000000,1728000
1791121809.3994,4952,1528,55281,306000000,1728000
1791121809.4495,4952,1528,55343,306000000,1728000
1791121809.4996,4952,1528,55468,306000000,1728000
1791121809.5497,4952,1528,55406,306000000,1728000
1791121809.5998,4952,1528,55500,306000000,1728000
1791121809.6498,4952,1520,55406,306000000,1728000
1791121809.6999,4952,1528,55500,306000000,1728000
1791121809.7500,4952,1520,55500,306000000,1728000
1791121809.8001,4952,1528,55406,306000000,1728000
1791121809.8502,4952,1528,55687,306000000,1728000
1791121809.9003,4952,1536,55468,306000000,1728000
1791121809.9504,4952,1536,55312,306000000,1728000
1791121810.0004,4952,1528,55281,306000000,1728000
1791121810.0505,4952,1536,55531,306000000,1728000
1791121810.1006,4952,1536,55343,306000000,1728000
1791121810.1507,4952,1528,55468,306000000,1728000
1791121810.2008,4952,1528,55343,306000000,1728000
1791121810.2509,4952,1528,55468,306000000,1728000
1791121810.3010,4952,1528,55343,306000000,1728000
1791121810.3511,4952,1536,55375,306000000,1728000
1791121810.4011,4952,1536,55468,306000000,1728000
1791121810.4512,4952,1544,55343,306000000,1728000
1791121810.5013,4952,1544,55437,306000000,1728000
1791121810.5514,4952,1536,55468,306000000,1728000
1791121810.6015,4952,1536,55531,306000000,1728000
1791121810.6516,4952,1528,55406,306000000,1728000
1791121810.7016,4952,1528,55531,306000000,1728000
1791121810.7517,4952,1520,55312,306000000,1728000
1791121810.8018,4952,1528,55406,306000000,1728000
1791121810.8519,4952,1520,55406,306000000,1728000
1791121810.9020,4952,1520,55437,306000000,1728000
1791121810.9520,4952,1528,55812,306000000,1728000
1791121811.0021,4952,1536,55437,306000000,1728000
1791121811.0522,4952,1528,55593,306000000,1728000
1791121811.1023,4952,1528,55375,306000000,1728000
1791121811.1524,4952,1528,55468,306000000,1728000
1791121811.2025,4952,1528,55562,306000000,1728000
1791121811.2526,4952,1528,55406,306000000,1728000
1791121811.3027,4952,1520,55468,306000000,1728000
1791121811.3527,4952,1520,55406,306000000,1728000
1791121811.4028,4952,1496,55531,306000000,1728000
1791121811.4529,4952,1464,55375,306000000,1728000
1791121811.5030,4960,1448,55593,306000000,1728000
1791121811.5531,4952,1464,55437,306000000,1728000
1791121811.6032,4952,1464,55531,306000000,1728000
1791121811.6533,4952,1472,55343,306000000,1728000
1791121811.7033,4952,1472,55312,306000000,1728000
1791121811.7534,4952,1480,55531,306000000,1728000
1791121811.8035,4952,1480,55406,306000000,1728000
1791121811.8536,4952,1488,55468,306000000,1728000
1791121811.9037,4952,1488,55406,306000000,1728000
1791121811.9538,4952,1496,55531,306000000,1728000
1791121812.0039,4952,1496,55343,306000000,1728000
1791121812.0540,4952,1496,55531,306000000,1728000
1791121812.1040,4952,1504,55437,306000000,1728000
1791121812.1541,4952,1512,55406,306000000,1728000
1791121812.2042,4952,1512,55406,306000000,1728000
1791121812.2543,4952,1512,55437,306000000,1728000
1791121812.3044,4952,1512,55562,306000000,1728000
1791121812.3545,4952,1512,55343,306000000,1728000
1791121812.4046,4952,1520,55562,306000000,1728000
1791121812.4547,4952,1512,55437,306000000,1728000
1791121812.5047,4952,1512,55531,306000000,1728000
1791121812.5548,4952,1512,55531,306000000,1728000
1791121812.6049,4952,1512,55812,306000000,1728000
1791121812.6550,4952,1520,55343,306000000,1728000
1791121812.7051,4952,1528,55531,306000000,1728000
1791121812.7552,4952,1520,55593,306000000,1728000
1791121812.8052,4952,1528,55406,306000000,1728000
1791121812.8553,4952,1520,55531,306000000,1728000
1791121812.9054,4952,1520,55375,306000000,1728000
1791121812.9555,4952,1520,55468,306000000,1728000
1791121813.0055,4952,1520,55500,306000000,1728000
1791121813.0556,4952,1520,55468,306000000,1728000
1791121813.1057,4952,1520,55625,306000000,1728000
1791121813.1558,4952,1520,55593,306000000,1728000
1791121813.2059,4952,1544,55531,306000000,1728000
1791121813.2560,4952,1528,55406,306000000,1728000
1791121813.3060,4952,1528,55593,306000000,1728000
1791121813.3561,4952,1528,55437,306000000,1728000
1791121813.4062,4952,1528,55531,306000000,1728000
1791121813.4563,4952,1528,55406,306000000,1728000
1791121813.5063,4952,1520,55468,306000000,1728000
1791121813.5564,4952,1520,55531,306000000,1728000
1791121813.6065,4952,1520,55468,306000000,1728000
1791121813.6566,4952,1520,55656,306000000,1728000
1791121813.7067,4952,1528,55468,306000000,1728000
1791121813.7568,4952,1536,55531,306000000,1728000
1791121813.8069,4952,1528,55437,306000000,1728000
1791121813.8569,4952,1528,55562,306000000,1728000
1791121813.9070,4952,1528,55437,306000000,1728000
1791121813.9571,4952,1520,55625,306000000,1728000
1791121814.0072,4952,1520,55375,306000000,1728000
1791121814.0572,4952,1512,55437,306000000,1728000
1791121814.1073,4952,1520,55500,306000000,1728000
1791121814.1574,4952,1512,55468,306000000,1728000
1791121814.2075,4952,1520,55593,306000000,1728000
1791121814.2576,4952,1520,55437,306000000,1728000
1791121814.3076,4952,1528,55656,306000000,1728000
1791121814.3577,4952,1520,55406,306000000,1728000
1791121814.4078,4952,1528,55562,306000000,1728000
1791121814.4579,4952,1520,55656,306000000,1728000
1791121814.5080,4952,1520,55531,306000000,1728000
1791121814.5580,4952,1520,55562,306000000,1728000
1791121814.6081,4952,1520,55468,306000000,1728000
1791121814.6582,4952,1520,55531,306000000,1728000
1791121814.7082,4952,1520,55531,306000000,1728000
1791121814.7583,4952,1520,55593,306000000,1728000
1791121814.8084,4952,1520,55437,306000000,1728000
1791121814.8585,4952,1528,55593,306000000,1728000
1791121814.9086,4952,1528,55437,306000000,1728000
1791121814.9587,4952,1520,55468,306000000,1728000
1791121815.0088,4952,1528,55718,306000000,1728000
1791121815.0588,4952,1520,55500,306000000,1728000
1791121815.1089,4952,1520,55625,306000000,1728000
1791121815.1590,4952,1512,55531,306000000,1728000
1791121815.2091,4952,1520,55562,306000000,1728000
1791121815.2592,4952,1520,55437,306000000,1728000
1791121815.3092,4952,1512,55531,306000000,1728000
1791121815.3593,4952,1520,55531,306000000,1728000
1791121815.4094,4952,1528,55531,306000000,1728000
1791121815.4595,4952,1528,55656,306000000,1728000
1791121815.5096,4952,1520,55562,306000000,1728000
1791121815.5597,4952,1528,55687,306000000,1728000
1791121815.6097,4952,1528,55500,306000000,1728000
1791121815.6598,4952,1528,55625,306000000,1728000
1791121815.7099,4952,1528,55531,306000000,1728000
1791121815.7600,4952,1520,55593,306000000,1728000
1791121815.8100,4952,1528,55718,306000000,1728000
1791121815.8601,4952,1520,55562,306000000,1728000
1791121815.9102,4952,1528,55500,306000000,1728000
1791121815.9603,4952,1528,55593,306000000,1728000
1791121816.0104,4952,1536,55625,306000000,1728000
1791121816.0604,4952,1528,55593,306000000,1728000
1791121816.1105,4952,1528,55625,306000000,1728000
1791121816.1606,4952,1520,55468,306000000,1728000
1791121816.2107,4952,1528,55593,306000000,1728000
1791121816.2608,4952,1520,55625,306000000,1728000
1791121816.3109,4952,1520,55531,306000000,1728000
1791121816.3609,4952,1520,55781,306000000,1728000
1791121816.4110,4952,1512,55625,306000000,1728000
1791121816.4611,4952,1520,55562,306000000,1728000
1791121816.5112,4952,1528,55531,306000000,1728000
1791121816.5613,4952,1528,55687,306000000,1728000
1791121816.6114,4952,1520,55531,306000000,1728000
1791121816.6614,4952,1520,55625,306000000,1728000
1791121816.7115,4952,1512,55500,306000000,1728000
1791121816.7616,4952,1520,55531,306000000,1728000
1791121816.8117,4952,1520,55593,306000000,1728000
1791121816.8618,4952,1520,55531,306000000,1728000
1791121816.9118,4952,1512,55718,306000000,1728000
1791121816.9619,4952,1512,55531,306000000,1728000
1791121817.0120,4952,1520,55687,306000000,1728000
1791121817.0621,4952,1528,55593,306000000,1728000
1791121817.1122,4952,1528,55593,306000000,1728000
1791121817.1623,4952,1520,55531,306000000,1728000
1791121817.2123,4952,1520,55687,306000000,1728000
1791121817.2624,4952,1520,55531,306000000,1728000
1791121817.3125,4952,1528,55562,306000000,1728000
1791121817.3626,4952,1520,55625,306000000,1728000
1791121817.4127,4952,1520,55500,306000000,1728000
1791121817.4627,4952,1520,55687,306000000,1728000
1791121817.5128,4952,1512,55593,306000000,1728000
1791121817.5629,4952,1528,55718,306000000,1728000
1791121817.6130,4952,1528,55562,306000000,1728000
1791121817.6630,4952,1536,55656,306000000,1728000
1791121817.7131,4952,1528,55812,306000000,1728000
1791121817.7632,4952,1528,55593,306000000,1728000
1791121817.8133,4952,1520,55687,306000000,1728000
1791121817.8634,4952,1488,55562,306000000,1728000
1791121817.9135,4952,1456,55687,306000000,1728000
1791121817.9636,4960,1432,55656,306000000,1728000
1791121818.0136,4960,1432,55687,306000000,1728000
1791121818.0637,4960,1448,55468,306000000,1728000
1791121818.1138,4960,1456,55687,306000000,1728000
1791121818.1639,4952,1480,55812,306000000,1728000
1791121818.2140,4952,1480,55625,306000000,1728000
1791121818.2641,4952,1488,55718,306000000,1728000
1791121818.3141,4952,1488,55531,306000000,1728000
1791121818.3642,4952,1496,55687,306000000,1728000
1791121818.4143,4952,1496,55531,306000000,1728000
1791121818.4644,4952,1496,55718,306000000,1728000
1791121818.5145,4952,1504,55562,306000000,1728000
1791121818.5646,4952,1504,55781,306000000,1728000
1791121818.6147,4952,1504,55500,306000000,1728000
1791121818.6648,4952,1504,55812,306000000,1728000
1791121818.7149,4952,1520,55812,306000000,1728000
1791121818.7649,4952,1512,55593,306000000,1728000
1791121818.8150,4952,1512,55781,306000000,1728000
1791121818.8651,4952,1512,55625,306000000,1728000
1791121818.9152,4952,1520,55718,306000000,1728000
1791121818.9653,4952,1520,55593,306000000,1728000
1791121819.0153,4952,1520,55593,306000000,1728000
1791121819.0654,4952,1520,55656,306000000,1728000
1791121819.1155,4952,1512,55593,306000000,1728000
1791121819.1656,4952,1512,55593,306000000,1728000
1791121819.2157,4952,1520,55656,306000000,1728000
1791121819.2658,4952,1528,55812,306000000,1728000
1791121819.3159,4952,1528,55625,306000000,1728000
1791121819.3659,4952,1528,55750,306000000,1728000
1791121819.4160,4952,1528,55593,306000000,1728000
1791121819.4661,4952,1520,55718,306000000,1728000
1791121819.5162,4952,1528,55687,306000000,1728000
1791121819.5663,4952,1528,55718,306000000,1728000
1791121819.6163,4952,1520,55812,306000000,1728000
1791121819.6664,4952,1520,55843,306000000,1728000
1791121819.7165,4952,1520,55531,306000000,1728000
1791121819.7666,4952,1528,55656,306000000,1728000
1791121819.8167,4952,1528,55718,306000000,1728000
1791121819.8667,4952,1528,55625,306000000,1728000
1791121819.9168,4952,1536,55750,306000000,1728000
1791121819.9669,4952,1528,55562,306000000,1728000
1791121820.0170,4952,1528,55593,306000000,1728000
1791121820.0671,4952,1520,55656,306000000,1728000
1791121820.1171,4952,1528,55687,306000000,1728000
1791121820.1672,4952,1520,55812,306000000,1728000
1791121820.2173,4952,1520,55625,306000000,1728000
1791121820.2674,4952,1520,55750,306000000,1728000
1791121820.3175,4952,1520,55593,306000000,1728000
1791121820.3676,4952,1536,55875,306000000,1728000
1791121820.4176,4952,1528,55593,306000000,1728000
1791121820.4677,4952,1520,55843,306000000,1728000
1791121820.5178,4952,1528,55562,306000000,1728000
1791121820.5679,4952,1520,55625,306000000,1728000
1791121820.6180,4952,1520,55687,306000000,1728000
1791121820.6681,4952,1520,55656,306000000,1728000
1791121820.7181,4952,1520,55750,306000000,1728000
1791121820.7682,4952,1520,55656,306000000,1728000
1791121820.8183,4952,1520,55812,306000000,1728000
1791121820.8684,4952,1528,55593,306000000,1728000
1791121820.9185,4952,1536,55750,306000000,1728000
1791121820.9685,4952,1536,55593,306000000,1728000
1791121821.0186,4952,1536,55593,306000000,1728000
1791121821.0687,4952,1536,55718,306000000,1728000
1791121821.1188,4952,1528,55687,306000000,1728000
1791121821.1689,4952,1528,55781,306000000,1728000
1791121821.2190,4952,1528,55812,306000000,1728000
1791121821.2690,4952,1528,55750,306000000,1728000
1791121821.3191,4952,1520,55687,306000000,1728000
1791121821.3692,4952,1520,55656,306000000,1728000
1791121821.4193,4952,1520,55781,306000000,1728000
1791121821.4694,4952,1536,55750,306000000,1728000
1791121821.5195,4952,1528,55906,306000000,1728000
1791121821.5695,4952,1528,55625,306000000,1728000
1791121821.6196,4952,1528,55593,306000000,1728000
1791121821.6697,4952,1528,55562,306000000,1728000
1791121821.7198,4952,1528,55812,306000000,1728000
1791121821.7699,4952,1528,55593,306000000,1728000
1791121821.8200,4952,1520,55875,306000000,1728000
1791121821.8700,4952,1520,55562,306000000,1728000
1791121821.9201,4952,1512,55718,306000000,1728000
1791121821.9702,4952,1520,55718,306000000,1728000
1791121822.0203,4952,1536,56000,306000000,1728000
1791121822.0704,4952,1528,55937,306000000,1728000
1791121822.1205,4952,1528,55625,306000000,1728000
1791121822.1706,4952,1528,55781,306000000,1728000
1791121822.2206,4952,1528,55656,306000000,1728000
1791121822.2707,4952,1528,55718,306000000,1728000
1791121822.3208,4952,1520,55625,306000000,1728000
1791121822.3709,4952,1520,55687,306000000,1728000
1791121822.4210,4952,1520,55687,306000000,1728000
1791121822.4711,4952,1512,55812,306000000,1728000
1791121822.5212,4952,1520,55718,306000000,1728000
1791121822.5712,4952,1528,55968,306000000,1728000
1791121822.6213,4952,1528,55843,306000000,1728000
1791121822.6714,4952,1528,55593,306000000,1728000
1791121822.7215,4952,1528,55718,306000000,1728000
1791121822.7716,4952,1528,55812,306000000,1728000
1791121822.8217,4952,1528,55812,306000000,1728000
1791121822.8717,4952,1528,55843,306000000,1728000
1791121822.9218,4952,1528,55687,306000000,1728000
1791121822.9719,4952,1520,55531,306000000,1728000
1791121823.0220,4952,1528,55687,306000000,1728000
1791121823.0720,4952,1528,55843,306000000,1728000
1791121823.1221,4952,1536,55687,306000000,1728000
1791121823.1722,4952,1536,55812,306000000,1728000
1791121823.2223,4952,1528,55687,306000000,1728000
1791121823.2724,4952,1536,55687,306000000,1728000
1791121823.3225,4952,1528,55687,306000000,1728000
1791121823.3725,4952,1536,55687,306000000,1728000
1791121823.4226,4952,1528,55812,306000000,1728000
1791121823.4727,4952,1528,55625,306000000,1728000
1791121823.5228,4952,1528,55781,306000000,1728000
1791121823.5728,4952,1536,55718,306000000,1728000
1791121823.6229,4952,1536,55812,306000000,1728000
1791121823.6730,4952,1544,55656,306000000,1728000
1791121823.7231,4952,1544,55781,306000000,1728000
1791121823.7732,4952,1536,55562,306000000,1728000
1791121823.8233,4952,1536,55718,306000000,1728000
1791121823.8734,4952,1528,55718,306000000,1728000
1791121823.9234,4952,1528,55687,306000000,1728000
1791121823.9735,4952,1520,55750,306000000,1728000
1791121824.0236,4952,1528,55750,306000000,1728000
1791121824.0737,4952,1520,55781,306000000,1728000
1791121824.1238,4952,1520,55718,306000000,1728000
1791121824.1738,4952,1520,55906,306000000,1728000
1791121824.2239,4952,1536,55843,306000000,1728000
1791121824.2740,4952,1536,55750,306000000,1728000
1791121824.3241,4952,1536,55812,306000000,1728000
1791121824.3742,4952,1528,55687,306000000,1728000
1791121824.4243,4952,1528,55781,306000000,1728000
1791121824.4744,4952,1528,55718,306000000,1728000
1791121824.5244,4952,1520,55812,306000000,1728000
1791121824.5745,4952,1520,55750,306000000,1728000
1791121824.6246,4952,1520,55812,306000000,1728000
1791121824.6747,4952,1520,55718,306000000,1728000
1791121824.7248,4952,1512,55718,306000000,1728000
1791121824.7749,4952,1528,56031,306000000,1728000
1791121824.8249,4952,1528,55687,306000000,1728000
1791121824.8750,4952,1520,55718,306000000,1728000
1791121824.9251,4952,1520,55750,306000000,1728000
1791121824.9752,4952,1520,55843,306000000,1728000
1791121825.0253,4952,1520,55687,306000000,1728000
1791121825.0753,4952,1512,55812,306000000,1728000
1791121825.1254,4952,1512,55656,306000000,1728000
1791121825.1755,4952,1512,55718,306000000,1728000
1791121825.2256,4952,1512,55812,306000000,1728000
1791121825.2757,4952,1512,55718,306000000,1728000
1791121825.3257,4952,1520,56062,306000000,1728000
1791121825.3758,4952,1528,55750,306000000,1728000
1791121825.4259,4952,1520,55812,306000000,1728000
1791121825.4760,4952,1520,55718,306000000,1728000
1791121825.5261,4952,1528,55718,306000000,1728000
1791121825.5761,4952,1520,55843,306000000,1728000
1791121825.6262,4952,1520,55781,306000000,1728000
1791121825.6763,4952,1520,55687,306000000,1728000
1791121825.7264,4952,1520,55812,306000000,1728000
1791121825.7764,4952,1512,55843,306000000,1728000
1791121825.8265,4952,1512,55781,306000000,1728000
1791121825.8766,4952,1504,56156,306000000,1728000
1791121825.9267,4952,1480,55750,306000000,1728000
1791121825.9768,4952,1456,55718,306000000,1728000
1791121826.0269,4960,1432,55906,306000000,1728000
1791121826.0770,4960,1432,55718,306000000,1728000
1791121826.1270,4960,1440,55687,306000000,1728000
1791121826.1771,4952,1448,55625,306000000,1728000
1791121826.2272,4952,1456,55656,306000000,1728000
1791121826.2773,4952,1464,55750,306000000,1728000
1791121826.3274,4952,1464,55843,306000000,1728000
1791121826.3775,4952,1472,55656,306000000,1728000
1791121826.4275,4952,1496,55906,306000000,1728000
1791121826.4776,4952,1488,55656,306000000,1728000
1791121826.5277,4952,1496,55687,306000000,1728000
1791121826.5778,4952,1496,55812,306000000,1728000
1791121826.6279,4952,1496,55687,306000000,1728000
1791121826.6780,4952,1504,55843,306000000,1728000
1791121826.7280,4952,1504,55656,306000000,1728000
1791121826.7781,4952,1512,55718,306000000,1728000
1791121826.8282,4952,1512,55625,306000000,1728000
1791121826.8783,4952,1504,55718,306000000,1728000
1791121826.9284,4952,1504,55687,306000000,1728000
1791121826.9784,4952,1520,55812,306000000,1728000
1791121827.0285,4952,1520,55656,306000000,1728000
1791121827.0786,4952,1520,55750,306000000,1728000
1791121827.1287,4952,1520,55812,306000000,1728000
1791121827.1788,4952,1520,55687,306000000,1728000
1791121827.2289,4952,1520,55937,306000000,1728000
1791121827.2789,4952,1512,55843,306000000,1728000
1791121827.3290,4952,1520,55875,306000000,1728000
1791121827.3791,4952,1512,55781,306000000,1728000
1791121827.4292,4952,1520,55937,306000000,1728000
1791121827.4793,4952,1520,55718,306000000,1728000
1791121827.5294,4952,1536,55750,306000000,1728000
1791121827.5794,4952,1544,55656,306000000,1728000
1791121827.6295,4952,1536,55750,306000000,1728000
1791121827.6796,4952,1536,55843,306000000,1728000
1791121827.7297,4952,1520,55718,306000000,1728000
1791121827.7797,4952,1528,55812,306000000,1728000
1791121827.8298,4952,1520,55812,306000000,1728000
1791121827.8800,4952,1528,55906,306000000,1728000
1791121827.9301,4952,1528,55875,306000000,1728000
1791121827.9802,4952,1528,55812,306000000,1728000
1791121828.0303,4952,1528,55687,306000000,1728000
1791121828.0804,4952,1536,55781,306000000,1728000
1791121828.1304,4952,1536,55781,306000000,1728000
1791121828.1805,4952,1536,55781,306000000,1728000
1791121828.2306,4952,1536,55906,306000000,1728000
1791121828.2807,4952,1528,55750,306000000,1728000
1791121828.3308,4952,1536,55843,306000000,1728000
1791121828.3809,4952,1528,55687,306000000,1728000
1791121828.4310,4952,1528,55781,306000000,1728000
1791121828.4810,4952,1528,55968,306000000,1728000
1791121828.5311,4952,1528,55812,306000000,1728000
1791121828.5812,4952,1528,55906,306000000,1728000
1791121828.6313,4952,1536,55781,306000000,1728000
1791121828.6814,4952,1536,55906,306000000,1728000
1791121828.7317,4952,1536,55781,306000000,1728000
1791121828.7817,4952,1528,55875,306000000,1728000
1791121828.8318,4952,1528,55875,306000000,1728000
1791121828.8819,4952,1520,55843,306000000,1728000
1791121828.9320,4952,1528,55718,306000000,1728000
1791121828.9821,4952,1528,55875,306000000,1728000
1791121829.0321,4952,1520,55781,306000000,1728000
1791121829.0822,4952,1528,55906,306000000,1728000
1791121829.1323,4952,1520,55968,306000000,1728000
1791121829.1824,4952,1536,56062,306000000,1728000
1791121829.2325,4952,1528,55843,306000000,1728000
1791121829.2826,4952,1536,55937,306000000,1728000
1791121829.3326,4952,1536,55781,306000000,1728000
1791121829.3827,4952,1528,55906,306000000,1728000
1791121829.4328,4952,1520,55750,306000000,1728000
1791121829.4829,4952,1520,55750,306000000,1728000
1791121829.5330,4952,1512,55843,306000000,1728000
1791121829.5831,4952,1520,55937,306000000,1728000
1791121829.6331,4952,1520,55781,306000000,1728000
1791121829.6832,4952,1512,55875,306000000,1728000
1791121829.7333,4952,1536,56093,306000000,1728000
1791121829.7834,4952,1528,55875,306000000,1728000
1791121829.8335,4952,1528,55906,306000000,1728000
1791121829.8836,4952,1528,55812,306000000,1728000
1791121829.9337,4952,1528,56000,306000000,1728000
1791121829.9837,4952,1528,55781,306000000,1728000
1791121830.0338,4952,1520,55812,306000000,1728000
1791121830.0839,4952,1528,55781,306000000,1728000
1791121830.1340,4952,1520,55812,306000000,1728000
1791121830.1841,4952,1520,55718,306000000,1728000
1791121830.2342,4952,1520,55875,306000000,1728000
1791121830.2842,4952,1528,55750,306000000,1728000
1791121830.3343,4952,1528,55812,306000000,1728000
1791121830.3844,4952,1528,56000,306000000,1728000
1791121830.4345,4952,1536,55812,306000000,1728000
1791121830.4846,4952,1528,56031,306000000,1728000
1791121830.5347,4952,1528,55937,306000000,1728000
1791121830.5847,4952,1520,55937,306000000,1728000
1791121830.6348,4952,1520,55843,306000000,1728000
1791121830.6849,4952,1520,55968,306000000,1728000
1791121830.7350,4952,1520,55750,306000000,1728000
1791121830.7851,4952,1520,55875,306000000,1728000
1791121830.8352,4952,1528,55781,306000000,1728000
1791121830.8852,4952,1536,55812,306000000,1728000
1791121830.9353,4952,1536,55906,306000000,1728000
1791121830.9854,4952,1528,55781,306000000,1728000
1791121831.0355,4952,1528,56125,306000000,1728000
1791121831.0856,4952,1528,55875,306000000,1728000
1791121831.1356,4952,1520,55843,306000000,1728000
1791121831.1857,4952,1520,56031,306000000,1728000
1791121831.2361,4952,1512,55812,306000000,1728000
1791121831.2862,4952,1512,55812,306000000,1728000
1791121831.3363,4952,1512,55750,306000000,1728000
1791121831.3864,4952,1528,55843,306000000,1728000
1791121831.4365,4952,1528,55812,306000000,1728000
1791121831.4865,4952,1520,55937,306000000,1728000
1791121831.5366,4952,1520,55781,306000000,1728000
1791121831.5867,4952,1512,55937,306000000,1728000
1791121831.6368,4952,1512,55750,306000000,1728000
1791121831.6869,4952,1512,55875,306000000,1728000
1791121831.7369,4952,1512,55968,306000000,1728000
1791121831.7870,4952,1512,55812,306000000,1728000
1791121831.8371,4952,1512,55875,306000000,1728000
1791121831.8872,4952,1504,55812,306000000,1728000
1791121831.9373,4952,1520,55906,306000000,1728000
1791121831.9874,4952,1520,55843,306000000,1728000
1791121832.0375,4952,1520,55875,306000000,1728000
1791121832.0875,4952,1520,55937,306000000,1728000
1791121832.1376,4952,1520,55968,306000000,1728000
1791121832.1877,4952,1512,55812,306000000,1728000
1791121832.2378,4952,1512,56031,306000000,1728000
1791121832.2879,4952,1520,55875,306000000,1728000
1791121832.3379,4952,1512,55843,306000000,1728000
1791121832.3880,4952,1520,55906,306000000,1728000
1791121832.4381,4952,1520,55875,306000000,1728000
1791121832.4882,4952,1528,55906,306000000,1728000
1791121832.5383,4952,1536,55750,306000000,1728000
1791121832.5884,4952,1528,55875,306000000,1728000
1791121832.6384,4952,1528,55937,306000000,1728000
1791121832.6885,4952,1528,55843,306000000,1728000
1791121832.7386,4952,1520,55718,306000000,1728000
1791121832.7887,4952,1520,55843,306000000,1728000
1791121832.8388,4952,1512,55812,306000000,1728000
1791121832.8888,4952,1520,55906,306000000,1728000
1791121832.9389,4952,1512,55968,306000000,1728000
1791121832.9890,4952,1512,55812,306000000,1728000
1791121833.0391,4952,1520,56156,306000000,1728000
1791121833.0892,4952,1528,56093,306000000,1728000
1791121833.1392,4952,1528,55906,306000000,1728000
1791121833.1893,4952,1528,55718,306000000,1728000
1791121833.2394,4952,1528,55843,306000000,1728000
1791121833.2894,4952,1520,55843,306000000,1728000
1791121833.3395,4952,1528,55906,306000000,1728000
1791121833.3896,4952,1520,55875,306000000,1728000
1791121833.4397,4952,1528,55843,306000000,1728000
1791121833.4898,4952,1528,55875,306000000,1728000
1791121833.5398,4952,1520,55843,306000000,1728000
1791121833.5899,4952,1536,56031,306000000,1728000
1791121833.6400,4952,1536,56000,306000000,1728000
1791121833.6901,4952,1536,55843,306000000,1728000
1791121833.7402,4952,1528,55968,306000000,1728000
1791121833.7903,4952,1528,56062,306000000,1728000
1791121833.8404,4952,1536,55781,306000000,1728000
1791121833.8904,4952,1536,55937,306000000,1728000
1791121833.9405,4952,1528,55906,306000000,1728000
1791121833.9906,4952,1520,55906,306000000,1728000
1791121834.0407,4952,1528,55937,306000000,1728000
1791121834.0908,4952,1528,55843,306000000,1728000
1791121834.1409,4952,1536,56156,306000000,1728000
1791121834.1910,4952,1544,56062,306000000,1728000
1791121834.2411,4952,1536,55875,306000000,1728000
1791121834.2911,4952,1536,56125,306000000,1728000
1791121834.3412,4952,1528,56062,306000000,1728000
1791121834.3913,4952,1528,56000,306000000,1728000
1791121834.4414,4952,1528,56000,306000000,1728000
1791121834.4915,4952,1528,55906,306000000,1728000
1791121834.5415,4952,1528,55781,306000000,1728000
1791121834.5916,4952,1520,55875,306000000,1728000
1791121834.6417,4952,1520,55875,306000000,1728000
1791121834.6918,4952,1528,56250,306000000,1728000
1791121834.7419,4952,1536,56000,306000000,1728000
1791121834.7920,4952,1528,55812,306000000,1728000
1791121834.8420,4952,1528,56000,306000000,1728000
1791121834.8921,4952,1528,55718,306000000,1728000
1791121834.9422,4952,1528,55968,306000000,1728000
1791121834.9923,4952,1528,55937,306000000,1728000
1791121835.0424,4952,1520,55906,306000000,1728000
1791121835.0925,4952,1528,55781,306000000,1728000
1791121835.1425,4952,1528,55937,306000000,1728000
1791121835.1926,4952,1528,55906,306000000,1728000
1791121835.2427,4952,1536,56000,306000000,1728000
1791121835.2928,4952,1536,56000,306000000,1728000
1791121835.3429,4952,1528,56062,306000000,1728000
1791121835.3930,4952,1528,55906,306000000,1728000
1791121835.4431,4952,1528,55968,306000000,1728000
1791121835.4931,4952,1520,55875,306000000,1728000
1791121835.5432,4952,1528,55937,306000000,1728000
1791121835.5933,4952,1520,55937,306000000,1728000
1791121835.6434,4952,1520,56031,306000000,1728000
1791121835.6934,4952,1512,55906,306000000,1728000
1791121835.7435,4952,1480,55968,306000000,1728000
1791121835.7936,4952,1472,56062,306000000,1728000
1791121835.8437,4960,1448,56156,306000000,1728000
1791121835.8938,4960,1432,55937,306000000,1728000
1791121835.9439,4960,1432,55937,306000000,1728000
1791121835.9940,4960,1440,55843,306000000,1728000
1791121836.0440,4960,1448,56000,306000000,1728000
1791121836.0941,4960,1456,55968,306000000,1728000
1791121836.1442,4952,1464,55875,306000000,1728000
1791121836.1943,4952,1472,56125,306000000,1728000
1791121836.2444,4952,1480,55843,306000000,1728000
1791121836.2944,4952,1480,55906,306000000,1728000
1791121836.3445,4952,1496,56125,306000000,1728000
1791121836.3946,4952,1496,56093,306000000,1728000
1791121836.4447,4952,1512,55812,306000000,1728000
1791121836.4948,4952,1512,55843,306000000,1728000
1791121836.5449,4952,1512,55875,306000000,1728000
1791121836.5950,4952,1504,55875,306000000,1728000
1791121836.6451,4952,1512,55968,306000000,1728000
1791121836.6951,4952,1504,55937,306000000,1728000
1791121836.7452,4952,1504,55968,306000000,1728000
1791121836.7953,4952,1496,55875,306000000,1728000
1791121836.8454,4952,1504,55968,306000000,1728000
1791121836.8955,4952,1520,56125,306000000,1728000
1791121836.9456,4952,1520,55968,306000000,1728000
1791121836.9956,4952,1528,56062,306000000,1728000
1791121837.0457,4952,1520,55843,306000000,1728000
1791121837.0958,4952,1520,55937,306000000,1728000
1791121837.1459,4952,1528,56062,306000000,1728000
1791121837.1960,4952,1520,55937,306000000,1728000
1791121837.2461,4952,1520,55906,306000000,1728000
1791121837.2961,4952,1520,56031,306000000,1728000
1791121837.3462,4952,1520,55843,306000000,1728000
1791121837.3963,4952,1520,55843,306000000,1728000
1791121837.4464,4952,1528,56062,306000000,1728000
1791121837.4965,4952,1536,55906,306000000,1728000
1791121837.5466,4952,1536,56062,306000000,1728000
1791121837.5967,4952,1536,56062,306000000,1728000
1791121837.6467,4952,1536,56000,306000000,1728000
1791121837.6968,4952,1536,56093,306000000,1728000
1791121837.7469,4952,1528,55968,306000000,1728000
1791121837.7970,4952,1528,55875,306000000,1728000
1791121837.8470,4952,1528,55906,306000000,1728000
1791121837.8971,4952,1528,55968,306000000,1728000
1791121837.9472,4952,1528,55906,306000000,1728000
1791121837.9973,4952,1536,56187,306000000,1728000
1791121838.0474,4952,1536,55906,306000000,1728000
1791121838.0975,4952,1536,56187,306000000,1728000
1791121838.1476,4952,1536,55875,306000000,1728000
1791121838.1976,4952,1536,55937,306000000,1728000
1791121838.2477,4952,1536,56062,306000000,1728000
1791121838.2978,4952,1528,55968,306000000,1728000
1791121838.3479,4952,1520,55906,306000000,1728000
1791121838.3980,4952,1520,55906,306000000,1728000
1791121838.4480,4952,1528,56031,306000000,1728000
1791121838.4981,4952,1520,55937,306000000,1728000
1791121838.5482,4952,1528,56187,306000000,1728000
1791121838.5983,4952,1528,55875,306000000,1728000
1791121838.6484,4952,1536,55968,306000000,1728000
1791121838.6985,4952,1528,56031,306000000,1728000
1791121838.7485,4952,1528,55906,306000000,1728000
1791121838.7986,4952,1528,56062,306000000,1728000
1791121838.8487,4952,1528,56031,306000000,1728000
1791121838.8988,4952,1528,56187,306000000,1728000
1791121838.9489,4952,1520,56062,306000000,1728000
1791121838.9989,4952,1520,56031,306000000,1728000
1791121839.0490,4952,1520,56156,306000000,1728000
1791121839.0991,4952,1528,56031,306000000,1728000
1791121839.1492,4952,1528,56156,306000000,1728000
1791121839.1993,4952,1528,55906,306000000,1728000
1791121839.2494,4952,1536,55875,306000000,1728000
1791121839.2995,4952,1528,55937,306000000,1728000
1791121839.3495,4952,1528,56031,306000000,1728000
1791121839.3996,4952,1528,55937,306000000,1728000
1791121839.4497,4952,1528,56156,306000000,1728000
1791121839.4998,4952,1528,55812,306000000,1728000
1791121839.5499,4952,1520,56031,306000000,1728000
1791121839.5999,4952,1528,56125,306000000,1728000
1791121839.6500,4952,1528,56156,306000000,1728000
1791121839.7001,4952,1544,56000,306000000,1728000
1791121839.7502,4952,1536,56031,306000000,1728000
1791121839.8003,4952,1536,56000,306000000,1728000
1791121839.8504,4952,1528,55968,306000000,1728000
1791121839.9005,4952,1528,56062,306000000,1728000
1791121839.9505,4952,1528,56000,306000000,1728000
1791121840.0006,4952,1528,56031,306000000,1728000
1791121840.0507,4952,1528,55968,306000000,1728000
1791121840.1008,4952,1528,56062,306000000,1728000
1791121840.1509,4952,1520,56000,306000000,1728000
1791121840.2010,4952,1536,56312,306000000,1728000
1791121840.2511,4952,1536,56062,306000000,1728000
1791121840.3011,4952,1536,55937,306000000,1728000
1791121840.3512,4952,1536,56062,306000000,1728000
1791121840.4013,4952,1536,56093,306000000,1728000
1791121840.4514,4952,1536,56093,306000000,1728000
1791121840.5015,4952,1528,56000,306000000,1728000
1791121840.5515,4952,1528,56062,306000000,1728000
1791121840.6016,4952,1520,56000,306000000,1728000
1791121840.6517,4952,1528,55968,306000000,1728000
1791121840.7018,4952,1520,56125,306000000,1728000
1791121840.7519,4952,1536,55968,306000000,1728000
1791121840.8019,4952,1528,56218,306000000,1728000
1791121840.8520,4952,1536,55906,306000000,1728000
1791121840.9021,4952,1536,56125,306000000,1728000
1791121840.9522,4952,1528,56125,306000000,1728000
1791121841.0023,4952,1536,55968,306000000,1728000
1791121841.0524,4952,1528,55906,306000000,1728000
1791121841.1024,4952,1528,56000,306000000,1728000
1791121841.1525,4952,1520,56000,306000000,1728000
1791121841.2026,4952,1520,55906,306000000,1728000
1791121841.2527,4952,1520,56062,306000000,1728000
1791121841.3028,4952,1528,56031,306000000,1728000
1791121841.3529,4952,1536,56062,306000000,1728000
1791121841.4030,4952,1528,55968,306000000,1728000
1791121841.4530,4952,1528,56062,306000000,1728000
1791121841.5031,4952,1528,56187,306000000,1728000
1791121841.5532,4952,1528,56031,306000000,1728000
1791121841.6033,4952,1520,55937,306000000,1728000
1791121841.6534,4952,1520,56000,306000000,1728000
1791121841.7035,4952,1520,56031,306000000,1728000
1791121841.7535,4952,1520,56000,306000000,1728000
1791121841.8036,4952,1512,56062,306000000,1728000
1791121841.8537,4952,1528,56000,306000000,1728000
1791121841.9038,4952,1520,56062,306000000,1728000
1791121841.9539,4952,1528,56062,306000000,1728000
1791121842.0040,4952,1520,56031,306000000,1728000
1791121842.0541,4952,1528,56093,306000000,1728000
1791121842.1042,4952,1520,56125,306000000,1728000
1791121842.1542,4952,1520,55843,306000000,1728000
1791121842.2043,4952,1520,55968,306000000,1728000
1791121842.2544,4952,1520,56093,306000000,1728000
1791121842.3045,4952,1520,56281,306000000,1728000
1791121842.3545,4952,1520,56093,306000000,1728000
1791121842.4046,4952,1528,56156,306000000,1728000
1791121842.4547,4952,1536,56031,306000000,1728000
1791121842.5048,4952,1536,56062,306000000,1728000
1791121842.5549,4952,1528,56031,306000000,1728000
1791121842.6050,4952,1528,56125,306000000,1728000
1791121842.6551,4952,1536,55968,306000000,1728000
1791121842.7051,4952,1520,56218,306000000,1728000
1791121842.7552,4952,1528,55968,306000000,1728000
1791121842.8053,4952,1528,56031,306000000,1728000
1791121842.8554,4952,1528,56218,306000000,1728000
1791121842.9055,4952,1528,56031,306000000,1728000
1791121842.9556,4952,1536,56093,306000000,1728000
1791121843.0057,4952,1536,56156,306000000,1728000
1791121843.0558,4952,1536,56031,306000000,1728000
1791121843.1058,4952,1528,56031,306000000,1728000
1791121843.1559,4952,1528,56093,306000000,1728000
1791121843.2060,4952,1512,56093,306000000,1728000
1791121843.2561,4952,1520,56062,306000000,1728000
1791121843.3062,4952,1520,56031,306000000,1728000
1791121843.3562,4952,1520,56125,306000000,1728000
1791121843.4063,4952,1528,56187,306000000,1728000
1791121843.4564,4952,1528,56031,306000000,1728000
1791121843.5065,4952,1536,56250,306000000,1728000
1791121843.5566,4952,1544,56000,306000000,1728000
1791121843.6067,4952,1544,56093,306000000,1728000
1791121843.6568,4952,1544,56062,306000000,1728000
1791121843.7068,4952,1536,56218,306000000,1728000
1791121843.7569,4952,1536,56031,306000000,1728000
1791121843.8070,4952,1536,56187,306000000,1728000
1791121843.8571,4952,1528,56031,306000000,1728000
1791121843.9072,4952,1536,56031,306000000,1728000
1791121843.9573,4952,1536,56093,306000000,1728000
1791121844.0073,4952,1528,55968,306000000,1728000
1791121844.0574,4952,1544,56562,306000000,1728000
1791121844.1075,4952,1544,56000,306000000,1728000
1791121844.1576,4952,1536,56250,306000000,1728000
1791121844.2077,4952,1536,56281,306000000,1728000
1791121844.2578,4952,1544,56156,306000000,1728000
1791121844.3079,4952,1528,55968,306000000,1728000
1791121844.3579,4952,1536,56031,306000000,1728000
1791121844.4080,4952,1520,56187,306000000,1728000
1791121844.4581,4952,1520,56093,306000000,1728000
1791121844.5085,4952,1520,56093,306000000,1728000
1791121844.5586,4952,1520,56000,306000000,1728000
1791121844.6087,4952,1528,56531,306000000,1728000
1791121844.6588,4952,1544,56062,306000000,1728000
1791121844.7089,4952,1536,56093,306000000,1728000
1791121844.7590,4952,1536,56156,306000000,1728000
1791121844.8091,4952,1536,56031,306000000,1728000
1791121844.8591,4952,1528,56000,306000000,1728000
1791121844.9092,4952,1536,56125,306000000,1728000
1791121844.9593,4952,1528,56000,306000000,1728000
1791121845.0094,4952,1528,56031,306000000,1728000
1791121845.0594,4952,1520,56125,306000000,1728000
1791121845.1095,4952,1520,56000,306000000,1728000
1791121845.1596,4952,1536,56125,306000000,1728000
1791121845.2097,4952,1536,56125,306000000,1728000
1791121845.2598,4952,1536,56031,306000000,1728000
1791121845.3099,4952,1520,56062,306000000,1728000
1791121845.3599,4952,1528,56187,306000000,1728000
1791121845.4100,4952,1520,56000,306000000,1728000
1791121845.4601,4952,1528,56093,306000000,1728000
1791121845.5102,4952,1520,56156,306000000,1728000
1791121845.5603,4952,1528,56000,306000000,1728000
1791121845.6103,4952,1520,56062,306000000,1728000
1791121845.6604,4952,1520,56062,306000000,1728000
1791121845.7105,4952,1536,56093,306000000,1728000
1791121845.7606,4952,1544,56125,306000000,1728000
1791121845.8107,4952,1536,56000,306000000,1728000
1791121845.8608,4952,1536,56093,306000000,1728000
1791121845.9109,4952,1528,56000,306000000,1728000
1791121845.9610,4952,1528,56093,306000000,1728000
1791121846.0110,4952,1520,56000,306000000,1728000
1791121846.0611,4952,1528,56062,306000000,1728000
1791121846.1112,4952,1520,56031,306000000,1728000
1791121846.1613,4952,1520,56062,306000000,1728000
1791121846.2114,4952,1512,56031,306000000,1728000
1791121846.2615,4952,1528,56062,306000000,1728000
1791121846.3116,4952,1536,56250,306000000,1728000
1791121846.3617,4952,1528,56062,306000000,1728000
1791121846.4117,4952,1528,56125,306000000,1728000
1791121846.4618,4952,1528,56062,306000000,1728000
1791121846.5119,4952,1536,56062,306000000,1728000
1791121846.5620,4952,1528,56031,306000000,1728000
1791121846.6121,4952,1528,56187,306000000,1728000
1791121846.6622,4952,1528,55968,306000000,1728000
1791121846.7122,4952,1520,56062,306000000,1728000
1791121846.7623,4952,1520,56187,306000000,1728000
1791121846.8124,4952,1528,56093,306000000,1728000
1791121846.8625,4952,1536,56187,306000000,1728000
1791121846.9126,4952,1536,56156,306000000,1728000
1791121846.9627,4952,1528,56093,306000000,1728000
1791121847.0128,4952,1528,56062,306000000,1728000
1791121847.0629,4952,1520,56218,306000000,1728000
1791121847.1129,4952,1528,56000,306000000,1728000
1791121847.1631,4952,1520,56093,306000000,1728000
1791121847.2131,4952,1520,55968,306000000,1728000
1791121847.2632,4952,1520,56062,306000000,1728000
1791121847.3133,4952,1520,56031,306000000,1728000
1791121847.3634,4952,1528,56000,306000000,1728000
1791121847.4135,4952,1536,56218,306000000,1728000
1791121847.4636,4952,1536,56093,306000000,1728000
1791121847.5137,4952,1536,56062,306000000,1728000
1791121847.5637,4952,1536,55968,306000000,1728000
1791121847.6138,4952,1536,56125,306000000,1728000
1791121847.6639,4952,1536,56062,306000000,1728000
1791121847.7140,4952,1528,56093,306000000,1728000
1791121847.7641,4952,1536,56062,306000000,1728000
1791121847.8142,4952,1528,56093,306000000,1728000
1791121847.8642,4952,1528,56156,306000000,1728000
1791121847.9143,4952,1528,56000,306000000,1728000
1791121847.9644,4952,1544,56093,306000000,1728000
1791121848.0145,4952,1536,56062,306000000,1728000
1791121848.0646,4952,1536,56031,306000000,1728000
1791121848.1147,4952,1544,56062,306000000,1728000
1791121848.1648,4952,1536,56125,306000000,1728000
1791121848.2148,4952,1536,56000,306000000,1728000
1791121848.2649,4952,1536,56062,306000000,1728000
1791121848.3150,4952,1528,56156,306000000,1728000
1791121848.3651,4952,1528,56031,306000000,1728000
1791121848.4152,4952,1528,56093,306000000,1728000
1791121848.4652,4952,1520,56218,306000000,1728000
1791121848.5153,4952,1512,56125,306000000,1728000
1791121848.5654,4952,1496,56093,306000000,1728000
1791121848.6155,4952,1464,56156,306000000,1728000
1791121848.6656,4960,1448,56218,306000000,1728000
1791121848.7157,4960,1424,56031,306000000,1728000
1791121848.7658,4960,1416,56093,306000000,1728000
1791121848.8159,4960,1432,56031,306000000,1728000
1791121848.8659,4960,1440,56093,306000000,1728000
1791121848.9160,4960,1448,56125,306000000,1728000
1791121848.9661,4960,1456,56031,306000000,1728000
1791121849.0162,4960,1456,56031,306000000,1728000
1791121849.0663,4952,1480,56125,306000000,1728000
1791121849.1164,4952,1480,56187,306000000,1728000
1791121849.1665,4952,1488,56031,306000000,1728000
1791121849.2166,4952,1480,56125,306000000,1728000
1791121849.2667,4952,1488,56000,306000000,1728000
1791121849.3167,4952,1488,56125,306000000,1728000
1791121849.3668,4952,1496,56062,306000000,1728000
1791121849.4169,4952,1488,56062,306000000,1728000
1791121849.4670,4952,1496,56031,306000000,1728000
1791121849.5171,4952,1488,56062,306000000,1728000
1791121849.5672,4952,1496,56187,306000000,1728000
1791121849.6173,4952,1504,56156,306000000,1728000
1791121849.6674,4952,1512,56156,306000000,1728000
1791121849.7175,4952,1512,56125,306000000,1728000
1791121849.7675,4952,1512,56218,306000000,1728000
1791121849.8176,4952,1512,56031,306000000,1728000
1791121849.8677,4952,1512,56218,306000000,1728000
1791121849.9178,4952,1512,56031,306000000,1728000
1791121849.9679,4952,1512,56156,306000000,1728000
1791121850.0180,4952,1512,56218,306000000,1728000
1791121850.0680,4952,1512,56031,306000000,1728000
1791121850.1181,4952,1512,56218,306000000,1728000
1791121850.1682,4952,1512,56250,306000000,1728000
1791121850.2183,4952,1528,56125,306000000,1728000
1791121850.2684,4952,1528,56156,306000000,1728000
1791121850.3185,4952,1528,56218,306000000,1728000
1791121850.3685,4952,1528,56000,306000000,1728000
1791121850.4186,4952,1520,56093,306000000,1728000
1791121850.4687,4952,1528,56000,306000000,1728000
1791121850.5188,4952,1520,56062,306000000,1728000
1791121850.5689,4952,1520,56250,306000000,1728000
1791121850.6190,4952,1520,56031,306000000,1728000
1791121850.6690,4952,1512,56125,306000000,1728000
1791121850.7191,4952,1512,56156,306000000,1728000
1791121850.7692,4952,1528,56187,306000000,1728000
1791121850.8193,4952,1528,56062,306000000,1728000
1791121850.8694,4952,1528,56125,306000000,1728000
1791121850.9195,4952,1520,56062,306000000,1728000
1791121850.9696,4952,1528,56093,306000000,1728000
1791121851.0197,4952,1528,56218,306000000,1728000
1791121851.0697,4952,1520,56031,306000000,1728000
1791121851.1198,4952,1528,56218,306000000,1728000
1791121851.1699,4952,1520,56062,306000000,1728000
1791121851.2200,4952,1520,56187,306000000,1728000
1791121851.2701,4952,1520,56187,306000000,1728000
1791121851.3202,4952,1536,56156,306000000,1728000
1791121851.3703,4952,1528,56062,306000000,1728000
1791121851.4204,4952,1528,56187,306000000,1728000
1791121851.4704,4952,1520,56031,306000000,1728000
1791121851.5205,4952,1528,56093,306000000,1728000
1791121851.5706,4952,1512,56218,306000000,1728000
1791121851.6207,4952,1512,56093,306000000,1728000
1791121851.6708,4952,1512,56187,306000000,1728000
1791121851.7209,4952,1512,56281,306000000,1728000
1791121851.7709,4952,1512,56093,306000000,1728000
1791121851.8210,4952,1520,56156,306000000,1728000
1791121851.8711,4952,1536,56062,306000000,1728000
1791121851.9212,4952,1536,56062,306000000,1728000
1791121851.9713,4952,1528,56218,306000000,1728000
1791121852.0214,4952,1528,56187,306000000,1728000
1791121852.0715,4952,1528,56156,306000000,1728000
1791121852.1216,4952,1528,56250,306000000,1728000
1791121852.1716,4952,1528,56093,306000000,1728000
1791121852.2217,4952,1520,56125,306000000,1728000
1791121852.2718,4952,1528,56062,306000000,1728000
1791121852.3219,4952,1520,56125,306000000,1728000
1791121852.3719,4952,1520,56031,306000000,1728000
1791121852.4220,4952,1528,56187,306000000,1728000
1791121852.4721,4952,1528,56312,306000000,1728000
1791121852.5222,4952,1528,56125,306000000,1728000
1791121852.5723,4952,1528,56218,306000000,1728000
1791121852.6224,4952,1520,56093,306000000,1728000
1791121852.6725,4952,1520,56187,306000000,1728000
1791121852.7225,4952,1520,56125,306000000,1728000
1791121852.7726,4952,1520,56187,306000000,1728000
1791121852.8227,4952,1512,56156,306000000,1728000
1791121852.8728,4952,1520,56125,306000000,1728000
1791121852.9229,4952,1520,56281,306000000,1728000
1791121852.9730,4952,1520,56187,306000000,1728000
1791121853.0231,4952,1536,56218,306000000,1728000
1791121853.0732,4952,1536,56093,306000000,1728000
1791121853.1232,4952,1536,56312,306000000,1728000
1791121853.1733,4952,1528,56125,306000000,1728000
1791121853.2234,4952,1528,56218,306000000,1728000
1791121853.2735,4952,1528,56312,306000000,1728000
1791121853.3235,4952,1528,56187,306000000,1728000
1791121853.3736,4952,1528,56312,306000000,1728000
1791121853.4237,4952,1520,56187,306000000,1728000
1791121853.4738,4952,1520,56281,306000000,1728000
1791121853.5239,4952,1536,56250,306000000,1728000
1791121853.5740,4952,1536,56312,306000000,1728000
1791121853.6241,4952,1536,56156,306000000,1728000
1791121853.6741,4952,1528,56156,306000000,1728000
1791121853.7242,4952,1528,56062,306000000,1728000
1791121853.7743,4952,1520,56125,306000000,1728000
1791121853.8244,4952,1520,56312,306000000,1728000
1791121853.8745,4952,1520,56125,306000000,1728000
1791121853.9246,4952,1520,56218,306000000,1728000
1791121853.9746,4952,1520,56125,306000000,1728000
1791121854.0247,4952,1520,56312,306000000,1728000
1791121854.0748,4952,1520,56187,306000000,1728000
1791121854.1249,4952,1536,56187,306000000,1728000
1791121854.1750,4952,1536,56187,306000000,1728000
1791121854.2251,4952,1536,56218,306000000,1728000
1791121854.2752,4952,1528,56156,306000000,1728000
1791121854.3252,4952,1528,56156,306000000,1728000
1791121854.3753,4952,1528,56281,306000000,1728000
1791121854.4254,4952,1528,56125,306000000,1728000
1791121854.4755,4952,1528,56312,306000000,1728000
1791121854.5256,4952,1520,56281,306000000,1728000
1791121854.5756,4952,1520,56218,306000000,1728000
1791121854.6257,4952,1528,56250,306000000,1728000
1791121854.6758,4952,1544,56281,306000000,1728000
1791121854.7259,4952,1536,56125,306000000,1728000
1791121854.7760,4952,1528,56250,306000000,1728000
1791121854.8261,4952,1536,56406,306000000,1728000
1791121854.8762,4952,1536,56156,306000000,1728000
1791121854.9263,4952,1536,56281,306000000,1728000
1791121854.9763,4952,1536,56187,306000000,1728000
1791121855.0264,4952,1528,56218,306000000,1728000
1791121855.0765,4952,1528,56250,306000000,1728000
1791121855.1266,4952,1528,56187,306000000,1728000
1791121855.1767,4952,1528,56187,306000000,1728000
1791121855.2268,4952,1536,56093,306000000,1728000
1791121855.2769,4952,1544,56281,306000000,1728000
1791121855.3269,4952,1536,56125,306000000,1728000
1791121855.3770,4952,1536,56312,306000000,1728000
1791121855.4271,4952,1536,56125,306000000,1728000
1791121855.4772,4952,1528,56250,306000000,1728000
1791121855.5272,4952,1520,56125,306000000,1728000
1791121855.5773,4952,1528,56156,306000000,1728000
1791121855.6274,4952,1520,56093,306000000,1728000
1791121855.6775,4952,1520,56218,306000000,1728000
1791121855.7276,4952,1512,56281,306000000,1728000
1791121855.7777,4952,1528,56156,306000000,1728000
1791121855.8278,4952,1520,56281,306000000,1728000
1791121855.8778,4952,1528,56218,306000000,1728000
1791121855.9279,4952,1528,56187,306000000,1728000
1791121855.9780,4952,1528,56156,306000000,1728000
1791121856.0281,4952,1528,56218,306000000,1728000
1791121856.0785,4952,1528,56343,306000000,1728000
1791121856.1285,4952,1528,56312,306000000,1728000
1791121856.1786,4952,1520,56312,306000000,1728000
1791121856.2287,4952,1528,56312,306000000,1728000
1791121856.2788,4952,1520,56281,306000000,1728000
1791121856.3289,4952,1536,56250,306000000,1728000
1791121856.3790,4952,1536,56343,306000000,1728000
1791121856.4291,4952,1536,56218,306000000,1728000
1791121856.4791,4952,1536,56250,306000000,1728000
1791121856.5292,4952,1528,56125,306000000,1728000
1791121856.5793,4952,1528,56250,306000000,1728000
1791121856.6294,4952,1520,56281,306000000,1728000
1791121856.6795,4952,1528,56218,306000000,1728000
1791121856.7295,4952,1520,56343,306000000,1728000
1791121856.7796,4952,1520,56312,306000000,1728000
1791121856.8297,4952,1520,56281,306000000,1728000
1791121856.8798,4952,1528,56218,306000000,1728000
1791121856.9299,4952,1536,56312,306000000,1728000
1791121856.9800,4952,1528,56218,306000000,1728000
1791121857.0301,4952,1528,56218,306000000,1728000
1791121857.0802,4952,1528,56187,306000000,1728000
1791121857.1302,4952,1536,56218,306000000,1728000
1791121857.1803,4952,1520,56343,306000000,1728000
1791121857.2304,4952,1528,56218,306000000,1728000
1791121857.2805,4952,1528,56312,306000000,1728000
1791121857.3306,4952,1520,56156,306000000,1728000
1791121857.3807,4952,1528,56218,306000000,1728000
1791121857.4308,4952,1528,56187,306000000,1728000
1791121857.4809,4952,1536,56250,306000000,1728000
1791121857.5310,4952,1536,56187,306000000,1728000
1791121857.5810,4952,1536,56187,306000000,1728000
1791121857.6311,4952,1536,56343,306000000,1728000
1791121857.6812,4952,1528,56156,306000000,1728000
1791121857.7313,4952,1528,56343,306000000,1728000
1791121857.7814,4952,1528,56312,306000000,1728000
1791121857.8315,4952,1520,56312,306000000,1728000
1791121857.8815,4952,1528,56218,306000000,1728000
1791121857.9316,4952,1520,56343,306000000,1728000
1791121857.9817,4952,1528,56281,306000000,1728000
1791121858.0318,4952,1536,56250,306000000,1728000
1791121858.0819,4952,1544,56343,306000000,1728000
1791121858.1320,4952,1536,56093,306000000,1728000
1791121858.1821,4952,1536,56312,306000000,1728000
1791121858.2321,4952,1536,56281,306000000,1728000
1791121858.2822,4952,1528,56250,306000000,1728000
1791121858.3323,4952,1528,56343,306000000,1728000
1791121858.3824,4952,1528,56250,306000000,1728000
1791121858.4325,4952,1528,56187,306000000,1728000
1791121858.4825,4952,1520,56250,306000000,1728000
1791121858.5326,4952,1528,56343,306000000,1728000
1791121858.5827,4952,1544,56343,306000000,1728000
1791121858.6328,4952,1536,56406,306000000,1728000
1791121858.6829,4952,1536,56250,306000000,1728000
1791121858.7330,4952,1528,56281,306000000,1728000
1791121858.7831,4952,1528,56281,306000000,1728000
1791121858.8332,4952,1528,56250,306000000,1728000
1791121858.8832,4952,1528,56156,306000000,1728000
1791121858.9333,4952,1520,56218,306000000,1728000
1791121858.9834,4952,1520,56312,306000000,1728000
1791121859.0335,4952,1520,56281,306000000,1728000
1791121859.0836,4952,1520,56375,306000000,1728000
1791121859.1337,4952,1536,56281,306000000,1728000
1791121859.1837,4952,1528,56343,306000000,1728000
1791121859.2338,4952,1520,56218,306000000,1728000
1791121859.2839,4952,1520,56281,306000000,1728000
1791121859.3340,4952,1520,56343,306000000,1728000
1791121859.3841,4952,1520,56281,306000000,1728000
1791121859.4341,4952,1528,56375,306000000,1728000
1791121859.4842,4952,1520,56437,306000000,1728000
1791121859.5343,4952,1520,56406,306000000,1728000
1791121859.5844,4952,1512,56250,306000000,1728000
1791121859.6345,4952,1520,56375,306000000,1728000
1791121859.6845,4952,1528,56343,306000000,1728000
1791121859.7346,4952,1528,56343,306000000,1728000
1791121859.7847,4952,1528,56343,306000000,1728000
1791121859.8348,4952,1528,56281,306000000,1728000
1791121859.8849,4952,1520,56437,306000000,1728000
1791121859.9350,4952,1520,56312,306000000,1728000
1791121859.9851,4952,1528,56375,306000000,1728000
1791121860.0352,4952,1520,56343,306000000,1728000
1791121860.0852,4952,1528,56343,306000000,1728000
1791121860.1353,4952,1528,56281,306000000,1728000
1791121860.1854,4952,1520,56312,306000000,1728000
1791121860.2355,4952,1536,56375,306000000,1728000
1791121860.2856,4952,1536,56218,306000000,1728000
1791121860.3357,4952,1536,56281,306000000,1728000
1791121860.3858,4952,1536,56312,306000000,1728000
1791121860.4359,4952,1528,56468,306000000,1728000
1791121860.4859,4952,1528,56343,306000000,1728000
1791121860.5360,4952,1528,56375,306000000,1728000
1791121860.5861,4952,1528,56187,306000000,1728000
1791121860.6362,4952,1520,56281,306000000,1728000
1791121860.6863,4952,1528,56281,306000000,1728000
1791121860.7364,4952,1520,56343,306000000,1728000
1791121860.7865,4952,1528,56250,306000000,1728000
1791121860.8366,4952,1536,56312,306000000,1728000
1791121860.8866,4952,1536,56406,306000000,1728000
1791121860.9367,4952,1536,56281,306000000,1728000
1791121860.9868,4952,1528,56375,306000000,1728000
1791121861.0369,4952,1536,56468,306000000,1728000
1791121861.0870,4952,1536,56312,306000000,1728000
1791121861.1371,4952,1528,56312,306000000,1728000
1791121861.1871,4952,1528,56500,306000000,1728000
1791121861.2372,4952,1520,56281,306000000,1728000
1791121861.2873,4952,1528,56312,306000000,1728000
1791121861.3374,4952,1536,56437,306000000,1728000
1791121861.3875,4952,1544,56156,306000000,1728000
1791121861.4376,4952,1536,56468,306000000,1728000
1791121861.4877,4952,1536,56312,306000000,1728000
1791121861.5378,4952,1536,56281,306000000,1728000
1791121861.5878,4952,1528,56406,306000000,1728000
1791121861.6379,4952,1536,56375,306000000,1728000
1791121861.6880,4952,1528,56218,306000000,1728000
1791121861.7381,4952,1528,56343,306000000,1728000
1791121861.7882,4952,1528,56406,306000000,1728000
1791121861.8383,4952,1528,56312,306000000,1728000
1791121861.8884,4952,1528,56375,306000000,1728000
1791121861.9385,4952,1544,56312,306000000,1728000
1791121861.9885,4952,1544,56343,306000000,1728000
1791121862.0386,4952,1536,56250,306000000,1728000
1791121862.0887,4952,1544,56437,306000000,1728000
1791121862.1388,4952,1536,56218,306000000,1728000
1791121862.1889,4952,1536,56312,306000000,1728000
1791121862.2389,4952,1536,56468,306000000,1728000
1791121862.2890,4952,1528,56343,306000000,1728000
1791121862.3391,4952,1528,56437,306000000,1728000
1791121862.3892,4952,1520,56312,306000000,1728000
1791121862.4392,4952,1528,56406,306000000,1728000
1791121862.4893,4952,1536,56312,306000000,1728000
1791121862.5394,4952,1536,56343,306000000,1728000
1791121862.5895,4952,1536,56468,306000000,1728000
1791121862.6396,4952,1528,56281,306000000,1728000
1791121862.6897,4952,1528,56375,306000000,1728000
1791121862.7397,4952,1528,56437,306000000,1728000
1791121862.7898,4952,1528,56375,306000000,1728000
1791121862.8399,4952,1520,56375,306000000,1728000
1791121862.8900,4952,1528,56312,306000000,1728000
1791121862.9400,4952,1512,56281,306000000,1728000
1791121862.9901,4952,1520,56375,306000000,1728000
1791121863.0402,4952,1528,56281,306000000,1728000
1791121863.0903,4952,1528,56375,306000000,1728000
1791121863.1404,4952,1528,56375,306000000,1728000
1791121863.1905,4952,1528,56312,306000000,1728000
1791121863.2406,4952,1528,56500,306000000,1728000
1791121863.2906,4952,1528,56531,306000000,1728000
1791121863.3407,4952,1520,56343,306000000,1728000
1791121863.3908,4952,1520,56281,306000000,1728000
1791121863.4409,4952,1520,56406,306000000,1728000
1791121863.4909,4952,1520,56312,306000000,1728000
1791121863.5410,4952,1520,56343,306000000,1728000
1791121863.5911,4952,1528,56187,306000000,1728000
1791121863.6412,4952,1528,56437,306000000,1728000
1791121863.6913,4952,1520,56406,306000000,1728000
1791121863.7414,4952,1528,56343,306000000,1728000
1791121863.7914,4952,1528,56437,306000000,1728000
1791121863.8415,4952,1520,56312,306000000,1728000
1791121863.8916,4952,1488,56375,306000000,1728000
1791121863.9417,4952,1464,56531,306000000,1728000
1791121863.9917,4960,1440,56375,306000000,1728000
1791121864.0418,4960,1424,56281,306000000,1728000
1791121864.0919,4960,1408,56375,306000000,1728000
1791121864.1420,4960,1408,56468,306000000,1728000
1791121864.1921,4960,1424,56250,306000000,1728000
1791121864.2422,4960,1432,56468,306000000,1728000
1791121864.2923,4960,1440,56406,306000000,1728000
1791121864.3423,4960,1448,56312,306000000,1728000
1791121864.3924,4952,1456,56343,306000000,1728000
1791121864.4425,4952,1464,56281,306000000,1728000
1791121864.4926,4952,1464,56250,306000000,1728000
1791121864.5427,4952,1472,56343,306000000,1728000
1791121864.5927,4952,1472,56468,306000000,1728000
1791121864.6428,4952,1488,56312,306000000,1728000
1791121864.6929,4952,1496,56406,306000000,1728000
1791121864.7430,4952,1504,56375,306000000,1728000
1791121864.7931,4952,1504,56406,306000000,1728000
1791121864.8432,4952,1504,56406,306000000,1728000
1791121864.8932,4952,1504,56375,306000000,1728000
1791121864.9433,4952,1504,56312,306000000,1728000
1791121864.9934,4952,1512,56437,306000000,1728000
1791121865.0435,4952,1512,56468,306000000,1728000
1791121865.0935,4952,1512,56375,306000000,1728000
1791121865.1436,4952,1512,56468,306000000,1728000
1791121865.1937,4952,1504,56312,306000000,1728000
1791121865.2438,4952,1512,56468,306000000,1728000
1791121865.2939,4952,1528,56531,306000000,1728000
1791121865.3440,4952,1520,56406,306000000,1728000
1791121865.3941,4952,1520,56281,306000000,1728000
1791121865.4441,4952,1520,56343,306000000,1728000
1791121865.4942,4952,1520,56468,306000000,1728000
1791121865.5443,4952,1512,56343,306000000,1728000
1791121865.5944,4952,1520,56406,306000000,1728000
1791121865.6445,4952,1512,56343,306000000,1728000
1791121865.6945,4952,1512,56343,306000000,1728000
1791121865.7446,4952,1512,56281,306000000,1728000
1791121865.7947,4952,1520,56281,306000000,1728000
1791121865.8448,4952,1528,56500,306000000,1728000
1791121865.8949,4952,1528,56406,306000000,1728000
1791121865.9450,4952,1528,56468,306000000,1728000
1791121865.9951,4952,1528,56281,306000000,1728000
1791121866.0451,4952,1528,56406,306000000,1728000
1791121866.0952,4952,1536,56406,306000000,1728000
1791121866.1453,4952,1520,56375,306000000,1728000
1791121866.1954,4952,1520,56343,306000000,1728000
1791121866.2455,4952,1520,56375,306000000,1728000
1791121866.2956,4952,1520,56343,306000000,1728000
1791121866.3457,4952,1528,56375,306000000,1728000
1791121866.3957,4952,1536,56531,306000000,1728000
1791121866.4458,4952,1528,56343,306000000,1728000
1791121866.4959,4952,1528,56468,306000000,1728000
1791121866.5460,4952,1520,56531,306000000,1728000
1791121866.5961,4952,1520,56406,306000000,1728000
1791121866.6462,4952,1512,56406,306000000,1728000
1791121866.6962,4952,1512,56468,306000000,1728000
1791121866.7463,4952,1512,56281,306000000,1728000
1791121866.7964,4952,1512,56375,306000000,1728000
1791121866.8465,4952,1512,56343,306000000,1728000
1791121866.8966,4952,1512,56312,306000000,1728000
1791121866.9467,4952,1528,56468,306000000,1728000
1791121866.9968,4952,1528,56312,306000000,1728000
1791121867.0469,4952,1528,56468,306000000,1728000
1791121867.0969,4952,1520,56312,306000000,1728000
1791121867.1470,4952,1528,56437,306000000,1728000
1791121867.1971,4952,1520,56406,306000000,1728000
1791121867.2472,4952,1520,56468,306000000,1728000
1791121867.2973,4952,1512,56312,306000000,1728000
1791121867.3474,4952,1520,56437,306000000,1728000
1791121867.3974,4952,1520,56500,306000000,1728000
1791121867.4475,4952,1520,56375,306000000,1728000
1791121867.4976,4952,1528,56437,306000000,1728000
1791121867.5477,4952,1528,56281,306000000,1728000
1791121867.5978,4952,1536,56375,306000000,1728000
1791121867.6479,4952,1528,56406,306000000,1728000
1791121867.6979,4952,1528,56437,306000000,1728000
1791121867.7480,4952,1528,56375,306000000,1728000
1791121867.7981,4952,1528,56437,306000000,1728000
1791121867.8482,4952,1528,56500,306000000,1728000
1791121867.8983,4952,1520,56343,306000000,1728000
1791121867.9484,4952,1528,56562,306000000,1728000
1791121867.9984,4952,1520,56406,306000000,1728000
1791121868.0485,4952,1536,56375,306000000,1728000
1791121868.0986,4952,1536,56562,306000000,1728000
1791121868.1487,4952,1528,56437,306000000,1728000
1791121868.1988,4952,1528,56406,306000000,1728000
1791121868.2489,4952,1528,56281,306000000,1728000
1791121868.2990,4952,1528,56437,306000000,1728000
1791121868.3490,4952,1528,56375,306000000,1728000
1791121868.3991,4952,1528,56468,306000000,1728000
1791121868.4492,4952,1520,56343,306000000,1728000
1791121868.4993,4952,1528,56406,306000000,1728000
1791121868.5494,4952,1520,56375,306000000,1728000
1791121868.5995,4952,1528,56375,306000000,1728000
1791121868.6496,4952,1536,56531,306000000,1728000
1791121868.6997,4952,1536,56343,306000000,1728000
1791121868.7497,4952,1536,56406,306000000,1728000
1791121868.7998,4952,1528,56375,306000000,1728000
1791121868.8499,4952,1528,56500,306000000,1728000
1791121868.9000,4952,1520,56406,306000000,1728000
1791121868.9501,4952,1520,56437,306000000,1728000
1791121869.0001,4952,1512,56375,306000000,1728000
1791121869.0502,4952,1520,56468,306000000,1728000
1791121869.1003,4952,1512,56375,306000000,1728000
1791121869.1504,4952,1528,56375,306000000,1728000
1791121869.2005,4952,1536,56500,306000000,1728000
1791121869.2506,4952,1528,56468,306000000,1728000
1791121869.3007,4952,1528,56531,306000000,1728000
1791121869.3508,4952,1528,56500,306000000,1728000
1791121869.4008,4952,1528,56406,306000000,1728000
1791121869.4509,4952,1520,56343,306000000,1728000
1791121869.5010,4952,1528,56562,306000000,1728000
1791121869.5510,4952,1520,56281,306000000,1728000
1791121869.6011,4952,1520,56406,306000000,1728000
1791121869.6512,4952,1520,56562,306000000,1728000
1791121869.7013,4952,1528,56343,306000000,1728000
1791121869.7514,4952,1528,56500,306000000,1728000
1791121869.8015,4952,1528,56343,306000000,1728000
1791121869.8516,4952,1528,56531,306000000,1728000
1791121869.9017,4952,1528,56437,306000000,1728000
1791121869.9517,4952,1520,56437,306000000,1728000
1791121870.0018,4952,1520,56375,306000000,1728000
1791121870.0519,4952,1520,56468,306000000,1728000
1791121870.1020,4952,1520,56406,306000000,1728000
1791121870.1520,4952,1520,56343,306000000,1728000
1791121870.2021,4952,1520,56531,306000000,1728000
1791121870.2522,4952,1528,56406,306000000,1728000
1791121870.3023,4952,1536,56656,306000000,1728000
1791121870.3524,4952,1536,56375,306000000,1728000
1791121870.4025,4952,1544,56500,306000000,1728000
1791121870.4525,4952,1544,56437,306000000,1728000
1791121870.5026,4952,1536,56500,306000000,1728000
1791121870.5527,4952,1536,56406,306000000,1728000
1791121870.6028,4952,1528,56437,306000000,1728000
1791121870.6529,4952,1536,56343,306000000,1728000
1791121870.7029,4952,1528,56406,306000000,1728000
1791121870.7530,4952,1528,56531,306000000,1728000
1791121870.8031,4952,1528,56406,306000000,1728000
1791121870.8532,4952,1544,56656,306000000,1728000
1791121870.9032,4952,1544,56531,306000000,1728000
1791121870.9533,4952,1536,56437,306000000,1728000
1791121871.0034,4952,1536,56406,306000000,1728000
1791121871.0535,4952,1536,56562,306000000,1728000
1791121871.1036,4952,1536,56343,306000000,1728000
1791121871.1536,4952,1536,56437,306000000,1728000
1791121871.2037,4952,1528,56562,306000000,1728000
1791121871.2538,4952,1528,56312,306000000,1728000
1791121871.3039,4952,1528,56468,306000000,1728000
1791121871.3540,4952,1528,56375,306000000,1728000
1791121871.4041,4952,1544,56468,306000000,1728000
1791121871.4542,4952,1544,56343,306000000,1728000
1791121871.5043,4952,1544,56500,306000000,1728000
1791121871.5543,4952,1544,56437,306000000,1728000
1791121871.6044,4952,1536,56343,306000000,1728000
1791121871.6545,4952,1536,56531,306000000,1728000
1791121871.7046,4952,1536,56437,306000000,1728000
1791121871.7547,4952,1536,56468,306000000,1728000
1791121871.8048,4952,1528,56406,306000000,1728000
1791121871.8549,4952,1528,56406,306000000,1728000
1791121871.9049,4952,1520,56406,306000000,1728000
1791121871.9551,4952,1536,56437,306000000,1728000
1791121872.0052,4952,1536,56437,306000000,1728000
1791121872.0553,4952,1536,56406,306000000,1728000
1791121872.1053,4952,1536,56562,306000000,1728000
1791121872.1554,4952,1536,56531,306000000,1728000
1791121872.2055,4952,1536,56468,306000000,1728000
1791121872.2556,4952,1528,56437,306000000,1728000
1791121872.3057,4952,1528,56437,306000000,1728000
1791121872.3558,4952,1520,56343,306000000,1728000
1791121872.4059,4952,1528,56437,306000000,1728000
1791121872.4559,4952,1520,56468,306000000,1728000
1791121872.5060,4952,1528,56375,306000000,1728000
1791121872.5561,4952,1528,56562,306000000,1728000
1791121872.6062,4952,1536,56531,306000000,1728000
1791121872.6563,4952,1520,56468,306000000,1728000
1791121872.7064,4952,1528,56500,306000000,1728000
1791121872.7565,4952,1520,56500,306000000,1728000
1791121872.8065,4952,1520,56437,306000000,1728000
1791121872.8566,4952,1520,56500,306000000,1728000
1791121872.9067,4952,1520,56437,306000000,1728000
1791121872.9568,4952,1520,56343,306000000,1728000
1791121873.0069,4952,1520,56375,306000000,1728000
1791121873.0570,4952,1528,56406,306000000,1728000
1791121873.1071,4952,1528,56562,306000000,1728000
1791121873.1572,4952,1528,56375,306000000,1728000
1791121873.2072,4952,1528,56468,306000000,1728000
1791121873.2573,4952,1528,56406,306000000,1728000
1791121873.3074,4952,1520,56468,306000000,1728000
1791121873.3575,4952,1520,56437,306000000,1728000
1791121873.4076,4952,1520,56406,306000000,1728000
1791121873.4577,4952,1520,56343,306000000,1728000
1791121873.5077,4952,1512,56437,306000000,1728000
1791121873.5578,4952,1520,56500,306000000,1728000
1791121873.6079,4952,1520,56375,306000000,1728000
1791121873.6580,4952,1536,56500,306000000,1728000
1791121873.7081,4952,1536,56531,306000000,1728000
1791121873.7582,4952,1536,56468,306000000,1728000
1791121873.8083,4952,1536,56406,306000000,1728000
1791121873.8583,4952,1528,56531,306000000,1728000
1791121873.9084,4952,1528,56343,306000000,1728000
1791121873.9585,4952,1520,56500,306000000,1728000
1791121874.0086,4952,1528,56531,306000000,1728000
1791121874.0587,4952,1528,56343,306000000,1728000
1791121874.1087,4952,1528,56468,306000000,1728000
1791121874.1588,4952,1528,56562,306000000,1728000
1791121874.2089,4952,1536,56468,306000000,1728000
1791121874.2592,4952,1536,56406,306000000,1728000
1791121874.3093,4952,1536,56562,306000000,1728000
1791121874.3594,4952,1536,56375,306000000,1728000
1791121874.4095,4952,1536,56375,306000000,1728000
1791121874.4596,4952,1536,56562,306000000,1728000
1791121874.5097,4952,1536,56406,306000000,1728000
1791121874.5598,4952,1528,56500,306000000,1728000
1791121874.6098,4952,1528,56375,306000000,1728000
1791121874.6599,4952,1520,56343,306000000,1728000
1791121874.7100,4952,1520,56437,306000000,1728000
1791121874.7601,4952,1536,56468,306000000,1728000
1791121874.8102,4952,1536,56468,306000000,1728000
1791121874.8603,4952,1528,56437,306000000,1728000
1791121874.9103,4952,1528,56562,306000000,1728000
1791121874.9604,4952,1520,56406,306000000,1728000
1791121875.0105,4952,1520,56468,306000000,1728000
1791121875.0606,4952,1512,56437,306000000,1728000
1791121875.1107,4952,1520,56437,306000000,1728000
1791121875.1608,4952,1512,56437,306000000,1728000
1791121875.2108,4952,1520,56468,306000000,1728000
1791121875.2609,4952,1520,56500,306000000,1728000
1791121875.3110,4952,1536,56437,306000000,1728000
1791121875.3611,4952,1536,56468,306000000,1728000
1791121875.4112,4952,1536,56531,306000000,1728000
1791121875.4613,4952,1528,56500,306000000,1728000
1791121875.5114,4952,1528,56468,306000000,1728000
1791121875.5615,4952,1528,56562,306000000,1728000
1791121875.6116,4952,1528,56500,306000000,1728000
1791121875.6616,4952,1520,56500,306000000,1728000
1791121875.7117,4952,1528,56562,306000000,1728000
1791121875.7618,4952,1520,56468,306000000,1728000
1791121875.8119,4952,1520,56468,306000000,1728000
1791121875.8620,4952,1528,56562,306000000,1728000
1791121875.9121,4952,1544,56562,306000000,1728000
1791121875.9622,4952,1528,56562,306000000,1728000
1791121876.0122,4952,1528,56531,306000000,1728000
1791121876.0623,4952,1520,56406,306000000,1728000
1791121876.1124,4952,1528,56500,306000000,1728000
1791121876.1625,4952,1520,56406,306000000,1728000
1791121876.2126,4952,1520,56500,306000000,1728000
1791121876.2627,4952,1528,56437,306000000,1728000
1791121876.3128,4952,1520,56500,306000000,1728000
1791121876.3628,4952,1520,56500,306000000,1728000
1791121876.4129,4952,1528,56468,306000000,1728000
1791121876.4631,4952,1536,56468,306000000,1728000
1791121876.5131,4952,1528,56437,306000000,1728000
1791121876.5632,4952,1528,56500,306000000,1728000
1791121876.6133,4952,1520,56437,306000000,1728000
1791121876.6634,4952,1528,56437,306000000,1728000
1791121876.7135,4952,1528,56531,306000000,1728000
1791121876.7636,4952,1528,56468,306000000,1728000
1791121876.8136,4952,1520,56500,306000000,1728000
1791121876.8637,4952,1520,56375,306000000,1728000
1791121876.9138,4952,1520,56500,306000000,1728000
1791121876.9639,4952,1528,56531,306000000,1728000
1791121877.0140,4952,1528,56500,306000000,1728000
1791121877.0641,4952,1528,56500,306000000,1728000
1791121877.1142,4952,1528,56531,306000000,1728000
1791121877.1642,4952,1520,56406,306000000,1728000
1791121877.2143,4952,1528,56468,306000000,1728000
1791121877.2644,4952,1520,56593,306000000,1728000
1791121877.3145,4952,1520,56437,306000000,1728000
1791121877.3646,4952,1512,56500,306000000,1728000
1791121877.4147,4952,1520,56562,306000000,1728000
1791121877.4647,4952,1512,56500,306000000,1728000
1791121877.5148,4952,1520,56531,306000000,1728000
1791121877.5649,4952,1536,56500,306000000,1728000
1791121877.6151,4952,1536,56468,306000000,1728000
1791121877.6651,4952,1536,56468,306000000,1728000
1791121877.7152,4952,1536,56531,306000000,1728000
1791121877.7653,4952,1528,56468,306000000,1728000
1791121877.8154,4952,1528,56468,306000000,1728000
1791121877.8655,4952,1520,56437,306000000,1728000
1791121877.9156,4952,1520,56406,306000000,1728000
1791121877.9657,4952,1520,56375,306000000,1728000
1791121878.0157,4952,1520,56500,306000000,1728000
1791121878.0658,4952,1520,56437,306000000,1728000
1791121878.1159,4952,1536,56468,306000000,1728000
1791121878.1660,4952,1536,56468,306000000,1728000
1791121878.2161,4952,1536,56468,306000000,1728000
1791121878.2662,4952,1536,56531,306000000,1728000
1791121878.3163,4952,1528,56468,306000000,1728000
1791121878.3663,4952,1536,56500,306000000,1728000
1791121878.4164,4952,1536,56406,306000000,1728000
1791121878.4665,4952,1528,56468,306000000,1728000
1791121878.5166,4952,1536,56562,306000000,1728000
1791121878.5667,4952,1536,56500,306000000,1728000
1791121878.6167,4952,1528,56468,306000000,1728000
1791121878.6668,4952,1544,56562,306000000,1728000
1791121878.7169,4952,1544,56531,306000000,1728000
1791121878.7670,4952,1544,56562,306000000,1728000
1791121878.8171,4952,1544,56593,306000000,1728000
1791121878.8672,4952,1536,56437,306000000,1728000
1791121878.9172,4952,1528,56500,306000000,1728000
1791121878.9673,4952,1528,56687,306000000,1728000
1791121879.0174,4952,1528,56437,306000000,1728000
1791121879.0675,4952,1520,56562,306000000,1728000
1791121879.1176,4952,1528,56625,306000000,1728000
1791121879.1677,4952,1520,56531,306000000,1728000
1791121879.2178,4952,1536,56468,306000000,1728000
1791121879.2679,4952,1528,56531,306000000,1728000
1791121879.3179,4952,1536,56437,306000000,1728000
1791121879.3680,4952,1520,56531,306000000,1728000
1791121879.4181,4952,1528,56531,306000000,1728000
1791121879.4682,4952,1520,56500,306000000,1728000
1791121879.5183,4952,1528,56468,306000000,1728000
1791121879.5684,4952,1536,56500,306000000,1728000
1791121879.6185,4952,1528,56656,306000000,1728000
1791121879.6686,4952,1528,56468,306000000,1728000
1791121879.7187,4952,1520,56500,306000000,1728000
1791121879.7688,4952,1536,56468,306000000,1728000
1791121879.8189,4952,1536,56562,306000000,1728000
1791121879.8690,4952,1528,56468,306000000,1728000
1791121879.9190,4952,1520,56500,306000000,1728000
1791121879.9691,4952,1528,56531,306000000,1728000
1791121880.0192,4952,1520,56500,306000000,1728000
1791121880.0693,4952,1520,56531,306000000,1728000
1791121880.1194,4952,1512,56468,306000000,1728000
1791121880.1695,4952,1520,56562,306000000,1728000
1791121880.2196,4952,1520,56625,306000000,1728000
1791121880.2697,4952,1512,56500,306000000,1728000
1791121880.3198,4952,1520,56562,306000000,1728000
1791121880.3699,4952,1528,56562,306000000,1728000
1791121880.4199,4952,1528,56500,306000000,1728000
1791121880.4700,4952,1520,56531,306000000,1728000
1791121880.5201,4952,1528,56593,306000000,1728000
1791121880.5702,4952,1520,56500,306000000,1728000
1791121880.6203,4952,1528,56562,306000000,1728000
1791121880.6704,4952,1520,56656,306000000,1728000
1791121880.7205,4952,1528,56531,306000000,1728000
1791121880.7706,4952,1520,56593,306000000,1728000
1791121880.8206,4952,1520,56500,306000000,1728000
1791121880.8707,4952,1528,56750,306000000,1728000
1791121880.9208,4952,1536,56531,306000000,1728000
1791121880.9709,4952,1536,56500,306000000,1728000
1791121881.0210,4952,1528,56500,306000000,1728000
1791121881.0711,4952,1528,56593,306000000,1728000
1791121881.1212,4952,1520,56468,306000000,1728000
1791121881.1712,4952,1528,56500,306000000,1728000
1791121881.2213,4952,1520,56500,306000000,1728000
1791121881.2714,4952,1520,56500,306000000,1728000
1791121881.3215,4952,1520,56593,306000000,1728000
1791121881.3716,4952,1520,56468,306000000,1728000
1791121881.4217,4952,1528,56625,306000000,1728000
1791121881.4718,4952,1536,56468,306000000,1728000
1791121881.5219,4952,1536,56593,306000000,1728000
1791121881.5720,4952,1536,56500,306000000,1728000
1791121881.6220,4952,1536,56593,306000000,1728000
1791121881.6721,4952,1520,56531,306000000,1728000
1791121881.7222,4952,1528,56562,306000000,1728000
1791121881.7723,4952,1512,56562,306000000,1728000
1791121881.8224,4952,1520,56468,306000000,1728000
1791121881.8724,4952,1520,56562,306000000,1728000
1791121881.9225,4952,1520,56562,306000000,1728000
1791121881.9726,4952,1520,56500,306000000,1728000
1791121882.0227,4952,1536,56531,306000000,1728000
1791121882.0728,4952,1536,56656,306000000,1728000
1791121882.1229,4952,1528,56531,306000000,1728000
1791121882.1729,4952,1528,56531,306000000,1728000
1791121882.2230,4952,1520,56718,306000000,1728000
1791121882.2731,4952,1496,56500,306000000,1728000
1791121882.3232,4952,1472,56562,306000000,1728000
1791121882.3733,4960,1456,56500,306000000,1728000
1791121882.4233,4960,1432,56687,306000000,1728000
1791121882.4734,4960,1416,56531,306000000,1728000
1791121882.5235,4960,1400,56500,306000000,1728000
1791121882.5736,4960,1392,56468,306000000,1728000
1791121882.6237,4960,1400,56562,306000000,1728000
1791121882.6738,4960,1416,56500,306000000,1728000
1791121882.7239,4960,1432,56531,306000000,1728000
1791121882.7740,4960,1432,56531,306000000,1728000
1791121882.8240,4960,1448,56468,306000000,1728000
1791121882.8741,4960,1448,56437,306000000,1728000
1791121882.9242,4960,1464,56500,306000000,1728000
1791121882.9743,4952,1472,56562,306000000,1728000
1791121883.0244,4952,1472,56468,306000000,1728000
1791121883.0745,4952,1480,56468,306000000,1728000
1791121883.1245,4952,1496,56468,306000000,1728000
1791121883.1746,4952,1504,56500,306000000,1728000
1791121883.2247,4952,1496,56531,306000000,1728000
1791121883.2748,4952,1504,56500,306000000,1728000
1791121883.3249,4952,1512,56593,306000000,1728000
1791121883.3750,4952,1512,56500,306000000,1728000
1791121883.4250,4952,1512,56500,306000000,1728000
1791121883.4751,4952,1512,56562,306000000,1728000
1791121883.5252,4952,1512,56531,306000000,1728000
1791121883.5753,4952,1504,56531,306000000,1728000
1791121883.6254,4952,1512,56625,306000000,1728000
1791121883.6755,4952,1536,56468,306000000,1728000
1791121883.7255,4952,1528,56562,306000000,1728000
1791121883.7756,4952,1528,56625,306000000,1728000
1791121883.8257,4952,1520,56468,306000000,1728000
1791121883.8758,4952,1528,56562,306000000,1728000
1791121883.9259,4952,1520,56500,306000000,1728000
1791121883.9759,4952,1528,56531,306000000,1728000
1791121884.0260,4952,1520,56656,306000000,1728000
1791121884.0761,4952,1520,56500,306000000,1728000
1791121884.1261,4952,1512,56468,306000000,1728000
1791121884.1762,4952,1512,56625,306000000,1728000
1791121884.2263,4952,1512,56406,306000000,1728000
1791121884.2764,4952,1528,56500,306000000,1728000
1791121884.3265,4952,1520,56562,306000000,1728000
1791121884.3766,4952,1520,56500,306000000,1728000
1791121884.4267,4952,1512,56500,306000000,1728000
1791121884.4767,4952,1512,56500,306000000,1728000
1791121884.5268,4952,1504,56500,306000000,1728000
1791121884.5769,4952,1504,56531,306000000,1728000
1791121884.6270,4952,1512,56500,306000000,1728000
1791121884.6771,4952,1504,56531,306000000,1728000
1791121884.7272,4952,1512,56500,306000000,1728000
1791121884.7773,4952,1512,56562,306000000,1728000
1791121884.8274,4952,1528,56531,306000000,1728000
1791121884.8775,4952,1528,56593,306000000,1728000
1791121884.9276,4952,1528,56500,306000000,1728000
1791121884.9776,4952,1528,56500,306000000,1728000
1791121885.0277,4952,1520,56562,306000000,1728000
1791121885.0778,4952,1520,56500,306000000,1728000
1791121885.1279,4952,1520,56593,306000000,1728000
1791121885.1780,4952,1528,56625,306000000,1728000
1791121885.2281,4952,1520,56562,306000000,1728000
1791121885.2781,4952,1528,56562,306000000,1728000
1791121885.3282,4952,1528,56718,306000000,1728000
1791121885.3783,4952,1544,56781,306000000,1728000
1791121885.4284,4952,1536,56562,306000000,1728000
1791121885.4785,4952,1536,56468,306000000,1728000
1791121885.5286,4952,1544,56500,306000000,1728000
1791121885.5787,4952,1528,56562,306000000,1728000
1791121885.6288,4952,1536,56468,306000000,1728000
1791121885.6789,4952,1528,56531,306000000,1728000
1791121885.7289,4952,1536,56625,306000000,1728000
1791121885.7790,4952,1536,56531,306000000,1728000
1791121885.8291,4952,1528,56468,306000000,1728000
1791121885.8792,4952,1536,56562,306000000,1728000
1791121885.9293,4952,1544,56843,306000000,1728000
1791121885.9794,4952,1536,56500,306000000,1728000
1791121886.0295,4952,1536,56468,306000000,1728000
1791121886.0795,4952,1536,56500,306000000,1728000
1791121886.1296,4952,1544,56531,306000000,1728000
1791121886.1797,4952,1536,56500,306000000,1728000
1791121886.2298,4952,1536,56500,306000000,1728000
1791121886.2799,4952,1536,56500,306000000,1728000
1791121886.3300,4952,1528,56562,306000000,1728000
1791121886.3801,4952,1520,56468,306000000,1728000
1791121886.4301,4952,1528,56531,306000000,1728000
1791121886.4802,4952,1536,56812,306000000,1728000
1791121886.5303,4952,1536,56562,306000000,1728000
1791121886.5804,4952,1536,56500,306000000,1728000
1791121886.6305,4952,1528,56500,306000000,1728000
1791121886.6806,4952,1528,56593,306000000,1728000
1791121886.7307,4952,1528,56750,306000000,1728000
1791121886.7808,4952,1528,56593,306000000,1728000
1791121886.8308,4952,1528,56562,306000000,1728000
1791121886.8809,4952,1528,56625,306000000,1728000
1791121886.9310,4952,1528,56500,306000000,1728000
1791121886.9811,4952,1520,56718,306000000,1728000
1791121887.0312,4952,1536,56750,306000000,1728000
1791121887.0813,4952,1536,56500,306000000,1728000
1791121887.1314,4952,1536,56718,306000000,1728000
1791121887.1814,4952,1536,56500,306000000,1728000
1791121887.2315,4952,1536,56562,306000000,1728000
1791121887.2816,4952,1536,56593,306000000,1728000
1791121887.3317,4952,1528,56562,306000000,1728000
1791121887.3818,4952,1536,56500,306000000,1728000
1791121887.4318,4952,1528,56750,306000000,1728000
1791121887.4819,4952,1528,56500,306000000,1728000
1791121887.5320,4952,1528,56531,306000000,1728000
1791121887.5821,4952,1536,56593,306000000,1728000
1791121887.6322,4952,1544,56468,306000000,1728000
1791121887.6823,4952,1536,56593,306000000,1728000
1791121887.7324,4952,1536,56500,306000000,1728000
1791121887.7825,4952,1536,56562,306000000,1728000
1791121887.8325,4952,1536,56593,306000000,1728000
1791121887.8826,4952,1536,56531,306000000,1728000
1791121887.9327,4952,1536,56500,306000000,1728000
1791121887.9828,4952,1536,56500,306000000,1728000
1791121888.0329,4952,1536,56625,306000000,1728000
1791121888.0830,4952,1536,56562,306000000,1728000
1791121888.1330,4952,1544,56687,306000000,1728000
1791121888.1831,4952,1552,56562,306000000,1728000
1791121888.2332,4952,1544,56625,306000000,1728000
1791121888.2833,4952,1544,56625,306000000,1728000
1791121888.3334,4952,1544,56562,306000000,1728000
1791121888.3835,4952,1544,56593,306000000,1728000
1791121888.4335,4952,1536,56750,306000000,1728000
1791121888.4836,4952,1536,56593,306000000,1728000
1791121888.5337,4952,1536,56656,306000000,1728000
1791121888.5838,4952,1528,56687,306000000,1728000
1791121888.6339,4952,1528,56531,306000000,1728000
1791121888.6840,4952,1536,56562,306000000,1728000
1791121888.7341,4952,1544,56593,306000000,1728000
1791121888.7842,4952,1536,56500,306000000,1728000
1791121888.8343,4952,1536,56718,306000000,1728000
1791121888.8843,4952,1528,56562,306000000,1728000
1791121888.9344,4952,1536,56531,306000000,1728000
1791121888.9845,4952,1528,56687,306000000,1728000
1791121889.0346,4952,1528,56625,306000000,1728000
1791121889.0847,4952,1528,56593,306000000,1728000
1791121889.1347,4952,1520,56687,306000000,1728000
1791121889.1848,4952,1512,56593,306000000,1728000
1791121889.2349,4952,1520,56562,306000000,1728000
1791121889.2850,4952,1528,56562,306000000,1728000
1791121889.3351,4952,1528,56500,306000000,1728000
1791121889.3852,4952,1528,56562,306000000,1728000
1791121889.4352,4952,1528,56531,306000000,1728000
1791121889.4853,4952,1528,56625,306000000,1728000
1791121889.5354,4952,1520,56500,306000000,1728000
1791121889.5855,4952,1520,56656,306000000,1728000
1791121889.6356,4952,1520,56562,306000000,1728000
1791121889.6856,4952,1520,56625,306000000,1728000
1791121889.7357,4952,1512,56593,306000000,1728000
1791121889.7858,4952,1520,56531,306000000,1728000
1791121889.8359,4952,1528,56781,306000000,1728000
1791121889.8860,4952,1536,56531,306000000,1728000
1791121889.9361,4952,1528,56718,306000000,1728000
1791121889.9862,4952,1528,56687,306000000,1728000
1791121890.0363,4952,1528,56593,306000000,1728000
1791121890.0863,4952,1528,56562,306000000,1728000
1791121890.1364,4952,1528,56593,306000000,1728000
1791121890.1865,4952,1520,56562,306000000,1728000
1791121890.2366,4952,1520,56562,306000000,1728000
1791121890.2866,4952,1520,56562,306000000,1728000
1791121890.3367,4952,1520,56531,306000000,1728000
1791121890.3868,4952,1520,56781,306000000,1728000
1791121890.4369,4952,1528,56593,306000000,1728000
1791121890.4870,4952,1528,56593,306000000,1728000
1791121890.5371,4952,1520,56687,306000000,1728000
1791121890.5872,4952,1528,56500,306000000,1728000
1791121890.6373,4952,1520,56593,306000000,1728000
1791121890.6873,4952,1528,56531,306000000,1728000
1791121890.7374,4952,1520,56500,306000000,1728000
1791121890.7875,4952,1520,56500,306000000,1728000
1791121890.8376,4952,1520,56625,306000000,1728000
1791121890.8877,4952,1520,56531,306000000,1728000
1791121890.9378,4952,1528,56625,306000000,1728000
1791121890.9878,4952,1528,56531,306000000,1728000
1791121891.0379,4952,1536,56562,306000000,1728000
1791121891.0880,4952,1528,56718,306000000,1728000
1791121891.1381,4952,1528,56562,306000000,1728000
1791121891.1882,4952,1528,56531,306000000,1728000
1791121891.2382,4952,1528,56562,306000000,1728000
1791121891.2883,4952,1528,56593,306000000,1728000
1791121891.3384,4952,1528,56593,306000000,1728000
1791121891.3885,4952,1528,56625,306000000,1728000
1791121891.4385,4952,1528,56593,306000000,1728000
1791121891.4886,4952,1536,56687,306000000,1728000
1791121891.5387,4952,1536,56781,306000000,1728000
1791121891.5888,4952,1528,56656,306000000,1728000
1791121891.6389,4952,1536,56656,306000000,1728000
1791121891.6890,4952,1536,56531,306000000,1728000
1791121891.7391,4952,1528,56625,306000000,1728000
1791121891.7892,4952,1528,56656,306000000,1728000
1791121891.8392,4952,1520,56593,306000000,1728000
1791121891.8893,4952,1528,56562,306000000,1728000
1791121891.9394,4952,1520,56687,306000000,1728000
1791121891.9895,4952,1520,56500,306000000,1728000
1791121892.0396,4952,1528,56562,306000000,1728000
1791121892.0897,4952,1536,56687,306000000,1728000
1791121892.1398,4952,1536,56562,306000000,1728000
1791121892.1898,4952,1528,56656,306000000,1728000
1791121892.2399,4952,1528,56718,306000000,1728000
1791121892.2900,4952,1520,56687,306000000,1728000
1791121892.3401,4952,1520,56562,306000000,1728000
1791121892.3902,4952,1512,56656,306000000,1728000
1791121892.4403,4952,1512,56562,306000000,1728000
1791121892.4903,4952,1512,56593,306000000,1728000
1791121892.5404,4952,1512,56500,306000000,1728000
1791121892.5905,4952,1520,56562,306000000,1728000
1791121892.6406,4952,1528,56687,306000000,1728000
1791121892.6907,4952,1528,56562,306000000,1728000
1791121892.7408,4952,1528,56718,306000000,1728000
1791121892.7909,4952,1528,56531,306000000,1728000
1791121892.8409,4952,1528,56687,306000000,1728000
1791121892.8910,4952,1528,56656,306000000,1728000
1791121892.9411,4952,1528,56562,306000000,1728000
1791121892.9912,4952,1528,56593,306000000,1728000
1791121893.0413,4952,1528,56593,306000000,1728000
1791121893.0913,4952,1528,56625,306000000,1728000
1791121893.1415,4952,1528,56625,306000000,1728000
1791121893.1915,4952,1536,56718,306000000,1728000
1791121893.2416,4952,1528,56687,306000000,1728000
1791121893.2917,4952,1528,56593,306000000,1728000
1791121893.3418,4952,1528,56593,306000000,1728000
1791121893.3919,4952,1528,56500,306000000,1728000
1791121893.4420,4952,1528,56593,306000000,1728000
1791121893.4921,4952,1520,56656,306000000,1728000
1791121893.5421,4952,1528,56562,306000000,1728000
1791121893.5922,4952,1520,56593,306000000,1728000
1791121893.6423,4952,1520,56687,306000000,1728000
1791121893.6924,4952,1520,56531,306000000,1728000
1791121893.7425,4952,1528,56718,306000000,1728000
1791121893.7926,4952,1528,56718,306000000,1728000
1791121893.8427,4952,1528,56593,306000000,1728000
1791121893.8928,4952,1520,56531,306000000,1728000
1791121893.9429,4952,1528,56562,306000000,1728000
1791121893.9930,4952,1520,56500,306000000,1728000
1791121894.0431,4952,1528,56593,306000000,1728000
1791121894.0931,4952,1520,56750,306000000,1728000
1791121894.1432,4952,1528,56500,306000000,1728000
1791121894.1933,4952,1528,56718,306000000,1728000
1791121894.2434,4952,1520,56531,306000000,1728000
1791121894.2935,4952,1536,56625,306000000,1728000
1791121894.3436,4952,1536,56562,306000000,1728000
1791121894.3936,4952,1536,56593,306000000,1728000
1791121894.4437,4952,1528,56656,306000000,1728000
1791121894.4938,4952,1536,56531,306000000,1728000
1791121894.5439,4952,1536,56718,306000000,1728000
1791121894.5940,4952,1528,56656,306000000,1728000
1791121894.6441,4952,1528,56750,306000000,1728000
1791121894.6941,4952,1520,56562,306000000,1728000
1791121894.7442,4952,1528,56718,306000000,1728000
1791121894.7943,4952,1520,56781,306000000,1728000
1791121894.8444,4952,1536,56750,306000000,1728000
1791121894.8945,4952,1536,56906,306000000,1728000
1791121894.9446,4952,1536,56562,306000000,1728000
1791121894.9947,4952,1528,56625,306000000,1728000
1791121895.0447,4952,1528,56687,306000000,1728000
1791121895.0948,4952,1520,56656,306000000,1728000
1791121895.1449,4952,1520,56593,306000000,1728000
1791121895.1950,4952,1520,56750,306000000,1728000
1791121895.2450,4952,1520,56531,306000000,1728000
1791121895.2951,4952,1520,56625,306000000,1728000
1791121895.3452,4952,1520,56812,306000000,1728000
1791121895.3953,4952,1528,56562,306000000,1728000
1791121895.4454,4952,1536,56718,306000000,1728000
1791121895.4955,4952,1528,56781,306000000,1728000
1791121895.5456,4952,1536,56656,306000000,1728000
1791121895.5957,4952,1528,56593,306000000,1728000
1791121895.6457,4952,1528,56593,306000000,1728000
1791121895.6958,4952,1528,56500,306000000,1728000
1791121895.7459,4952,1520,56625,306000000,1728000
1791121895.7960,4952,1528,56562,306000000,1728000
1791121895.8461,4952,1520,56625,306000000,1728000
1791121895.8961,4952,1528,56500,306000000,1728000
1791121895.9462,4952,1528,56531,306000000,1728000
1791121895.9963,4952,1536,56687,306000000,1728000
1791121896.0464,4952,1536,56562,306000000,1728000
1791121896.0965,4952,1536,56687,306000000,1728000
1791121896.1466,4952,1536,56593,306000000,1728000
1791121896.1967,4952,1536,56625,306000000,1728000
1791121896.2468,4952,1528,56687,306000000,1728000
1791121896.2968,4952,1536,56718,306000000,1728000
1791121896.3469,4952,1528,56531,306000000,1728000
1791121896.3970,4952,1528,56625,306000000,1728000
1791121896.4470,4952,1520,56843,306000000,1728000
1791121896.4971,4952,1528,56593,306000000,1728000
1791121896.5472,4952,1544,56750,306000000,1728000
1791121896.5973,4952,1544,56687,306000000,1728000
1791121896.6474,4952,1544,56656,306000000,1728000
1791121896.6975,4952,1544,56687,306000000,1728000
1791121896.7476,4952,1536,56718,306000000,1728000
1791121896.7977,4952,1536,56562,306000000,1728000
1791121896.8478,4952,1528,56562,306000000,1728000
1791121896.8978,4952,1528,56750,306000000,1728000
1791121896.9479,4952,1520,56562,306000000,1728000
1791121896.9980,4952,1528,56625,306000000,1728000
1791121897.0481,4952,1520,56781,306000000,1728000
1791121897.0982,4952,1536,56656,306000000,1728000
1791121897.1483,4952,1528,56531,306000000,1728000
1791121897.1984,4952,1536,56656,306000000,1728000
1791121897.2485,4952,1528,56593,306000000,1728000
1791121897.2985,4952,1528,56531,306000000,1728000
1791121897.3486,4952,1512,56656,306000000,1728000
1791121897.3987,4952,1512,56531,306000000,1728000
1791121897.4488,4952,1512,56625,306000000,1728000
1791121897.4988,4952,1520,56593,306000000,1728000
1791121897.5489,4952,1520,56562,306000000,1728000
1791121897.5990,4952,1512,56593,306000000,1728000
1791121897.6491,4952,1520,56562,306000000,1728000
1791121897.6992,4952,1520,56625,306000000,1728000
1791121897.7493,4952,1520,56625,306000000,1728000
1791121897.7993,4952,1520,56812,306000000,1728000
1791121897.8494,4952,1520,56687,306000000,1728000
1791121897.8995,4952,1520,56687,306000000,1728000
1791121897.9496,4952,1528,56625,306000000,1728000
1791121897.9997,4952,1512,56656,306000000,1728000
1791121898.0497,4952,1520,56562,306000000,1728000
1791121898.0998,4952,1528,56687,306000000,1728000
1791121898.1499,4952,1520,56718,306000000,1728000
1791121898.2000,4952,1528,56562,306000000,1728000
1791121898.2501,4952,1536,56718,306000000,1728000
1791121898.3002,4952,1536,56750,306000000,1728000
1791121898.3502,4952,1528,56687,306000000,1728000
1791121898.4003,4952,1536,56656,306000000,1728000
1791121898.4504,4952,1528,56750,306000000,1728000
1791121898.5005,4952,1528,56531,306000000,1728000
1791121898.5506,4952,1528,56593,306000000,1728000
1791121898.6006,4952,1520,56781,306000000,1728000
1791121898.6507,4952,1528,56656,306000000,1728000
1791121898.7008,4952,1520,56750,306000000,1728000
1791121898.7509,4952,1536,56687,306000000,1728000
1791121898.8010,4952,1536,56718,306000000,1728000
1791121898.8510,4952,1536,56718,306000000,1728000
1791121898.9011,4952,1528,56687,306000000,1728000
1791121898.9512,4952,1536,56562,306000000,1728000
1791121899.0013,4952,1536,56562,306000000,1728000
1791121899.0514,4952,1528,56562,306000000,1728000
1791121899.1014,4952,1528,56656,306000000,1728000
1791121899.1515,4952,1520,56750,306000000,1728000
1791121899.2016,4952,1520,56593,306000000,1728000
1791121899.2517,4952,1520,56718,306000000,1728000
1791121899.3018,4952,1528,56687,306000000,1728000
1791121899.3519,4952,1528,56750,306000000,1728000
1791121899.4020,4952,1536,56593,306000000,1728000
1791121899.4521,4952,1528,56625,306000000,1728000
1791121899.5021,4952,1528,56625,306000000,1728000
1791121899.5522,4952,1520,56750,306000000,1728000
1791121899.6023,4952,1528,56625,306000000,1728000
1791121899.6524,4952,1528,56656,306000000,1728000
1791121899.7025,4952,1520,56718,306000000,1728000
1791121899.7525,4952,1528,56593,306000000,1728000
1791121899.8026,4952,1520,56718,306000000,1728000
1791121899.8527,4952,1528,56687,306000000,1728000
1791121899.9028,4952,1536,56656,306000000,1728000
1791121899.9529,4952,1536,56625,306000000,1728000
1791121900.0030,4952,1536,56750,306000000,1728000
1791121900.0531,4952,1528,56812,306000000,1728000
1791121900.1032,4952,1528,56656,306000000,1728000
1791121900.1532,4952,1528,56812,306000000,1728000
1791121900.2033,4952,1528,56625,306000000,1728000
1791121900.2534,4952,1528,56781,306000000,1728000
1791121900.3035,4952,1520,56531,306000000,1728000
1791121900.3536,4952,1520,56687,306000000,1728000
1791121900.4037,4952,1528,56531,306000000,1728000
1791121900.4538,4952,1536,56687,306000000,1728000
1791121900.5039,4952,1544,56562,306000000,1728000
1791121900.5539,4952,1536,56625,306000000,1728000
1791121900.6040,4952,1536,56718,306000000,1728000
1791121900.6541,4952,1536,56625,306000000,1728000
1791121900.7042,4952,1536,56687,306000000,1728000
1791121900.7543,4952,1520,56625,306000000,1728000
1791121900.8044,4952,1488,56625,306000000,1728000
1791121900.8545,4960,1456,56625,306000000,1728000
1791121900.9045,4960,1424,56656,306000000,1728000
1791121900.9547,4960,1400,56625,306000000,1728000
1791121901.0048,4960,1392,56781,306000000,1728000
1791121901.0549,4960,1368,56750,306000000,1728000
1791121901.1050,4960,1352,56562,306000000,1728000
1791121901.1551,4960,1336,56781,306000000,1728000
1791121901.2052,4960,1320,56531,306000000,1728000
1791121901.2553,4960,1304,56781,306000000,1728000
1791121901.3054,4960,1288,56812,306000000,1728000
1791121901.3555,4960,1280,56781,306000000,1728000
1791121901.4055,4960,1272,56593,306000000,1728000
1791121901.4556,4960,1264,56562,306000000,1728000
1791121901.5057,4960,1256,56687,306000000,1728000
1791121901.5558,4960,1264,56718,306000000,1728000
1791121901.6059,4960,1256,56906,306000000,1728000
1791121901.6560,4960,1256,56562,306000000,1728000
1791121901.7061,4968,1248,56656,306000000,1728000
1791121901.7562,4968,1240,56593,306000000,1728000
1791121901.8063,4968,1232,56687,306000000,1728000
1791121901.8563,4968,1232,56843,306000000,1728000
1791121901.9064,4968,1224,56656,306000000,1728000
1791121901.9565,4968,1224,56906,306000000,1728000
1791121902.0066,4968,1216,56562,306000000,1728000
1791121902.0567,4968,1216,56687,306000000,1728000
1791121902.1068,4968,1232,56625,306000000,1728000
1791121902.1569,4968,1232,56812,306000000,1728000
1791121902.2070,4968,1224,56593,306000000,1728000
1791121902.2571,4968,1224,56593,306000000,1728000
1791121902.3072,4968,1216,56562,306000000,1728000
1791121902.3572,4968,1216,56593,306000000,1728000
1791121902.4073,4968,1216,56687,306000000,1728000
1791121902.4574,4968,1216,56562,306000000,1728000
1791121902.5075,4968,1208,56781,306000000,1728000
1791121902.5576,4968,1208,56562,306000000,1728000
1791121902.6077,4968,1208,56593,306000000,1728000
1791121902.6578,4968,1216,56875,306000000,1728000
1791121902.7079,4968,1224,56687,306000000,1728000
1791121902.7580,4968,1224,56562,306000000,1728000
1791121902.8081,4968,1216,56593,306000000,1728000
1791121902.8581,4968,1216,56625,306000000,1728000
1791121902.9082,4968,1216,56687,306000000,1728000
1791121902.9583,4968,1208,56718,306000000,1728000
1791121903.0084,4968,1208,56531,306000000,1728000
1791121903.0585,4968,1208,56687,306000000,1728000
1791121903.1086,4968,1208,56562,306000000,1728000
1791121903.1586,4968,1208,56625,306000000,1728000
1791121903.2087,4968,1216,56843,306000000,1728000
1791121903.2589,4968,1232,56843,306000000,1728000
1791121903.3089,4968,1232,56781,306000000,1728000
1791121903.3591,4968,1232,56531,306000000,1728000
1791121903.4091,4960,1240,56656,306000000,1728000
1791121903.4592,4960,1248,56656,306000000,1728000
1791121903.5093,4960,1264,56906,306000000,1728000
1791121903.5594,4960,1256,56531,306000000,1728000
1791121903.6095,4960,1256,56562,306000000,1728000
1791121903.6595,4968,1232,56468,306000000,1728000
1791121903.7096,4968,1208,56500,306000000,1728000
