1791129314.2717,4968,984,57687,306000000,1728000
1791129314.3218,4968,1048,57875,306000000,1728000
1791129314.3719,4968,1104,58062,306000000,1728000
1791129314.4219,4968,1112,57593,306000000,1728000
1791129314.4720,4960,1120,57718,306000000,1728000
1791129314.5221,4960,1136,57750,306000000,1728000
1791129314.5722,4960,1144,57562,306000000,1728000
1791129314.6222,4960,1152,58000,306000000,1728000
1791129314.6723,4960,1176,57843,306000000,1728000
1791129314.7224,4960,1176,57750,306000000,1728000
1791129314.7724,4960,1184,57843,306000000,1728000
1791129314.8225,4960,1184,57750,306000000,1728000
1791129314.8726,4960,1192,57875,306000000,1728000
1791129314.9227,4960,1192,57625,306000000,1728000
1791129314.9727,4960,1192,57625,306000000,1728000
1791129315.0228,4960,1200,57687,306000000,1728000
1791129315.0729,4960,1200,57718,306000000,1728000
1791129315.1230,4960,1208,57593,306000000,1728000
1791129315.1730,4960,1208,57781,306000000,1728000
1791129315.2231,4960,1216,57593,1020000000,1728000
1791129315.2732,4960,1216,57656,306000000,1728000
1791129315.3233,4960,1216,57781,306000000,1728000
1791129315.3734,4960,1216,57593,306000000,1728000
1791129315.4234,4960,1224,57781,306000000,1728000
1791129315.4735,4960,1232,57656,306000000,1728000
1791129315.5236,4960,1248,57718,306000000,1574400
1791129315.5737,4960,1272,57625,306000000,1728000
1791129315.6238,4960,1296,57781,306000000,1728000
1791129315.6738,4952,1320,57718,306000000,1497600
1791129315.7239,4952,1320,57718,306000000,1728000
1791129315.7740,4952,1336,57625,306000000,1728000
1791129315.8241,4952,1344,57687,306000000,1728000
1791129315.8742,4952,1344,57531,306000000,1728000
1791129315.9243,4952,1336,57562,306000000,1728000
1791129315.9743,4952,1336,57812,306000000,1728000
1791129316.0244,4952,1328,57593,306000000,1728000
1791129316.0745,4952,1320,57718,306000000,1728000
1791129316.1246,4952,1312,57562,306000000,1728000
1791129316.1747,4952,1312,57687,306000000,1728000
1791129316.2247,4952,1312,57500,306000000,1728000
1791129316.2748,4952,1312,57531,306000000,1190400
1791129316.3249,4952,1320,57562,306000000,1728000
1791129316.3750,4952,1312,57718,306000000,1728000
1791129316.4251,4952,1312,57812,306000000,1344000
1791129316.4752,4952,1312,57562,306000000,1190400
1791129316.5253,4960,1304,57750,306000000,1728000
1791129316.5753,4960,1304,57562,306000000,1728000
1791129316.6254,4952,1304,57656,306000000,1728000
1791129316.6755,4952,1304,57625,306000000,1036800
1791129316.7256,4960,1304,57625,306000000,1728000
1791129316.7757,4960,1296,57531,306000000,1728000
1791129316.8258,4960,1296,57593,306000000,1728000
1791129316.8758,4960,1312,57687,306000000,1728000
1791129316.9259,4952,1312,57593,306000000,1728000
1791129316.9760,4960,1312,57656,306000000,1728000
1791129317.0261,4960,1304,57562,306000000,1728000
1791129317.0762,4960,1304,57750,306000000,1728000
1791129317.1263,4960,1296,57500,306000000,1344000
1791129317.1764,4960,1304,57593,306000000,1728000
1791129317.2265,4952,1296,57531,306000000,1728000
1791129317.2766,4960,1296,57656,306000000,1728000
1791129317.3266,4960,1296,57468,306000000,1728000
1791129317.3767,4960,1296,57593,306000000,1728000
1791129317.4268,4952,1304,57750,306000000,1267200
1791129317.4769,4952,1312,57562,306000000,1344000
1791129317.5270,4960,1304,57656,306000000,1420800
1791129317.5771,4960,1304,57562,306000000,1728000
1791129317.6272,4952,1304,57593,306000000,1344000
1791129317.6773,4952,1304,57531,306000000,1728000
1791129317.7274,4960,1296,57656,306000000,1728000
1791129317.7775,4960,1288,57468,306000000,1728000
1791129317.8275,4960,1288,57593,306000000,1728000
1791129317.8776,4960,1296,57687,306000000,1728000
1791129317.9277,4960,1288,57562,306000000,1728000
1791129317.9778,4952,1296,57656,306000000,1728000
1791129318.0279,4952,1304,57531,306000000,1728000
1791129318.0780,4952,1304,57593,306000000,1728000
1791129318.1281,4952,1296,57531,306000000,1728000
1791129318.1782,4952,1296,57531,306000000,1728000
1791129318.2283,4952,1304,57437,306000000,1728000
1791129318.2784,4952,1304,57625,306000000,1728000
1791129318.3285,4960,1296,57656,306000000,1728000
1791129318.3786,4960,1296,57562,306000000,1728000
1791129318.4287,4960,1304,57781,306000000,1728000
1791129318.4787,4960,1304,57562,306000000,1344000
1791129318.5288,4952,1304,57656,306000000,1728000
1791129318.5790,4960,1312,57562,306000000,1728000
1791129318.6290,4960,1304,57562,306000000,1728000
1791129318.6793,4960,1304,57500,306000000,1728000
1791129318.7294,4960,1304,57562,306000000,1728000
1791129318.7795,4960,1296,57781,306000000,1728000
1791129318.8296,4960,1296,57625,306000000,1728000
1791129318.8797,4960,1296,57593,306000000,1728000
1791129318.9297,4960,1288,57562,306000000,1728000
1791129318.9798,4960,1288,57593,306000000,1728000
1791129319.0299,4960,1296,57500,306000000,1728000
1791129319.0800,4960,1296,57593,306000000,1190400
1791129319.1301,4960,1296,57468,306000000,1728000
1791129319.1802,4960,1296,57468,306000000,1728000
1791129319.2302,4960,1296,57718,306000000,1728000
1791129319.2803,4960,1288,57531,306000000,1728000
1791129319.3304,4960,1288,57687,306000000,1728000
1791129319.3805,4960,1288,57500,306000000,1728000
1791129319.4306,4960,1280,57656,306000000,1728000
1791129319.4806,4960,1280,57562,306000000,1728000
1791129319.5307,4960,1280,57500,306000000,1728000
1791129319.5808,4960,1272,57531,306000000,1728000
1791129319.6309,4960,1272,57468,306000000,1728000
1791129319.6810,4960,1288,57500,306000000,1728000
1791129319.7312,4960,1288,57531,306000000,1728000
1791129319.7813,4960,1280,57625,306000000,1728000
1791129319.8314,4960,1280,57500,306000000,1728000
1791129319.8815,4960,1280,57656,306000000,1728000
1791129319.9315,4960,1288,57468,306000000,1728000
1791129319.9816,4960,1280,57468,306000000,1728000
1791129320.0317,4960,1280,57531,306000000,1728000
1791129320.0818,4960,1288,57562,306000000,1728000
1791129320.1319,4960,1288,57468,306000000,1728000
1791129320.1820,4960,1280,57500,306000000,1728000
1791129320.2321,4960,1296,57656,306000000,1344000
1791129320.2822,4960,1296,57468,306000000,1728000
1791129320.3323,4960,1288,57562,306000000,1728000
1791129320.3823,4960,1288,57468,306000000,1728000
1791129320.4324,4960,1288,57593,306000000,1728000
1791129320.4825,4960,1280,57500,306000000,1728000
1791129320.5326,4960,1280,57531,306000000,1728000
1791129320.5827,4960,1288,57468,306000000,1728000
1791129320.6328,4960,1288,57437,306000000,1728000
1791129320.6829,4960,1288,57687,306000000,1728000
1791129320.7330,4960,1280,57468,306000000,1728000
1791129320.7831,4960,1288,57531,306000000,1420800
1791129320.8332,4960,1304,57468,306000000,1728000
1791129320.8833,4960,1296,57562,306000000,1190400
1791129320.9334,4960,1296,57500,306000000,1344000
1791129320.9836,4960,1288,57468,306000000,1728000
1791129321.0336,4960,1280,57468,306000000,1728000
1791129321.0837,4960,1280,57468,306000000,1728000
1791129321.1338,4960,1304,57625,306000000,1728000
1791129321.1839,4960,1312,57468,306000000,1728000
1791129321.2340,4960,1320,57531,306000000,1728000
1791129321.2841,4960,1320,57531,306000000,1728000
1791129321.3342,4952,1328,57562,306000000,1728000
1791129321.3843,4952,1336,57468,306000000,1728000
1791129321.4344,4952,1336,57468,306000000,1728000
1791129321.4844,4960,1320,57468,306000000,1728000
1791129321.5345,4960,1320,57500,306000000,1728000
1791129321.5846,4960,1312,57687,306000000,1728000
1791129321.6347,4960,1312,57468,306000000,1728000
1791129321.6848,4960,1312,57562,306000000,1728000
1791129321.7349,4960,1296,57531,306000000,1728000
1791129321.7850,4960,1296,57468,306000000,1728000
1791129321.8351,4960,1296,57468,306000000,1728000
1791129321.8852,4960,1296,57593,306000000,1728000
1791129321.9353,4960,1296,57468,306000000,1728000
1791129321.9854,4960,1304,57468,306000000,1728000
1791129322.0354,4960,1296,57500,306000000,1728000
1791129322.0855,4960,1296,57468,306000000,1728000
1791129322.1356,4960,1288,57468,306000000,1728000
1791129322.1857,4960,1288,57468,306000000,1728000
1791129322.2358,4960,1288,57500,306000000,1728000
1791129322.2859,4960,1280,57468,306000000,1728000
1791129322.3359,4960,1280,57468,306000000,1728000
1791129322.3860,4960,1280,57437,306000000,1728000
1791129322.4361,4960,1280,57468,306000000,1728000
1791129322.4862,4960,1288,57468,306000000,1728000
1791129322.5363,4960,1296,57531,306000000,1728000
1791129322.5863,4960,1296,57562,306000000,1728000
1791129322.6364,4960,1288,57468,306000000,1728000
1791129322.6865,4960,1280,57500,306000000,1728000
1791129322.7366,4960,1288,57468,306000000,1728000
1791129322.7867,4960,1288,57500,306000000,1728000
1791129322.8367,4960,1280,57468,306000000,1728000
1791129322.8868,4960,1280,57468,306000000,1728000
1791129322.9369,4960,1288,57406,306000000,1728000
1791129322.9870,4960,1288,57468,306000000,1728000
1791129323.0371,4960,1296,57562,306000000,1728000
1791129323.0872,4960,1304,57468,306000000,1728000
1791129323.1373,4960,1304,57500,306000000,1728000
1791129323.1873,4960,1296,57468,306000000,1728000
1791129323.2374,4960,1288,57500,306000000,1728000
1791129323.2875,4960,1296,57468,306000000,1728000
1791129323.3376,4960,1296,57406,306000000,1728000
1791129323.3877,4960,1288,57468,306000000,1728000
1791129323.4377,4960,1280,57468,306000000,1728000
1791129323.4878,4960,1288,57562,306000000,1728000
1791129323.5379,4960,1280,57437,306000000,1728000
1791129323.5881,4960,1288,57500,306000000,1728000
1791129323.6382,4960,1296,57406,306000000,1728000
1791129323.6883,4960,1296,57531,306000000,1728000
1791129323.7384,4960,1280,57437,306000000,1728000
1791129323.7884,4960,1288,57468,306000000,1728000
1791129323.8385,4960,1288,57468,306000000,1728000
1791129323.8886,4960,1280,57406,306000000,1728000
1791129323.9387,4960,1280,57562,306000000,1728000
1791129323.9888,4960,1280,57468,306000000,1728000
1791129324.0389,4960,1280,57468,306000000,1728000
1791129324.0890,4960,1280,57406,306000000,1728000
1791129324.1391,4960,1288,57500,306000000,1497600
1791129324.1892,4960,1304,57375,306000000,1728000
1791129324.2393,4960,1296,57437,306000000,1728000
1791129324.2893,4960,1288,57375,306000000,1728000
1791129324.3394,4960,1288,57406,306000000,1728000
1791129324.3895,4960,1280,57406,306000000,1728000
1791129324.4396,4960,1280,57437,306000000,1728000
1791129324.4897,4960,1280,57500,306000000,1728000
1791129324.5397,4960,1280,57437,306000000,1728000
1791129324.5898,4960,1280,57468,306000000,1728000
1791129324.6399,4960,1280,57437,306000000,1728000
1791129324.6900,4960,1288,57437,306000000,1728000
1791129324.7401,4960,1296,57406,306000000,1728000
1791129324.7902,4960,1296,57437,306000000,1728000
1791129324.8403,4960,1296,57468,306000000,1728000
1791129324.8904,4960,1296,57437,306000000,1728000
1791129324.9405,4960,1296,57531,306000000,1728000
1791129324.9905,4960,1288,57406,306000000,1728000
1791129325.0406,4960,1288,57468,306000000,1728000
1791129325.0907,4960,1280,57343,306000000,1728000
1791129325.1408,4960,1280,57468,306000000,1728000
1791129325.1908,4960,1280,57343,306000000,1728000
1791129325.2409,4960,1288,57468,306000000,1728000
1791129325.2911,4960,1296,57312,306000000,1267200
1791129325.3412,4960,1288,57375,306000000,1728000
1791129325.3912,4960,1288,57468,306000000,1728000
1791129325.4413,4960,1296,57437,306000000,1728000
1791129325.4914,4960,1288,57468,306000000,1728000
1791129325.5415,4960,1288,57343,306000000,1728000
1791129325.5916,4960,1288,57468,306000000,1728000
1791129325.6416,4960,1288,57312,306000000,1728000
1791129325.6917,4960,1288,57437,306000000,1728000
1791129325.7418,4960,1272,57437,306000000,1728000
1791129325.7919,4960,1280,57343,306000000,1728000
1791129325.8420,4960,1288,57468,306000000,1728000
1791129325.8921,4960,1280,57343,306000000,1728000
1791129325.9422,4960,1280,57468,306000000,1728000
1791129325.9922,4960,1288,57375,306000000,1728000
1791129326.0423,4960,1280,57343,306000000,1728000
1791129326.0924,4960,1280,57312,306000000,1728000
1791129326.1425,4960,1280,57468,306000000,1728000
1791129326.1926,4960,1288,57281,306000000,1728000
1791129326.2427,4960,1280,57468,306000000,1728000
1791129326.2928,4960,1272,57468,306000000,1728000
1791129326.3428,4960,1272,57375,306000000,1728000
1791129326.3929,4960,1288,57468,306000000,1728000
1791129326.4431,4960,1288,57312,306000000,1728000
1791129326.4931,4960,1280,57406,306000000,1728000
1791129326.5432,4960,1288,57312,306000000,1728000
1791129326.5933,4960,1280,57281,306000000,1728000
1791129326.6434,4960,1280,57343,306000000,1728000
1791129326.6935,4960,1280,57437,306000000,1728000
1791129326.7436,4960,1280,57343,306000000,1728000
1791129326.7937,4960,1280,57343,306000000,1728000
1791129326.8438,4960,1280,57406,306000000,1728000
1791129326.8939,4960,1280,57312,306000000,1728000
1791129326.9440,4960,1288,57437,306000000,1728000
1791129326.9941,4960,1288,57437,306000000,1728000
1791129327.0441,4960,1288,57375,306000000,1728000
1791129327.0942,4960,1280,57312,306000000,1728000
1791129327.1443,4960,1280,57406,306000000,1728000
1791129327.1944,4960,1280,57343,306000000,1728000
1791129327.2445,4960,1280,57312,306000000,1728000
1791129327.2946,4960,1272,57468,306000000,1728000
1791129327.3448,4960,1272,57312,306000000,1728000
1791129327.3949,4960,1280,57468,306000000,1728000
1791129327.4450,4960,1272,57343,306000000,1728000
1791129327.4951,4960,1280,57468,306000000,1344000
1791129327.5452,4960,1288,57343,306000000,1728000
1791129327.5953,4960,1288,57406,306000000,1728000
1791129327.6454,4960,1288,57312,306000000,1728000
1791129327.6955,4960,1288,57406,306000000,1728000
1791129327.7456,4960,1288,57468,306000000,1728000
1791129327.7957,4960,1280,57375,306000000,1728000
1791129327.8458,4960,1280,57437,306000000,1728000
1791129327.8958,4960,1280,57312,306000000,1728000
1791129327.9459,4960,1280,57437,306000000,1728000
1791129327.9960,4960,1280,57343,306000000,1728000
1791129328.0462,4960,1280,57437,306000000,1344000
1791129328.0963,4960,1288,57312,306000000,1728000
1791129328.1464,4960,1296,57375,306000000,1728000
1791129328.1964,4960,1288,57406,306000000,1728000
1791129328.2465,4960,1288,57218,306000000,1728000
1791129328.2966,4960,1288,57437,306000000,1728000
1791129328.3467,4960,1288,57218,306000000,1728000
1791129328.3968,4960,1288,57343,306000000,1728000
1791129328.4469,4960,1280,57281,306000000,1728000
1791129328.4970,4960,1280,57312,306000000,1728000
1791129328.5470,4960,1288,57250,306000000,1728000
1791129328.5971,4960,1288,57406,306000000,1728000
1791129328.6472,4960,1296,57468,306000000,1420800
1791129328.6973,4960,1296,57312,306000000,1728000
1791129328.7474,4960,1288,57406,306000000,1728000
1791129328.7975,4960,1288,57250,306000000,1728000
1791129328.8476,4960,1288,57437,306000000,1728000
1791129328.8977,4960,1280,57375,306000000,1728000
1791129328.9477,4960,1280,57375,306000000,1728000
1791129328.9978,4960,1280,57281,306000000,1728000
1791129329.0479,4960,1280,57281,306000000,1728000
1791129329.0980,4960,1272,57312,306000000,1728000
1791129329.1481,4960,1272,57343,306000000,1728000
1791129329.1982,4960,1288,57468,306000000,1728000
1791129329.2483,4960,1280,57281,306000000,1728000
1791129329.2983,4960,1280,57406,306000000,1728000
1791129329.3484,4960,1280,57250,306000000,1728000
1791129329.3985,4960,1272,57375,306000000,1728000
1791129329.4486,4960,1272,57312,306000000,1728000
1791129329.4987,4960,1280,57218,306000000,1728000
1791129329.5488,4960,1280,57250,306000000,1728000
1791129329.5989,4960,1272,57250,306000000,1728000
1791129329.6489,4960,1272,57437,306000000,1728000
1791129329.6991,4960,1272,57312,306000000,1728000
1791129329.7492,4960,1280,57375,306000000,1344000
1791129329.7993,4960,1280,57281,306000000,1728000
1791129329.8494,4960,1280,57343,306000000,1728000
1791129329.8994,4960,1280,57250,306000000,1728000
1791129329.9495,4960,1280,57343,306000000,1728000
1791129329.9996,4960,1280,57187,306000000,1728000
1791129330.0497,4960,1288,57375,306000000,1728000
1791129330.0998,4960,1288,57437,306000000,1728000
1791129330.1499,4960,1280,57312,306000000,1728000
1791129330.1999,4960,1288,57468,306000000,1728000
1791129330.2500,4960,1288,57343,306000000,1728000
1791129330.3001,4960,1288,57406,306000000,1728000
1791129330.3503,4960,1296,57250,306000000,1728000
1791129330.4003,4960,1296,57312,306000000,1728000
1791129330.4504,4960,1296,57281,306000000,1728000
1791129330.5005,4960,1288,57281,306000000,1728000
1791129330.5506,4960,1288,57437,306000000,1728000
1791129330.6007,4960,1280,57281,306000000,1728000
1791129330.6508,4960,1280,57343,306000000,1728000
1791129330.7009,4960,1272,57218,306000000,1728000
1791129330.7509,4960,1280,57375,306000000,1728000
1791129330.8010,4960,1288,57218,306000000,1728000
1791129330.8511,4960,1304,57343,306000000,1728000
1791129330.9012,4952,1320,57281,306000000,1728000
1791129330.9513,4952,1328,57343,306000000,1728000
1791129331.0014,4952,1320,57406,306000000,1728000
1791129331.0515,4952,1320,57218,306000000,1728000
1791129331.1016,4960,1320,57343,306000000,1728000
1791129331.1517,4960,1320,57187,306000000,1728000
1791129331.2018,4960,1320,57375,306000000,1728000
1791129331.2518,4960,1312,57218,306000000,1728000
1791129331.3019,4960,1304,57343,306000000,1728000
1791129331.3520,4960,1304,57218,306000000,1728000
1791129331.4021,4960,1304,57281,306000000,1728000
1791129331.4522,4960,1304,57281,306000000,1344000
1791129331.5023,4960,1304,57250,306000000,1728000
1791129331.5524,4960,1304,57375,306000000,1728000
1791129331.6025,4960,1288,57281,306000000,1728000
1791129331.6526,4960,1288,57343,306000000,1728000
1791129331.7026,4960,1296,57250,306000000,1728000
1791129331.7527,4960,1296,57343,306000000,1728000
1791129331.8028,4960,1288,57218,306000000,1728000
1791129331.8529,4960,1288,57281,306000000,1728000
1791129331.9030,4960,1288,57218,306000000,1728000
1791129331.9531,4960,1288,57156,306000000,1728000
1791129332.0031,4960,1304,57343,306000000,1728000
1791129332.0532,4960,1296,57156,306000000,1728000
1791129332.1033,4960,1296,57437,306000000,1728000
1791129332.1534,4960,1296,57281,306000000,1728000
1791129332.2035,4960,1296,57312,306000000,1728000
1791129332.2536,4960,1288,57156,306000000,1728000
1791129332.3037,4960,1296,57218,306000000,1728000
1791129332.3537,4960,1288,57218,306000000,1728000
1791129332.4038,4960,1288,57218,306000000,1728000
1791129332.4539,4960,1288,57375,306000000,1728000
1791129332.5040,4960,1288,57187,306000000,1728000
1791129332.5541,4960,1296,57312,306000000,1728000
1791129332.6042,4960,1296,57218,306000000,1728000
1791129332.6542,4960,1296,57281,306000000,1728000
1791129332.7043,4960,1296,57250,306000000,1728000
1791129332.7544,4960,1296,57250,306000000,1728000
1791129332.8045,4960,1288,57125,306000000,1728000
1791129332.8546,4960,1288,57250,306000000,1728000
1791129332.9046,4960,1288,57281,306000000,1728000
1791129332.9547,4960,1288,57281,306000000,1728000
1791129333.0048,4960,1280,57343,306000000,1728000
1791129333.0549,4960,1280,57250,306000000,1728000
1791129333.1050,4960,1288,57312,306000000,1497600
1791129333.1551,4960,1296,57187,306000000,1728000
1791129333.2052,4960,1288,57281,306000000,1728000
1791129333.2553,4960,1288,57187,306000000,1728000
1791129333.3053,4960,1280,57156,306000000,1728000
1791129333.3554,4960,1272,57312,306000000,1728000
1791129333.4055,4960,1272,57250,306000000,1728000
1791129333.4556,4960,1272,57281,306000000,1728000
1791129333.5057,4960,1272,57187,306000000,1728000
1791129333.5558,4960,1272,57250,306000000,1728000
1791129333.6058,4960,1272,57250,306000000,1728000
1791129333.6559,4960,1280,57281,306000000,1728000
1791129333.7060,4960,1280,57187,306000000,1728000
1791129333.7561,4960,1280,57250,306000000,1728000
1791129333.8062,4960,1280,57343,306000000,1728000
1791129333.8563,4960,1272,57187,306000000,1728000
1791129333.9064,4960,1272,57250,306000000,1728000
1791129333.9565,4960,1272,57250,306000000,1728000
1791129334.0065,4960,1272,57343,306000000,1728000
1791129334.0566,4960,1272,57187,306000000,1728000
1791129334.1067,4960,1272,57312,306000000,1728000
1791129334.1568,4960,1264,57187,306000000,1728000
1791129334.2069,4960,1264,57218,306000000,1267200
1791129334.2570,4960,1280,57187,306000000,1728000
1791129334.3071,4960,1280,57156,306000000,1728000
1791129334.3571,4960,1280,57343,306000000,1728000
1791129334.4072,4960,1280,57218,306000000,1728000
1791129334.4573,4960,1280,57281,306000000,1728000
1791129334.5074,4960,1280,57187,306000000,1728000
1791129334.5575,4960,1272,57187,306000000,1728000
1791129334.6075,4960,1272,57218,306000000,1728000
1791129334.6576,4960,1272,57187,306000000,1728000
1791129334.7077,4960,1272,57125,306000000,1728000
1791129334.7578,4960,1272,57125,306000000,1728000
1791129334.8079,4960,1288,57250,306000000,1728000
1791129334.8580,4960,1288,57156,306000000,1728000
1791129334.9081,4960,1280,57281,306000000,1728000
1791129334.9581,4960,1280,57156,306000000,1728000
1791129335.0082,4960,1280,57312,306000000,1728000
1791129335.0583,4960,1272,57218,306000000,1728000
1791129335.1084,4960,1272,57187,306000000,1728000
1791129335.1585,4960,1280,57187,306000000,1728000
1791129335.2086,4960,1280,57125,306000000,1728000
1791129335.2587,4960,1272,57343,306000000,1728000
1791129335.3087,4960,1272,57156,306000000,1728000
1791129335.3588,4960,1280,57250,306000000,1267200
1791129335.4089,4960,1288,57093,306000000,1728000
1791129335.4591,4960,1280,57187,306000000,1728000
1791129335.5091,4960,1280,57125,306000000,1728000
1791129335.5592,4960,1280,57250,306000000,1728000
1791129335.6093,4960,1280,57093,306000000,1728000
1791129335.6594,4960,1272,57156,306000000,1728000
1791129335.7095,4960,1280,57312,306000000,1728000
1791129335.7595,4960,1272,57187,306000000,1728000
1791129335.8096,4960,1272,57218,306000000,1728000
1791129335.8597,4960,1272,57093,306000000,1728000
1791129335.9098,4960,1288,57156,306000000,1267200
1791129335.9599,4960,1288,57093,306000000,1728000
1791129336.0100,4960,1280,57125,306000000,1728000
1791129336.0600,4960,1280,57125,306000000,1728000
1791129336.1101,4960,1280,57156,306000000,1728000
1791129336.1602,4960,1280,57281,306000000,1728000
1791129336.2103,4960,1280,57093,306000000,1728000
1791129336.2604,4960,1280,57250,306000000,1728000
1791129336.3105,4960,1280,57125,306000000,1728000
1791129336.3605,4960,1280,57125,306000000,1728000
1791129336.4106,4960,1280,57156,306000000,1728000
1791129336.4607,4960,1288,57218,306000000,1728000
1791129336.5108,4960,1296,57000,306000000,1728000
1791129336.5609,4960,1288,57187,306000000,1728000
1791129336.6110,4960,1288,57281,306000000,1728000
1791129336.6611,4960,1288,57156,306000000,1728000
1791129336.7111,4960,1288,57281,306000000,1728000
1791129336.7612,4960,1288,57156,306000000,1728000
1791129336.8113,4960,1288,57156,306000000,1728000
1791129336.8614,4960,1288,57125,306000000,1728000
1791129336.9115,4960,1280,57156,306000000,1728000
1791129336.9615,4960,1272,57062,306000000,1728000
1791129337.0116,4960,1280,57218,306000000,1728000
1791129337.0617,4960,1296,57156,306000000,1728000
1791129337.1118,4960,1280,57031,306000000,1728000
1791129337.1619,4960,1280,57156,306000000,1728000
1791129337.2120,4960,1280,57093,306000000,1728000
1791129337.2621,4960,1272,57187,306000000,1728000
1791129337.3121,4960,1280,57156,306000000,1728000
1791129337.3622,4960,1272,57125,306000000,1728000
1791129337.4123,4960,1272,57093,306000000,1728000
1791129337.4624,4960,1272,57156,306000000,1728000
1791129337.5124,4960,1272,57218,306000000,1728000
1791129337.5625,4960,1264,57093,306000000,1728000
1791129337.6126,4960,1280,57093,306000000,1728000
1791129337.6627,4960,1304,57062,306000000,1728000
1791129337.7128,4960,1296,57281,306000000,1728000
1791129337.7629,4960,1296,57000,306000000,1728000
1791129337.8130,4960,1296,57218,306000000,1728000
1791129337.8630,4960,1296,57093,306000000,1728000
1791129337.9131,4960,1296,57125,306000000,1728000
1791129337.9632,4960,1288,57187,306000000,1728000
1791129338.0133,4960,1288,57125,306000000,1728000
1791129338.0634,4960,1288,57250,306000000,1728000
1791129338.1135,4960,1288,57000,306000000,1728000
1791129338.1636,4960,1288,57250,306000000,1728000
1791129338.2137,4960,1296,57031,306000000,1728000
1791129338.2637,4960,1296,57125,306000000,1728000
1791129338.3138,4960,1288,57093,306000000,1728000
1791129338.3639,4960,1288,57093,306000000,1728000
1791129338.4140,4960,1288,57000,306000000,1728000
1791129338.4641,4960,1288,57125,306000000,1728000
1791129338.5142,4960,1288,57187,306000000,1728000
1791129338.5643,4960,1280,57062,306000000,1728000
1791129338.6143,4960,1280,57187,306000000,1728000
1791129338.6644,4960,1280,57031,306000000,1728000
1791129338.7145,4960,1288,57156,306000000,1728000
1791129338.7646,4960,1296,57062,306000000,1728000
1791129338.8147,4960,1296,57187,306000000,1728000
1791129338.8648,4960,1288,57062,306000000,1728000
1791129338.9149,4960,1288,57031,306000000,1728000
1791129338.9649,4960,1288,57187,306000000,1728000
1791129339.0150,4960,1288,57093,306000000,1728000
1791129339.0651,4960,1280,57187,306000000,1728000
1791129339.1152,4960,1280,57093,306000000,1728000
1791129339.1653,4960,1280,57093,306000000,1728000
1791129339.2154,4960,1288,57000,306000000,1728000
1791129339.2655,4960,1288,57093,306000000,1728000
1791129339.3156,4960,1296,56968,306000000,1728000
1791129339.3657,4960,1296,57187,306000000,1728000
1791129339.4157,4960,1296,57218,306000000,1728000
1791129339.4658,4960,1288,56968,306000000,1728000
1791129339.5159,4960,1288,57187,306000000,1728000
1791129339.5660,4960,1288,57062,306000000,1728000
1791129339.6161,4960,1280,57062,306000000,1728000
1791129339.6662,4960,1280,57031,306000000,1728000
1791129339.7163,4960,1280,57125,306000000,1728000
1791129339.7664,4960,1280,57093,306000000,1728000
1791129339.8164,4960,1280,57125,306000000,1728000
1791129339.8665,4960,1288,56968,306000000,1267200
1791129339.9166,4960,1288,57031,306000000,1728000
1791129339.9667,4960,1288,57156,306000000,1728000
1791129340.0168,4960,1280,57062,306000000,1728000
1791129340.0669,4960,1280,57093,306000000,1728000
1791129340.1170,4960,1272,56968,306000000,1728000
1791129340.1671,4960,1272,57062,306000000,1728000
1791129340.2171,4960,1288,57000,306000000,1728000
1791129340.2672,4960,1296,57000,306000000,1728000
1791129340.3173,4960,1304,57187,306000000,1728000
1791129340.3674,4952,1312,57062,306000000,1651200
1791129340.4175,4952,1328,57156,306000000,1728000
1791129340.4676,4952,1320,57093,306000000,1728000
1791129340.5176,4952,1320,57125,306000000,1728000
1791129340.5677,4952,1328,57062,306000000,1728000
1791129340.6178,4952,1320,57093,306000000,1728000
1791129340.6679,4960,1312,57031,306000000,1728000
1791129340.7180,4960,1312,57031,306000000,1728000
1791129340.7681,4960,1312,57187,306000000,1728000
1791129340.8182,4960,1304,57093,306000000,1728000
1791129340.8683,4960,1296,57156,306000000,1728000
1791129340.9183,4960,1296,57062,306000000,1728000
1791129340.9684,4952,1304,57125,306000000,1728000
1791129341.0185,4952,1312,57031,306000000,1728000
1791129341.0686,4960,1296,57062,306000000,1728000
1791129341.1187,4960,1296,57031,306000000,1728000
1791129341.1688,4960,1288,57000,306000000,1728000
1791129341.2189,4960,1288,57093,306000000,1728000
1791129341.2690,4960,1288,57031,306000000,1728000
1791129341.3191,4960,1280,57218,306000000,1728000
1791129341.3691,4960,1280,57000,306000000,1728000
1791129341.4192,4960,1280,57187,306000000,1728000
1791129341.4693,4960,1288,57031,306000000,1728000
1791129341.5194,4960,1288,57062,306000000,1344000
1791129341.5695,4960,1296,57000,306000000,1728000
1791129341.6196,4960,1296,57031,306000000,1728000
1791129341.6697,4960,1296,56937,306000000,1728000
1791129341.7198,4960,1288,57000,306000000,1728000
1791129341.7699,4960,1288,57187,306000000,1728000
1791129341.8200,4960,1288,57000,306000000,1728000
1791129341.8701,4960,1288,57156,306000000,1728000
1791129341.9201,4960,1280,57000,306000000,1728000
1791129341.9702,4960,1288,57093,306000000,1728000
1791129342.0203,4960,1288,57000,306000000,1728000
1791129342.0704,4960,1296,57031,306000000,1728000
1791129342.1205,4960,1304,57000,306000000,1728000
1791129342.1706,4960,1296,57062,306000000,1728000
1791129342.2207,4960,1296,57093,306000000,1728000
1791129342.2708,4960,1296,57000,306000000,1728000
1791129342.3209,4960,1296,57125,306000000,1728000
1791129342.3709,4960,1288,56968,306000000,1728000
1791129342.4210,4960,1288,57031,306000000,1728000
1791129342.4711,4960,1288,57000,306000000,1728000
1791129342.5212,4960,1280,57000,306000000,1728000
1791129342.5713,4960,1280,56906,306000000,1728000
1791129342.6214,4960,1288,57062,306000000,1728000
1791129342.6715,4960,1296,57218,306000000,1728000
1791129342.7216,4960,1296,57000,306000000,1728000
1791129342.7717,4960,1296,57093,306000000,1728000
1791129342.8217,4960,1288,57093,306000000,1728000
1791129342.8718,4960,1288,57187,306000000,1728000
1791129342.9219,4960,1280,57031,306000000,1728000
1791129342.9720,4960,1280,57000,306000000,1728000
1791129343.0221,4960,1288,56937,306000000,1728000
1791129343.0722,4960,1280,57000,306000000,1728000
1791129343.1222,4960,1280,57062,306000000,1728000
1791129343.1723,4960,1280,57093,306000000,1728000
1791129343.2224,4960,1288,57093,306000000,1728000
1791129343.2725,4960,1280,57000,306000000,1728000
1791129343.3226,4960,1280,57125,306000000,1728000
1791129343.3727,4960,1288,57000,306000000,1728000
1791129343.4228,4960,1280,57000,306000000,1728000
1791129343.4729,4960,1280,57000,306000000,1728000
1791129343.5229,4960,1280,57031,306000000,1728000
1791129343.5730,4960,1288,57093,306000000,1728000
1791129343.6231,4960,1280,56968,306000000,1728000
1791129343.6732,4960,1280,57125,306000000,1728000
1791129343.7233,4960,1280,57031,306000000,1113600
1791129343.7734,4960,1288,57031,306000000,1728000
1791129343.8235,4960,1296,56968,306000000,1728000
1791129343.8735,4960,1296,57000,306000000,1728000
1791129343.9236,4960,1296,56937,306000000,1728000
1791129343.9737,4960,1288,57000,306000000,1728000
1791129344.0238,4960,1288,56906,306000000,1728000
1791129344.0739,4960,1288,57000,306000000,1728000
1791129344.1240,4960,1288,57093,306000000,1728000
1791129344.1740,4960,1288,56968,306000000,1728000
1791129344.2241,4960,1288,57125,306000000,1728000
1791129344.2742,4960,1288,56937,306000000,1728000
1791129344.3243,4960,1288,57031,306000000,1728000
1791129344.3744,4960,1296,57000,306000000,1728000
1791129344.4245,4960,1296,57093,306000000,1728000
1791129344.4746,4960,1296,57000,306000000,1728000
1791129344.5247,4960,1288,57000,306000000,1728000
1791129344.5748,4960,1288,57062,306000000,1728000
1791129344.6248,4960,1288,57000,306000000,1728000
1791129344.6749,4960,1280,57000,306000000,1728000
1791129344.7250,4960,1272,57000,306000000,1728000
1791129344.7751,4960,1280,57000,306000000,1728000
1791129344.8251,4960,1272,56968,306000000,1728000
1791129344.8752,4960,1280,57000,306000000,1420800
1791129344.9253,4960,1288,56937,306000000,1728000
1791129344.9754,4960,1288,56968,306000000,1728000
1791129345.0255,4960,1280,57093,306000000,1728000
1791129345.0756,4960,1288,56937,306000000,1728000
1791129345.1257,4960,1288,57093,306000000,1728000
1791129345.1758,4960,1280,57000,306000000,1728000
1791129345.2258,4960,1280,57000,306000000,1728000
1791129345.2759,4960,1280,56875,306000000,1728000
1791129345.3260,4960,1272,57000,306000000,1728000
1791129345.3761,4960,1280,56875,306000000,1728000
1791129345.4262,4960,1288,57000,306000000,1728000
1791129345.4763,4960,1288,57031,306000000,1728000
1791129345.5264,4960,1288,57000,306000000,1728000
1791129345.5765,4960,1288,57031,306000000,1728000
1791129345.6266,4960,1288,56906,306000000,1728000
1791129345.6767,4960,1296,57000,306000000,1728000
1791129345.7267,4960,1288,57031,306000000,1728000
1791129345.7768,4960,1288,57000,306000000,1728000
1791129345.8269,4960,1288,57000,306000000,1728000
1791129345.8770,4960,1280,57031,306000000,1728000
1791129345.9271,4960,1280,57000,306000000,1728000
1791129345.9772,4960,1288,56937,306000000,1113600
1791129346.0273,4960,1296,57125,306000000,1728000
1791129346.0773,4960,1288,56937,306000000,1728000
1791129346.1274,4960,1288,57000,306000000,1728000
1791129346.1775,4960,1296,56875,306000000,1728000
1791129346.2276,4960,1296,57031,306000000,1728000
1791129346.2777,4960,1280,56875,306000000,1728000
1791129346.3277,4960,1288,57031,306000000,1728000
1791129346.3778,4960,1288,57062,306000000,1728000
1791129346.4279,4960,1296,56937,306000000,1728000
1791129346.4780,4960,1280,57031,306000000,1728000
1791129346.5281,4960,1280,56906,306000000,1344000
1791129346.5782,4960,1296,57000,306000000,1728000
1791129346.6284,4960,1296,56875,306000000,1728000
1791129346.6785,4960,1288,57031,306000000,1728000
1791129346.7285,4960,1288,56875,306000000,1728000
1791129346.7786,4960,1288,57000,306000000,1728000
1791129346.8287,4960,1280,56906,306000000,1728000
1791129346.8788,4960,1288,56937,306000000,1728000
1791129346.9289,4960,1280,57031,306000000,1728000
1791129346.9790,4960,1280,56875,306000000,1728000
1791129347.0290,4960,1280,57062,306000000,1728000
1791129347.0791,4960,1280,56812,306000000,1728000
1791129347.1292,4960,1288,56968,306000000,1728000
1791129347.1793,4960,1296,57000,306000000,1728000
1791129347.2294,4960,1288,57000,306000000,1728000
1791129347.2795,4960,1288,56937,306000000,1728000
1791129347.3296,4960,1288,56906,306000000,1728000
1791129347.3797,4960,1280,57031,306000000,1728000
1791129347.4298,4960,1280,56875,306000000,1728000
1791129347.4798,4960,1288,57125,306000000,1728000
1791129347.5299,4960,1288,56875,306000000,1728000
1791129347.5800,4960,1280,57031,306000000,1728000
1791129347.6301,4960,1288,56875,306000000,1728000
1791129347.6802,4960,1296,56906,306000000,1728000
1791129347.7303,4960,1304,56812,306000000,1728000
1791129347.7804,4960,1296,56875,306000000,1728000
1791129347.8305,4960,1288,56968,306000000,1728000
1791129347.8806,4960,1288,56968,306000000,1728000
1791129347.9307,4960,1280,56968,306000000,1728000
1791129347.9807,4960,1288,56843,306000000,1728000
1791129348.0308,4960,1288,57000,306000000,1728000
1791129348.0809,4960,1288,56843,306000000,1728000
1791129348.1310,4960,1280,56937,306000000,1728000
1791129348.1811,4960,1280,56843,306000000,1728000
1791129348.2312,4960,1288,57000,306000000,1344000
1791129348.2812,4960,1288,57031,306000000,1728000
1791129348.3313,4960,1288,56968,306000000,1728000
1791129348.3814,4960,1288,56968,306000000,1728000
1791129348.4315,4960,1280,56812,306000000,1728000
1791129348.4816,4960,1280,57000,306000000,1728000
1791129348.5316,4960,1280,56812,306000000,1728000
1791129348.5817,4960,1280,56906,306000000,1728000
1791129348.6318,4960,1272,56781,306000000,1728000
1791129348.6819,4960,1272,56937,306000000,1728000
1791129348.7320,4960,1272,56968,306000000,1728000
1791129348.7821,4960,1272,56843,306000000,1728000
1791129348.8322,4960,1288,56937,306000000,1728000
1791129348.8823,4960,1288,56843,306000000,1728000
1791129348.9324,4960,1288,56968,306000000,1728000
1791129348.9825,4960,1280,56812,306000000,1728000
1791129349.0325,4960,1280,56937,306000000,1728000
1791129349.0826,4960,1288,56812,306000000,1728000
1791129349.1327,4960,1280,56937,306000000,1728000
1791129349.1828,4960,1280,57000,306000000,1728000
1791129349.2329,4960,1280,56906,306000000,1728000
1791129349.2829,4960,1288,57000,306000000,1728000
1791129349.3330,4960,1288,56812,306000000,1728000
1791129349.3832,4960,1296,56968,306000000,1728000
1791129349.4333,4960,1296,56843,306000000,1728000
1791129349.4834,4960,1296,56937,306000000,1728000
1791129349.5334,4960,1296,56687,306000000,1728000
1791129349.5835,4960,1288,56875,306000000,1728000
1791129349.6336,4960,1288,56875,306000000,1728000
1791129349.6837,4960,1288,56812,306000000,1728000
1791129349.7338,4960,1288,57000,306000000,1728000
1791129349.7838,4960,1280,56843,306000000,1728000
1791129349.8339,4960,1280,57000,306000000,1728000
1791129349.8840,4960,1288,56812,306000000,1728000
1791129349.9341,4960,1288,56812,306000000,1728000
1791129349.9842,4960,1296,56875,306000000,1728000
1791129350.0342,4960,1296,56843,306000000,1728000
1791129350.0843,4960,1296,56843,306000000,1728000
1791129350.1344,4960,1288,56812,306000000,1728000
1791129350.1845,4960,1288,56937,306000000,1728000
1791129350.2346,4960,1296,56781,306000000,1728000
1791129350.2846,4960,1288,57000,306000000,1728000
1791129350.3347,4960,1280,56750,306000000,1728000
1791129350.3848,4960,1288,56875,306000000,1728000
1791129350.4349,4960,1280,56843,306000000,1728000
1791129350.4850,4960,1288,56812,306000000,1344000
1791129350.5350,4960,1288,56875,306000000,1728000
1791129350.5851,4960,1288,56812,306000000,1728000
1791129350.6352,4960,1280,56906,306000000,1728000
1791129350.6853,4960,1280,56843,306000000,1728000
1791129350.7354,4960,1280,57000,306000000,1728000
1791129350.7855,4960,1280,56781,306000000,1728000
1791129350.8356,4960,1280,56875,306000000,1728000
1791129350.8857,4960,1280,56812,306000000,1344000
1791129350.9358,4960,1272,56812,306000000,1728000
1791129350.9858,4960,1272,56781,306000000,1728000
1791129351.0359,4960,1288,56906,306000000,1728000
1791129351.0861,4960,1296,56937,306000000,1728000
1791129351.1361,4960,1296,56843,306000000,1728000
1791129351.1862,4960,1296,56875,306000000,1728000
1791129351.2363,4960,1304,56875,306000000,1728000
1791129351.2864,4960,1296,56968,306000000,1728000
1791129351.3365,4960,1288,56781,306000000,1728000
1791129351.3865,4960,1288,56875,306000000,1728000
1791129351.4366,4960,1296,56718,306000000,1728000
1791129351.4867,4960,1288,56812,306000000,1728000
1791129351.5368,4960,1288,57000,306000000,1728000
1791129351.5869,4960,1288,56781,306000000,1344000
1791129351.6370,4960,1304,56812,306000000,1728000
1791129351.6871,4960,1296,56750,306000000,1728000
1791129351.7372,4960,1296,56875,306000000,1728000
1791129351.7872,4960,1288,56687,306000000,1728000
1791129351.8373,4960,1288,56937,306000000,1728000
1791129351.8874,4960,1280,56750,306000000,1728000
1791129351.9375,4960,1280,56843,306000000,1728000
1791129351.9876,4960,1280,56875,306000000,1728000
1791129352.0377,4960,1296,56750,306000000,1728000
1791129352.0877,4960,1304,56812,306000000,1728000
1791129352.1378,4960,1320,56812,306000000,1651200
1791129352.1879,4952,1336,56937,306000000,1728000
1791129352.2380,4952,1336,56781,306000000,1728000
1791129352.2881,4952,1336,56843,306000000,1728000
1791129352.3382,4952,1328,56687,306000000,1728000
1791129352.3883,4952,1320,56843,306000000,1728000
1791129352.4383,4952,1320,57000,306000000,1728000
1791129352.4884,4952,1320,56906,306000000,1728000
1791129352.5385,4960,1312,56937,306000000,1728000
1791129352.5886,4960,1304,56843,306000000,1728000
1791129352.6386,4960,1312,56968,306000000,1728000
1791129352.6887,4960,1312,56750,306000000,1728000
1791129352.7388,4952,1320,56843,306000000,1728000
1791129352.7889,4960,1312,56750,306000000,1728000
1791129352.8390,4960,1312,56937,306000000,1728000
1791129352.8891,4960,1312,56843,306000000,1728000
1791129352.9392,4960,1304,56812,306000000,1728000
1791129352.9893,4960,1304,56937,306000000,1728000
1791129353.0394,4960,1296,56781,306000000,1728000
1791129353.0895,4960,1296,56906,306000000,1728000
1791129353.1396,4960,1296,56718,306000000,1728000
1791129353.1896,4960,1288,56843,306000000,1728000
1791129353.2397,4960,1288,56812,306000000,1728000
1791129353.2898,4960,1304,56843,306000000,1728000
1791129353.3399,4960,1304,56656,306000000,1728000
1791129353.3900,4960,1296,56781,306000000,1728000
1791129353.4401,4960,1296,56937,306000000,1728000
1791129353.4901,4960,1296,56781,306000000,1728000
1791129353.5402,4960,1288,56781,306000000,1728000
1791129353.5903,4960,1288,56781,306000000,1728000
1791129353.6404,4960,1296,56843,306000000,1728000
1791129353.6905,4960,1288,56843,306000000,1728000
1791129353.7405,4960,1288,56906,306000000,1728000
1791129353.7906,4960,1288,56750,306000000,1728000
1791129353.8407,4960,1304,56781,306000000,1190400
1791129353.8908,4960,1304,56937,306000000,1728000
1791129353.9409,4960,1296,56812,306000000,1728000
1791129353.9910,4960,1296,56843,306000000,1728000
1791129354.0411,4960,1296,56718,306000000,1728000
1791129354.0912,4960,1296,56781,306000000,1728000
1791129354.1413,4960,1296,56750,306000000,1728000
1791129354.1914,4960,1288,56781,306000000,1728000
1791129354.2414,4960,1288,56750,306000000,1728000
1791129354.2915,4960,1288,56781,306000000,1728000
1791129354.3416,4960,1280,56906,306000000,1728000
1791129354.3917,4960,1288,56750,306000000,1728000
1791129354.4418,4960,1296,56906,306000000,1728000
1791129354.4919,4960,1288,56843,306000000,1728000
1791129354.5420,4960,1296,56812,306000000,1728000
1791129354.5921,4960,1296,56750,306000000,1728000
1791129354.6421,4960,1296,56781,306000000,1728000
1791129354.6922,4960,1288,56750,306000000,1728000
1791129354.7423,4960,1288,56781,306000000,1728000
1791129354.7924,4960,1288,56875,306000000,1728000
1791129354.8425,4960,1288,56781,306000000,1728000
1791129354.8926,4960,1280,56875,306000000,1728000
1791129354.9427,4960,1288,56750,306000000,1344000
1791129354.9928,4960,1296,56937,306000000,1728000
1791129355.0429,4960,1288,56750,306000000,1728000
1791129355.0930,4960,1288,56843,306000000,1728000
1791129355.1431,4960,1288,56687,306000000,1728000
1791129355.1932,4960,1288,56843,306000000,1728000
1791129355.2432,4960,1280,57000,306000000,1728000
1791129355.2933,4960,1288,56781,306000000,1728000
1791129355.3434,4960,1288,56968,306000000,1728000
1791129355.3935,4960,1288,56718,306000000,1728000
1791129355.4436,4960,1288,56937,306000000,1728000
1791129355.4937,4960,1280,56750,306000000,1344000
1791129355.5438,4960,1296,56843,306000000,1728000
1791129355.5938,4960,1296,56687,306000000,1728000
1791129355.6439,4960,1296,56875,306000000,1728000
1791129355.6940,4960,1288,56906,306000000,1728000
1791129355.7441,4960,1288,56687,306000000,1728000
1791129355.7942,4960,1288,56843,306000000,1728000
1791129355.8443,4960,1272,56781,306000000,1728000
1791129355.8944,4960,1272,56843,306000000,1728000
1791129355.9444,4960,1272,56718,306000000,1728000
1791129355.9945,4960,1272,56781,306000000,1728000
1791129356.0446,4960,1272,56718,306000000,1728000
1791129356.0947,4960,1280,56781,306000000,1344000
1791129356.1448,4960,1288,56625,306000000,1728000
1791129356.1949,4960,1288,56718,306000000,1728000
1791129356.2450,4960,1280,56906,306000000,1728000
1791129356.2951,4960,1280,56687,306000000,1728000
1791129356.3451,4960,1288,56875,306000000,1728000
1791129356.3952,4960,1280,56687,306000000,1728000
1791129356.4453,4960,1280,56843,306000000,1728000
1791129356.4954,4960,1280,56656,306000000,1728000
1791129356.5455,4960,1280,56781,306000000,1728000
1791129356.5955,4960,1272,56593,306000000,1728000
1791129356.6456,4960,1280,56718,306000000,1344000
1791129356.6957,4960,1296,56843,306000000,1728000
1791129356.7458,4960,1288,56656,306000000,1728000
1791129356.7959,4960,1288,56843,306000000,1728000
1791129356.8460,4960,1288,56656,306000000,1728000
1791129356.8961,4960,1288,56812,306000000,1728000
1791129356.9462,4960,1280,56656,306000000,1728000
1791129356.9962,4960,1288,56750,306000000,1728000
1791129357.0463,4960,1288,56687,306000000,1728000
1791129357.0964,4960,1280,56750,306000000,1728000
1791129357.1465,4960,1280,56812,306000000,1728000
1791129357.1966,4960,1288,56750,306000000,1728000
1791129357.2467,4960,1296,56875,306000000,1728000
1791129357.2967,4960,1296,56718,306000000,1728000
1791129357.3468,4960,1288,56781,306000000,1728000
1791129357.3969,4960,1288,56687,306000000,1728000
1791129357.4470,4960,1288,56718,306000000,1728000
1791129357.4971,4960,1288,56718,306000000,1728000
1791129357.5472,4960,1288,56750,306000000,1728000
1791129357.5972,4960,1288,56906,306000000,1728000
1791129357.6473,4960,1288,56656,306000000,1728000
1791129357.6974,4960,1288,56875,306000000,1728000
1791129357.7475,4960,1288,56656,306000000,1728000
1791129357.7976,4960,1304,56843,306000000,1728000
1791129357.8477,4960,1296,56687,306000000,1728000
1791129357.8978,4960,1288,56750,306000000,1728000
1791129357.9478,4960,1288,56593,306000000,1728000
1791129357.9979,4960,1288,56750,306000000,1728000
1791129358.0480,4960,1288,56812,306000000,1728000
1791129358.0981,4960,1280,56750,306000000,1728000
1791129358.1482,4960,1288,56812,306000000,1728000
1791129358.1982,4960,1280,56656,306000000,1728000
1791129358.2483,4960,1272,56750,306000000,1728000
1791129358.2984,4960,1280,56656,306000000,1344000
1791129358.3485,4960,1296,56687,306000000,1728000
1791129358.3986,4960,1296,56687,306000000,1728000
1791129358.4487,4960,1288,56718,306000000,1728000
1791129358.4987,4960,1288,56906,306000000,1728000
1791129358.5488,4960,1288,56750,306000000,1728000
1791129358.5989,4960,1280,56781,306000000,1728000
1791129358.6490,4960,1280,56687,306000000,1728000
1791129358.6990,4960,1288,56750,306000000,1728000
1791129358.7491,4960,1280,56625,306000000,1728000
1791129358.7992,4960,1280,56687,306000000,1728000
1791129358.8493,4960,1280,56687,306000000,1344000
1791129358.8994,4960,1296,56750,306000000,1728000
1791129358.9495,4960,1288,56687,306000000,1728000
1791129358.9996,4960,1288,56687,306000000,1728000
1791129359.0496,4960,1288,56812,306000000,1728000
1791129359.0997,4960,1296,56593,306000000,1728000
1791129359.1498,4960,1280,56687,306000000,1728000
1791129359.1999,4960,1280,56656,306000000,1728000
1791129359.2500,4960,1280,56781,306000000,1728000
1791129359.3001,4960,1280,56656,306000000,1728000
1791129359.3501,4960,1272,56750,306000000,1728000
1791129359.4002,4960,1272,56843,306000000,1728000
1791129359.4503,4960,1288,56750,306000000,1728000
1791129359.5004,4960,1288,56843,306000000,1728000
1791129359.5505,4960,1288,56718,306000000,1728000
1791129359.6006,4960,1288,56812,306000000,1728000
1791129359.6507,4960,1280,56656,306000000,1728000
1791129359.7007,4960,1280,56625,306000000,1728000
1791129359.7508,4960,1280,56562,306000000,1728000
1791129359.8009,4960,1280,56656,306000000,1728000
1791129359.8510,4960,1280,56718,306000000,1728000
1791129359.9011,4960,1280,56718,306000000,1728000
1791129359.9512,4960,1272,56875,306000000,1728000
1791129360.0013,4960,1288,56687,306000000,1728000
1791129360.0514,4960,1296,56875,306000000,1728000
1791129360.1015,4960,1288,56750,306000000,1728000
1791129360.1515,4960,1288,56687,306000000,1728000
1791129360.2016,4960,1288,56656,306000000,1728000
1791129360.2517,4960,1280,56781,306000000,1728000
1791129360.3018,4960,1280,56718,306000000,1728000
1791129360.3519,4960,1288,56625,306000000,1728000
1791129360.4019,4960,1280,56875,306000000,1728000
1791129360.4520,4960,1272,56656,306000000,1728000
1791129360.5021,4960,1280,56781,306000000,1728000
1791129360.5522,4960,1288,56687,306000000,1728000
1791129360.6023,4960,1288,56875,306000000,1728000
1791129360.6524,4960,1288,56656,306000000,1728000
1791129360.7025,4960,1288,56687,306000000,1728000
1791129360.7525,4960,1288,56593,306000000,1728000
1791129360.8026,4960,1280,56656,306000000,1728000
1791129360.8527,4960,1280,56781,306000000,1728000
1791129360.9028,4960,1288,56656,306000000,1728000
1791129360.9529,4960,1272,56843,306000000,1728000
1791129361.0030,4960,1280,56687,306000000,1728000
1791129361.0530,4960,1280,56718,306000000,1728000
1791129361.1031,4960,1280,56625,306000000,1344000
1791129361.1532,4960,1288,56687,306000000,1344000
1791129361.2033,4960,1288,56593,306000000,1728000
1791129361.2534,4960,1296,56687,306000000,1728000
1791129361.3035,4960,1296,56843,306000000,1728000
1791129361.3536,4960,1288,56687,306000000,1728000
1791129361.4037,4960,1288,56750,306000000,1728000
1791129361.4538,4960,1288,56656,306000000,1728000
1791129361.5038,4960,1288,56687,306000000,1728000
1791129361.5539,4960,1280,56593,306000000,1728000
1791129361.6040,4960,1280,56687,306000000,1728000
1791129361.6541,4960,1280,56593,306000000,1728000
1791129361.7042,4960,1288,56625,306000000,1728000
1791129361.7543,4960,1296,56843,306000000,1728000
1791129361.8044,4960,1288,56687,306000000,1728000
1791129361.8544,4960,1296,56781,306000000,1728000
1791129361.9045,4960,1296,56562,306000000,1728000
1791129361.9546,4960,1288,56750,306000000,1728000
1791129362.0047,4960,1288,56625,306000000,1728000
1791129362.0548,4960,1288,56656,306000000,1728000
1791129362.1049,4960,1288,56687,306000000,1728000
1791129362.1549,4960,1280,56656,306000000,1728000
1791129362.2050,4960,1280,56781,306000000,1728000
1791129362.2551,4960,1296,56593,306000000,1728000
1791129362.3052,4960,1296,56812,306000000,1728000
1791129362.3552,4960,1288,56656,306000000,1728000
1791129362.4053,4960,1288,56656,306000000,1728000
1791129362.4554,4960,1296,56625,306000000,1728000
1791129362.5055,4960,1288,56750,306000000,1728000
1791129362.5556,4960,1288,56593,306000000,1728000
1791129362.6056,4960,1288,56656,306000000,1728000
1791129362.6557,4960,1288,56781,306000000,1728000
1791129362.7058,4960,1288,56593,306000000,1728000
1791129362.7559,4960,1280,56750,306000000,1728000
1791129362.8060,4960,1296,56593,306000000,1728000
1791129362.8561,4960,1304,56625,306000000,1728000
1791129362.9062,4960,1296,56562,306000000,1728000
1791129362.9562,4960,1296,56656,306000000,1728000
1791129363.0063,4960,1288,56531,306000000,1728000
1791129363.0564,4960,1288,56656,306000000,1728000
1791129363.1065,4960,1288,56562,306000000,1728000
1791129363.1566,4960,1288,56531,306000000,1728000
1791129363.2067,4960,1288,56750,306000000,1728000
1791129363.2567,4960,1288,56656,306000000,1728000
1791129363.3068,4960,1280,56750,306000000,1728000
1791129363.3569,4960,1288,56593,306000000,1728000
1791129363.4071,4960,1296,56687,306000000,1728000
1791129363.4571,4960,1296,56562,306000000,1728000
1791129363.5072,4960,1296,56687,306000000,1728000
1791129363.5573,4960,1280,56531,306000000,1728000
1791129363.6074,4960,1280,56656,306000000,1728000
1791129363.6575,4960,1288,56687,306000000,1728000
1791129363.7076,4960,1288,56625,306000000,1728000
1791129363.7576,4960,1288,56718,306000000,1728000
1791129363.8077,4960,1288,56593,306000000,1728000
1791129363.8578,4960,1288,56656,306000000,1728000
1791129363.9079,4960,1288,56625,306000000,1728000
1791129363.9580,4960,1304,56687,306000000,1728000
1791129364.0081,4960,1296,56562,306000000,1728000
1791129364.0582,4960,1296,56562,306000000,1728000
1791129364.1083,4960,1296,56750,306000000,1728000
1791129364.1583,4960,1288,56625,306000000,1728000
1791129364.2084,4960,1288,56718,306000000,1728000
1791129364.2585,4960,1288,56531,306000000,1728000
1791129364.3086,4960,1288,56593,306000000,1728000
1791129364.3586,4960,1280,56593,306000000,1728000
1791129364.4087,4960,1280,56625,306000000,1728000
1791129364.4588,4960,1280,56625,306000000,1190400
1791129364.5089,4960,1296,56625,306000000,1728000
1791129364.5590,4960,1288,56750,306000000,1728000
1791129364.6091,4960,1296,56593,306000000,1728000
1791129364.6592,4960,1288,56750,306000000,1728000
1791129364.7093,4960,1288,56656,306000000,1728000
1791129364.7593,4960,1288,56625,306000000,1728000
1791129364.8094,4960,1288,56593,306000000,1728000
1791129364.8595,4960,1280,56625,306000000,1728000
1791129364.9096,4960,1280,56625,306000000,1728000
1791129364.9597,4960,1280,56656,306000000,1728000
1791129365.0098,4960,1280,56781,306000000,1728000
1791129365.0599,4960,1296,56593,306000000,1728000
1791129365.1099,4960,1296,56781,306000000,1728000
1791129365.1600,4960,1288,56562,306000000,1728000
1791129365.2101,4960,1296,56625,306000000,1728000
1791129365.2602,4960,1288,56593,306000000,1728000
1791129365.3103,4960,1288,56593,306000000,1728000
1791129365.3603,4960,1288,56593,306000000,1728000
1791129365.4104,4960,1288,56687,306000000,1728000
1791129365.4605,4960,1280,56781,306000000,1728000
1791129365.5106,4960,1280,56531,306000000,1728000
1791129365.5607,4960,1280,56687,306000000,1728000
1791129365.6108,4960,1296,56562,306000000,1728000
1791129365.6609,4960,1296,56750,306000000,1728000
1791129365.7109,4960,1296,56562,306000000,1728000
1791129365.7619,4960,1296,56625,306000000,1728000
1791129365.8120,4960,1296,56562,306000000,1728000
1791129365.8621,4960,1296,56687,306000000,1728000
1791129365.9122,4960,1280,56562,306000000,1728000
1791129365.9623,4960,1288,56562,306000000,1728000
1791129366.0123,4960,1288,56812,306000000,1728000
1791129366.0624,4960,1280,56625,306000000,1728000
1791129366.1125,4960,1280,56656,306000000,1728000
1791129366.1626,4960,1288,56593,306000000,1267200
1791129366.2127,4960,1288,56750,306000000,1728000
1791129366.2628,4960,1288,56656,306000000,1728000
1791129366.3129,4960,1280,56593,306000000,1728000
1791129366.3630,4960,1280,56687,306000000,1728000
1791129366.4130,4960,1288,56625,306000000,1728000
1791129366.4631,4960,1296,56750,306000000,1728000
1791129366.5132,4960,1312,56656,306000000,1728000
1791129366.5633,4960,1320,56625,306000000,1728000
1791129366.6134,4952,1328,56593,306000000,1728000
1791129366.6634,4952,1328,56625,306000000,1728000
1791129366.7135,4952,1328,56593,306000000,1728000
1791129366.7636,4952,1336,56625,306000000,1728000
1791129366.8137,4952,1336,56562,306000000,1728000
1791129366.8638,4952,1328,56625,306000000,1728000
1791129366.9139,4952,1328,56562,306000000,1728000
1791129366.9640,4960,1312,56562,306000000,1728000
1791129367.0141,4960,1312,56656,306000000,1728000
1791129367.0642,4960,1312,56500,306000000,1728000
1791129367.1143,4960,1304,56656,306000000,1728000
1791129367.1643,4960,1304,56562,306000000,1728000
1791129367.2144,4960,1296,56625,306000000,1728000
1791129367.2645,4960,1304,56593,306000000,1728000
1791129367.3146,4952,1312,56593,306000000,1113600
1791129367.3647,4960,1304,56531,306000000,1728000
1791129367.4148,4960,1304,56625,306000000,1728000
1791129367.4649,4960,1304,56781,306000000,1728000
1791129367.5150,4960,1288,56562,306000000,1728000
1791129367.5651,4960,1288,56593,306000000,1728000
1791129367.6152,4960,1288,56531,306000000,1728000
1791129367.6653,4960,1288,56687,306000000,1728000
1791129367.7153,4960,1288,56593,306000000,1728000
1791129367.7654,4960,1288,56656,306000000,1728000
1791129367.8155,4960,1296,56500,306000000,1344000
1791129367.8656,4960,1304,56593,306000000,1728000
1791129367.9157,4960,1296,56718,306000000,1728000
1791129367.9658,4960,1288,56625,306000000,1728000
1791129368.0159,4960,1288,56656,306000000,1728000
1791129368.0660,4960,1296,56625,306000000,1728000
1791129368.1161,4960,1288,56593,306000000,1728000
1791129368.1662,4960,1280,56500,306000000,1728000
1791129368.2162,4960,1280,56656,306000000,1728000
1791129368.2663,4960,1280,56468,306000000,1728000
1791129368.3164,4960,1272,56625,306000000,1728000
1791129368.3665,4960,1272,56625,306000000,1728000
1791129368.4166,4960,1288,56500,306000000,1728000
1791129368.4667,4960,1288,56687,306000000,1728000
1791129368.5168,4960,1280,56625,306000000,1728000
1791129368.5669,4960,1280,56625,306000000,1728000
1791129368.6169,4960,1288,56500,306000000,1728000
1791129368.6671,4960,1272,56593,306000000,1728000
1791129368.7171,4960,1280,56531,306000000,1728000
1791129368.7672,4960,1280,56593,306000000,1728000
1791129368.8173,4960,1280,56687,306000000,1728000
1791129368.8674,4960,1280,56656,306000000,1728000
1791129368.9175,4960,1272,56593,306000000,1728000
1791129368.9676,4960,1280,56531,306000000,1728000
1791129369.0177,4960,1288,56687,306000000,1728000
1791129369.0678,4960,1280,56500,306000000,1728000
1791129369.1179,4960,1280,56562,306000000,1728000
1791129369.1680,4960,1288,56531,306000000,1728000
1791129369.2181,4960,1280,56531,306000000,1728000
1791129369.2681,4960,1280,56718,306000000,1728000
1791129369.3182,4960,1280,56531,306000000,1728000
1791129369.3683,4960,1280,56656,306000000,1728000
1791129369.4184,4960,1280,56562,306000000,1728000
1791129369.4685,4960,1280,56625,306000000,1728000
1791129369.5186,4960,1288,56500,306000000,1420800
1791129369.5687,4960,1296,56625,306000000,1728000
1791129369.6188,4960,1288,56500,306000000,1728000
1791129369.6690,4960,1296,56656,306000000,1728000
1791129369.7191,4960,1296,56500,306000000,1728000
1791129369.7692,4960,1296,56500,306000000,1728000
1791129369.8193,4960,1288,56687,306000000,1728000
1791129369.8694,4960,1288,56625,306000000,1728000
1791129369.9195,4960,1288,56625,306000000,1728000
1791129369.9695,4960,1288,56531,306000000,1728000
1791129370.0196,4960,1280,56593,306000000,1728000
1791129370.0697,4960,1288,56500,306000000,1728000
1791129370.1198,4960,1304,56562,306000000,1728000
1791129370.1699,4960,1296,56562,306000000,1728000
1791129370.2200,4960,1288,56500,306000000,1728000
1791129370.2701,4960,1296,56625,306000000,1728000
1791129370.3201,4960,1296,56562,306000000,1728000
1791129370.3702,4960,1288,56593,306000000,1728000
1791129370.4203,4960,1288,56500,306000000,1728000
1791129370.4704,4960,1288,56593,306000000,1728000
1791129370.5205,4960,1288,56468,306000000,1728000
1791129370.5705,4960,1288,56625,306000000,1728000
1791129370.6206,4960,1288,56500,306000000,1344000
1791129370.6707,4960,1296,56562,306000000,1728000
1791129370.7208,4960,1296,56687,306000000,1728000
1791129370.7709,4960,1296,56562,306000000,1728000
1791129370.8210,4960,1288,56656,306000000,1728000
1791129370.8711,4960,1288,56500,306000000,1728000
1791129370.9212,4960,1288,56593,306000000,1728000
1791129370.9713,4960,1288,56500,306000000,1728000
1791129371.0213,4960,1280,56562,306000000,1728000
1791129371.0714,4960,1280,56500,306000000,1728000
1791129371.1215,4960,1280,56593,306000000,1728000
1791129371.1716,4960,1280,56562,306000000,1728000
1791129371.2217,4960,1296,56562,306000000,1728000
1791129371.2718,4960,1296,56718,306000000,1728000
1791129371.3219,4960,1304,56531,306000000,1728000
1791129371.3720,4960,1296,56593,306000000,1728000
1791129371.4221,4960,1288,56593,306000000,1728000
1791129371.4722,4960,1296,56625,306000000,1728000
1791129371.5223,4960,1288,56500,306000000,1728000
1791129371.5724,4960,1288,56562,306000000,1728000
1791129371.6225,4960,1288,56531,306000000,1728000
1791129371.6726,4960,1288,56562,306000000,1728000
1791129371.7227,4960,1288,56593,306000000,1728000
1791129371.7728,4960,1288,56531,306000000,1728000
1791129371.8229,4960,1296,56562,306000000,1728000
1791129371.8730,4960,1296,56531,306000000,1728000
1791129371.9231,4960,1288,56531,306000000,1728000
1791129371.9732,4960,1296,56531,306000000,1728000
1791129372.0233,4960,1296,56562,306000000,1728000
1791129372.0734,4960,1296,56531,306000000,1728000
1791129372.1234,4960,1288,56531,306000000,1728000
1791129372.1735,4960,1288,56718,306000000,1728000
1791129372.2236,4960,1288,56468,306000000,1728000
1791129372.2737,4960,1288,56562,306000000,1728000
1791129372.3238,4960,1288,56531,306000000,1728000
1791129372.3739,4960,1296,56531,306000000,1728000
1791129372.4240,4960,1296,56500,306000000,1728000
1791129372.4741,4960,1296,56531,306000000,1728000
1791129372.5242,4960,1288,56500,306000000,1728000
1791129372.5743,4960,1288,56500,306000000,1728000
1791129372.6244,4960,1288,56656,306000000,1728000
1791129372.6745,4960,1280,56500,306000000,1728000
1791129372.7264,4960,1280,56500,306000000,1728000
1791129372.7765,4960,1288,56500,306000000,1728000
1791129372.8266,4960,1288,56625,306000000,1728000
1791129372.8767,4960,1288,56500,306000000,1728000
1791129372.9268,4960,1296,56562,306000000,1728000
1791129372.9769,4960,1296,56562,306000000,1728000
1791129373.0269,4960,1296,56500,306000000,1728000
1791129373.0770,4960,1288,56500,306000000,1728000
1791129373.1271,4960,1280,56562,306000000,1728000
1791129373.1772,4960,1288,56531,306000000,1728000
1791129373.2273,4960,1280,56500,306000000,1728000
1791129373.2774,4960,1272,56718,306000000,1728000
1791129373.3274,4960,1280,56500,306000000,1728000
1791129373.3775,4960,1280,56625,306000000,1728000
1791129373.4276,4960,1280,56500,306000000,1728000
1791129373.4777,4960,1288,56562,306000000,1728000
1791129373.5278,4960,1296,56468,306000000,1728000
1791129373.5779,4960,1288,56500,306000000,1728000
1791129373.6280,4960,1288,56531,306000000,1728000
1791129373.6781,4960,1288,56531,306000000,1728000
1791129373.7281,4960,1288,56656,306000000,1728000
1791129373.7782,4960,1280,56500,306000000,1728000
1791129373.8283,4960,1280,56562,306000000,1728000
1791129373.8784,4960,1280,56500,306000000,1728000
1791129373.9285,4960,1272,56500,306000000,1728000
1791129373.9786,4960,1272,56500,306000000,1728000
1791129374.0287,4960,1288,56500,306000000,1728000
1791129374.0787,4960,1280,56500,306000000,1728000
1791129374.1288,4960,1280,56531,306000000,1728000
1791129374.1789,4960,1280,56656,306000000,1728000
1791129374.2290,4960,1280,56562,306000000,1728000
1791129374.2791,4960,1272,56656,306000000,1728000
1791129374.3292,4960,1280,56500,306000000,1728000
1791129374.3792,4960,1280,56593,306000000,1728000
1791129374.4293,4960,1280,56531,306000000,1728000
1791129374.4794,4960,1280,56531,306000000,1728000
1791129374.5295,4960,1280,56468,306000000,1344000
1791129374.5796,4960,1296,56500,306000000,1728000
1791129374.6297,4960,1288,56500,306000000,1728000
1791129374.6798,4960,1288,56500,306000000,1728000
1791129374.7298,4960,1288,56531,306000000,1728000
1791129374.7799,4960,1296,56531,306000000,1728000
1791129374.8300,4960,1280,56593,306000000,1728000
1791129374.8800,4960,1288,56468,306000000,1728000
1791129374.9301,4960,1288,56500,306000000,1728000
1791129374.9802,4960,1288,56500,306000000,1728000
1791129375.0303,4960,1280,56468,306000000,1728000
1791129375.0803,4960,1280,56656,306000000,1728000
1791129375.1304,4960,1288,56500,306000000,1728000
1791129375.1805,4960,1288,56500,306000000,1728000
1791129375.2306,4960,1288,56500,306000000,1728000
1791129375.2807,4960,1288,56625,306000000,1728000
1791129375.3308,4960,1288,56500,306000000,1728000
1791129375.3809,4960,1280,56531,306000000,1728000
1791129375.4310,4960,1280,56500,306000000,1728000
1791129375.4811,4960,1280,56531,306000000,1728000
1791129375.5311,4960,1280,56500,306000000,1728000
1791129375.5812,4960,1280,56468,306000000,1728000
1791129375.6313,4960,1280,56687,306000000,1728000
1791129375.6814,4960,1288,56531,306000000,1728000
1791129375.7315,4960,1288,56500,306000000,1728000
1791129375.7816,4960,1288,56500,306000000,1728000
1791129375.8317,4960,1288,56500,306000000,1728000
1791129375.8817,4960,1288,56437,306000000,1728000
1791129375.9318,4960,1280,56500,306000000,1728000
1791129375.9819,4960,1280,56468,306000000,1728000
1791129376.0320,4960,1288,56531,306000000,1728000
1791129376.0821,4960,1280,56593,306000000,1728000
1791129376.1322,4960,1288,56468,306000000,1728000
1791129376.1822,4960,1280,56593,306000000,1728000
1791129376.2323,4960,1288,56468,306000000,1728000
1791129376.2824,4960,1304,56531,306000000,1728000
1791129376.3325,4960,1296,56500,306000000,1728000
1791129376.3826,4960,1288,56531,306000000,1728000
1791129376.4326,4960,1288,56500,306000000,1728000
1791129376.4827,4960,1288,56468,306000000,1728000
1791129376.5328,4960,1288,56656,306000000,1728000
1791129376.5829,4960,1280,56500,306000000,1728000
1791129376.6330,4960,1288,56625,306000000,1728000
1791129376.6831,4960,1288,56468,306000000,1728000
1791129376.7332,4960,1280,56531,306000000,1728000
1791129376.7833,4960,1288,56437,306000000,1728000
1791129376.8334,4960,1304,56531,306000000,1728000
1791129376.8834,4960,1288,56500,306000000,1728000
1791129376.9335,4960,1288,56531,306000000,1728000
1791129376.9836,4960,1288,56531,306000000,1728000
1791129377.0337,4960,1280,56500,306000000,1728000
1791129377.0838,4960,1280,56593,306000000,1728000
1791129377.1338,4960,1280,56500,306000000,1728000
1791129377.1839,4960,1280,56500,306000000,1728000
1791129377.2340,4960,1272,56468,306000000,1728000
1791129377.2841,4960,1280,56531,306000000,1728000
1791129377.3342,4960,1280,56406,306000000,1728000
1791129377.3843,4960,1296,56500,306000000,1728000
1791129377.4344,4960,1296,56500,306000000,1728000
1791129377.4845,4960,1288,56531,306000000,1728000
1791129377.5345,4960,1296,56562,306000000,1728000
1791129377.5846,4960,1288,56500,306000000,1728000
1791129377.6347,4960,1280,56500,306000000,1728000
1791129377.6848,4960,1280,56437,306000000,1728000
1791129377.7349,4960,1288,56500,306000000,1728000
1791129377.7850,4960,1280,56468,306000000,1728000
1791129377.8351,4960,1280,56500,306000000,1728000
1791129377.8852,4960,1280,56593,306000000,1728000
1791129377.9353,4960,1288,56468,306000000,1344000
1791129377.9854,4960,1288,56500,306000000,1728000
1791129378.0355,4960,1296,56437,306000000,1728000
1791129378.0855,4960,1296,56593,306000000,1728000
1791129378.1356,4960,1296,56437,306000000,1728000
1791129378.1857,4960,1288,56500,306000000,1728000
1791129378.2358,4960,1288,56406,306000000,1728000
1791129378.2858,4960,1288,56437,306000000,1728000
1791129378.3359,4960,1288,56500,306000000,1728000
1791129378.3860,4960,1280,56500,306000000,1728000
1791129378.4361,4960,1280,56531,306000000,1728000
1791129378.4862,4960,1296,56437,306000000,1344000
1791129378.5363,4960,1296,56562,306000000,1728000
1791129378.5864,4960,1288,56500,306000000,1728000
1791129378.6365,4960,1296,56500,306000000,1728000
1791129378.6866,4960,1296,56437,306000000,1728000
1791129378.7367,4960,1296,56500,306000000,1728000
1791129378.7867,4960,1288,56437,306000000,1344000
1791129378.8368,4960,1288,56500,306000000,1728000
1791129378.8869,4960,1288,56500,306000000,1728000
1791129378.9369,4960,1280,56500,306000000,1728000
1791129378.9870,4960,1280,56500,306000000,1728000
1791129379.0371,4960,1288,56437,306000000,1728000
1791129379.0872,4960,1296,56531,306000000,1728000
1791129379.1373,4960,1288,56437,306000000,1728000
1791129379.1874,4960,1288,56500,306000000,1728000
1791129379.2375,4960,1288,56500,306000000,1728000
1791129379.2876,4960,1288,56437,306000000,1728000
1791129379.3376,4960,1288,56500,306000000,1728000
1791129379.3877,4960,1288,56468,306000000,1728000
1791129379.4378,4960,1288,56500,306000000,1728000
1791129379.4879,4960,1288,56500,306000000,1728000
1791129379.5380,4960,1280,56500,306000000,1728000
1791129379.5881,4960,1288,56437,306000000,1728000
1791129379.6382,4960,1304,56500,306000000,1728000
1791129379.6883,4960,1296,56406,306000000,1728000
1791129379.7384,4960,1288,56406,306000000,1728000
1791129379.7884,4960,1288,56531,306000000,1728000
1791129379.8385,4960,1280,56500,306000000,1728000
1791129379.8886,4960,1272,56562,306000000,1728000
1791129379.9387,4960,1280,56500,306000000,1728000
1791129379.9888,4960,1280,56500,306000000,1728000
1791129380.0389,4960,1280,56437,306000000,1728000
1791129380.0890,4960,1280,56500,306000000,1728000
1791129380.1391,4960,1280,56468,306000000,1728000
1791129380.1891,4960,1288,56500,306000000,1267200
1791129380.2393,4960,1280,56593,306000000,1728000
1791129380.2893,4960,1280,56500,306000000,1728000
1791129380.3394,4960,1280,56593,306000000,1728000
1791129380.3895,4960,1272,56406,306000000,1728000
1791129380.4396,4960,1272,56531,306000000,1728000
1791129380.4897,4960,1280,56375,306000000,1728000
1791129380.5398,4960,1272,56437,306000000,1728000
1791129380.5899,4960,1272,56468,306000000,1728000
1791129380.6400,4960,1280,56468,306000000,1728000
1791129380.6900,4960,1280,56562,306000000,1267200
1791129380.7401,4960,1288,56437,306000000,1728000
1791129380.7902,4960,1288,56625,306000000,1728000
1791129380.8403,4960,1288,56375,306000000,1728000
1791129380.8904,4960,1288,56531,306000000,1728000
1791129380.9405,4960,1288,56500,306000000,1728000
1791129380.9906,4960,1280,56500,306000000,1728000
1791129381.0406,4960,1280,56406,306000000,1728000
1791129381.0907,4960,1280,56468,306000000,1728000
1791129381.1408,4960,1280,56593,306000000,1728000
1791129381.1909,4960,1280,56500,306000000,1728000
1791129381.2410,4960,1280,56562,306000000,1728000
1791129381.2911,4960,1288,56500,306000000,1344000
1791129381.3413,4960,1296,56531,306000000,1728000
1791129381.3914,4960,1296,56437,306000000,1728000
1791129381.4414,4960,1296,56500,306000000,1728000
1791129381.4915,4960,1288,56468,306000000,1728000
1791129381.5416,4960,1288,56468,306000000,1728000
1791129381.5917,4960,1288,56437,306000000,1728000
1791129381.6417,4960,1288,56437,306000000,1728000
1791129381.6918,4960,1288,56500,306000000,1728000
1791129381.7419,4960,1288,56437,306000000,1728000
1791129381.7920,4960,1288,56500,306000000,1728000
1791129381.8421,4960,1288,56468,306000000,1728000
1791129381.8922,4960,1296,56500,306000000,1728000
1791129381.9423,4960,1296,56468,306000000,1728000
1791129381.9924,4960,1296,56468,306000000,1728000
1791129382.0424,4960,1296,56437,306000000,1728000
1791129382.0925,4960,1288,56437,306000000,1728000
1791129382.1426,4960,1288,56593,306000000,1728000
1791129382.1927,4960,1288,56468,306000000,1728000
1791129382.2428,4960,1280,56500,306000000,1728000
1791129382.2928,4960,1280,56375,306000000,1728000
1791129382.3429,4960,1280,56500,306000000,1728000
1791129382.3930,4960,1288,56406,306000000,1728000
1791129382.4431,4960,1296,56500,306000000,1728000
1791129382.4932,4960,1296,56500,306000000,1728000
1791129382.5433,4960,1296,56500,306000000,1728000
1791129382.5934,4960,1288,56531,306000000,1728000
1791129382.6435,4960,1288,56468,306000000,1728000
1791129382.6935,4960,1288,56531,306000000,1728000
1791129382.7436,4960,1288,56468,306000000,1728000
1791129382.7937,4960,1280,56500,306000000,1728000
1791129382.8438,4960,1280,56406,306000000,1728000
1791129382.8939,4960,1280,56437,306000000,1728000
1791129382.9440,4960,1280,56468,306000000,1728000
1791129382.9941,4960,1296,56500,306000000,1728000
1791129383.0441,4960,1296,56500,306000000,1728000
1791129383.0942,4960,1296,56437,306000000,1728000
1791129383.1443,4960,1288,56500,306000000,1728000
1791129383.1944,4960,1288,56406,306000000,1728000
1791129383.2445,4960,1296,56468,306000000,1728000
1791129383.2946,4960,1288,56312,306000000,1728000
1791129383.3446,4960,1288,56500,306000000,1728000
1791129383.3947,4960,1288,56500,306000000,1728000
1791129383.4448,4960,1288,56468,306000000,1728000
1791129383.4949,4960,1288,56500,306000000,1190400
1791129383.5450,4960,1296,56437,306000000,1728000
1791129383.5951,4960,1296,56500,306000000,1728000
1791129383.6451,4960,1296,56406,306000000,1728000
1791129383.6952,4960,1288,56500,306000000,1728000
1791129383.7453,4960,1288,56375,306000000,1728000
1791129383.7954,4960,1280,56500,306000000,1728000
1791129383.8455,4960,1288,56437,306000000,1728000
1791129383.8955,4960,1280,56500,306000000,1728000
1791129383.9456,4960,1280,56500,306000000,1728000
1791129383.9957,4960,1280,56468,306000000,1728000
1791129384.0458,4960,1280,56500,306000000,1728000
1791129384.0959,4960,1280,56437,306000000,1728000
1791129384.1460,4960,1288,56437,306000000,1728000
1791129384.1961,4960,1288,56406,306000000,1728000
1791129384.2462,4960,1280,56468,306000000,1728000
1791129384.2963,4960,1280,56375,306000000,1728000
1791129384.3463,4960,1280,56500,306000000,1728000
1791129384.3964,4960,1280,56375,306000000,1728000
1791129384.4465,4960,1272,56500,306000000,1728000
1791129384.4966,4960,1280,56531,306000000,1728000
1791129384.5467,4960,1280,56437,306000000,1728000
1791129384.5968,4960,1280,56531,306000000,1728000
1791129384.6468,4960,1288,56437,306000000,1497600
1791129384.6969,4960,1288,56468,306000000,1728000
1791129384.7471,4960,1288,56406,306000000,1728000
1791129384.7971,4960,1280,56500,306000000,1728000
1791129384.8472,4960,1280,56343,306000000,1728000
1791129384.8973,4960,1280,56468,306000000,1728000
1791129384.9474,4960,1280,56500,306000000,1728000
1791129384.9975,4960,1272,56406,306000000,1728000
1791129385.0475,4960,1272,56500,306000000,1728000
1791129385.0976,4960,1272,56375,306000000,1728000
1791129385.1477,4960,1272,56437,306000000,1728000
1791129385.1978,4960,1272,56406,306000000,1728000
1791129385.2479,4960,1304,56437,306000000,1728000
1791129385.2980,4960,1312,56437,306000000,1728000
1791129385.3481,4960,1328,56343,306000000,1728000
1791129385.3982,4960,1328,56500,306000000,1728000
1791129385.4482,4960,1336,56437,306000000,1728000
1791129385.4983,4960,1328,56500,306000000,1728000
1791129385.5484,4960,1320,56468,306000000,1728000
1791129385.5985,4960,1320,56468,306000000,1728000
1791129385.6486,4960,1320,56343,306000000,1728000
1791129385.6987,4960,1320,56437,306000000,1728000
1791129385.7488,4960,1320,56375,306000000,1728000
1791129385.7989,4960,1320,56468,306000000,1728000
1791129385.8490,4960,1320,56500,306000000,1728000
1791129385.8990,4960,1312,56437,306000000,1728000
1791129385.9491,4960,1304,56562,306000000,1728000
1791129385.9992,4960,1304,56343,306000000,1728000
1791129386.0493,4960,1304,56468,306000000,1728000
1791129386.0994,4960,1304,56437,306000000,1728000
1791129386.1495,4960,1296,56437,306000000,1728000
1791129386.1996,4960,1296,56312,306000000,1728000
1791129386.2496,4960,1288,56468,306000000,1728000
1791129386.2997,4960,1288,56562,306000000,1728000
1791129386.3498,4960,1304,56343,306000000,1728000
1791129386.3999,4960,1296,56500,306000000,1728000
1791129386.4500,4960,1288,56375,306000000,1728000
1791129386.5001,4960,1296,56500,306000000,1728000
1791129386.5502,4960,1288,56375,306000000,1728000
1791129386.6003,4960,1280,56437,306000000,1728000
1791129386.6503,4960,1280,56312,306000000,1728000
1791129386.7004,4960,1288,56437,306000000,1728000
1791129386.7505,4960,1280,56531,306000000,1728000
1791129386.8006,4960,1280,56375,306000000,1728000
1791129386.8507,4960,1280,56468,306000000,1728000
1791129386.9008,4960,1288,56375,306000000,1728000
1791129386.9509,4960,1288,56500,306000000,1728000
1791129387.0009,4960,1288,56343,306000000,1728000
1791129387.0511,4960,1288,56468,306000000,1728000
1791129387.1012,4960,1288,56312,306000000,1728000
1791129387.1512,4960,1288,56406,306000000,1728000
1791129387.2013,4960,1280,56500,306000000,1728000
1791129387.2514,4960,1288,56406,306000000,1728000
1791129387.3015,4960,1288,56500,306000000,1728000
1791129387.3516,4960,1280,56468,306000000,1728000
1791129387.4017,4960,1280,56500,306000000,1728000
1791129387.4518,4960,1288,56406,306000000,1267200
1791129387.5019,4960,1296,56500,306000000,1728000
1791129387.5520,4960,1288,56343,306000000,1728000
1791129387.6021,4960,1288,56406,306000000,1728000
1791129387.6522,4960,1288,56312,306000000,1728000
1791129387.7023,4960,1288,56375,306000000,1728000
1791129387.7523,4960,1288,56500,306000000,1728000
1791129387.8024,4960,1288,56406,306000000,1728000
1791129387.8525,4960,1288,56468,306000000,1728000
1791129387.9026,4960,1280,56406,306000000,1728000
1791129387.9527,4960,1280,56468,306000000,1728000
1791129388.0028,4960,1288,56375,306000000,1728000
1791129388.0529,4960,1296,56437,306000000,1728000
1791129388.1030,4960,1288,56375,306000000,1728000
1791129388.1531,4960,1288,56406,306000000,1728000
1791129388.2031,4960,1288,56500,306000000,1728000
1791129388.2532,4960,1288,56468,306000000,1728000
1791129388.3033,4960,1280,56500,306000000,1728000
1791129388.3534,4960,1288,56406,306000000,1728000
1791129388.4035,4960,1280,56375,306000000,1728000
1791129388.4536,4960,1280,56343,306000000,1728000
1791129388.5036,4960,1280,56406,306000000,1728000
1791129388.5537,4960,1288,56312,306000000,1728000
1791129388.6038,4960,1304,56468,306000000,1728000
1791129388.6539,4960,1304,56531,306000000,1728000
1791129388.7040,4960,1296,56375,306000000,1728000
1791129388.7541,4960,1296,56500,306000000,1728000
1791129388.8042,4960,1288,56468,306000000,1728000
1791129388.8543,4960,1288,56468,306000000,1728000
1791129388.9044,4960,1280,56406,306000000,1728000
1791129388.9544,4960,1288,56437,306000000,1728000
1791129389.0045,4960,1280,56406,306000000,1728000
1791129389.0546,4960,1280,56406,306000000,1728000
1791129389.1047,4960,1288,56531,306000000,1728000
1791129389.1548,4960,1288,56468,306000000,1728000
1791129389.2049,4960,1288,56500,306000000,1728000
1791129389.2550,4960,1288,56437,306000000,1728000
1791129389.3051,4960,1288,56437,306000000,1728000
1791129389.3551,4960,1280,56375,306000000,1728000
1791129389.4052,4960,1280,56406,306000000,1728000
1791129389.4553,4960,1280,56343,306000000,1728000
1791129389.5054,4960,1280,56468,306000000,1728000
1791129389.5565,4960,1280,56406,306000000,1728000
1791129389.6066,4960,1288,56468,306000000,1728000
1791129389.6567,4960,1288,56343,306000000,1728000
1791129389.7068,4960,1296,56437,306000000,1420800
1791129389.7568,4960,1296,56500,306000000,1728000
1791129389.8070,4960,1296,56406,306000000,1728000
1791129389.8571,4960,1296,56500,306000000,1728000
1791129389.9072,4960,1288,56375,306000000,1728000
1791129389.9573,4960,1288,56343,306000000,1728000
1791129390.0074,4960,1288,56312,306000000,1728000
1791129390.0575,4960,1288,56343,306000000,1728000
1791129390.1076,4960,1280,56312,306000000,1728000
1791129390.1577,4960,1280,56343,306000000,1728000
1791129390.2078,4960,1288,56437,306000000,1728000
1791129390.2578,4960,1296,56406,306000000,1728000
1791129390.3079,4960,1288,56437,306000000,1728000
1791129390.3580,4960,1288,56375,306000000,1728000
1791129390.4081,4960,1288,56406,306000000,1728000
1791129390.4582,4960,1288,56375,306000000,1728000
1791129390.5083,4960,1280,56375,306000000,1728000
1791129390.5584,4960,1280,56281,306000000,1728000
1791129390.6085,4960,1280,56343,306000000,1728000
1791129390.6586,4960,1272,56437,306000000,1728000
1791129390.7087,4960,1272,56406,306000000,1728000
1791129390.7588,4960,1280,56406,306000000,1728000
1791129390.8089,4960,1280,56406,306000000,1728000
1791129390.8590,4960,1288,56375,306000000,1728000
1791129390.9091,4960,1288,56281,306000000,1728000
1791129390.9592,4960,1280,56375,306000000,1728000
1791129391.0093,4960,1280,56250,306000000,1728000
1791129391.0594,4960,1288,56406,306000000,1728000
1791129391.1094,4960,1288,56343,306000000,1728000
1791129391.1595,4960,1280,56375,306000000,1728000
1791129391.2096,4960,1280,56468,306000000,1728000
1791129391.2597,4960,1288,56312,306000000,1728000
1791129391.3098,4960,1288,56468,306000000,1728000
1791129391.3599,4960,1280,56375,306000000,1728000
1791129391.4100,4960,1288,56468,306000000,1728000
1791129391.4601,4960,1296,56437,306000000,1728000
1791129391.5102,4960,1288,56437,306000000,1728000
1791129391.5603,4960,1288,56406,306000000,1728000
1791129391.6104,4960,1288,56375,306000000,1728000
1791129391.6605,4960,1296,56468,306000000,1728000
1791129391.7106,4960,1288,56406,306000000,1728000
1791129391.7606,4960,1288,56468,306000000,1728000
1791129391.8108,4960,1288,56375,306000000,1728000
1791129391.8609,4960,1288,56406,306000000,1344000
1791129391.9110,4960,1296,56406,306000000,1344000
1791129391.9611,4960,1304,56375,306000000,1728000
1791129392.0112,4960,1296,56281,306000000,1728000
1791129392.0613,4960,1296,56375,306000000,1728000
1791129392.1113,4960,1296,56468,306000000,1728000
1791129392.1614,4960,1296,56375,306000000,1728000
1791129392.2115,4960,1288,56500,306000000,1728000
1791129392.2616,4960,1288,56343,306000000,1728000
1791129392.3117,4960,1296,56343,306000000,1728000
1791129392.3617,4960,1288,56375,306000000,1728000
1791129392.4118,4960,1280,56375,306000000,1728000
1791129392.4619,4960,1288,56312,306000000,1190400
1791129392.5120,4960,1288,56375,306000000,1728000
1791129392.5621,4960,1288,56406,306000000,1728000
1791129392.6122,4960,1288,56312,306000000,1728000
1791129392.6622,4960,1288,56500,306000000,1728000
1791129392.7123,4960,1280,56375,306000000,1728000
1791129392.7624,4960,1280,56375,306000000,1728000
1791129392.8125,4960,1280,56281,306000000,1728000
1791129392.8626,4960,1288,56406,306000000,1728000
1791129392.9127,4960,1280,56312,306000000,1728000
1791129392.9627,4960,1280,56343,306000000,1728000
1791129393.0128,4960,1280,56468,306000000,1728000
1791129393.0629,4960,1280,56281,306000000,1344000
1791129393.1130,4960,1288,56468,306000000,1728000
1791129393.1631,4960,1288,56312,306000000,1728000
1791129393.2132,4960,1296,56343,306000000,1728000
1791129393.2633,4960,1288,56375,306000000,1728000
1791129393.3133,4960,1288,56312,306000000,1728000
1791129393.3634,4960,1288,56375,306000000,1728000
1791129393.4135,4960,1288,56312,306000000,1728000
1791129393.4636,4960,1280,56437,306000000,1728000
1791129393.5137,4960,1280,56343,306000000,1728000
1791129393.5637,4960,1280,56468,306000000,1728000
1791129393.6138,4960,1288,56375,306000000,1497600
1791129393.6639,4960,1288,56343,306000000,1728000
1791129393.7140,4960,1288,56281,306000000,1728000
1791129393.7641,4960,1288,56375,306000000,1728000
1791129393.8142,4960,1280,56312,306000000,1728000
1791129393.8642,4960,1280,56281,306000000,1728000
1791129393.9143,4960,1288,56468,306000000,1728000
1791129393.9644,4960,1288,56375,306000000,1728000
1791129394.0145,4960,1280,56437,306000000,1728000
1791129394.0646,4960,1272,56343,306000000,1728000
1791129394.1146,4960,1280,56375,306000000,1728000
1791129394.1647,4960,1288,56281,306000000,1728000
1791129394.2148,4960,1296,56312,306000000,1728000
1791129394.2649,4960,1288,56343,306000000,1728000
1791129394.3150,4960,1288,56312,306000000,1728000
1791129394.3651,4960,1288,56406,306000000,1728000
1791129394.4151,4960,1280,56281,306000000,1728000
1791129394.4652,4960,1280,56406,306000000,1728000
1791129394.5153,4960,1280,56250,306000000,1728000
1791129394.5654,4960,1280,56375,306000000,1728000
1791129394.6154,4960,1272,56250,306000000,1728000
1791129394.6655,4960,1272,56343,306000000,1728000
1791129394.7156,4960,1280,56218,306000000,1728000
1791129394.7657,4960,1288,56281,306000000,1728000
1791129394.8158,4960,1288,56437,306000000,1728000
1791129394.8659,4960,1288,56343,306000000,1728000
1791129394.9160,4960,1288,56437,306000000,1728000
1791129394.9661,4960,1288,56312,306000000,1728000
1791129395.0161,4960,1280,56375,306000000,1728000
1791129395.0662,4960,1280,56250,306000000,1728000
1791129395.1163,4960,1280,56406,306000000,1728000
1791129395.1664,4960,1272,56343,306000000,1728000
1791129395.2164,4960,1280,56375,306000000,1728000
1791129395.2666,4960,1280,56312,306000000,1344000
1791129395.3167,4960,1288,56312,306000000,1728000
1791129395.3667,4960,1288,56468,306000000,1728000
1791129395.4168,4960,1288,56406,306000000,1728000
1791129395.4669,4960,1288,56312,306000000,1728000
1791129395.5170,4960,1280,56375,306000000,1728000
1791129395.5671,4960,1280,56312,306000000,1728000
1791129395.6172,4960,1280,56187,306000000,1728000
1791129395.6672,4960,1280,56312,306000000,1728000
1791129395.7173,4960,1272,56218,306000000,1728000
1791129395.7674,4960,1280,56312,306000000,1728000
1791129395.8175,4960,1280,56406,306000000,1728000
1791129395.8676,4960,1296,56250,306000000,1420800
1791129395.9177,4960,1288,56375,306000000,1728000
1791129395.9678,4960,1288,56218,306000000,1728000
1791129396.0179,4960,1288,56312,306000000,1728000
1791129396.0679,4960,1280,56312,306000000,1728000
1791129396.1180,4960,1280,56437,306000000,1728000
1791129396.1681,4960,1288,56312,306000000,1728000
1791129396.2182,4960,1288,56343,306000000,1728000
1791129396.2683,4960,1280,56406,306000000,1728000
1791129396.3184,4960,1280,56312,306000000,1728000
1791129396.3685,4960,1280,56468,306000000,1728000
1791129396.4186,4960,1288,56312,306000000,1728000
1791129396.4686,4960,1288,56437,306000000,1728000
1791129396.5187,4960,1288,56343,306000000,1728000
1791129396.5688,4960,1296,56343,306000000,1728000
1791129396.6189,4960,1288,56218,306000000,1728000
1791129396.6690,4960,1288,56250,306000000,1728000
1791129396.7191,4960,1280,56375,306000000,1728000
1791129396.7692,4960,1288,56218,306000000,1728000
1791129396.8192,4960,1280,56468,306000000,1728000
1791129396.8693,4960,1280,56375,306000000,1728000
1791129396.9194,4960,1280,56312,306000000,1728000
1791129396.9695,4960,1288,56250,306000000,1728000
1791129397.0196,4960,1296,56312,306000000,1728000
1791129397.0697,4960,1288,56218,306000000,1728000
1791129397.1198,4960,1296,56218,306000000,1728000
1791129397.1698,4960,1288,56437,306000000,1728000
1791129397.2199,4960,1288,56125,306000000,1728000
1791129397.2700,4960,1288,56406,306000000,1728000
1791129397.3201,4960,1288,56343,306000000,1728000
1791129397.3702,4960,1280,56375,306000000,1728000
1791129397.4202,4960,1280,56218,306000000,1728000
1791129397.4703,4960,1280,56375,306000000,1728000
1791129397.5204,4960,1296,56281,306000000,1728000
1791129397.5705,4960,1304,56281,306000000,1728000
1791129397.6206,4960,1296,56406,306000000,1728000
1791129397.6707,4960,1288,56281,306000000,1728000
1791129397.7208,4960,1296,56468,306000000,1728000
1791129397.7709,4960,1296,56281,306000000,1728000
1791129397.8210,4960,1296,56406,306000000,1728000
1791129397.8710,4960,1288,56312,306000000,1728000
1791129397.9211,4960,1288,56406,306000000,1728000
1791129397.9712,4960,1288,56281,306000000,1728000
1791129398.0213,4960,1280,56406,306000000,1728000
1791129398.0714,4960,1280,56437,306000000,1267200
1791129398.1215,4960,1296,56343,306000000,1267200
1791129398.1716,4960,1296,56437,306000000,1728000
1791129398.2217,4960,1288,56343,306000000,1728000
1791129398.2718,4960,1288,56437,306000000,1728000
1791129398.3218,4960,1288,56218,306000000,1728000
1791129398.3719,4960,1280,56343,306000000,1728000
1791129398.4220,4960,1272,56281,306000000,1728000
1791129398.4721,4960,1280,56312,306000000,1728000
1791129398.5222,4960,1272,56375,306000000,1728000
1791129398.5722,4960,1272,56375,306000000,1728000
1791129398.6223,4960,1272,56375,306000000,1728000
1791129398.6724,4960,1288,56250,306000000,1728000
1791129398.7225,4960,1280,56343,306000000,1728000
1791129398.7726,4960,1280,56281,306000000,1728000
1791129398.8227,4960,1280,56312,306000000,1728000
1791129398.8728,4960,1280,56218,306000000,1728000
1791129398.9229,4960,1280,56281,306000000,1728000
1791129398.9730,4960,1280,56250,306000000,1728000
1791129399.0230,4960,1288,56312,306000000,1728000
1791129399.0731,4960,1280,56500,306000000,1728000
1791129399.1232,4960,1272,56343,306000000,1728000
1791129399.1733,4960,1280,56406,306000000,1728000
1791129399.2234,4960,1296,56312,306000000,1344000
1791129399.2735,4960,1288,56343,306000000,1728000
1791129399.3236,4960,1288,56281,306000000,1728000
1791129399.3736,4960,1288,56375,306000000,1728000
1791129399.4237,4960,1288,56281,306000000,1728000
1791129399.4738,4960,1280,56312,306000000,1728000
1791129399.5239,4960,1280,56437,306000000,1728000
1791129399.5740,4960,1288,56218,306000000,1728000
1791129399.6241,4960,1288,56500,306000000,1728000
1791129399.6741,4960,1288,56218,306000000,1728000
1791129399.7242,4960,1280,56312,306000000,1728000
1791129399.7743,4960,1296,56187,306000000,1728000
1791129399.8244,4960,1296,56250,306000000,1728000
1791129399.8745,4960,1288,56156,306000000,1728000
1791129399.9246,4960,1288,56187,306000000,1728000
1791129399.9747,4960,1288,56437,306000000,1728000
1791129400.0247,4960,1288,56218,306000000,1728000
1791129400.0748,4960,1288,56343,306000000,1728000
1791129400.1249,4960,1280,56187,306000000,1728000
1791129400.1749,4960,1288,56218,306000000,1728000
1791129400.2250,4960,1280,56187,306000000,1728000
1791129400.2751,4960,1272,56312,306000000,1728000
1791129400.3252,4960,1288,56187,306000000,1728000
1791129400.3753,4960,1296,56281,306000000,1728000
1791129400.4254,4960,1288,56406,306000000,1728000
1791129400.4755,4960,1288,56343,306000000,1728000
1791129400.5255,4960,1288,56375,306000000,1728000
1791129400.5756,4960,1288,56218,306000000,1728000
1791129400.6257,4960,1280,56281,306000000,1728000
1791129400.6758,4960,1280,56187,306000000,1728000
1791129400.7258,4960,1280,56218,306000000,1728000
1791129400.7759,4960,1280,56187,306000000,1728000
1791129400.8260,4960,1280,56312,306000000,1728000
1791129400.8761,4960,1288,56406,306000000,1728000
1791129400.9262,4960,1296,56218,306000000,1728000
1791129400.9763,4960,1288,56343,306000000,1728000
1791129401.0264,4960,1288,56218,306000000,1728000
1791129401.0765,4960,1288,56250,306000000,1728000
1791129401.1265,4960,1288,56187,306000000,1728000
1791129401.1766,4960,1280,56281,306000000,1728000
1791129401.2267,4960,1280,56156,306000000,1728000
1791129401.2768,4960,1288,56281,306000000,1728000
1791129401.3269,4960,1280,56406,306000000,1728000
1791129401.3770,4960,1280,56218,306000000,1728000
1791129401.4270,4960,1280,56406,306000000,1728000
1791129401.4771,4960,1304,56218,306000000,1728000
1791129401.5272,4960,1296,56312,306000000,1728000
1791129401.5773,4960,1296,56187,306000000,1728000
1791129401.6274,4960,1296,56312,306000000,1728000
1791129401.6775,4960,1296,56218,306000000,1728000
1791129401.7276,4960,1288,56312,306000000,1728000
1791129401.7777,4960,1288,56375,306000000,1728000
1791129401.8278,4960,1288,56281,306000000,1728000
1791129401.8778,4960,1288,56468,306000000,1728000
1791129401.9279,4960,1288,56187,306000000,1728000
1791129401.9780,4960,1280,56343,306000000,1728000
1791129402.0281,4960,1288,56187,306000000,1728000
1791129402.0782,4960,1288,56375,306000000,1728000
1791129402.1283,4960,1288,56156,306000000,1728000
1791129402.1784,4960,1288,56250,306000000,1728000
1791129402.2285,4960,1288,56437,306000000,1728000
1791129402.2786,4960,1288,56312,306000000,1728000
1791129402.3286,4960,1280,56437,306000000,1728000
1791129402.3787,4960,1280,56250,306000000,1728000
1791129402.4288,4960,1280,56375,306000000,1728000
1791129402.4789,4960,1280,56250,306000000,1728000
1791129402.5290,4960,1280,56343,306000000,1728000
1791129402.5791,4960,1288,56250,306000000,1728000
1791129402.6292,4960,1296,56281,306000000,1728000
1791129402.6793,4960,1296,56156,306000000,1728000
1791129402.7293,4960,1288,56250,306000000,1728000
1791129402.7794,4960,1288,56312,306000000,1728000
1791129402.8295,4960,1288,56281,306000000,1728000
1791129402.8796,4960,1280,56343,306000000,1728000
1791129402.9297,4960,1288,56187,306000000,1728000
1791129402.9797,4960,1288,56312,306000000,1728000
1791129403.0298,4960,1280,56281,306000000,1728000
1791129403.0799,4960,1272,56281,306000000,1728000
1791129403.1300,4960,1288,56218,306000000,1728000
1791129403.1801,4960,1296,56312,306000000,1728000
1791129403.2302,4960,1296,56343,306000000,1728000
1791129403.2803,4960,1288,56312,306000000,1728000
1791129403.3304,4960,1288,56406,306000000,1728000
1791129403.3805,4960,1288,56250,306000000,1728000
1791129403.4305,4960,1280,56312,306000000,1728000
1791129403.4806,4960,1272,56218,306000000,1728000
1791129403.5307,4960,1272,56250,306000000,1728000
1791129403.5808,4960,1272,56187,306000000,1728000
1791129403.6309,4960,1272,56218,306000000,1728000
1791129403.6810,4960,1280,56375,306000000,1728000
1791129403.7311,4960,1288,56312,306000000,1728000
1791129403.7812,4960,1288,56343,306000000,1728000
1791129403.8313,4960,1288,56156,306000000,1728000
1791129403.8813,4960,1288,56250,306000000,1728000
1791129403.9314,4960,1288,56218,306000000,1728000
1791129403.9815,4960,1280,56343,306000000,1728000
1791129404.0316,4960,1280,56187,306000000,1728000
1791129404.0817,4960,1280,56250,306000000,1728000
1791129404.1318,4960,1280,56375,306000000,1728000
1791129404.1819,4960,1280,56187,306000000,1728000
1791129404.2320,4960,1280,56343,306000000,1728000
1791129404.2821,4960,1296,56281,306000000,1728000
1791129404.3322,4960,1296,56343,306000000,1728000
1791129404.3822,4960,1288,56187,306000000,1728000
1791129404.4323,4960,1288,56343,306000000,1728000
1791129404.4824,4960,1280,56125,306000000,1728000
1791129404.5325,4960,1280,56312,306000000,1728000
1791129404.5826,4960,1280,56281,306000000,1728000
1791129404.6327,4960,1272,56156,306000000,1728000
1791129404.6828,4960,1272,56375,306000000,1728000
1791129404.7328,4960,1280,56281,306000000,1728000
1791129404.7829,4960,1272,56406,306000000,1728000
1791129404.8330,4960,1288,56125,306000000,1728000
1791129404.8831,4960,1288,56343,306000000,1728000
1791129404.9332,4960,1288,56281,306000000,1728000
1791129404.9833,4960,1288,56218,306000000,1728000
1791129405.0334,4960,1272,56281,306000000,1728000
1791129405.0834,4960,1280,56281,306000000,1728000
1791129405.1335,4960,1280,56406,306000000,1728000
1791129405.1836,4960,1272,56218,306000000,1728000
1791129405.2337,4960,1264,56375,306000000,1728000
1791129405.2838,4960,1272,56218,306000000,1728000
1791129405.3339,4960,1264,56281,306000000,1728000
1791129405.3840,4960,1280,56187,306000000,1728000
1791129405.4341,4960,1288,56281,306000000,1728000
1791129405.4841,4960,1288,56218,306000000,1728000
1791129405.5342,4960,1272,56250,306000000,1728000
1791129405.5843,4960,1280,56343,306000000,1728000
1791129405.6344,4960,1280,56250,306000000,1728000
1791129405.6845,4960,1288,56343,306000000,1728000
1791129405.7346,4960,1280,56156,306000000,1728000
1791129405.7846,4960,1280,56375,306000000,1728000
1791129405.8347,4960,1280,56187,306000000,1728000
1791129405.8848,4960,1280,56250,306000000,1728000
1791129405.9349,4960,1280,56125,306000000,1497600
1791129405.9850,4960,1288,56250,306000000,1728000
1791129406.0351,4960,1288,56406,306000000,1728000
1791129406.0851,4960,1288,56156,306000000,1728000
1791129406.1352,4960,1280,56406,306000000,1728000
1791129406.1853,4960,1280,56250,306000000,1728000
1791129406.2354,4960,1280,56312,306000000,1728000
1791129406.2855,4960,1272,56187,306000000,1728000
1791129406.3355,4960,1280,56281,306000000,1728000
1791129406.3856,4960,1280,56125,306000000,1728000
1791129406.4357,4960,1280,56156,306000000,1728000
1791129406.4858,4960,1280,56406,306000000,1728000
1791129406.5359,4960,1288,56156,306000000,1728000
1791129406.5860,4960,1296,56312,306000000,1728000
1791129406.6361,4960,1296,56312,306000000,1728000
1791129406.6861,4960,1280,56250,306000000,1728000
1791129406.7362,4960,1288,56187,306000000,1728000
1791129406.7863,4960,1288,56281,306000000,1728000
1791129406.8363,4960,1280,56218,306000000,1728000
1791129406.8864,4960,1280,56250,306000000,1728000
1791129406.9365,4960,1280,56375,306000000,1728000
1791129406.9866,4960,1280,56156,306000000,1728000
1791129407.0367,4960,1280,56312,306000000,1728000
1791129407.0868,4960,1288,56218,306000000,1344000
1791129407.1369,4960,1288,56312,306000000,1728000
1791129407.1869,4960,1288,56218,306000000,1728000
1791129407.2370,4960,1280,56281,306000000,1728000
1791129407.2871,4960,1280,56156,306000000,1728000
1791129407.3371,4960,1272,56218,306000000,1728000
1791129407.3872,4960,1272,56406,306000000,1728000
1791129407.4373,4960,1272,56187,306000000,1728000
1791129407.4873,4960,1272,56343,306000000,1728000
1791129407.5374,4960,1280,56343,306000000,1728000
1791129407.5875,4960,1280,56312,306000000,1728000
1791129407.6376,4960,1288,56218,306000000,1728000
1791129407.6877,4960,1312,56281,306000000,1728000
1791129407.7377,4960,1320,56187,306000000,1728000
1791129407.7878,4960,1320,56250,306000000,1728000
1791129407.8379,4952,1328,56375,306000000,1728000
1791129407.8880,4952,1328,56250,306000000,1728000
1791129407.9380,4960,1328,56343,306000000,1728000
1791129407.9881,4960,1328,56187,306000000,1728000
1791129408.0382,4960,1320,56250,306000000,1728000
1791129408.0883,4960,1320,56156,306000000,1728000
1791129408.1384,4960,1320,56250,306000000,1728000
1791129408.1885,4960,1328,56187,306000000,1728000
1791129408.2386,4960,1320,56312,306000000,1728000
1791129408.2887,4960,1320,56375,306000000,1728000
1791129408.3388,4960,1312,56250,306000000,1728000
1791129408.3889,4960,1312,56375,306000000,1728000
1791129408.4390,4960,1304,56218,306000000,1728000
1791129408.4890,4960,1304,56406,306000000,1728000
1791129408.5391,4960,1304,56218,306000000,1728000
1791129408.5892,4960,1296,56312,306000000,1728000
1791129408.6393,4960,1296,56218,306000000,1728000
1791129408.6894,4960,1296,56218,306000000,1728000
1791129408.7395,4960,1304,56156,306000000,1728000
1791129408.7896,4960,1304,56156,306000000,1728000
1791129408.8397,4960,1296,56312,306000000,1344000
1791129408.8898,4960,1296,56250,306000000,1728000
1791129408.9398,4960,1304,56312,306000000,1728000
1791129408.9899,4960,1296,56125,306000000,1728000
1791129409.0400,4960,1296,56250,306000000,1728000
1791129409.0901,4960,1296,56218,306000000,1728000
1791129409.1402,4960,1296,56187,306000000,1728000
1791129409.1903,4960,1288,56156,306000000,1728000
1791129409.2403,4960,1280,56218,306000000,1728000
1791129409.2904,4960,1288,56281,306000000,1728000
1791129409.3405,4960,1296,56187,306000000,1420800
1791129409.3906,4960,1296,56312,306000000,1728000
1791129409.4407,4960,1296,56218,306000000,1728000
1791129409.4908,4960,1296,56250,306000000,1728000
1791129409.5409,4960,1288,56187,306000000,1728000
1791129409.5909,4960,1280,56218,306000000,1728000
1791129409.6410,4960,1288,56125,306000000,1728000
1791129409.6911,4960,1280,56250,306000000,1728000
1791129409.7412,4960,1272,56343,306000000,1728000
1791129409.7913,4960,1280,56218,306000000,1728000
1791129409.8414,4960,1288,56343,306000000,1728000
1791129409.8915,4960,1288,56187,306000000,1728000
1791129409.9416,4960,1288,56281,306000000,1728000
1791129409.9917,4960,1288,56187,306000000,1728000
1791129410.0418,4960,1288,56281,306000000,1728000
1791129410.0918,4960,1288,56187,306000000,1728000
1791129410.1419,4960,1280,56218,306000000,1728000
1791129410.1920,4960,1280,56281,306000000,1728000
1791129410.2421,4960,1288,56187,306000000,1728000
1791129410.2922,4960,1280,56375,306000000,1728000
1791129410.3423,4960,1280,56218,306000000,1728000
1791129410.3924,4960,1288,56281,306000000,1651200
1791129410.4425,4960,1304,56218,306000000,1728000
1791129410.4926,4960,1304,56218,306000000,1728000
1791129410.5426,4960,1296,56156,306000000,1728000
1791129410.5927,4960,1288,56187,306000000,1728000
1791129410.6428,4960,1288,56406,306000000,1728000
1791129410.6929,4960,1288,56218,306000000,1728000
1791129410.7430,4960,1280,56281,306000000,1728000
1791129410.7930,4960,1288,56250,306000000,1728000
1791129410.8431,4960,1288,56281,306000000,1728000
1791129410.8932,4960,1288,56125,306000000,1728000
1791129410.9433,4960,1288,56250,306000000,1344000
1791129410.9934,4960,1296,56187,306000000,1728000
1791129411.0435,4960,1296,56250,306000000,1728000
1791129411.0936,4960,1288,56093,306000000,1728000
1791129411.1436,4960,1288,56218,306000000,1728000
1791129411.1937,4960,1288,56281,306000000,1728000
1791129411.2438,4960,1288,56218,306000000,1728000
1791129411.2939,4960,1280,56218,306000000,1728000
1791129411.3440,4960,1280,56156,306000000,1728000
1791129411.3940,4960,1280,56187,306000000,1728000
1791129411.4441,4960,1272,56156,306000000,1728000
1791129411.4942,4960,1272,56218,306000000,1728000
1791129411.5443,4960,1288,56156,306000000,1728000
1791129411.5944,4960,1280,56156,306000000,1728000
1791129411.6445,4960,1288,56375,306000000,1728000
1791129411.6946,4960,1288,56187,306000000,1728000
1791129411.7446,4960,1288,56312,306000000,1728000
1791129411.7947,4960,1280,56156,306000000,1728000
1791129411.8448,4960,1280,56218,306000000,1728000
1791129411.8949,4960,1280,56250,306000000,1728000
1791129411.9450,4960,1288,56250,306000000,1728000
1791129411.9951,4960,1288,56093,306000000,1728000
1791129412.0452,4960,1280,56187,306000000,1728000
1791129412.0953,4960,1296,56406,306000000,1344000
1791129412.1454,4960,1304,56250,306000000,1728000
1791129412.1954,4960,1288,56406,306000000,1728000
1791129412.2455,4960,1288,56250,306000000,1728000
1791129412.2956,4960,1296,56281,306000000,1728000
1791129412.3457,4960,1296,56156,306000000,1728000
1791129412.3958,4960,1288,56281,306000000,1728000
1791129412.4459,4960,1288,56187,306000000,1728000
1791129412.4959,4960,1288,56156,306000000,1728000
1791129412.5460,4960,1280,56312,306000000,1728000
1791129412.5961,4960,1280,56187,306000000,1728000
1791129412.6462,4960,1288,56343,306000000,1728000
1791129412.6963,4960,1296,56156,306000000,1728000
1791129412.7464,4960,1288,56187,306000000,1728000
1791129412.7964,4960,1288,56218,306000000,1728000
1791129412.8465,4960,1288,56250,306000000,1728000
1791129412.8966,4960,1280,56187,306000000,1728000
1791129412.9467,4960,1272,56281,306000000,1728000
1791129412.9968,4960,1272,56375,306000000,1728000
1791129413.0469,4960,1280,56187,306000000,1728000
1791129413.0969,4960,1272,56250,306000000,1728000
1791129413.1470,4960,1272,56156,306000000,1728000
1791129413.1971,4960,1280,56218,306000000,1728000
1791129413.2472,4960,1288,56031,306000000,1728000
1791129413.2973,4960,1280,56281,306000000,1728000
1791129413.3474,4960,1280,56187,306000000,1728000
1791129413.3975,4960,1280,56125,306000000,1728000
1791129413.4476,4960,1272,56031,306000000,1728000
1791129413.4977,4960,1272,56093,306000000,1728000
1791129413.5478,4960,1272,56312,306000000,1728000
1791129413.5978,4960,1272,56125,306000000,1728000
1791129413.6479,4960,1264,56218,306000000,1728000
1791129413.6980,4960,1264,56156,306000000,1728000
1791129413.7481,4960,1272,56187,306000000,1728000
1791129413.7982,4960,1280,56156,306000000,1267200
1791129413.8483,4960,1272,56156,306000000,1728000
1791129413.8984,4960,1272,56031,306000000,1728000
1791129413.9485,4960,1264,56156,306000000,1728000
1791129413.9985,4960,1272,56312,306000000,1728000
1791129414.0486,4960,1272,56156,306000000,1728000
1791129414.0987,4960,1264,56250,306000000,1728000
1791129414.1488,4960,1272,56125,306000000,1728000
1791129414.1989,4960,1272,56250,306000000,1728000
1791129414.2490,4960,1264,56156,306000000,1728000
1791129414.2991,4960,1264,56156,306000000,1267200
1791129414.3492,4960,1280,56125,306000000,1728000
1791129414.3992,4960,1272,56187,306000000,1728000
1791129414.4493,4960,1272,56343,306000000,1728000
1791129414.4994,4960,1272,56125,306000000,1728000
1791129414.5495,4960,1272,56343,306000000,1728000
1791129414.5996,4960,1264,56062,306000000,1728000
1791129414.6497,4960,1264,56218,306000000,1728000
1791129414.6997,4960,1264,56187,306000000,1728000
1791129414.7498,4960,1264,56187,306000000,1728000
1791129414.7999,4960,1264,56062,306000000,1728000
1791129414.8500,4960,1264,56156,306000000,1728000
1791129414.9001,4960,1264,56312,306000000,1728000
1791129414.9502,4960,1272,56218,306000000,1728000
1791129415.0003,4960,1280,56375,306000000,1728000
1791129415.0503,4960,1272,56187,306000000,1728000
1791129415.1004,4960,1272,56281,306000000,1728000
1791129415.1505,4960,1272,56093,306000000,1728000
1791129415.2006,4960,1280,56250,306000000,1728000
1791129415.2507,4960,1272,56093,306000000,1728000
1791129415.3008,4960,1272,56250,306000000,1728000
1791129415.3508,4960,1272,56312,306000000,1728000
1791129415.4009,4960,1272,56156,306000000,1728000
1791129415.4511,4960,1272,56312,306000000,1344000
1791129415.5011,4960,1280,56187,306000000,1728000
1791129415.5512,4960,1280,56250,306000000,1728000
1791129415.6013,4960,1280,56062,306000000,1728000
1791129415.6514,4960,1280,56250,306000000,1728000
1791129415.7015,4960,1280,56093,306000000,1728000
1791129415.7516,4960,1280,56187,306000000,1728000
1791129415.8016,4960,1272,56031,306000000,1728000
1791129415.8517,4960,1272,56093,306000000,1728000
1791129415.9018,4960,1272,56312,306000000,1728000
1791129415.9521,4960,1280,56093,306000000,1728000
1791129416.0022,4960,1280,56156,306000000,1728000
1791129416.0523,4960,1288,56031,306000000,1728000
1791129416.1024,4960,1288,56156,306000000,1728000
1791129416.1525,4960,1288,56125,306000000,1728000
1791129416.2026,4960,1280,56218,306000000,1728000
1791129416.2526,4960,1280,56031,306000000,1728000
1791129416.3027,4960,1280,56093,306000000,1728000
1791129416.3528,4960,1272,56343,306000000,1728000
1791129416.4029,4960,1280,56093,306000000,1728000
1791129416.4530,4960,1280,56250,306000000,1728000
1791129416.5030,4960,1280,56031,306000000,1728000
1791129416.5531,4960,1288,56218,306000000,1728000
1791129416.6032,4960,1296,56125,306000000,1728000
1791129416.6533,4960,1296,56187,306000000,1728000
1791129416.7034,4960,1296,56093,306000000,1728000
1791129416.7535,4960,1288,56156,306000000,1728000
1791129416.8036,4960,1288,56375,306000000,1728000
1791129416.8537,4960,1280,56156,306000000,1728000
1791129416.9038,4960,1280,56250,306000000,1728000
1791129416.9538,4960,1280,56156,306000000,1728000
1791129417.0039,4960,1272,56187,306000000,1728000
1791129417.0540,4960,1272,56125,306000000,1728000
1791129417.1041,4960,1272,56156,306000000,1267200
1791129417.1542,4960,1288,56125,306000000,1728000
1791129417.2043,4960,1288,56187,306000000,1728000
1791129417.2544,4960,1280,56312,306000000,1728000
1791129417.3045,4960,1280,56156,306000000,1728000
1791129417.3545,4960,1272,56218,306000000,1728000
1791129417.4046,4960,1264,56031,306000000,1728000
1791129417.4547,4960,1272,56187,306000000,1728000
1791129417.5048,4960,1272,56156,306000000,1728000
1791129417.5548,4960,1272,56218,306000000,1728000
1791129417.6049,4960,1272,56062,306000000,1728000
1791129417.6550,4960,1272,56125,306000000,1728000
1791129417.7051,4960,1280,56218,306000000,1728000
1791129417.7552,4960,1280,56250,306000000,1728000
1791129417.8053,4960,1272,56281,306000000,1728000
1791129417.8554,4960,1272,56125,306000000,1728000
1791129417.9055,4960,1272,56218,306000000,1728000
1791129417.9556,4960,1272,56062,306000000,1728000
1791129418.0056,4960,1272,56187,306000000,1728000
1791129418.0557,4960,1264,56093,306000000,1728000
1791129418.1058,4960,1264,56156,306000000,1728000
1791129418.1559,4960,1264,56062,306000000,1728000
1791129418.2060,4960,1264,56187,306000000,1728000
1791129418.2561,4960,1272,56187,306000000,1728000
1791129418.3062,4960,1272,56093,306000000,1728000
1791129418.3563,4960,1280,56187,306000000,1728000
1791129418.4063,4960,1272,56093,306000000,1728000
1791129418.4564,4960,1272,56250,306000000,1728000
1791129418.5065,4960,1272,56031,306000000,1728000
1791129418.5566,4960,1272,56156,306000000,1728000
1791129418.6067,4960,1264,56125,306000000,1728000
1791129418.6567,4960,1264,56125,306000000,1728000
1791129418.7068,4960,1272,56281,306000000,1728000
1791129418.7569,4960,1264,56031,306000000,1728000
1791129418.8070,4960,1264,56281,306000000,1728000
1791129418.8571,4960,1272,56031,306000000,1728000
1791129418.9072,4960,1272,56250,306000000,1728000
1791129418.9573,4960,1272,56093,306000000,1728000
1791129419.0073,4960,1272,56156,306000000,1728000
1791129419.0574,4960,1272,56093,306000000,1728000
1791129419.1075,4960,1264,56125,306000000,1728000
1791129419.1576,4960,1264,56250,306000000,1728000
1791129419.2076,4960,1272,56031,306000000,1728000
1791129419.2577,4960,1272,56250,306000000,1728000
1791129419.3078,4960,1264,56062,306000000,1728000
1791129419.3579,4960,1272,56250,306000000,1728000
1791129419.4080,4960,1280,56031,306000000,1728000
1791129419.4581,4960,1280,56125,306000000,1728000
1791129419.5082,4960,1280,56062,306000000,1728000
1791129419.5583,4960,1288,56156,306000000,1728000
1791129419.6084,4960,1280,56250,306000000,1728000
1791129419.6585,4960,1280,56187,306000000,1728000
1791129419.7085,4960,1280,56187,306000000,1728000
1791129419.7586,4960,1280,56062,306000000,1728000
1791129419.8087,4960,1272,56218,306000000,1728000
1791129419.8588,4960,1272,56000,306000000,1728000
1791129419.9089,4960,1272,56218,306000000,1267200
1791129419.9589,4960,1280,56031,306000000,1728000
1791129420.0090,4960,1280,56187,306000000,1728000
1791129420.0591,4960,1280,56281,306000000,1728000
1791129420.1092,4960,1280,56156,306000000,1728000
1791129420.1593,4960,1272,56187,306000000,1728000
1791129420.2094,4960,1272,56093,306000000,1728000
1791129420.2595,4960,1280,56187,306000000,1728000
1791129420.3096,4960,1272,56031,306000000,1728000
1791129420.3596,4960,1272,56218,306000000,1728000
1791129420.4097,4960,1272,56000,306000000,1728000
1791129420.4598,4960,1272,56125,306000000,1344000
1791129420.5099,4960,1280,56187,306000000,1728000
1791129420.5600,4960,1288,56125,306000000,1728000
1791129420.6100,4960,1288,56281,306000000,1728000
1791129420.6601,4960,1280,56062,306000000,1728000
1791129420.7102,4960,1280,56156,306000000,1728000
1791129420.7603,4960,1280,56093,306000000,1728000
1791129420.8104,4960,1280,56187,306000000,1728000
1791129420.8604,4960,1272,56156,306000000,1728000
1791129420.9105,4960,1280,56062,306000000,1728000
1791129420.9606,4960,1280,56031,306000000,1728000
1791129421.0107,4960,1280,56093,306000000,1728000
1791129421.0608,4960,1280,56281,306000000,1728000
1791129421.1108,4960,1288,56062,306000000,1728000
1791129421.1609,4960,1288,56250,306000000,1728000
1791129421.2111,4960,1280,56031,306000000,1728000
1791129421.2611,4960,1272,56062,306000000,1728000
1791129421.3112,4960,1272,56093,306000000,1728000
1791129421.3613,4960,1272,56093,306000000,1728000
1791129421.4114,4960,1272,56062,306000000,1728000
1791129421.4615,4960,1272,56062,306000000,1728000
1791129421.5116,4960,1264,56250,306000000,1728000
1791129421.5617,4960,1272,56125,306000000,1728000
1791129421.6118,4960,1280,56218,306000000,1728000
1791129421.6619,4960,1288,56062,306000000,1728000
1791129421.7119,4960,1288,56093,306000000,1728000
1791129421.7620,4960,1288,56125,306000000,1728000
1791129421.8121,4960,1288,56187,306000000,1728000
1791129421.8622,4960,1288,56062,306000000,1728000
1791129421.9123,4960,1280,56125,306000000,1728000
1791129421.9623,4960,1280,56250,306000000,1728000
1791129422.0124,4960,1280,56125,306000000,1728000
1791129422.0625,4960,1280,56156,306000000,1728000
1791129422.1126,4960,1272,56000,306000000,1728000
1791129422.1627,4960,1280,56125,306000000,1267200
1791129422.2128,4960,1288,56031,306000000,1728000
1791129422.2629,4960,1280,56125,306000000,1728000
1791129422.3130,4960,1280,56000,306000000,1728000
1791129422.3630,4960,1288,56093,306000000,1728000
1791129422.4131,4960,1288,56218,306000000,1728000
1791129422.4632,4960,1280,56125,306000000,1728000
1791129422.5133,4960,1280,56218,306000000,1728000
1791129422.5634,4960,1280,56093,306000000,1728000
1791129422.6135,4960,1280,56156,306000000,1728000
1791129422.6635,4960,1272,56031,306000000,1728000
1791129422.7136,4960,1272,56156,306000000,1728000
1791129422.7637,4960,1288,56031,306000000,1344000
1791129422.8138,4960,1288,56062,306000000,1728000
1791129422.8639,4960,1280,56031,306000000,1728000
1791129422.9140,4960,1280,56062,306000000,1728000
1791129422.9641,4960,1280,56093,306000000,1728000
1791129423.0142,4960,1272,56000,306000000,1728000
1791129423.0642,4960,1272,56093,306000000,1728000
1791129423.1143,4960,1272,56093,306000000,1728000
1791129423.1644,4960,1272,56062,306000000,1728000
1791129423.2145,4960,1264,56000,306000000,1728000
1791129423.2645,4960,1264,56093,306000000,1728000
1791129423.3146,4960,1288,56000,306000000,1497600
1791129423.3647,4960,1288,56093,306000000,1728000
1791129423.4148,4960,1288,56093,306000000,1728000
1791129423.4649,4960,1288,56062,306000000,1728000
1791129423.5150,4960,1288,56156,306000000,1728000
1791129423.5651,4960,1280,56062,306000000,1728000
1791129423.6152,4960,1288,56156,306000000,1728000
1791129423.6652,4960,1288,56031,306000000,1728000
1791129423.7153,4960,1280,56031,306000000,1728000
1791129423.7654,4960,1280,56000,306000000,1728000
1791129423.8154,4960,1280,56031,306000000,1728000
1791129423.8655,4960,1280,56250,306000000,1728000
1791129423.9156,4960,1288,56062,306000000,1728000
1791129423.9657,4960,1288,56125,306000000,1728000
1791129424.0158,4960,1288,56062,306000000,1728000
1791129424.0659,4960,1280,56187,306000000,1728000
1791129424.1160,4960,1280,56031,306000000,1728000
1791129424.1661,4960,1288,56125,306000000,1728000
1791129424.2161,4960,1280,56031,306000000,1728000
1791129424.2662,4960,1272,56062,306000000,1728000
1791129424.3163,4960,1272,56312,306000000,1728000
1791129424.3664,4960,1280,56062,306000000,1728000
1791129424.4165,4960,1280,56156,306000000,1728000
1791129424.4666,4960,1288,56031,306000000,1728000
1791129424.5167,4960,1288,56156,306000000,1728000
1791129424.5668,4960,1280,56000,306000000,1728000
1791129424.6168,4960,1280,56062,306000000,1728000
1791129424.6669,4960,1280,56031,306000000,1728000
1791129424.7170,4960,1280,56125,306000000,1728000
1791129424.7671,4960,1280,56218,306000000,1728000
1791129424.8172,4960,1280,56062,306000000,1728000
1791129424.8672,4960,1280,56093,306000000,1728000
1791129424.9173,4960,1280,56062,306000000,1728000
1791129424.9674,4960,1280,56062,306000000,1728000
1791129425.0175,4960,1288,56093,306000000,1728000
1791129425.0676,4960,1296,56062,306000000,1728000
1791129425.1177,4960,1280,56031,306000000,1728000
1791129425.1678,4960,1280,56031,306000000,1728000
1791129425.2178,4960,1280,56031,306000000,1728000
1791129425.2679,4960,1280,55968,306000000,1728000
1791129425.3180,4960,1272,56156,306000000,1728000
1791129425.3681,4960,1272,56031,306000000,1728000
1791129425.4181,4960,1272,56093,306000000,1728000
1791129425.4682,4960,1272,56000,306000000,1728000
1791129425.5183,4960,1280,56031,306000000,1728000
1791129425.5684,4960,1296,55906,306000000,1728000
1791129425.6185,4960,1288,56062,306000000,1728000
1791129425.6686,4960,1288,55968,306000000,1728000
1791129425.7187,4960,1288,56000,306000000,1728000
1791129425.7688,4960,1288,56125,306000000,1728000
1791129425.8189,4960,1280,56062,306000000,1728000
1791129425.8689,4960,1280,56156,306000000,1728000
1791129425.9190,4960,1280,56031,306000000,1728000
1791129425.9691,4960,1280,56062,306000000,1728000
1791129426.0192,4960,1272,56000,306000000,1728000
1791129426.0693,4960,1272,56062,306000000,1344000
1791129426.1194,4960,1288,56000,306000000,1728000
1791129426.1695,4960,1288,56093,306000000,1728000
1791129426.2195,4960,1288,56218,306000000,1728000
1791129426.2696,4960,1288,56031,306000000,1728000
1791129426.3197,4960,1288,56125,306000000,1728000
1791129426.3698,4960,1288,56000,306000000,1728000
1791129426.4199,4960,1280,56062,306000000,1728000
1791129426.4700,4960,1280,56000,306000000,1728000
1791129426.5200,4960,1280,56031,306000000,1728000
1791129426.5701,4960,1280,55968,306000000,1728000
1791129426.6202,4960,1272,56031,306000000,1728000
1791129426.6703,4960,1288,56250,306000000,1728000
1791129426.7204,4960,1296,56000,306000000,1728000
1791129426.7705,4960,1280,56187,306000000,1728000
1791129426.8206,4960,1288,56031,306000000,1728000
1791129426.8707,4960,1288,56093,306000000,1728000
1791129426.9207,4960,1288,56031,306000000,1728000
1791129426.9708,4960,1280,56093,306000000,1728000
1791129427.0209,4960,1280,56031,306000000,1728000
1791129427.0710,4960,1280,56031,306000000,1728000
1791129427.1211,4960,1280,56156,306000000,1728000
1791129427.1711,4960,1272,55937,306000000,1728000
1791129427.2212,4960,1288,56093,306000000,1190400
1791129427.2713,4960,1280,55937,306000000,1728000
1791129427.3214,4960,1280,56125,306000000,1728000
1791129427.3715,4960,1280,55937,306000000,1728000
1791129427.4216,4960,1280,56000,306000000,1728000
1791129427.4717,4960,1280,55937,306000000,1728000
1791129427.5217,4960,1280,56031,306000000,1728000
1791129427.5718,4960,1280,56062,306000000,1728000
1791129427.6219,4960,1288,56031,306000000,1728000
1791129427.6720,4960,1280,56156,306000000,1728000
1791129427.7221,4960,1280,56000,306000000,1728000
1791129427.7722,4960,1280,56031,306000000,1728000
1791129427.8223,4960,1296,56000,306000000,1728000
1791129427.8723,4960,1288,56000,306000000,1728000
1791129427.9224,4960,1280,55968,306000000,1728000
1791129427.9725,4960,1280,56031,306000000,1728000
1791129428.0226,4960,1272,55968,306000000,1728000
1791129428.0727,4960,1272,56031,306000000,1728000
1791129428.1228,4960,1272,56125,306000000,1728000
1791129428.1728,4960,1272,55906,306000000,1728000
1791129428.2229,4960,1280,56125,306000000,1728000
1791129428.2730,4960,1272,55968,306000000,1728000
1791129428.3231,4960,1280,56031,306000000,1344000
1791129428.3732,4960,1288,56031,306000000,1728000
1791129428.4233,4960,1280,56062,306000000,1728000
1791129428.4734,4960,1288,55968,306000000,1728000
1791129428.5235,4960,1288,56031,306000000,1728000
1791129428.5736,4960,1288,56093,306000000,1728000
1791129428.6236,4960,1288,55937,306000000,1728000
1791129428.6737,4960,1280,56125,306000000,1728000
1791129428.7238,4960,1280,56000,306000000,1728000
1791129428.7739,4960,1288,56031,306000000,1728000
1791129428.8240,4960,1288,55968,306000000,1728000
1791129428.8741,4960,1288,56031,306000000,1728000
1791129428.9242,4960,1288,55937,306000000,1728000
1791129428.9742,4960,1288,56031,306000000,1728000
1791129429.0243,4960,1288,56093,306000000,1728000
1791129429.0744,4960,1288,56031,306000000,1728000
1791129429.1245,4960,1280,56062,306000000,1728000
1791129429.1746,4960,1280,56000,306000000,1728000
1791129429.2246,4960,1280,56000,306000000,1728000
1791129429.2747,4960,1272,55906,306000000,1728000
1791129429.3248,4960,1272,56031,306000000,1728000
1791129429.3749,4960,1272,55968,306000000,1728000
1791129429.4250,4960,1272,56031,306000000,1728000
1791129429.4751,4960,1288,56062,306000000,1728000
1791129429.5252,4960,1288,55968,306000000,1728000
1791129429.5753,4960,1288,56031,306000000,1728000
1791129429.6254,4960,1280,55968,306000000,1728000
1791129429.6755,4960,1280,56031,306000000,1728000
1791129429.7255,4960,1280,55968,306000000,1728000
1791129429.7756,4960,1280,56000,306000000,1728000
1791129429.8257,4960,1280,55968,306000000,1728000
1791129429.8758,4960,1272,56000,306000000,1728000
1791129429.9259,4960,1280,56093,306000000,1728000
1791129429.9759,4960,1280,56000,306000000,1728000
1791129430.0260,4960,1280,56031,306000000,1728000
1791129430.0761,4960,1288,55937,306000000,1728000
1791129430.1262,4960,1288,56093,306000000,1728000
1791129430.1763,4960,1288,55937,306000000,1728000
1791129430.2264,4960,1280,56031,306000000,1728000
1791129430.2765,4960,1288,56000,306000000,1728000
1791129430.3265,4960,1288,56062,306000000,1728000
1791129430.3766,4960,1280,56093,306000000,1728000
1791129430.4267,4960,1280,56000,306000000,1728000
1791129430.4768,4960,1280,56031,306000000,1728000
1791129430.5269,4960,1288,55906,306000000,1728000
1791129430.5770,4960,1288,56062,306000000,1728000
1791129430.6271,4960,1296,56031,306000000,1728000
1791129430.6772,4960,1296,56031,306000000,1728000
1791129430.7273,4960,1288,55906,306000000,1728000
1791129430.7773,4960,1288,56000,306000000,1728000
1791129430.8274,4960,1288,55906,306000000,1728000
1791129430.8775,4960,1288,56031,306000000,1728000
1791129430.9276,4960,1280,56031,306000000,1728000
1791129430.9776,4960,1280,55968,306000000,1728000
1791129431.0277,4960,1280,56062,306000000,1728000
1791129431.0778,4960,1272,55937,306000000,1728000
1791129431.1279,4960,1280,56000,306000000,1344000
1791129431.1780,4960,1296,55906,306000000,1728000
1791129431.2281,4960,1288,56000,306000000,1728000
1791129431.2782,4960,1280,55906,306000000,1728000
1791129431.3282,4960,1288,56000,306000000,1728000
1791129431.3783,4960,1288,56062,306000000,1728000
1791129431.4284,4960,1280,55937,306000000,1728000
1791129431.4785,4960,1280,56031,306000000,1728000
1791129431.5285,4960,1280,55843,306000000,1728000
1791129431.5786,4960,1280,56031,306000000,1728000
1791129431.6287,4960,1272,55906,306000000,1728000
1791129431.6788,4960,1280,56062,306000000,1344000
1791129431.7289,4960,1296,55968,306000000,1728000
1791129431.7790,4960,1288,55968,306000000,1728000
1791129431.8291,4960,1288,56031,306000000,1728000
1791129431.8792,4960,1288,56031,306000000,1728000
1791129431.9292,4960,1288,55968,306000000,1728000
1791129431.9793,4960,1280,55968,306000000,1728000
1791129432.0294,4960,1280,56031,306000000,1728000
1791129432.0795,4960,1280,56000,306000000,1728000
1791129432.1296,4960,1280,56000,306000000,1728000
1791129432.1797,4960,1280,55906,306000000,1728000
1791129432.2297,4960,1280,55843,306000000,1728000
1791129432.2798,4960,1296,56031,306000000,1728000
1791129432.3299,4960,1296,55968,306000000,1728000
1791129432.3800,4960,1288,56000,306000000,1728000
1791129432.4301,4960,1288,55937,306000000,1728000
1791129432.4802,4960,1288,56031,306000000,1728000
1791129432.5302,4960,1280,55937,306000000,1728000
1791129432.5803,4960,1280,56031,306000000,1728000
1791129432.6304,4960,1280,55812,306000000,1728000
1791129432.6805,4960,1280,55968,306000000,1728000
1791129432.7306,4960,1272,56125,306000000,1728000
1791129432.7806,4960,1272,56000,306000000,1728000
1791129432.8307,4960,1288,56000,306000000,1267200
1791129432.8808,4960,1280,55937,306000000,1728000
1791129432.9309,4960,1288,55937,306000000,1728000
1791129432.9810,4960,1288,55937,306000000,1728000
1791129433.0311,4960,1280,55968,306000000,1728000
1791129433.0812,4960,1272,55968,306000000,1728000
1791129433.1312,4960,1280,56000,306000000,1728000
1791129433.1813,4960,1280,56062,306000000,1728000
1791129433.2314,4960,1272,55968,306000000,1728000
1791129433.2815,4960,1264,56093,306000000,1728000
1791129433.3316,4960,1272,55906,306000000,1728000
1791129433.3817,4960,1272,56031,306000000,1728000
1791129433.4318,4960,1280,55968,306000000,1728000
1791129433.4818,4960,1280,56000,306000000,1728000
1791129433.5319,4960,1280,55875,306000000,1728000
1791129433.5820,4960,1272,56031,306000000,1728000
1791129433.6321,4960,1272,56062,306000000,1728000
1791129433.6822,4960,1272,55937,306000000,1728000
1791129433.7323,4960,1264,56031,306000000,1728000
1791129433.7824,4960,1272,55937,306000000,1728000
1791129433.8324,4960,1272,56062,306000000,1728000
1791129433.8825,4960,1264,55937,306000000,1728000
1791129433.9326,4960,1272,55968,306000000,1728000
1791129433.9827,4960,1288,55843,306000000,1728000
1791129434.0328,4960,1288,55968,306000000,1728000
1791129434.0829,4960,1280,55875,306000000,1728000
1791129434.1330,4960,1280,55937,306000000,1728000
1791129434.1831,4960,1280,56062,306000000,1728000
1791129434.2331,4960,1280,55937,306000000,1728000
1791129434.2832,4960,1280,56031,306000000,1728000
1791129434.3333,4960,1272,55875,306000000,1728000
1791129434.3834,4960,1280,56031,306000000,1728000
1791129434.4334,4960,1272,55968,306000000,1728000
1791129434.4835,4960,1272,55937,306000000,1728000
1791129434.5336,4960,1280,55937,306000000,1420800
1791129434.5837,4960,1280,55937,306000000,1728000
1791129434.6338,4960,1288,56062,306000000,1728000
1791129434.6839,4960,1280,55937,306000000,1728000
1791129434.7340,4960,1280,56000,306000000,1728000
1791129434.7841,4960,1288,55875,306000000,1728000
1791129434.8342,4960,1280,56000,306000000,1728000
1791129434.8842,4960,1272,55875,306000000,1728000
1791129434.9343,4960,1288,55968,306000000,1728000
1791129434.9844,4960,1304,55968,306000000,1728000
1791129435.0345,4960,1312,56031,306000000,1728000
1791129435.0846,4952,1336,56093,306000000,1728000
1791129435.1347,4952,1344,55937,306000000,1728000
1791129435.1848,4952,1336,56062,306000000,1728000
1791129435.2349,4952,1336,55968,306000000,1728000
1791129435.2850,4952,1328,56000,306000000,1728000
1791129435.3351,4952,1328,55937,306000000,1728000
1791129435.3851,4952,1328,55937,306000000,1728000
1791129435.4352,4960,1320,55968,306000000,1728000
1791129435.4853,4960,1312,55906,306000000,1728000
1791129435.5354,4960,1312,56062,306000000,1728000
1791129435.5855,4960,1312,55968,306000000,1728000
1791129435.6356,4960,1312,56000,306000000,1728000
1791129435.6857,4960,1312,55937,306000000,1728000
1791129435.7357,4960,1312,56000,306000000,1728000
1791129435.7858,4960,1304,55812,306000000,1728000
1791129435.8359,4960,1296,56000,306000000,1728000
1791129435.8860,4960,1296,55968,306000000,1728000
1791129435.9360,4960,1296,55937,306000000,1728000
1791129435.9861,4960,1296,56031,306000000,1728000
1791129436.0362,4960,1296,55937,306000000,1728000
1791129436.0863,4960,1288,56031,306000000,1728000
1791129436.1363,4960,1288,55937,306000000,1728000
1791129436.1864,4960,1296,56031,306000000,1113600
1791129436.2365,4960,1304,55875,306000000,1728000
1791129436.2866,4960,1296,56000,306000000,1344000
1791129436.3367,4960,1296,55968,306000000,1728000
1791129436.3868,4960,1288,56031,306000000,1728000
1791129436.4368,4960,1296,56000,306000000,1728000
1791129436.4869,4960,1280,55906,306000000,1728000
1791129436.5370,4960,1280,56031,306000000,1728000
1791129436.5871,4960,1280,55906,306000000,1728000
1791129436.6371,4960,1280,56000,306000000,1728000
1791129436.6872,4960,1280,55906,306000000,1728000
1791129436.7373,4960,1288,56000,306000000,1728000
1791129436.7874,4960,1296,55843,306000000,1728000
1791129436.8375,4960,1288,56000,306000000,1728000
1791129436.8876,4960,1288,56031,306000000,1728000
1791129436.9377,4960,1288,55906,306000000,1728000
1791129436.9878,4960,1280,56031,306000000,1728000
1791129437.0378,4960,1280,56000,306000000,1728000
1791129437.0879,4960,1280,55937,306000000,1728000
1791129437.1380,4960,1280,55906,306000000,1728000
1791129437.1881,4960,1280,56000,306000000,1728000
1791129437.2382,4960,1280,55937,306000000,1728000
1791129437.2882,4960,1288,55906,306000000,1728000
1791129437.3384,4960,1288,55906,306000000,1728000
1791129437.3884,4960,1296,55968,306000000,1728000
1791129437.4385,4960,1288,56031,306000000,1728000
1791129437.4886,4960,1288,55875,306000000,1728000
1791129437.5387,4960,1288,56031,306000000,1728000
1791129437.5888,4960,1288,55875,306000000,1728000
1791129437.6388,4960,1280,55937,306000000,1728000
1791129437.6889,4960,1280,55937,306000000,1728000
1791129437.7390,4960,1288,55906,306000000,1728000
1791129437.7891,4960,1280,56031,306000000,1728000
1791129437.8392,4960,1280,55937,306000000,1344000
1791129437.8893,4960,1288,56031,306000000,1728000
1791129437.9394,4960,1296,56031,306000000,1728000
1791129437.9895,4960,1296,56031,306000000,1728000
1791129438.0395,4960,1288,55937,306000000,1728000
1791129438.0896,4960,1288,56000,306000000,1728000
1791129438.1397,4960,1288,55937,306000000,1728000
1791129438.1898,4960,1288,55968,306000000,1728000
1791129438.2398,4960,1280,55906,306000000,1728000
1791129438.2899,4960,1280,55937,306000000,1728000
1791129438.3400,4960,1280,56031,306000000,1728000
1791129438.3901,4960,1280,55875,306000000,1728000
1791129438.4402,4960,1288,56000,306000000,1728000
1791129438.4903,4960,1288,55843,306000000,1728000
1791129438.5403,4960,1296,56000,306000000,1728000
1791129438.5904,4960,1288,55812,306000000,1728000
1791129438.6405,4960,1288,56000,306000000,1728000
1791129438.6906,4960,1280,55937,306000000,1728000
1791129438.7407,4960,1280,55875,306000000,1728000
1791129438.7908,4960,1288,56031,306000000,1728000
1791129438.8408,4960,1272,56000,306000000,1728000
1791129438.8909,4960,1272,56031,306000000,1728000
1791129438.9410,4960,1272,55875,306000000,1728000
1791129438.9911,4960,1280,55937,306000000,1728000
1791129439.0412,4960,1288,55781,306000000,1728000
1791129439.0913,4960,1288,56031,306000000,1728000
1791129439.1413,4960,1288,55875,306000000,1728000
1791129439.1914,4960,1280,55906,306000000,1728000
1791129439.2415,4960,1280,56031,306000000,1728000
1791129439.2916,4960,1280,55937,306000000,1728000
1791129439.3417,4960,1272,56031,306000000,1728000
1791129439.3917,4960,1272,55968,306000000,1728000
1791129439.4418,4960,1272,55937,306000000,1728000
1791129439.4919,4960,1280,55906,306000000,1728000
1791129439.5420,4960,1288,55968,306000000,1728000
1791129439.5925,4960,1288,55906,306000000,1728000
1791129439.6426,4960,1288,56031,306000000,1728000
1791129439.6927,4960,1296,55875,306000000,1728000
1791129439.7428,4960,1288,55875,306000000,1728000
1791129439.7929,4960,1280,56031,306000000,1728000
1791129439.8430,4960,1280,55875,306000000,1728000
1791129439.8930,4960,1280,56031,306000000,1728000
1791129439.9431,4960,1272,55937,306000000,1728000
1791129439.9932,4960,1272,55968,306000000,1728000
1791129440.0433,4960,1272,55937,306000000,1728000
1791129440.0934,4960,1272,55968,306000000,1728000
1791129440.1435,4960,1288,55906,306000000,1728000
1791129440.1936,4960,1288,55906,306000000,1728000
1791129440.2437,4960,1280,56000,306000000,1728000
1791129440.2938,4960,1272,55937,306000000,1728000
1791129440.3438,4960,1272,56031,306000000,1728000
1791129440.3939,4960,1272,55906,306000000,1728000
1791129440.4440,4960,1272,56000,306000000,1728000
1791129440.4941,4960,1272,55875,306000000,1728000
1791129440.5442,4960,1280,56031,306000000,1728000
1791129440.5942,4960,1272,55875,306000000,1728000
1791129440.6443,4960,1280,55968,306000000,1728000
1791129440.6944,4960,1296,55937,306000000,1344000
1791129440.7445,4960,1296,55875,306000000,1728000
1791129440.7946,4960,1288,56031,306000000,1728000
1791129440.8447,4960,1280,55906,306000000,1728000
1791129440.8948,4960,1288,55968,306000000,1728000
1791129440.9449,4960,1288,55906,306000000,1728000
1791129440.9950,4960,1280,56000,306000000,1728000
1791129441.0451,4960,1280,55875,306000000,1728000
1791129441.0951,4960,1280,55968,306000000,1728000
1791129441.1452,4960,1280,56031,306000000,1728000
1791129441.1953,4960,1280,55937,306000000,1344000
1791129441.2454,4960,1288,56031,306000000,1728000
1791129441.2955,4960,1296,55937,306000000,1728000
1791129441.3456,4960,1296,55968,306000000,1728000
1791129441.3957,4960,1288,55906,306000000,1728000
1791129441.4458,4960,1288,56000,306000000,1728000
1791129441.4958,4960,1288,55875,306000000,1728000
1791129441.5459,4960,1288,55937,306000000,1728000
1791129441.5960,4960,1280,56062,306000000,1728000
1791129441.6461,4960,1280,55875,306000000,1728000
1791129441.6962,4960,1288,56031,306000000,1728000
1791129441.7463,4960,1288,55875,306000000,1728000
1791129441.7964,4960,1296,55937,306000000,1728000
1791129441.8465,4960,1296,55937,306000000,1728000
1791129441.8966,4960,1296,55968,306000000,1728000
1791129441.9466,4960,1296,55875,306000000,1728000
1791129441.9967,4960,1288,55937,306000000,1728000
1791129442.0468,4960,1288,55843,306000000,1728000
1791129442.0969,4960,1288,55968,306000000,1728000
1791129442.1469,4960,1288,56031,306000000,1728000
1791129442.1970,4960,1280,55875,306000000,1728000
1791129442.2471,4960,1280,55968,306000000,1728000
1791129442.2972,4960,1280,55906,306000000,1728000
1791129442.3473,4960,1288,55968,306000000,1728000
1791129442.3974,4960,1296,55906,306000000,1728000
1791129442.4475,4960,1288,55968,306000000,1728000
1791129442.4976,4960,1288,56031,306000000,1728000
1791129442.5476,4960,1288,55937,306000000,1728000
1791129442.5977,4960,1280,56031,306000000,1728000
1791129442.6478,4960,1280,55843,306000000,1728000
1791129442.6979,4960,1288,56031,306000000,1728000
1791129442.7480,4960,1280,55875,306000000,1728000
1791129442.7981,4960,1280,56062,306000000,1728000
1791129442.8482,4960,1280,55843,306000000,1728000
1791129442.8983,4960,1280,55937,306000000,1728000
1791129442.9484,4960,1288,55812,306000000,1728000
1791129442.9985,4960,1288,55875,306000000,1728000
1791129443.0485,4960,1280,56093,306000000,1728000
1791129443.0986,4960,1280,55812,306000000,1728000
1791129443.1487,4960,1280,55968,306000000,1728000
1791129443.1988,4960,1280,55875,306000000,1728000
1791129443.2489,4960,1272,55968,306000000,1728000
1791129443.2990,4960,1272,55843,306000000,1728000
1791129443.3490,4960,1272,55937,306000000,1728000
1791129443.3991,4960,1264,55875,306000000,1728000
1791129443.4492,4960,1272,55906,306000000,1728000
1791129443.4993,4960,1288,56000,306000000,1036800
1791129443.5494,4960,1272,55875,306000000,1728000
1791129443.5995,4960,1272,55906,306000000,1728000
1791129443.6496,4960,1272,55875,306000000,1728000
1791129443.6996,4960,1264,55906,306000000,1728000
1791129443.7497,4960,1264,55968,306000000,1728000
1791129443.7998,4960,1272,55906,306000000,1728000
1791129443.8499,4960,1272,55875,306000000,1728000
1791129443.9000,4960,1272,55875,306000000,1728000
1791129443.9501,4960,1272,56000,306000000,1728000
1791129444.0002,4960,1280,56000,306000000,1728000
1791129444.0503,4960,1288,56031,306000000,1728000
1791129444.1003,4960,1288,55875,306000000,1728000
1791129444.1504,4960,1288,56000,306000000,1728000
1791129444.2005,4960,1280,55781,306000000,1728000
1791129444.2506,4960,1280,56000,306000000,1728000
1791129444.3006,4960,1280,55906,306000000,1728000
1791129444.3507,4960,1280,55968,306000000,1728000
1791129444.4008,4960,1280,55968,306000000,1728000
1791129444.4509,4960,1272,55875,306000000,1728000
1791129444.5010,4960,1280,55968,306000000,1728000
1791129444.5511,4960,1272,55875,306000000,1728000
1791129444.6012,4960,1280,55968,306000000,1728000
1791129444.6513,4960,1288,55812,306000000,1728000
1791129444.7013,4960,1288,55937,306000000,1728000
1791129444.7514,4960,1280,55937,306000000,1728000
1791129444.8015,4960,1280,55968,306000000,1728000
1791129444.8516,4960,1288,56062,306000000,1728000
1791129444.9017,4960,1288,55937,306000000,1728000
1791129444.9518,4960,1280,56031,306000000,1728000
1791129445.0018,4960,1280,55937,306000000,1728000
1791129445.0519,4960,1280,56000,306000000,1728000
1791129445.1020,4960,1280,55875,306000000,1728000
1791129445.1521,4960,1280,55843,306000000,1728000
1791129445.2022,4960,1288,55875,306000000,1728000
1791129445.2523,4960,1288,55906,306000000,1728000
1791129445.3024,4960,1280,56062,306000000,1728000
1791129445.3524,4960,1280,55906,306000000,1728000
1791129445.4025,4960,1280,55968,306000000,1728000
1791129445.4526,4960,1280,55937,306000000,1728000
1791129445.5027,4960,1280,55906,306000000,1728000
1791129445.5528,4960,1280,55843,306000000,1728000
1791129445.6028,4960,1280,55968,306000000,1728000
1791129445.6529,4960,1280,55875,306000000,1728000
1791129445.7030,4960,1280,55906,306000000,1344000
1791129445.7532,4960,1288,55843,306000000,1728000
1791129445.8033,4960,1296,55937,306000000,1728000
1791129445.8533,4960,1296,56031,306000000,1728000
1791129445.9034,4960,1288,55843,306000000,1728000
1791129445.9535,4960,1288,56031,306000000,1728000
1791129446.0036,4960,1288,55843,306000000,1728000
1791129446.0537,4960,1288,55906,306000000,1728000
1791129446.1038,4960,1288,55875,306000000,1728000
1791129446.1538,4960,1288,55906,306000000,1728000
1791129446.2039,4960,1288,56000,306000000,1728000
1791129446.2540,4960,1288,55937,306000000,1728000
1791129446.3041,4960,1296,56000,306000000,1728000
1791129446.3542,4960,1288,55937,306000000,1728000
1791129446.4043,4960,1288,56031,306000000,1728000
1791129446.4544,4960,1288,55812,306000000,1728000
1791129446.5045,4960,1288,55937,306000000,1728000
1791129446.5546,4960,1288,55843,306000000,1728000
1791129446.6046,4960,1288,55906,306000000,1728000
1791129446.6547,4960,1288,55906,306000000,1728000
1791129446.7048,4960,1280,55875,306000000,1728000
1791129446.7549,4960,1288,56062,306000000,1728000
1791129446.8050,4960,1288,55937,306000000,1728000
1791129446.8551,4960,1288,55968,306000000,1728000
1791129446.9052,4960,1288,55843,306000000,1728000
1791129446.9552,4960,1296,55937,306000000,1728000
1791129447.0053,4960,1296,55906,306000000,1728000
1791129447.0554,4960,1288,55968,306000000,1728000
1791129447.1055,4960,1280,55750,306000000,1728000
1791129447.1556,4960,1288,55906,306000000,1728000
1791129447.2056,4960,1280,56031,306000000,1728000
1791129447.2557,4960,1280,56000,306000000,1728000
1791129447.3058,4960,1280,56031,306000000,1728000
1791129447.3559,4960,1280,55843,306000000,1728000
1791129447.4060,4960,1296,56031,306000000,1728000
1791129447.4561,4960,1296,55875,306000000,1728000
1791129447.5061,4960,1288,55968,306000000,1728000
1791129447.5562,4960,1288,55875,306000000,1728000
1791129447.6063,4960,1288,55906,306000000,1728000
1791129447.6564,4960,1288,56031,306000000,1728000
1791129447.7065,4960,1280,55906,306000000,1728000
1791129447.7566,4960,1280,56031,306000000,1728000
1791129447.8066,4960,1280,55906,306000000,1728000
1791129447.8567,4960,1280,55937,306000000,1728000
1791129447.9068,4960,1272,55843,306000000,1728000
1791129447.9569,4960,1288,55968,306000000,1344000
1791129448.0070,4960,1288,55812,306000000,1113600
1791129448.0571,4960,1280,55968,306000000,1728000
1791129448.1072,4960,1280,56031,306000000,1728000
1791129448.1573,4960,1288,55937,306000000,1728000
1791129448.2074,4960,1288,56000,306000000,1728000
1791129448.2575,4960,1280,55937,306000000,1728000
1791129448.3075,4960,1280,56062,306000000,1728000
1791129448.3576,4960,1280,55875,306000000,1728000
1791129448.4077,4960,1280,55968,306000000,1728000
1791129448.4578,4960,1280,55875,306000000,1728000
1791129448.5079,4960,1280,55968,306000000,1728000
1791129448.5580,4960,1288,55843,306000000,1728000
1791129448.6081,4960,1296,55968,306000000,1344000
1791129448.6582,4960,1288,56062,306000000,1728000
1791129448.7083,4960,1280,55843,306000000,1728000
1791129448.7584,4960,1288,56031,306000000,1728000
1791129448.8084,4960,1288,55843,306000000,1728000
1791129448.8585,4960,1288,55875,306000000,1036800
1791129448.9086,4960,1288,55906,306000000,1728000
1791129448.9587,4960,1280,55937,306000000,1728000
1791129449.0088,4960,1288,55906,306000000,1728000
1791129449.0589,4960,1288,55875,306000000,1728000
1791129449.1090,4960,1296,56000,306000000,1728000
1791129449.1591,4960,1296,55906,306000000,1728000
1791129449.2092,4960,1296,56062,306000000,1344000
1791129449.2593,4960,1288,55812,306000000,1728000
1791129449.3094,4960,1288,55937,306000000,1728000
1791129449.3595,4960,1288,55906,306000000,1728000
1791129449.4096,4960,1288,55906,306000000,1728000
1791129449.4597,4960,1288,55812,306000000,1728000
1791129449.5097,4960,1280,55875,306000000,1728000
1791129449.5598,4960,1280,55843,306000000,1728000
1791129449.6100,4960,1288,55968,306000000,1728000
1791129449.6601,4960,1296,56031,306000000,1267200
1791129449.7102,4960,1296,55906,306000000,1344000
1791129449.7603,4960,1288,56000,306000000,1728000
1791129449.8104,4960,1288,55843,306000000,1728000
1791129449.8605,4960,1296,55937,306000000,1728000
1791129449.9105,4960,1296,55937,306000000,1728000
1791129449.9606,4960,1288,55875,306000000,1728000
1791129450.0107,4960,1288,56000,306000000,1344000
1791129450.0608,4960,1288,55812,306000000,1728000
1791129450.1109,4960,1288,56031,306000000,1728000
1791129450.1610,4960,1288,55937,306000000,1728000
1791129450.2113,4960,1296,55906,306000000,1420800
1791129450.2614,4960,1296,55906,306000000,1728000
1791129450.3115,4960,1296,56000,306000000,1344000
1791129450.3616,4960,1296,55875,306000000,1728000
1791129450.4117,4960,1288,55906,306000000,1728000
1791129450.4618,4960,1288,55906,306000000,1728000
1791129450.5119,4960,1288,55875,306000000,1113600
1791129450.5620,4960,1288,56031,306000000,1344000
1791129450.6121,4960,1280,55906,306000000,1728000
1791129450.6622,4960,1288,56000,306000000,1728000
1791129450.7123,4960,1288,55812,306000000,1728000
1791129450.7624,4960,1304,55843,306000000,1190400
1791129450.8125,4960,1296,55906,306000000,1728000
1791129450.8626,4960,1296,55906,306000000,1728000
1791129450.9127,4960,1296,55875,306000000,1728000
1791129450.9628,4960,1296,55937,306000000,1728000
1791129451.0129,4960,1296,56000,306000000,1728000
1791129451.0629,4960,1288,55875,306000000,1728000
1791129451.1130,4960,1288,55968,306000000,1728000
1791129451.1631,4960,1296,55875,306000000,1036800
1791129451.2132,4960,1280,56000,306000000,1728000
1791129451.2633,4960,1280,55843,306000000,1728000
1791129451.3134,4960,1296,55875,306000000,1728000
1791129451.3635,4960,1304,55843,306000000,1728000
1791129451.4136,4960,1296,55937,306000000,1728000
1791129451.4637,4960,1296,56031,306000000,1728000
1791129451.5138,4960,1296,55812,306000000,1420800
1791129451.5639,4960,1296,56000,306000000,1728000
1791129451.6140,4960,1296,55812,306000000,1344000
1791129451.6641,4960,1288,55937,306000000,1728000
1791129451.7142,4960,1296,55906,306000000,1420800
1791129451.7643,4960,1296,56000,306000000,1728000
1791129451.8144,4960,1296,55937,306000000,1728000
1791129451.8645,4960,1296,55812,306000000,1728000
1791129451.9146,4960,1304,56031,306000000,1728000
1791129451.9647,4960,1304,55843,306000000,1728000
1791129452.0148,4960,1304,56031,306000000,1344000
1791129452.0650,4960,1296,55812,306000000,1728000
1791129452.1151,4960,1296,55968,306000000,1728000
1791129452.1651,4960,1296,55906,306000000,1728000
1791129452.2152,4960,1296,55968,306000000,1728000
1791129452.2653,4960,1304,55812,306000000,1113600
1791129452.3154,4960,1296,55906,306000000,1344000
1791129452.3655,4960,1288,55906,306000000,1728000
1791129452.4156,4960,1296,55906,306000000,1728000
1791129452.4657,4960,1312,56000,306000000,1728000
1791129452.5158,4960,1304,55875,306000000,1267200
1791129452.5659,4960,1304,56000,306000000,1728000
1791129452.6160,4960,1296,55906,306000000,1728000
1791129452.6661,4960,1304,56000,306000000,1728000
1791129452.7162,4960,1304,55843,306000000,1728000
1791129452.7663,4960,1296,55906,306000000,1728000
1791129452.8164,4960,1288,55843,306000000,1728000
1791129452.8664,4960,1288,55906,306000000,1728000
1791129452.9165,4960,1288,55906,306000000,1728000
1791129452.9666,4960,1288,55875,306000000,1728000
1791129453.0167,4960,1296,56031,306000000,1420800
1791129453.0668,4960,1296,55843,306000000,1728000
1791129453.1169,4960,1296,56000,306000000,1728000
1791129453.1670,4960,1296,55875,306000000,1728000
1791129453.2170,4960,1288,55906,306000000,1728000
1791129453.2671,4960,1288,55781,306000000,1728000
1791129453.3172,4960,1288,55843,306000000,1728000
1791129453.3673,4960,1288,56031,306000000,1728000
1791129453.4174,4960,1280,55906,306000000,1728000
1791129453.4674,4960,1280,55937,306000000,1728000
1791129453.5175,4960,1280,55781,306000000,1344000
1791129453.5676,4960,1288,55906,306000000,1728000
1791129453.6177,4960,1288,55843,306000000,1728000
1791129453.6678,4960,1288,55906,306000000,1728000
1791129453.7178,4960,1288,55843,306000000,1728000
1791129453.7679,4960,1280,55906,306000000,1728000
1791129453.8180,4960,1280,55968,306000000,1728000
1791129453.8681,4960,1280,55781,306000000,1728000
1791129453.9182,4960,1272,55937,306000000,1728000
1791129453.9682,4960,1272,55781,306000000,1728000
1791129454.0183,4960,1272,55937,306000000,1728000
1791129454.0684,4960,1272,55750,306000000,1728000
1791129454.1185,4960,1280,55937,306000000,1728000
1791129454.1686,4960,1280,55812,306000000,1728000
1791129454.2187,4960,1288,55875,306000000,1728000
1791129454.2688,4960,1280,55968,306000000,1728000
1791129454.3189,4960,1272,55843,306000000,1728000
1791129454.3689,4960,1272,55968,306000000,1728000
1791129454.4190,4960,1280,55812,306000000,1728000
1791129454.4691,4960,1272,55937,306000000,1728000
1791129454.5192,4960,1272,55875,306000000,1728000
1791129454.5693,4960,1272,55937,306000000,1728000
1791129454.6194,4960,1272,55906,306000000,1728000
1791129454.6695,4960,1280,55875,306000000,1728000
1791129454.7196,4960,1280,56000,306000000,1728000
1791129454.7697,4960,1280,55843,306000000,1728000
1791129454.8197,4960,1280,56000,306000000,1728000
1791129454.8698,4960,1272,55906,306000000,1728000
1791129454.9199,4960,1272,55875,306000000,1728000
1791129454.9700,4960,1280,55843,306000000,1728000
1791129455.0201,4960,1272,55937,306000000,1728000
1791129455.0702,4960,1264,55812,306000000,1728000
1791129455.1203,4960,1272,55875,306000000,1728000
1791129455.1704,4960,1264,55812,306000000,1728000
1791129455.2205,4960,1264,55843,306000000,1728000
1791129455.2706,4960,1280,55968,306000000,1728000
1791129455.3207,4960,1280,55812,306000000,1728000
1791129455.3707,4960,1280,55875,306000000,1728000
1791129455.4208,4960,1272,55750,306000000,1728000
1791129455.4709,4960,1272,55906,306000000,1728000
1791129455.5210,4960,1272,55781,306000000,1728000
1791129455.5711,4960,1272,55843,306000000,1728000
1791129455.6211,4960,1264,55843,306000000,1728000
1791129455.6712,4960,1272,55812,306000000,1728000
1791129455.7213,4960,1264,56000,306000000,1728000
1791129455.7714,4960,1264,55875,306000000,1728000
1791129455.8215,4960,1280,55968,306000000,1728000
1791129455.8716,4960,1264,55812,306000000,1728000
1791129455.9217,4960,1272,55937,306000000,1728000
1791129455.9718,4960,1272,55812,306000000,1728000
1791129456.0218,4960,1272,55875,306000000,1728000
1791129456.0719,4960,1264,55812,306000000,1728000
1791129456.1220,4960,1264,55843,306000000,1728000
1791129456.1721,4960,1272,55968,306000000,1728000
1791129456.2222,4960,1264,55812,306000000,1728000
1791129456.2723,4960,1264,55937,306000000,1728000
1791129456.3223,4960,1264,55843,306000000,1728000
1791129456.3724,4960,1272,55906,306000000,1728000
1791129456.4225,4960,1272,55812,306000000,1728000
1791129456.4726,4960,1272,55906,306000000,1728000
1791129456.5227,4960,1264,55812,306000000,1728000
1791129456.5728,4960,1264,55843,306000000,1728000
1791129456.6229,4960,1264,56000,306000000,1728000
1791129456.6730,4960,1264,55781,306000000,1728000
1791129456.7230,4960,1264,55937,306000000,1728000
1791129456.7731,4960,1264,55750,306000000,1728000
1791129456.8232,4960,1272,55906,306000000,1728000
1791129456.8733,4960,1264,55812,306000000,1728000
1791129456.9234,4960,1272,55781,306000000,1344000
1791129456.9735,4960,1272,55781,306000000,1728000
1791129457.0236,4960,1264,55875,306000000,1728000
1791129457.0736,4960,1264,56000,306000000,1728000
1791129457.1237,4960,1272,55875,306000000,1728000
1791129457.1738,4960,1264,55906,306000000,1728000
1791129457.2239,4960,1264,55781,306000000,1728000
1791129457.2740,4960,1264,55906,306000000,1728000
1791129457.3241,4960,1264,55843,306000000,1728000
1791129457.3741,4960,1264,55812,306000000,1728000
1791129457.4242,4960,1264,55718,306000000,1728000
1791129457.4743,4960,1272,55906,306000000,1267200
1791129457.5245,4960,1272,55968,306000000,1728000
1791129457.5745,4960,1272,55875,306000000,1728000
1791129457.6246,4960,1272,55937,306000000,1728000
1791129457.6747,4960,1280,55812,306000000,1728000
1791129457.7248,4960,1272,55906,306000000,1728000
1791129457.7749,4960,1272,55812,306000000,1728000
1791129457.8250,4960,1272,55843,306000000,1728000
1791129457.8750,4960,1264,55781,306000000,1728000
1791129457.9251,4960,1264,55843,306000000,1728000
1791129457.9752,4960,1264,55937,306000000,1728000
1791129458.0253,4960,1272,55781,306000000,1728000
1791129458.0754,4960,1272,55968,306000000,1728000
1791129458.1255,4960,1280,55812,306000000,1728000
1791129458.1756,4960,1280,55968,306000000,1728000
1791129458.2257,4960,1272,55812,306000000,1728000
1791129458.2758,4960,1272,55906,306000000,1728000
1791129458.3259,4960,1272,55843,306000000,1728000
1791129458.3759,4960,1264,55812,306000000,1728000
1791129458.4260,4960,1264,55937,306000000,1728000
1791129458.4761,4960,1264,55812,306000000,1728000
1791129458.5262,4960,1256,55843,306000000,1728000
1791129458.5763,4960,1264,55843,306000000,1728000
1791129458.6264,4960,1280,55906,306000000,1728000
1791129458.6765,4960,1272,55781,306000000,1728000
1791129458.7266,4960,1272,55937,306000000,1728000
1791129458.7766,4960,1272,55812,306000000,1728000
1791129458.8267,4960,1272,55750,306000000,1728000
1791129458.8768,4960,1264,55781,306000000,1728000
1791129458.9269,4960,1272,55812,306000000,1728000
1791129458.9770,4960,1272,56031,306000000,1728000
1791129459.0271,4960,1272,55906,306000000,1728000
1791129459.0771,4960,1264,55875,306000000,1728000
1791129459.1272,4960,1264,55812,306000000,1728000
1791129459.1773,4960,1280,55843,306000000,1728000
1791129459.2274,4960,1272,55812,306000000,1728000
1791129459.2775,4960,1272,55843,306000000,1728000
1791129459.3276,4960,1272,55750,306000000,1728000
1791129459.3776,4960,1272,55875,306000000,1728000
1791129459.4277,4960,1264,55906,306000000,1728000
1791129459.4778,4960,1272,55750,306000000,1728000
1791129459.5279,4960,1272,55937,306000000,1728000
1791129459.5780,4960,1264,55812,306000000,1728000
1791129459.6280,4960,1272,55875,306000000,1728000
1791129459.6781,4960,1272,55750,306000000,1728000
1791129459.7282,4960,1288,55906,306000000,1728000
1791129459.7783,4960,1280,55750,306000000,1728000
1791129459.8284,4960,1288,55812,306000000,1728000
1791129459.8785,4960,1280,55906,306000000,1728000
1791129459.9286,4960,1280,55781,306000000,1728000
1791129459.9787,4960,1280,55906,306000000,1728000
1791129460.0288,4960,1288,55781,306000000,1728000
1791129460.0788,4960,1288,55906,306000000,1728000
1791129460.1289,4960,1280,55750,306000000,1728000
1791129460.1790,4960,1280,55906,306000000,1728000
1791129460.2291,4960,1280,55781,306000000,1728000
1791129460.2792,4960,1288,55812,306000000,1267200
1791129460.3293,4960,1288,55906,306000000,1728000
1791129460.3794,4960,1280,55750,306000000,1728000
1791129460.4295,4960,1280,55937,306000000,1728000
1791129460.4796,4960,1280,55812,306000000,1728000
1791129460.5296,4960,1272,55875,306000000,1728000
1791129460.5797,4960,1272,55812,306000000,1728000
1791129460.6298,4960,1272,55750,306000000,1728000
1791129460.6799,4960,1272,55812,306000000,1728000
1791129460.7300,4960,1264,55812,306000000,1728000
1791129460.7801,4960,1272,55875,306000000,1728000
1791129460.8302,4960,1280,55781,306000000,1728000
1791129460.8803,4960,1280,56000,306000000,1728000
1791129460.9304,4960,1280,55875,306000000,1728000
1791129460.9804,4960,1280,55937,306000000,1728000
1791129461.0305,4960,1280,55781,306000000,1728000
1791129461.0806,4960,1272,55843,306000000,1728000
1791129461.1307,4960,1272,55750,306000000,1344000
1791129461.1808,4960,1280,55843,306000000,1728000
1791129461.2309,4960,1280,55843,306000000,1728000
1791129461.2810,4960,1280,55812,306000000,1728000
1791129461.3311,4960,1280,55875,306000000,1728000
1791129461.3812,4960,1280,55781,306000000,1728000
1791129461.4313,4960,1296,55843,306000000,1728000
1791129461.4814,4960,1296,55812,306000000,1728000
1791129461.5315,4960,1296,55812,306000000,1728000
1791129461.5816,4960,1288,55812,306000000,1728000
1791129461.6316,4960,1296,55843,306000000,1728000
1791129461.6817,4960,1272,55750,306000000,1728000
1791129461.7318,4960,1264,55843,306000000,1728000
1791129461.7819,4960,1256,55937,306000000,1728000
1791129461.8320,4960,1248,55812,306000000,1728000
1791129461.8821,4960,1248,55906,306000000,1728000
1791129461.9322,4960,1248,55781,306000000,1728000
1791129461.9823,4960,1256,56000,306000000,1728000
1791129462.0324,4960,1248,56093,306000000,1728000
1791129462.0824,4960,1240,55812,306000000,1728000
1791129462.1325,4960,1240,56062,306000000,1728000
1791129462.1826,4960,1232,55843,306000000,1728000
1791129462.2327,4960,1232,55968,306000000,1728000
1791129462.2828,4960,1224,55906,306000000,1728000
1791129462.3329,4960,1224,55937,306000000,1728000
1791129462.3829,4960,1224,55843,306000000,1728000
1791129462.4330,4960,1216,55875,306000000,1728000
1791129462.4831,4960,1216,55843,306000000,1728000
1791129462.5332,4960,1232,55906,306000000,1728000
1791129462.5833,4960,1224,56093,306000000,1728000
1791129462.6334,4960,1224,55843,306000000,1728000
1791129462.6835,4960,1224,56093,306000000,1728000
1791129462.7335,4960,1216,55812,306000000,1728000
1791129462.7836,4960,1216,55906,306000000,1728000
1791129462.8337,4960,1216,56031,306000000,1728000
1791129462.8838,4960,1216,55875,306000000,1728000
1791129462.9338,4960,1216,55843,306000000,1728000
1791129462.9839,4960,1208,55843,306000000,1728000
1791129463.0340,4960,1208,55781,306000000,1728000
1791129463.0841,4960,1224,55968,306000000,1728000
1791129463.1342,4960,1224,56093,306000000,1728000
1791129463.1843,4960,1224,55875,306000000,1728000
1791129463.2343,4960,1216,56093,306000000,1728000
1791129463.2844,4960,1216,55812,306000000,1728000
1791129463.3345,4960,1216,55875,306000000,1728000
1791129463.3846,4960,1216,55906,306000000,1728000
1791129463.4347,4960,1216,55937,306000000,1728000
1791129463.4847,4960,1208,55781,306000000,1728000
1791129463.5348,4960,1208,55781,306000000,1728000
1791129463.5849,4960,1208,55937,306000000,1728000
1791129463.6350,4960,1224,55937,306000000,1728000
1791129463.6851,4960,1224,55968,306000000,1728000
1791129463.7352,4960,1216,55812,306000000,1728000
1791129463.7853,4960,1216,55906,306000000,1728000
1791129463.8353,4960,1216,55781,306000000,1728000
1791129463.8854,4960,1216,55875,306000000,1728000
1791129463.9355,4960,1216,55875,306000000,1728000
1791129463.9856,4960,1216,56000,306000000,1728000
1791129464.0357,4960,1224,56125,306000000,1728000
1791129464.0858,4960,1232,55906,306000000,1728000
1791129464.1359,4960,1232,56000,306000000,1728000
1791129464.1860,4960,1248,55968,306000000,1728000
1791129464.2361,4960,1272,56187,306000000,1728000
1791129464.2862,4960,1272,55781,306000000,1728000
1791129464.3362,4960,1264,55843,306000000,1728000
1791129464.3863,4960,1256,55718,306000000,1728000
1791129464.4364,4960,1232,55906,306000000,1728000
