1791119956.7691,4968,1144,53375,306000000,1728000
1791119956.8191,4968,1168,53593,306000000,1728000
1791119956.8692,4968,1184,53281,306000000,1728000
1791119956.9193,4968,1184,53343,306000000,1728000
1791119956.9694,4968,1176,53187,306000000,1728000
1791119957.0195,4968,1184,53125,306000000,1728000
1791119957.0696,4968,1176,53125,306000000,1728000
1791119957.1197,4968,1168,53125,306000000,1728000
1791119957.1698,4968,1176,53187,306000000,1728000
1791119957.2199,4960,1192,53218,306000000,1728000
1791119957.2700,4960,1200,53281,306000000,1728000
1791119957.3200,4960,1192,53375,306000000,1728000
1791119957.3701,4960,1192,53281,306000000,1728000
1791119957.4202,4960,1192,53187,306000000,1728000
1791119957.4703,4960,1192,53187,306000000,1728000
1791119957.5204,4960,1192,53281,306000000,1728000
1791119957.5705,4960,1184,53218,306000000,1728000
1791119957.6206,4968,1184,53281,306000000,1728000
1791119957.6706,4968,1184,53187,306000000,1728000
1791119957.7207,4960,1184,53312,306000000,1728000
1791119957.7708,4960,1200,53375,306000000,1728000
1791119957.8209,4960,1200,53437,306000000,1728000
1791119957.8710,4960,1200,53593,306000000,1728000
1791119957.9211,4960,1200,53375,306000000,1728000
1791119957.9711,4960,1200,53218,306000000,1728000
1791119958.0212,4960,1200,53281,306000000,1728000
1791119958.0713,4960,1200,53437,306000000,1728000
1791119958.1214,4960,1192,53375,306000000,1728000
1791119958.1714,4960,1192,53468,306000000,1728000
1791119958.2215,4960,1192,53250,306000000,1728000
1791119958.2716,4960,1200,53406,306000000,1728000
1791119958.3217,4960,1216,53375,306000000,1728000
1791119958.3718,4960,1216,53343,306000000,1728000
1791119958.4219,4960,1208,53593,306000000,1728000
1791119958.4720,4960,1208,53218,306000000,1728000
1791119958.5221,4960,1208,53093,306000000,1728000
1791119958.5721,4960,1208,53250,306000000,1728000
1791119958.6222,4960,1208,53406,306000000,1728000
1791119958.6723,4960,1200,53156,306000000,1728000
1791119958.7224,4960,1200,53437,306000000,1728000
1791119958.7725,4960,1200,53250,306000000,1728000
1791119958.8225,4960,1200,53375,306000000,1728000
1791119958.8726,4960,1208,53375,306000000,1728000
1791119958.9227,4960,1208,53156,306000000,1728000
1791119958.9728,4960,1208,53187,306000000,1728000
1791119959.0229,4960,1208,53125,306000000,1728000
1791119959.0730,4960,1200,53218,306000000,1728000
1791119959.1231,4960,1200,53125,306000000,1728000
1791119959.1731,4960,1208,53218,306000000,1728000
1791119959.2232,4960,1208,53125,306000000,1728000
1791119959.2733,4960,1208,53187,306000000,1728000
1791119959.3234,4960,1216,53125,306000000,1728000
1791119959.3735,4960,1208,53156,306000000,1728000
1791119959.4236,4960,1216,53125,306000000,1728000
1791119959.4737,4960,1224,53218,306000000,1728000
1791119959.5238,4960,1224,53281,306000000,1728000
1791119959.5739,4960,1224,53218,306000000,1728000
1791119959.6240,4960,1224,53187,306000000,1728000
1791119959.6741,4960,1224,53125,306000000,1728000
1791119959.7242,4960,1224,53156,306000000,1728000
1791119959.7743,4960,1224,53156,306000000,1728000
1791119959.8243,4960,1216,53156,306000000,1728000
1791119959.8744,4960,1216,53187,306000000,1728000
1791119959.9245,4960,1216,53125,306000000,1728000
1791119959.9746,4960,1216,53312,306000000,1728000
1791119960.0247,4960,1224,53250,306000000,1728000
1791119960.0748,4960,1216,53437,306000000,1728000
1791119960.1249,4960,1216,53250,306000000,1728000
1791119960.1750,4960,1216,53281,306000000,1728000
1791119960.2251,4960,1208,53125,306000000,1728000
1791119960.2752,4960,1208,53218,306000000,1728000
1791119960.3253,4960,1232,53812,306000000,1728000
1791119960.3754,4960,1256,53312,306000000,1728000
1791119960.4255,4960,1272,53312,306000000,1728000
1791119960.4756,4960,1280,53406,306000000,1728000
1791119960.5257,4960,1296,53468,306000000,1728000
1791119960.5758,4960,1296,53625,306000000,1728000
1791119960.6259,4960,1304,53281,306000000,1728000
1791119960.6760,4960,1296,53218,306000000,1728000
1791119960.7261,4960,1288,53312,306000000,1728000
1791119960.7762,4960,1296,53125,306000000,1728000
1791119960.8262,4960,1304,53218,306000000,1728000
1791119960.8763,4960,1304,53156,306000000,1190400
1791119960.9264,4960,1296,53187,306000000,1728000
1791119960.9765,4960,1296,53187,306000000,960000
1791119961.0266,4960,1288,53187,306000000,1728000
1791119961.0767,4960,1288,53218,306000000,1728000
1791119961.1268,4960,1296,53156,306000000,1728000
1791119961.1769,4960,1288,53218,306000000,1728000
1791119961.2270,4960,1288,53218,306000000,729600
1791119961.2771,4960,1280,53250,306000000,1728000
1791119961.3272,4960,1272,53125,306000000,1728000
1791119961.3773,4960,1280,53187,306000000,1728000
1791119961.4273,4960,1280,53343,306000000,1728000
1791119961.4774,4960,1280,53218,306000000,806400
1791119961.5275,4960,1264,53312,306000000,1728000
1791119961.5776,4960,1264,53250,306000000,1728000
1791119961.6277,4960,1264,53250,306000000,1651200
1791119961.6778,4960,1280,53125,306000000,1728000
1791119961.7279,4960,1272,53281,306000000,806400
1791119961.7780,4960,1264,53125,306000000,1728000
1791119961.8281,4960,1264,53218,306000000,1728000
1791119961.8782,4960,1264,53343,306000000,806400
1791119961.9283,4960,1256,53125,306000000,1728000
1791119961.9784,4960,1256,53281,306000000,1728000
1791119962.0285,4960,1248,53093,306000000,1728000
1791119962.0786,4960,1248,53156,306000000,1728000
1791119962.1287,4960,1248,53187,306000000,806400
1791119962.1788,4960,1240,53187,306000000,1728000
1791119962.2289,4960,1264,53187,306000000,1728000
1791119962.2790,4960,1264,53250,306000000,1728000
1791119962.3291,4960,1264,53312,306000000,1728000
1791119962.3792,4960,1272,53125,306000000,1190400
1791119962.4293,4960,1272,53312,306000000,1728000
1791119962.4793,4960,1272,53156,306000000,1728000
1791119962.5294,4960,1256,53250,306000000,960000
1791119962.5795,4960,1256,53125,306000000,1728000
1791119962.6296,4960,1264,53187,306000000,1728000
1791119962.6797,4960,1264,53156,306000000,1728000
1791119962.7298,4960,1256,53250,306000000,1728000
1791119962.7799,4960,1272,53187,306000000,1728000
1791119962.8300,4960,1272,53250,306000000,1728000
1791119962.8801,4960,1272,53281,306000000,1728000
1791119962.9301,4960,1272,53250,306000000,1728000
1791119962.9802,4960,1272,53281,306000000,1728000
1791119963.0303,4960,1264,53250,306000000,1728000
1791119963.0804,4960,1256,53218,306000000,1728000
1791119963.1305,4960,1248,53125,306000000,729600
1791119963.1806,4960,1240,53218,306000000,1728000
1791119963.2307,4960,1248,53218,306000000,1728000
1791119963.2808,4960,1248,53187,306000000,1728000
1791119963.3309,4960,1256,53281,306000000,1497600
1791119963.3810,4960,1256,53156,306000000,1728000
1791119963.4311,4960,1272,53187,306000000,1728000
1791119963.4812,4960,1272,53156,306000000,1036800
1791119963.5313,4960,1264,53281,306000000,806400
1791119963.5814,4960,1256,53125,306000000,1728000
1791119963.6315,4960,1256,53218,306000000,1728000
1791119963.6816,4960,1256,53187,306000000,1728000
1791119963.7316,4960,1248,53187,306000000,1728000
1791119963.7817,4960,1248,53312,306000000,1728000
1791119963.8318,4960,1248,53187,306000000,1728000
1791119963.8819,4960,1256,53343,306000000,1728000
1791119963.9320,4960,1264,53281,306000000,806400
1791119963.9821,4960,1256,53343,306000000,1728000
1791119964.0322,4960,1256,53156,306000000,1728000
1791119964.0823,4960,1256,53343,306000000,1728000
1791119964.1324,4960,1248,53218,306000000,1728000
1791119964.1825,4960,1248,53281,306000000,1728000
1791119964.2326,4960,1248,53375,306000000,806400
1791119964.2827,4960,1240,53187,306000000,1728000
1791119964.3328,4960,1240,53312,306000000,729600
1791119964.3828,4960,1240,53281,306000000,1728000
1791119964.4329,4960,1240,53343,306000000,1728000
1791119964.4831,4960,1264,53187,306000000,1344000
1791119964.5332,4960,1264,53312,306000000,1728000
1791119964.5832,4960,1264,53125,306000000,1728000
1791119964.6333,4960,1264,53250,306000000,1728000
1791119964.6834,4960,1256,53156,306000000,1728000
1791119964.7335,4960,1256,53218,306000000,1728000
1791119964.7836,4960,1256,53375,306000000,1728000
1791119964.8337,4960,1256,53218,306000000,1728000
1791119964.8838,4960,1256,53312,306000000,1728000
1791119964.9339,4960,1248,53187,306000000,1728000
1791119964.9840,4960,1248,53281,306000000,1728000
1791119965.0341,4960,1264,53187,306000000,960000
1791119965.0842,4960,1264,53312,306000000,1728000
1791119965.1343,4960,1256,53156,306000000,1728000
1791119965.1844,4960,1256,53187,306000000,1728000
1791119965.2344,4960,1256,53312,306000000,1728000
1791119965.2845,4960,1248,53281,306000000,1728000
1791119965.3346,4960,1248,53343,306000000,1728000
1791119965.3847,4960,1240,53281,306000000,1728000
1791119965.4348,4960,1240,53343,306000000,1728000
1791119965.4849,4960,1256,53156,306000000,960000
1791119965.5350,4960,1240,53218,306000000,1728000
1791119965.5851,4960,1256,53156,306000000,1728000
1791119965.6352,4960,1264,53375,306000000,1728000
1791119965.6853,4960,1264,53375,306000000,1728000
1791119965.7354,4960,1264,53187,306000000,1728000
1791119965.7855,4960,1256,53312,306000000,806400
1791119965.8356,4960,1256,53218,306000000,1728000
1791119965.8857,4960,1256,53375,306000000,1728000
1791119965.9357,4960,1256,53156,306000000,883200
1791119965.9858,4960,1248,53281,306000000,1728000
1791119966.0359,4960,1248,53156,306000000,1728000
1791119966.0860,4960,1248,53312,306000000,1728000
1791119966.1361,4960,1256,53343,306000000,1267200
1791119966.1862,4960,1272,53187,306000000,1728000
1791119966.2363,4960,1264,53343,306000000,1728000
1791119966.2864,4960,1256,53250,306000000,1728000
1791119966.3365,4960,1256,53343,306000000,1728000
1791119966.3866,4960,1256,53187,306000000,1728000
1791119966.4367,4960,1256,53250,306000000,1728000
1791119966.4868,4960,1264,53250,306000000,1728000
1791119966.5369,4960,1264,53281,306000000,1728000
1791119966.5869,4960,1256,53375,306000000,1728000
1791119966.6370,4960,1248,53187,306000000,1728000
1791119966.6871,4960,1256,53468,306000000,1190400
1791119966.7372,4960,1256,53250,306000000,1728000
1791119966.7873,4960,1256,53375,306000000,1728000
1791119966.8374,4960,1248,53250,306000000,1728000
1791119966.8875,4960,1240,53375,306000000,1728000
1791119966.9375,4960,1248,53250,306000000,1728000
1791119966.9876,4960,1240,53343,306000000,1728000
1791119967.0377,4960,1232,53437,306000000,1728000
1791119967.0878,4960,1232,53281,306000000,1728000
1791119967.1379,4960,1232,53375,306000000,1728000
1791119967.1880,4960,1224,53312,306000000,1728000
1791119967.2380,4960,1224,53375,306000000,1728000
1791119967.2881,4960,1232,53187,306000000,1728000
1791119967.3382,4960,1232,53250,306000000,1728000
1791119967.3883,4960,1232,53187,306000000,1728000
1791119967.4384,4960,1224,53312,306000000,1728000
1791119967.4885,4960,1224,53281,306000000,1728000
1791119967.5386,4960,1224,53250,306000000,1728000
1791119967.5886,4960,1224,53312,306000000,1728000
1791119967.6387,4960,1216,53187,306000000,1728000
1791119967.6888,4960,1224,53406,306000000,1728000
1791119967.7389,4960,1216,53218,306000000,1728000
1791119967.7890,4960,1216,53281,306000000,1728000
1791119967.8391,4960,1224,53250,306000000,1728000
1791119967.8892,4960,1232,53312,306000000,1728000
1791119967.9392,4960,1232,53156,306000000,1728000
1791119967.9893,4960,1224,53312,306000000,1728000
1791119968.0394,4960,1232,53343,306000000,1728000
1791119968.0895,4960,1216,53312,306000000,1728000
1791119968.1396,4960,1216,53406,306000000,1728000
1791119968.1896,4960,1216,53187,306000000,1728000
1791119968.2397,4960,1216,53281,306000000,1728000
1791119968.2898,4960,1208,53218,306000000,1728000
1791119968.3399,4960,1216,53343,306000000,1728000
1791119968.3900,4960,1216,53250,306000000,1728000
1791119968.4401,4960,1224,53281,306000000,1728000
1791119968.4901,4960,1224,53437,306000000,1728000
1791119968.5402,4960,1232,53281,306000000,1728000
1791119968.5903,4960,1232,53343,306000000,1728000
1791119968.6404,4960,1224,53343,306000000,1728000
1791119968.6905,4960,1216,53375,306000000,1728000
1791119968.7406,4960,1216,53250,306000000,1728000
1791119968.7907,4960,1208,53281,306000000,1728000
1791119968.8408,4960,1216,53218,306000000,1728000
1791119968.8908,4960,1208,53250,306000000,1728000
1791119968.9409,4960,1216,53406,306000000,1728000
1791119968.9911,4960,1224,53218,306000000,1728000
1791119969.0411,4960,1224,53406,306000000,1728000
1791119969.0912,4960,1216,53312,306000000,1728000
1791119969.1413,4960,1216,53312,306000000,1728000
1791119969.1914,4960,1216,53218,306000000,1728000
1791119969.2415,4960,1216,53312,306000000,1728000
1791119969.2915,4960,1208,53281,306000000,1728000
1791119969.3416,4960,1208,53312,306000000,1728000
1791119969.3917,4960,1200,53375,306000000,1728000
1791119969.4418,4960,1208,53312,306000000,1728000
1791119969.4919,4960,1200,53375,306000000,1728000
1791119969.5419,4960,1224,53312,306000000,1728000
1791119969.5921,4960,1224,53437,306000000,1728000
1791119969.6421,4960,1224,53312,306000000,1728000
1791119969.6922,4960,1216,53343,306000000,1728000
1791119969.7423,4960,1224,53218,306000000,1728000
1791119969.7924,4960,1224,53343,306000000,1728000
1791119969.8425,4960,1216,53375,306000000,1728000
1791119969.8926,4960,1224,53281,306000000,1728000
1791119969.9426,4960,1208,53375,306000000,1728000
1791119969.9927,4960,1216,53312,306000000,1728000
1791119970.0428,4960,1208,53312,306000000,1728000
1791119970.0929,4960,1208,53250,306000000,1728000
1791119970.1430,4960,1216,53406,306000000,1728000
1791119970.1931,4960,1216,53343,306000000,1728000
1791119970.2432,4960,1216,53375,306000000,1728000
1791119970.2932,4960,1224,53468,306000000,1728000
1791119970.3433,4960,1248,53281,306000000,1728000
1791119970.3934,4960,1248,53500,306000000,1728000
1791119970.4435,4960,1248,53281,306000000,1728000
1791119970.4936,4960,1256,53375,306000000,1728000
1791119970.5437,4960,1256,53343,306000000,1728000
1791119970.5938,4960,1248,53375,306000000,1267200
1791119970.6439,4960,1264,53312,306000000,1728000
1791119970.6940,4960,1272,53375,306000000,1728000
1791119970.7441,4960,1256,53312,306000000,1728000
1791119970.7941,4960,1256,53343,306000000,1728000
1791119970.8442,4960,1248,53468,306000000,1728000
1791119970.8943,4960,1240,53312,306000000,1728000
1791119970.9444,4960,1240,53437,306000000,1728000
1791119970.9945,4960,1232,53281,306000000,1728000
1791119971.0446,4960,1232,53343,306000000,1728000
1791119971.0946,4960,1224,53312,306000000,1728000
1791119971.1447,4960,1232,53375,306000000,1728000
1791119971.1948,4960,1232,53250,306000000,1420800
1791119971.2449,4960,1240,53375,306000000,1728000
1791119971.2950,4960,1240,53468,306000000,1728000
1791119971.3451,4960,1232,53250,306000000,1728000
1791119971.3952,4960,1232,53406,306000000,1728000
1791119971.4453,4960,1232,53312,306000000,1728000
1791119971.4953,4960,1224,53406,306000000,1728000
1791119971.5454,4960,1232,53281,306000000,1728000
1791119971.5955,4960,1216,53468,306000000,1728000
1791119971.6456,4960,1232,53343,306000000,1728000
1791119971.6957,4960,1232,53343,306000000,1728000
1791119971.7458,4960,1232,53468,306000000,1728000
1791119971.7959,4960,1232,53281,306000000,1728000
1791119971.8460,4960,1232,53500,306000000,1728000
1791119971.8961,4960,1232,53312,306000000,1728000
1791119971.9461,4960,1224,53437,306000000,1728000
1791119971.9962,4960,1224,53250,306000000,1728000
1791119972.0463,4960,1216,53406,306000000,1728000
1791119972.0964,4960,1224,53343,306000000,1728000
1791119972.1465,4960,1224,53343,306000000,1728000
1791119972.1965,4960,1216,53500,306000000,1728000
1791119972.2466,4960,1224,53343,306000000,1728000
1791119972.2967,4960,1216,53562,306000000,1728000
1791119972.3468,4960,1240,53281,306000000,1728000
1791119972.3969,4960,1224,53468,306000000,1728000
1791119972.4470,4960,1232,53281,306000000,1728000
1791119972.4971,4960,1224,53406,306000000,1728000
1791119972.5471,4960,1224,53281,306000000,1728000
1791119972.5972,4960,1216,53437,306000000,1728000
1791119972.6473,4960,1224,53312,306000000,1728000
1791119972.6974,4960,1224,53281,306000000,1728000
1791119972.7475,4960,1224,53468,306000000,1728000
1791119972.7976,4960,1224,53375,306000000,1728000
1791119972.8477,4960,1216,53468,306000000,1113600
1791119972.8978,4960,1232,53281,306000000,1728000
1791119972.9479,4960,1232,53406,306000000,1728000
1791119972.9979,4960,1232,53312,306000000,1728000
1791119973.0480,4960,1232,53375,306000000,1728000
1791119973.0981,4960,1224,53500,306000000,1728000
1791119973.1482,4960,1224,53375,306000000,1728000
1791119973.1983,4960,1216,53468,306000000,1728000
1791119973.2483,4960,1224,53343,306000000,1728000
1791119973.2984,4960,1208,53437,306000000,1728000
1791119973.3485,4960,1216,53406,306000000,1728000
1791119973.3986,4960,1208,53437,306000000,1728000
1791119973.4487,4960,1224,53375,306000000,1190400
1791119973.4988,4960,1216,53375,306000000,1728000
1791119973.5488,4960,1224,53531,306000000,1728000
1791119973.5989,4960,1216,53343,306000000,1728000
1791119973.6490,4960,1216,53500,306000000,1728000
1791119973.6991,4960,1224,53375,306000000,1728000
1791119973.7492,4960,1224,53562,306000000,1728000
1791119973.7993,4960,1208,53281,306000000,1728000
1791119973.8493,4960,1208,53500,306000000,1728000
1791119973.8994,4960,1208,53375,306000000,1728000
1791119973.9495,4960,1216,53375,306000000,1728000
1791119973.9996,4960,1216,53312,306000000,1728000
1791119974.0497,4960,1232,53312,306000000,1728000
1791119974.0998,4960,1224,53468,306000000,1728000
1791119974.1499,4960,1224,53343,306000000,1728000
1791119974.1999,4960,1224,53437,306000000,1728000
1791119974.2500,4960,1216,53343,306000000,1728000
1791119974.3001,4960,1224,53406,306000000,1728000
1791119974.3502,4960,1208,53343,306000000,1728000
1791119974.4003,4960,1216,53468,306000000,1728000
1791119974.4503,4960,1208,53375,306000000,1728000
1791119974.5004,4960,1216,53312,306000000,1728000
1791119974.5505,4960,1224,53468,306000000,1728000
1791119974.6006,4960,1224,53468,306000000,1728000
1791119974.6507,4960,1224,53468,306000000,1728000
1791119974.7008,4960,1224,53343,306000000,1728000
1791119974.7509,4960,1232,53468,306000000,1728000
1791119974.8010,4960,1224,53375,306000000,1728000
1791119974.8511,4960,1224,53375,306000000,1728000
1791119974.9012,4960,1232,53312,306000000,1728000
1791119974.9513,4960,1232,53468,306000000,1728000
1791119975.0013,4960,1224,53531,306000000,1728000
1791119975.0514,4960,1224,53343,306000000,1728000
1791119975.1015,4960,1216,53468,306000000,1728000
1791119975.1516,4960,1240,53343,306000000,1728000
1791119975.2017,4960,1224,53437,306000000,1728000
1791119975.2518,4960,1232,53375,306000000,1728000
1791119975.3018,4960,1232,53375,306000000,1728000
1791119975.3519,4960,1232,53406,306000000,1728000
1791119975.4020,4960,1224,53437,306000000,1728000
1791119975.4521,4960,1224,53593,306000000,1728000
1791119975.5022,4960,1216,53468,306000000,1728000
1791119975.5522,4960,1224,53468,306000000,1728000
1791119975.6023,4960,1216,53343,306000000,1728000
1791119975.6524,4960,1216,53406,306000000,1728000
1791119975.7025,4960,1224,53375,306000000,1728000
1791119975.7526,4960,1232,53500,306000000,1728000
1791119975.8027,4960,1232,53375,306000000,1728000
1791119975.8528,4960,1232,53500,306000000,1728000
1791119975.9029,4960,1224,53562,306000000,1728000
1791119975.9530,4960,1224,53437,306000000,1728000
1791119976.0031,4960,1216,53593,306000000,1728000
1791119976.0531,4960,1224,53406,306000000,1728000
1791119976.1032,4960,1208,53562,306000000,1728000
1791119976.1533,4960,1216,53437,306000000,1728000
1791119976.2034,4960,1208,53406,306000000,1728000
1791119976.2535,4960,1224,53437,306000000,1728000
1791119976.3036,4960,1224,53531,306000000,1728000
1791119976.3537,4960,1224,53593,306000000,1728000
1791119976.4037,4960,1216,53437,306000000,1728000
1791119976.4538,4960,1216,53562,306000000,1728000
1791119976.5039,4960,1208,53468,306000000,1728000
1791119976.5540,4960,1216,53562,306000000,1728000
1791119976.6041,4960,1208,53343,306000000,1728000
1791119976.6542,4960,1208,53468,306000000,1728000
1791119976.7043,4960,1208,53437,306000000,1728000
1791119976.7544,4960,1216,53500,306000000,1728000
1791119976.8045,4960,1232,53343,306000000,1728000
1791119976.8546,4960,1248,53468,306000000,883200
1791119976.9047,4960,1248,53500,306000000,1728000
1791119976.9548,4960,1240,53375,306000000,806400
1791119977.0049,4960,1240,53593,306000000,1728000
1791119977.0550,4960,1240,53437,306000000,1728000
1791119977.1051,4960,1232,53500,306000000,1728000
1791119977.1552,4960,1232,53437,306000000,1728000
1791119977.2053,4960,1240,53468,306000000,1728000
1791119977.2554,4960,1224,53468,306000000,1728000
1791119977.3055,4960,1224,53500,306000000,1728000
1791119977.3556,4960,1224,53593,306000000,1728000
1791119977.4057,4960,1240,53531,306000000,1728000
1791119977.4558,4960,1232,53593,306000000,1728000
1791119977.5059,4960,1232,53437,306000000,1728000
1791119977.5560,4960,1224,53500,306000000,1728000
1791119977.6060,4960,1224,53375,306000000,1728000
1791119977.6561,4960,1216,53531,306000000,1728000
1791119977.7062,4960,1224,53437,306000000,1728000
1791119977.7563,4960,1216,53437,306000000,1728000
1791119977.8064,4960,1224,53593,306000000,1728000
1791119977.8565,4960,1216,53500,306000000,1728000
1791119977.9066,4960,1224,53562,306000000,1728000
1791119977.9567,4960,1224,53531,306000000,1728000
1791119978.0067,4960,1232,53468,306000000,1728000
1791119978.0568,4960,1224,53375,306000000,1728000
1791119978.1069,4960,1224,53500,306000000,1728000
1791119978.1570,4960,1224,53375,306000000,1728000
1791119978.2071,4960,1216,53468,306000000,1728000
1791119978.2571,4960,1224,53593,306000000,1728000
1791119978.3072,4960,1216,53468,306000000,1728000
1791119978.3573,4960,1216,53593,306000000,1728000
1791119978.4074,4960,1208,53468,306000000,1728000
1791119978.4575,4960,1216,53500,306000000,1728000
1791119978.5076,4960,1216,53437,306000000,1728000
1791119978.5576,4960,1224,53468,306000000,1728000
1791119978.6077,4960,1216,53406,306000000,1728000
1791119978.6578,4960,1224,53500,306000000,1728000
1791119978.7079,4960,1216,53562,306000000,1728000
1791119978.7580,4960,1216,53406,306000000,1728000
1791119978.8081,4960,1216,53593,306000000,1728000
1791119978.8582,4960,1224,53500,306000000,1728000
1791119978.9083,4960,1224,53593,306000000,1728000
1791119978.9583,4960,1216,53343,306000000,1728000
1791119979.0084,4960,1208,53500,306000000,1728000
1791119979.0585,4960,1224,53437,306000000,1728000
1791119979.1086,4960,1224,53531,306000000,1728000
1791119979.1587,4960,1224,53593,306000000,1728000
1791119979.2088,4960,1224,53468,306000000,1728000
1791119979.2589,4960,1216,53562,306000000,1728000
1791119979.3089,4960,1224,53468,306000000,1728000
1791119979.3590,4960,1216,53593,306000000,1728000
1791119979.4091,4960,1224,53437,306000000,1728000
1791119979.4592,4960,1208,53468,306000000,1728000
1791119979.5092,4960,1216,53437,306000000,1728000
1791119979.5593,4960,1224,53531,306000000,1728000
1791119979.6094,4960,1224,53343,306000000,1728000
1791119979.6595,4960,1232,53406,306000000,1728000
1791119979.7096,4960,1232,53593,306000000,1728000
1791119979.7597,4960,1224,53500,306000000,1728000
1791119979.8097,4960,1224,53593,306000000,1728000
1791119979.8598,4960,1224,53500,306000000,1728000
1791119979.9099,4960,1232,53531,306000000,1728000
1791119979.9600,4960,1216,53437,306000000,1728000
1791119980.0101,4960,1224,53562,306000000,1728000
1791119980.0602,4960,1216,53406,306000000,1728000
1791119980.1102,4960,1216,53500,306000000,1728000
1791119980.1603,4960,1224,53562,306000000,1728000
1791119980.2104,4960,1232,53500,306000000,729600
1791119980.2605,4960,1232,53593,306000000,1728000
1791119980.3106,4960,1232,53468,306000000,1728000
1791119980.3607,4960,1224,53500,306000000,1728000
1791119980.4107,4960,1224,53468,306000000,1728000
1791119980.4608,4960,1216,53468,306000000,1728000
1791119980.5109,4960,1216,53500,306000000,1728000
1791119980.5610,4960,1216,53500,306000000,1728000
1791119980.6111,4960,1216,53562,306000000,1728000
1791119980.6612,4960,1208,53500,306000000,1728000
1791119980.7112,4960,1216,53593,306000000,1190400
1791119980.7613,4960,1224,53500,306000000,1728000
1791119980.8114,4960,1224,53531,306000000,1728000
1791119980.8615,4960,1224,53531,306000000,1728000
1791119980.9116,4960,1232,53500,306000000,1728000
1791119980.9617,4960,1232,53406,306000000,1728000
1791119981.0118,4960,1224,53531,306000000,1728000
1791119981.0619,4960,1224,53593,306000000,1728000
1791119981.1120,4960,1216,53531,306000000,1728000
1791119981.1620,4960,1216,53593,306000000,1728000
1791119981.2121,4960,1216,53531,306000000,1728000
1791119981.2622,4960,1216,53593,306000000,1728000
1791119981.3123,4960,1224,53593,306000000,1728000
1791119981.3624,4960,1232,53500,306000000,1728000
1791119981.4124,4960,1216,53468,306000000,1728000
1791119981.4625,4960,1224,53468,306000000,1728000
1791119981.5126,4960,1224,53625,306000000,1728000
1791119981.5627,4960,1216,53593,306000000,1728000
1791119981.6128,4960,1216,53593,306000000,1728000
1791119981.6628,4960,1216,53531,306000000,1728000
1791119981.7129,4960,1216,53562,306000000,1728000
1791119981.7630,4960,1208,53500,306000000,1728000
1791119981.8131,4960,1208,53562,306000000,1728000
1791119981.8632,4960,1216,53562,306000000,1728000
1791119981.9133,4960,1232,53593,306000000,1728000
1791119981.9634,4960,1232,53687,306000000,1728000
1791119982.0134,4960,1232,53500,306000000,1728000
1791119982.0635,4960,1224,53625,306000000,1728000
1791119982.1136,4960,1216,53500,306000000,1728000
1791119982.1637,4960,1216,53531,306000000,1728000
1791119982.2138,4960,1224,53500,306000000,1728000
1791119982.2639,4960,1224,53593,306000000,1728000
1791119982.3140,4960,1224,53500,306000000,1728000
1791119982.3641,4960,1248,53531,306000000,1728000
1791119982.4142,4960,1256,53406,306000000,1728000
1791119982.4643,4960,1272,53562,306000000,1728000
1791119982.5143,4960,1272,53593,306000000,1728000
1791119982.5644,4960,1272,53468,306000000,1728000
1791119982.6145,4960,1264,53593,306000000,1728000
1791119982.6646,4960,1256,53468,306000000,1728000
1791119982.7147,4960,1256,53531,306000000,1728000
1791119982.7648,4960,1240,53437,306000000,1728000
1791119982.8149,4960,1240,53593,306000000,1728000
1791119982.8649,4960,1232,53468,306000000,1728000
1791119982.9151,4960,1240,53468,306000000,1728000
1791119982.9652,4960,1240,53687,306000000,1728000
1791119983.0152,4960,1256,53500,306000000,1728000
1791119983.0653,4960,1256,53593,306000000,1728000
1791119983.1154,4960,1240,53500,306000000,1728000
1791119983.1655,4960,1240,53562,306000000,1728000
1791119983.2156,4960,1232,53562,306000000,1728000
1791119983.2657,4960,1232,53593,306000000,1728000
1791119983.3158,4960,1232,53437,306000000,1728000
1791119983.3659,4960,1224,53562,306000000,1728000
1791119983.4159,4960,1224,53625,306000000,1728000
1791119983.4660,4960,1216,53562,306000000,1728000
1791119983.5161,4960,1224,53625,306000000,1728000
1791119983.5662,4960,1232,53625,306000000,1728000
1791119983.6163,4960,1232,53593,306000000,1728000
1791119983.6664,4960,1224,53437,306000000,1728000
1791119983.7165,4960,1232,53593,306000000,1728000
1791119983.7666,4960,1216,53531,306000000,1728000
1791119983.8166,4960,1224,53500,306000000,1728000
1791119983.8667,4960,1224,53656,306000000,1728000
1791119983.9168,4960,1216,53593,306000000,1728000
1791119983.9669,4960,1224,53687,306000000,1728000
1791119984.0170,4960,1224,53562,306000000,1728000
1791119984.0671,4960,1224,53593,306000000,1728000
1791119984.1171,4960,1232,53468,306000000,1728000
1791119984.1672,4960,1232,53593,306000000,1728000
1791119984.2173,4960,1240,53500,306000000,1728000
1791119984.2674,4960,1224,53593,306000000,1728000
1791119984.3175,4960,1232,53656,306000000,1728000
1791119984.3676,4960,1216,53500,306000000,1728000
1791119984.4176,4960,1224,53625,306000000,1728000
1791119984.4677,4960,1208,53531,306000000,1728000
1791119984.5178,4960,1216,53593,306000000,1728000
1791119984.5679,4960,1208,53531,306000000,1728000
1791119984.6180,4960,1216,53593,306000000,1728000
1791119984.6681,4960,1224,53593,306000000,1728000
1791119984.7182,4960,1224,53625,306000000,1728000
1791119984.7682,4960,1232,53718,306000000,1728000
1791119984.8183,4960,1224,53593,306000000,1728000
1791119984.8684,4960,1224,53625,306000000,1728000
1791119984.9185,4960,1216,53562,306000000,1728000
1791119984.9686,4960,1224,53687,306000000,1728000
1791119985.0187,4960,1216,53500,306000000,1728000
1791119985.0688,4960,1224,53625,306000000,1728000
1791119985.1189,4960,1216,53593,306000000,1728000
1791119985.1689,4960,1224,53562,306000000,1728000
1791119985.2191,4960,1216,53500,306000000,1267200
1791119985.2692,4960,1232,53593,306000000,1728000
1791119985.3193,4960,1232,53625,306000000,1728000
1791119985.3694,4960,1224,53531,306000000,1728000
1791119985.4194,4960,1224,53687,306000000,1728000
1791119985.4695,4960,1216,53562,306000000,1728000
1791119985.5196,4960,1224,53625,306000000,1728000
1791119985.5697,4960,1216,53500,306000000,1728000
1791119985.6198,4960,1216,53593,306000000,1728000
1791119985.6699,4960,1216,53468,306000000,1728000
1791119985.7199,4960,1216,53531,306000000,1728000
1791119985.7700,4960,1208,53625,306000000,1728000
1791119985.8201,4960,1224,53593,306000000,1728000
1791119985.8702,4960,1232,53718,306000000,1728000
1791119985.9203,4960,1216,53500,306000000,1728000
1791119985.9704,4960,1224,53625,306000000,1728000
1791119986.0205,4960,1224,53593,306000000,1728000
1791119986.0706,4960,1224,53656,306000000,1728000
1791119986.1206,4960,1224,53500,306000000,1728000
1791119986.1707,4960,1224,53593,306000000,1728000
1791119986.2208,4960,1216,53687,306000000,1728000
1791119986.2709,4960,1216,53625,306000000,1728000
1791119986.3210,4960,1216,53593,306000000,1728000
1791119986.3711,4960,1232,53500,306000000,1344000
1791119986.4211,4960,1224,53593,306000000,1728000
1791119986.4712,4960,1232,53531,306000000,1728000
1791119986.5213,4960,1224,53593,306000000,1728000
1791119986.5714,4960,1224,53500,306000000,1728000
1791119986.6215,4960,1224,53593,306000000,1728000
1791119986.6716,4960,1216,53718,306000000,1728000
1791119986.7216,4960,1224,53593,306000000,1728000
1791119986.7717,4960,1216,53718,306000000,1728000
1791119986.8218,4960,1216,53531,306000000,1728000
1791119986.8719,4960,1216,53625,306000000,1728000
1791119986.9220,4960,1224,53562,306000000,1113600
1791119986.9721,4960,1232,53625,306000000,1728000
1791119987.0222,4960,1224,53500,306000000,1728000
1791119987.0723,4960,1232,53593,306000000,1728000
1791119987.1224,4960,1224,53750,306000000,1728000
1791119987.1724,4960,1216,53593,306000000,1728000
1791119987.2225,4960,1224,53687,306000000,1728000
1791119987.2726,4960,1224,53625,306000000,1728000
1791119987.3227,4960,1216,53625,306000000,1728000
1791119987.3728,4960,1224,53531,306000000,1728000
1791119987.4228,4960,1224,53593,306000000,1728000
1791119987.4729,4960,1224,53593,306000000,1728000
1791119987.5231,4960,1240,53656,306000000,1728000
1791119987.5731,4960,1224,53531,306000000,1728000
1791119987.6232,4960,1232,53656,306000000,1728000
1791119987.6733,4960,1224,53656,306000000,1728000
1791119987.7234,4960,1224,53718,306000000,1728000
1791119987.7735,4960,1216,53656,306000000,1728000
1791119987.8236,4960,1224,53593,306000000,1728000
1791119987.8737,4960,1208,53625,306000000,1728000
1791119987.9237,4960,1216,53562,306000000,1728000
1791119987.9738,4960,1208,53687,306000000,1728000
1791119988.0239,4960,1216,53593,306000000,1728000
1791119988.0740,4960,1224,53593,306000000,806400
1791119988.1241,4960,1224,53718,306000000,1728000
1791119988.1742,4960,1216,53562,306000000,1728000
1791119988.2243,4960,1224,53656,306000000,1728000
1791119988.2744,4960,1216,53593,306000000,1728000
1791119988.3245,4960,1216,53687,306000000,1728000
1791119988.3745,4960,1224,53593,306000000,1728000
1791119988.4246,4960,1216,53562,306000000,1728000
1791119988.4747,4960,1216,53562,306000000,1728000
1791119988.5248,4960,1208,53625,306000000,1728000
1791119988.5749,4960,1216,53718,306000000,1728000
1791119988.6250,4960,1216,53593,306000000,1728000
1791119988.6751,4960,1224,53750,306000000,1728000
1791119988.7252,4960,1216,53562,306000000,1728000
1791119988.7752,4960,1224,53656,306000000,1728000
1791119988.8253,4960,1208,53593,306000000,1728000
1791119988.8754,4960,1216,53593,306000000,1728000
1791119988.9255,4960,1216,53562,306000000,1728000
1791119988.9755,4960,1216,53593,306000000,1728000
1791119989.0256,4960,1208,53687,306000000,1728000
1791119989.0757,4960,1216,53593,306000000,1728000
1791119989.1258,4960,1216,53656,306000000,1728000
1791119989.1759,4960,1224,53625,306000000,1728000
1791119989.2260,4960,1224,53625,306000000,1728000
1791119989.2761,4960,1224,53562,306000000,1728000
1791119989.3262,4960,1216,53718,306000000,1728000
1791119989.3762,4960,1224,53531,306000000,1728000
1791119989.4263,4960,1216,53593,306000000,1728000
1791119989.4764,4960,1216,53718,306000000,1728000
1791119989.5265,4960,1208,53625,306000000,1728000
1791119989.5766,4960,1216,53750,306000000,1728000
1791119989.6266,4960,1208,53593,306000000,1728000
1791119989.6767,4960,1216,53687,306000000,1728000
1791119989.7268,4960,1224,53593,306000000,1420800
1791119989.7769,4960,1224,53625,306000000,1728000
1791119989.8270,4960,1232,53593,306000000,1728000
1791119989.8771,4960,1216,53593,306000000,1728000
1791119989.9272,4960,1224,53562,306000000,1728000
1791119989.9772,4960,1224,53593,306000000,1728000
1791119990.0273,4960,1216,53687,306000000,1728000
1791119990.0774,4960,1224,53593,306000000,1728000
1791119990.1275,4960,1224,53718,306000000,1728000
1791119990.1776,4960,1224,53625,306000000,1728000
1791119990.2277,4960,1216,53750,306000000,1728000
1791119990.2778,4960,1216,53562,306000000,1728000
1791119990.3279,4960,1232,53718,306000000,1728000
1791119990.3780,4960,1232,53593,306000000,1728000
1791119990.4281,4960,1224,53687,306000000,1728000
1791119990.4781,4960,1224,53781,306000000,1728000
1791119990.5282,4960,1232,53656,306000000,1728000
1791119990.5783,4960,1216,53656,306000000,1728000
1791119990.6284,4960,1224,53562,306000000,1728000
1791119990.6785,4960,1224,53656,306000000,1728000
1791119990.7285,4960,1216,53593,306000000,1728000
1791119990.7786,4960,1216,53625,306000000,1728000
1791119990.8287,4960,1216,53593,306000000,1190400
1791119990.8788,4960,1232,53593,306000000,729600
1791119990.9289,4960,1232,53718,306000000,1728000
1791119990.9790,4960,1224,53593,306000000,1728000
1791119991.0293,4960,1224,53750,306000000,1728000
1791119991.0794,4960,1224,53593,306000000,1728000
1791119991.1295,4960,1232,53625,306000000,1190400
1791119991.1796,4960,1224,53593,306000000,1728000
1791119991.2297,4960,1224,53656,306000000,1728000
1791119991.2797,4960,1224,53625,306000000,1728000
1791119991.3298,4960,1224,53687,306000000,1728000
1791119991.3799,4960,1224,53687,306000000,1113600
1791119991.4300,4960,1224,53656,306000000,1728000
1791119991.4800,4960,1232,53718,306000000,1728000
1791119991.5301,4960,1224,53562,306000000,1728000
1791119991.5802,4960,1224,53687,306000000,1728000
1791119991.6303,4960,1224,53593,306000000,1728000
1791119991.6803,4960,1224,53625,306000000,1728000
1791119991.7304,4960,1216,53593,306000000,1728000
1791119991.7805,4960,1216,53656,306000000,1728000
1791119991.8306,4960,1208,53750,306000000,1728000
1791119991.8807,4960,1200,53625,306000000,1728000
1791119991.9307,4960,1208,53750,306000000,1728000
1791119991.9808,4960,1216,53687,306000000,1728000
1791119992.0309,4960,1224,53781,306000000,1728000
1791119992.0810,4960,1224,53625,306000000,1728000
1791119992.1311,4960,1216,53687,306000000,1728000
1791119992.1812,4960,1232,53562,306000000,1728000
1791119992.2313,4960,1216,53656,306000000,1728000
1791119992.2814,4960,1224,53593,306000000,1728000
1791119992.3314,4960,1224,53593,306000000,1728000
1791119992.3815,4960,1216,53781,306000000,1728000
1791119992.4316,4960,1224,53750,306000000,1728000
1791119992.4817,4960,1216,53718,306000000,1728000
1791119992.5318,4960,1224,53593,306000000,1728000
1791119992.5819,4960,1232,53750,306000000,1728000
1791119992.6319,4960,1232,53562,306000000,1728000
1791119992.6820,4960,1232,53593,306000000,1728000
1791119992.7321,4960,1224,53562,306000000,1728000
1791119992.7822,4960,1224,53656,306000000,1728000
1791119992.8323,4960,1216,53781,306000000,1728000
1791119992.8823,4960,1224,53625,306000000,1728000
1791119992.9324,4960,1208,53687,306000000,1728000
1791119992.9825,4960,1216,53656,306000000,1728000
1791119993.0326,4960,1208,53593,306000000,1728000
1791119993.0827,4960,1216,53687,306000000,1267200
1791119993.1328,4960,1216,53687,306000000,1728000
1791119993.1828,4960,1224,53562,306000000,1728000
1791119993.2329,4960,1224,53656,306000000,1728000
1791119993.2831,4960,1216,53750,306000000,1728000
1791119993.3332,4960,1216,53656,306000000,1728000
1791119993.3832,4960,1216,53718,306000000,1728000
1791119993.4333,4960,1216,53687,306000000,1728000
1791119993.4834,4960,1216,53750,306000000,1728000
1791119993.5335,4960,1216,53593,306000000,1728000
1791119993.5836,4960,1216,53625,306000000,1728000
1791119993.6337,4960,1216,53593,306000000,1113600
1791119993.6837,4960,1224,53687,306000000,1728000
1791119993.7338,4960,1224,53812,306000000,1728000
1791119993.7839,4960,1224,53656,306000000,1728000
1791119993.8340,4960,1224,53750,306000000,1728000
1791119993.8841,4960,1216,53625,306000000,1728000
1791119993.9342,4960,1208,53718,306000000,1728000
1791119993.9843,4960,1216,53625,306000000,1728000
1791119994.0343,4960,1208,53687,306000000,1728000
1791119994.0844,4960,1216,53593,306000000,1728000
1791119994.1345,4960,1216,53656,306000000,1728000
1791119994.1846,4960,1208,53843,306000000,1728000
1791119994.2347,4960,1232,53656,306000000,1344000
1791119994.2848,4960,1232,53812,306000000,1728000
1791119994.3349,4960,1232,53656,306000000,1728000
1791119994.3850,4960,1232,53718,306000000,1728000
1791119994.4350,4960,1224,53656,306000000,1728000
1791119994.4851,4960,1232,53781,306000000,1728000
1791119994.5352,4960,1224,53656,306000000,1728000
1791119994.5853,4960,1224,53687,306000000,1728000
1791119994.6354,4960,1224,53593,306000000,1728000
1791119994.6854,4960,1216,53656,306000000,1728000
1791119994.7355,4960,1216,53843,306000000,1728000
1791119994.7856,4960,1224,53656,306000000,1728000
1791119994.8357,4960,1232,53718,306000000,1728000
1791119994.8858,4960,1224,53625,306000000,1728000
1791119994.9359,4960,1216,53687,306000000,1728000
1791119994.9859,4960,1216,53593,306000000,1728000
1791119995.0360,4960,1208,53593,306000000,1728000
1791119995.0861,4960,1216,53593,306000000,1728000
1791119995.1362,4960,1208,53656,306000000,1728000
1791119995.1863,4960,1216,53812,306000000,1728000
1791119995.2364,4960,1216,53687,306000000,1190400
1791119995.2865,4960,1216,53750,306000000,1728000
1791119995.3366,4960,1224,53625,306000000,1728000
1791119995.3867,4960,1232,53718,306000000,1728000
1791119995.4368,4960,1232,53687,306000000,1728000
1791119995.4869,4960,1224,53656,306000000,1728000
1791119995.5370,4960,1224,53656,306000000,1728000
1791119995.5870,4960,1216,53718,306000000,1728000
1791119995.6371,4960,1216,53906,306000000,1728000
1791119995.6872,4960,1216,53656,306000000,1728000
1791119995.7373,4960,1216,53750,306000000,1728000
1791119995.7874,4960,1208,53687,306000000,1728000
1791119995.8375,4960,1216,53750,306000000,1728000
1791119995.8876,4960,1224,53656,306000000,1728000
1791119995.9376,4960,1224,53718,306000000,1728000
1791119995.9877,4960,1232,53593,306000000,1728000
1791119996.0378,4960,1232,53656,306000000,1728000
1791119996.0879,4960,1224,53781,306000000,1728000
1791119996.1380,4960,1224,53687,306000000,1728000
1791119996.1880,4960,1216,53781,306000000,1728000
1791119996.2381,4960,1224,53718,306000000,1728000
1791119996.2882,4960,1232,53781,306000000,1728000
1791119996.3383,4960,1224,53625,306000000,1728000
1791119996.3884,4960,1232,53750,306000000,1728000
1791119996.4385,4960,1224,53656,306000000,1728000
1791119996.4886,4960,1240,53750,306000000,1728000
1791119996.5387,4960,1232,53843,306000000,1728000
1791119996.5888,4960,1232,53656,306000000,1728000
1791119996.6389,4960,1232,53718,306000000,1728000
1791119996.6889,4960,1224,53656,306000000,1728000
1791119996.7391,4960,1232,53750,306000000,1728000
1791119996.7891,4960,1216,53687,306000000,1728000
1791119996.8392,4960,1224,53812,306000000,1728000
1791119996.8893,4960,1216,53687,306000000,1728000
1791119996.9394,4960,1224,53687,306000000,1728000
1791119996.9895,4960,1216,53625,306000000,1728000
1791119997.0396,4960,1224,53687,306000000,1728000
1791119997.0897,4960,1232,53812,306000000,1728000
1791119997.1398,4960,1224,53687,306000000,1728000
1791119997.1899,4960,1216,53687,306000000,1728000
1791119997.2399,4960,1224,53687,306000000,1728000
1791119997.2900,4960,1224,53750,306000000,1113600
1791119997.3401,4960,1224,53656,306000000,1728000
1791119997.3902,4960,1224,53718,306000000,1728000
1791119997.4403,4960,1216,53687,306000000,1728000
1791119997.4904,4960,1224,53687,306000000,1728000
1791119997.5405,4960,1216,53843,306000000,1728000
1791119997.5906,4960,1232,53687,306000000,1497600
1791119997.6407,4960,1232,53781,306000000,1728000
1791119997.6908,4960,1224,53656,306000000,1728000
1791119997.7408,4960,1224,53812,306000000,1728000
1791119997.7909,4960,1224,53656,306000000,1728000
1791119997.8410,4960,1232,53750,306000000,1728000
1791119997.8911,4960,1224,53625,306000000,1728000
1791119997.9411,4960,1240,53687,306000000,1728000
1791119997.9912,4960,1264,53843,306000000,1728000
1791119998.0413,4960,1264,53718,306000000,1728000
1791119998.0914,4960,1264,53781,306000000,1728000
1791119998.1415,4960,1272,53718,306000000,1728000
1791119998.1916,4960,1272,53718,306000000,1728000
1791119998.2416,4960,1272,53625,306000000,1728000
1791119998.2917,4960,1264,53750,306000000,1728000
1791119998.3418,4960,1264,53625,306000000,729600
1791119998.3919,4960,1256,53687,306000000,1728000
1791119998.4420,4960,1248,53875,306000000,1728000
1791119998.4921,4960,1248,53750,306000000,1728000
1791119998.5422,4960,1240,53812,306000000,1728000
1791119998.5923,4960,1240,53718,306000000,1728000
1791119998.6424,4960,1232,53781,306000000,1728000
1791119998.6925,4960,1232,53656,306000000,1728000
1791119998.7425,4960,1240,53750,306000000,729600
1791119998.7926,4960,1232,53656,306000000,1728000
1791119998.8427,4960,1232,53718,306000000,1728000
1791119998.8928,4960,1224,53843,306000000,1728000
1791119998.9429,4960,1224,53718,306000000,1728000
1791119998.9930,4960,1216,53812,306000000,1728000
1791119999.0431,4960,1216,53718,306000000,1728000
1791119999.0931,4960,1216,53812,306000000,1728000
1791119999.1432,4960,1216,53718,306000000,1728000
1791119999.1933,4960,1216,53750,306000000,1728000
1791119999.2434,4960,1208,53656,306000000,1728000
1791119999.2935,4960,1232,53750,306000000,1728000
1791119999.3435,4960,1224,53656,306000000,1190400
1791119999.3936,4960,1232,53656,306000000,1728000
1791119999.4437,4960,1224,53750,306000000,1728000
1791119999.4938,4960,1224,53718,306000000,1728000
1791119999.5439,4960,1216,53781,306000000,1728000
1791119999.5940,4960,1224,53687,306000000,1728000
1791119999.6441,4960,1208,53812,306000000,1728000
1791119999.6942,4960,1208,53656,306000000,1728000
1791119999.7442,4960,1208,53656,306000000,1728000
1791119999.7943,4960,1208,53718,306000000,1728000
1791119999.8444,4960,1216,53750,306000000,1728000
1791119999.8945,4960,1216,53812,306000000,1728000
1791119999.9446,4960,1224,53750,306000000,1728000
1791119999.9947,4960,1208,53812,306000000,1728000
1791120000.0448,4960,1216,53718,306000000,1728000
1791120000.0949,4960,1208,53718,306000000,1728000
1791120000.1449,4960,1216,53593,306000000,1728000
1791120000.1951,4960,1224,53718,306000000,1728000
1791120000.2451,4960,1216,53718,306000000,1728000
1791120000.2952,4960,1216,53781,306000000,1728000
1791120000.3453,4960,1216,53843,306000000,1728000
1791120000.3954,4960,1232,53656,306000000,1728000
1791120000.4455,4960,1240,53750,306000000,1728000
1791120000.4956,4960,1232,53718,306000000,1728000
1791120000.5457,4960,1232,53843,306000000,1728000
1791120000.5958,4960,1232,53718,306000000,1728000
1791120000.6459,4960,1232,53750,306000000,1728000
1791120000.6960,4960,1224,53718,306000000,1728000
1791120000.7460,4960,1224,53718,306000000,1728000
1791120000.7961,4960,1216,53937,306000000,1728000
1791120000.8462,4960,1224,53750,306000000,1728000
1791120000.8963,4960,1208,53812,306000000,1728000
1791120000.9464,4960,1224,53718,306000000,1728000
1791120000.9965,4960,1224,53812,306000000,1728000
1791120001.0466,4960,1232,53718,306000000,1728000
1791120001.0966,4960,1216,53750,306000000,1728000
1791120001.1467,4960,1224,53656,306000000,1728000
1791120001.1968,4960,1216,53750,306000000,1728000
1791120001.2469,4960,1216,53875,306000000,1728000
1791120001.2970,4960,1216,53718,306000000,1728000
1791120001.3471,4960,1216,53781,306000000,1728000
1791120001.3971,4960,1216,53718,306000000,1728000
1791120001.4472,4960,1216,53812,306000000,1728000
1791120001.4973,4960,1216,53656,306000000,1190400
1791120001.5474,4960,1232,53843,306000000,1728000
1791120001.5975,4960,1232,53656,306000000,1728000
1791120001.6476,4960,1224,53781,306000000,1728000
1791120001.6977,4960,1224,53625,306000000,1728000
1791120001.7478,4960,1216,53687,306000000,1728000
1791120001.7979,4960,1224,53843,306000000,1728000
1791120001.8480,4960,1224,53750,306000000,1728000
1791120001.8980,4960,1216,53812,306000000,1728000
1791120001.9481,4960,1224,53718,306000000,1728000
1791120001.9982,4960,1224,53781,306000000,1728000
1791120002.0483,4960,1216,53750,306000000,1728000
1791120002.0984,4960,1232,53781,306000000,1728000
1791120002.1484,4960,1224,53656,306000000,1728000
1791120002.1985,4960,1232,53687,306000000,1728000
1791120002.2486,4960,1224,53781,306000000,1728000
1791120002.2987,4960,1224,53781,306000000,1728000
1791120002.3488,4960,1224,53812,306000000,1728000
1791120002.3989,4960,1216,53687,306000000,1728000
1791120002.4490,4960,1224,53750,306000000,1728000
1791120002.4991,4960,1224,53750,306000000,1728000
1791120002.5492,4960,1208,53781,306000000,1728000
1791120002.5992,4960,1216,53687,306000000,1728000
1791120002.6493,4960,1216,53812,306000000,1728000
1791120002.6994,4960,1232,53875,306000000,1728000
1791120002.7495,4960,1216,53750,306000000,1728000
1791120002.7996,4960,1224,53843,306000000,1728000
1791120002.8497,4960,1216,53750,306000000,1728000
1791120002.8997,4960,1224,53812,306000000,1728000
1791120002.9498,4960,1216,53812,306000000,1728000
1791120002.9999,4960,1216,53750,306000000,1728000
1791120003.0500,4960,1216,53781,306000000,1728000
1791120003.1000,4960,1216,53718,306000000,1728000
1791120003.1501,4960,1216,53812,306000000,1728000
1791120003.2002,4960,1216,53687,306000000,1728000
1791120003.2503,4960,1232,53812,306000000,1728000
1791120003.3004,4960,1232,53750,306000000,1728000
1791120003.3505,4960,1224,53812,306000000,1728000
1791120003.4006,4960,1232,53718,306000000,1728000
1791120003.4506,4960,1216,53781,306000000,1728000
1791120003.5007,4960,1224,53718,306000000,1728000
1791120003.5508,4960,1224,53750,306000000,1728000
1791120003.6009,4960,1216,53906,306000000,1728000
1791120003.6510,4960,1216,53687,306000000,1728000
1791120003.7011,4960,1208,53843,306000000,1728000
1791120003.7512,4960,1216,53687,306000000,1267200
1791120003.8013,4960,1224,53750,306000000,1728000
1791120003.8514,4960,1224,53687,306000000,1728000
1791120003.9015,4960,1224,53781,306000000,1728000
1791120003.9516,4960,1224,53687,306000000,1728000
1791120004.0016,4960,1216,53812,306000000,1728000
1791120004.0517,4960,1216,53656,306000000,1728000
1791120004.1018,4960,1216,53750,306000000,1728000
1791120004.1519,4960,1216,53812,306000000,1728000
1791120004.2020,4960,1208,53593,306000000,1728000
1791120004.2520,4960,1208,53750,306000000,1728000
1791120004.3021,4960,1208,53718,306000000,1728000
1791120004.3522,4960,1224,53812,306000000,1728000
1791120004.4023,4960,1232,53750,306000000,1728000
1791120004.4524,4960,1224,53781,306000000,1728000
1791120004.5025,4960,1232,53656,306000000,1728000
1791120004.5526,4960,1224,53687,306000000,1728000
1791120004.6027,4960,1224,53812,306000000,1728000
1791120004.6528,4960,1216,53718,306000000,1728000
1791120004.7029,4960,1224,53812,306000000,1728000
1791120004.7529,4960,1224,53750,306000000,1728000
1791120004.8031,4960,1216,53750,306000000,1728000
1791120004.8531,4960,1224,53781,306000000,1728000
1791120004.9032,4960,1232,53781,306000000,1344000
1791120004.9533,4960,1232,53687,306000000,1728000
1791120005.0034,4960,1232,53718,306000000,1728000
1791120005.0535,4960,1224,53843,306000000,1728000
1791120005.1036,4960,1232,53812,306000000,1728000
1791120005.1536,4960,1216,53843,306000000,1728000
1791120005.2037,4960,1224,53687,306000000,1728000
1791120005.2538,4960,1224,53812,306000000,1728000
1791120005.3039,4960,1216,53781,306000000,1728000
1791120005.3540,4960,1208,53750,306000000,1728000
1791120005.4041,4960,1216,53718,306000000,1728000
1791120005.4541,4960,1232,53750,306000000,1728000
1791120005.5042,4960,1232,53906,306000000,1728000
1791120005.5543,4960,1240,53718,306000000,1728000
1791120005.6044,4960,1232,53843,306000000,1728000
1791120005.6545,4960,1232,53781,306000000,1728000
1791120005.7046,4960,1232,53812,306000000,1728000
1791120005.7547,4960,1224,53750,306000000,1728000
1791120005.8048,4960,1232,53843,306000000,1728000
1791120005.8549,4960,1216,53781,306000000,1728000
1791120005.9050,4960,1224,53781,306000000,1728000
1791120005.9550,4960,1216,53812,306000000,1728000
1791120006.0051,4960,1224,53781,306000000,1728000
1791120006.0552,4960,1224,53812,306000000,1728000
1791120006.1053,4960,1232,53843,306000000,1728000
1791120006.1554,4960,1224,53875,306000000,1728000
1791120006.2055,4960,1224,53718,306000000,1728000
1791120006.2555,4960,1224,53843,306000000,1728000
1791120006.3056,4960,1216,53656,306000000,1728000
1791120006.3557,4960,1216,53781,306000000,1728000
1791120006.4058,4960,1216,53812,306000000,1728000
1791120006.4559,4960,1208,53750,306000000,1728000
1791120006.5060,4960,1208,53781,306000000,1728000
1791120006.5560,4960,1216,53781,306000000,1728000
1791120006.6061,4960,1232,53875,306000000,1728000
1791120006.6562,4960,1224,53781,306000000,1728000
1791120006.7063,4960,1232,53781,306000000,1728000
1791120006.7564,4960,1224,53781,306000000,1728000
1791120006.8065,4960,1224,53781,306000000,1728000
1791120006.8565,4960,1224,53750,306000000,1728000
1791120006.9066,4960,1216,53718,306000000,1728000
1791120006.9567,4960,1224,53875,306000000,1728000
1791120007.0068,4960,1216,53781,306000000,1728000
1791120007.0569,4960,1216,53843,306000000,1728000
1791120007.1070,4960,1216,53718,306000000,1190400
1791120007.1571,4960,1232,53750,306000000,1728000
1791120007.2071,4960,1232,53718,306000000,1728000
1791120007.2572,4960,1224,53906,306000000,1728000
1791120007.3073,4960,1232,53781,306000000,1728000
1791120007.3574,4960,1216,53843,306000000,1728000
1791120007.4075,4960,1224,53843,306000000,1728000
1791120007.4575,4960,1224,53750,306000000,1728000
1791120007.5076,4960,1216,53812,306000000,1728000
1791120007.5577,4960,1224,53781,306000000,1728000
1791120007.6078,4960,1224,53875,306000000,1728000
1791120007.6579,4960,1224,53750,306000000,1728000
1791120007.7080,4960,1232,53812,306000000,1728000
1791120007.7581,4960,1232,53750,306000000,1728000
1791120007.8082,4960,1232,53781,306000000,1728000
1791120007.8583,4960,1232,53875,306000000,1728000
1791120007.9083,4960,1224,53718,306000000,1728000
1791120007.9584,4960,1224,53843,306000000,1728000
1791120008.0085,4960,1216,53843,306000000,1728000
1791120008.0586,4960,1224,53781,306000000,1728000
1791120008.1087,4960,1216,53687,306000000,1728000
1791120008.1587,4960,1216,53750,306000000,1728000
1791120008.2088,4960,1216,53750,306000000,1728000
1791120008.2589,4960,1216,53781,306000000,1113600
1791120008.3090,4960,1232,53906,306000000,1728000
1791120008.3591,4960,1216,53812,306000000,1728000
1791120008.4091,4960,1224,53906,306000000,1728000
1791120008.4592,4960,1216,53750,306000000,1728000
1791120008.5093,4960,1216,53875,306000000,1728000
1791120008.5594,4960,1224,53812,306000000,1728000
1791120008.6095,4960,1224,53781,306000000,1728000
1791120008.6596,4960,1216,53718,306000000,1728000
1791120008.7097,4960,1216,53812,306000000,1728000
1791120008.7597,4960,1224,53906,306000000,1728000
1791120008.8098,4960,1232,53843,306000000,1728000
1791120008.8599,4960,1232,53875,306000000,1728000
1791120008.9100,4960,1240,53750,306000000,1728000
1791120008.9601,4960,1224,53843,306000000,1728000
1791120009.0102,4960,1232,53812,306000000,1728000
1791120009.0603,4960,1224,53843,306000000,1728000
1791120009.1103,4960,1224,53750,306000000,1728000
1791120009.1604,4960,1216,53875,306000000,1728000
1791120009.2105,4960,1208,53906,306000000,1728000
1791120009.2606,4960,1216,53750,306000000,1728000
1791120009.3107,4960,1208,53875,306000000,1728000
1791120009.3608,4960,1216,53812,306000000,1728000
1791120009.4109,4960,1216,53875,306000000,1728000
1791120009.4609,4960,1224,53718,306000000,1728000
1791120009.5111,4960,1216,53875,306000000,1728000
1791120009.5611,4960,1208,53750,306000000,1728000
1791120009.6112,4960,1216,53812,306000000,1728000
1791120009.6613,4960,1216,53812,306000000,1728000
1791120009.7114,4960,1216,53812,306000000,1728000
1791120009.7615,4960,1216,53875,306000000,1728000
1791120009.8116,4960,1216,53781,306000000,1728000
1791120009.8616,4960,1208,53843,306000000,1728000
1791120009.9117,4960,1216,53718,306000000,1728000
1791120009.9618,4960,1216,53843,306000000,1728000
1791120010.0119,4960,1224,53843,306000000,1728000
1791120010.0620,4960,1224,53781,306000000,1728000
1791120010.1120,4960,1216,53812,306000000,1728000
1791120010.1621,4960,1208,53812,306000000,1728000
1791120010.2122,4960,1216,53875,306000000,1728000
1791120010.2623,4960,1216,53750,306000000,1728000
1791120010.3124,4960,1216,53937,306000000,1728000
1791120010.3625,4960,1216,53718,306000000,1728000
1791120010.4126,4960,1208,53812,306000000,1728000
1791120010.4627,4960,1208,53750,306000000,1728000
1791120010.5127,4960,1224,53812,306000000,1728000
1791120010.5628,4960,1224,53875,306000000,1728000
1791120010.6129,4960,1224,53781,306000000,1728000
1791120010.6631,4960,1232,53937,306000000,1728000
1791120010.7132,4960,1224,53843,306000000,1728000
1791120010.7633,4960,1224,53937,306000000,1728000
1791120010.8133,4960,1224,53843,306000000,1728000
1791120010.8634,4960,1224,53875,306000000,1728000
1791120010.9135,4960,1216,53781,306000000,1728000
1791120010.9636,4960,1216,53781,306000000,1728000
1791120011.0136,4960,1208,53781,306000000,1728000
1791120011.0637,4960,1224,53812,306000000,1728000
1791120011.1138,4960,1232,53937,306000000,1728000
1791120011.1639,4960,1232,53781,306000000,1728000
1791120011.2140,4960,1232,53937,306000000,1728000
1791120011.2641,4960,1224,53781,306000000,1728000
1791120011.3142,4960,1224,53843,306000000,1728000
1791120011.3642,4960,1216,53781,306000000,1728000
1791120011.4143,4960,1224,53812,306000000,1728000
1791120011.4644,4960,1224,53781,306000000,1728000
1791120011.5145,4960,1216,53812,306000000,1728000
1791120011.5645,4960,1216,53968,306000000,1728000
1791120011.6146,4960,1216,53812,306000000,1344000
1791120011.6647,4960,1232,53937,306000000,1728000
1791120011.7148,4960,1240,53812,306000000,1728000
1791120011.7649,4960,1232,53875,306000000,1728000
1791120011.8150,4960,1240,53687,306000000,1728000
1791120011.8651,4960,1232,53843,306000000,1728000
1791120011.9152,4960,1232,53843,306000000,1728000
1791120011.9653,4960,1224,53843,306000000,1728000
1791120012.0154,4960,1224,53937,306000000,1728000
1791120012.0655,4960,1224,53843,306000000,1728000
1791120012.1155,4960,1216,54000,306000000,729600
1791120012.1656,4960,1216,53812,306000000,1728000
1791120012.2157,4960,1232,53843,306000000,1728000
1791120012.2658,4960,1232,53781,306000000,1728000
1791120012.3159,4960,1224,53875,306000000,1728000
1791120012.3660,4960,1224,53781,306000000,1728000
1791120012.4161,4960,1216,53875,306000000,1728000
1791120012.4662,4960,1224,53875,306000000,1728000
1791120012.5162,4960,1224,53781,306000000,1728000
1791120012.5663,4960,1216,53906,306000000,1728000
1791120012.6164,4960,1216,53812,306000000,1728000
1791120012.6665,4960,1216,53906,306000000,1728000
1791120012.7166,4960,1224,53750,306000000,1728000
1791120012.7667,4960,1232,53812,306000000,1728000
1791120012.8168,4960,1232,53718,306000000,1728000
1791120012.8669,4960,1232,53781,306000000,1728000
1791120012.9169,4960,1224,53937,306000000,1728000
1791120012.9671,4960,1232,53875,306000000,1728000
1791120013.0171,4960,1224,53843,306000000,1728000
1791120013.0672,4960,1224,53843,306000000,1728000
1791120013.1173,4960,1232,53906,306000000,1728000
1791120013.1674,4960,1224,53750,306000000,1728000
1791120013.2175,4960,1224,53906,306000000,1728000
1791120013.2675,4960,1216,53812,306000000,1728000
1791120013.3176,4960,1224,53812,306000000,1728000
1791120013.3677,4960,1224,53781,306000000,1728000
1791120013.4178,4960,1224,53906,306000000,1728000
1791120013.4679,4960,1224,53968,306000000,1728000
1791120013.5180,4960,1224,53812,306000000,1728000
1791120013.5681,4960,1224,53875,306000000,1728000
1791120013.6182,4960,1224,53875,306000000,1728000
1791120013.6682,4960,1224,53875,306000000,1728000
1791120013.7183,4960,1232,53781,306000000,1728000
1791120013.7684,4960,1224,53906,306000000,1728000
1791120013.8185,4960,1224,53750,306000000,1728000
1791120013.8686,4960,1232,53843,306000000,1497600
1791120013.9187,4960,1240,53968,306000000,1728000
1791120013.9688,4960,1232,53843,306000000,1728000
1791120014.0189,4960,1232,53906,306000000,1728000
1791120014.0690,4960,1224,53875,306000000,1728000
1791120014.1191,4960,1232,53937,306000000,1728000
1791120014.1692,4960,1224,53781,306000000,1728000
1791120014.2192,4960,1224,53812,306000000,1728000
1791120014.2693,4960,1224,53750,306000000,1728000
1791120014.3194,4960,1216,53781,306000000,1728000
1791120014.3695,4960,1208,53906,306000000,1728000
1791120014.4196,4960,1224,53937,306000000,1728000
1791120014.4697,4960,1240,53937,306000000,1728000
1791120014.5198,4960,1224,53781,306000000,1728000
1791120014.5699,4960,1232,53843,306000000,1728000
1791120014.6200,4960,1224,53750,306000000,1728000
1791120014.6700,4960,1224,53906,306000000,1728000
1791120014.7201,4960,1224,53750,306000000,1728000
1791120014.7702,4960,1224,53875,306000000,1728000
1791120014.8203,4960,1216,53937,306000000,1728000
1791120014.8704,4960,1224,53843,306000000,1728000
1791120014.9205,4960,1216,53906,306000000,1728000
1791120014.9706,4960,1216,53812,306000000,1190400
1791120015.0207,4960,1224,53906,306000000,729600
1791120015.0708,4960,1232,53781,306000000,1728000
1791120015.1209,4960,1216,53843,306000000,1728000
1791120015.1709,4960,1224,53750,306000000,1728000
1791120015.2210,4960,1216,53843,306000000,1728000
1791120015.2711,4960,1216,53937,306000000,1728000
1791120015.3212,4960,1216,53812,306000000,1728000
1791120015.3713,4960,1216,53937,306000000,1728000
1791120015.4214,4960,1216,53937,306000000,1728000
1791120015.4714,4960,1208,53906,306000000,1728000
1791120015.5215,4960,1216,53875,306000000,1728000
1791120015.5716,4960,1232,53937,306000000,1728000
1791120015.6217,4960,1224,53812,306000000,1728000
1791120015.6718,4960,1232,53875,306000000,1728000
1791120015.7219,4960,1224,53968,306000000,1728000
1791120015.7720,4960,1224,53875,306000000,1728000
1791120015.8221,4960,1232,53968,306000000,1728000
1791120015.8722,4960,1224,53781,306000000,1728000
1791120015.9222,4960,1224,53906,306000000,1728000
1791120015.9723,4960,1216,53781,306000000,1728000
1791120016.0224,4960,1216,53937,306000000,1728000
1791120016.0725,4960,1224,53750,306000000,1728000
1791120016.1226,4960,1232,53906,306000000,1728000
1791120016.1727,4960,1248,53781,306000000,1728000
1791120016.2227,4960,1240,53812,306000000,1728000
1791120016.2728,4960,1248,53906,306000000,1728000
1791120016.3229,4960,1264,53812,306000000,1728000
1791120016.3730,4960,1272,53968,306000000,1728000
1791120016.4230,4960,1272,53875,306000000,1728000
1791120016.4731,4960,1272,53812,306000000,1728000
1791120016.5232,4960,1272,53781,306000000,1728000
1791120016.5733,4960,1256,53875,306000000,1728000
1791120016.6234,4960,1256,53812,306000000,1728000
1791120016.6735,4960,1264,53812,306000000,1728000
1791120016.7236,4960,1264,54000,306000000,1728000
1791120016.7736,4960,1256,53812,306000000,1728000
1791120016.8237,4960,1256,53968,306000000,1267200
1791120016.8738,4960,1248,53843,306000000,1728000
1791120016.9239,4960,1248,53875,306000000,1728000
1791120016.9740,4960,1248,53875,306000000,1728000
1791120017.0241,4960,1240,53906,306000000,1728000
1791120017.0741,4960,1240,53781,306000000,1728000
1791120017.1242,4960,1224,53843,306000000,1728000
1791120017.1743,4960,1232,54000,306000000,1728000
1791120017.2244,4960,1240,53843,306000000,1728000
1791120017.2745,4960,1248,53968,306000000,1728000
1791120017.3246,4960,1240,53843,306000000,1728000
1791120017.3746,4960,1240,53906,306000000,1728000
1791120017.4247,4960,1240,53843,306000000,1728000
1791120017.4748,4960,1232,53968,306000000,1728000
1791120017.5248,4960,1232,53843,306000000,1728000
1791120017.5749,4960,1224,53843,306000000,1728000
1791120017.6250,4960,1232,53968,306000000,1728000
1791120017.6751,4960,1216,53875,306000000,1728000
1791120017.7252,4960,1224,54000,306000000,1728000
1791120017.7753,4960,1216,53781,306000000,1190400
1791120017.8254,4960,1232,53937,306000000,1497600
1791120017.8755,4960,1232,53843,306000000,1728000
1791120017.9256,4960,1232,53875,306000000,1728000
1791120017.9756,4960,1224,53906,306000000,1728000
1791120018.0257,4960,1224,53906,306000000,1728000
1791120018.0758,4960,1216,54031,306000000,1728000
1791120018.1259,4960,1216,53812,306000000,1728000
1791120018.1760,4960,1216,54000,306000000,1728000
1791120018.2260,4960,1216,53843,306000000,1728000
1791120018.2761,4960,1208,53937,306000000,1728000
1791120018.3262,4960,1200,53875,306000000,1728000
1791120018.3763,4960,1216,53843,306000000,1728000
1791120018.4264,4960,1216,53812,306000000,1728000
1791120018.4765,4960,1224,53843,306000000,1728000
1791120018.5265,4960,1216,53781,306000000,1728000
1791120018.5766,4960,1224,53906,306000000,1728000
1791120018.6267,4960,1224,53906,306000000,1728000
1791120018.6768,4960,1224,53843,306000000,1728000
1791120018.7269,4960,1216,53968,306000000,1728000
1791120018.7769,4960,1224,53843,306000000,1728000
1791120018.8270,4960,1232,53843,306000000,1728000
1791120018.8771,4960,1224,53843,306000000,1728000
1791120018.9272,4960,1240,53781,306000000,1344000
1791120018.9773,4960,1248,54031,306000000,1728000
1791120019.0274,4960,1240,53875,306000000,1728000
1791120019.0775,4960,1240,53937,306000000,1728000
1791120019.1276,4960,1224,53875,306000000,1728000
1791120019.1776,4960,1232,53937,306000000,1728000
1791120019.2277,4960,1224,53875,306000000,1728000
1791120019.2778,4960,1224,53906,306000000,1728000
1791120019.3279,4960,1224,53875,306000000,1728000
1791120019.3780,4960,1224,53906,306000000,1728000
1791120019.4280,4960,1224,53875,306000000,1728000
1791120019.4781,4960,1232,53843,306000000,1728000
1791120019.5282,4960,1232,54093,306000000,1728000
1791120019.5783,4960,1232,53843,306000000,1728000
1791120019.6284,4960,1232,54000,306000000,1728000
1791120019.6785,4960,1232,53843,306000000,1728000
1791120019.7286,4960,1232,54000,306000000,1728000
1791120019.7787,4960,1224,53875,306000000,1728000
1791120019.8287,4960,1232,53906,306000000,1728000
1791120019.8788,4960,1216,53781,306000000,1728000
1791120019.9289,4960,1232,53843,306000000,960000
1791120019.9791,4960,1224,53968,306000000,1728000
1791120020.0292,4960,1232,53906,306000000,1728000
1791120020.0792,4960,1232,54031,306000000,1728000
1791120020.1293,4960,1232,53812,306000000,1728000
1791120020.1794,4960,1224,53906,306000000,1728000
1791120020.2295,4960,1232,53843,306000000,1728000
1791120020.2796,4960,1232,53968,306000000,1728000
1791120020.3296,4960,1224,53875,306000000,1728000
1791120020.3797,4960,1216,53937,306000000,1728000
1791120020.4298,4960,1216,53937,306000000,1728000
1791120020.4799,4960,1208,53875,306000000,1728000
1791120020.5299,4960,1216,54000,306000000,1728000
1791120020.5800,4960,1216,53843,306000000,1728000
1791120020.6301,4960,1224,54000,306000000,1728000
1791120020.6802,4960,1224,53937,306000000,1728000
1791120020.7303,4960,1224,53875,306000000,1728000
1791120020.7804,4960,1224,53906,306000000,1728000
1791120020.8304,4960,1216,53875,306000000,1728000
1791120020.8805,4960,1224,54031,306000000,1728000
1791120020.9306,4960,1216,53968,306000000,1190400
1791120020.9807,4960,1224,54000,306000000,1728000
1791120021.0308,4960,1216,53812,306000000,1728000
1791120021.0809,4960,1224,54000,306000000,1728000
1791120021.1310,4960,1224,53906,306000000,1728000
1791120021.1811,4960,1232,53968,306000000,1728000
1791120021.2311,4960,1232,53750,306000000,1728000
1791120021.2812,4960,1232,53906,306000000,1728000
1791120021.3313,4960,1232,54000,306000000,1728000
1791120021.3814,4960,1224,53906,306000000,1728000
1791120021.4315,4960,1224,54000,306000000,1728000
1791120021.4815,4960,1216,53906,306000000,1728000
1791120021.5316,4960,1224,53937,306000000,1728000
1791120021.5817,4960,1224,53843,306000000,1728000
1791120021.6318,4960,1216,54000,306000000,1728000
1791120021.6819,4960,1224,53781,306000000,1728000
1791120021.7320,4960,1232,53968,306000000,1728000
1791120021.7821,4960,1232,54093,306000000,1728000
1791120021.8321,4960,1232,53875,306000000,1728000
1791120021.8822,4960,1224,53968,306000000,1728000
1791120021.9323,4960,1232,53875,306000000,1728000
1791120021.9824,4960,1232,53968,306000000,1728000
1791120022.0325,4960,1232,53875,306000000,1728000
1791120022.0826,4960,1224,53968,306000000,1728000
1791120022.1327,4960,1224,53906,306000000,1728000
1791120022.1827,4960,1224,53906,306000000,1728000
1791120022.2328,4960,1216,54000,306000000,1728000
1791120022.2829,4960,1224,53843,306000000,1728000
1791120022.3330,4960,1232,54062,306000000,1728000
1791120022.3831,4960,1232,53906,306000000,1728000
1791120022.4332,4960,1224,53937,306000000,1728000
1791120022.4833,4960,1232,53875,306000000,1728000
1791120022.5333,4960,1216,53937,306000000,1728000
1791120022.5834,4960,1224,53843,306000000,1728000
1791120022.6335,4960,1216,53843,306000000,1728000
1791120022.6836,4960,1224,54062,306000000,1728000
1791120022.7337,4960,1216,53937,306000000,1728000
1791120022.7838,4960,1216,53968,306000000,1728000
1791120022.8338,4960,1224,53875,306000000,1728000
1791120022.8839,4960,1224,53968,306000000,1728000
1791120022.9340,4960,1232,53843,306000000,1728000
1791120022.9841,4960,1224,53875,306000000,1728000
1791120023.0342,4960,1232,53843,306000000,1728000
1791120023.0843,4960,1224,53906,306000000,1728000
1791120023.1344,4960,1224,53906,306000000,1728000
1791120023.1845,4960,1216,53937,306000000,1728000
1791120023.2345,4960,1224,54031,306000000,1728000
1791120023.2846,4960,1224,53906,306000000,1728000
1791120023.3347,4960,1216,54031,306000000,1728000
1791120023.3848,4960,1216,54000,306000000,1728000
1791120023.4349,4960,1224,53937,306000000,1497600
1791120023.4850,4960,1224,53937,306000000,1728000
1791120023.5351,4960,1224,53906,306000000,1728000
1791120023.5851,4960,1224,53843,306000000,1728000
1791120023.6352,4960,1224,53875,306000000,1728000
1791120023.6853,4960,1224,54000,306000000,1728000
1791120023.7354,4960,1224,53906,306000000,1728000
1791120023.7855,4960,1224,54062,306000000,1728000
1791120023.8355,4960,1224,53937,306000000,1728000
1791120023.8856,4960,1224,53906,306000000,1728000
1791120023.9357,4960,1216,53906,306000000,1728000
1791120023.9858,4960,1224,53968,306000000,1728000
1791120024.0359,4960,1240,53906,306000000,1728000
1791120024.0860,4960,1232,53968,306000000,1728000
1791120024.1361,4960,1232,53906,306000000,1728000
1791120024.1862,4960,1232,53906,306000000,1728000
1791120024.2362,4960,1224,53968,306000000,1728000
1791120024.2863,4960,1232,53875,306000000,1728000
1791120024.3364,4960,1216,54000,306000000,1728000
1791120024.3865,4960,1224,53875,306000000,1728000
1791120024.4365,4960,1224,53906,306000000,1728000
1791120024.4866,4960,1216,53843,306000000,1728000
1791120024.5367,4960,1232,54000,306000000,1728000
1791120024.5868,4960,1224,54031,306000000,1728000
1791120024.6369,4960,1232,53843,306000000,1728000
1791120024.6871,4960,1224,54093,306000000,1728000
1791120024.7371,4960,1232,53906,306000000,1728000
1791120024.7872,4960,1224,54031,306000000,729600
1791120024.8373,4960,1224,53843,306000000,1728000
1791120024.8874,4960,1224,54031,306000000,1728000
1791120024.9375,4960,1232,53937,306000000,1728000
1791120024.9876,4960,1224,53968,306000000,1728000
1791120025.0377,4960,1232,53875,306000000,1113600
1791120025.0878,4960,1248,53843,306000000,1728000
1791120025.1379,4960,1264,54062,306000000,1728000
1791120025.1880,4960,1264,53906,306000000,1728000
1791120025.2381,4960,1264,53968,306000000,1728000
1791120025.2882,4960,1264,53968,306000000,883200
1791120025.3383,4960,1264,54000,306000000,1728000
1791120025.3884,4960,1248,53906,306000000,1728000
1791120025.4385,4960,1248,53968,306000000,1728000
1791120025.4885,4960,1240,53906,306000000,1728000
1791120025.5386,4960,1240,53937,306000000,1728000
1791120025.5887,4960,1240,54093,306000000,1728000
1791120025.6388,4960,1248,54000,306000000,1344000
1791120025.6889,4960,1256,53968,306000000,1728000
1791120025.7390,4960,1256,53968,306000000,1728000
1791120025.7891,4960,1264,54000,306000000,1728000
1791120025.8392,4960,1256,53812,306000000,1728000
1791120025.8893,4960,1248,53968,306000000,1728000
1791120025.9394,4960,1256,53937,306000000,1728000
1791120025.9894,4960,1240,53968,306000000,1728000
1791120026.0395,4960,1240,54062,306000000,1728000
1791120026.0896,4960,1240,53968,306000000,1728000
1791120026.1397,4960,1248,54093,306000000,1728000
1791120026.1898,4960,1232,53968,306000000,1728000
1791120026.2399,4960,1256,54000,306000000,1267200
1791120026.2900,4960,1248,54000,306000000,1728000
1791120026.3400,4960,1240,53968,306000000,1728000
1791120026.3901,4960,1240,53906,306000000,1728000
1791120026.4402,4960,1232,53968,306000000,1728000
1791120026.4903,4960,1232,54062,306000000,1728000
1791120026.5403,4960,1224,53937,306000000,1728000
1791120026.5904,4960,1224,54031,306000000,1728000
1791120026.6405,4960,1216,53875,306000000,1728000
1791120026.6906,4960,1224,54000,306000000,1728000
1791120026.7406,4960,1216,53875,306000000,1728000
1791120026.7907,4960,1216,54031,306000000,1344000
1791120026.8408,4960,1224,53906,306000000,1728000
1791120026.8909,4960,1232,54031,306000000,1728000
1791120026.9410,4960,1224,54093,306000000,1728000
1791120026.9911,4960,1224,53968,306000000,1728000
1791120027.0411,4960,1232,54093,306000000,1728000
1791120027.0912,4960,1224,53968,306000000,1728000
1791120027.1413,4960,1232,54000,306000000,1728000
1791120027.1914,4960,1224,53843,306000000,1728000
1791120027.2415,4960,1224,53906,306000000,1728000
1791120027.2915,4960,1232,53906,306000000,1728000
1791120027.3419,4960,1232,53968,306000000,1728000
1791120027.3920,4960,1240,54031,306000000,1728000
1791120027.4421,4960,1232,53937,306000000,1728000
1791120027.4921,4960,1232,54031,306000000,1728000
1791120027.5422,4960,1224,53906,306000000,1728000
1791120027.5923,4960,1224,54000,306000000,1728000
1791120027.6424,4960,1224,53906,306000000,1728000
1791120027.6925,4960,1216,53968,306000000,1728000
1791120027.7426,4960,1224,53937,306000000,1728000
1791120027.7926,4960,1216,53968,306000000,1728000
1791120027.8427,4960,1216,54031,306000000,1728000
1791120027.8928,4960,1224,53968,306000000,1728000
1791120027.9429,4960,1232,54000,306000000,1728000
1791120027.9930,4960,1224,54031,306000000,1728000
1791120028.0431,4960,1224,54062,306000000,1728000
1791120028.0932,4960,1224,53906,306000000,1728000
1791120028.1433,4960,1232,54062,306000000,1728000
1791120028.1934,4960,1232,53937,306000000,1728000
1791120028.2434,4960,1224,53968,306000000,1728000
1791120028.2935,4960,1224,54093,306000000,1728000
1791120028.3436,4960,1216,54031,306000000,1728000
1791120028.3937,4960,1216,54093,306000000,1728000
1791120028.4438,4960,1216,53968,306000000,1728000
1791120028.4939,4960,1224,54062,306000000,1728000
1791120028.5440,4960,1224,53906,306000000,1728000
1791120028.5940,4960,1216,54031,306000000,1728000
1791120028.6441,4960,1224,53937,306000000,1728000
1791120028.6942,4960,1208,53968,306000000,1728000
1791120028.7443,4960,1216,53906,306000000,1728000
1791120028.7944,4960,1208,53968,306000000,1728000
1791120028.8444,4960,1208,54093,306000000,1728000
1791120028.8945,4960,1208,53906,306000000,1728000
1791120028.9446,4960,1208,54062,306000000,1728000
1791120028.9946,4960,1208,53812,306000000,1728000
1791120029.0447,4960,1224,54000,306000000,1728000
1791120029.0948,4960,1224,53937,306000000,1728000
1791120029.1449,4960,1224,54031,306000000,1728000
1791120029.1950,4960,1232,53875,306000000,1728000
1791120029.2451,4960,1224,54000,306000000,1728000
1791120029.2952,4960,1224,54093,306000000,1728000
1791120029.3453,4960,1224,53937,306000000,1728000
1791120029.3953,4960,1224,54031,306000000,1728000
1791120029.4454,4960,1224,54000,306000000,1728000
1791120029.4955,4960,1216,53968,306000000,1728000
1791120029.5456,4960,1224,53937,306000000,1728000
1791120029.5957,4960,1224,53906,306000000,1728000
1791120029.6458,4960,1232,53968,306000000,1728000
1791120029.6959,4960,1224,53937,306000000,1728000
1791120029.7460,4960,1224,54062,306000000,1728000
1791120029.7961,4960,1216,53968,306000000,1728000
1791120029.8462,4960,1224,54062,306000000,1728000
1791120029.8963,4960,1224,53906,306000000,1728000
1791120029.9463,4960,1216,54093,306000000,1728000
1791120029.9964,4960,1224,53937,306000000,1728000
1791120030.0465,4960,1224,54000,306000000,1728000
1791120030.0966,4960,1224,53937,306000000,1728000
1791120030.1467,4960,1232,54062,306000000,1728000
1791120030.1968,4960,1248,54062,306000000,1190400
1791120030.2469,4960,1240,53875,306000000,1728000
1791120030.2970,4960,1240,54093,306000000,1728000
1791120030.3471,4960,1232,54031,306000000,1728000
1791120030.3971,4960,1232,54031,306000000,1728000
1791120030.4472,4960,1224,53875,306000000,1728000
1791120030.4973,4960,1232,54062,306000000,1728000
1791120030.5474,4960,1216,54000,306000000,1728000
1791120030.5975,4960,1224,53937,306000000,1728000
1791120030.6476,4960,1216,54093,306000000,1728000
1791120030.6977,4960,1216,53968,306000000,1728000
1791120030.7478,4960,1232,54062,306000000,1728000
1791120030.7978,4960,1224,53906,306000000,1728000
1791120030.8479,4960,1224,54062,306000000,1728000
1791120030.8980,4960,1224,53937,306000000,1728000
1791120030.9481,4960,1216,53906,306000000,1728000
1791120030.9982,4960,1216,53968,306000000,1728000
1791120031.0483,4960,1216,54000,306000000,1728000
1791120031.0984,4960,1216,54125,306000000,1728000
1791120031.1484,4960,1216,53968,306000000,1728000
1791120031.1985,4960,1216,54093,306000000,1728000
1791120031.2486,4960,1224,53968,306000000,1728000
1791120031.2987,4960,1240,54062,306000000,1267200
1791120031.3488,4960,1232,54000,306000000,1728000
1791120031.3989,4960,1224,54031,306000000,1728000
1791120031.4490,4960,1224,54000,306000000,1728000
1791120031.4991,4960,1224,54062,306000000,1728000
1791120031.5492,4960,1224,53843,306000000,1728000
1791120031.5992,4960,1224,54000,306000000,1728000
1791120031.6493,4960,1224,54062,306000000,1728000
1791120031.6994,4960,1216,54062,306000000,1728000
1791120031.7495,4960,1224,54093,306000000,1728000
1791120031.7996,4960,1216,53937,306000000,1728000
1791120031.8497,4960,1232,54000,306000000,1728000
1791120031.8998,4960,1232,54000,306000000,1728000
1791120031.9498,4960,1224,54062,306000000,1728000
1791120031.9999,4960,1216,53937,306000000,1728000
1791120032.0500,4960,1224,54062,306000000,1728000
1791120032.1001,4960,1208,54062,306000000,1728000
1791120032.1502,4960,1216,54000,306000000,1728000
1791120032.2002,4960,1216,54093,306000000,1728000
1791120032.2503,4960,1216,53937,306000000,1728000
1791120032.3004,4960,1224,54000,306000000,1728000
1791120032.3505,4960,1216,53937,306000000,1728000
1791120032.4006,4960,1224,53937,306000000,1728000
1791120032.4507,4960,1224,53937,306000000,1728000
1791120032.5008,4960,1232,53968,306000000,1728000
1791120032.5509,4960,1224,54125,306000000,1728000
1791120032.6010,4960,1224,53968,306000000,1728000
1791120032.6511,4960,1216,54093,306000000,1728000
1791120032.7011,4960,1216,53937,306000000,1728000
1791120032.7512,4960,1216,54031,306000000,1728000
1791120032.8013,4960,1216,54000,306000000,1728000
1791120032.8514,4960,1216,54000,306000000,1728000
1791120032.9014,4960,1216,53968,306000000,1728000
1791120032.9515,4960,1232,53968,306000000,1728000
1791120033.0016,4960,1224,54187,306000000,1728000
1791120033.0517,4960,1232,53968,306000000,1728000
1791120033.1018,4960,1232,54031,306000000,1728000
1791120033.1519,4960,1224,53968,306000000,1728000
1791120033.2020,4960,1224,53968,306000000,1728000
1791120033.2521,4960,1224,53968,306000000,1728000
1791120033.3022,4960,1232,54031,306000000,1728000
1791120033.3522,4960,1224,54000,306000000,1728000
1791120033.4023,4960,1224,54000,306000000,1728000
1791120033.4524,4960,1216,54125,306000000,1728000
1791120033.5025,4960,1224,53968,306000000,1728000
1791120033.5526,4960,1224,54062,306000000,1728000
1791120033.6027,4960,1232,54000,306000000,1728000
1791120033.6528,4960,1224,54093,306000000,1728000
1791120033.7028,4960,1224,53968,306000000,1728000
1791120033.7529,4960,1216,54062,306000000,1728000
1791120033.8030,4960,1224,54062,306000000,1728000
1791120033.8531,4960,1216,54093,306000000,1728000
1791120033.9032,4960,1216,54093,306000000,1728000
1791120033.9533,4960,1208,53968,306000000,1728000
1791120034.0034,4960,1216,54093,306000000,1728000
1791120034.0534,4960,1216,54062,306000000,1190400
1791120034.1035,4960,1224,54062,306000000,1728000
1791120034.1536,4960,1232,54000,306000000,1728000
1791120034.2037,4960,1224,54031,306000000,1728000
1791120034.2538,4960,1224,54000,306000000,1728000
1791120034.3039,4960,1224,54031,306000000,1728000
1791120034.3540,4960,1232,53937,306000000,1728000
1791120034.4041,4960,1224,54031,306000000,1728000
1791120034.4542,4960,1224,54125,306000000,1728000
1791120034.5043,4960,1224,54031,306000000,1728000
1791120034.5544,4960,1216,54156,306000000,1728000
1791120034.6044,4960,1216,53937,306000000,1728000
1791120034.6545,4960,1224,54062,306000000,1728000
1791120034.7046,4960,1232,54000,306000000,1728000
1791120034.7547,4960,1224,54093,306000000,1728000
1791120034.8048,4960,1216,53968,306000000,1728000
1791120034.8549,4960,1216,54062,306000000,1728000
1791120034.9050,4960,1208,54156,306000000,1728000
1791120034.9550,4960,1208,53968,306000000,1728000
1791120035.0051,4960,1208,54156,306000000,1728000
1791120035.0552,4960,1216,54000,306000000,1728000
1791120035.1053,4960,1208,54062,306000000,1728000
1791120035.1554,4960,1200,53937,306000000,1728000
1791120035.2055,4960,1216,54062,306000000,1267200
1791120035.2556,4960,1216,53968,306000000,1728000
1791120035.3057,4960,1216,54062,306000000,1728000
1791120035.3558,4960,1232,54125,306000000,1728000
1791120035.4058,4960,1224,54000,306000000,1728000
1791120035.4559,4960,1224,54093,306000000,1728000
1791120035.5060,4960,1216,54062,306000000,1728000
1791120035.5561,4960,1224,54031,306000000,1728000
1791120035.6061,4960,1208,53968,306000000,1728000
1791120035.6562,4960,1216,54093,306000000,1728000
1791120035.7063,4960,1208,53968,306000000,1728000
1791120035.7564,4960,1224,54031,306000000,1728000
1791120035.8065,4960,1232,54125,306000000,1728000
1791120035.8566,4960,1224,54093,306000000,1728000
1791120035.9067,4960,1232,54125,306000000,1728000
1791120035.9568,4960,1232,53968,306000000,1728000
1791120036.0069,4960,1240,54031,306000000,1728000
1791120036.0570,4960,1232,53968,306000000,1728000
1791120036.1071,4960,1232,54062,306000000,1728000
1791120036.1572,4960,1232,54000,306000000,1728000
1791120036.2073,4960,1224,54093,306000000,1728000
1791120036.2574,4960,1224,53875,306000000,729600
1791120036.3075,4960,1232,53968,306000000,1728000
1791120036.3576,4960,1264,54125,306000000,1728000
1791120036.4077,4960,1264,54000,306000000,1728000
1791120036.4578,4960,1256,54062,306000000,1728000
1791120036.5079,4960,1256,54062,306000000,1728000
1791120036.5580,4960,1256,54125,306000000,1728000
1791120036.6081,4960,1256,54000,306000000,1728000
1791120036.6582,4960,1248,53968,306000000,1728000
1791120036.7083,4960,1248,53968,306000000,1728000
1791120036.7584,4960,1240,54062,306000000,806400
1791120036.8085,4960,1240,54125,306000000,1728000
1791120036.8586,4960,1248,53968,306000000,1728000
1791120036.9087,4960,1256,54093,306000000,1728000
1791120036.9588,4960,1248,54062,306000000,960000
1791120037.0089,4960,1256,54093,306000000,1728000
1791120037.0590,4960,1248,54062,306000000,1728000
1791120037.1091,4960,1240,54093,306000000,1728000
1791120037.1592,4960,1248,54000,306000000,1728000
1791120037.2093,4960,1240,54000,306000000,1728000
1791120037.2594,4960,1240,54187,306000000,1728000
1791120037.3095,4960,1232,54062,306000000,1728000
1791120037.3596,4960,1232,54156,306000000,1728000
1791120037.4097,4960,1248,54062,306000000,1728000
1791120037.4598,4960,1256,54093,306000000,1728000
1791120037.5099,4960,1264,54031,306000000,1728000
1791120037.5600,4960,1256,54093,306000000,1728000
1791120037.6101,4960,1256,54062,306000000,1728000
1791120037.6602,4960,1256,54031,306000000,1728000
1791120037.7103,4960,1256,54093,306000000,1728000
1791120037.7604,4960,1248,54062,306000000,1728000
1791120037.8105,4960,1248,54187,306000000,1728000
1791120037.8606,4960,1248,54000,306000000,1728000
1791120037.9107,4960,1240,54156,306000000,1728000
1791120037.9607,4960,1240,54000,306000000,1728000
1791120038.0108,4960,1256,54062,306000000,806400
1791120038.0609,4960,1248,53906,306000000,1728000
1791120038.1111,4960,1256,54093,306000000,1728000
1791120038.1611,4960,1248,54218,306000000,1728000
1791120038.2112,4960,1240,54000,306000000,1728000
1791120038.2613,4960,1248,54187,306000000,1728000
1791120038.3114,4960,1248,54062,306000000,1728000
1791120038.3615,4960,1240,54125,306000000,1728000
1791120038.4116,4960,1248,54031,306000000,1728000
1791120038.4617,4960,1248,54062,306000000,806400
1791120038.5118,4960,1240,53968,306000000,1728000
1791120038.5619,4960,1256,54031,306000000,1728000
1791120038.6120,4960,1272,54031,306000000,1728000
1791120038.6621,4960,1272,54125,306000000,1728000
1791120038.7122,4960,1256,54187,306000000,1728000
1791120038.7623,4960,1256,54000,306000000,1728000
1791120038.8124,4960,1256,54281,306000000,1728000
1791120038.8625,4960,1248,54000,306000000,1728000
1791120038.9126,4960,1248,54093,306000000,1728000
1791120038.9627,4960,1256,54031,306000000,1728000
1791120039.0128,4960,1240,54125,306000000,1728000
1791120039.0628,4960,1240,53937,306000000,1728000
1791120039.1129,4960,1248,54093,306000000,1728000
1791120039.1631,4960,1264,54187,306000000,1190400
1791120039.2132,4960,1264,54125,306000000,1728000
1791120039.2633,4960,1264,54125,306000000,1728000
1791120039.3133,4960,1256,54031,306000000,1728000
1791120039.3635,4960,1248,54093,306000000,1728000
1791120039.4135,4960,1248,54031,306000000,1728000
1791120039.4636,4960,1264,54000,306000000,1728000
1791120039.5137,4960,1256,54093,306000000,1728000
1791120039.5638,4960,1264,54093,306000000,1728000
1791120039.6139,4960,1264,54156,306000000,1728000
1791120039.6640,4960,1256,54062,306000000,1728000
1791120039.7141,4960,1272,54093,306000000,1728000
1791120039.7642,4960,1288,54062,306000000,1728000
1791120039.8143,4960,1296,54093,306000000,1728000
1791120039.8644,4960,1296,54031,306000000,1728000
1791120039.9145,4960,1288,54093,306000000,1728000
1791120039.9646,4960,1288,53968,306000000,1728000
1791120040.0146,4960,1280,54093,306000000,1728000
1791120040.0647,4960,1272,54062,306000000,1728000
1791120040.1148,4960,1264,54062,306000000,1728000
1791120040.1649,4960,1264,54093,306000000,1728000
1791120040.2150,4960,1256,54062,306000000,1728000
1791120040.2651,4960,1272,54125,306000000,1728000
1791120040.3152,4960,1272,54062,306000000,1728000
1791120040.3653,4960,1264,54093,306000000,1728000
1791120040.4154,4960,1264,54031,306000000,883200
1791120040.4655,4960,1256,54093,306000000,1344000
1791120040.5156,4960,1256,54062,306000000,1728000
1791120040.5657,4960,1256,53968,306000000,1728000
1791120040.6158,4960,1240,54281,306000000,1728000
1791120040.6659,4960,1248,54062,306000000,1728000
1791120040.7160,4960,1240,54125,306000000,1728000
1791120040.7661,4960,1232,54093,306000000,1728000
1791120040.8162,4960,1240,54125,306000000,1420800
1791120040.8663,4960,1256,54031,306000000,1728000
1791120040.9163,4960,1256,54093,306000000,1728000
1791120040.9664,4960,1248,54093,306000000,729600
1791120041.0165,4960,1248,54093,306000000,1728000
1791120041.0666,4960,1240,54218,306000000,1728000
1791120041.1167,4960,1248,54062,306000000,1728000
1791120041.1668,4960,1248,54156,306000000,1728000
1791120041.2169,4960,1240,54093,306000000,729600
1791120041.2671,4960,1240,54093,306000000,1728000
1791120041.3172,4960,1240,54062,306000000,1728000
1791120041.3673,4960,1232,54031,306000000,1267200
1791120041.4173,4960,1256,54031,306000000,806400
1791120041.4674,4960,1248,54031,306000000,1728000
1791120041.5176,4960,1256,54187,306000000,883200
1791120041.5677,4960,1248,54093,306000000,1728000
1791120041.6178,4960,1248,54187,306000000,1728000
1791120041.6679,4960,1240,54062,306000000,1728000
1791120041.7180,4960,1232,54187,306000000,1728000
1791120041.7681,4960,1240,54093,306000000,1728000
1791120041.8182,4960,1240,54093,306000000,1728000
1791120041.8682,4960,1240,54062,306000000,1728000
1791120041.9183,4960,1232,54093,306000000,1113600
1791120041.9684,4960,1248,54156,306000000,1728000
1791120042.0185,4960,1248,54093,306000000,806400
1791120042.0686,4960,1240,54187,306000000,1728000
1791120042.1187,4960,1240,54093,306000000,1728000
1791120042.1688,4960,1240,54125,306000000,1728000
1791120042.2189,4960,1232,54093,306000000,729600
1791120042.2690,4960,1232,54093,306000000,1728000
1791120042.3191,4960,1232,54031,306000000,1728000
1791120042.3692,4960,1224,54125,306000000,729600
1791120042.4193,4960,1224,54093,306000000,1728000
1791120042.4694,4960,1224,54093,306000000,1728000
1791120042.5195,4960,1232,54125,306000000,1728000
1791120042.5696,4960,1248,54093,306000000,1728000
1791120042.6197,4960,1248,54156,306000000,1728000
1791120042.6698,4960,1256,54093,306000000,1728000
1791120042.7199,4960,1240,54156,306000000,1728000
1791120042.7700,4960,1240,54093,306000000,1728000
1791120042.8201,4960,1240,54125,306000000,1728000
1791120042.8702,4960,1240,54062,306000000,1728000
1791120042.9203,4960,1232,54093,306000000,1728000
1791120042.9704,4960,1232,54187,306000000,1728000
1791120043.0205,4960,1232,54156,306000000,1728000
1791120043.0706,4960,1232,54125,306000000,1728000
1791120043.1207,4960,1248,54062,306000000,1728000
1791120043.1708,4960,1248,54125,306000000,1728000
1791120043.2209,4960,1240,54031,306000000,1728000
1791120043.2709,4960,1232,54093,306000000,1728000
1791120043.3210,4960,1240,54062,306000000,1728000
1791120043.3711,4960,1224,54062,306000000,1728000
1791120043.4212,4960,1224,54218,306000000,1728000
1791120043.4713,4960,1216,54093,306000000,1728000
1791120043.5214,4960,1208,54187,306000000,1728000
1791120043.5715,4960,1216,54062,306000000,1728000
1791120043.6216,4960,1216,54187,306000000,1728000
1791120043.6717,4960,1232,54062,306000000,1728000
1791120043.7218,4960,1216,54093,306000000,1728000
1791120043.7719,4960,1224,54031,306000000,1728000
1791120043.8219,4960,1208,54093,306000000,1728000
1791120043.8720,4960,1216,54187,306000000,1728000
1791120043.9221,4960,1216,54125,306000000,1728000
1791120043.9722,4960,1208,54218,306000000,1728000
1791120044.0223,4960,1216,54000,306000000,1728000
1791120044.0723,4960,1208,54093,306000000,1728000
1791120044.1224,4960,1208,54031,306000000,1728000
1791120044.1725,4960,1200,54187,306000000,1728000
1791120044.2226,4960,1216,53937,306000000,1728000
1791120044.2727,4960,1224,54093,306000000,1728000
1791120044.3228,4960,1208,54218,306000000,1728000
1791120044.3728,4960,1216,54093,306000000,1728000
1791120044.4229,4960,1208,54218,306000000,1728000
1791120044.4730,4960,1208,54031,306000000,1728000
1791120044.5231,4960,1216,54156,306000000,1728000
1791120044.5732,4960,1208,54093,306000000,1113600
1791120044.6233,4960,1216,54093,306000000,1728000
1791120044.6734,4960,1208,54062,306000000,1728000
1791120044.7234,4960,1208,54062,306000000,1728000
1791120044.7735,4960,1216,54093,306000000,1728000
1791120044.8236,4960,1224,54093,306000000,1728000
1791120044.8737,4960,1216,54187,306000000,1728000
1791120044.9238,4960,1216,54093,306000000,1728000
1791120044.9739,4960,1200,54156,306000000,1728000
1791120045.0239,4960,1208,54093,306000000,1728000
1791120045.0740,4960,1200,54125,306000000,1728000
1791120045.1241,4960,1208,54062,306000000,1728000
1791120045.1742,4960,1192,54093,306000000,1728000
1791120045.2243,4960,1200,54218,306000000,1728000
1791120045.2743,4960,1192,54031,306000000,1728000
1791120045.3244,4960,1208,54187,306000000,1113600
1791120045.3745,4960,1208,54031,306000000,1728000
1791120045.4246,4960,1208,54218,306000000,1728000
1791120045.4747,4960,1200,54000,306000000,1728000
1791120045.5248,4960,1208,54093,306000000,1728000
1791120045.5748,4960,1200,54093,306000000,1728000
1791120045.6249,4960,1208,54093,306000000,1728000
1791120045.6751,4960,1208,54031,306000000,1728000
1791120045.7252,4960,1208,54125,306000000,1728000
1791120045.7752,4960,1208,54156,306000000,1728000
1791120045.8253,4960,1200,54031,306000000,1728000
1791120045.8754,4960,1208,54093,306000000,1344000
1791120045.9255,4960,1216,54062,306000000,1728000
1791120045.9756,4960,1216,54156,306000000,1728000
1791120046.0257,4960,1208,54031,306000000,1728000
1791120046.0757,4960,1216,54093,306000000,1728000
1791120046.1258,4960,1200,54125,306000000,1728000
1791120046.1759,4960,1208,54093,306000000,1728000
1791120046.2260,4960,1200,54125,306000000,1728000
1791120046.2761,4960,1208,54031,306000000,1728000
1791120046.3261,4960,1208,54156,306000000,1728000
1791120046.3762,4960,1200,54093,306000000,1728000
1791120046.4263,4960,1208,54062,306000000,1728000
1791120046.4764,4960,1216,54062,306000000,1728000
1791120046.5265,4960,1216,54093,306000000,1728000
1791120046.5766,4960,1216,54031,306000000,1728000
1791120046.6267,4960,1216,54187,306000000,1113600
1791120046.6768,4960,1208,54187,306000000,1728000
1791120046.7269,4960,1216,54093,306000000,1728000
1791120046.7770,4960,1208,54281,306000000,1728000
1791120046.8270,4960,1208,54125,306000000,1728000
1791120046.8771,4960,1216,54125,306000000,1728000
1791120046.9272,4960,1208,54093,306000000,1728000
1791120046.9773,4960,1216,54093,306000000,729600
1791120047.0274,4960,1216,54062,306000000,1420800
1791120047.0775,4960,1216,54093,306000000,1728000
1791120047.1276,4960,1216,54218,306000000,1728000
1791120047.1776,4960,1216,54156,306000000,1728000
1791120047.2277,4960,1216,54156,306000000,1728000
1791120047.2778,4960,1208,54031,306000000,1728000
1791120047.3279,4960,1216,54156,306000000,1728000
1791120047.3780,4960,1208,54093,306000000,1728000
1791120047.4280,4960,1208,54093,306000000,1728000
1791120047.4781,4960,1208,54093,306000000,1728000
1791120047.5282,4960,1208,54093,306000000,1728000
1791120047.5783,4960,1216,54250,306000000,1728000
1791120047.6284,4960,1232,54125,306000000,1728000
1791120047.6785,4960,1224,54218,306000000,1728000
1791120047.7286,4960,1224,54093,306000000,1728000
1791120047.7787,4960,1224,54250,306000000,1728000
1791120047.8288,4960,1216,54031,306000000,1728000
1791120047.8788,4960,1224,54093,306000000,1728000
1791120047.9289,4960,1216,54093,306000000,1728000
1791120047.9790,4960,1216,54093,306000000,1728000
1791120048.0291,4960,1216,54000,306000000,1728000
1791120048.0792,4960,1208,54062,306000000,1728000
1791120048.1293,4960,1224,54281,306000000,1497600
1791120048.1794,4960,1216,54125,306000000,1728000
1791120048.2295,4960,1224,54156,306000000,1728000
1791120048.2795,4960,1208,54031,306000000,1728000
1791120048.3296,4960,1208,54125,306000000,1728000
1791120048.3797,4960,1208,54031,306000000,1728000
1791120048.4298,4960,1200,54125,306000000,1728000
1791120048.4799,4960,1200,54156,306000000,1728000
1791120048.5299,4960,1200,54062,306000000,1728000
1791120048.5800,4960,1200,54218,306000000,1728000
1791120048.6301,4960,1200,54062,306000000,1728000
1791120048.6802,4960,1200,54218,306000000,1728000
1791120048.7303,4960,1224,54062,306000000,1728000
1791120048.7804,4960,1216,54218,306000000,1728000
1791120048.8305,4960,1200,54125,306000000,1728000
1791120048.8806,4960,1208,54125,306000000,1728000
1791120048.9306,4960,1208,54093,306000000,1728000
1791120048.9807,4960,1200,54156,306000000,1728000
1791120049.0308,4960,1200,54156,306000000,1728000
1791120049.0809,4960,1200,54125,306000000,1728000
1791120049.1309,4960,1208,54250,306000000,1728000
1791120049.1810,4960,1200,54093,306000000,1728000
1791120049.2311,4960,1208,54187,306000000,1190400
1791120049.2812,4960,1208,54093,306000000,1728000
1791120049.3313,4960,1216,54156,306000000,1728000
1791120049.3814,4960,1208,54093,306000000,1728000
1791120049.4314,4960,1208,54125,306000000,1728000
1791120049.4815,4960,1200,54218,306000000,1728000
1791120049.5316,4960,1208,54093,306000000,1728000
1791120049.5817,4960,1200,54281,306000000,1728000
1791120049.6318,4960,1208,54093,306000000,1728000
1791120049.6819,4960,1200,54125,306000000,1728000
1791120049.7320,4960,1208,54093,306000000,1728000
1791120049.7821,4960,1200,54156,306000000,1728000
1791120049.8321,4960,1216,54125,306000000,1728000
1791120049.8822,4960,1224,54093,306000000,1728000
1791120049.9323,4960,1216,54187,306000000,1728000
1791120049.9824,4960,1216,54093,306000000,1728000
1791120050.0325,4960,1216,54218,306000000,1728000
1791120050.0826,4960,1208,54031,306000000,1728000
1791120050.1326,4960,1200,54187,306000000,1728000
1791120050.1827,4960,1208,54093,306000000,1728000
1791120050.2328,4960,1200,54156,306000000,1728000
1791120050.2829,4960,1200,54093,306000000,1728000
1791120050.3329,4960,1200,54187,306000000,1728000
1791120050.3831,4960,1208,54281,306000000,1113600
1791120050.4331,4960,1216,54093,306000000,1728000
1791120050.4832,4960,1208,54187,306000000,1728000
1791120050.5333,4960,1208,54093,306000000,1728000
1791120050.5834,4960,1208,54125,306000000,1728000
1791120050.6335,4960,1208,54062,306000000,1728000
1791120050.6836,4960,1200,54156,306000000,1728000
1791120050.7337,4960,1208,54093,306000000,1728000
1791120050.7838,4960,1208,54156,306000000,1728000
1791120050.8338,4960,1208,54218,306000000,1728000
1791120050.8839,4960,1200,54125,306000000,1728000
1791120050.9340,4960,1216,54312,306000000,1728000
1791120050.9841,4960,1224,54093,306000000,1728000
1791120051.0342,4960,1216,54156,306000000,1728000
1791120051.0843,4960,1216,54093,306000000,1728000
1791120051.1344,4960,1208,54187,306000000,1728000
1791120051.1845,4960,1216,54062,306000000,1728000
1791120051.2346,4960,1208,54156,306000000,1728000
1791120051.2847,4960,1208,54187,306000000,1728000
1791120051.3347,4960,1216,54125,306000000,1728000
1791120051.3848,4960,1208,54250,306000000,1728000
1791120051.4349,4960,1200,54062,306000000,1728000
1791120051.4850,4960,1208,54187,306000000,1728000
1791120051.5351,4960,1224,54000,306000000,1728000
1791120051.5852,4960,1216,54125,306000000,1728000
1791120051.6353,4960,1216,54093,306000000,1728000
1791120051.6854,4960,1224,54218,306000000,1728000
1791120051.7355,4960,1216,54093,306000000,1728000
1791120051.7856,4960,1224,54062,306000000,729600
1791120051.8357,4960,1224,54312,306000000,1728000
1791120051.8857,4960,1216,54156,306000000,1728000
1791120051.9358,4960,1216,54281,306000000,1728000
1791120051.9859,4960,1208,54093,306000000,1728000
1791120052.0360,4960,1216,54156,306000000,1190400
1791120052.0861,4960,1224,54125,306000000,1728000
1791120052.1362,4960,1224,54156,306000000,1728000
1791120052.1863,4960,1224,54031,306000000,1728000
1791120052.2364,4960,1216,54093,306000000,1728000
1791120052.2864,4960,1216,54312,306000000,1728000
1791120052.3365,4960,1208,54093,306000000,1728000
1791120052.3866,4960,1208,54312,306000000,1728000
1791120052.4367,4960,1200,54093,306000000,1728000
1791120052.4868,4960,1208,54187,306000000,1728000
1791120052.5369,4960,1200,54093,306000000,1728000
1791120052.5870,4960,1208,54187,306000000,1728000
1791120052.6370,4960,1208,54093,306000000,1728000
1791120052.6871,4960,1216,54156,306000000,1728000
1791120052.7372,4960,1208,54218,306000000,1728000
1791120052.7873,4960,1216,54125,306000000,1190400
1791120052.8374,4960,1208,54250,306000000,1728000
1791120052.8875,4960,1216,54187,306000000,1728000
1791120052.9376,4960,1208,54187,306000000,1728000
1791120052.9877,4960,1208,54156,306000000,1728000
1791120053.0378,4960,1200,54156,306000000,1728000
1791120053.0878,4960,1208,54093,306000000,1728000
1791120053.1379,4960,1208,54156,306000000,1728000
1791120053.1880,4960,1208,54218,306000000,1728000
1791120053.2381,4960,1224,54187,306000000,1728000
1791120053.2882,4960,1216,54250,306000000,1728000
1791120053.3383,4960,1216,54093,306000000,1728000
1791120053.3884,4960,1216,54218,306000000,1728000
1791120053.4385,4960,1208,54093,306000000,1728000
1791120053.4885,4960,1216,54187,306000000,1728000
1791120053.5386,4960,1200,54062,306000000,1728000
1791120053.5887,4960,1208,54156,306000000,1728000
1791120053.6388,4960,1216,54218,306000000,1728000
1791120053.6889,4960,1208,54218,306000000,1728000
1791120053.7390,4960,1224,54312,306000000,1344000
1791120053.7891,4960,1232,54156,306000000,1728000
1791120053.8392,4960,1248,54250,306000000,1728000
1791120053.8893,4960,1248,54093,306000000,1728000
1791120053.9394,4960,1240,54156,306000000,1728000
1791120053.9895,4960,1240,54093,306000000,1728000
1791120054.0396,4960,1240,54187,306000000,1728000
1791120054.0897,4960,1248,54125,306000000,1728000
1791120054.1397,4960,1248,54093,306000000,1728000
1791120054.1898,4960,1248,54218,306000000,1728000
1791120054.2399,4960,1232,54125,306000000,1728000
1791120054.2900,4960,1240,54312,306000000,1728000
1791120054.3402,4960,1256,54250,306000000,1728000
1791120054.3902,4960,1248,54187,306000000,1728000
1791120054.4403,4960,1248,54093,306000000,1728000
1791120054.4904,4960,1240,54281,306000000,1728000
1791120054.5405,4960,1232,54093,306000000,1728000
1791120054.5906,4960,1224,54156,306000000,1728000
1791120054.6407,4960,1224,54218,306000000,1728000
1791120054.6907,4960,1224,54093,306000000,1728000
1791120054.7408,4960,1216,54281,306000000,1728000
1791120054.7909,4960,1224,54093,306000000,1728000
1791120054.8410,4960,1216,54187,306000000,1728000
1791120054.8911,4960,1232,54093,306000000,1420800
1791120054.9411,4960,1224,54312,306000000,1728000
1791120054.9912,4960,1232,54125,306000000,1728000
1791120055.0413,4960,1224,54156,306000000,1728000
1791120055.0914,4960,1224,54406,306000000,1728000
1791120055.1415,4960,1216,54093,306000000,1728000
1791120055.1916,4960,1216,54250,306000000,1728000
1791120055.2416,4960,1208,54187,306000000,1728000
1791120055.2917,4960,1208,54156,306000000,1728000
1791120055.3418,4960,1208,54093,306000000,1728000
1791120055.3919,4960,1208,54156,306000000,1728000
1791120055.4420,4960,1208,54093,306000000,1728000
1791120055.4921,4960,1216,54156,306000000,1728000
1791120055.5422,4960,1216,54312,306000000,1728000
1791120055.5922,4960,1216,54187,306000000,1728000
1791120055.6423,4960,1216,54312,306000000,1728000
1791120055.6924,4960,1208,54093,306000000,1728000
1791120055.7425,4960,1208,54156,306000000,1728000
1791120055.7926,4960,1216,54187,306000000,1728000
1791120055.8427,4960,1200,54281,306000000,1728000
1791120055.8928,4960,1216,54156,306000000,729600
1791120055.9429,4960,1216,54125,306000000,1728000
1791120055.9930,4960,1216,54312,306000000,1344000
1791120056.0431,4960,1224,54093,306000000,1728000
1791120056.0932,4960,1216,54281,306000000,1728000
1791120056.1432,4960,1224,54156,306000000,1728000
1791120056.1933,4960,1224,54187,306000000,1728000
1791120056.2434,4960,1216,54125,306000000,1728000
1791120056.2935,4960,1216,54187,306000000,1728000
1791120056.3436,4960,1208,54093,306000000,1728000
1791120056.3936,4960,1216,54218,306000000,1728000
1791120056.4437,4960,1208,54375,306000000,1728000
1791120056.4938,4960,1208,54156,306000000,1728000
1791120056.5439,4960,1208,54250,306000000,1728000
1791120056.5940,4960,1224,54125,306000000,1728000
1791120056.6441,4960,1216,54281,306000000,1728000
1791120056.6942,4960,1216,54093,306000000,1728000
1791120056.7442,4960,1208,54218,306000000,1728000
1791120056.7943,4960,1208,54093,306000000,1728000
1791120056.8444,4960,1200,54218,306000000,1728000
1791120056.8945,4960,1208,54343,306000000,1728000
1791120056.9446,4960,1208,54156,306000000,1728000
1791120056.9947,4960,1208,54281,306000000,1728000
1791120057.0447,4960,1200,54156,306000000,1728000
1791120057.0948,4960,1208,54250,306000000,1190400
1791120057.1449,4960,1216,54156,306000000,1728000
1791120057.1950,4960,1216,54281,306000000,1728000
1791120057.2451,4960,1224,54156,306000000,1728000
1791120057.2952,4960,1216,54156,306000000,1728000
1791120057.3453,4960,1216,54343,306000000,1728000
1791120057.3954,4960,1216,54187,306000000,1728000
1791120057.4454,4960,1216,54312,306000000,1728000
1791120057.4955,4960,1216,54187,306000000,1728000
1791120057.5456,4960,1208,54375,306000000,1728000
1791120057.5957,4960,1208,54093,306000000,1728000
1791120057.6457,4960,1200,54250,306000000,1728000
1791120057.6958,4960,1216,54093,306000000,1728000
1791120057.7459,4960,1224,54156,306000000,1728000
1791120057.7960,4960,1208,54093,306000000,1728000
1791120057.8461,4960,1216,54125,306000000,1728000
1791120057.8962,4960,1208,54375,306000000,1728000
1791120057.9463,4960,1216,54187,306000000,1728000
1791120057.9964,4960,1208,54218,306000000,1728000
1791120058.0464,4960,1216,54218,306000000,1728000
1791120058.0965,4960,1216,54187,306000000,1728000
1791120058.1466,4960,1208,54125,306000000,1728000
1791120058.1967,4960,1208,54187,306000000,1728000
1791120058.2468,4960,1216,54125,306000000,1728000
1791120058.2969,4960,1224,54218,306000000,1728000
1791120058.3469,4960,1224,54312,306000000,1728000
1791120058.3970,4960,1216,54125,306000000,1728000
1791120058.4471,4960,1216,54343,306000000,1728000
1791120058.4972,4960,1208,54093,306000000,1728000
1791120058.5473,4960,1216,54312,306000000,1728000
1791120058.5973,4960,1208,54156,306000000,1728000
1791120058.6474,4960,1208,54250,306000000,1728000
1791120058.6975,4960,1216,54125,306000000,1728000
1791120058.7476,4960,1208,54218,306000000,1728000
1791120058.7977,4960,1216,54312,306000000,1728000
1791120058.8478,4960,1232,54187,306000000,1728000
1791120058.8979,4960,1216,54375,306000000,1728000
1791120058.9479,4960,1224,54156,306000000,1728000
1791120058.9980,4960,1216,54187,306000000,1728000
1791120059.0481,4960,1216,54125,306000000,1728000
1791120059.0982,4960,1216,54250,306000000,1728000
1791120059.1483,4960,1216,54156,306000000,1728000
1791120059.1984,4960,1216,54187,306000000,1728000
1791120059.2485,4960,1216,54312,306000000,1728000
1791120059.2985,4960,1208,54218,306000000,1728000
1791120059.3486,4960,1216,54312,306000000,1728000
1791120059.3987,4960,1216,54156,306000000,1728000
1791120059.4488,4960,1216,54187,306000000,1728000
1791120059.4989,4960,1216,54156,306000000,1728000
1791120059.5490,4960,1208,54218,306000000,1728000
1791120059.5991,4960,1208,54156,306000000,1728000
1791120059.6491,4960,1208,54250,306000000,1728000
1791120059.6992,4960,1208,54312,306000000,1728000
1791120059.7493,4960,1200,54156,306000000,1728000
1791120059.7994,4960,1200,54343,306000000,1728000
1791120059.8495,4960,1208,54093,306000000,1728000
1791120059.8995,4960,1216,54250,306000000,1728000
1791120059.9496,4960,1216,54125,306000000,729600
1791120059.9997,4960,1224,54250,306000000,1728000
1791120060.0498,4960,1216,54125,306000000,1728000
1791120060.0999,4960,1224,54218,306000000,1728000
1791120060.1500,4960,1208,54343,306000000,1728000
1791120060.2001,4960,1208,54187,306000000,1728000
1791120060.2501,4960,1208,54312,306000000,1728000
1791120060.3002,4960,1208,54093,306000000,1728000
1791120060.3503,4960,1200,54281,306000000,1728000
1791120060.4004,4960,1208,54125,306000000,1728000
1791120060.4505,4960,1200,54281,306000000,1728000
1791120060.5006,4960,1216,54218,306000000,1728000
1791120060.5506,4960,1216,54218,306000000,1728000
1791120060.6007,4960,1208,54125,306000000,1728000
1791120060.6508,4960,1208,54281,306000000,1728000
1791120060.7009,4960,1208,54375,306000000,1728000
1791120060.7510,4960,1200,54125,306000000,1728000
1791120060.8011,4960,1200,54343,306000000,1728000
1791120060.8511,4960,1208,54187,306000000,1728000
1791120060.9012,4960,1208,54218,306000000,1728000
1791120060.9513,4960,1208,54156,306000000,1728000
1791120061.0014,4960,1200,54218,306000000,1113600
1791120061.0515,4960,1216,54093,306000000,1267200
1791120061.1016,4960,1224,54218,306000000,1728000
1791120061.1517,4960,1216,54312,306000000,1728000
1791120061.2018,4960,1224,54218,306000000,1728000
1791120061.2518,4960,1216,54343,306000000,1728000
1791120061.3019,4960,1216,54125,306000000,1728000
1791120061.3520,4960,1208,54281,306000000,1728000
1791120061.4020,4960,1208,54156,306000000,1728000
1791120061.4521,4960,1216,54218,306000000,1728000
1791120061.5022,4960,1200,54125,306000000,1728000
1791120061.5523,4960,1200,54156,306000000,1728000
1791120061.6024,4960,1208,54312,306000000,1728000
1791120061.6525,4960,1208,54156,306000000,1728000
1791120061.7026,4960,1208,54312,306000000,1728000
1791120061.7526,4960,1216,54093,306000000,1728000
1791120061.8027,4960,1208,54281,306000000,1728000
1791120061.8528,4960,1208,54156,306000000,1728000
1791120061.9029,4960,1208,54187,306000000,1728000
1791120061.9530,4960,1208,54093,306000000,1728000
1791120062.0031,4960,1208,54156,306000000,1728000
1791120062.0532,4960,1208,54281,306000000,1267200
1791120062.1033,4960,1216,54125,306000000,1728000
1791120062.1534,4960,1208,54281,306000000,1728000
1791120062.2035,4960,1224,54187,306000000,1728000
1791120062.2535,4960,1232,54250,306000000,1728000
1791120062.3036,4960,1216,54156,306000000,1728000
1791120062.3537,4960,1224,54218,306000000,1728000
1791120062.4038,4960,1216,54093,306000000,1728000
1791120062.4539,4960,1216,54218,306000000,1728000
1791120062.5039,4960,1216,54312,306000000,1728000
1791120062.5540,4960,1208,54125,306000000,1728000
1791120062.6041,4960,1208,54312,306000000,1728000
1791120062.6542,4960,1200,54125,306000000,1728000
1791120062.7043,4960,1208,54218,306000000,1728000
1791120062.7544,4960,1216,54093,306000000,1728000
1791120062.8045,4960,1216,54250,306000000,1728000
1791120062.8545,4960,1208,54125,306000000,1728000
1791120062.9046,4960,1208,54187,306000000,1728000
1791120062.9547,4960,1200,54156,306000000,1728000
1791120063.0048,4960,1208,54156,306000000,1728000
1791120063.0549,4960,1208,54343,306000000,1728000
1791120063.1050,4960,1216,54218,306000000,1728000
1791120063.1550,4960,1208,54312,306000000,1728000
1791120063.2051,4960,1208,54156,306000000,1728000
1791120063.2552,4960,1216,54281,306000000,1113600
1791120063.3053,4960,1224,54125,306000000,1728000
1791120063.3554,4960,1224,54281,306000000,1728000
1791120063.4055,4960,1216,54218,306000000,1728000
1791120063.4555,4960,1216,54187,306000000,1728000
1791120063.5056,4960,1208,54281,306000000,1728000
1791120063.5557,4960,1208,54156,306000000,1728000
1791120063.6058,4960,1200,54375,306000000,1728000
1791120063.6559,4960,1200,54187,306000000,1728000
1791120063.7059,4960,1192,54250,306000000,1728000
1791120063.7560,4960,1200,54218,306000000,1728000
1791120063.8061,4960,1192,54187,306000000,1728000
1791120063.8562,4960,1208,54156,306000000,1728000
1791120063.9063,4960,1208,54187,306000000,1728000
1791120063.9564,4960,1208,54312,306000000,1728000
1791120064.0065,4960,1200,54125,306000000,1728000
1791120064.0566,4960,1208,54281,306000000,1728000
1791120064.1067,4960,1216,54125,306000000,1728000
1791120064.1568,4960,1216,54218,306000000,1728000
1791120064.2069,4960,1216,54156,306000000,883200
1791120064.2569,4960,1216,54250,306000000,1728000
1791120064.3071,4960,1216,54187,306000000,1728000
1791120064.3572,4960,1216,54187,306000000,806400
1791120064.4072,4960,1224,54281,306000000,1420800
1791120064.4573,4960,1232,54218,306000000,1728000
1791120064.5074,4960,1232,54312,306000000,1728000
1791120064.5575,4960,1232,54156,306000000,1728000
1791120064.6076,4960,1224,54187,306000000,1728000
1791120064.6577,4960,1224,54125,306000000,1728000
1791120064.7078,4960,1224,54156,306000000,1728000
1791120064.7578,4960,1216,54125,306000000,1728000
1791120064.8079,4960,1224,54187,306000000,1728000
1791120064.8580,4960,1208,54375,306000000,1728000
1791120064.9081,4960,1216,54125,306000000,1728000
1791120064.9582,4960,1224,54343,306000000,1728000
1791120065.0083,4960,1232,54156,306000000,729600
1791120065.0583,4960,1224,54187,306000000,1728000
1791120065.1084,4960,1224,54218,306000000,1728000
1791120065.1585,4960,1224,54187,306000000,1728000
1791120065.2086,4960,1224,54093,306000000,1728000
1791120065.2587,4960,1216,54250,306000000,1728000
1791120065.3088,4960,1208,54156,306000000,1728000
1791120065.3589,4960,1208,54187,306000000,1728000
1791120065.4089,4960,1200,54281,306000000,1728000
1791120065.4590,4960,1208,54218,306000000,1728000
1791120065.5091,4960,1216,54375,306000000,1728000
1791120065.5592,4960,1216,54156,306000000,1420800
1791120065.6093,4960,1216,54312,306000000,1728000
1791120065.6594,4960,1216,54125,306000000,1728000
1791120065.7094,4960,1208,54125,306000000,1728000
1791120065.7595,4960,1208,54125,306000000,1728000
1791120065.8096,4960,1208,54125,306000000,1728000
1791120065.8597,4960,1200,54281,306000000,1728000
1791120065.9098,4960,1208,54218,306000000,1728000
1791120065.9598,4960,1192,54281,306000000,1728000
1791120066.0100,4960,1200,54187,306000000,1728000
1791120066.0601,4960,1192,54250,306000000,1728000
1791120066.1102,4960,1208,54093,306000000,1728000
1791120066.1603,4960,1216,54250,306000000,1728000
1791120066.2104,4960,1216,54125,306000000,1728000
1791120066.2604,4960,1208,54218,306000000,1728000
1791120066.3105,4960,1216,54406,306000000,1728000
1791120066.3606,4960,1216,54281,306000000,1728000
1791120066.4107,4960,1208,54281,306000000,1728000
1791120066.4608,4960,1208,54156,306000000,1728000
1791120066.5108,4960,1200,54343,306000000,1728000
1791120066.5609,4960,1208,54156,306000000,1728000
1791120066.6110,4960,1200,54250,306000000,1728000
1791120066.6611,4960,1216,54218,306000000,1728000
1791120066.7112,4960,1216,54218,306000000,1728000
1791120066.7613,4960,1216,54375,306000000,1728000
1791120066.8113,4960,1208,54187,306000000,1728000
1791120066.8614,4960,1208,54375,306000000,1728000
1791120066.9115,4960,1200,54156,306000000,1728000
1791120066.9616,4960,1208,54281,306000000,1728000
1791120067.0117,4960,1200,54156,306000000,1728000
1791120067.0618,4960,1200,54312,306000000,1728000
1791120067.1118,4960,1200,54187,306000000,1728000
1791120067.1619,4960,1200,54250,306000000,1728000
1791120067.2120,4960,1224,54343,306000000,1728000
1791120067.2621,4960,1224,54187,306000000,1728000
1791120067.3122,4960,1224,54312,306000000,1728000
1791120067.3623,4960,1216,54250,306000000,1728000
1791120067.4124,4960,1208,54281,306000000,1728000
1791120067.4625,4960,1216,54218,306000000,1728000
1791120067.5125,4960,1224,54343,306000000,1728000
1791120067.5626,4960,1224,54156,306000000,1728000
1791120067.6127,4960,1232,54250,306000000,1728000
1791120067.6628,4960,1232,54187,306000000,1728000
1791120067.7129,4960,1232,54187,306000000,1728000
1791120067.7630,4960,1232,54375,306000000,1728000
1791120067.8131,4960,1256,54187,306000000,1728000
1791120067.8631,4960,1272,54250,306000000,1728000
1791120067.9132,4960,1272,54187,306000000,1728000
1791120067.9633,4960,1272,54343,306000000,1728000
1791120068.0134,4960,1272,54156,306000000,1728000
1791120068.0635,4960,1264,54218,306000000,1728000
1791120068.1136,4960,1256,54250,306000000,1728000
1791120068.1637,4960,1256,54218,306000000,1728000
1791120068.2137,4960,1240,54375,306000000,1728000
1791120068.2638,4960,1248,54125,306000000,1728000
1791120068.3139,4960,1240,54343,306000000,1190400
1791120068.3640,4960,1248,54156,306000000,1344000
1791120068.4141,4960,1240,54281,306000000,1728000
1791120068.4642,4960,1240,54187,306000000,1728000
1791120068.5143,4960,1232,54187,306000000,1728000
1791120068.5644,4960,1224,54218,306000000,1728000
1791120068.6145,4960,1216,54156,306000000,1728000
1791120068.6645,4960,1224,54343,306000000,1728000
1791120068.7146,4960,1224,54250,306000000,1728000
1791120068.7647,4960,1216,54312,306000000,1728000
1791120068.8148,4960,1216,54125,306000000,1728000
1791120068.8649,4960,1208,54375,306000000,1728000
1791120068.9150,4960,1224,54093,306000000,1728000
1791120068.9650,4960,1216,54218,306000000,1728000
1791120069.0151,4960,1224,54187,306000000,1728000
1791120069.0652,4960,1208,54187,306000000,1728000
1791120069.1153,4960,1216,54437,306000000,1728000
1791120069.1654,4960,1216,54250,306000000,1728000
1791120069.2154,4960,1208,54250,306000000,1728000
1791120069.2656,4960,1208,54156,306000000,1728000
1791120069.3156,4960,1216,54281,306000000,1728000
1791120069.3657,4960,1216,54125,306000000,1728000
1791120069.4158,4960,1208,54343,306000000,1728000
1791120069.4659,4960,1224,54125,306000000,1728000
1791120069.5160,4960,1224,54218,306000000,1728000
1791120069.5660,4960,1224,54375,306000000,1728000
1791120069.6161,4960,1208,54187,306000000,1728000
1791120069.6662,4960,1216,54312,306000000,1728000
1791120069.7163,4960,1216,54125,306000000,1728000
1791120069.7664,4960,1208,54312,306000000,1728000
1791120069.8165,4960,1216,54187,306000000,1728000
1791120069.8665,4960,1200,54281,306000000,1728000
1791120069.9166,4960,1208,54156,306000000,1728000
1791120069.9667,4960,1200,54250,306000000,1728000
1791120070.0168,4960,1208,54125,306000000,1728000
1791120070.0669,4960,1216,54187,306000000,1728000
1791120070.1170,4960,1216,54375,306000000,1728000
1791120070.1671,4960,1216,54218,306000000,1728000
1791120070.2172,4960,1208,54375,306000000,1728000
1791120070.2673,4960,1216,54187,306000000,1728000
1791120070.3174,4960,1216,54312,306000000,1728000
1791120070.3674,4960,1208,54187,306000000,1728000
1791120070.4175,4960,1208,54250,306000000,1728000
1791120070.4676,4960,1216,54125,306000000,1728000
1791120070.5177,4960,1208,54343,306000000,1728000
1791120070.5678,4960,1216,54406,306000000,1728000
1791120070.6179,4960,1224,54218,306000000,1728000
1791120070.6680,4960,1216,54343,306000000,1728000
1791120070.7181,4960,1216,54187,306000000,1728000
1791120070.7681,4960,1208,54250,306000000,1728000
1791120070.8182,4960,1208,54218,306000000,1728000
1791120070.8683,4960,1208,54218,306000000,1728000
1791120070.9184,4960,1216,54187,306000000,1728000
1791120070.9685,4960,1200,54281,306000000,1728000
1791120071.0186,4960,1200,54375,306000000,1728000
1791120071.0687,4960,1200,54156,306000000,1728000
1791120071.1187,4960,1200,54343,306000000,1728000
1791120071.1689,4960,1216,54250,306000000,1728000
1791120071.2190,4960,1216,54281,306000000,1728000
1791120071.2690,4960,1216,54156,306000000,1728000
1791120071.3191,4960,1216,54312,306000000,1728000
1791120071.3692,4960,1224,54156,306000000,1728000
1791120071.4193,4960,1208,54218,306000000,1728000
1791120071.4694,4960,1216,54406,306000000,1728000
1791120071.5195,4960,1208,54250,306000000,1728000
1791120071.5696,4960,1200,54281,306000000,1728000
1791120071.6197,4960,1200,54250,306000000,1728000
1791120071.6697,4960,1200,54250,306000000,1728000
1791120071.7198,4960,1216,54218,306000000,1728000
1791120071.7699,4960,1208,54218,306000000,1728000
1791120071.8200,4960,1208,54218,306000000,1728000
1791120071.8701,4960,1200,54218,306000000,1728000
1791120071.9202,4960,1208,54312,306000000,1728000
1791120071.9703,4960,1208,54343,306000000,1728000
1791120072.0204,4960,1200,54437,306000000,1728000
1791120072.0704,4960,1208,54218,306000000,1728000
1791120072.1205,4960,1200,54375,306000000,1728000
1791120072.1706,4960,1200,54156,306000000,1728000
1791120072.2207,4960,1200,54281,306000000,1728000
1791120072.2708,4960,1216,54218,306000000,1267200
1791120072.3209,4960,1224,54218,306000000,1728000
1791120072.3710,4960,1216,54125,306000000,1728000
1791120072.4211,4960,1224,54156,306000000,1728000
1791120072.4712,4960,1224,54437,306000000,1728000
1791120072.5213,4960,1224,54218,306000000,1728000
1791120072.5713,4960,1216,54406,306000000,1728000
1791120072.6214,4960,1224,54218,306000000,1728000
1791120072.6715,4960,1208,54375,306000000,1728000
1791120072.7216,4960,1216,54218,306000000,1728000
1791120072.7717,4960,1208,54343,306000000,1728000
1791120072.8218,4960,1216,54218,306000000,1728000
1791120072.8719,4960,1216,54281,306000000,1728000
1791120072.9220,4960,1216,54437,306000000,1728000
1791120072.9720,4960,1216,54218,306000000,1728000
1791120073.0221,4960,1208,54343,306000000,1728000
1791120073.0722,4960,1208,54218,306000000,1728000
1791120073.1223,4960,1208,54281,306000000,1728000
1791120073.1724,4960,1208,54156,306000000,1728000
1791120073.2225,4960,1208,54281,306000000,1728000
1791120073.2726,4960,1208,54218,306000000,1728000
1791120073.3227,4960,1208,54218,306000000,1728000
1791120073.3728,4960,1216,54500,306000000,1728000
1791120073.4229,4960,1224,54250,306000000,1728000
1791120073.4729,4960,1224,54343,306000000,1728000
1791120073.5231,4960,1208,54218,306000000,1728000
1791120073.5732,4960,1216,54437,306000000,1728000
1791120073.6232,4960,1208,54250,306000000,1728000
1791120073.6733,4960,1208,54218,306000000,1728000
1791120073.7234,4960,1208,54250,306000000,1728000
1791120073.7735,4960,1208,54312,306000000,1728000
1791120073.8236,4960,1208,54375,306000000,1728000
1791120073.8737,4960,1200,54312,306000000,1728000
1791120073.9238,4960,1208,54312,306000000,1728000
1791120073.9739,4960,1224,54250,306000000,1497600
1791120074.0239,4960,1216,54312,306000000,1728000
1791120074.0740,4960,1224,54312,306000000,1728000
1791120074.1241,4960,1208,54250,306000000,1728000
1791120074.1742,4960,1216,54187,306000000,1728000
1791120074.2243,4960,1208,54281,306000000,1728000
1791120074.2744,4960,1208,54500,306000000,1728000
1791120074.3244,4960,1208,54187,306000000,1728000
1791120074.3745,4960,1208,54312,306000000,1728000
1791120074.4246,4960,1216,54156,306000000,1728000
1791120074.4747,4960,1208,54375,306000000,1728000
1791120074.5248,4960,1224,54187,306000000,1728000
1791120074.5749,4960,1216,54312,306000000,1728000
1791120074.6250,4960,1216,54250,306000000,1728000
1791120074.6751,4960,1208,54187,306000000,1728000
1791120074.7251,4960,1216,54250,306000000,1728000
1791120074.7752,4960,1208,54218,306000000,1728000
1791120074.8253,4960,1208,54343,306000000,1728000
1791120074.8754,4960,1200,54187,306000000,1728000
1791120074.9255,4960,1208,54343,306000000,1728000
1791120074.9755,4960,1208,54218,306000000,1728000
1791120075.0256,4960,1200,54281,306000000,1728000
1791120075.0757,4960,1216,54218,306000000,1728000
1791120075.1258,4960,1216,54312,306000000,1728000
1791120075.1759,4960,1208,54218,306000000,1728000
1791120075.2260,4960,1208,54375,306000000,1728000
1791120075.2760,4960,1208,54406,306000000,1728000
1791120075.3261,4960,1208,54218,306000000,1728000
1791120075.3762,4960,1208,54375,306000000,1728000
1791120075.4263,4960,1208,54281,306000000,1728000
1791120075.4764,4960,1200,54281,306000000,1728000
1791120075.5265,4960,1200,54218,306000000,1728000
1791120075.5765,4960,1200,54343,306000000,1728000
1791120075.6266,4960,1208,54187,306000000,1728000
1791120075.6767,4960,1224,54281,306000000,1728000
1791120075.7268,4960,1208,54281,306000000,1728000
1791120075.7769,4960,1216,54250,306000000,1728000
1791120075.8270,4960,1216,54406,306000000,1728000
1791120075.8771,4960,1208,54281,306000000,1728000
1791120075.9272,4960,1216,54437,306000000,1728000
1791120075.9772,4960,1208,54312,306000000,1728000
1791120076.0273,4960,1208,54312,306000000,1728000
1791120076.0774,4960,1200,54125,306000000,1728000
1791120076.1275,4960,1200,54312,306000000,1728000
1791120076.1776,4960,1208,54531,306000000,1728000
1791120076.2277,4960,1216,54281,306000000,1728000
1791120076.2778,4960,1208,54437,306000000,1728000
1791120076.3279,4960,1216,54281,306000000,1728000
1791120076.3780,4960,1208,54312,306000000,1728000
1791120076.4281,4960,1216,54250,306000000,1190400
1791120076.4782,4960,1208,54312,306000000,1728000
1791120076.5282,4960,1208,54218,306000000,1728000
1791120076.5783,4960,1200,54375,306000000,1728000
1791120076.6284,4960,1208,54437,306000000,1728000
1791120076.6785,4960,1200,54250,306000000,1728000
1791120076.7286,4960,1208,54343,306000000,1728000
1791120076.7787,4960,1216,54218,306000000,1728000
1791120076.8288,4960,1216,54312,306000000,1728000
1791120076.8789,4960,1208,54281,306000000,1728000
1791120076.9289,4960,1216,54312,306000000,1728000
1791120076.9790,4960,1216,54250,306000000,1728000
1791120077.0291,4960,1208,54312,306000000,1728000
1791120077.0792,4960,1216,54218,306000000,1728000
1791120077.1293,4960,1200,54250,306000000,1728000
1791120077.1793,4960,1208,54437,306000000,1728000
1791120077.2294,4960,1200,54218,306000000,1728000
1791120077.2795,4960,1208,54375,306000000,1113600
1791120077.3296,4960,1208,54218,306000000,1728000
1791120077.3797,4960,1216,54250,306000000,1728000
1791120077.4298,4960,1208,54250,306000000,1728000
1791120077.4799,4960,1216,54312,306000000,1728000
1791120077.5299,4960,1208,54218,306000000,1728000
1791120077.5800,4960,1208,54281,306000000,1728000
1791120077.6301,4960,1208,54375,306000000,1728000
1791120077.6802,4960,1200,54281,306000000,1728000
1791120077.7303,4960,1200,54343,306000000,1728000
1791120077.7804,4960,1200,54250,306000000,1728000
1791120077.8305,4960,1200,54218,306000000,1728000
1791120077.8805,4960,1216,54218,306000000,1728000
1791120077.9306,4960,1216,54218,306000000,1728000
1791120077.9807,4960,1216,54156,306000000,1728000
1791120078.0308,4960,1208,54281,306000000,1728000
1791120078.0809,4960,1216,54343,306000000,1728000
1791120078.1310,4960,1216,54281,306000000,1728000
1791120078.1810,4960,1208,54437,306000000,1728000
1791120078.2311,4960,1208,54281,306000000,1728000
1791120078.2812,4960,1200,54375,306000000,1728000
1791120078.3313,4960,1208,54218,306000000,1728000
1791120078.3814,4960,1200,54343,306000000,1728000
1791120078.4315,4960,1208,54218,306000000,1420800
1791120078.4816,4960,1216,54375,306000000,1728000
1791120078.5317,4960,1224,54500,306000000,1728000
1791120078.5818,4960,1224,54250,306000000,1728000
1791120078.6318,4960,1216,54312,306000000,1728000
1791120078.6819,4960,1216,54218,306000000,1728000
1791120078.7320,4960,1208,54406,306000000,1728000
1791120078.7821,4960,1208,54281,306000000,1728000
1791120078.8322,4960,1200,54312,306000000,1728000
1791120078.8823,4960,1208,54218,306000000,1728000
1791120078.9323,4960,1200,54312,306000000,1728000
1791120078.9824,4960,1208,54500,306000000,1728000
1791120079.0325,4960,1216,54218,306000000,1728000
1791120079.0826,4960,1216,54375,306000000,1728000
1791120079.1327,4960,1216,54312,306000000,1728000
1791120079.1828,4960,1208,54375,306000000,1728000
1791120079.2329,4960,1216,54187,306000000,1728000
1791120079.2830,4960,1208,54343,306000000,1728000
1791120079.3330,4960,1208,54218,306000000,1728000
1791120079.3831,4960,1216,54218,306000000,1728000
1791120079.4332,4960,1208,54218,306000000,1728000
1791120079.4833,4960,1208,54343,306000000,1728000
1791120079.5334,4960,1216,54343,306000000,1190400
1791120079.5835,4960,1224,54312,306000000,729600
1791120079.6336,4960,1224,54375,306000000,1728000
1791120079.6837,4960,1216,54281,306000000,1728000
1791120079.7338,4960,1216,54250,306000000,1728000
1791120079.7838,4960,1216,54250,306000000,1728000
1791120079.8339,4960,1208,54281,306000000,1728000
1791120079.8840,4960,1216,54218,306000000,1728000
1791120079.9341,4960,1200,54218,306000000,1728000
1791120079.9841,4960,1200,54312,306000000,1728000
1791120080.0342,4960,1200,54218,306000000,1728000
1791120080.0843,4960,1200,54375,306000000,1728000
1791120080.1344,4960,1208,54281,306000000,1728000
1791120080.1845,4960,1208,54281,306000000,1728000
1791120080.2345,4960,1208,54218,306000000,1728000
1791120080.2846,4960,1200,54343,306000000,1728000
1791120080.3347,4960,1200,54218,306000000,1728000
1791120080.3848,4960,1200,54312,306000000,1728000
1791120080.4349,4960,1200,54312,306000000,1728000
1791120080.4850,4960,1208,54250,306000000,1728000
1791120080.5351,4960,1208,54406,306000000,1190400
1791120080.5852,4960,1208,54187,306000000,1728000
1791120080.6353,4960,1208,54312,306000000,1728000
1791120080.6854,4960,1216,54281,306000000,1728000
1791120080.7355,4960,1224,54312,306000000,1728000
1791120080.7855,4960,1216,54218,306000000,1728000
1791120080.8356,4960,1216,54250,306000000,1728000
1791120080.8857,4960,1208,54343,306000000,1728000
1791120080.9358,4960,1216,54250,306000000,1728000
1791120080.9859,4960,1200,54312,306000000,1728000
1791120081.0359,4960,1200,54312,306000000,1728000
1791120081.0860,4960,1200,54250,306000000,1728000
1791120081.1361,4960,1200,54312,306000000,1728000
1791120081.1862,4960,1200,54281,306000000,1728000
1791120081.2363,4960,1208,54218,306000000,1728000
1791120081.2864,4960,1208,54312,306000000,1728000
1791120081.3365,4960,1216,54375,306000000,1728000
1791120081.3865,4960,1208,54250,306000000,1728000
1791120081.4366,4960,1208,54437,306000000,1728000
1791120081.4867,4960,1200,54281,306000000,1728000
1791120081.5368,4960,1208,54250,306000000,1728000
1791120081.5869,4960,1200,54218,306000000,1728000
1791120081.6370,4960,1200,54343,306000000,1728000
1791120081.6871,4960,1200,54218,306000000,1728000
1791120081.7372,4960,1208,54375,306000000,1728000
1791120081.7872,4960,1208,54250,306000000,1728000
1791120081.8374,4960,1216,54218,306000000,1728000
1791120081.8874,4960,1208,54375,306000000,1728000
1791120081.9375,4960,1208,54281,306000000,1728000
1791120081.9876,4960,1208,54468,306000000,1728000
1791120082.0377,4960,1208,54281,306000000,1728000
1791120082.0878,4960,1200,54312,306000000,1728000
1791120082.1379,4960,1200,54125,306000000,1728000
1791120082.1879,4960,1200,54250,306000000,1728000
1791120082.2380,4960,1200,54250,306000000,1728000
1791120082.2881,4960,1200,54250,306000000,1728000
1791120082.3382,4960,1200,54531,306000000,1728000
1791120082.3883,4960,1224,54250,306000000,729600
1791120082.4384,4960,1216,54406,306000000,1728000
1791120082.4885,4960,1216,54218,306000000,1728000
1791120082.5386,4960,1208,54406,306000000,1728000
1791120082.5886,4960,1216,54281,306000000,1728000
1791120082.6387,4960,1208,54281,306000000,1728000
1791120082.6888,4960,1216,54187,306000000,1728000
1791120082.7389,4960,1200,54343,306000000,1728000
1791120082.7890,4960,1208,54281,306000000,1728000
1791120082.8391,4960,1200,54281,306000000,1728000
1791120082.8891,4960,1208,54375,306000000,1728000
1791120082.9394,4960,1216,54250,306000000,1420800
1791120082.9894,4960,1216,54218,306000000,1728000
1791120083.0395,4960,1216,54281,306000000,1728000
1791120083.0896,4960,1208,54343,306000000,1728000
1791120083.1397,4960,1216,54218,306000000,1728000
1791120083.1898,4960,1200,54281,306000000,1728000
1791120083.2399,4960,1208,54468,306000000,1728000
1791120083.2899,4960,1200,54250,306000000,1728000
1791120083.3400,4960,1208,54281,306000000,1728000
1791120083.3901,4960,1192,54312,306000000,1728000
1791120083.4402,4960,1200,54250,306000000,1728000
1791120083.4903,4960,1208,54250,306000000,1728000
1791120083.5404,4960,1208,54343,306000000,1728000
1791120083.5905,4960,1208,54281,306000000,1728000
1791120083.6406,4960,1216,54281,306000000,1728000
1791120083.6907,4960,1208,54375,306000000,1728000
1791120083.7407,4960,1208,54250,306000000,1728000
1791120083.7908,4960,1208,54406,306000000,1728000
1791120083.8409,4960,1208,54281,306000000,1728000
1791120083.8910,4960,1208,54312,306000000,1728000
1791120083.9411,4960,1208,54250,306000000,1728000
1791120083.9912,4960,1200,54281,306000000,1728000
1791120084.0413,4960,1216,54218,306000000,1728000
1791120084.0914,4960,1208,54375,306000000,1728000
1791120084.1414,4960,1216,54312,306000000,1728000
1791120084.1915,4960,1208,54281,306000000,1728000
1791120084.2416,4960,1208,54437,306000000,1728000
1791120084.2917,4960,1200,54312,306000000,1728000
1791120084.3418,4960,1208,54312,306000000,1728000
1791120084.3919,4960,1208,54218,306000000,1728000
1791120084.4420,4960,1200,54312,306000000,1728000
1791120084.4920,4960,1208,54312,306000000,1728000
1791120084.5421,4960,1208,54343,306000000,1728000
1791120084.5922,4960,1208,54250,306000000,1728000
1791120084.6423,4960,1232,54281,306000000,1728000
1791120084.6924,4960,1224,54375,306000000,1728000
1791120084.7425,4960,1224,54187,306000000,1728000
1791120084.7926,4960,1216,54343,306000000,1728000
1791120084.8427,4960,1216,54250,306000000,1728000
1791120084.8928,4960,1208,54343,306000000,1728000
1791120084.9429,4960,1208,54281,306000000,1728000
1791120084.9929,4960,1200,54343,306000000,1728000
1791120085.0430,4960,1208,54218,306000000,1728000
1791120085.0931,4960,1208,54218,306000000,1728000
1791120085.1432,4960,1208,54343,306000000,1190400
1791120085.1933,4960,1224,54312,306000000,1728000
1791120085.2434,4960,1216,54468,306000000,1728000
1791120085.2934,4960,1216,54281,306000000,1728000
1791120085.3435,4960,1208,54281,306000000,1728000
1791120085.3936,4960,1200,54250,306000000,1728000
1791120085.4437,4960,1208,54281,306000000,1728000
1791120085.4938,4960,1208,54156,306000000,1728000
1791120085.5439,4960,1208,54281,306000000,1728000
1791120085.5939,4960,1208,54468,306000000,1728000
1791120085.6440,4960,1208,54312,306000000,1728000
1791120085.6941,4960,1208,54375,306000000,1728000
1791120085.7442,4960,1224,54218,306000000,1728000
1791120085.7943,4960,1216,54312,306000000,1728000
1791120085.8444,4960,1224,54218,306000000,1728000
1791120085.8945,4960,1224,54312,306000000,1728000
1791120085.9445,4960,1216,54250,306000000,1728000
1791120085.9946,4960,1216,54312,306000000,1728000
1791120086.0447,4960,1216,54437,306000000,1728000
1791120086.0948,4960,1216,54281,306000000,1728000
1791120086.1449,4960,1216,54406,306000000,1728000
1791120086.1950,4960,1216,54312,306000000,1728000
1791120086.2450,4960,1208,54375,306000000,1728000
1791120086.2951,4960,1224,54250,306000000,1728000
1791120086.3452,4960,1224,54250,306000000,1728000
1791120086.3953,4960,1224,54250,306000000,1728000
1791120086.4454,4960,1224,54343,306000000,1728000
1791120086.4955,4960,1216,54406,306000000,1728000
1791120086.5456,4960,1224,54406,306000000,1728000
1791120086.5957,4960,1208,54406,306000000,1728000
1791120086.6458,4960,1216,54218,306000000,1728000
1791120086.6958,4960,1216,54375,306000000,1113600
1791120086.7459,4960,1224,54218,306000000,960000
1791120086.7960,4960,1224,54343,306000000,1728000
1791120086.8461,4960,1240,54281,306000000,1728000
1791120086.8962,4960,1248,54281,306000000,1728000
1791120086.9463,4960,1248,54468,306000000,1728000
1791120086.9964,4960,1232,54250,306000000,1728000
1791120087.0465,4960,1232,54437,306000000,1728000
1791120087.0966,4960,1224,54218,306000000,1728000
1791120087.1467,4960,1224,54406,306000000,1728000
1791120087.1967,4960,1216,54250,306000000,1728000
1791120087.2468,4960,1216,54281,306000000,1728000
1791120087.2969,4960,1224,54250,306000000,1728000
1791120087.3470,4960,1208,54343,306000000,1728000
1791120087.3971,4960,1216,54281,306000000,1728000
1791120087.4472,4960,1224,54281,306000000,1728000
1791120087.4973,4960,1224,54406,306000000,1728000
1791120087.5473,4960,1216,54312,306000000,1728000
1791120087.5974,4960,1216,54343,306000000,1728000
1791120087.6475,4960,1224,54218,306000000,1728000
1791120087.6976,4960,1216,54281,306000000,1728000
1791120087.7477,4960,1224,54218,306000000,1728000
1791120087.7978,4960,1216,54281,306000000,1728000
1791120087.8479,4960,1216,54187,306000000,1728000
1791120087.8979,4960,1208,54312,306000000,1728000
1791120087.9480,4960,1208,54406,306000000,1728000
1791120087.9981,4960,1224,54281,306000000,1728000
1791120088.0482,4960,1224,54437,306000000,1728000
1791120088.0983,4960,1216,54250,306000000,1728000
1791120088.1484,4960,1208,54343,306000000,1728000
1791120088.1984,4960,1208,54218,306000000,1728000
1791120088.2485,4960,1200,54281,306000000,1728000
1791120088.2986,4960,1200,54156,306000000,1728000
1791120088.3487,4960,1208,54218,306000000,1728000
1791120088.3988,4960,1200,54343,306000000,1728000
1791120088.4488,4960,1208,54281,306000000,1728000
1791120088.4989,4960,1200,54406,306000000,1190400
1791120088.5490,4960,1216,54281,306000000,1728000
1791120088.5991,4960,1208,54375,306000000,1728000
1791120088.6492,4960,1216,54250,306000000,1728000
1791120088.6993,4960,1208,54375,306000000,1728000
1791120088.7493,4960,1208,54187,306000000,1728000
1791120088.7994,4960,1208,54250,306000000,1728000
1791120088.8495,4960,1208,54375,306000000,1728000
1791120088.8996,4960,1200,54250,306000000,1728000
1791120088.9497,4960,1208,54312,306000000,1728000
1791120088.9998,4960,1200,54312,306000000,1728000
1791120089.0499,4960,1208,54343,306000000,1728000
1791120089.0999,4960,1224,54312,306000000,1728000
1791120089.1500,4960,1216,54281,306000000,1728000
1791120089.2001,4960,1216,54312,306000000,1728000
1791120089.2502,4960,1208,54343,306000000,1728000
1791120089.3003,4960,1208,54437,306000000,1728000
1791120089.3504,4960,1208,54312,306000000,1728000
1791120089.4005,4960,1200,54468,306000000,1728000
1791120089.4505,4960,1200,54281,306000000,1728000
1791120089.5006,4960,1200,54281,306000000,1728000
1791120089.5507,4960,1200,54250,306000000,1728000
1791120089.6008,4960,1200,54437,306000000,1728000
1791120089.6509,4960,1208,54250,306000000,1728000
1791120089.7010,4960,1216,54312,306000000,1728000
1791120089.7511,4960,1216,54500,306000000,1728000
1791120089.8011,4960,1216,54343,306000000,1728000
1791120089.8512,4960,1208,54375,306000000,1728000
1791120089.9013,4960,1216,54343,306000000,1728000
1791120089.9514,4960,1208,54406,306000000,1728000
1791120090.0015,4960,1208,54312,306000000,1728000
1791120090.0515,4960,1208,54406,306000000,1728000
1791120090.1016,4960,1208,54281,306000000,1728000
1791120090.1517,4960,1208,54343,306000000,1728000
1791120090.2018,4960,1208,54406,306000000,1728000
1791120090.2519,4960,1216,54281,306000000,1728000
1791120090.3020,4960,1216,54406,306000000,1728000
1791120090.3521,4960,1216,54343,306000000,1728000
1791120090.4021,4960,1208,54281,306000000,1728000
1791120090.4522,4960,1208,54281,306000000,1728000
1791120090.5023,4960,1208,54250,306000000,1728000
1791120090.5524,4960,1208,54218,306000000,1728000
1791120090.6025,4960,1208,54312,306000000,1728000
1791120090.6526,4960,1200,54468,306000000,1728000
1791120090.7026,4960,1208,54343,306000000,1728000
1791120090.7527,4960,1208,54406,306000000,1728000
1791120090.8028,4960,1224,54218,306000000,1728000
1791120090.8529,4960,1216,54406,306000000,1728000
1791120090.9030,4960,1224,54281,306000000,1728000
1791120090.9531,4960,1208,54312,306000000,1728000
1791120091.0032,4960,1216,54281,306000000,1728000
1791120091.0532,4960,1216,54281,306000000,1728000
1791120091.1033,4960,1208,54468,306000000,1728000
1791120091.1534,4960,1200,54312,306000000,1728000
1791120091.2035,4960,1208,54406,306000000,1728000
1791120091.2536,4960,1208,54250,306000000,1728000
1791120091.3036,4960,1208,54375,306000000,1728000
1791120091.3537,4960,1216,54218,306000000,1728000
1791120091.4038,4960,1216,54250,306000000,1728000
1791120091.4539,4960,1216,54281,306000000,1728000
1791120091.5040,4960,1208,54281,306000000,1728000
1791120091.5541,4960,1208,54218,306000000,1728000
1791120091.6041,4960,1208,54281,306000000,1728000
1791120091.6542,4960,1208,54375,306000000,1728000
1791120091.7043,4960,1200,54250,306000000,1728000
1791120091.7544,4960,1208,54312,306000000,1728000
1791120091.8045,4960,1200,54312,306000000,1728000
1791120091.8546,4960,1208,54375,306000000,1728000
1791120091.9047,4960,1224,54250,306000000,1728000
1791120091.9548,4960,1216,54375,306000000,1728000
1791120092.0049,4960,1216,54187,306000000,1728000
1791120092.0549,4960,1208,54250,306000000,1728000
1791120092.1050,4960,1200,54468,306000000,1728000
1791120092.1551,4960,1208,54281,306000000,1728000
1791120092.2052,4960,1200,54437,306000000,1728000
1791120092.2552,4960,1200,54375,306000000,1728000
1791120092.3053,4960,1192,54343,306000000,1728000
1791120092.3554,4960,1200,54281,306000000,1728000
1791120092.4055,4960,1192,54312,306000000,1728000
1791120092.4556,4960,1208,54281,306000000,1728000
1791120092.5057,4960,1208,54343,306000000,1728000
1791120092.5558,4960,1208,54343,306000000,1728000
1791120092.6058,4960,1208,54281,306000000,1728000
1791120092.6559,4960,1208,54312,306000000,1728000
1791120092.7060,4960,1208,54281,306000000,1728000
1791120092.7561,4960,1208,54312,306000000,1728000
1791120092.8062,4960,1208,54218,306000000,1728000
1791120092.8562,4960,1200,54375,306000000,1728000
1791120092.9063,4960,1216,54250,306000000,1728000
1791120092.9564,4960,1208,54343,306000000,1728000
1791120093.0065,4960,1216,54375,306000000,1728000
1791120093.0566,4960,1216,54250,306000000,1728000
1791120093.1067,4960,1224,54500,306000000,1728000
1791120093.1568,4960,1208,54406,306000000,1728000
1791120093.2069,4960,1216,54312,306000000,1728000
1791120093.2569,4960,1208,54250,306000000,1728000
1791120093.3070,4960,1216,54312,306000000,1728000
1791120093.3571,4960,1208,54312,306000000,1728000
1791120093.4072,4960,1208,54343,306000000,1728000
1791120093.4572,4960,1216,54500,306000000,1728000
1791120093.5073,4960,1216,54375,306000000,1728000
1791120093.5574,4960,1208,54343,306000000,1728000
1791120093.6075,4960,1232,54312,306000000,1728000
1791120093.6576,4960,1216,54406,306000000,1728000
1791120093.7077,4960,1216,54250,306000000,1728000
1791120093.7578,4960,1208,54468,306000000,1728000
1791120093.8078,4960,1216,54250,306000000,1728000
1791120093.8579,4960,1216,54312,306000000,1728000
1791120093.9080,4960,1216,54437,306000000,1728000
1791120093.9581,4960,1216,54281,306000000,1728000
1791120094.0082,4960,1216,54437,306000000,1728000
1791120094.0583,4960,1216,54250,306000000,1728000
1791120094.1084,4960,1208,54468,306000000,1728000
1791120094.1585,4960,1224,54281,306000000,1728000
1791120094.2086,4960,1216,54343,306000000,1728000
1791120094.2586,4960,1216,54281,306000000,1728000
1791120094.3087,4960,1216,54343,306000000,1728000
1791120094.3588,4960,1208,54437,306000000,1728000
1791120094.4089,4960,1216,54343,306000000,1728000
1791120094.4590,4960,1208,54375,306000000,1728000
1791120094.5091,4960,1208,54343,306000000,1728000
1791120094.5592,4960,1200,54406,306000000,1728000
1791120094.6093,4960,1208,54250,306000000,1728000
1791120094.6593,4960,1192,54406,306000000,1728000
1791120094.7094,4960,1216,54250,306000000,1728000
1791120094.7595,4960,1208,54281,306000000,1728000
1791120094.8096,4960,1208,54250,306000000,1728000
1791120094.8597,4960,1200,54343,306000000,1728000
1791120094.9098,4960,1208,54343,306000000,1728000
1791120094.9599,4960,1208,54343,306000000,1728000
1791120095.0100,4960,1208,54437,306000000,1728000
1791120095.0601,4960,1200,54218,306000000,1728000
1791120095.1101,4960,1200,54437,306000000,1728000
1791120095.1602,4960,1200,54312,306000000,1728000
1791120095.2103,4960,1192,54375,306000000,1728000
1791120095.2604,4960,1208,54312,306000000,1728000
1791120095.3105,4960,1208,54375,306000000,1728000
1791120095.3606,4960,1208,54468,306000000,1728000
1791120095.4107,4960,1200,54312,306000000,1728000
1791120095.4608,4960,1208,54437,306000000,1728000
1791120095.5108,4960,1200,54343,306000000,1728000
1791120095.5609,4960,1200,54406,306000000,1728000
1791120095.6110,4960,1200,54312,306000000,1728000
1791120095.6611,4960,1200,54312,306000000,1728000
1791120095.7112,4960,1208,54281,306000000,1728000
1791120095.7613,4960,1200,54281,306000000,1728000
1791120095.8114,4960,1216,54437,306000000,1420800
1791120095.8615,4960,1224,54250,306000000,1728000
1791120095.9115,4960,1216,54406,306000000,1728000
1791120095.9616,4960,1224,54281,306000000,1728000
1791120096.0117,4960,1224,54406,306000000,1728000
1791120096.0618,4960,1224,54312,306000000,1728000
1791120096.1119,4960,1216,54312,306000000,1728000
1791120096.1620,4960,1216,54375,306000000,1728000
1791120096.2121,4960,1216,54281,306000000,1728000
1791120096.2621,4960,1208,54500,306000000,1728000
1791120096.3122,4960,1216,54281,306000000,1728000
1791120096.3623,4960,1224,54437,306000000,1728000
1791120096.4124,4960,1224,54312,306000000,1728000
1791120096.4625,4960,1224,54375,306000000,1728000
1791120096.5126,4960,1224,54281,306000000,1728000
1791120096.5627,4960,1216,54343,306000000,1728000
1791120096.6128,4960,1216,54312,306000000,1728000
1791120096.6628,4960,1208,54375,306000000,1728000
1791120096.7129,4960,1208,54468,306000000,1728000
1791120096.7630,4960,1208,54250,306000000,1728000
1791120096.8131,4960,1208,54406,306000000,1728000
1791120096.8632,4960,1216,54343,306000000,1728000
1791120096.9133,4960,1208,54468,306000000,1728000
1791120096.9634,4960,1224,54281,306000000,1497600
1791120097.0135,4960,1224,54343,306000000,1728000
1791120097.0636,4960,1224,54250,306000000,1728000
1791120097.1136,4960,1216,54312,306000000,1728000
1791120097.1637,4960,1216,54406,306000000,1728000
1791120097.2138,4960,1208,54375,306000000,1728000
1791120097.2639,4960,1216,54375,306000000,1728000
1791120097.3140,4960,1216,54312,306000000,1728000
1791120097.3640,4960,1208,54437,306000000,1728000
1791120097.4141,4960,1208,54281,306000000,1728000
1791120097.4642,4960,1208,54343,306000000,1728000
1791120097.5143,4960,1224,54250,306000000,1728000
1791120097.5644,4960,1232,54406,306000000,1728000
1791120097.6145,4960,1216,54281,306000000,1728000
1791120097.6646,4960,1224,54312,306000000,1728000
1791120097.7147,4960,1216,54437,306000000,1728000
1791120097.7648,4960,1216,54250,306000000,1728000
1791120097.8149,4960,1208,54468,306000000,1728000
1791120097.8649,4960,1208,54281,306000000,1728000
1791120097.9151,4960,1208,54312,306000000,1728000
1791120097.9651,4960,1208,54281,306000000,1728000
1791120098.0152,4960,1208,54406,306000000,1190400
1791120098.0653,4960,1216,54312,306000000,1728000
1791120098.1154,4960,1224,54343,306000000,1728000
1791120098.1655,4960,1216,54468,306000000,1728000
1791120098.2156,4960,1216,54281,306000000,1728000
1791120098.2657,4960,1208,54468,306000000,1728000
1791120098.3158,4960,1208,54281,306000000,1728000
1791120098.3658,4960,1208,54437,306000000,1728000
1791120098.4159,4960,1200,54375,306000000,1728000
1791120098.4660,4960,1208,54437,306000000,1728000
1791120098.5161,4960,1208,54406,306000000,1728000
1791120098.5661,4960,1200,54343,306000000,1728000
1791120098.6162,4960,1216,54375,306000000,1728000
1791120098.6663,4960,1224,54281,306000000,1728000
1791120098.7164,4960,1216,54468,306000000,1728000
1791120098.7665,4960,1216,54375,306000000,1728000
1791120098.8166,4960,1208,54375,306000000,1728000
1791120098.8667,4960,1208,54156,306000000,1728000
1791120098.9168,4960,1208,54406,306000000,1728000
1791120098.9668,4960,1216,54281,306000000,1728000
1791120099.0169,4960,1208,54343,306000000,1728000
1791120099.0670,4960,1216,54375,306000000,1728000
1791120099.1171,4960,1208,54312,306000000,1728000
1791120099.1672,4960,1216,54468,306000000,1728000
1791120099.2173,4960,1224,54250,306000000,1728000
1791120099.2674,4960,1224,54375,306000000,1728000
1791120099.3175,4960,1224,54312,306000000,1728000
1791120099.3675,4960,1208,54343,306000000,1728000
1791120099.4176,4960,1216,54375,306000000,1728000
1791120099.4677,4960,1208,54437,306000000,1728000
1791120099.5178,4960,1208,54437,306000000,1728000
1791120099.5678,4960,1216,54343,306000000,1728000
1791120099.6179,4960,1216,54406,306000000,1728000
1791120099.6680,4960,1208,54281,306000000,1728000
1791120099.7181,4960,1216,54406,306000000,1728000
1791120099.7682,4960,1224,54312,306000000,729600
1791120099.8183,4960,1224,54406,306000000,1728000
1791120099.8684,4960,1216,54281,306000000,1728000
1791120099.9185,4960,1216,54437,306000000,1728000
1791120099.9685,4960,1208,54531,306000000,1728000
1791120100.0186,4960,1216,54375,306000000,1728000
1791120100.0687,4960,1208,54531,306000000,1728000
1791120100.1188,4960,1216,54406,306000000,1728000
1791120100.1689,4960,1208,54500,306000000,1728000
1791120100.2190,4960,1208,54281,306000000,1728000
1791120100.2691,4960,1216,54343,306000000,1113600
1791120100.3191,4960,1216,54343,306000000,1728000
1791120100.3692,4960,1224,54375,306000000,1728000
1791120100.4193,4960,1216,54500,306000000,1728000
1791120100.4694,4960,1216,54312,306000000,1728000
1791120100.5195,4960,1216,54500,306000000,1728000
1791120100.5696,4960,1216,54375,306000000,1728000
1791120100.6197,4960,1208,54468,306000000,1728000
1791120100.6698,4960,1208,54406,306000000,1728000
1791120100.7198,4960,1200,54468,306000000,1728000
1791120100.7699,4960,1208,54250,306000000,1728000
1791120100.8200,4968,1200,54437,306000000,1728000
1791120100.8701,4960,1216,54312,306000000,1190400
1791120100.9202,4960,1224,54406,306000000,1728000
1791120100.9703,4960,1216,54500,306000000,1728000
1791120101.0204,4960,1216,54343,306000000,1728000
1791120101.0705,4960,1216,54437,306000000,1728000
1791120101.1206,4960,1216,54437,306000000,1728000
1791120101.1707,4960,1224,54406,306000000,1728000
1791120101.2207,4960,1216,54250,306000000,1728000
1791120101.2708,4960,1216,54343,306000000,1728000
1791120101.3209,4960,1216,54343,306000000,1728000
1791120101.3710,4960,1208,54343,306000000,1728000
1791120101.4211,4960,1216,54468,306000000,1728000
1791120101.4712,4960,1232,54281,306000000,1728000
1791120101.5212,4960,1224,54468,306000000,1728000
1791120101.5713,4960,1224,54375,306000000,1728000
1791120101.6214,4960,1216,54437,306000000,1728000
1791120101.6715,4960,1216,54343,306000000,1728000
1791120101.7216,4960,1208,54437,306000000,1728000
1791120101.7716,4960,1216,54312,306000000,1728000
1791120101.8217,4960,1208,54375,306000000,1728000
1791120101.8718,4960,1208,54437,306000000,1728000
1791120101.9219,4960,1208,54406,306000000,1728000
1791120101.9720,4960,1208,54437,306000000,1728000
1791120102.0221,4960,1216,54312,306000000,1728000
1791120102.0722,4960,1216,54437,306000000,1728000
1791120102.1223,4960,1216,54343,306000000,1728000
1791120102.1724,4960,1224,54375,306000000,1728000
1791120102.2224,4960,1216,54312,306000000,1728000
1791120102.2725,4960,1216,54375,306000000,1728000
1791120102.3226,4960,1216,54500,306000000,1728000
1791120102.3727,4960,1208,54375,306000000,1728000
1791120102.4228,4960,1200,54437,306000000,1728000
1791120102.4728,4960,1200,54406,306000000,1728000
1791120102.5230,4960,1208,54406,306000000,1113600
1791120102.5730,4960,1216,54218,306000000,1728000
1791120102.6231,4960,1224,54375,306000000,1728000
1791120102.6732,4960,1208,54312,306000000,1728000
1791120102.7233,4960,1208,54281,306000000,1728000
1791120102.7734,4960,1200,54500,306000000,1728000
1791120102.8235,4960,1208,54312,306000000,1728000
1791120102.8736,4960,1200,54468,306000000,1728000
1791120102.9237,4960,1200,54312,306000000,1728000
1791120102.9738,4960,1192,54468,306000000,1728000
1791120103.0238,4960,1200,54281,306000000,1728000
1791120103.0739,4960,1192,54343,306000000,1728000
1791120103.1240,4960,1208,54312,306000000,1728000
1791120103.1741,4960,1216,54250,306000000,1728000
1791120103.2242,4960,1208,54562,306000000,1728000
1791120103.2743,4960,1224,54343,306000000,1728000
1791120103.3244,4960,1232,54437,306000000,1728000
1791120103.3745,4960,1224,54312,306000000,1728000
1791120103.4246,4960,1232,54437,306000000,1728000
1791120103.4746,4960,1240,54343,306000000,1728000
1791120103.5247,4960,1240,54375,306000000,1728000
1791120103.5748,4960,1240,54312,306000000,1728000
1791120103.6249,4960,1232,54437,306000000,1728000
1791120103.6750,4960,1256,54343,306000000,1574400
1791120103.7251,4960,1280,54468,306000000,1728000
1791120103.7751,4960,1280,54562,306000000,1728000
1791120103.8252,4960,1280,54375,306000000,1728000
1791120103.8753,4960,1272,54468,306000000,1728000
1791120103.9254,4960,1264,54375,306000000,1728000
1791120103.9755,4960,1264,54375,306000000,1728000
1791120104.0256,4960,1248,54343,306000000,1728000
1791120104.0757,4960,1248,54437,306000000,1728000
1791120104.1257,4960,1248,54312,306000000,1728000
1791120104.1758,4960,1240,54375,306000000,1190400
1791120104.2259,4960,1248,54468,306000000,1728000
1791120104.2760,4960,1256,54375,306000000,1728000
1791120104.3261,4960,1248,54468,306000000,1728000
1791120104.3762,4960,1232,54375,306000000,1728000
1791120104.4263,4960,1232,54468,306000000,1728000
1791120104.4763,4960,1224,54281,306000000,1728000
1791120104.5264,4960,1224,54406,306000000,1728000
1791120104.5765,4960,1224,54281,306000000,1728000
1791120104.6266,4960,1216,54375,306000000,1728000
1791120104.6767,4960,1216,54406,306000000,1728000
1791120104.7267,4960,1208,54343,306000000,1728000
1791120104.7768,4960,1216,54500,306000000,1728000
1791120104.8269,4960,1224,54343,306000000,1728000
1791120104.8770,4960,1224,54406,306000000,1728000
1791120104.9271,4960,1224,54406,306000000,1728000
1791120104.9772,4960,1216,54500,306000000,1728000
1791120105.0272,4960,1224,54343,306000000,1728000
1791120105.0773,4960,1208,54406,306000000,1728000
1791120105.1274,4960,1216,54500,306000000,1728000
1791120105.1775,4960,1208,54312,306000000,1728000
1791120105.2276,4960,1216,54500,306000000,1728000
1791120105.2777,4960,1216,54375,306000000,1728000
1791120105.3278,4960,1216,54468,306000000,1728000
1791120105.3779,4960,1224,54281,306000000,1728000
1791120105.4279,4960,1224,54437,306000000,1728000
1791120105.4780,4960,1224,54281,306000000,1728000
1791120105.5281,4960,1216,54343,306000000,1728000
1791120105.5782,4960,1216,54500,306000000,1728000
1791120105.6283,4960,1216,54343,306000000,1728000
1791120105.6783,4960,1216,54500,306000000,1728000
1791120105.7284,4960,1208,54343,306000000,1728000
1791120105.7785,4960,1208,54468,306000000,1728000
1791120105.8286,4960,1208,54312,306000000,1728000
1791120105.8787,4960,1208,54343,306000000,1267200
1791120105.9288,4960,1224,54406,306000000,1728000
1791120105.9789,4960,1216,54406,306000000,1728000
1791120106.0289,4960,1216,54468,306000000,1728000
1791120106.0791,4960,1216,54343,306000000,1728000
1791120106.1291,4960,1216,54468,306000000,729600
1791120106.1792,4960,1200,54312,306000000,806400
1791120106.2293,4960,1208,54375,306000000,1113600
1791120106.2794,4960,1216,54343,306000000,1728000
1791120106.3295,4960,1208,54468,306000000,1728000
1791120106.3796,4960,1216,54343,306000000,1728000
1791120106.4297,4960,1208,54406,306000000,1728000
1791120106.4798,4960,1216,54281,306000000,1728000
1791120106.5299,4960,1232,54375,306000000,1728000
1791120106.5799,4960,1216,54531,306000000,1728000
1791120106.6300,4960,1216,54406,306000000,1728000
1791120106.6801,4960,1224,54437,306000000,1728000
1791120106.7302,4960,1224,54375,306000000,1728000
1791120106.7803,4960,1216,54375,306000000,1728000
1791120106.8303,4960,1216,54343,306000000,1728000
1791120106.8804,4960,1208,54437,306000000,1728000
1791120106.9305,4960,1216,54531,306000000,1728000
1791120106.9806,4960,1200,54312,306000000,1728000
1791120107.0307,4960,1216,54500,306000000,1728000
1791120107.0808,4960,1216,54437,306000000,1728000
1791120107.1309,4960,1216,54468,306000000,1728000
1791120107.1809,4960,1216,54312,306000000,1728000
1791120107.2310,4960,1216,54375,306000000,1728000
1791120107.2811,4960,1224,54343,306000000,729600
1791120107.3312,4960,1216,54437,306000000,1728000
1791120107.3813,4960,1216,54312,306000000,1728000
1791120107.4314,4960,1208,54375,306000000,1728000
1791120107.4814,4960,1208,54500,306000000,1728000
1791120107.5315,4960,1200,54281,306000000,1728000
1791120107.5816,4960,1216,54531,306000000,1728000
1791120107.6317,4960,1216,54375,306000000,1728000
1791120107.6818,4960,1216,54406,306000000,1728000
1791120107.7319,4960,1216,54312,306000000,1728000
1791120107.7820,4960,1208,54406,306000000,1728000
1791120107.8321,4960,1216,54406,306000000,1728000
1791120107.8822,4960,1208,54406,306000000,883200
1791120107.9322,4960,1208,54468,306000000,1728000
1791120107.9823,4960,1208,54343,306000000,1728000
1791120108.0324,4960,1208,54437,306000000,1728000
1791120108.0825,4960,1208,54312,306000000,1728000
1791120108.1326,4960,1216,54375,306000000,1728000
1791120108.1827,4960,1240,54406,306000000,729600
1791120108.2328,4960,1232,54437,306000000,1728000
1791120108.2829,4960,1232,54281,306000000,1190400
1791120108.3330,4960,1240,54375,306000000,1728000
1791120108.3831,4960,1240,54437,306000000,1728000
1791120108.4332,4960,1232,54437,306000000,1728000
1791120108.4833,4960,1232,54500,306000000,1728000
1791120108.5334,4960,1232,54343,306000000,1728000
1791120108.5835,4960,1224,54437,306000000,1728000
1791120108.6336,4960,1224,54375,306000000,1728000
1791120108.6837,4960,1232,54468,306000000,1190400
1791120108.7337,4960,1248,54312,306000000,1728000
1791120108.7838,4960,1240,54406,306000000,1728000
1791120108.8339,4960,1240,54500,306000000,1728000
1791120108.8840,4960,1240,54406,306000000,729600
1791120108.9341,4960,1232,54437,306000000,1728000
1791120108.9842,4960,1232,54312,306000000,1728000
1791120109.0343,4960,1232,54531,306000000,1728000
1791120109.0844,4960,1232,54406,306000000,1728000
1791120109.1345,4960,1224,54437,306000000,1728000
1791120109.1846,4960,1232,54375,306000000,1728000
1791120109.2347,4960,1232,54437,306000000,1728000
1791120109.2848,4960,1240,54343,306000000,1728000
1791120109.3349,4960,1264,54312,306000000,1113600
1791120109.3850,4960,1256,54500,306000000,1728000
1791120109.4351,4960,1248,54312,306000000,1728000
1791120109.4852,4960,1248,54468,306000000,1728000
1791120109.5353,4960,1240,54343,306000000,729600
1791120109.5854,4960,1240,54406,306000000,1728000
1791120109.6355,4960,1232,54375,306000000,729600
1791120109.6856,4960,1224,54531,306000000,1728000
1791120109.7357,4960,1224,54281,306000000,1728000
1791120109.7858,4960,1216,54375,306000000,1728000
1791120109.8359,4960,1232,54531,306000000,1728000
1791120109.8860,4960,1240,54406,306000000,1728000
1791120109.9361,4960,1232,54500,306000000,1728000
1791120109.9862,4960,1232,54406,306000000,1728000
1791120110.0363,4960,1240,54406,306000000,1728000
1791120110.0864,4960,1240,54375,306000000,1728000
1791120110.1365,4960,1232,54437,306000000,1728000
1791120110.1866,4960,1232,54406,306000000,1728000
1791120110.2367,4960,1232,54406,306000000,1728000
1791120110.2868,4960,1232,54562,306000000,1728000
1791120110.3369,4960,1224,54406,306000000,1728000
1791120110.3870,4960,1248,54531,306000000,1344000
1791120110.4371,4960,1256,54312,306000000,883200
1791120110.4872,4960,1248,54500,306000000,1728000
1791120110.5373,4960,1240,54343,306000000,1728000
1791120110.5874,4960,1240,54375,306000000,1728000
1791120110.6375,4960,1232,54343,306000000,806400
1791120110.6876,4960,1232,54375,306000000,1728000
1791120110.7377,4960,1232,54531,306000000,1728000
1791120110.7878,4960,1232,54375,306000000,1728000
1791120110.8379,4960,1224,54437,306000000,1728000
1791120110.8880,4960,1232,54312,306000000,1728000
1791120110.9380,4960,1224,54437,306000000,1728000
1791120110.9881,4960,1240,54281,306000000,1728000
1791120111.0382,4960,1240,54468,306000000,1728000
1791120111.0883,4960,1248,54343,306000000,1728000
1791120111.1384,4960,1248,54468,306000000,1728000
1791120111.1885,4960,1232,54343,306000000,1728000
1791120111.2386,4960,1240,54343,306000000,1728000
1791120111.2887,4960,1240,54437,306000000,806400
1791120111.3389,4960,1224,54312,306000000,729600
1791120111.3890,4960,1232,54406,306000000,806400
1791120111.4391,4960,1240,54437,306000000,1728000
1791120111.4892,4960,1224,54468,306000000,883200
1791120111.5393,4960,1240,54375,306000000,1267200
1791120111.5894,4960,1248,54406,306000000,1728000
1791120111.6394,4960,1248,54375,306000000,883200
1791120111.6895,4960,1248,54375,306000000,806400
1791120111.7396,4960,1240,54593,306000000,1113600
1791120111.7897,4960,1240,54406,306000000,1728000
1791120111.8398,4960,1232,54531,306000000,1728000
1791120111.8899,4960,1224,54343,306000000,1728000
1791120111.9400,4960,1232,54343,306000000,1728000
1791120111.9901,4960,1224,54375,306000000,1728000
1791120112.0402,4960,1224,54375,306000000,1728000
1791120112.0903,4960,1232,54281,306000000,1728000
1791120112.1404,4960,1240,54437,306000000,1728000
1791120112.1905,4960,1232,54562,306000000,729600
1791120112.2406,4960,1232,54531,306000000,1728000
1791120112.2907,4960,1232,54531,306000000,1728000
1791120112.3408,4960,1224,54343,306000000,1728000
1791120112.3909,4960,1224,54500,306000000,883200
1791120112.4410,4960,1240,54312,306000000,1728000
1791120112.4911,4960,1232,54375,306000000,729600
1791120112.5412,4960,1232,54343,306000000,1728000
1791120112.5913,4960,1232,54406,306000000,1728000
1791120112.6414,4960,1232,54375,306000000,1728000
1791120112.6915,4960,1248,54468,306000000,1728000
1791120112.7416,4960,1248,54468,306000000,1728000
1791120112.7917,4960,1240,54406,306000000,1728000
1791120112.8418,4960,1248,54562,306000000,1728000
1791120112.8919,4960,1240,54437,306000000,1728000
1791120112.9420,4960,1232,54468,306000000,1728000
1791120112.9921,4960,1232,54343,306000000,1728000
1791120113.0422,4960,1232,54531,306000000,1728000
1791120113.0923,4960,1224,54312,306000000,1728000
1791120113.1424,4960,1232,54375,306000000,1728000
1791120113.1925,4960,1232,54562,306000000,1728000
1791120113.2426,4960,1248,54375,306000000,1267200
1791120113.2927,4960,1248,54531,306000000,1728000
1791120113.3428,4960,1248,54281,306000000,1728000
1791120113.3928,4960,1240,54468,306000000,1728000
1791120113.4429,4960,1248,54312,306000000,1190400
1791120113.4930,4960,1248,54312,306000000,1728000
1791120113.5431,4960,1240,54468,306000000,1728000
1791120113.5932,4960,1240,54406,306000000,1728000
1791120113.6433,4960,1232,54531,306000000,1728000
1791120113.6934,4960,1232,54437,306000000,1728000
1791120113.7435,4960,1232,54531,306000000,1728000
1791120113.7936,4960,1248,54437,306000000,1728000
1791120113.8437,4960,1256,54531,306000000,1728000
1791120113.8938,4960,1256,54375,306000000,883200
1791120113.9439,4960,1248,54437,306000000,1728000
1791120113.9940,4960,1240,54343,306000000,1728000
1791120114.0441,4960,1240,54437,306000000,1728000
1791120114.0942,4960,1240,54562,306000000,1728000
1791120114.1443,4960,1240,54375,306000000,1728000
1791120114.1944,4960,1232,54500,306000000,1728000
1791120114.2445,4960,1232,54375,306000000,1728000
1791120114.2946,4960,1232,54500,306000000,1728000
1791120114.3447,4960,1232,54312,306000000,1728000
1791120114.3948,4960,1256,54375,306000000,806400
1791120114.4449,4960,1248,54375,306000000,1728000
1791120114.4950,4960,1256,54468,306000000,1728000
1791120114.5451,4960,1256,54375,306000000,1728000
1791120114.5952,4960,1256,54375,306000000,1728000
1791120114.6453,4960,1256,54531,306000000,1728000
1791120114.6954,4960,1240,54406,306000000,1728000
1791120114.7455,4960,1248,54500,306000000,1728000
1791120114.7956,4960,1248,54406,306000000,1728000
1791120114.8457,4960,1248,54500,306000000,1728000
1791120114.8958,4960,1248,54437,306000000,1190400
1791120114.9459,4960,1264,54531,306000000,1728000
1791120114.9960,4960,1256,54343,306000000,1728000
1791120115.0461,4960,1256,54343,306000000,1728000
1791120115.0962,4960,1248,54562,306000000,1728000
1791120115.1463,4960,1240,54437,306000000,1728000
1791120115.1964,4960,1240,54531,306000000,1728000
1791120115.2465,4960,1232,54343,306000000,1728000
1791120115.2966,4960,1232,54500,306000000,1728000
1791120115.3467,4960,1224,54406,306000000,1728000
1791120115.3967,4960,1224,54531,306000000,1728000
1791120115.4468,4960,1232,54406,306000000,1728000
1791120115.4969,4960,1256,54500,306000000,1728000
1791120115.5471,4960,1264,54625,306000000,1728000
1791120115.5971,4960,1264,54468,306000000,1728000
1791120115.6472,4960,1264,54531,306000000,1728000
1791120115.6973,4960,1248,54468,306000000,1728000
1791120115.7474,4960,1256,54500,306000000,1728000
1791120115.7975,4960,1248,54375,306000000,1728000
1791120115.8475,4960,1240,54531,306000000,1728000
1791120115.8976,4960,1240,54437,306000000,1728000
1791120115.9477,4960,1240,54500,306000000,1728000
1791120115.9977,4960,1232,54531,306000000,1728000
1791120116.0478,4960,1248,54343,306000000,1113600
1791120116.0979,4960,1248,54531,306000000,1728000
1791120116.1480,4960,1256,54437,306000000,1728000
1791120116.1981,4960,1248,54468,306000000,1728000
1791120116.2481,4960,1240,54437,306000000,1728000
1791120116.2982,4960,1240,54406,306000000,1728000
1791120116.3483,4960,1240,54343,306000000,1728000
1791120116.3984,4960,1232,54468,306000000,1728000
1791120116.4484,4960,1232,54562,306000000,1728000
1791120116.4985,4960,1240,54468,306000000,1728000
1791120116.5486,4960,1248,54562,306000000,1728000
1791120116.5986,4960,1256,54406,306000000,1728000
1791120116.6487,4960,1272,54468,306000000,1728000
1791120116.6988,4960,1264,54375,306000000,1728000
1791120116.7489,4960,1264,54531,306000000,1728000
1791120116.7989,4960,1256,54406,306000000,1728000
1791120116.8490,4960,1248,54468,306000000,1728000
1791120116.8990,4960,1240,54593,306000000,1728000
1791120116.9491,4960,1240,54437,306000000,1728000
1791120116.9992,4960,1232,54562,306000000,1728000
1791120117.0493,4960,1232,54500,306000000,1728000
1791120117.0993,4960,1240,54468,306000000,1728000
1791120117.1494,4960,1232,54437,306000000,1728000
1791120117.1995,4960,1256,54500,306000000,806400
1791120117.2496,4960,1248,54406,306000000,1728000
1791120117.2997,4960,1248,54468,306000000,1728000
1791120117.3497,4960,1248,54562,306000000,1728000
1791120117.3998,4960,1248,54406,306000000,1728000
1791120117.4499,4960,1248,54437,306000000,1728000
1791120117.5000,4960,1240,54406,306000000,1728000
1791120117.5500,4960,1248,54468,306000000,1728000
1791120117.6001,4960,1248,54406,306000000,1728000
1791120117.6502,4960,1248,54468,306000000,1728000
1791120117.7003,4960,1240,54375,306000000,1728000
1791120117.7503,4960,1264,54437,306000000,1728000
1791120117.8004,4960,1264,54531,306000000,1728000
1791120117.8505,4960,1264,54375,306000000,1728000
1791120117.9006,4960,1248,54531,306000000,1728000
1791120117.9506,4960,1248,54437,306000000,1728000
1791120118.0007,4960,1248,54500,306000000,1728000
1791120118.0508,4960,1240,54437,306000000,1728000
1791120118.1008,4960,1240,54531,306000000,1728000
1791120118.1509,4960,1232,54406,306000000,729600
1791120118.2010,4960,1224,54468,306000000,1728000
1791120118.2511,4960,1232,54562,306000000,1728000
1791120118.3012,4960,1248,54406,306000000,1267200
1791120118.3512,4960,1256,54562,306000000,1728000
1791120118.4013,4960,1256,54562,306000000,1728000
1791120118.4514,4960,1248,54437,306000000,1728000
1791120118.5015,4960,1240,54406,306000000,729600
1791120118.5515,4960,1240,54500,306000000,1728000
1791120118.6016,4960,1240,54468,306000000,1728000
1791120118.6517,4960,1240,54437,306000000,1728000
1791120118.7018,4960,1232,54625,306000000,1728000
1791120118.7519,4960,1232,54531,306000000,1728000
1791120118.8019,4960,1232,54593,306000000,1728000
1791120118.8520,4960,1248,54468,306000000,1728000
1791120118.9021,4960,1256,54562,306000000,1728000
1791120118.9522,4960,1240,54406,306000000,1728000
1791120119.0022,4960,1248,54500,306000000,1728000
1791120119.0523,4960,1248,54406,306000000,1728000
1791120119.1024,4960,1240,54562,306000000,1728000
1791120119.1524,4960,1232,54562,306000000,1728000
1791120119.2025,4960,1240,54468,306000000,1728000
1791120119.2526,4960,1232,54531,306000000,1728000
1791120119.3027,4960,1232,54468,306000000,1728000
1791120119.3528,4960,1232,54625,306000000,1728000
1791120119.4028,4960,1240,54406,306000000,1267200
1791120119.4529,4960,1256,54468,306000000,1728000
1791120119.5030,4960,1256,54312,306000000,729600
1791120119.5530,4960,1256,54531,306000000,1728000
1791120119.6031,4960,1256,54562,306000000,1728000
1791120119.6532,4960,1256,54437,306000000,1728000
1791120119.7033,4960,1256,54562,306000000,1728000
1791120119.7533,4960,1256,54437,306000000,1728000
1791120119.8034,4960,1256,54562,306000000,806400
1791120119.8535,4960,1240,54500,306000000,1728000
1791120119.9036,4960,1240,54500,306000000,1728000
1791120119.9536,4960,1248,54500,306000000,1113600
1791120120.0037,4960,1264,54531,306000000,1728000
1791120120.0538,4960,1256,54593,306000000,1728000
1791120120.1039,4960,1248,54437,306000000,1728000
1791120120.1540,4960,1248,54562,306000000,1728000
1791120120.2041,4960,1248,54562,306000000,1728000
1791120120.2542,4960,1240,54593,306000000,1728000
1791120120.3043,4960,1240,54406,306000000,1728000
1791120120.3544,4960,1240,54562,306000000,1728000
1791120120.4044,4960,1232,54406,306000000,1728000
1791120120.4545,4960,1232,54531,306000000,1728000
1791120120.5046,4960,1232,54437,306000000,1728000
1791120120.5547,4960,1248,54406,306000000,1344000
1791120120.6048,4960,1256,54562,306000000,1728000
1791120120.6549,4960,1272,54500,306000000,1728000
1791120120.7050,4960,1256,54562,306000000,883200
1791120120.7551,4960,1256,54406,306000000,883200
1791120120.8051,4960,1256,54468,306000000,1728000
1791120120.8552,4960,1240,54437,306000000,1728000
1791120120.9053,4960,1232,54500,306000000,1728000
1791120120.9554,4960,1216,54500,306000000,1728000
1791120121.0055,4960,1216,54406,306000000,1728000
1791120121.0556,4960,1216,54562,306000000,1728000
1791120121.1057,4960,1240,54750,306000000,1728000
1791120121.1558,4960,1264,54718,306000000,1728000
1791120121.2059,4960,1264,54531,306000000,1728000
1791120121.2560,4960,1256,54531,306000000,1728000
1791120121.3060,4960,1248,54593,306000000,1728000
1791120121.3561,4960,1240,54468,306000000,1728000
1791120121.4062,4960,1240,54656,306000000,1728000
1791120121.4563,4960,1232,54531,306000000,1728000
1791120121.5064,4960,1232,54625,306000000,1728000
1791120121.5565,4960,1224,54531,306000000,1728000
1791120121.6065,4960,1224,54562,306000000,1728000
1791120121.6566,4960,1232,54812,306000000,1728000
1791120121.7067,4960,1240,54781,306000000,1728000
1791120121.7568,4960,1240,54562,306000000,1728000
1791120121.8069,4960,1232,54500,306000000,1728000
1791120121.8570,4960,1224,54562,306000000,1728000
1791120121.9071,4960,1224,54500,306000000,1728000
1791120121.9572,4960,1224,54781,306000000,1728000
1791120122.0073,4960,1216,54468,306000000,1728000
1791120122.0573,4960,1216,54593,306000000,1728000
1791120122.1074,4960,1216,54562,306000000,1728000
1791120122.1575,4960,1208,54562,306000000,1728000
1791120122.2076,4960,1216,54812,306000000,1728000
1791120122.2577,4960,1224,54562,306000000,1728000
1791120122.3078,4960,1224,54468,306000000,1728000
1791120122.3579,4960,1224,54593,306000000,1728000
1791120122.4080,4960,1216,54625,306000000,1728000
1791120122.4581,4960,1216,54562,306000000,1728000
1791120122.5082,4960,1216,54718,306000000,1728000
1791120122.5583,4960,1208,54562,306000000,1728000
1791120122.6084,4960,1208,54593,306000000,1728000
1791120122.6584,4960,1208,54531,306000000,1728000
1791120122.7085,4960,1216,54562,306000000,1728000
1791120122.7586,4960,1224,54875,306000000,1728000
1791120122.8087,4960,1232,54562,306000000,1728000
1791120122.8588,4960,1224,54468,306000000,1728000
1791120122.9089,4960,1224,54468,306000000,1728000
1791120122.9590,4960,1216,54593,306000000,1728000
1791120123.0091,4960,1216,54500,306000000,1728000
1791120123.0592,4960,1216,54750,306000000,1728000
1791120123.1093,4960,1208,54500,306000000,1728000
1791120123.1594,4960,1208,54531,306000000,1728000
1791120123.2095,4960,1208,54593,306000000,1728000
1791120123.2595,4960,1208,54593,306000000,1728000
1791120123.3096,4960,1224,54781,306000000,1728000
1791120123.3597,4960,1240,54687,306000000,1728000
1791120123.4098,4960,1248,54593,306000000,1728000
1791120123.4599,4960,1248,54500,306000000,1728000
1791120123.5100,4960,1256,54656,306000000,1728000
1791120123.5601,4960,1256,54500,306000000,1728000
1791120123.6102,4960,1264,54781,306000000,1728000
1791120123.6603,4960,1264,54437,306000000,1728000
1791120123.7104,4960,1264,54500,306000000,1728000
1791120123.7605,4960,1256,54437,306000000,1728000
1791120123.8106,4960,1248,54500,306000000,1728000
1791120123.8607,4960,1248,54718,306000000,1728000
1791120123.9108,4960,1248,54531,306000000,1728000
1791120123.9609,4960,1240,54562,306000000,1728000
1791120124.0110,4960,1256,54718,306000000,1728000
1791120124.0611,4960,1256,54531,306000000,1728000
1791120124.1112,4960,1272,54781,306000000,1728000
1791120124.1613,4960,1288,54562,306000000,1728000
1791120124.2114,4960,1296,54468,306000000,1728000
1791120124.2615,4960,1296,54500,306000000,1728000
1791120124.3116,4960,1280,54562,306000000,1728000
1791120124.3617,4960,1272,54437,306000000,1728000
1791120124.4118,4960,1264,54750,306000000,1728000
1791120124.4619,4960,1264,54500,306000000,1728000
1791120124.5120,4960,1240,54562,306000000,1728000
1791120124.5621,4960,1224,54406,306000000,1728000
