1791127445.4959,4968,976,56156,306000000,1728000
1791127445.5459,4968,1032,56281,306000000,1728000
1791127445.5960,4968,1096,56593,306000000,1728000
1791127445.6461,4968,1112,56156,306000000,1728000
1791127445.6962,4968,1120,56093,306000000,1728000
1791127445.7463,4960,1128,56125,306000000,1728000
1791127445.7964,4960,1144,56343,306000000,1728000
1791127445.8464,4960,1152,56093,306000000,1728000
1791127445.8965,4960,1152,56281,306000000,1728000
1791127445.9466,4960,1160,56187,306000000,1728000
1791127445.9967,4960,1168,56187,306000000,1728000
1791127446.0468,4960,1168,56062,306000000,1728000
1791127446.0968,4960,1176,56218,306000000,1728000
1791127446.1469,4960,1184,56187,306000000,1728000
1791127446.1970,4960,1192,56187,306000000,1728000
1791127446.2471,4960,1200,56250,306000000,1728000
1791127446.2972,4960,1200,56187,306000000,1728000
1791127446.3473,4960,1200,56250,306000000,1728000
1791127446.3974,4960,1200,56062,306000000,1728000
1791127446.4475,4960,1200,56218,1020000000,1728000
1791127446.4976,4960,1200,56062,306000000,1728000
1791127446.5477,4960,1208,56281,306000000,1728000
1791127446.5977,4960,1208,56218,306000000,1728000
1791127446.6478,4960,1208,56093,306000000,1728000
1791127446.6979,4960,1232,56312,306000000,1728000
1791127446.7480,4960,1272,56156,306000000,1728000
1791127446.7981,4960,1296,56343,306000000,1728000
1791127446.8482,4952,1312,56125,306000000,1728000
1791127446.8983,4952,1328,56218,306000000,1728000
1791127446.9484,4952,1336,56125,306000000,1728000
1791127446.9985,4952,1336,56187,306000000,1728000
1791127447.0486,4952,1328,56062,306000000,1728000
1791127447.0987,4952,1344,56156,306000000,960000
1791127447.1488,4952,1344,56312,306000000,1728000
1791127447.1989,4952,1344,56218,306000000,1036800
1791127447.2490,4952,1360,56281,306000000,1728000
1791127447.2991,4952,1368,56125,306000000,1728000
1791127447.3492,4952,1368,56187,306000000,883200
1791127447.3993,4952,1368,56125,306000000,729600
1791127447.4493,4952,1360,56250,306000000,1728000
1791127447.4994,4952,1360,56218,306000000,1113600
1791127447.5495,4952,1360,56187,306000000,1728000
1791127447.5996,4952,1352,56125,306000000,1728000
1791127447.6497,4952,1344,56187,306000000,1728000
1791127447.6998,4952,1352,56312,306000000,1728000
1791127447.7498,4952,1352,56156,306000000,1036800
1791127447.7999,4952,1344,56281,306000000,1113600
1791127447.8500,4952,1360,56156,306000000,1728000
1791127447.9001,4952,1368,56281,306000000,1728000
1791127447.9502,4952,1360,56156,306000000,1728000
1791127448.0003,4952,1352,56093,306000000,1728000
1791127448.0504,4952,1352,56187,306000000,1728000
1791127448.1005,4952,1352,56062,306000000,1728000
1791127448.1505,4952,1352,56312,306000000,1728000
1791127448.2006,4952,1344,56187,306000000,1728000
1791127448.2507,4952,1352,56312,306000000,1728000
1791127448.3008,4952,1352,56125,306000000,1728000
1791127448.3509,4952,1344,56125,306000000,1728000
1791127448.4010,4952,1368,56187,306000000,1728000
1791127448.4511,4952,1376,56187,306000000,1728000
1791127448.5011,4952,1360,56218,306000000,1728000
1791127448.5512,4952,1360,56218,306000000,883200
1791127448.6013,4952,1368,56343,306000000,1728000
1791127448.6514,4952,1360,56250,306000000,1728000
1791127448.7014,4952,1360,56250,306000000,1728000
1791127448.7515,4952,1368,56156,306000000,1728000
1791127448.8016,4952,1352,56312,306000000,1728000
1791127448.8517,4952,1352,56156,306000000,1728000
1791127448.9018,4952,1360,56218,306000000,1728000
1791127448.9519,4952,1360,56218,306000000,1728000
1791127449.0020,4952,1368,56250,306000000,1728000
1791127449.0521,4952,1376,56343,306000000,1728000
1791127449.1021,4952,1368,56312,306000000,1728000
1791127449.1522,4952,1360,56250,306000000,1728000
1791127449.2023,4952,1360,56125,306000000,1728000
1791127449.2524,4952,1360,56218,306000000,1728000
1791127449.3025,4952,1352,56031,306000000,1728000
1791127449.3525,4952,1344,56312,306000000,1728000
1791127449.4026,4952,1344,56187,306000000,1728000
1791127449.4527,4952,1352,56187,306000000,1728000
1791127449.5028,4952,1344,56375,306000000,1728000
1791127449.5529,4952,1360,56218,306000000,1728000
1791127449.6030,4952,1368,56375,306000000,729600
1791127449.6530,4952,1360,56156,306000000,1728000
1791127449.7031,4952,1360,56250,306000000,1036800
1791127449.7532,4952,1360,56187,306000000,1728000
1791127449.8032,4952,1360,56312,306000000,1728000
1791127449.8533,4952,1344,56187,306000000,1728000
1791127449.9034,4952,1344,56156,306000000,1728000
1791127449.9535,4952,1344,56187,306000000,1728000
1791127450.0035,4952,1352,56250,306000000,1728000
1791127450.0536,4952,1344,56343,306000000,1728000
1791127450.1037,4952,1360,56156,306000000,1728000
1791127450.1538,4952,1368,56281,306000000,1728000
1791127450.2038,4952,1352,56093,306000000,1728000
1791127450.2539,4952,1352,56250,306000000,1728000
1791127450.3040,4952,1344,56093,306000000,1728000
1791127450.3541,4952,1352,56312,306000000,1728000
1791127450.4042,4952,1352,56062,306000000,1728000
1791127450.4542,4952,1344,56218,306000000,1728000
1791127450.5043,4952,1336,56250,306000000,1728000
1791127450.5544,4952,1336,56156,306000000,1728000
1791127450.6045,4952,1344,56187,306000000,1728000
1791127450.6546,4952,1344,56250,306000000,1036800
1791127450.7047,4952,1344,56218,306000000,1728000
1791127450.7548,4952,1352,56156,306000000,883200
1791127450.8048,4952,1352,56187,306000000,1728000
1791127450.8549,4952,1352,56125,306000000,1728000
1791127450.9050,4952,1352,56187,306000000,1728000
1791127450.9551,4952,1352,56406,306000000,1728000
1791127451.0052,4952,1344,56093,306000000,1728000
1791127451.0552,4952,1344,56312,306000000,1728000
1791127451.1053,4952,1352,56062,306000000,1728000
1791127451.1554,4952,1352,56250,306000000,1728000
1791127451.2055,4952,1360,56218,306000000,1728000
1791127451.2555,4952,1376,56187,306000000,883200
1791127451.3056,4952,1368,56093,306000000,1728000
1791127451.3557,4952,1360,56156,306000000,1728000
1791127451.4058,4952,1352,56343,306000000,1728000
1791127451.4558,4952,1360,56218,306000000,1728000
1791127451.5059,4952,1360,56343,306000000,1728000
1791127451.5560,4952,1352,56156,306000000,1728000
1791127451.6061,4952,1352,56312,306000000,1728000
1791127451.6562,4952,1360,56187,306000000,1728000
1791127451.7062,4952,1360,56187,306000000,1728000
1791127451.7563,4952,1352,56156,306000000,1728000
1791127451.8064,4952,1376,56156,306000000,1728000
1791127451.8565,4952,1368,56312,306000000,1728000
1791127451.9066,4952,1360,56156,306000000,1728000
1791127451.9567,4952,1360,56250,306000000,1728000
1791127452.0068,4952,1360,56156,306000000,1728000
1791127452.0568,4952,1352,56281,306000000,1728000
1791127452.1069,4952,1352,56125,306000000,1728000
1791127452.1570,4952,1352,56250,306000000,1728000
1791127452.2071,4952,1360,56125,306000000,1728000
1791127452.2572,4952,1344,56187,306000000,1728000
1791127452.3073,4952,1352,56156,306000000,1728000
1791127452.3574,4952,1368,56156,306000000,1728000
1791127452.4075,4952,1360,56281,306000000,1728000
1791127452.4575,4952,1352,56062,306000000,1728000
1791127452.5076,4952,1352,56250,306000000,1728000
1791127452.5577,4952,1360,56156,306000000,1728000
1791127452.6078,4952,1352,56218,306000000,1728000
1791127452.6579,4952,1344,56156,306000000,1728000
1791127452.7080,4952,1344,56125,306000000,1728000
1791127452.7581,4952,1352,56125,306000000,1728000
1791127452.8082,4952,1344,56156,306000000,1728000
1791127452.8583,4952,1336,56312,306000000,1190400
1791127452.9084,4952,1352,56093,306000000,1728000
1791127452.9585,4952,1360,56312,306000000,1728000
1791127453.0086,4952,1352,56125,306000000,1728000
1791127453.0587,4952,1344,56281,306000000,1728000
1791127453.1088,4952,1336,56093,306000000,1728000
1791127453.1589,4952,1344,56156,306000000,1728000
1791127453.2090,4952,1344,56125,306000000,1728000
1791127453.2591,4952,1344,56156,306000000,1728000
1791127453.3092,4952,1336,56343,306000000,1728000
1791127453.3593,4952,1336,56250,306000000,1728000
1791127453.4094,4952,1344,56156,306000000,1728000
1791127453.4595,4952,1352,56031,306000000,1728000
1791127453.5096,4952,1344,56281,306000000,1728000
1791127453.5597,4952,1336,56062,306000000,1728000
1791127453.6098,4952,1344,56125,306000000,1728000
1791127453.6599,4952,1344,56093,306000000,1728000
1791127453.7099,4952,1336,56125,306000000,1728000
1791127453.7600,4952,1328,56343,306000000,1728000
1791127453.8101,4952,1328,56218,306000000,1728000
1791127453.8602,4952,1336,56281,306000000,1728000
1791127453.9103,4952,1336,56218,306000000,1728000
1791127453.9604,4952,1328,56312,306000000,1728000
1791127454.0105,4952,1336,56156,306000000,1728000
1791127454.0606,4952,1344,56187,306000000,1728000
1791127454.1107,4952,1344,56093,306000000,1728000
1791127454.1608,4952,1336,56281,306000000,1728000
1791127454.2109,4952,1328,56375,306000000,1728000
1791127454.2610,4952,1328,56156,306000000,1728000
1791127454.3111,4952,1336,56343,306000000,1728000
1791127454.3612,4952,1336,56187,306000000,1728000
1791127454.4113,4952,1328,56218,306000000,1728000
1791127454.4614,4952,1336,56156,306000000,1728000
1791127454.5115,4952,1344,56218,306000000,1728000
1791127454.5616,4952,1344,56156,306000000,1728000
1791127454.6117,4952,1344,56187,306000000,1728000
1791127454.6618,4952,1344,56156,306000000,1728000
1791127454.7119,4952,1352,56156,306000000,1728000
1791127454.7620,4952,1352,56375,306000000,1728000
1791127454.8121,4952,1344,56156,306000000,1728000
1791127454.8622,4952,1328,56281,306000000,1728000
1791127454.9123,4952,1336,56187,306000000,1728000
1791127454.9624,4952,1336,56281,306000000,1728000
1791127455.0125,4952,1336,56062,306000000,1728000
1791127455.0626,4952,1328,56125,306000000,1728000
1791127455.1127,4952,1344,56125,306000000,1728000
1791127455.1628,4952,1352,56218,306000000,1728000
1791127455.2129,4952,1352,56375,306000000,1728000
1791127455.2630,4952,1336,56156,306000000,1728000
1791127455.3131,4952,1344,56218,306000000,1728000
1791127455.3632,4952,1344,56125,306000000,1728000
1791127455.4133,4952,1344,56218,306000000,1728000
1791127455.4634,4952,1336,56125,306000000,1728000
1791127455.5135,4952,1328,56250,306000000,1728000
1791127455.5636,4952,1328,56156,306000000,1728000
1791127455.6137,4952,1336,56250,306000000,1728000
1791127455.6638,4952,1336,56312,306000000,1728000
1791127455.7139,4952,1344,56125,306000000,1728000
1791127455.7640,4952,1352,56281,306000000,1728000
1791127455.8141,4952,1352,56250,306000000,1728000
1791127455.8642,4952,1344,56250,306000000,1728000
1791127455.9143,4952,1336,56062,306000000,1728000
1791127455.9644,4952,1328,56218,306000000,1728000
1791127456.0145,4952,1328,56187,306000000,1728000
1791127456.0646,4952,1320,56218,306000000,1728000
1791127456.1147,4960,1304,56312,306000000,1728000
1791127456.1648,4960,1296,56250,306000000,1728000
1791127456.2149,4952,1320,56187,306000000,1267200
1791127456.2649,4952,1344,56062,306000000,1497600
1791127456.3151,4952,1352,56218,306000000,1728000
1791127456.3652,4952,1368,56125,306000000,1728000
1791127456.4153,4952,1360,56218,306000000,1728000
1791127456.4653,4952,1360,56093,306000000,1728000
1791127456.5154,4952,1368,56187,306000000,1728000
1791127456.5655,4952,1360,56343,306000000,1728000
1791127456.6156,4952,1360,56156,306000000,1728000
1791127456.6657,4952,1360,56343,306000000,1728000
1791127456.7159,4952,1360,56093,306000000,1728000
1791127456.7659,4952,1352,56218,306000000,1728000
1791127456.8160,4952,1360,56125,306000000,1728000
1791127456.8661,4952,1368,56218,306000000,1728000
1791127456.9162,4952,1368,56187,306000000,1728000
1791127456.9663,4952,1352,56250,306000000,1728000
1791127457.0164,4952,1344,56156,306000000,1728000
1791127457.0665,4952,1352,56156,306000000,1728000
1791127457.1165,4952,1352,56281,306000000,1728000
1791127457.1666,4952,1344,56031,306000000,1728000
1791127457.2167,4952,1336,56156,306000000,1728000
1791127457.2668,4952,1344,56156,306000000,1728000
1791127457.3169,4952,1344,56312,306000000,1728000
1791127457.3670,4952,1352,56093,306000000,1267200
1791127457.4171,4952,1352,56156,306000000,1728000
1791127457.4672,4952,1344,56062,306000000,1728000
1791127457.5173,4952,1336,56250,306000000,1728000
1791127457.5674,4952,1344,56312,306000000,1728000
1791127457.6174,4952,1344,56125,306000000,1728000
1791127457.6675,4952,1336,56218,306000000,1728000
1791127457.7176,4952,1328,56187,306000000,1728000
1791127457.7677,4952,1336,56218,306000000,1728000
1791127457.8178,4952,1336,56125,306000000,1728000
1791127457.8678,4952,1336,56187,306000000,1728000
1791127457.9179,4952,1336,56062,306000000,1728000
1791127457.9680,4952,1336,56125,306000000,1728000
1791127458.0181,4952,1344,56312,306000000,1728000
1791127458.0682,4952,1344,56093,306000000,1728000
1791127458.1183,4952,1336,56281,306000000,1728000
1791127458.1684,4952,1328,56125,306000000,1728000
1791127458.2185,4952,1336,56250,306000000,1728000
1791127458.2686,4952,1336,56062,306000000,1728000
1791127458.3187,4952,1336,56093,306000000,1728000
1791127458.3687,4952,1328,56062,306000000,1728000
1791127458.4188,4952,1320,56156,306000000,1728000
1791127458.4689,4952,1320,56312,306000000,1728000
1791127458.5190,4952,1344,56187,306000000,1728000
1791127458.5691,4952,1352,56187,306000000,1728000
1791127458.6192,4952,1344,56093,306000000,1728000
1791127458.6693,4952,1344,56250,306000000,1728000
1791127458.7194,4952,1344,56093,306000000,1728000
1791127458.7694,4952,1344,56093,306000000,1728000
1791127458.8195,4952,1336,56093,306000000,1728000
1791127458.8696,4952,1344,56218,306000000,1728000
1791127458.9197,4952,1344,56375,306000000,1728000
1791127458.9698,4952,1344,56125,306000000,1728000
1791127459.0199,4952,1336,56312,306000000,1728000
1791127459.0700,4952,1344,56125,306000000,1728000
1791127459.1201,4952,1344,56250,306000000,1728000
1791127459.1701,4952,1344,56125,306000000,1728000
1791127459.2202,4952,1344,56156,306000000,1728000
1791127459.2703,4952,1336,56156,306000000,1728000
1791127459.3204,4952,1336,56187,306000000,1728000
1791127459.3705,4952,1344,56156,306000000,1728000
1791127459.4206,4952,1336,56093,306000000,1728000
1791127459.4707,4952,1336,56187,306000000,1728000
1791127459.5208,4952,1328,56125,306000000,1728000
1791127459.5709,4952,1344,56218,306000000,1113600
1791127459.6210,4952,1352,56093,306000000,1728000
1791127459.6711,4952,1352,56281,306000000,1728000
1791127459.7212,4952,1344,56062,306000000,1728000
1791127459.7712,4952,1344,56218,306000000,1728000
1791127459.8213,4952,1344,56062,306000000,1728000
1791127459.8714,4952,1344,56093,306000000,1728000
1791127459.9215,4952,1336,56218,306000000,1728000
1791127459.9715,4952,1328,56187,306000000,1728000
1791127460.0216,4952,1336,56250,306000000,1728000
1791127460.0717,4952,1328,56062,306000000,1728000
1791127460.1218,4952,1328,56218,306000000,1728000
1791127460.1719,4952,1336,56031,306000000,1728000
1791127460.2220,4952,1344,56125,306000000,1728000
1791127460.2720,4952,1344,56156,306000000,1728000
1791127460.3221,4952,1344,56218,306000000,1728000
1791127460.3722,4952,1336,56250,306000000,1728000
1791127460.4223,4952,1328,56187,306000000,1728000
1791127460.4724,4952,1328,56187,306000000,1728000
1791127460.5225,4952,1328,56093,306000000,1728000
1791127460.5725,4952,1328,56156,306000000,1728000
1791127460.6226,4952,1328,56000,306000000,1728000
1791127460.6727,4952,1336,56187,306000000,1728000
1791127460.7228,4952,1352,56125,306000000,1190400
1791127460.7729,4952,1344,56125,306000000,1728000
1791127460.8230,4952,1344,56343,306000000,1728000
1791127460.8731,4952,1344,56093,306000000,1728000
1791127460.9232,4952,1344,56281,306000000,1728000
1791127460.9732,4952,1336,56093,306000000,1728000
1791127461.0233,4952,1328,56218,306000000,1728000
1791127461.0734,4952,1336,56093,306000000,1728000
1791127461.1235,4952,1336,56187,306000000,1728000
1791127461.1736,4952,1328,56062,306000000,1728000
1791127461.2236,4952,1328,56093,306000000,1728000
1791127461.2737,4952,1336,56312,306000000,1728000
1791127461.3238,4952,1344,56062,306000000,1728000
1791127461.3739,4952,1352,56375,306000000,1728000
1791127461.4240,4952,1344,56125,306000000,1728000
1791127461.4741,4952,1336,56218,306000000,1728000
1791127461.5242,4952,1344,56156,306000000,1728000
1791127461.5743,4952,1352,56187,306000000,1728000
1791127461.6244,4952,1336,56093,306000000,1728000
1791127461.6744,4952,1336,56187,306000000,1728000
1791127461.7245,4952,1328,56093,306000000,1728000
1791127461.7746,4952,1336,56187,306000000,1728000
1791127461.8247,4952,1336,56250,306000000,1728000
1791127461.8748,4952,1344,56125,306000000,1728000
1791127461.9249,4952,1336,56218,306000000,1728000
1791127461.9750,4952,1344,56031,306000000,1728000
1791127462.0250,4952,1344,56125,306000000,1728000
1791127462.0751,4952,1336,56031,306000000,1728000
1791127462.1252,4952,1328,56187,306000000,1728000
1791127462.1753,4952,1344,56062,306000000,1728000
1791127462.2254,4952,1344,56125,306000000,1728000
1791127462.2755,4952,1336,56250,306000000,1728000
1791127462.3255,4952,1328,56125,306000000,1728000
1791127462.3756,4952,1336,56218,306000000,1728000
1791127462.4258,4952,1352,56093,306000000,729600
1791127462.4759,4952,1344,56281,306000000,1728000
1791127462.5259,4952,1336,56125,306000000,1728000
1791127462.5760,4952,1344,56156,306000000,1728000
1791127462.6261,4952,1344,56062,306000000,1728000
1791127462.6762,4952,1344,56156,306000000,1728000
1791127462.7263,4952,1336,56218,306000000,1728000
1791127462.7764,4952,1328,56125,306000000,1728000
1791127462.8265,4952,1336,56156,306000000,1728000
1791127462.8765,4952,1336,56125,306000000,1728000
1791127462.9266,4952,1336,56218,306000000,1728000
1791127462.9767,4952,1336,56125,306000000,1728000
1791127463.0268,4952,1344,56125,306000000,1728000
1791127463.0769,4952,1344,56031,306000000,1728000
1791127463.1270,4952,1344,56156,306000000,1728000
1791127463.1771,4952,1336,56187,306000000,1728000
1791127463.2271,4952,1344,56093,306000000,1728000
1791127463.2772,4952,1344,56218,306000000,1728000
1791127463.3273,4952,1344,56031,306000000,1728000
1791127463.3774,4952,1336,56218,306000000,1728000
1791127463.4275,4952,1328,56062,306000000,1728000
1791127463.4776,4952,1336,56156,306000000,1728000
1791127463.5277,4952,1352,56093,306000000,1728000
1791127463.5778,4952,1352,56187,306000000,1728000
1791127463.6278,4952,1344,56312,306000000,1728000
1791127463.6779,4952,1344,56125,306000000,1728000
1791127463.7280,4952,1352,56187,306000000,1728000
1791127463.7781,4952,1352,56093,306000000,1728000
1791127463.8282,4952,1336,56187,306000000,1728000
1791127463.8783,4952,1336,56156,306000000,1728000
1791127463.9283,4952,1344,56125,306000000,1728000
1791127463.9784,4952,1344,56093,306000000,1728000
1791127464.0285,4952,1336,56218,306000000,1728000
1791127464.0786,4952,1344,56031,306000000,1113600
1791127464.1287,4952,1352,56093,306000000,1728000
1791127464.1788,4952,1352,56281,306000000,1728000
1791127464.2288,4952,1344,56125,306000000,1728000
1791127464.2789,4952,1344,56156,306000000,1728000
1791127464.3290,4952,1344,56125,306000000,1728000
1791127464.3791,4952,1344,56187,306000000,1728000
1791127464.4292,4952,1336,56062,306000000,1728000
1791127464.4793,4952,1336,56156,306000000,1728000
1791127464.5294,4952,1344,56031,306000000,1728000
1791127464.5795,4952,1344,56187,306000000,1728000
1791127464.6296,4952,1336,56218,306000000,1728000
1791127464.6797,4952,1344,56093,306000000,1728000
1791127464.7297,4952,1352,56156,306000000,1728000
1791127464.7798,4952,1344,56093,306000000,1728000
1791127464.8299,4952,1344,56156,306000000,1728000
1791127464.8800,4952,1336,56093,306000000,1728000
1791127464.9301,4952,1344,56093,306000000,1728000
1791127464.9802,4952,1352,56031,306000000,1728000
1791127465.0302,4952,1336,56093,306000000,1728000
1791127465.0803,4952,1344,56250,306000000,1728000
1791127465.1304,4952,1352,56187,306000000,1728000
1791127465.1805,4952,1344,56125,306000000,1728000
1791127465.2306,4952,1352,56062,306000000,1728000
1791127465.2807,4952,1344,56093,306000000,1728000
1791127465.3308,4952,1352,56062,306000000,1728000
1791127465.3809,4952,1352,56187,306000000,1728000
1791127465.4309,4952,1344,56031,306000000,1728000
1791127465.4810,4952,1336,56093,306000000,1728000
1791127465.5311,4952,1344,56281,306000000,1728000
1791127465.5812,4952,1344,56156,306000000,1728000
1791127465.6313,4952,1336,56156,306000000,1728000
1791127465.6814,4952,1336,56125,306000000,1728000
1791127465.7315,4952,1344,56187,306000000,1190400
1791127465.7816,4952,1352,56125,306000000,1728000
1791127465.8316,4952,1352,56187,306000000,1728000
1791127465.8817,4952,1336,56093,306000000,1728000
1791127465.9318,4952,1328,56156,306000000,1728000
1791127465.9819,4952,1336,56250,306000000,1728000
1791127466.0320,4952,1344,56125,306000000,1728000
1791127466.0821,4952,1336,56156,306000000,1728000
1791127466.1322,4952,1328,56093,306000000,1728000
1791127466.1822,4952,1328,56250,306000000,1728000
1791127466.2323,4952,1328,56093,306000000,1728000
1791127466.2824,4952,1336,56125,306000000,1728000
1791127466.3325,4952,1352,56093,306000000,1728000
1791127466.3826,4952,1344,56093,306000000,1728000
1791127466.4327,4952,1336,56187,306000000,1728000
1791127466.4828,4952,1344,56125,306000000,1728000
1791127466.5328,4952,1344,56250,306000000,1728000
1791127466.5829,4952,1336,56125,306000000,1728000
1791127466.6330,4952,1328,56281,306000000,1728000
1791127466.6831,4952,1336,56093,306000000,1728000
1791127466.7331,4952,1336,56093,306000000,1728000
1791127466.7832,4952,1336,56062,306000000,1728000
1791127466.8333,4952,1328,56062,306000000,1728000
1791127466.8834,4952,1336,56062,306000000,1728000
1791127466.9335,4952,1352,56093,306000000,1728000
1791127466.9836,4952,1352,56218,306000000,1728000
1791127467.0337,4952,1344,56062,306000000,1728000
1791127467.0837,4952,1336,56218,306000000,1728000
1791127467.1338,4952,1344,56156,306000000,1728000
1791127467.1839,4952,1336,56125,306000000,1728000
1791127467.2340,4952,1336,56125,306000000,1728000
1791127467.2841,4952,1328,56156,306000000,1728000
1791127467.3341,4952,1336,56062,306000000,1728000
1791127467.3842,4952,1336,56125,306000000,1728000
1791127467.4343,4952,1344,56125,306000000,1728000
1791127467.4844,4952,1344,56093,306000000,1728000
1791127467.5345,4952,1344,56125,306000000,1728000
1791127467.5846,4952,1344,56156,306000000,1728000
1791127467.6347,4952,1344,56125,306000000,1728000
1791127467.6847,4952,1336,56125,306000000,1728000
1791127467.7348,4952,1336,56156,306000000,1728000
1791127467.7849,4952,1336,56187,306000000,1728000
1791127467.8350,4952,1344,56093,306000000,1728000
1791127467.8851,4952,1328,56250,306000000,1728000
1791127467.9351,4952,1320,56062,306000000,1728000
1791127467.9852,4952,1336,56187,306000000,1728000
1791127468.0353,4952,1352,56031,306000000,1728000
1791127468.0854,4952,1344,56156,306000000,1728000
1791127468.1355,4952,1336,56093,306000000,1728000
1791127468.1856,4952,1336,56093,306000000,1728000
1791127468.2357,4952,1344,56062,306000000,1728000
1791127468.2857,4952,1344,56062,306000000,1728000
1791127468.3358,4952,1336,56218,306000000,1728000
1791127468.3859,4952,1328,56156,306000000,1728000
1791127468.4359,4952,1336,56187,306000000,1728000
1791127468.4860,4952,1336,56093,306000000,1728000
1791127468.5361,4952,1344,56187,306000000,1728000
1791127468.5862,4952,1344,56125,306000000,1036800
1791127468.6363,4952,1352,56218,306000000,1728000
1791127468.6864,4952,1352,56093,306000000,1728000
1791127468.7365,4952,1344,56125,306000000,1728000
1791127468.7865,4952,1336,56218,306000000,1728000
1791127468.8366,4952,1336,56062,306000000,1728000
1791127468.8867,4952,1336,56218,306000000,1728000
1791127468.9368,4952,1344,56062,306000000,1728000
1791127468.9868,4952,1328,56156,306000000,1728000
1791127469.0369,4952,1328,56093,306000000,1728000
1791127469.0870,4952,1328,56156,306000000,1190400
1791127469.1371,4952,1344,56093,306000000,1728000
1791127469.1872,4952,1344,56125,306000000,1728000
1791127469.2372,4952,1336,56250,306000000,1728000
1791127469.2873,4952,1336,56187,306000000,1728000
1791127469.3374,4952,1344,56156,306000000,1728000
1791127469.3875,4952,1344,56125,306000000,1728000
1791127469.4376,4952,1336,56125,306000000,1728000
1791127469.4876,4952,1336,56031,306000000,1728000
1791127469.5377,4952,1336,56125,306000000,1728000
1791127469.5878,4952,1336,56125,306000000,1728000
1791127469.6379,4952,1336,56062,306000000,1728000
1791127469.6880,4952,1344,56031,306000000,1728000
1791127469.7381,4952,1352,56218,306000000,1728000
1791127469.7881,4952,1352,56250,306000000,1728000
1791127469.8382,4952,1344,56156,306000000,1728000
1791127469.8883,4952,1336,56156,306000000,1728000
1791127469.9384,4952,1344,56062,306000000,1728000
1791127469.9885,4952,1344,56125,306000000,1728000
1791127470.0386,4952,1336,56031,306000000,1728000
1791127470.0887,4952,1328,56218,306000000,1728000
1791127470.1387,4952,1336,56218,306000000,1728000
1791127470.1888,4952,1344,56125,306000000,1728000
1791127470.2389,4952,1352,56218,306000000,1728000
1791127470.2894,4952,1352,56093,306000000,1728000
1791127470.3395,4952,1344,56187,306000000,1728000
1791127470.3896,4952,1352,56062,306000000,1728000
1791127470.4397,4952,1352,56156,306000000,1728000
1791127470.4897,4952,1344,56062,306000000,1728000
1791127470.5398,4952,1336,56156,306000000,1728000
1791127470.5899,4952,1344,56062,306000000,1728000
1791127470.6400,4952,1344,56125,306000000,1728000
1791127470.6901,4952,1336,56218,306000000,1728000
1791127470.7402,4952,1328,56031,306000000,1728000
1791127470.7903,4952,1344,56187,306000000,1728000
1791127470.8404,4952,1360,56125,306000000,1728000
1791127470.8905,4952,1352,56125,306000000,1728000
1791127470.9405,4952,1352,56125,306000000,1728000
1791127470.9906,4952,1352,56062,306000000,1728000
1791127471.0407,4952,1352,56093,306000000,1728000
1791127471.0908,4952,1344,56125,306000000,1728000
1791127471.1409,4952,1336,56218,306000000,1728000
1791127471.1910,4952,1344,56093,306000000,1728000
1791127471.2411,4952,1328,56156,306000000,1728000
1791127471.2912,4960,1312,56125,306000000,1728000
1791127471.3413,4960,1312,56125,306000000,1728000
1791127471.3914,4952,1328,56093,306000000,1728000
1791127471.4415,4952,1344,56125,306000000,1728000
1791127471.4915,4952,1352,56000,306000000,1728000
1791127471.5416,4952,1360,56156,306000000,1728000
1791127471.5917,4952,1368,56187,306000000,1728000
1791127471.6418,4952,1368,56062,306000000,1728000
1791127471.6919,4952,1368,56156,306000000,1728000
1791127471.7420,4952,1368,56031,306000000,1728000
1791127471.7921,4952,1360,56156,306000000,1728000
1791127471.8421,4952,1360,56031,306000000,1728000
1791127471.8922,4952,1368,56156,306000000,1190400
1791127471.9423,4952,1376,56031,306000000,1497600
1791127471.9924,4952,1368,56125,306000000,1728000
1791127472.0425,4952,1368,56281,306000000,1728000
1791127472.0926,4952,1360,56093,306000000,1728000
1791127472.1427,4952,1360,56187,306000000,1728000
1791127472.1927,4952,1352,56093,306000000,1728000
1791127472.2428,4952,1344,56156,306000000,1728000
1791127472.2929,4952,1344,56125,306000000,1728000
1791127472.3430,4952,1352,56125,306000000,1728000
1791127472.3942,4952,1344,56031,306000000,1728000
1791127472.4443,4952,1336,56093,306000000,1113600
1791127472.4944,4952,1352,56093,306000000,1728000
1791127472.5445,4952,1352,56093,306000000,1728000
1791127472.5946,4952,1344,56312,306000000,1728000
1791127472.6447,4952,1344,56093,306000000,1728000
1791127472.6947,4952,1344,56250,306000000,1728000
1791127472.7448,4952,1344,56093,306000000,1728000
1791127472.7949,4952,1344,56125,306000000,1728000
1791127472.8450,4952,1336,56093,306000000,1728000
1791127472.8951,4952,1344,56125,306000000,1728000
1791127472.9452,4952,1344,56093,306000000,1728000
1791127472.9952,4952,1336,56156,306000000,1728000
1791127473.0453,4952,1336,56250,306000000,1728000
1791127473.0954,4952,1336,56156,306000000,1728000
1791127473.1455,4952,1344,56187,306000000,1728000
1791127473.1956,4952,1344,56093,306000000,1728000
1791127473.2457,4952,1336,56218,306000000,1728000
1791127473.2958,4952,1328,56093,306000000,1728000
1791127473.3459,4952,1336,56093,306000000,1728000
1791127473.3960,4952,1336,56125,306000000,1728000
1791127473.4460,4952,1336,56125,306000000,1728000
1791127473.4961,4952,1336,56031,306000000,1728000
1791127473.5462,4952,1336,56187,306000000,1728000
1791127473.5963,4952,1344,56187,306000000,1728000
1791127473.6464,4952,1352,56093,306000000,1728000
1791127473.6965,4952,1344,56218,306000000,1728000
1791127473.7466,4952,1336,56031,306000000,1728000
1791127473.7967,4952,1344,56218,306000000,1728000
1791127473.8468,4952,1344,56125,306000000,1728000
1791127473.8968,4952,1336,56031,306000000,1728000
1791127473.9469,4952,1328,56062,306000000,1728000
1791127473.9970,4952,1328,56187,306000000,1728000
1791127474.0471,4952,1336,56281,306000000,1728000
1791127474.0972,4952,1336,56093,306000000,1728000
1791127474.1473,4952,1336,56125,306000000,1344000
1791127474.1974,4952,1352,56062,306000000,1728000
1791127474.2475,4952,1344,56156,306000000,1728000
1791127474.2976,4952,1352,56062,306000000,1728000
1791127474.3476,4952,1336,56093,306000000,1728000
1791127474.3977,4952,1344,56093,306000000,1728000
1791127474.4478,4952,1336,56156,306000000,1728000
1791127474.4979,4952,1344,56156,306000000,1728000
1791127474.5480,4952,1336,56031,306000000,1728000
1791127474.5981,4952,1328,56250,306000000,1728000
1791127474.6481,4952,1328,56093,306000000,1728000
1791127474.6982,4952,1336,56156,306000000,1728000
1791127474.7483,4952,1352,56125,306000000,1728000
1791127474.7984,4952,1336,56125,306000000,1728000
1791127474.8485,4952,1336,56062,306000000,1728000
1791127474.8986,4952,1336,56093,306000000,1728000
1791127474.9487,4952,1336,56281,306000000,1728000
1791127474.9987,4952,1336,56062,306000000,1728000
1791127475.0488,4952,1328,56187,306000000,1728000
1791127475.0989,4952,1336,56093,306000000,1728000
1791127475.1490,4952,1344,56125,306000000,1728000
1791127475.1991,4952,1336,56062,306000000,1728000
1791127475.2491,4952,1328,56093,306000000,1728000
1791127475.2992,4952,1352,56125,306000000,1420800
1791127475.3493,4952,1344,56187,306000000,1728000
1791127475.3994,4952,1344,56312,306000000,1728000
1791127475.4495,4952,1336,56062,306000000,1728000
1791127475.4996,4952,1328,56250,306000000,1728000
1791127475.5497,4952,1344,56062,306000000,1728000
1791127475.5997,4952,1344,56250,306000000,1728000
1791127475.6498,4952,1336,56062,306000000,1728000
1791127475.6999,4952,1328,56156,306000000,1728000
1791127475.7500,4952,1328,56125,306000000,1728000
1791127475.8001,4952,1336,56218,306000000,1728000
1791127475.8502,4952,1344,56031,306000000,1728000
1791127475.9002,4952,1344,56187,306000000,1728000
1791127475.9503,4952,1344,56250,306000000,1728000
1791127476.0004,4952,1352,56156,306000000,1728000
1791127476.0505,4952,1344,56156,306000000,1728000
1791127476.1006,4952,1336,56093,306000000,1728000
1791127476.1507,4952,1336,56156,306000000,1728000
1791127476.2007,4952,1336,56093,306000000,1728000
1791127476.2508,4952,1344,56093,306000000,1728000
1791127476.3009,4952,1336,56062,306000000,1728000
1791127476.3510,4952,1344,56125,306000000,1728000
1791127476.4011,4952,1360,56250,306000000,1728000
1791127476.4512,4952,1352,56093,306000000,1728000
1791127476.5012,4952,1344,56250,306000000,1728000
1791127476.5513,4952,1344,56156,306000000,1728000
1791127476.6014,4952,1344,56218,306000000,1728000
1791127476.6515,4952,1352,56031,306000000,1728000
1791127476.7016,4952,1344,56156,306000000,1728000
1791127476.7517,4952,1336,56062,306000000,1728000
1791127476.8018,4952,1336,56125,306000000,1728000
1791127476.8518,4952,1336,56250,306000000,1728000
1791127476.9019,4952,1336,56093,306000000,1728000
1791127476.9520,4952,1336,56156,306000000,1728000
1791127477.0021,4952,1336,56187,306000000,1728000
1791127477.0522,4952,1336,56218,306000000,1728000
1791127477.1023,4952,1336,56125,306000000,1728000
1791127477.1524,4952,1336,56218,306000000,1728000
1791127477.2025,4952,1336,56093,306000000,1728000
1791127477.2526,4952,1328,56218,306000000,1728000
1791127477.3026,4952,1328,56250,306000000,1728000
1791127477.3527,4952,1328,56156,306000000,1728000
1791127477.4028,4952,1336,56156,306000000,1728000
1791127477.4529,4952,1328,56125,306000000,1728000
1791127477.5043,4960,1320,56125,306000000,1728000
1791127477.5544,4952,1344,56093,306000000,1728000
1791127477.6045,4952,1344,56218,306000000,1728000
1791127477.6546,4952,1344,56031,306000000,1728000
1791127477.7047,4952,1336,56093,306000000,1728000
1791127477.7547,4952,1328,56312,306000000,1728000
1791127477.8048,4952,1336,56093,306000000,1728000
1791127477.8549,4952,1336,56281,306000000,1728000
1791127477.9050,4952,1336,56156,306000000,1728000
1791127477.9551,4960,1336,56312,306000000,1728000
1791127478.0052,4952,1336,56125,306000000,1728000
1791127478.0553,4952,1336,56187,306000000,1728000
1791127478.1053,4952,1352,56062,306000000,1728000
1791127478.1554,4952,1336,56187,306000000,1728000
1791127478.2055,4952,1344,56093,306000000,1728000
1791127478.2556,4952,1352,56031,306000000,1728000
1791127478.3057,4952,1344,56312,306000000,1728000
1791127478.3558,4952,1336,56062,306000000,1728000
1791127478.4059,4952,1328,56156,306000000,1728000
1791127478.4559,4952,1328,56062,306000000,1728000
1791127478.5060,4952,1336,56125,306000000,1728000
1791127478.5561,4952,1336,56062,306000000,1728000
1791127478.6062,4952,1328,56125,306000000,1728000
1791127478.6563,4952,1328,56062,306000000,1728000
1791127478.7063,4952,1344,56093,306000000,1728000
1791127478.7564,4952,1344,56281,306000000,1728000
1791127478.8065,4952,1336,56125,306000000,1728000
1791127478.8566,4952,1336,56218,306000000,1728000
1791127478.9067,4952,1336,56093,306000000,1728000
1791127478.9568,4952,1336,56125,306000000,1728000
1791127479.0069,4952,1328,56093,306000000,1728000
1791127479.0569,4960,1328,56187,306000000,1728000
1791127479.1070,4952,1336,56062,306000000,1728000
1791127479.1571,4952,1344,56187,306000000,1728000
1791127479.2072,4952,1344,56312,306000000,1267200
1791127479.2573,4952,1344,56125,306000000,1728000
1791127479.3074,4952,1336,56281,306000000,1728000
1791127479.3575,4952,1344,56062,306000000,1728000
1791127479.4076,4952,1344,56250,306000000,1728000
1791127479.4576,4952,1344,56093,306000000,1728000
1791127479.5077,4960,1336,56187,306000000,1728000
1791127479.5578,4952,1336,56093,306000000,1728000
1791127479.6079,4952,1344,56125,306000000,1728000
1791127479.6580,4952,1336,56281,306000000,1728000
1791127479.7081,4952,1336,56125,306000000,1728000
1791127479.7582,4952,1352,56250,306000000,1728000
1791127479.8083,4952,1360,56125,306000000,1728000
1791127479.8584,4952,1344,56187,306000000,1728000
1791127479.9084,4952,1344,56062,306000000,1728000
1791127479.9585,4952,1352,56218,306000000,1728000
1791127480.0086,4952,1344,56156,306000000,1728000
1791127480.0587,4952,1336,56125,306000000,1728000
1791127480.1087,4952,1328,56281,306000000,1728000
1791127480.1588,4952,1336,56062,306000000,1728000
1791127480.2089,4952,1336,56218,306000000,1728000
1791127480.2589,4952,1336,56156,306000000,1728000
1791127480.3090,4952,1336,56250,306000000,1728000
1791127480.3591,4952,1352,56031,306000000,1728000
1791127480.4092,4952,1352,56187,306000000,1728000
1791127480.4594,4952,1352,56125,306000000,1728000
1791127480.5094,4952,1336,56125,306000000,1728000
1791127480.5595,4952,1344,56125,306000000,1728000
1791127480.6096,4952,1344,56187,306000000,1728000
1791127480.6597,4952,1344,56250,306000000,1728000
1791127480.7098,4952,1336,56125,306000000,1728000
1791127480.7598,4952,1336,56250,306000000,1728000
1791127480.8099,4952,1344,56062,306000000,1728000
1791127480.8600,4952,1336,56156,306000000,1728000
1791127480.9101,4952,1344,56062,306000000,960000
1791127480.9602,4952,1336,56125,306000000,1728000
1791127481.0103,4952,1336,56125,306000000,1728000
1791127481.0604,4952,1344,56093,306000000,1728000
1791127481.1105,4952,1336,56281,306000000,1728000
1791127481.1606,4952,1336,56156,306000000,1728000
1791127481.2107,4952,1336,56250,306000000,1728000
1791127481.2608,4952,1344,56093,306000000,1728000
1791127481.3108,4952,1336,56187,306000000,1728000
1791127481.3609,4952,1328,56187,306000000,1728000
1791127481.4110,4952,1328,56156,306000000,1190400
1791127481.4611,4952,1344,56093,306000000,1728000
1791127481.5112,4952,1352,56156,306000000,1728000
1791127481.5613,4952,1336,56406,306000000,1728000
1791127481.6114,4952,1336,56156,306000000,1728000
1791127481.6615,4952,1336,56218,306000000,1728000
1791127481.7115,4952,1336,56062,306000000,1728000
1791127481.7616,4952,1336,56187,306000000,1728000
1791127481.8117,4952,1328,56156,306000000,1728000
1791127481.8618,4952,1336,56093,306000000,1728000
1791127481.9119,4952,1344,56062,306000000,1728000
1791127481.9620,4952,1336,56156,306000000,1728000
1791127482.0121,4952,1344,56312,306000000,1728000
1791127482.0622,4952,1352,56187,306000000,1728000
1791127482.1123,4952,1352,56218,306000000,1728000
1791127482.1623,4952,1344,56093,306000000,1728000
1791127482.2124,4952,1336,56218,306000000,1728000
1791127482.2625,4952,1328,56125,306000000,1728000
1791127482.3126,4952,1336,56187,306000000,1728000
1791127482.3626,4952,1336,56062,306000000,1728000
1791127482.4127,4952,1336,56187,306000000,1728000
1791127482.4628,4960,1328,56343,306000000,1728000
1791127482.5129,4960,1328,56187,306000000,1728000
1791127482.5630,4952,1344,56218,306000000,1728000
1791127482.6131,4952,1352,56093,306000000,1728000
1791127482.6631,4952,1344,56218,306000000,1728000
1791127482.7132,4952,1336,56156,306000000,1728000
1791127482.7633,4952,1344,56156,306000000,1728000
1791127482.8134,4952,1344,56062,306000000,1728000
1791127482.8635,4952,1344,56156,306000000,1728000
1791127482.9136,4952,1344,56031,306000000,1728000
1791127482.9637,4952,1352,56187,306000000,1728000
1791127483.0137,4952,1344,56125,306000000,1728000
1791127483.0638,4952,1336,56093,306000000,1728000
1791127483.1139,4952,1336,56218,306000000,1728000
1791127483.1640,4952,1352,56062,306000000,1728000
1791127483.2141,4952,1352,56156,306000000,1728000
1791127483.2642,4952,1344,56031,306000000,1728000
1791127483.3143,4952,1336,56125,306000000,1728000
1791127483.3644,4952,1336,56093,306000000,1728000
1791127483.4144,4952,1336,56093,306000000,1728000
1791127483.4645,4952,1344,56250,306000000,1728000
1791127483.5146,4952,1336,56062,306000000,1728000
1791127483.5647,4952,1328,56187,306000000,1728000
1791127483.6147,4952,1336,56031,306000000,1728000
1791127483.6648,4952,1344,56218,306000000,1728000
1791127483.7149,4952,1352,56093,306000000,1728000
1791127483.7650,4952,1344,56125,306000000,1728000
1791127483.8151,4952,1352,56062,306000000,1728000
1791127483.8652,4952,1352,56218,306000000,1728000
1791127483.9153,4952,1344,56250,306000000,1728000
1791127483.9654,4952,1344,56125,306000000,1728000
1791127484.0154,4952,1352,56250,306000000,1728000
1791127484.0655,4952,1344,56093,306000000,1728000
1791127484.1156,4952,1336,56187,306000000,1728000
1791127484.1657,4952,1328,56062,306000000,1728000
1791127484.2157,4952,1344,56093,306000000,1728000
1791127484.2658,4952,1352,56062,306000000,729600
1791127484.3159,4952,1352,56187,306000000,1728000
1791127484.3660,4952,1336,56250,306000000,1728000
1791127484.4161,4952,1344,56062,306000000,1728000
1791127484.4661,4952,1344,56250,306000000,1728000
1791127484.5162,4952,1344,56062,306000000,1728000
1791127484.5663,4952,1336,56156,306000000,1728000
1791127484.6164,4952,1344,56062,306000000,1728000
1791127484.6665,4952,1344,56187,306000000,1728000
1791127484.7165,4952,1336,56062,306000000,1728000
1791127484.7666,4952,1328,56093,306000000,1728000
1791127484.8167,4952,1336,56343,306000000,1728000
1791127484.8668,4952,1352,56062,306000000,1728000
1791127484.9169,4952,1352,56218,306000000,1728000
1791127484.9669,4952,1344,56062,306000000,1728000
1791127485.0170,4952,1336,56218,306000000,1728000
1791127485.0671,4952,1336,56093,306000000,1728000
1791127485.1172,4952,1336,56156,306000000,1728000
1791127485.1673,4952,1336,56156,306000000,1728000
1791127485.2173,4952,1328,56218,306000000,1728000
1791127485.2674,4952,1320,56062,306000000,1728000
1791127485.3175,4952,1328,56031,306000000,1728000
1791127485.3676,4952,1344,56187,306000000,1728000
1791127485.4177,4952,1344,56093,306000000,1728000
1791127485.4677,4952,1336,56187,306000000,1728000
1791127485.5178,4952,1336,56125,306000000,1728000
1791127485.5679,4952,1344,56156,306000000,1728000
1791127485.6180,4952,1344,56093,306000000,1728000
1791127485.6680,4952,1336,56156,306000000,1728000
1791127485.7181,4952,1328,55968,306000000,1728000
1791127485.7682,4952,1336,56093,306000000,1728000
1791127485.8182,4952,1336,56250,306000000,1728000
1791127485.8683,4952,1328,56031,306000000,1728000
1791127485.9184,4952,1336,56187,306000000,1113600
1791127485.9685,4952,1344,56125,306000000,1728000
1791127486.0186,4952,1352,56062,306000000,1728000
1791127486.0687,4952,1352,56062,306000000,1728000
1791127486.1188,4952,1336,56156,306000000,1728000
1791127486.1688,4952,1344,56093,306000000,1728000
1791127486.2189,4952,1344,56156,306000000,1728000
1791127486.2690,4952,1344,56281,306000000,1728000
1791127486.3191,4952,1336,56156,306000000,1728000
1791127486.3691,4952,1328,56250,306000000,1728000
1791127486.4192,4952,1336,56093,306000000,1728000
1791127486.4693,4952,1352,56156,306000000,1728000
1791127486.5194,4952,1352,56093,306000000,1728000
1791127486.5695,4952,1344,56156,306000000,1728000
1791127486.6196,4952,1344,56125,306000000,1728000
1791127486.6697,4952,1336,56156,306000000,1728000
1791127486.7197,4952,1320,56250,306000000,1728000
1791127486.7698,4960,1312,56218,306000000,1728000
1791127486.8199,4960,1304,56187,306000000,1728000
1791127486.8700,4952,1328,56093,306000000,1728000
1791127486.9201,4952,1336,56187,306000000,1728000
1791127486.9702,4952,1360,56031,306000000,1728000
1791127487.0203,4952,1360,56093,306000000,1728000
1791127487.0704,4952,1384,55968,306000000,1728000
1791127487.1204,4952,1384,56125,306000000,1728000
1791127487.1705,4952,1376,56312,306000000,1728000
1791127487.2206,4952,1376,56125,306000000,1728000
1791127487.2707,4952,1376,56312,306000000,1728000
1791127487.3207,4952,1360,56125,306000000,1728000
1791127487.3708,4952,1368,56156,306000000,1728000
1791127487.4209,4952,1368,56093,306000000,1728000
1791127487.4710,4952,1360,56156,306000000,1728000
1791127487.5210,4952,1344,56031,306000000,1728000
1791127487.5711,4952,1352,56218,306000000,1728000
1791127487.6212,4952,1368,56031,306000000,1728000
1791127487.6713,4952,1360,56125,306000000,1728000
1791127487.7214,4952,1352,56250,306000000,1728000
1791127487.7715,4952,1352,56156,306000000,1728000
1791127487.8216,4952,1352,56218,306000000,1728000
1791127487.8716,4952,1352,56093,306000000,1728000
1791127487.9217,4952,1344,56187,306000000,1728000
1791127487.9718,4952,1344,56062,306000000,1728000
1791127488.0219,4952,1344,56156,306000000,1728000
1791127488.0720,4952,1344,56187,306000000,1728000
1791127488.1220,4952,1336,56093,306000000,1728000
1791127488.1721,4952,1352,56218,306000000,1728000
1791127488.2222,4952,1344,56031,306000000,1728000
1791127488.2723,4952,1352,56250,306000000,1728000
1791127488.3224,4952,1352,56062,306000000,1728000
1791127488.3725,4952,1344,56093,306000000,1728000
1791127488.4226,4952,1336,56156,306000000,1728000
1791127488.4726,4952,1336,56156,306000000,1728000
1791127488.5227,4952,1336,56187,306000000,1728000
1791127488.5728,4952,1336,56125,306000000,1728000
1791127488.6229,4960,1328,56187,306000000,1728000
1791127488.6730,4960,1336,56093,306000000,1728000
1791127488.7231,4952,1352,56250,306000000,1420800
1791127488.7732,4952,1352,56125,306000000,1728000
1791127488.8233,4952,1344,56093,306000000,1728000
1791127488.8733,4952,1336,56062,306000000,1728000
1791127488.9234,4952,1344,56125,306000000,1728000
1791127488.9735,4952,1336,56062,306000000,1728000
1791127489.0236,4952,1344,56218,306000000,1728000
1791127489.0737,4952,1336,56187,306000000,1728000
1791127489.1238,4960,1328,56093,306000000,1728000
1791127489.1738,4960,1328,56281,306000000,1728000
1791127489.2239,4952,1336,56125,306000000,1728000
1791127489.2740,4952,1344,56218,306000000,1728000
1791127489.3241,4952,1344,56031,306000000,1728000
1791127489.3742,4952,1344,56125,306000000,1728000
1791127489.4243,4952,1352,56125,306000000,1728000
1791127489.4744,4952,1344,56062,306000000,1728000
1791127489.5245,4952,1336,56250,306000000,1728000
1791127489.5745,4952,1336,56093,306000000,1728000
1791127489.6246,4952,1336,56250,306000000,1728000
1791127489.6747,4952,1336,56062,306000000,1728000
1791127489.7248,4952,1328,56187,306000000,1728000
1791127489.7749,4952,1320,56125,306000000,1728000
1791127489.8250,4952,1344,56156,306000000,1728000
1791127489.8751,4952,1352,56062,306000000,1728000
1791127489.9252,4952,1344,56093,306000000,1728000
1791127489.9753,4952,1336,56250,306000000,1728000
1791127490.0253,4952,1344,56125,306000000,1728000
1791127490.0754,4952,1344,56218,306000000,1728000
1791127490.1255,4952,1344,56062,306000000,1728000
1791127490.1756,4952,1336,56250,306000000,1728000
1791127490.2257,4952,1336,56093,306000000,1728000
1791127490.2757,4952,1328,56218,306000000,1728000
1791127490.3258,4952,1344,56031,306000000,1728000
1791127490.3759,4952,1344,56125,306000000,1728000
1791127490.4260,4952,1344,56281,306000000,1728000
1791127490.4761,4952,1344,56125,306000000,1728000
1791127490.5262,4952,1344,56218,306000000,1728000
1791127490.5762,4952,1352,56093,306000000,1728000
1791127490.6263,4952,1336,56218,306000000,1728000
1791127490.6764,4952,1344,56125,306000000,1728000
1791127490.7265,4952,1344,56125,306000000,1728000
1791127490.7766,4952,1336,56093,306000000,1728000
1791127490.8267,4952,1328,56125,306000000,1728000
1791127490.8768,4952,1336,56250,306000000,1728000
1791127490.9269,4952,1336,56093,306000000,1190400
1791127490.9770,4952,1352,56218,306000000,1036800
1791127491.0271,4952,1344,56156,306000000,1728000
1791127491.0772,4952,1344,56156,306000000,1728000
1791127491.1273,4952,1344,56062,306000000,1728000
1791127491.1774,4952,1344,56125,306000000,1728000
1791127491.2274,4952,1344,56093,306000000,1728000
1791127491.2775,4952,1336,56218,306000000,1728000
1791127491.3276,4952,1336,56281,306000000,1728000
1791127491.3777,4952,1344,56156,306000000,1728000
1791127491.4278,4952,1336,56250,306000000,1728000
1791127491.4778,4952,1336,56156,306000000,1728000
1791127491.5279,4952,1352,56250,306000000,1728000
1791127491.5780,4952,1360,56062,306000000,1728000
1791127491.6281,4952,1352,56031,306000000,1728000
1791127491.6782,4952,1344,56062,306000000,1728000
1791127491.7283,4952,1344,56156,306000000,1728000
1791127491.7784,4952,1344,56031,306000000,1728000
1791127491.8284,4952,1344,56062,306000000,1728000
1791127491.8785,4952,1336,56250,306000000,1728000
1791127491.9286,4952,1328,56062,306000000,1728000
1791127491.9787,4952,1336,56218,306000000,1728000
1791127492.0287,4952,1336,56031,306000000,1728000
1791127492.0789,4952,1344,56125,306000000,1267200
1791127492.1289,4952,1344,56000,306000000,1728000
1791127492.1791,4952,1336,56093,306000000,1728000
1791127492.2291,4952,1344,56062,306000000,1728000
1791127492.2792,4952,1344,56031,306000000,1728000
1791127492.3293,4952,1336,56312,306000000,1728000
1791127492.3794,4952,1328,56093,306000000,1728000
1791127492.4295,4960,1320,56125,306000000,1728000
1791127492.4795,4952,1336,56125,306000000,1728000
1791127492.5296,4952,1336,56187,306000000,1728000
1791127492.5797,4952,1328,56062,306000000,1728000
1791127492.6298,4952,1328,56156,306000000,1497600
1791127492.6799,4952,1336,56000,306000000,1728000
1791127492.7300,4952,1344,56125,306000000,1728000
1791127492.7801,4952,1344,56250,306000000,1728000
1791127492.8301,4952,1328,56062,306000000,1728000
1791127492.8802,4952,1328,56187,306000000,1728000
1791127492.9303,4952,1328,56062,306000000,1728000
1791127492.9804,4952,1328,56093,306000000,1728000
1791127493.0305,4952,1328,56000,306000000,1728000
1791127493.0805,4952,1320,56218,306000000,1728000
1791127493.1306,4952,1320,56062,306000000,1728000
1791127493.1807,4952,1336,56156,306000000,1728000
1791127493.2308,4952,1352,56187,306000000,1728000
1791127493.2809,4952,1344,56187,306000000,1728000
1791127493.3310,4952,1336,56156,306000000,1728000
1791127493.3811,4952,1336,56125,306000000,1728000
1791127493.4312,4952,1344,56093,306000000,1728000
1791127493.4813,4952,1344,56062,306000000,1728000
1791127493.5313,4952,1328,56062,306000000,1728000
1791127493.5814,4952,1328,56031,306000000,1728000
1791127493.6315,4952,1336,56093,306000000,1728000
1791127493.6816,4952,1336,56218,306000000,1728000
1791127493.7317,4952,1336,56156,306000000,1728000
1791127493.7818,4952,1336,56187,306000000,1036800
1791127493.8319,4952,1344,56187,306000000,1728000
1791127493.8819,4952,1344,56187,306000000,1728000
1791127493.9320,4952,1344,56031,306000000,1728000
1791127493.9821,4952,1336,56187,306000000,1728000
1791127494.0322,4952,1328,56062,306000000,1728000
1791127494.0823,4952,1328,56156,306000000,1728000
1791127494.1323,4952,1336,56218,306000000,1728000
1791127494.1825,4952,1336,56031,306000000,1728000
1791127494.2325,4960,1328,56218,306000000,1728000
1791127494.2826,4960,1320,56000,306000000,1728000
1791127494.3327,4952,1344,56218,306000000,1728000
1791127494.3828,4952,1344,56093,306000000,1728000
1791127494.4329,4952,1336,56125,306000000,1728000
1791127494.4830,4960,1328,56031,306000000,1728000
1791127494.5331,4952,1336,56187,306000000,1728000
1791127494.5832,4952,1336,56312,306000000,1728000
1791127494.6332,4952,1336,56093,306000000,1728000
1791127494.6833,4960,1328,56281,306000000,1728000
1791127494.7334,4960,1320,56062,306000000,1728000
1791127494.7835,4952,1328,56125,306000000,1728000
1791127494.8336,4952,1328,56031,306000000,1728000
1791127494.8837,4952,1344,56187,306000000,1728000
1791127494.9337,4952,1344,56062,306000000,1728000
1791127494.9838,4952,1336,56031,306000000,1728000
1791127495.0339,4952,1336,56093,306000000,1728000
1791127495.0840,4952,1344,56125,306000000,1728000
1791127495.1349,4952,1336,56062,306000000,1728000
1791127495.1850,4952,1344,56062,306000000,1728000
1791127495.2351,4952,1344,56218,306000000,1728000
1791127495.2851,4952,1344,56062,306000000,1036800
1791127495.3352,4952,1336,56187,306000000,1728000
1791127495.3853,4952,1328,56031,306000000,1728000
1791127495.4354,4952,1344,56125,306000000,1190400
1791127495.4855,4952,1360,56062,306000000,1728000
1791127495.5356,4952,1344,56125,306000000,1728000
1791127495.5857,4952,1336,56093,306000000,1728000
1791127495.6358,4952,1344,56218,306000000,1728000
1791127495.6859,4952,1352,56187,306000000,1728000
1791127495.7360,4952,1344,56125,306000000,1728000
1791127495.7860,4952,1328,56156,306000000,1728000
1791127495.8361,4952,1328,56093,306000000,1728000
1791127495.8862,4952,1336,56156,306000000,1728000
1791127495.9363,4952,1336,56031,306000000,1728000
1791127495.9864,4952,1336,56156,306000000,1728000
1791127496.0365,4952,1344,56031,306000000,1728000
1791127496.0866,4952,1344,56093,306000000,1728000
1791127496.1366,4952,1344,56156,306000000,1728000
1791127496.1867,4952,1344,56093,306000000,1728000
1791127496.2368,4952,1336,56187,306000000,1728000
1791127496.2869,4952,1328,56031,306000000,1728000
1791127496.3370,4952,1336,56125,306000000,1728000
1791127496.3870,4952,1344,56062,306000000,1728000
1791127496.4371,4952,1344,56156,306000000,1728000
1791127496.4872,4952,1336,56031,306000000,1728000
1791127496.5373,4952,1336,56093,306000000,1728000
1791127496.5874,4952,1360,56187,306000000,1728000
1791127496.6375,4952,1352,56093,306000000,1728000
1791127496.6876,4952,1344,56156,306000000,1728000
1791127496.7377,4952,1336,56093,306000000,1728000
1791127496.7877,4952,1344,56062,306000000,1728000
1791127496.8378,4952,1344,56062,306000000,1728000
1791127496.8879,4952,1336,56218,306000000,1728000
1791127496.9380,4952,1328,56031,306000000,1728000
1791127496.9881,4952,1328,56062,306000000,1728000
1791127497.0382,4952,1336,56250,306000000,1728000
1791127497.0883,4952,1336,56062,306000000,1190400
1791127497.1383,4952,1344,56218,306000000,1728000
1791127497.1884,4952,1336,56031,306000000,1728000
1791127497.2385,4952,1336,56093,306000000,1728000
1791127497.2886,4952,1336,56031,306000000,1728000
1791127497.3387,4952,1336,56156,306000000,1728000
1791127497.3888,4952,1328,56062,306000000,1728000
1791127497.4389,4960,1320,56125,306000000,1728000
1791127497.4889,4952,1328,56250,306000000,1728000
1791127497.5390,4952,1328,56062,306000000,1728000
1791127497.5891,4952,1328,56156,306000000,1728000
1791127497.6392,4952,1320,56062,306000000,1728000
1791127497.6893,4952,1328,56281,306000000,1728000
1791127497.7394,4952,1344,56031,306000000,1728000
1791127497.7895,4952,1344,56125,306000000,1728000
1791127497.8396,4952,1336,56062,306000000,1728000
1791127497.8896,4952,1328,56093,306000000,1728000
1791127497.9397,4952,1328,56218,306000000,1728000
1791127497.9898,4952,1336,56093,306000000,1728000
1791127498.0399,4952,1336,56187,306000000,1728000
1791127498.0900,4952,1328,56187,306000000,1728000
1791127498.1401,4952,1328,56156,306000000,1728000
1791127498.1901,4952,1336,56000,306000000,1728000
1791127498.2402,4952,1344,56156,306000000,1267200
1791127498.2903,4952,1344,56093,306000000,1728000
1791127498.3404,4952,1336,56156,306000000,1728000
1791127498.3905,4952,1344,56187,306000000,1728000
1791127498.4406,4952,1344,56156,306000000,1728000
1791127498.4907,4952,1336,56218,306000000,1728000
1791127498.5408,4952,1328,56125,306000000,1728000
1791127498.5909,4960,1328,56156,306000000,1728000
1791127498.6409,4952,1328,56031,306000000,1728000
1791127498.6910,4952,1336,56093,306000000,1728000
1791127498.7411,4952,1328,56031,306000000,1728000
1791127498.7912,4952,1328,56187,306000000,1420800
1791127498.8413,4952,1344,56000,306000000,1728000
1791127498.8914,4952,1352,56062,306000000,1728000
1791127498.9415,4952,1336,56218,306000000,1728000
1791127498.9916,4952,1328,56000,306000000,1728000
1791127499.0417,4952,1336,56156,306000000,1728000
1791127499.0918,4952,1328,56093,306000000,1728000
1791127499.1418,4952,1336,56250,306000000,1036800
1791127499.1919,4960,1328,56062,306000000,1728000
1791127499.2420,4960,1320,56062,306000000,1728000
1791127499.2921,4960,1328,56031,306000000,1728000
1791127499.3422,4952,1336,56125,306000000,1728000
1791127499.3923,4952,1344,56250,306000000,1728000
1791127499.4424,4952,1336,56156,306000000,1728000
1791127499.4925,4952,1344,56125,306000000,1728000
1791127499.5425,4952,1344,56062,306000000,1728000
1791127499.5926,4952,1344,56125,306000000,1728000
1791127499.6427,4952,1336,56031,306000000,1728000
1791127499.6928,4960,1328,56093,306000000,1728000
1791127499.7429,4960,1328,56031,306000000,1728000
1791127499.7930,4952,1336,56062,306000000,1728000
1791127499.8430,4952,1336,56218,306000000,1728000
1791127499.8931,4952,1328,56156,306000000,1728000
1791127499.9432,4952,1344,56250,306000000,1728000
1791127499.9933,4952,1344,56093,306000000,1728000
1791127500.0434,4952,1352,56125,306000000,1728000
1791127500.0935,4952,1344,56031,306000000,1728000
1791127500.1436,4952,1336,56187,306000000,1728000
1791127500.1937,4952,1336,56062,306000000,1728000
1791127500.2437,4952,1344,56062,306000000,1728000
1791127500.2939,4952,1344,56156,306000000,1728000
1791127500.3439,4952,1336,56062,306000000,1728000
1791127500.3940,4952,1336,56218,306000000,1728000
1791127500.4441,4952,1344,56125,306000000,1728000
1791127500.4942,4952,1352,56187,306000000,1728000
1791127500.5443,4952,1344,56125,306000000,1728000
1791127500.5944,4952,1352,56156,306000000,1728000
1791127500.6445,4952,1352,56062,306000000,1728000
1791127500.6945,4952,1344,56125,306000000,1728000
1791127500.7446,4952,1336,56250,306000000,1728000
1791127500.7947,4960,1328,56125,306000000,1728000
1791127500.8448,4960,1320,56250,306000000,1728000
1791127500.8949,4952,1328,56125,306000000,1728000
1791127500.9449,4960,1328,56218,306000000,1728000
1791127500.9951,4960,1328,56062,306000000,1728000
1791127501.0452,4952,1336,56031,306000000,1267200
1791127501.0953,4952,1344,56093,306000000,1728000
1791127501.1454,4952,1352,56031,306000000,1728000
1791127501.1955,4952,1344,56218,306000000,1728000
1791127501.2455,4952,1336,56156,306000000,1728000
1791127501.2956,4952,1344,56250,306000000,1728000
1791127501.3457,4952,1344,56093,306000000,1728000
1791127501.3958,4952,1344,56218,306000000,1728000
1791127501.4459,4960,1336,56031,306000000,1728000
1791127501.4960,4960,1328,56187,306000000,1728000
1791127501.5460,4960,1328,56093,306000000,1728000
1791127501.5961,4952,1344,56125,306000000,1728000
1791127501.6462,4952,1344,56031,306000000,1728000
1791127501.6963,4952,1336,56093,306000000,1728000
1791127501.7464,4952,1328,56281,306000000,1728000
1791127501.7965,4952,1336,56062,306000000,1728000
1791127501.8465,4952,1336,56125,306000000,1728000
1791127501.8966,4952,1336,56093,306000000,1728000
1791127501.9467,4960,1328,56093,306000000,1728000
1791127501.9968,4952,1336,56031,306000000,1728000
1791127502.0469,4952,1344,56156,306000000,1728000
1791127502.0969,4952,1336,56031,306000000,1728000
1791127502.1471,4952,1336,56031,306000000,1728000
1791127502.1972,4952,1344,56250,306000000,1728000
1791127502.2472,4952,1344,56093,306000000,1728000
1791127502.2973,4952,1352,56125,306000000,1728000
1791127502.3474,4952,1344,56031,306000000,1728000
1791127502.3975,4952,1336,56218,306000000,1728000
1791127502.4476,4952,1344,56125,306000000,1728000
1791127502.4977,4952,1344,56156,306000000,1728000
1791127502.5478,4952,1336,56156,306000000,1728000
1791127502.5979,4952,1336,56062,306000000,1728000
1791127502.6480,4952,1344,56281,306000000,1728000
1791127502.6981,4952,1344,56062,306000000,1728000
1791127502.7482,4952,1352,56187,306000000,1728000
1791127502.7983,4952,1360,56093,306000000,1728000
1791127502.8484,4952,1352,56187,306000000,1036800
1791127502.8985,4952,1344,56031,306000000,1728000
1791127502.9486,4952,1344,56125,306000000,1728000
1791127502.9987,4952,1352,56000,306000000,729600
1791127503.0488,4952,1344,56062,306000000,1728000
1791127503.0989,4952,1336,55937,306000000,1728000
1791127503.1490,4952,1336,56093,306000000,1728000
1791127503.1991,4952,1344,56250,306000000,729600
1791127503.2492,4952,1344,56125,306000000,1728000
1791127503.2993,4952,1368,56250,306000000,1113600
1791127503.3494,4952,1368,56031,306000000,1728000
1791127503.3996,4952,1360,56156,306000000,1728000
1791127503.4497,4952,1360,56062,306000000,1728000
1791127503.4998,4952,1360,56218,306000000,1728000
1791127503.5498,4952,1360,56093,306000000,1728000
1791127503.5999,4952,1352,56125,306000000,1728000
1791127503.6500,4952,1360,56218,306000000,1728000
1791127503.7001,4952,1360,56031,306000000,1036800
1791127503.7502,4952,1352,56187,306000000,1728000
1791127503.8003,4952,1344,56031,306000000,1113600
1791127503.8504,4952,1368,56125,306000000,1728000
1791127503.9005,4952,1368,56062,306000000,1113600
1791127503.9506,4952,1352,56062,306000000,1728000
1791127504.0007,4952,1352,56093,306000000,1728000
1791127504.0508,4952,1360,56093,306000000,729600
1791127504.1009,4952,1352,56187,306000000,1036800
1791127504.1511,4952,1344,56156,306000000,1728000
1791127504.2012,4952,1344,56218,306000000,1728000
1791127504.2513,4952,1352,56031,306000000,729600
1791127504.3014,4952,1344,56093,306000000,1728000
1791127504.3515,4952,1336,56062,306000000,1728000
1791127504.4016,4952,1352,56125,306000000,1113600
1791127504.4517,4952,1360,56000,306000000,1728000
1791127504.5018,4952,1352,56062,306000000,1728000
1791127504.5519,4952,1344,56031,306000000,1728000
1791127504.6020,4952,1352,56062,306000000,1728000
1791127504.6521,4952,1360,56093,306000000,1728000
1791127504.7022,4952,1344,56062,306000000,1728000
1791127504.7523,4952,1344,56187,306000000,1728000
1791127504.8023,4952,1352,56062,306000000,1728000
1791127504.8524,4952,1352,56062,306000000,1728000
1791127504.9025,4952,1344,56062,306000000,1728000
1791127504.9526,4952,1352,56093,306000000,1728000
1791127505.0027,4952,1368,56031,306000000,1728000
1791127505.0528,4952,1360,56062,306000000,1113600
1791127505.1029,4952,1344,56250,306000000,1728000
1791127505.1530,4952,1344,56031,306000000,1728000
1791127505.2031,4952,1352,56187,306000000,729600
1791127505.2532,4952,1352,56062,306000000,1728000
1791127505.3033,4952,1344,56062,306000000,1728000
1791127505.3534,4952,1344,56031,306000000,1728000
1791127505.4035,4952,1352,56093,306000000,1728000
1791127505.4536,4952,1344,56031,306000000,1728000
1791127505.5037,4952,1344,56062,306000000,1190400
1791127505.5538,4952,1336,56187,306000000,1728000
1791127505.6039,4952,1328,56031,306000000,1728000
1791127505.6540,4952,1320,56156,306000000,1728000
1791127505.7040,4952,1328,56031,306000000,1728000
1791127505.7541,4952,1344,56156,306000000,1728000
1791127505.8042,4952,1368,56031,306000000,1728000
1791127505.8543,4952,1368,56156,306000000,1728000
1791127505.9043,4952,1376,56125,306000000,1728000
1791127505.9544,4952,1376,56187,306000000,1728000
1791127506.0045,4952,1368,56156,306000000,1728000
1791127506.0546,4952,1376,56031,306000000,1728000
1791127506.1047,4952,1392,56250,306000000,1728000
1791127506.1548,4952,1384,56125,306000000,1728000
1791127506.2049,4952,1376,56156,306000000,1728000
1791127506.2549,4952,1376,56062,306000000,1728000
1791127506.3050,4952,1376,56156,306000000,1728000
1791127506.3551,4952,1360,56031,306000000,1728000
1791127506.4052,4952,1360,56093,306000000,1728000
1791127506.4553,4952,1368,56187,306000000,1728000
1791127506.5054,4952,1360,56031,306000000,1728000
1791127506.5554,4952,1352,56062,306000000,1728000
1791127506.6055,4952,1344,56000,306000000,1728000
1791127506.6556,4952,1368,56156,306000000,1728000
1791127506.7057,4952,1360,55968,306000000,1728000
1791127506.7558,4952,1360,56062,306000000,1728000
1791127506.8058,4952,1352,56062,306000000,1728000
1791127506.8559,4952,1352,56031,306000000,1728000
1791127506.9060,4952,1352,56093,306000000,1728000
1791127506.9561,4952,1336,56062,306000000,1728000
1791127507.0062,4952,1328,56187,306000000,1728000
1791127507.0562,4952,1336,56062,306000000,1728000
1791127507.1063,4952,1336,56156,306000000,1728000
1791127507.1564,4952,1336,56062,306000000,1728000
1791127507.2065,4952,1336,56093,306000000,1728000
1791127507.2566,4952,1352,56031,306000000,1728000
1791127507.3067,4952,1352,56093,306000000,1728000
1791127507.3568,4952,1344,56281,306000000,1728000
1791127507.4068,4952,1336,56031,306000000,1728000
1791127507.4569,4952,1344,56125,306000000,1728000
1791127507.5071,4952,1352,56062,306000000,1728000
1791127507.5571,4952,1336,56125,306000000,1728000
1791127507.6072,4952,1328,56031,306000000,1728000
1791127507.6573,4952,1336,56093,306000000,1728000
1791127507.7074,4952,1336,56000,306000000,1728000
1791127507.7575,4952,1344,56031,306000000,1728000
1791127507.8076,4952,1344,56000,306000000,1728000
1791127507.8577,4952,1336,56093,306000000,1728000
1791127507.9077,4952,1344,56218,306000000,1728000
1791127507.9578,4952,1336,56000,306000000,1728000
1791127508.0079,4952,1336,56125,306000000,1728000
1791127508.0580,4952,1328,56093,306000000,1728000
1791127508.1081,4952,1320,56062,306000000,1728000
1791127508.1581,4952,1328,56062,306000000,1728000
1791127508.2082,4952,1336,56062,306000000,1728000
1791127508.2583,4952,1328,56187,306000000,1728000
1791127508.3084,4952,1328,56031,306000000,1728000
1791127508.3585,4952,1336,56281,306000000,1728000
1791127508.4086,4952,1344,56031,306000000,1728000
1791127508.4587,4952,1352,56125,306000000,1728000
1791127508.5088,4952,1344,56031,306000000,1728000
1791127508.5588,4952,1328,56062,306000000,1728000
1791127508.6089,4952,1328,55968,306000000,1728000
1791127508.6590,4952,1336,56031,306000000,1728000
1791127508.7091,4952,1336,56062,306000000,1728000
1791127508.7592,4952,1328,56000,306000000,1728000
1791127508.8092,4952,1320,56187,306000000,1728000
1791127508.8593,4952,1328,55937,306000000,1728000
1791127508.9094,4952,1352,56218,306000000,1728000
1791127508.9595,4952,1344,56000,306000000,1728000
1791127509.0096,4952,1336,56062,306000000,1728000
1791127509.0597,4952,1328,56000,306000000,1728000
1791127509.1097,4952,1328,56156,306000000,1728000
1791127509.1598,4952,1336,55968,306000000,1728000
1791127509.2099,4952,1336,56031,306000000,1728000
1791127509.2600,4952,1328,56156,306000000,1728000
1791127509.3100,4960,1328,56031,306000000,1728000
1791127509.3601,4952,1336,56156,306000000,1728000
1791127509.4102,4952,1336,56031,306000000,1113600
1791127509.4602,4952,1336,56156,306000000,1728000
1791127509.5103,4952,1336,56000,306000000,1728000
1791127509.5604,4952,1344,56125,306000000,1728000
1791127509.6105,4952,1344,55968,306000000,1728000
1791127509.6606,4952,1344,56031,306000000,1728000
1791127509.7107,4952,1336,56125,306000000,1728000
1791127509.7607,4952,1336,56062,306000000,1728000
1791127509.8108,4952,1344,56125,306000000,1728000
1791127509.8609,4952,1336,56031,306000000,1728000
1791127509.9110,4952,1328,56156,306000000,1728000
1791127509.9611,4960,1328,56000,306000000,1728000
1791127510.0112,4952,1352,56093,306000000,1190400
1791127510.0613,4952,1352,56031,306000000,1728000
1791127510.1113,4952,1344,55968,306000000,1728000
1791127510.1614,4952,1328,56093,306000000,1728000
1791127510.2115,4952,1344,56062,306000000,1728000
1791127510.2616,4952,1344,56156,306000000,1728000
1791127510.3117,4952,1336,56062,306000000,1728000
1791127510.3618,4952,1336,56062,306000000,1728000
1791127510.4119,4952,1336,56031,306000000,1728000
1791127510.4620,4952,1344,56031,306000000,1728000
1791127510.5120,4952,1336,56031,306000000,1728000
1791127510.5621,4952,1336,56031,306000000,1728000
1791127510.6122,4952,1344,56156,306000000,1728000
1791127510.6623,4952,1352,56031,306000000,1728000
1791127510.7124,4952,1352,56062,306000000,1728000
1791127510.7625,4960,1336,56031,306000000,1728000
1791127510.8126,4952,1336,56062,306000000,1728000
1791127510.8627,4952,1336,55937,306000000,1728000
1791127510.9127,4952,1336,56093,306000000,1728000
1791127510.9628,4952,1336,56000,306000000,1728000
1791127511.0129,4960,1328,56031,306000000,1728000
1791127511.0630,4960,1320,56187,306000000,1728000
1791127511.1131,4952,1328,56031,306000000,1728000
1791127511.1632,4952,1352,56156,306000000,1728000
1791127511.2133,4952,1344,56031,306000000,1728000
1791127511.2634,4952,1336,56093,306000000,1728000
1791127511.3134,4952,1336,55937,306000000,1728000
1791127511.3635,4952,1344,56062,306000000,1728000
1791127511.4136,4952,1336,55968,306000000,1728000
1791127511.4637,4960,1328,56156,306000000,1728000
1791127511.5138,4960,1328,56218,306000000,1728000
1791127511.5638,4952,1336,56000,306000000,1728000
1791127511.6139,4952,1336,56125,306000000,1728000
1791127511.6640,4952,1336,56031,306000000,1728000
1791127511.7141,4952,1344,56187,306000000,1728000
1791127511.7642,4952,1336,56000,306000000,1728000
1791127511.8143,4952,1336,56062,306000000,1728000
1791127511.8643,4952,1344,56062,306000000,1728000
1791127511.9144,4952,1336,56125,306000000,1728000
1791127511.9645,4960,1328,56156,306000000,1728000
1791127512.0146,4960,1336,56093,306000000,1728000
1791127512.0647,4952,1344,56156,306000000,1728000
1791127512.1148,4952,1336,56031,306000000,1728000
1791127512.1648,4960,1328,56125,306000000,1728000
1791127512.2149,4952,1336,55937,306000000,1728000
1791127512.2650,4952,1352,56031,306000000,1728000
1791127512.3151,4952,1344,56000,306000000,1728000
1791127512.3652,4952,1336,56093,306000000,1728000
1791127512.4153,4952,1344,56125,306000000,1728000
1791127512.4653,4952,1344,56062,306000000,1728000
1791127512.5154,4952,1344,56125,306000000,1728000
1791127512.5655,4952,1336,56031,306000000,1728000
1791127512.6156,4952,1328,56093,306000000,1728000
1791127512.6657,4952,1328,55968,306000000,1728000
1791127512.7157,4952,1336,56062,306000000,1728000
1791127512.7658,4952,1328,55968,306000000,1728000
1791127512.8159,4952,1336,56156,306000000,1267200
1791127512.8660,4952,1344,55968,306000000,1728000
1791127512.9161,4952,1352,56000,306000000,1728000
1791127512.9662,4952,1344,56218,306000000,1728000
1791127513.0163,4952,1336,56062,306000000,1728000
1791127513.0663,4952,1336,56187,306000000,1728000
1791127513.1164,4952,1328,55937,306000000,1728000
1791127513.1665,4952,1336,56031,306000000,1728000
1791127513.2166,4952,1336,56031,306000000,1728000
1791127513.2667,4960,1328,56062,306000000,1728000
1791127513.3167,4960,1328,56000,306000000,1728000
1791127513.3668,4952,1344,56000,306000000,1728000
1791127513.4169,4952,1352,56156,306000000,1728000
1791127513.4670,4952,1344,56062,306000000,1728000
1791127513.5171,4952,1344,56156,306000000,1728000
1791127513.5672,4952,1352,56000,306000000,1728000
1791127513.6173,4952,1344,56093,306000000,1728000
1791127513.6674,4952,1336,56000,306000000,1728000
1791127513.7174,4952,1336,56125,306000000,1728000
1791127513.7675,4952,1344,56000,306000000,1728000
1791127513.8176,4952,1336,56031,306000000,1728000
1791127513.8677,4952,1328,56218,306000000,1728000
1791127513.9178,4952,1328,56031,306000000,1728000
1791127513.9679,4952,1344,56062,306000000,1728000
1791127514.0180,4952,1352,56031,306000000,1728000
1791127514.0681,4952,1344,56218,306000000,1728000
1791127514.1182,4952,1344,56093,306000000,1728000
1791127514.1683,4952,1352,56062,306000000,1728000
1791127514.2184,4952,1344,56031,306000000,1728000
1791127514.2685,4952,1344,56062,306000000,1728000
1791127514.3186,4952,1344,56125,306000000,1728000
1791127514.3686,4952,1344,56000,306000000,1036800
1791127514.4187,4952,1336,56187,306000000,1728000
1791127514.4688,4952,1336,56031,306000000,1728000
1791127514.5190,4952,1360,56125,306000000,1728000
1791127514.5691,4952,1360,56031,306000000,1728000
1791127514.6192,4952,1352,56093,306000000,1728000
1791127514.6692,4952,1344,56031,306000000,1728000
1791127514.7193,4952,1352,56062,306000000,1728000
1791127514.7694,4952,1352,56250,306000000,1728000
1791127514.8195,4952,1336,56031,306000000,1728000
1791127514.8696,4952,1336,56156,306000000,1728000
1791127514.9196,4952,1336,55968,306000000,1728000
1791127514.9697,4952,1344,56156,306000000,1728000
1791127515.0198,4952,1336,56000,306000000,1728000
1791127515.0699,4952,1344,56062,306000000,1728000
1791127515.1200,4952,1352,56031,306000000,1728000
1791127515.1701,4952,1352,56093,306000000,1728000
1791127515.2201,4952,1344,56031,306000000,1728000
1791127515.2702,4952,1336,56031,306000000,1728000
1791127515.3203,4952,1344,56125,306000000,1728000
1791127515.3704,4952,1352,56000,306000000,1728000
1791127515.4205,4952,1344,56062,306000000,1728000
1791127515.4705,4952,1328,55968,306000000,1728000
1791127515.5206,4960,1328,56031,306000000,1728000
1791127515.5707,4960,1328,56000,306000000,1728000
1791127515.6208,4952,1352,56062,306000000,1728000
1791127515.6709,4952,1344,56031,306000000,1728000
1791127515.7210,4952,1344,56031,306000000,1728000
1791127515.7711,4952,1352,56062,306000000,1728000
1791127515.8211,4952,1352,56031,306000000,1728000
1791127515.8712,4952,1344,56156,306000000,1728000
1791127515.9213,4952,1344,56031,306000000,1728000
1791127515.9714,4952,1344,56062,306000000,1728000
1791127516.0215,4952,1344,56031,306000000,1728000
1791127516.0715,4952,1336,56031,306000000,1728000
1791127516.1216,4960,1328,56000,306000000,1728000
1791127516.1717,4952,1344,56062,306000000,1190400
1791127516.2218,4952,1360,56187,306000000,1728000
1791127516.2719,4952,1352,56125,306000000,1728000
1791127516.3220,4952,1336,56156,306000000,1728000
1791127516.3720,4952,1344,56000,306000000,1728000
1791127516.4221,4952,1344,56031,306000000,1728000
1791127516.4722,4952,1336,56031,306000000,1728000
1791127516.5223,4952,1336,56062,306000000,1728000
1791127516.5724,4952,1328,56000,306000000,1728000
1791127516.6225,4952,1328,56031,306000000,1728000
1791127516.6726,4952,1336,56125,306000000,1728000
1791127516.7226,4952,1336,56000,306000000,1728000
1791127516.7727,4952,1344,56093,306000000,1728000
1791127516.8228,4952,1344,56000,306000000,1728000
1791127516.8729,4952,1352,56093,306000000,1728000
1791127516.9230,4952,1344,56031,306000000,1728000
1791127516.9731,4952,1336,56062,306000000,1728000
1791127517.0231,4952,1336,56000,306000000,1728000
1791127517.0732,4952,1336,56031,306000000,1728000
1791127517.1233,4952,1344,56156,306000000,1728000
1791127517.1734,4952,1336,56031,306000000,1728000
1791127517.2234,4960,1328,56187,306000000,1728000
1791127517.2735,4952,1336,56031,306000000,1728000
1791127517.3236,4952,1352,56125,306000000,1728000
1791127517.3737,4952,1344,55937,306000000,1728000
1791127517.4238,4952,1336,56062,306000000,1728000
1791127517.4739,4952,1336,56000,306000000,1728000
1791127517.5239,4952,1344,56062,306000000,1728000
1791127517.5740,4952,1344,56218,306000000,1728000
1791127517.6241,4952,1336,56062,306000000,1728000
1791127517.6742,4952,1328,56093,306000000,1728000
1791127517.7243,4952,1336,56031,306000000,1728000
1791127517.7744,4952,1336,56031,306000000,1728000
1791127517.8245,4952,1336,55968,306000000,1190400
1791127517.8746,4952,1344,56125,306000000,1497600
1791127517.9246,4952,1344,56000,306000000,1728000
1791127517.9747,4952,1344,56093,306000000,1728000
1791127518.0248,4952,1336,56156,306000000,1728000
1791127518.0749,4952,1336,56031,306000000,1728000
1791127518.1250,4952,1336,56187,306000000,1728000
1791127518.1751,4952,1336,56031,306000000,1728000
1791127518.2251,4952,1328,56093,306000000,1728000
1791127518.2752,4952,1328,55968,306000000,1728000
1791127518.3253,4952,1320,56031,306000000,1728000
1791127518.3754,4952,1328,55968,306000000,1728000
1791127518.4255,4952,1344,56062,306000000,1728000
1791127518.4756,4952,1344,56093,306000000,1728000
1791127518.5257,4952,1336,56062,306000000,1728000
1791127518.5757,4952,1344,56093,306000000,1728000
1791127518.6258,4952,1344,56031,306000000,1728000
1791127518.6759,4952,1336,56187,306000000,1728000
1791127518.7260,4952,1336,56062,306000000,1728000
1791127518.7761,4952,1336,56062,306000000,1728000
1791127518.8262,4952,1336,56031,306000000,1728000
1791127518.8763,4952,1336,56031,306000000,1728000
1791127518.9264,4952,1328,56218,306000000,1728000
1791127518.9765,4952,1336,56031,306000000,1728000
1791127519.0266,4952,1344,56218,306000000,1728000
1791127519.0766,4952,1352,56031,306000000,1728000
1791127519.1267,4952,1344,56093,306000000,1728000
1791127519.1768,4952,1336,56000,306000000,1728000
1791127519.2269,4952,1328,56093,306000000,1728000
1791127519.2770,4960,1328,56000,306000000,1728000
1791127519.3271,4952,1336,56031,306000000,1728000
1791127519.3771,4952,1336,56000,306000000,1728000
1791127519.4272,4952,1328,56031,306000000,1728000
1791127519.4773,4952,1336,56187,306000000,1728000
1791127519.5274,4952,1352,55968,306000000,1497600
1791127519.5775,4952,1352,56187,306000000,1728000
1791127519.6276,4952,1344,56031,306000000,1728000
1791127519.6777,4952,1352,55968,306000000,1728000
1791127519.7277,4952,1352,56031,306000000,1728000
1791127519.7778,4952,1344,56062,306000000,1728000
1791127519.8279,4952,1336,56000,306000000,1728000
1791127519.8780,4952,1344,56125,306000000,1728000
1791127519.9281,4952,1344,56187,306000000,1728000
1791127519.9781,4952,1336,56000,306000000,1728000
1791127520.0282,4952,1328,56125,306000000,1728000
1791127520.0783,4952,1336,56062,306000000,1728000
1791127520.1284,4952,1352,56031,306000000,1728000
1791127520.1785,4952,1352,55968,306000000,1728000
1791127520.2286,4952,1336,56031,306000000,1728000
1791127520.2787,4952,1336,55968,306000000,1728000
1791127520.3287,4952,1336,56125,306000000,1728000
1791127520.3788,4952,1344,56156,306000000,1728000
1791127520.4289,4952,1336,56062,306000000,1728000
1791127520.4790,4952,1328,56125,306000000,1728000
1791127520.5291,4952,1328,56031,306000000,1728000
1791127520.5791,4952,1336,56093,306000000,1728000
1791127520.6292,4952,1344,55968,306000000,1728000
1791127520.6793,4952,1344,56156,306000000,1728000
1791127520.7294,4952,1336,56062,306000000,1728000
1791127520.7795,4952,1344,56093,306000000,1728000
1791127520.8296,4952,1352,56156,306000000,1728000
1791127520.8797,4952,1344,56031,306000000,1728000
1791127520.9297,4952,1336,56156,306000000,1728000
1791127520.9798,4952,1336,56062,306000000,1728000
1791127521.0299,4952,1344,56093,306000000,1728000
1791127521.0800,4952,1336,56031,306000000,1728000
1791127521.1301,4952,1328,56093,306000000,960000
1791127521.1801,4952,1320,56031,306000000,1113600
1791127521.2302,4952,1344,56093,306000000,1728000
1791127521.2803,4952,1344,56281,306000000,1728000
1791127521.3304,4952,1344,56093,306000000,1728000
1791127521.3805,4952,1336,56156,306000000,1728000
1791127521.4306,4952,1336,56000,306000000,1728000
1791127521.4807,4952,1344,56125,306000000,1728000
1791127521.5308,4952,1344,56031,306000000,1728000
1791127521.5808,4952,1328,56062,306000000,1728000
1791127521.6309,4952,1336,56062,306000000,960000
1791127521.6810,4952,1344,56093,306000000,1728000
1791127521.7311,4952,1336,56218,306000000,1728000
1791127521.7812,4952,1344,56031,306000000,1728000
1791127521.8313,4952,1352,56187,306000000,1728000
1791127521.8814,4952,1352,56000,306000000,1728000
1791127521.9314,4952,1352,56250,306000000,1728000
1791127521.9815,4952,1344,55968,306000000,1728000
1791127522.0316,4952,1336,56093,306000000,1728000
1791127522.0817,4952,1336,56031,306000000,1728000
1791127522.1317,4952,1344,56125,306000000,1728000
1791127522.1818,4952,1344,56187,306000000,1728000
1791127522.2319,4952,1336,56000,306000000,1728000
1791127522.2820,4952,1328,56156,306000000,1728000
1791127522.3321,4952,1344,56093,306000000,1728000
1791127522.3822,4952,1352,56187,306000000,1728000
1791127522.4323,4952,1344,56062,306000000,1728000
1791127522.4823,4952,1336,56125,306000000,1728000
1791127522.5324,4952,1336,55968,306000000,1728000
1791127522.5825,4952,1336,56031,306000000,1728000
1791127522.6326,4952,1344,56031,306000000,1728000
1791127522.6827,4952,1336,56093,306000000,1728000
1791127522.7327,4952,1328,56250,306000000,1728000
1791127522.7828,4952,1344,56062,306000000,1728000
1791127522.8329,4952,1336,56156,306000000,1728000
1791127522.8840,4952,1336,56062,306000000,1728000
1791127522.9341,4952,1344,56062,306000000,1728000
1791127522.9842,4952,1344,56031,306000000,1728000
1791127523.0343,4952,1344,56062,306000000,1728000
1791127523.0844,4952,1344,55937,306000000,1728000
1791127523.1345,4952,1336,56062,306000000,1728000
1791127523.1846,4960,1328,55968,306000000,1728000
1791127523.2346,4952,1336,56000,306000000,1728000
1791127523.2847,4952,1336,56187,306000000,1728000
1791127523.3348,4952,1328,56031,306000000,1728000
1791127523.3849,4952,1320,56187,306000000,1728000
1791127523.4350,4952,1336,56031,306000000,1267200
1791127523.4851,4952,1344,56062,306000000,1728000
1791127523.5352,4952,1344,56031,306000000,1728000
1791127523.5852,4952,1336,56125,306000000,1728000
1791127523.6353,4952,1344,56000,306000000,1728000
1791127523.6854,4952,1344,56000,306000000,1728000
1791127523.7355,4952,1336,56187,306000000,1728000
1791127523.7856,4952,1328,56062,306000000,1728000
1791127523.8357,4952,1328,56062,306000000,1728000
1791127523.8857,4952,1336,56000,306000000,1728000
1791127523.9358,4952,1336,56062,306000000,1728000
1791127523.9859,4952,1336,56000,306000000,1113600
1791127524.0360,4952,1336,56031,306000000,1728000
1791127524.0861,4952,1344,55968,306000000,1728000
1791127524.1362,4952,1336,56031,306000000,1728000
1791127524.1863,4952,1344,56187,306000000,1728000
1791127524.2364,4952,1336,56031,306000000,1728000
1791127524.2864,4952,1328,56093,306000000,1728000
1791127524.3365,4952,1344,56000,306000000,1728000
1791127524.3866,4952,1344,56093,306000000,1728000
1791127524.4367,4952,1336,56000,306000000,1728000
1791127524.4868,4952,1336,56125,306000000,1728000
1791127524.5368,4952,1344,56000,306000000,1728000
1791127524.5869,4952,1352,56093,306000000,1344000
1791127524.6370,4952,1352,56187,306000000,1728000
1791127524.6871,4952,1344,56125,306000000,1728000
1791127524.7372,4952,1336,56218,306000000,1728000
1791127524.7873,4952,1344,56031,306000000,1728000
1791127524.8374,4952,1344,56093,306000000,1728000
1791127524.8874,4952,1336,56000,306000000,1728000
1791127524.9375,4952,1336,56031,306000000,1728000
1791127524.9876,4952,1336,56031,306000000,1728000
1791127525.0377,4952,1336,56062,306000000,1728000
1791127525.0878,4952,1336,56062,306000000,1728000
1791127525.1379,4952,1336,56125,306000000,1190400
1791127525.1880,4952,1344,56187,306000000,1728000
1791127525.2380,4952,1352,56031,306000000,1728000
1791127525.2881,4952,1352,56125,306000000,1728000
1791127525.3382,4952,1344,56000,306000000,1728000
1791127525.3883,4952,1336,56093,306000000,1728000
1791127525.4384,4952,1344,56000,306000000,1728000
1791127525.4884,4952,1344,56000,306000000,1728000
1791127525.5385,4952,1336,56156,306000000,1728000
1791127525.5886,4952,1328,56062,306000000,1728000
1791127525.6387,4952,1320,56125,306000000,1728000
1791127525.6887,4952,1336,56000,306000000,1728000
1791127525.7389,4952,1344,56125,306000000,1728000
1791127525.7889,4952,1344,55968,306000000,1728000
1791127525.8391,4952,1344,56093,306000000,1728000
1791127525.8892,4952,1352,56000,306000000,1728000
1791127525.9393,4952,1352,56062,306000000,1728000
1791127525.9893,4952,1344,56156,306000000,1728000
1791127526.0394,4952,1328,56031,306000000,1728000
1791127526.0895,4952,1336,56156,306000000,1728000
1791127526.1396,4952,1344,56000,306000000,1728000
1791127526.1897,4952,1336,56187,306000000,1728000
1791127526.2398,4952,1336,56093,306000000,1728000
1791127526.2899,4952,1352,56031,306000000,1728000
1791127526.3399,4952,1352,56031,306000000,1728000
1791127526.3900,4952,1344,56093,306000000,1728000
1791127526.4401,4952,1344,56000,306000000,1728000
1791127526.4902,4952,1336,56000,306000000,1728000
1791127526.5403,4952,1344,56218,306000000,1728000
1791127526.5904,4952,1344,56031,306000000,1728000
1791127526.6405,4952,1336,56125,306000000,1728000
1791127526.6906,4952,1328,56000,306000000,1728000
1791127526.7406,4952,1336,56062,306000000,1728000
1791127526.7907,4952,1344,56031,306000000,1267200
1791127526.8408,4952,1344,56093,306000000,1728000
1791127526.8909,4952,1344,56000,306000000,1728000
1791127526.9410,4952,1344,56000,306000000,1728000
1791127526.9911,4952,1352,56187,306000000,1728000
1791127527.0411,4952,1344,56000,306000000,1728000
1791127527.0912,4952,1336,56187,306000000,1728000
1791127527.1413,4952,1336,55968,306000000,1728000
1791127527.1914,4952,1336,56156,306000000,1728000
1791127527.2415,4952,1336,56062,306000000,1728000
1791127527.2916,4952,1328,56062,306000000,1728000
1791127527.3416,4952,1336,55937,306000000,1728000
1791127527.3917,4952,1352,56093,306000000,1728000
1791127527.4418,4952,1352,56156,306000000,1728000
1791127527.4919,4952,1344,56031,306000000,1728000
1791127527.5420,4952,1328,56093,306000000,1728000
1791127527.5921,4952,1344,56031,306000000,1728000
1791127527.6421,4952,1344,56156,306000000,1728000
1791127527.6922,4952,1336,56062,306000000,1728000
1791127527.7423,4952,1328,56093,306000000,1728000
1791127527.7924,4952,1344,55968,306000000,1728000
1791127527.8425,4952,1344,56093,306000000,1728000
1791127527.8926,4952,1336,56187,306000000,1728000
1791127527.9427,4952,1352,56000,306000000,1728000
1791127527.9928,4952,1352,56125,306000000,1728000
1791127528.0428,4952,1352,56031,306000000,1728000
1791127528.0929,4952,1344,56093,306000000,1728000
1791127528.1430,4952,1328,56031,306000000,1728000
1791127528.1931,4952,1336,56156,306000000,1728000
1791127528.2431,4952,1336,56031,306000000,1728000
1791127528.2932,4952,1328,56031,306000000,1728000
1791127528.3433,4952,1328,56281,306000000,1728000
1791127528.3934,4960,1320,56062,306000000,1728000
1791127528.4434,4960,1320,56218,306000000,1728000
1791127528.4935,4952,1336,56031,306000000,1728000
1791127528.5436,4952,1344,56062,306000000,1728000
1791127528.5937,4952,1336,56031,306000000,1728000
1791127528.6438,4960,1328,56062,306000000,1728000
1791127528.6939,4952,1336,55968,306000000,1728000
1791127528.7440,4952,1344,56093,306000000,1728000
1791127528.7940,4952,1336,56125,306000000,1728000
1791127528.8441,4960,1328,56093,306000000,1728000
1791127528.8942,4952,1336,56218,306000000,1728000
1791127528.9443,4952,1344,56000,306000000,1728000
1791127528.9944,4952,1336,56125,306000000,1728000
1791127529.0445,4952,1336,56000,306000000,1728000
1791127529.0946,4952,1352,56156,306000000,1728000
1791127529.1447,4952,1352,56000,306000000,1728000
1791127529.1947,4952,1352,56031,306000000,1728000
1791127529.2448,4952,1328,56187,306000000,1728000
1791127529.2949,4960,1320,56031,306000000,1728000
1791127529.3450,4960,1312,56125,306000000,1728000
1791127529.3950,4960,1312,56031,306000000,1728000
1791127529.4451,4952,1320,56187,306000000,1728000
1791127529.4952,4952,1336,56031,306000000,1728000
1791127529.5453,4952,1352,56062,306000000,1728000
1791127529.5954,4952,1368,56031,306000000,1728000
1791127529.6455,4952,1384,56125,306000000,1728000
1791127529.6956,4952,1392,55937,306000000,1728000
1791127529.7457,4952,1392,55968,306000000,1728000
1791127529.7957,4952,1392,56187,306000000,1728000
1791127529.8458,4952,1392,56093,306000000,1728000
1791127529.8959,4952,1376,56125,306000000,1728000
1791127529.9460,4952,1368,56093,306000000,1728000
1791127529.9961,4952,1368,56093,306000000,1728000
1791127530.0462,4952,1368,56062,306000000,1728000
1791127530.0962,4952,1360,56031,306000000,1728000
1791127530.1463,4952,1352,56000,306000000,1113600
1791127530.1964,4952,1368,56093,306000000,1728000
1791127530.2465,4952,1368,56031,306000000,1728000
1791127530.2966,4952,1360,56125,306000000,1728000
1791127530.3467,4952,1352,56125,306000000,1728000
1791127530.3968,4952,1352,56000,306000000,1728000
1791127530.4469,4952,1360,56031,306000000,1728000
1791127530.4969,4952,1352,55968,306000000,1728000
1791127530.5470,4952,1344,56000,306000000,1728000
1791127530.5971,4952,1344,55937,306000000,1728000
1791127530.6472,4952,1352,56156,306000000,1728000
1791127530.6973,4952,1344,56156,306000000,1728000
1791127530.7474,4952,1352,55968,306000000,1728000
1791127530.7975,4952,1352,56187,306000000,1728000
1791127530.8475,4952,1352,56031,306000000,1728000
1791127530.8976,4952,1352,56062,306000000,1728000
1791127530.9477,4952,1344,55937,306000000,1728000
1791127530.9978,4952,1344,56062,306000000,1728000
1791127531.0479,4952,1352,56000,306000000,1728000
1791127531.0979,4952,1352,56031,306000000,1728000
1791127531.1480,4952,1344,56093,306000000,1728000
1791127531.1981,4952,1336,56000,306000000,1728000
1791127531.2482,4952,1328,56156,306000000,1728000
1791127531.2983,4952,1344,55968,306000000,1728000
1791127531.3484,4952,1352,56062,306000000,1728000
1791127531.3985,4952,1344,56031,306000000,1728000
1791127531.4486,4952,1336,56093,306000000,1728000
1791127531.4986,4952,1336,56031,306000000,1728000
1791127531.5487,4952,1344,56093,306000000,1728000
1791127531.5991,4952,1344,56000,306000000,1728000
1791127531.6492,4952,1328,55937,306000000,1728000
1791127531.6993,4952,1336,56187,306000000,1728000
1791127531.7494,4952,1336,56031,306000000,1728000
1791127531.7995,4952,1336,56218,306000000,1728000
1791127531.8496,4952,1336,56031,306000000,1728000
1791127531.8997,4952,1336,56062,306000000,1728000
1791127531.9498,4952,1344,56031,306000000,1728000
1791127531.9999,4952,1352,56031,306000000,1728000
1791127532.0500,4952,1344,56000,306000000,1728000
1791127532.1001,4952,1336,56031,306000000,1728000
1791127532.1502,4952,1344,56187,306000000,1728000
1791127532.2003,4952,1352,56031,306000000,1728000
1791127532.2504,4952,1336,56156,306000000,1728000
1791127532.3005,4952,1328,55906,306000000,1728000
1791127532.3506,4952,1328,56093,306000000,1728000
1791127532.4007,4952,1344,55937,306000000,1728000
1791127532.4508,4952,1360,56125,306000000,1728000
1791127532.5009,4952,1344,56031,306000000,1728000
1791127532.5510,4952,1336,56156,306000000,1728000
1791127532.6011,4952,1336,56187,306000000,1728000
1791127532.6512,4952,1336,56000,306000000,1728000
1791127532.7013,4952,1336,56156,306000000,1728000
1791127532.7514,4952,1336,55968,306000000,1728000
1791127532.8015,4952,1328,56187,306000000,1728000
1791127532.8515,4960,1320,56031,306000000,1728000
1791127532.9017,4952,1336,56062,306000000,1728000
1791127532.9518,4952,1336,55937,306000000,1728000
1791127533.0019,4952,1344,56031,306000000,1728000
1791127533.0519,4952,1344,56031,306000000,1728000
1791127533.1020,4952,1352,56031,306000000,1728000
1791127533.1521,4952,1352,56125,306000000,1728000
1791127533.2022,4952,1344,56031,306000000,1728000
1791127533.2524,4952,1352,56125,306000000,1728000
1791127533.3024,4952,1352,55968,306000000,1728000
1791127533.3525,4952,1344,56031,306000000,1728000
1791127533.4026,4952,1336,56031,306000000,1728000
1791127533.4527,4952,1344,56062,306000000,1728000
1791127533.5028,4952,1344,55937,306000000,1190400
1791127533.5528,4952,1352,56000,306000000,1728000
1791127533.6030,4952,1344,56156,306000000,1728000
1791127533.6531,4952,1352,56031,306000000,1728000
1791127533.7031,4952,1352,56125,306000000,1728000
1791127533.7532,4952,1344,55968,306000000,1728000
1791127533.8033,4952,1336,56125,306000000,1728000
1791127533.8534,4952,1328,56031,306000000,1728000
1791127533.9035,4952,1336,56000,306000000,1728000
1791127533.9536,4952,1336,55968,306000000,1728000
1791127534.0037,4952,1336,56093,306000000,1728000
1791127534.0538,4952,1328,56093,306000000,1728000
1791127534.1039,4952,1344,56031,306000000,1728000
1791127534.1540,4952,1352,56156,306000000,1728000
1791127534.2040,4952,1352,56031,306000000,1728000
1791127534.2541,4952,1336,56000,306000000,1728000
1791127534.3042,4952,1336,56031,306000000,1728000
1791127534.3543,4952,1344,56062,306000000,1728000
1791127534.4044,4952,1344,56031,306000000,1728000
1791127534.4544,4952,1336,56031,306000000,1728000
1791127534.5045,4952,1328,56250,306000000,1728000
1791127534.5546,4960,1328,56031,306000000,1728000
1791127534.6047,4952,1336,56156,306000000,1728000
1791127534.6548,4952,1344,56031,306000000,1113600
1791127534.7049,4952,1344,56000,306000000,1728000
1791127534.7550,4952,1344,56031,306000000,1728000
1791127534.8051,4952,1344,56031,306000000,1728000
1791127534.8551,4952,1344,55968,306000000,1728000
1791127534.9052,4952,1336,56031,306000000,1728000
1791127534.9553,4952,1344,56156,306000000,1728000
1791127535.0054,4952,1344,56031,306000000,1728000
1791127535.0555,4952,1344,56125,306000000,1728000
1791127535.1056,4952,1336,56031,306000000,1728000
1791127535.1557,4952,1328,56093,306000000,1728000
1791127535.2057,4952,1336,56000,306000000,1728000
1791127535.2558,4952,1352,55937,306000000,1728000
1791127535.3059,4952,1344,56000,306000000,1728000
1791127535.3560,4952,1336,56031,306000000,1728000
1791127535.4061,4952,1328,56093,306000000,1728000
1791127535.4562,4952,1336,56031,306000000,1728000
1791127535.5062,4952,1336,56187,306000000,1728000
1791127535.5563,4952,1336,56000,306000000,1728000
1791127535.6064,4952,1328,56093,306000000,1728000
1791127535.6565,4952,1328,56000,306000000,1728000
1791127535.7066,4952,1336,56093,306000000,1728000
1791127535.7567,4952,1344,56031,306000000,1728000
1791127535.8068,4952,1344,56125,306000000,1728000
1791127535.8569,4952,1344,56218,306000000,1728000
1791127535.9070,4952,1352,56000,306000000,1728000
1791127535.9570,4952,1344,56187,306000000,1728000
1791127536.0071,4952,1336,56031,306000000,1728000
1791127536.0572,4952,1336,56125,306000000,1728000
1791127536.1073,4952,1344,56000,306000000,1728000
1791127536.1574,4952,1344,56062,306000000,1728000
1791127536.2075,4952,1336,56031,306000000,1728000
1791127536.2575,4952,1336,56062,306000000,1728000
1791127536.3076,4952,1344,55937,306000000,1728000
1791127536.3577,4952,1360,56000,306000000,1728000
1791127536.4078,4952,1344,56125,306000000,1728000
1791127536.4579,4952,1336,55968,306000000,1728000
1791127536.5080,4952,1336,56156,306000000,1728000
1791127536.5580,4952,1344,56031,306000000,1728000
1791127536.6081,4952,1344,56031,306000000,1728000
1791127536.6582,4952,1336,55906,306000000,1728000
1791127536.7083,4952,1336,56093,306000000,1728000
1791127536.7584,4952,1336,56125,306000000,1728000
1791127536.8085,4952,1344,56000,306000000,1728000
1791127536.8586,4952,1336,56156,306000000,1728000
1791127536.9087,4952,1352,56000,306000000,1728000
1791127536.9587,4952,1352,56156,306000000,1728000
1791127537.0088,4952,1352,56062,306000000,1728000
1791127537.0589,4952,1344,56031,306000000,1728000
1791127537.1090,4952,1336,56000,306000000,1728000
1791127537.1591,4952,1344,56062,306000000,1728000
1791127537.2092,4952,1344,55875,306000000,1728000
1791127537.2592,4952,1336,56031,306000000,1728000
1791127537.3093,4952,1328,56093,306000000,1728000
1791127537.3594,4952,1328,56000,306000000,1728000
1791127537.4095,4952,1336,56125,306000000,1728000
1791127537.4596,4952,1352,56031,306000000,1728000
1791127537.5097,4952,1344,56093,306000000,1728000
1791127537.5597,4952,1344,56000,306000000,1728000
1791127537.6098,4952,1352,56062,306000000,1728000
1791127537.6599,4952,1352,56031,306000000,1728000
1791127537.7100,4952,1344,56062,306000000,1728000
1791127537.7601,4952,1336,56187,306000000,1728000
1791127537.8102,4952,1344,56031,306000000,1728000
1791127537.8602,4952,1344,56125,306000000,1728000
1791127537.9103,4952,1336,56031,306000000,1728000
1791127537.9604,4952,1336,56031,306000000,1728000
1791127538.0105,4952,1344,56000,306000000,1728000
1791127538.0606,4952,1352,56125,306000000,1728000
1791127538.1107,4952,1344,55906,306000000,1728000
1791127538.1608,4952,1344,56031,306000000,1728000
1791127538.2109,4952,1352,56187,306000000,1728000
1791127538.2610,4952,1344,56031,306000000,1728000
1791127538.3110,4952,1344,56156,306000000,1728000
1791127538.3611,4952,1328,56031,306000000,1728000
1791127538.4112,4952,1336,56031,306000000,1728000
1791127538.4613,4952,1336,56031,306000000,1728000
1791127538.5114,4952,1336,56031,306000000,1728000
1791127538.5615,4952,1336,56031,306000000,1728000
1791127538.6116,4952,1336,56031,306000000,1728000
1791127538.6617,4952,1344,56031,306000000,1728000
1791127538.7117,4952,1352,56031,306000000,1728000
1791127538.7618,4952,1344,56125,306000000,1728000
1791127538.8119,4952,1344,56000,306000000,1728000
1791127538.8620,4952,1344,56062,306000000,1728000
1791127538.9121,4952,1344,55968,306000000,1728000
1791127538.9622,4952,1336,56093,306000000,1728000
1791127539.0123,4952,1328,56062,306000000,1728000
1791127539.0623,4952,1328,56093,306000000,1728000
1791127539.1124,4952,1336,56187,306000000,1728000
1791127539.1625,4952,1352,56031,306000000,1344000
1791127539.2126,4952,1344,56250,306000000,1728000
1791127539.2627,4952,1344,55968,306000000,1728000
1791127539.3128,4952,1344,56156,306000000,1728000
1791127539.3629,4952,1344,55937,306000000,1728000
1791127539.4129,4952,1328,56062,306000000,1728000
1791127539.4631,4952,1328,56062,306000000,1728000
1791127539.5131,4952,1336,56093,306000000,1728000
1791127539.5632,4952,1344,56156,306000000,1728000
1791127539.6133,4952,1336,56062,306000000,1728000
1791127539.6634,4952,1336,56125,306000000,1728000
1791127539.7135,4952,1352,56031,306000000,1728000
1791127539.7636,4952,1352,56093,306000000,1728000
1791127539.8137,4952,1344,55968,306000000,1728000
1791127539.8638,4952,1336,56062,306000000,1728000
1791127539.9138,4952,1336,56000,306000000,1728000
1791127539.9639,4952,1344,56031,306000000,1728000
1791127540.0140,4952,1336,56250,306000000,1728000
1791127540.0641,4952,1328,56031,306000000,1728000
1791127540.1141,4960,1328,56218,306000000,1728000
1791127540.1642,4952,1328,56031,306000000,1728000
1791127540.2143,4952,1336,56156,306000000,1728000
1791127540.2644,4952,1344,56000,306000000,1728000
1791127540.3145,4952,1344,56093,306000000,1728000
1791127540.3646,4952,1336,55968,306000000,1728000
1791127540.4147,4952,1344,56031,306000000,1728000
1791127540.4648,4952,1344,55937,306000000,1728000
1791127540.5149,4952,1336,56125,306000000,1728000
1791127540.5649,4952,1336,56156,306000000,1728000
1791127540.6150,4952,1336,56031,306000000,1728000
1791127540.6651,4952,1336,56187,306000000,1728000
1791127540.7152,4952,1336,56000,306000000,1728000
1791127540.7653,4952,1328,56031,306000000,1728000
1791127540.8154,4952,1336,55968,306000000,1190400
1791127540.8655,4952,1344,56093,306000000,1728000
1791127540.9156,4952,1352,56000,306000000,1728000
1791127540.9656,4952,1344,56031,306000000,1728000
1791127541.0157,4952,1336,56093,306000000,1728000
1791127541.0658,4952,1336,56031,306000000,1728000
1791127541.1159,4952,1344,56187,306000000,1728000
1791127541.1660,4952,1336,56000,306000000,1728000
1791127541.2161,4952,1336,56125,306000000,1728000
1791127541.2662,4952,1336,56000,306000000,1728000
1791127541.3162,4952,1344,56156,306000000,1728000
1791127541.3663,4952,1344,56031,306000000,1728000
1791127541.4164,4952,1352,56125,306000000,1728000
1791127541.4665,4952,1344,56187,306000000,1728000
1791127541.5166,4952,1352,56031,306000000,1728000
1791127541.5667,4952,1344,56250,306000000,1728000
1791127541.6168,4952,1336,56031,306000000,1728000
1791127541.6668,4952,1344,56156,306000000,1728000
1791127541.7169,4952,1352,56031,306000000,1728000
1791127541.7674,4952,1344,56125,306000000,1728000
1791127541.8175,4952,1336,56000,306000000,1728000
1791127541.8676,4952,1336,56031,306000000,1728000
1791127541.9176,4952,1352,56000,306000000,1728000
1791127541.9678,4952,1360,56031,306000000,1728000
1791127542.0178,4952,1344,56187,306000000,1728000
1791127542.0679,4952,1344,56062,306000000,1728000
1791127542.1180,4952,1344,56156,306000000,1728000
1791127542.1681,4952,1336,56000,306000000,1728000
1791127542.2182,4952,1336,56093,306000000,1728000
1791127542.2683,4952,1336,55968,306000000,1728000
1791127542.3184,4952,1344,56062,306000000,1728000
1791127542.3685,4952,1336,56000,306000000,1728000
1791127542.4185,4952,1336,56031,306000000,1728000
1791127542.4686,4952,1336,56156,306000000,1728000
1791127542.5187,4952,1344,56031,306000000,1728000
1791127542.5688,4952,1344,56156,306000000,1728000
1791127542.6189,4952,1352,55968,306000000,1728000
1791127542.6690,4952,1336,56125,306000000,1728000
1791127542.7191,4952,1328,56031,306000000,1728000
1791127542.7692,4952,1336,56062,306000000,1728000
1791127542.8193,4952,1336,56031,306000000,1728000
1791127542.8694,4952,1336,56031,306000000,1728000
1791127542.9194,4952,1328,56125,306000000,1728000
1791127542.9695,4960,1328,56031,306000000,1728000
1791127543.0196,4952,1336,56156,306000000,1190400
1791127543.0697,4952,1352,56031,306000000,1728000
1791127543.1198,4952,1344,56093,306000000,1728000
1791127543.1699,4952,1336,56031,306000000,1728000
1791127543.2199,4952,1328,56125,306000000,1728000
1791127543.2700,4952,1336,55937,306000000,1728000
1791127543.3201,4952,1344,56062,306000000,1728000
1791127543.3702,4952,1336,56187,306000000,1728000
1791127543.4203,4952,1328,56031,306000000,1728000
1791127543.4703,4952,1336,56125,306000000,1728000
1791127543.5204,4952,1336,56031,306000000,1728000
1791127543.5705,4952,1328,56125,306000000,1728000
1791127543.6206,4952,1336,56031,306000000,1728000
1791127543.6707,4952,1336,56093,306000000,1728000
1791127543.7208,4952,1336,55968,306000000,1728000
1791127543.7708,4952,1336,56093,306000000,1728000
1791127543.8209,4952,1344,56156,306000000,1728000
1791127543.8710,4952,1336,56031,306000000,1728000
1791127543.9211,4952,1328,56093,306000000,1728000
1791127543.9711,4952,1336,56000,306000000,1728000
1791127544.0212,4952,1336,56093,306000000,1728000
1791127544.0713,4952,1336,55968,306000000,1728000
1791127544.1214,4952,1328,56031,306000000,1728000
1791127544.1715,4952,1344,55906,306000000,1728000
1791127544.2215,4952,1352,56093,306000000,1728000
1791127544.2716,4952,1344,56187,306000000,1728000
1791127544.3217,4952,1336,56031,306000000,1728000
1791127544.3718,4952,1344,56218,306000000,1728000
1791127544.4219,4952,1344,56093,306000000,1728000
1791127544.4720,4952,1344,56156,306000000,1728000
1791127544.5221,4952,1336,56031,306000000,1728000
1791127544.5722,4952,1328,56156,306000000,1728000
1791127544.6222,4952,1328,56031,306000000,1728000
1791127544.6723,4952,1336,56000,306000000,1728000
1791127544.7224,4952,1336,56187,306000000,1728000
1791127544.7725,4952,1336,56000,306000000,1728000
1791127544.8226,4952,1336,56156,306000000,1728000
1791127544.8727,4952,1344,56000,306000000,1728000
1791127544.9228,4952,1344,56187,306000000,1728000
1791127544.9729,4952,1336,56000,306000000,1728000
1791127545.0230,4952,1336,56093,306000000,1728000
1791127545.0730,4952,1344,56031,306000000,1728000
1791127545.1231,4952,1344,56031,306000000,1728000
1791127545.1732,4952,1336,56218,306000000,1728000
1791127545.2233,4952,1328,56093,306000000,1728000
1791127545.2734,4952,1328,56187,306000000,1728000
1791127545.3235,4952,1352,56031,306000000,1728000
1791127545.3736,4952,1352,56187,306000000,1728000
1791127545.4237,4952,1344,55937,306000000,1728000
1791127545.4737,4952,1336,56062,306000000,1728000
1791127545.5238,4952,1336,56031,306000000,1728000
1791127545.5739,4952,1336,56125,306000000,1728000
1791127545.6240,4952,1336,55937,306000000,1728000
1791127545.6741,4960,1336,56000,306000000,1728000
1791127545.7242,4960,1328,56156,306000000,1728000
1791127545.7742,4960,1328,56031,306000000,1728000
1791127545.8243,4952,1336,56125,306000000,1728000
1791127545.8744,4952,1352,56000,306000000,1344000
1791127545.9245,4952,1336,56125,306000000,1728000
1791127545.9746,4952,1336,56000,306000000,1728000
1791127546.0247,4952,1336,56062,306000000,1728000
1791127546.0747,4952,1344,55968,306000000,1728000
1791127546.1248,4952,1336,55968,306000000,1728000
1791127546.1749,4960,1328,56156,306000000,1728000
1791127546.2250,4952,1336,55968,306000000,1728000
1791127546.2751,4952,1344,56156,306000000,1728000
1791127546.3252,4960,1328,56000,306000000,1728000
1791127546.3752,4960,1320,56062,306000000,1113600
1791127546.4253,4952,1336,55968,306000000,1728000
1791127546.4754,4952,1344,56125,306000000,1728000
1791127546.5255,4952,1344,56062,306000000,1728000
1791127546.5756,4952,1336,56000,306000000,1728000
1791127546.6257,4960,1328,56156,306000000,1728000
1791127546.6758,4960,1320,56031,306000000,1728000
1791127546.7259,4952,1336,56062,306000000,1728000
1791127546.7760,4952,1336,56062,306000000,1728000
1791127546.8260,4960,1328,56062,306000000,1728000
1791127546.8761,4960,1328,56000,306000000,1728000
1791127546.9262,4960,1336,56062,306000000,1728000
1791127546.9763,4952,1344,56031,306000000,1728000
1791127547.0264,4952,1344,56031,306000000,1728000
1791127547.0765,4952,1336,56218,306000000,1728000
1791127547.1265,4952,1336,55968,306000000,1728000
1791127547.1766,4952,1336,56187,306000000,1728000
1791127547.2267,4952,1336,56031,306000000,1728000
1791127547.2768,4952,1328,56125,306000000,1728000
1791127547.3268,4952,1328,55937,306000000,1728000
1791127547.3769,4952,1328,56031,306000000,1728000
1791127547.4270,4952,1336,56031,306000000,1728000
1791127547.4774,4952,1328,56031,306000000,1728000
1791127547.5275,4952,1336,56000,306000000,1728000
1791127547.5776,4952,1344,56000,306000000,1728000
1791127547.6277,4952,1344,56156,306000000,1728000
1791127547.6778,4952,1344,55968,306000000,1728000
1791127547.7279,4952,1336,56156,306000000,1728000
1791127547.7780,4952,1328,56062,306000000,1728000
1791127547.8281,4952,1336,56031,306000000,1728000
1791127547.8781,4952,1336,55906,306000000,1728000
1791127547.9282,4952,1336,56093,306000000,1728000
1791127547.9783,4952,1328,56000,306000000,1728000
1791127548.0284,4952,1328,55968,306000000,1728000
1791127548.0785,4952,1336,56156,306000000,1344000
1791127548.1286,4952,1352,56000,306000000,1728000
1791127548.1787,4952,1344,56187,306000000,1728000
1791127548.2288,4952,1336,55968,306000000,1728000
1791127548.2789,4952,1344,56093,306000000,1728000
1791127548.3290,4952,1344,55937,306000000,1728000
1791127548.3791,4952,1336,56062,306000000,1728000
1791127548.4292,4952,1328,56031,306000000,1728000
1791127548.4793,4952,1344,56062,306000000,1728000
1791127548.5294,4952,1344,56156,306000000,1728000
1791127548.5794,4952,1336,56031,306000000,1728000
1791127548.6295,4952,1336,56125,306000000,1728000
1791127548.6796,4952,1352,55937,306000000,1728000
1791127548.7297,4952,1360,56156,306000000,1728000
1791127548.7798,4952,1344,55968,306000000,1728000
1791127548.8299,4952,1336,56062,306000000,1728000
1791127548.8800,4952,1328,56031,306000000,1728000
1791127548.9301,4952,1336,56093,306000000,1728000
1791127548.9802,4952,1336,56156,306000000,1728000
1791127549.0303,4952,1336,56031,306000000,1728000
1791127549.0804,4952,1328,56062,306000000,1728000
1791127549.1305,4952,1328,56000,306000000,1728000
1791127549.1806,4952,1336,56093,306000000,1728000
1791127549.2306,4952,1344,56000,306000000,1728000
1791127549.2807,4952,1336,56062,306000000,1728000
1791127549.3308,4952,1336,56000,306000000,1728000
1791127549.3809,4952,1328,56093,306000000,1728000
1791127549.4310,4952,1328,55937,306000000,1728000
1791127549.4811,4952,1344,56031,306000000,1728000
1791127549.5312,4952,1328,56156,306000000,1728000
1791127549.5813,4960,1328,56031,306000000,1728000
1791127549.6314,4952,1336,56156,306000000,1728000
1791127549.6815,4952,1328,56031,306000000,1728000
1791127549.7315,4952,1328,56093,306000000,1728000
1791127549.7816,4952,1336,55968,306000000,1728000
1791127549.8317,4952,1336,56031,306000000,1728000
1791127549.8818,4952,1336,55937,306000000,1728000
1791127549.9319,4952,1344,55968,306000000,1728000
1791127549.9820,4952,1336,56187,306000000,1728000
1791127550.0321,4952,1336,55937,306000000,1728000
1791127550.0822,4952,1336,56093,306000000,1728000
1791127550.1323,4952,1344,55937,306000000,1728000
1791127550.1824,4952,1336,56093,306000000,1728000
1791127550.2325,4952,1328,56031,306000000,1728000
1791127550.2826,4952,1336,56062,306000000,1728000
1791127550.3327,4952,1352,56031,306000000,1728000
1791127550.3828,4952,1352,56031,306000000,1728000
1791127550.4329,4952,1344,56156,306000000,1728000
1791127550.4830,4952,1344,55968,306000000,1728000
1791127550.5331,4952,1344,56125,306000000,1728000
1791127550.5832,4952,1344,56000,306000000,1728000
1791127550.6333,4952,1336,56062,306000000,1728000
1791127550.6833,4952,1336,56062,306000000,1728000
1791127550.7334,4952,1336,56031,306000000,1728000
1791127550.7835,4952,1344,56062,306000000,1728000
1791127550.8336,4952,1336,56062,306000000,1728000
1791127550.8837,4952,1344,56187,306000000,1728000
1791127550.9338,4952,1360,56031,306000000,1728000
1791127550.9839,4952,1352,56093,306000000,1728000
1791127551.0340,4952,1344,56000,306000000,1728000
1791127551.0841,4952,1336,56250,306000000,1728000
1791127551.1342,4952,1352,55968,306000000,729600
1791127551.1843,4952,1352,56093,306000000,1728000
1791127551.2344,4952,1336,55937,306000000,1728000
1791127551.2845,4952,1328,56093,306000000,1728000
1791127551.3346,4952,1336,55937,306000000,1728000
1791127551.3847,4952,1344,56031,306000000,1728000
1791127551.4348,4952,1344,56156,306000000,1267200
1791127551.4849,4952,1344,56031,306000000,1728000
1791127551.5350,4952,1344,56062,306000000,1728000
1791127551.5851,4952,1352,55968,306000000,1728000
1791127551.6352,4952,1352,56031,306000000,1728000
1791127551.6853,4952,1336,56031,306000000,1728000
1791127551.7354,4952,1328,56031,306000000,1728000
1791127551.7855,4952,1328,56031,306000000,1728000
1791127551.8356,4952,1336,55968,306000000,1728000
1791127551.8857,4952,1336,56187,306000000,1728000
1791127551.9358,4952,1336,55968,306000000,1728000
1791127551.9858,4960,1328,56125,306000000,1728000
1791127552.0359,4952,1344,56000,306000000,1728000
1791127552.0860,4952,1352,56031,306000000,1728000
1791127552.1361,4952,1352,56031,306000000,1728000
1791127552.1862,4952,1344,56000,306000000,1728000
1791127552.2363,4952,1336,55937,306000000,1728000
1791127552.2864,4952,1344,56031,306000000,1728000
1791127552.3365,4952,1344,56093,306000000,1728000
1791127552.3866,4952,1336,56031,306000000,1728000
1791127552.4367,4952,1336,56062,306000000,1728000
1791127552.4868,4952,1336,55906,306000000,1728000
1791127552.5369,4952,1344,56031,306000000,1728000
1791127552.5869,4952,1344,55968,306000000,1728000
1791127552.6370,4952,1344,56062,306000000,1728000
1791127552.6872,4952,1352,55968,306000000,1728000
1791127552.7373,4952,1352,56062,306000000,1728000
1791127552.7873,4952,1344,56187,306000000,1728000
1791127552.8375,4952,1344,55906,306000000,1728000
1791127552.8875,4952,1344,56125,306000000,1728000
1791127552.9376,4952,1344,55968,306000000,1728000
1791127552.9877,4952,1336,56125,306000000,1728000
1791127553.0378,4952,1336,56000,306000000,1728000
1791127553.0879,4952,1344,56000,306000000,1728000
1791127553.1381,4952,1352,55906,306000000,1728000
1791127553.1881,4952,1352,56062,306000000,1728000
1791127553.2382,4952,1344,55906,306000000,1728000
1791127553.2883,4952,1352,55906,306000000,1728000
1791127553.3384,4952,1352,56093,306000000,1728000
1791127553.3885,4952,1344,56031,306000000,1728000
1791127553.4386,4952,1328,56093,306000000,1728000
1791127553.4887,4952,1328,55906,306000000,1728000
1791127553.5388,4952,1336,56031,306000000,1728000
1791127553.5889,4952,1336,55906,306000000,1728000
1791127553.6390,4952,1336,56093,306000000,1728000
1791127553.6891,4952,1344,55906,306000000,1344000
1791127553.7392,4952,1360,56000,306000000,1728000
1791127553.7893,4952,1352,56125,306000000,1728000
1791127553.8394,4952,1344,56031,306000000,1728000
1791127553.8894,4952,1336,56156,306000000,1728000
1791127553.9395,4952,1336,55968,306000000,1728000
1791127553.9896,4952,1336,56062,306000000,1728000
1791127554.0397,4952,1336,55937,306000000,1728000
1791127554.0897,4952,1336,56000,306000000,1728000
1791127554.1398,4952,1328,56187,306000000,1728000
1791127554.1899,4960,1320,56000,306000000,1728000
1791127554.2400,4952,1336,56093,306000000,1728000
1791127554.2901,4952,1352,56031,306000000,1728000
1791127554.3402,4952,1344,56187,306000000,1728000
1791127554.3902,4952,1336,55937,306000000,1728000
1791127554.4403,4952,1328,56031,306000000,1728000
1791127554.4904,4952,1336,55906,306000000,1728000
1791127554.5405,4952,1336,56031,306000000,1728000
1791127554.5906,4952,1336,55875,306000000,1728000
1791127554.6407,4952,1344,56000,306000000,1728000
1791127554.6907,4952,1344,56156,306000000,1728000
1791127554.7408,4952,1336,55937,306000000,1728000
1791127554.7909,4952,1336,56000,306000000,1113600
1791127554.8410,4952,1344,56000,306000000,1728000
1791127554.8911,4952,1352,56031,306000000,1728000
1791127554.9412,4952,1352,55937,306000000,1728000
1791127554.9913,4952,1344,56031,306000000,1728000
1791127555.0414,4952,1344,55937,306000000,1728000
1791127555.0914,4952,1344,55937,306000000,1728000
1791127555.1415,4952,1352,56125,306000000,1728000
1791127555.1916,4952,1344,56000,306000000,1728000
1791127555.2417,4952,1328,56031,306000000,1728000
1791127555.2917,4952,1336,55937,306000000,1728000
1791127555.3418,4952,1344,56031,306000000,1728000
1791127555.3919,4952,1352,55906,306000000,1728000
1791127555.4420,4952,1344,56062,306000000,1728000
1791127555.4921,4952,1344,55968,306000000,1728000
1791127555.5422,4952,1344,56000,306000000,1728000
1791127555.5922,4952,1344,56062,306000000,1728000
1791127555.6423,4952,1336,55906,306000000,1728000
1791127555.6924,4952,1336,56156,306000000,1728000
1791127555.7425,4952,1336,56031,306000000,1728000
1791127555.7925,4952,1336,56000,306000000,1728000
1791127555.8426,4952,1336,55937,306000000,1728000
1791127555.8927,4952,1328,56000,306000000,1728000
1791127555.9428,4952,1344,55968,306000000,1344000
1791127555.9929,4952,1352,56031,306000000,1728000
1791127556.0430,4952,1352,56125,306000000,1728000
1791127556.0930,4952,1344,55906,306000000,1728000
1791127556.1431,4952,1352,56093,306000000,1728000
1791127556.1932,4952,1344,55906,306000000,1728000
1791127556.2433,4952,1344,56031,306000000,1728000
1791127556.2934,4952,1336,55937,306000000,1728000
1791127556.3435,4952,1328,56062,306000000,1728000
1791127556.3935,4952,1336,55937,306000000,1728000
1791127556.4436,4952,1336,56031,306000000,1728000
1791127556.4937,4952,1344,56093,306000000,1267200
1791127556.5438,4952,1344,55937,306000000,1728000
1791127556.5939,4952,1352,56093,306000000,1728000
1791127556.6440,4952,1352,56000,306000000,1728000
1791127556.6941,4952,1344,56062,306000000,1728000
1791127556.7442,4952,1336,55968,306000000,1728000
1791127556.7943,4952,1344,56093,306000000,1728000
1791127556.8443,4952,1344,55937,306000000,1728000
1791127556.8944,4952,1336,56062,306000000,1728000
1791127556.9445,4952,1328,56187,306000000,1728000
1791127556.9946,4952,1336,56031,306000000,1728000
1791127557.0447,4952,1344,56156,306000000,1728000
1791127557.0947,4952,1352,56000,306000000,1728000
1791127557.1448,4952,1344,56093,306000000,1728000
1791127557.1949,4952,1336,55937,306000000,1728000
1791127557.2450,4952,1344,55968,306000000,1728000
1791127557.2950,4952,1344,55937,306000000,1728000
1791127557.3451,4952,1336,55968,306000000,1728000
1791127557.3952,4952,1328,56093,306000000,1728000
1791127557.4453,4952,1336,55937,306000000,1728000
1791127557.4953,4952,1344,56093,306000000,1728000
1791127557.5454,4952,1328,56000,306000000,1728000
1791127557.5955,4952,1328,56156,306000000,1728000
1791127557.6456,4952,1352,55937,306000000,1728000
1791127557.6957,4952,1352,56062,306000000,1728000
1791127557.7458,4952,1344,55906,306000000,1728000
1791127557.7959,4952,1336,56031,306000000,1728000
1791127557.8460,4952,1328,55875,306000000,1728000
1791127557.8960,4960,1328,56000,306000000,1728000
1791127557.9461,4952,1336,56156,306000000,1728000
1791127557.9962,4952,1336,56031,306000000,1728000
1791127558.0462,4952,1328,56187,306000000,1728000
1791127558.0963,4960,1320,56031,306000000,1728000
1791127558.1464,4960,1328,56031,306000000,1113600
1791127558.1965,4952,1344,55843,306000000,1728000
1791127558.2466,4952,1344,56031,306000000,1728000
1791127558.2967,4952,1336,55968,306000000,1728000
1791127558.3468,4960,1328,55968,306000000,1728000
1791127558.3969,4952,1336,56156,306000000,1728000
1791127558.4469,4952,1344,56000,306000000,1728000
1791127558.4970,4960,1320,56093,306000000,1728000
1791127558.5471,4960,1312,56031,306000000,1728000
1791127558.5972,4960,1304,55937,306000000,1728000
1791127558.6473,4960,1304,55906,306000000,1728000
1791127558.6974,4960,1296,56062,306000000,1728000
1791127558.7474,4960,1328,55875,306000000,1728000
1791127558.7975,4952,1352,56000,306000000,1728000
1791127558.8476,4952,1368,56156,306000000,1728000
1791127558.8977,4952,1368,56031,306000000,1728000
1791127558.9478,4952,1384,56031,306000000,1728000
1791127558.9979,4952,1376,55906,306000000,1728000
1791127559.0480,4952,1384,56031,306000000,1728000
1791127559.0980,4952,1384,55843,306000000,1728000
1791127559.1481,4952,1376,56031,306000000,1728000
1791127559.1982,4952,1376,55937,306000000,1728000
1791127559.2483,4952,1376,56000,306000000,1728000
1791127559.2984,4952,1376,56031,306000000,1190400
1791127559.3485,4952,1376,56000,306000000,1728000
1791127559.3986,4952,1368,56125,306000000,1728000
1791127559.4486,4952,1368,56000,306000000,1728000
1791127559.4987,4952,1360,55968,306000000,1728000
1791127559.5488,4952,1360,55875,306000000,1728000
1791127559.5989,4952,1360,56031,306000000,1728000
1791127559.6490,4952,1360,55875,306000000,1728000
1791127559.6991,4952,1352,55968,306000000,1728000
1791127559.7492,4952,1344,56187,306000000,1728000
1791127559.7992,4952,1352,55968,306000000,1728000
1791127559.8493,4952,1360,56031,306000000,1728000
1791127559.8994,4952,1360,55906,306000000,1728000
1791127559.9495,4952,1352,56031,306000000,1728000
1791127559.9996,4952,1360,55937,306000000,1728000
1791127560.0497,4952,1360,56031,306000000,1728000
1791127560.0998,4952,1352,55937,306000000,1728000
1791127560.1498,4952,1336,55906,306000000,1728000
1791127560.1999,4952,1344,55812,306000000,1728000
1791127560.2500,4952,1344,56031,306000000,1728000
1791127560.3001,4952,1336,56031,306000000,1728000
1791127560.3502,4960,1336,56031,306000000,1728000
1791127560.4003,4960,1328,56062,306000000,1728000
1791127560.4504,4952,1336,55937,306000000,1728000
1791127560.5005,4952,1344,56031,306000000,1728000
1791127560.5506,4952,1344,55843,306000000,1728000
1791127560.6006,4952,1336,55968,306000000,1728000
1791127560.6507,4952,1336,56000,306000000,1728000
1791127560.7008,4952,1344,55937,306000000,1728000
1791127560.7509,4952,1344,56156,306000000,1728000
1791127560.8010,4952,1336,56031,306000000,1728000
1791127560.8511,4952,1328,56093,306000000,1728000
1791127560.9012,4952,1336,55968,306000000,1728000
1791127560.9513,4952,1344,56031,306000000,1190400
1791127561.0014,4952,1352,56000,306000000,1036800
1791127561.0515,4952,1344,56062,306000000,1728000
1791127561.1016,4952,1344,56000,306000000,1728000
1791127561.1517,4952,1352,56000,306000000,1728000
1791127561.2018,4952,1344,56093,306000000,1728000
1791127561.2518,4952,1336,56031,306000000,1728000
1791127561.3019,4952,1336,56125,306000000,1728000
1791127561.3520,4952,1344,55875,306000000,1728000
1791127561.4021,4952,1344,56031,306000000,1728000
1791127561.4522,4952,1336,55937,306000000,1728000
1791127561.5023,4952,1328,56031,306000000,1728000
1791127561.5524,4952,1352,55937,306000000,1728000
1791127561.6025,4952,1352,56031,306000000,1728000
1791127561.6526,4952,1344,56093,306000000,1728000
1791127561.7027,4952,1352,56000,306000000,1728000
1791127561.7527,4952,1352,56156,306000000,1728000
1791127561.8028,4952,1344,56000,306000000,1728000
1791127561.8529,4952,1344,56031,306000000,1728000
1791127561.9030,4952,1352,55968,306000000,1728000
1791127561.9531,4952,1352,55937,306000000,1728000
1791127562.0032,4952,1344,55937,306000000,1728000
1791127562.0533,4952,1336,56000,306000000,1728000
1791127562.1033,4952,1360,56187,306000000,1267200
1791127562.1534,4952,1360,55937,306000000,1728000
1791127562.2035,4952,1344,56062,306000000,1728000
1791127562.2536,4952,1352,55968,306000000,1728000
1791127562.3037,4952,1352,56031,306000000,1728000
1791127562.3538,4952,1352,55906,306000000,1728000
1791127562.4038,4952,1336,55968,306000000,1728000
1791127562.4539,4952,1336,55875,306000000,1728000
1791127562.5040,4952,1336,56000,306000000,1728000
1791127562.5541,4952,1336,55906,306000000,1728000
1791127562.6041,4952,1336,55968,306000000,1728000
1791127562.6542,4960,1336,56031,306000000,1728000
1791127562.7043,4960,1336,55968,306000000,1728000
1791127562.7544,4952,1344,56000,306000000,1728000
1791127562.8045,4952,1344,55875,306000000,1728000
1791127562.8546,4952,1336,56000,306000000,1728000
1791127562.9047,4960,1336,55937,306000000,1728000
1791127562.9547,4952,1336,56031,306000000,1728000
1791127563.0048,4952,1336,55843,306000000,1728000
1791127563.0549,4952,1336,55937,306000000,1728000
1791127563.1050,4960,1328,56156,306000000,1728000
1791127563.1550,4960,1320,55937,306000000,1728000
1791127563.2051,4952,1328,56062,306000000,1728000
1791127563.2552,4952,1344,56000,306000000,1728000
1791127563.3053,4952,1352,56031,306000000,1728000
1791127563.3554,4952,1344,55906,306000000,1728000
1791127563.4055,4952,1344,56031,306000000,1728000
1791127563.4556,4952,1352,55843,306000000,1728000
1791127563.5057,4952,1344,56000,306000000,1728000
1791127563.5557,4952,1336,56093,306000000,1728000
1791127563.6058,4960,1328,55906,306000000,1728000
1791127563.6559,4952,1328,56000,306000000,1728000
1791127563.7060,4952,1336,55812,306000000,1728000
1791127563.7561,4952,1336,56031,306000000,1728000
1791127563.8062,4952,1344,55937,306000000,1728000
1791127563.8562,4952,1344,56000,306000000,1728000
1791127563.9063,4952,1344,55968,306000000,1728000
1791127563.9564,4952,1344,55968,306000000,1728000
1791127564.0065,4952,1336,56156,306000000,1728000
1791127564.0566,4952,1336,55875,306000000,1728000
1791127564.1067,4952,1344,56125,306000000,1728000
1791127564.1567,4952,1344,55812,306000000,1728000
1791127564.2068,4952,1336,56062,306000000,1728000
1791127564.2569,4960,1328,55875,306000000,1728000
1791127564.3070,4952,1336,56031,306000000,1728000
1791127564.3571,4952,1352,56031,306000000,729600
1791127564.4072,4952,1344,56000,306000000,1728000
1791127564.4573,4952,1336,56156,306000000,1728000
1791127564.5073,4952,1336,55906,306000000,1728000
1791127564.5574,4952,1336,56093,306000000,1728000
1791127564.6075,4952,1344,56031,306000000,1728000
1791127564.6576,4952,1336,56000,306000000,1728000
1791127564.7077,4952,1328,55906,306000000,1728000
1791127564.7578,4952,1320,55968,306000000,1728000
1791127564.8079,4952,1328,55843,306000000,1728000
1791127564.8580,4952,1328,55906,306000000,1728000
1791127564.9080,4952,1344,55843,306000000,1728000
1791127564.9581,4952,1336,56031,306000000,1728000
1791127565.0082,4952,1328,56062,306000000,1728000
1791127565.0583,4952,1336,55843,306000000,1728000
1791127565.1084,4952,1336,56000,306000000,1728000
1791127565.1585,4952,1328,55906,306000000,1728000
1791127565.2085,4952,1320,55968,306000000,1728000
1791127565.2586,4960,1320,55843,306000000,1728000
1791127565.3087,4960,1320,55937,306000000,1728000
1791127565.3588,4952,1328,55875,306000000,1728000
1791127565.4089,4952,1328,55906,306000000,1728000
1791127565.4590,4952,1328,56125,306000000,1728000
1791127565.5091,4952,1336,56031,306000000,1728000
1791127565.5591,4952,1344,56000,306000000,1728000
1791127565.6092,4952,1344,55937,306000000,1728000
1791127565.6593,4952,1336,56062,306000000,1728000
1791127565.7094,4960,1328,55843,306000000,1728000
1791127565.7595,4952,1336,55968,306000000,1728000
1791127565.8096,4952,1328,55906,306000000,1728000
1791127565.8597,4952,1328,55968,306000000,1728000
1791127565.9097,4960,1328,56031,306000000,1728000
1791127565.9598,4960,1328,55906,306000000,1728000
1791127566.0099,4952,1352,55968,306000000,1728000
1791127566.0600,4952,1352,55875,306000000,1728000
1791127566.1101,4952,1344,56000,306000000,1728000
1791127566.1602,4952,1344,55812,306000000,1728000
1791127566.2103,4952,1352,56000,306000000,1728000
1791127566.2603,4952,1352,55906,306000000,1728000
1791127566.3104,4952,1336,55937,306000000,1728000
1791127566.3605,4952,1336,56031,306000000,1728000
1791127566.4106,4952,1344,55906,306000000,1728000
1791127566.4607,4952,1344,55906,306000000,1728000
1791127566.5108,4952,1336,55937,306000000,1728000
1791127566.5608,4952,1336,56031,306000000,1728000
1791127566.6110,4952,1352,55906,306000000,1728000
1791127566.6611,4952,1352,56000,306000000,1728000
1791127566.7111,4952,1344,55843,306000000,1728000
1791127566.7612,4952,1336,55937,306000000,1728000
1791127566.8113,4952,1344,56125,306000000,1728000
1791127566.8614,4952,1344,55968,306000000,1728000
1791127566.9115,4952,1336,56000,306000000,1728000
1791127566.9616,4952,1336,55875,306000000,1728000
1791127567.0117,4952,1336,56031,306000000,1728000
1791127567.0617,4952,1344,55906,306000000,1728000
1791127567.1118,4952,1344,55968,306000000,1728000
1791127567.1619,4952,1344,55781,306000000,1728000
1791127567.2120,4952,1344,55875,306000000,1728000
1791127567.2621,4952,1352,55906,306000000,1728000
1791127567.3122,4952,1352,55937,306000000,1728000
1791127567.3622,4952,1344,56093,306000000,1728000
1791127567.4123,4952,1344,55937,306000000,1728000
1791127567.4624,4952,1344,56031,306000000,1728000
1791127567.5125,4952,1344,55812,306000000,1728000
1791127567.5626,4952,1336,55968,306000000,1728000
1791127567.6126,4952,1344,55875,306000000,1728000
1791127567.6627,4952,1344,55875,306000000,1190400
1791127567.7128,4952,1352,55843,306000000,960000
1791127567.7629,4952,1336,55968,306000000,1728000
1791127567.8130,4952,1336,56156,306000000,1728000
1791127567.8631,4952,1344,55906,306000000,1728000
1791127567.9132,4952,1344,56031,306000000,1728000
1791127567.9632,4952,1336,55937,306000000,1728000
1791127568.0133,4952,1336,56000,306000000,1728000
1791127568.0634,4952,1336,55906,306000000,1728000
1791127568.1135,4952,1336,56000,306000000,1728000
1791127568.1636,4960,1328,55843,306000000,1728000
1791127568.2136,4960,1328,55875,306000000,1728000
1791127568.2637,4952,1344,56093,306000000,1420800
1791127568.3138,4952,1344,55937,306000000,1728000
1791127568.3639,4952,1344,56031,306000000,1728000
1791127568.4140,4960,1336,55843,306000000,1728000
1791127568.4641,4960,1328,56000,306000000,1728000
1791127568.5142,4952,1336,55875,306000000,1728000
1791127568.5642,4952,1336,55937,306000000,1728000
1791127568.6143,4952,1336,55906,306000000,1728000
1791127568.6644,4952,1328,55968,306000000,1728000
1791127568.7145,4960,1320,56062,306000000,1728000
1791127568.7646,4960,1320,55843,306000000,1728000
1791127568.8147,4952,1336,56000,306000000,1344000
1791127568.8648,4952,1344,55875,306000000,1728000
1791127568.9149,4952,1336,56031,306000000,1728000
1791127568.9649,4960,1328,55875,306000000,1728000
1791127569.0151,4952,1336,55937,306000000,1728000
1791127569.0651,4952,1344,55906,306000000,1728000
1791127569.1152,4952,1336,55937,306000000,1728000
1791127569.1653,4960,1328,56062,306000000,1728000
1791127569.2154,4960,1336,55875,306000000,1728000
1791127569.2654,4952,1336,56000,306000000,1728000
1791127569.3155,4952,1336,55875,306000000,1728000
1791127569.3656,4952,1336,56093,306000000,1267200
1791127569.4157,4952,1352,55843,306000000,1728000
1791127569.4658,4952,1352,55906,306000000,1728000
1791127569.5159,4952,1344,55906,306000000,1728000
1791127569.5660,4952,1336,55906,306000000,1728000
1791127569.6160,4952,1344,55906,306000000,1728000
1791127569.6661,4952,1352,55968,306000000,1728000
1791127569.7162,4952,1344,55906,306000000,1728000
1791127569.7663,4952,1336,55875,306000000,1728000
1791127569.8164,4952,1336,56000,306000000,1728000
1791127569.8664,4952,1336,55812,306000000,1728000
1791127569.9165,4952,1344,56031,306000000,1728000
1791127569.9666,4952,1344,55843,306000000,1728000
1791127570.0167,4952,1336,55937,306000000,1728000
1791127570.0668,4952,1344,55812,306000000,1728000
1791127570.1169,4952,1352,55906,306000000,1728000
1791127570.1670,4952,1344,56000,306000000,1728000
1791127570.2171,4952,1336,55937,306000000,1728000
1791127570.2672,4952,1344,56062,306000000,1728000
1791127570.3172,4952,1344,55906,306000000,1728000
1791127570.3673,4952,1344,56000,306000000,1728000
1791127570.4174,4952,1336,55843,306000000,1728000
1791127570.4675,4952,1336,56000,306000000,1728000
1791127570.5176,4952,1360,55875,306000000,1728000
1791127570.5677,4952,1360,55937,306000000,1728000
1791127570.6178,4952,1344,56093,306000000,1728000
1791127570.6679,4952,1344,55937,306000000,1728000
1791127570.7179,4952,1352,56000,306000000,1728000
1791127570.7680,4952,1352,55875,306000000,1728000
1791127570.8181,4952,1344,56031,306000000,1728000
1791127570.8681,4952,1336,55843,306000000,1728000
1791127570.9182,4952,1344,55906,306000000,1728000
1791127570.9683,4952,1344,55875,306000000,1728000
1791127571.0184,4952,1336,55937,306000000,1728000
1791127571.0685,4952,1344,56031,306000000,1036800
1791127571.1186,4952,1352,55843,306000000,1728000
1791127571.1687,4952,1352,56031,306000000,1728000
1791127571.2188,4952,1344,55968,306000000,1728000
1791127571.2689,4952,1336,56031,306000000,1728000
1791127571.3190,4952,1344,55875,306000000,1728000
1791127571.3690,4952,1344,55937,306000000,1728000
1791127571.4191,4952,1336,55843,306000000,1728000
1791127571.4692,4952,1328,55906,306000000,1728000
1791127571.5193,4952,1336,56062,306000000,1728000
1791127571.5693,4952,1344,55843,306000000,1728000
1791127571.6194,4952,1352,56000,306000000,1497600
1791127571.6695,4952,1352,55875,306000000,1728000
1791127571.7196,4952,1352,56000,306000000,1728000
1791127571.7697,4952,1352,55843,306000000,1728000
1791127571.8198,4952,1344,55906,306000000,1728000
1791127571.8698,4952,1336,55875,306000000,1728000
1791127571.9199,4952,1336,56000,306000000,1728000
1791127571.9700,4952,1344,55875,306000000,1728000
1791127572.0201,4952,1344,55906,306000000,1728000
1791127572.0702,4952,1328,56000,306000000,1728000
1791127572.1203,4952,1328,55906,306000000,1728000
1791127572.1704,4952,1344,55937,306000000,1728000
1791127572.2205,4952,1344,55937,306000000,1728000
1791127572.2706,4952,1344,55968,306000000,1728000
1791127572.3206,4952,1336,55843,306000000,1728000
1791127572.3707,4960,1328,55906,306000000,1728000
1791127572.4208,4952,1328,55875,306000000,1728000
1791127572.4709,4952,1336,55906,306000000,1728000
1791127572.5210,4952,1336,55968,306000000,1728000
1791127572.5710,4960,1328,55781,306000000,1728000
1791127572.6211,4960,1328,56000,306000000,1728000
1791127572.6712,4960,1336,55937,306000000,1728000
1791127572.7213,4952,1336,55968,306000000,1113600
1791127572.7714,4952,1344,55875,306000000,1728000
1791127572.8215,4952,1344,55937,306000000,1728000
1791127572.8716,4952,1352,55937,306000000,1728000
1791127572.9217,4952,1344,55906,306000000,1728000
1791127572.9717,4960,1336,56031,306000000,1728000
1791127573.0218,4960,1328,55875,306000000,1728000
1791127573.0719,4960,1336,56000,306000000,1728000
1791127573.1220,4960,1336,55937,306000000,1728000
1791127573.1721,4960,1336,56000,306000000,1728000
1791127573.2222,4960,1328,55906,306000000,1728000
1791127573.2723,4960,1328,55906,306000000,1728000
1791127573.3224,4952,1344,55937,306000000,1728000
1791127573.3725,4952,1344,55968,306000000,1728000
1791127573.4225,4952,1344,56062,306000000,1728000
1791127573.4726,4952,1336,55875,306000000,1728000
1791127573.5227,4960,1320,55968,306000000,1728000
1791127573.5728,4952,1328,55875,306000000,1728000
1791127573.6229,4952,1336,55968,306000000,1728000
1791127573.6729,4952,1328,55875,306000000,1728000
1791127573.7231,4960,1320,55906,306000000,1728000
1791127573.7731,4960,1320,55906,306000000,1728000
1791127573.8232,4952,1328,55906,306000000,1728000
1791127573.8733,4952,1352,56031,306000000,1728000
1791127573.9234,4952,1344,55968,306000000,1728000
1791127573.9735,4952,1336,56000,306000000,1728000
1791127574.0236,4952,1336,55843,306000000,1728000
1791127574.0737,4952,1344,55937,306000000,1728000
1791127574.1238,4952,1336,55843,306000000,1728000
1791127574.1738,4952,1336,55937,306000000,1728000
1791127574.2239,4952,1336,55812,306000000,1728000
1791127574.2740,4952,1336,55843,306000000,1728000
1791127574.3241,4952,1336,55843,306000000,1728000
1791127574.3742,4952,1328,55843,306000000,1113600
1791127574.4243,4952,1336,56031,306000000,1728000
1791127574.4744,4952,1336,55875,306000000,1728000
1791127574.5245,4952,1344,56000,306000000,1728000
1791127574.5746,4952,1344,55843,306000000,1728000
1791127574.6246,4952,1328,55937,306000000,1728000
1791127574.6747,4952,1328,55843,306000000,1728000
1791127574.7248,4952,1328,55906,306000000,1728000
1791127574.7749,4952,1336,55843,306000000,1728000
1791127574.8250,4952,1328,55906,306000000,1728000
1791127574.8751,4952,1328,56031,306000000,1728000
1791127574.9251,4960,1320,55906,306000000,1728000
1791127574.9752,4952,1336,56031,306000000,1420800
1791127575.0253,4952,1336,55875,306000000,1728000
1791127575.0754,4952,1336,56000,306000000,1728000
1791127575.1255,4952,1328,55875,306000000,1728000
1791127575.1756,4960,1328,55906,306000000,1728000
1791127575.2257,4960,1320,55906,306000000,1728000
1791127575.2757,4952,1328,55968,306000000,1728000
1791127575.3258,4960,1328,56031,306000000,1728000
1791127575.3759,4960,1328,55875,306000000,1728000
1791127575.4260,4960,1328,55968,306000000,1728000
1791127575.4761,4952,1336,55875,306000000,1728000
1791127575.5262,4952,1344,55906,306000000,1728000
1791127575.5763,4952,1344,55843,306000000,1728000
1791127575.6263,4952,1344,55906,306000000,1728000
1791127575.6764,4952,1352,55875,306000000,1728000
1791127575.7265,4952,1344,55906,306000000,1728000
1791127575.7766,4952,1336,55937,306000000,1728000
1791127575.8267,4952,1336,55906,306000000,1728000
1791127575.8768,4952,1344,56000,306000000,1728000
1791127575.9269,4952,1344,56000,306000000,1728000
1791127575.9770,4952,1336,56000,306000000,1728000
1791127576.0271,4960,1328,55906,306000000,1728000
1791127576.0772,4952,1344,55937,306000000,1728000
1791127576.1273,4952,1360,55875,306000000,1728000
1791127576.1773,4952,1352,55937,306000000,1728000
1791127576.2274,4952,1344,56062,306000000,1728000
1791127576.2775,4952,1344,55843,306000000,1728000
1791127576.3276,4952,1344,56031,306000000,1728000
1791127576.3777,4952,1344,55781,306000000,1728000
1791127576.4278,4952,1336,55968,306000000,1728000
1791127576.4779,4960,1328,55875,306000000,1728000
1791127576.5280,4952,1344,55906,306000000,1728000
1791127576.5781,4952,1344,55843,306000000,1728000
1791127576.6282,4952,1344,55968,306000000,1728000
1791127576.6783,4952,1344,55812,306000000,1728000
1791127576.7284,4952,1344,55937,306000000,1728000
1791127576.7785,4952,1344,55937,306000000,1728000
1791127576.8286,4952,1344,55937,306000000,1728000
1791127576.8787,4952,1336,55937,306000000,1728000
1791127576.9288,4952,1344,55937,306000000,1728000
1791127576.9789,4952,1344,55968,306000000,1728000
1791127577.0289,4952,1344,55812,306000000,1728000
1791127577.0791,4960,1336,55937,306000000,1728000
1791127577.1291,4952,1336,55875,306000000,1728000
1791127577.1792,4952,1344,55906,306000000,1190400
1791127577.2293,4952,1360,56031,306000000,1728000
1791127577.2794,4952,1352,55843,306000000,1728000
1791127577.3295,4952,1352,55968,306000000,1728000
1791127577.3796,4952,1344,55937,306000000,1728000
1791127577.4297,4952,1352,55968,306000000,1728000
1791127577.4798,4952,1344,55875,306000000,1728000
1791127577.5299,4952,1336,56000,306000000,1728000
1791127577.5800,4952,1336,55937,306000000,1728000
1791127577.6301,4952,1336,55906,306000000,1728000
1791127577.6802,4952,1328,56031,306000000,1728000
1791127577.7303,4952,1336,55906,306000000,1728000
1791127577.7804,4952,1344,56000,306000000,1728000
1791127577.8305,4952,1344,55906,306000000,1728000
1791127577.8805,4952,1352,56031,306000000,1728000
1791127577.9306,4952,1352,55843,306000000,1728000
1791127577.9807,4952,1336,55906,306000000,1728000
1791127578.0308,4952,1336,55781,306000000,1728000
1791127578.0809,4952,1344,56000,306000000,1728000
1791127578.1310,4952,1344,56031,306000000,1728000
1791127578.1811,4952,1336,55781,306000000,1728000
1791127578.2312,4952,1328,55968,306000000,1728000
1791127578.2813,4960,1328,55843,306000000,1728000
1791127578.3314,4952,1344,55968,306000000,1344000
1791127578.3815,4952,1352,55812,306000000,1728000
1791127578.4315,4952,1336,55937,306000000,1728000
1791127578.4816,4952,1336,55843,306000000,1728000
1791127578.5317,4952,1336,55875,306000000,1728000
1791127578.5818,4952,1336,56062,306000000,1728000
1791127578.6319,4952,1336,55875,306000000,1728000
1791127578.6820,4952,1336,55968,306000000,1728000
1791127578.7321,4952,1336,55875,306000000,1728000
1791127578.7822,4952,1336,55968,306000000,1728000
1791127578.8323,4952,1336,55906,306000000,1728000
1791127578.8824,4952,1336,55906,306000000,1728000
1791127578.9325,4952,1336,55843,306000000,1728000
1791127578.9826,4952,1344,55937,306000000,1728000
1791127579.0327,4952,1344,55906,306000000,1728000
1791127579.0827,4952,1336,55843,306000000,1728000
1791127579.1328,4952,1328,55937,306000000,1728000
1791127579.1829,4952,1336,55875,306000000,1728000
1791127579.2330,4952,1336,56000,306000000,1728000
1791127579.2831,4952,1344,55843,306000000,1728000
1791127579.3332,4952,1328,55937,306000000,1728000
1791127579.3833,4952,1336,55843,306000000,1728000
1791127579.4334,4952,1344,55906,306000000,1728000
1791127579.4835,4952,1352,55843,306000000,1728000
1791127579.5336,4952,1344,55875,306000000,1728000
1791127579.5837,4952,1336,56000,306000000,1728000
1791127579.6338,4952,1344,55875,306000000,1728000
1791127579.6839,4952,1344,55968,306000000,1728000
1791127579.7339,4952,1336,55937,306000000,1728000
1791127579.7840,4952,1328,55968,306000000,1728000
1791127579.8341,4952,1336,55843,306000000,1728000
1791127579.8842,4952,1336,55937,306000000,1728000
1791127579.9343,4952,1336,55875,306000000,1728000
1791127579.9844,4952,1336,55906,306000000,1728000
1791127580.0345,4952,1344,55968,306000000,1728000
1791127580.0846,4952,1352,55906,306000000,1728000
1791127580.1347,4952,1352,55968,306000000,1728000
1791127580.1848,4952,1344,55906,306000000,1728000
1791127580.2349,4952,1336,55937,306000000,1728000
1791127580.2850,4952,1336,55843,306000000,1728000
1791127580.3351,4952,1336,55968,306000000,1728000
1791127580.3852,4952,1336,55843,306000000,1728000
1791127580.4352,4952,1336,55875,306000000,1728000
1791127580.4853,4952,1328,56093,306000000,1728000
1791127580.5354,4952,1336,55875,306000000,1728000
1791127580.5855,4952,1352,55937,306000000,1728000
1791127580.6356,4952,1352,55968,306000000,1728000
1791127580.6857,4952,1336,55906,306000000,1728000
1791127580.7358,4952,1328,55843,306000000,1728000
1791127580.7859,4952,1336,55812,306000000,1728000
1791127580.8360,4952,1344,55843,306000000,1728000
1791127580.8861,4952,1336,55875,306000000,1728000
1791127580.9361,4960,1328,56031,306000000,1728000
1791127580.9862,4952,1328,55843,306000000,1728000
1791127581.0363,4952,1336,56031,306000000,1728000
1791127581.0864,4952,1336,55906,306000000,1728000
1791127581.1365,4952,1344,55937,306000000,1728000
1791127581.1866,4952,1352,55875,306000000,1728000
1791127581.2367,4952,1344,55875,306000000,1728000
1791127581.2868,4952,1344,55843,306000000,1728000
1791127581.3369,4952,1336,55875,306000000,1728000
1791127581.3870,4952,1344,55906,306000000,1728000
1791127581.4371,4952,1344,55906,306000000,1728000
1791127581.4872,4952,1336,56031,306000000,1728000
1791127581.5373,4952,1336,55906,306000000,1728000
1791127581.5874,4952,1328,55906,306000000,1728000
1791127581.6375,4952,1320,55937,306000000,1728000
1791127581.6876,4952,1344,55937,306000000,1728000
1791127581.7377,4952,1352,55718,306000000,1728000
1791127581.7877,4952,1344,56000,306000000,1728000
1791127581.8378,4952,1336,55781,306000000,1728000
1791127581.8879,4960,1328,55937,306000000,1728000
1791127581.9380,4952,1336,55968,306000000,1728000
1791127581.9881,4952,1344,55843,306000000,1728000
1791127582.0382,4952,1328,56000,306000000,1728000
1791127582.0883,4952,1328,55875,306000000,1728000
1791127582.1384,4952,1328,56000,306000000,1728000
1791127582.1885,4952,1336,55781,306000000,1728000
1791127582.2386,4952,1344,55968,306000000,1728000
1791127582.2886,4952,1352,55812,306000000,1728000
1791127582.3387,4952,1352,55906,306000000,1728000
1791127582.3888,4952,1344,55968,306000000,1728000
1791127582.4389,4952,1336,55875,306000000,1728000
1791127582.4889,4952,1344,55937,306000000,1728000
1791127582.5390,4952,1352,55875,306000000,1036800
1791127582.5891,4952,1336,55843,306000000,1728000
1791127582.6392,4952,1344,55812,306000000,806400
1791127582.6893,4952,1336,55906,306000000,1728000
1791127582.7393,4952,1344,55843,306000000,1113600
1791127582.7894,4952,1336,55812,306000000,1728000
1791127582.8395,4952,1360,55937,306000000,1036800
1791127582.8896,4952,1360,55843,306000000,1728000
1791127582.9397,4952,1352,56000,306000000,1728000
1791127582.9898,4952,1352,55875,306000000,1036800
1791127583.0398,4952,1352,55843,306000000,1728000
1791127583.0911,4952,1352,55906,306000000,1728000
1791127583.1412,4952,1352,55937,306000000,960000
1791127583.1913,4952,1352,55843,306000000,729600
1791127583.2413,4952,1352,55937,306000000,1728000
1791127583.2914,4952,1344,56062,306000000,1728000
1791127583.3415,4952,1344,55937,306000000,1728000
1791127583.3916,4952,1368,56062,306000000,1344000
1791127583.4417,4952,1360,55875,306000000,1728000
1791127583.4917,4952,1360,55968,306000000,1728000
1791127583.5418,4952,1368,55906,306000000,1728000
1791127583.5919,4952,1360,55937,306000000,1728000
1791127583.6420,4952,1352,55906,306000000,1728000
1791127583.6921,4952,1352,55875,306000000,1728000
1791127583.7422,4952,1352,55812,306000000,1728000
1791127583.7922,4952,1344,55875,306000000,1728000
1791127583.8423,4952,1336,56000,306000000,1728000
1791127583.8924,4952,1344,55843,306000000,1728000
1791127583.9425,4952,1360,56000,306000000,1728000
1791127583.9926,4952,1360,55875,306000000,1728000
1791127584.0427,4952,1360,55906,306000000,1728000
1791127584.0927,4952,1368,55875,306000000,1728000
1791127584.1428,4952,1352,56000,306000000,1728000
1791127584.1929,4952,1344,55843,306000000,1728000
1791127584.2430,4952,1352,55906,306000000,1728000
1791127584.2930,4952,1352,56093,306000000,1113600
1791127584.3431,4952,1344,55906,306000000,1728000
1791127584.3932,4952,1352,56031,306000000,1728000
1791127584.4433,4952,1352,55812,306000000,1728000
1791127584.4934,4952,1352,55937,306000000,1728000
1791127584.5434,4952,1352,55875,306000000,1728000
1791127584.5935,4952,1360,55937,306000000,1728000
1791127584.6436,4952,1360,55937,306000000,1728000
1791127584.6937,4952,1352,55937,306000000,1728000
1791127584.7438,4952,1352,56000,306000000,1728000
1791127584.7939,4952,1360,55937,306000000,1728000
1791127584.8439,4952,1344,56031,306000000,1728000
1791127584.8940,4952,1344,55875,306000000,1728000
1791127584.9441,4952,1344,55968,306000000,1728000
1791127584.9942,4952,1344,55937,306000000,1728000
1791127585.0443,4952,1344,55875,306000000,1728000
1791127585.0944,4952,1360,55781,306000000,1728000
1791127585.1445,4952,1360,55875,306000000,1728000
1791127585.1946,4952,1352,56062,306000000,1728000
1791127585.2447,4952,1352,55968,306000000,1728000
1791127585.2947,4952,1352,55937,306000000,1728000
1791127585.3448,4952,1360,55843,306000000,1728000
1791127585.3949,4952,1344,56000,306000000,1728000
1791127585.4450,4952,1344,55906,306000000,1728000
1791127585.4951,4952,1352,55937,306000000,729600
1791127585.5452,4952,1352,55875,306000000,1728000
1791127585.5953,4952,1344,55906,306000000,1267200
1791127585.6454,4952,1360,56000,306000000,1036800
1791127585.6955,4952,1360,55812,306000000,1728000
1791127585.7456,4952,1352,56093,306000000,1728000
1791127585.7957,4952,1352,55937,306000000,1728000
1791127585.8458,4952,1360,55968,306000000,1728000
1791127585.8959,4952,1352,55843,306000000,1728000
1791127585.9460,4952,1344,55906,306000000,1728000
1791127585.9961,4952,1344,55812,306000000,1728000
1791127586.0462,4952,1344,55968,306000000,1728000
1791127586.0963,4952,1344,55875,306000000,1728000
1791127586.1464,4952,1336,55906,306000000,1728000
1791127586.1965,4952,1360,56062,306000000,1728000
1791127586.2466,4952,1368,55875,306000000,1728000
1791127586.2967,4952,1360,55937,306000000,1728000
1791127586.3468,4952,1352,55875,306000000,1728000
1791127586.3969,4952,1360,55875,306000000,1728000
1791127586.4469,4952,1360,55843,306000000,1728000
1791127586.4970,4952,1352,55843,306000000,1728000
1791127586.5471,4952,1360,55906,306000000,806400
1791127586.5972,4952,1360,55843,306000000,1728000
1791127586.6473,4952,1352,56062,306000000,1728000
1791127586.6974,4952,1344,55843,306000000,1728000
1791127586.7475,4952,1368,56000,306000000,1728000
1791127586.7976,4952,1368,55906,306000000,1728000
1791127586.8477,4952,1368,55968,306000000,1728000
1791127586.8978,4952,1368,55875,306000000,1728000
1791127586.9479,4952,1360,55937,306000000,1728000
1791127586.9980,4952,1352,55812,306000000,1728000
1791127587.0481,4952,1344,55937,306000000,1728000
1791127587.0982,4952,1352,56093,306000000,960000
1791127587.1483,4952,1360,55906,306000000,1728000
1791127587.1984,4952,1344,55937,306000000,1728000
1791127587.2485,4952,1352,55968,306000000,1728000
1791127587.2986,4952,1368,55968,306000000,1728000
1791127587.3487,4952,1376,55875,306000000,1728000
1791127587.3988,4952,1368,56031,306000000,1728000
1791127587.4489,4952,1376,55812,306000000,1728000
1791127587.4990,4952,1368,55843,306000000,1728000
1791127587.5491,4952,1368,56031,306000000,1728000
1791127587.5992,4952,1376,55937,306000000,729600
1791127587.6493,4952,1368,55968,306000000,1728000
1791127587.6994,4952,1360,55843,306000000,1728000
1791127587.7495,4952,1360,55968,306000000,1036800
1791127587.7996,4952,1360,55843,306000000,1728000
1791127587.8497,4952,1360,55812,306000000,1728000
1791127587.8998,4952,1376,55937,306000000,1728000
1791127587.9499,4952,1376,55906,306000000,1036800
1791127588.0000,4952,1360,56062,306000000,1728000
1791127588.0501,4952,1360,55843,306000000,1728000
1791127588.1002,4952,1360,56031,306000000,1728000
1791127588.1503,4952,1360,55843,306000000,1728000
1791127588.2004,4952,1352,56000,306000000,1728000
1791127588.2505,4952,1352,55875,306000000,1728000
1791127588.3006,4952,1360,55968,306000000,1728000
1791127588.3506,4952,1352,55906,306000000,1728000
1791127588.4007,4952,1352,55875,306000000,1728000
1791127588.4509,4952,1376,55875,306000000,729600
1791127588.5010,4952,1368,55968,306000000,1728000
1791127588.5511,4952,1360,56031,306000000,1728000
1791127588.6012,4952,1368,55937,306000000,1728000
1791127588.6513,4952,1368,56031,306000000,1728000
1791127588.7014,4952,1360,55812,306000000,1728000
1791127588.7514,4952,1360,56031,306000000,960000
1791127588.8016,4952,1360,55906,306000000,1728000
1791127588.8524,4952,1360,56031,306000000,1728000
1791127588.9025,4952,1352,55937,306000000,1728000
1791127588.9526,4952,1360,55937,306000000,1728000
1791127589.0027,4952,1376,56062,306000000,1728000
1791127589.0528,4952,1376,55968,306000000,1728000
1791127589.1029,4952,1376,56031,306000000,1728000
1791127589.1530,4952,1368,55906,306000000,1728000
1791127589.2031,4952,1360,55906,306000000,1728000
1791127589.2532,4952,1360,55843,306000000,1728000
1791127589.3033,4952,1360,55906,306000000,729600
1791127589.3534,4952,1352,55937,306000000,1036800
1791127589.4035,4952,1344,55906,306000000,1728000
1791127589.4536,4952,1344,56125,306000000,1728000
1791127589.5037,4952,1344,55906,306000000,1728000
1791127589.5538,4952,1360,56000,306000000,1728000
1791127589.6039,4952,1352,55906,306000000,1728000
1791127589.6540,4952,1360,55937,306000000,1728000
1791127589.7041,4952,1360,55906,306000000,1728000
1791127589.7542,4952,1352,56000,306000000,1728000
1791127589.8043,4952,1352,55906,306000000,1728000
1791127589.8544,4952,1352,56031,306000000,1728000
1791127589.9045,4952,1352,56093,306000000,1728000
1791127589.9546,4952,1344,56031,306000000,1728000
1791127590.0047,4952,1352,56031,306000000,806400
1791127590.0548,4952,1352,55875,306000000,1728000
1791127590.1049,4952,1352,56031,306000000,1113600
1791127590.1550,4952,1360,55906,306000000,1728000
1791127590.2051,4952,1360,55937,306000000,1728000
1791127590.2552,4952,1360,55875,306000000,1728000
1791127590.3053,4952,1352,55968,306000000,1728000
1791127590.3554,4952,1352,56156,306000000,806400
1791127590.4055,4952,1360,55875,306000000,1728000
1791127590.4556,4952,1352,56031,306000000,1728000
1791127590.5056,4952,1352,55843,306000000,1728000
1791127590.5557,4952,1352,56062,306000000,1728000
1791127590.6058,4952,1352,55875,306000000,1036800
1791127590.6559,4952,1344,55968,306000000,1728000
1791127590.7060,4952,1360,55875,306000000,1728000
1791127590.7561,4952,1368,55968,306000000,1728000
1791127590.8062,4952,1360,55937,306000000,1728000
1791127590.8563,4952,1352,55906,306000000,1728000
1791127590.9064,4952,1360,56062,306000000,1728000
1791127590.9565,4952,1360,55875,306000000,1728000
1791127591.0066,4952,1352,56031,306000000,1728000
1791127591.0567,4952,1344,55750,306000000,1728000
1791127591.1068,4952,1352,55968,306000000,1728000
1791127591.1569,4952,1352,55875,306000000,1728000
1791127591.2070,4952,1352,56000,306000000,1267200
1791127591.2571,4952,1376,55968,306000000,883200
1791127591.3072,4952,1368,55968,306000000,1728000
1791127591.3573,4952,1360,56031,306000000,1728000
1791127591.4074,4952,1360,55906,306000000,960000
1791127591.4575,4952,1360,56031,306000000,1728000
1791127591.5075,4952,1360,55843,306000000,1728000
1791127591.5576,4952,1360,55906,306000000,1728000
1791127591.6077,4952,1368,55843,306000000,1728000
1791127591.6578,4952,1360,55906,306000000,1728000
1791127591.7079,4952,1352,55875,306000000,1728000
1791127591.7580,4952,1360,55937,306000000,1113600
1791127591.8081,4952,1376,56125,306000000,1728000
1791127591.8582,4952,1368,55937,306000000,1728000
1791127591.9083,4952,1368,56031,306000000,1728000
1791127591.9584,4952,1376,55937,306000000,1113600
1791127592.0085,4952,1360,56000,306000000,1728000
1791127592.0586,4952,1360,55906,306000000,1113600
1791127592.1087,4952,1368,55906,306000000,1728000
1791127592.1588,4952,1360,55875,306000000,1728000
1791127592.2089,4952,1352,55937,306000000,1728000
1791127592.2590,4952,1352,56187,306000000,1036800
1791127592.3091,4952,1360,56000,306000000,1728000
1791127592.3592,4952,1360,56093,306000000,1728000
1791127592.4094,4952,1352,55843,306000000,1728000
1791127592.4595,4952,1360,56031,306000000,1728000
1791127592.5096,4952,1368,55906,306000000,1728000
1791127592.5597,4952,1360,56031,306000000,1728000
1791127592.6098,4952,1352,55906,306000000,1728000
1791127592.6599,4952,1352,55937,306000000,1728000
1791127592.7100,4952,1352,55875,306000000,1728000
1791127592.7601,4952,1344,55843,306000000,1728000
1791127592.8102,4952,1344,56062,306000000,1728000
1791127592.8603,4952,1344,55906,306000000,883200
1791127592.9104,4952,1352,56031,306000000,1728000
1791127592.9605,4952,1352,55875,306000000,1728000
1791127593.0106,4952,1352,55906,306000000,1728000
1791127593.0607,4952,1360,55875,306000000,1728000
1791127593.1108,4952,1352,56000,306000000,1728000
1791127593.1609,4952,1344,55843,306000000,1728000
1791127593.2109,4952,1352,56000,306000000,1728000
1791127593.2610,4952,1360,56093,306000000,1728000
1791127593.3111,4952,1352,55843,306000000,1728000
1791127593.3612,4952,1344,55968,306000000,1728000
1791127593.4113,4952,1352,56000,306000000,806400
1791127593.4614,4952,1360,56031,306000000,1267200
1791127593.5115,4952,1360,55906,306000000,1728000
1791127593.5616,4952,1368,56000,306000000,1728000
1791127593.6117,4952,1368,55906,306000000,1728000
1791127593.6618,4952,1352,55843,306000000,1728000
1791127593.7119,4952,1352,56125,306000000,1113600
1791127593.7620,4952,1352,55937,306000000,1728000
1791127593.8121,4952,1352,56093,306000000,1728000
1791127593.8622,4952,1344,55906,306000000,1728000
1791127593.9122,4952,1344,55937,306000000,1728000
1791127593.9623,4952,1352,55843,306000000,1728000
1791127594.0124,4952,1344,56000,306000000,1113600
1791127594.0625,4952,1352,55937,306000000,1728000
1791127594.1126,4952,1352,55968,306000000,1728000
1791127594.1627,4952,1360,56031,306000000,1728000
1791127594.2128,4952,1360,55843,306000000,1728000
1791127594.2629,4952,1352,56031,306000000,1728000
1791127594.3130,4952,1352,55968,306000000,1728000
1791127594.3631,4952,1360,56187,306000000,1728000
1791127594.4132,4952,1352,55906,306000000,1728000
1791127594.4633,4952,1352,56000,306000000,1728000
1791127594.5134,4952,1352,55906,306000000,1728000
1791127594.5635,4952,1352,56031,306000000,1728000
1791127594.6136,4952,1360,55843,306000000,1728000
1791127594.6637,4952,1368,55937,306000000,1728000
1791127594.7138,4952,1352,56031,306000000,1728000
1791127594.7639,4952,1344,55906,306000000,1728000
1791127594.8140,4952,1336,56031,306000000,1728000
1791127594.8641,4952,1328,55875,306000000,1728000
1791127594.9142,4952,1328,56031,306000000,1728000
1791127594.9642,4952,1320,56000,306000000,1728000
1791127595.0143,4952,1328,55937,306000000,1574400
1791127595.0644,4952,1344,55906,306000000,1728000
1791127595.1145,4952,1360,55937,306000000,1036800
1791127595.1646,4952,1368,56125,306000000,1728000
1791127595.2148,4952,1392,55906,306000000,960000
1791127595.2648,4952,1392,56031,306000000,1728000
1791127595.3150,4952,1392,55875,306000000,1036800
1791127595.3651,4952,1392,55937,306000000,1728000
1791127595.4152,4952,1376,55843,306000000,1728000
1791127595.4653,4952,1384,56000,306000000,960000
1791127595.5154,4952,1384,55875,306000000,1728000
1791127595.5655,4952,1368,55968,306000000,1728000
1791127595.6156,4952,1368,55875,306000000,1728000
1791127595.6657,4952,1376,55937,306000000,1728000
1791127595.7158,4952,1368,56062,306000000,1728000
1791127595.7659,4952,1384,55906,306000000,1728000
1791127595.8160,4952,1384,56000,306000000,1728000
1791127595.8661,4952,1376,55843,306000000,1728000
1791127595.9162,4952,1376,55968,306000000,1728000
1791127595.9663,4952,1376,55937,306000000,1728000
1791127596.0164,4952,1368,56000,306000000,1728000
1791127596.0665,4952,1360,56031,306000000,1728000
1791127596.1166,4952,1352,55906,306000000,1728000
1791127596.1667,4952,1360,56156,306000000,729600
1791127596.2168,4952,1352,55937,306000000,1728000
1791127596.2669,4952,1352,56031,306000000,1728000
1791127596.3170,4952,1376,55843,306000000,1728000
1791127596.3671,4952,1368,55937,306000000,1728000
1791127596.4172,4952,1360,55875,306000000,1728000
1791127596.4673,4952,1360,55937,306000000,883200
1791127596.5174,4952,1368,55750,306000000,1728000
1791127596.5675,4952,1352,55875,306000000,1728000
1791127596.6176,4952,1352,56125,306000000,1728000
1791127596.6677,4952,1352,55906,306000000,1728000
1791127596.7178,4952,1352,56125,306000000,1728000
1791127596.7678,4952,1344,55875,306000000,1728000
1791127596.8179,4952,1336,56031,306000000,1728000
1791127596.8680,4952,1360,55968,306000000,1728000
1791127596.9181,4952,1368,56031,306000000,1728000
1791127596.9682,4952,1352,55875,306000000,1728000
1791127597.0183,4952,1352,55906,306000000,1728000
1791127597.0684,4952,1360,56125,306000000,1728000
1791127597.1185,4952,1352,55968,306000000,1728000
1791127597.1686,4952,1352,56093,306000000,1728000
1791127597.2187,4952,1352,55968,306000000,729600
1791127597.2688,4952,1352,56000,306000000,1728000
1791127597.3189,4952,1344,56000,306000000,1728000
1791127597.3690,4952,1336,56000,306000000,1728000
1791127597.4191,4952,1360,55812,306000000,1728000
1791127597.4692,4952,1360,56093,306000000,1728000
1791127597.5193,4952,1352,56156,306000000,1728000
1791127597.5694,4952,1352,56000,306000000,1728000
1791127597.6195,4952,1360,56000,306000000,1728000
1791127597.6695,4952,1352,55906,306000000,1728000
1791127597.7196,4952,1344,56125,306000000,1728000
1791127597.7697,4952,1344,55843,306000000,1036800
1791127597.8198,4952,1352,55968,306000000,1728000
1791127597.8699,4952,1344,55906,306000000,1728000
1791127597.9200,4952,1344,56000,306000000,1728000
1791127597.9701,4952,1360,56093,306000000,1728000
1791127598.0202,4952,1368,55937,306000000,1728000
1791127598.0703,4952,1368,56062,306000000,1728000
1791127598.1204,4952,1368,55906,306000000,1728000
1791127598.1705,4952,1360,56031,306000000,1728000
1791127598.2206,4952,1352,55906,306000000,1728000
1791127598.2707,4952,1360,56031,306000000,806400
1791127598.3207,4952,1352,55906,306000000,1728000
1791127598.3708,4952,1352,55937,306000000,1728000
1791127598.4209,4952,1336,55875,306000000,1728000
1791127598.4710,4952,1344,56000,306000000,1728000
1791127598.5211,4952,1352,56062,306000000,1728000
1791127598.5712,4952,1360,55937,306000000,1728000
1791127598.6213,4952,1360,56125,306000000,1728000
1791127598.6714,4952,1360,55781,306000000,1728000
1791127598.7215,4952,1360,56031,306000000,1728000
1791127598.7716,4952,1352,55937,306000000,1728000
1791127598.8217,4952,1352,55937,306000000,1728000
1791127598.8718,4952,1352,55875,306000000,1728000
1791127598.9218,4952,1344,55937,306000000,1728000
1791127598.9719,4952,1344,56062,306000000,1728000
1791127599.0220,4952,1352,55968,306000000,1728000
1791127599.0721,4952,1352,55968,306000000,1190400
1791127599.1222,4952,1360,55937,306000000,1728000
1791127599.1723,4952,1360,56000,306000000,1728000
1791127599.2224,4952,1360,55843,306000000,1728000
1791127599.2728,4952,1352,56000,306000000,1728000
1791127599.3229,4952,1352,55843,306000000,1036800
1791127599.3730,4952,1352,56000,306000000,1728000
1791127599.4231,4952,1352,56031,306000000,1728000
1791127599.4732,4952,1344,55906,306000000,1728000
1791127599.5233,4952,1344,56093,306000000,1113600
1791127599.5733,4952,1344,55968,306000000,1728000
1791127599.6234,4952,1344,56062,306000000,729600
1791127599.6735,4952,1352,55906,306000000,1728000
1791127599.7236,4952,1352,56031,306000000,1728000
1791127599.7737,4952,1352,55906,306000000,1728000
1791127599.8238,4952,1352,56031,306000000,1728000
1791127599.8738,4952,1344,56093,306000000,1728000
1791127599.9239,4952,1344,55906,306000000,1728000
1791127599.9740,4952,1352,56031,306000000,1728000
1791127600.0241,4952,1344,55906,306000000,1728000
1791127600.0742,4952,1336,56031,306000000,1728000
1791127600.1243,4952,1344,55906,306000000,1728000
1791127600.1744,4952,1352,56000,306000000,1036800
1791127600.2244,4952,1352,55875,306000000,1728000
1791127600.2745,4952,1360,55906,306000000,1728000
1791127600.3246,4952,1360,56125,306000000,1728000
1791127600.3747,4952,1360,56000,306000000,1728000
1791127600.4248,4952,1352,56125,306000000,1728000
1791127600.4749,4952,1352,55937,306000000,806400
1791127600.5250,4952,1352,56093,306000000,1728000
1791127600.5750,4952,1344,55875,306000000,1728000
1791127600.6251,4952,1344,55937,306000000,1728000
1791127600.6752,4952,1336,55968,306000000,1113600
1791127600.7253,4952,1344,56000,306000000,1728000
1791127600.7754,4952,1344,55937,306000000,1344000
1791127600.8255,4952,1352,55968,306000000,1728000
1791127600.8756,4952,1360,56125,306000000,1728000
1791127600.9256,4952,1360,55937,306000000,1113600
1791127600.9757,4952,1352,56062,306000000,1728000
1791127601.0258,4952,1352,55968,306000000,1728000
1791127601.0759,4952,1352,56031,306000000,1728000
1791127601.1260,4952,1352,55843,306000000,1728000
1791127601.1761,4952,1344,55968,306000000,1728000
1791127601.2262,4952,1344,55906,306000000,1728000
1791127601.2763,4952,1344,56031,306000000,1728000
1791127601.3264,4952,1344,56156,306000000,1190400
1791127601.3765,4952,1352,55906,306000000,1344000
1791127601.4266,4952,1360,56125,306000000,1728000
1791127601.4767,4952,1360,56000,306000000,1728000
1791127601.5268,4952,1352,56062,306000000,1728000
1791127601.5769,4952,1344,55937,306000000,1728000
1791127601.6270,4952,1352,56000,306000000,1728000
1791127601.6771,4952,1352,55968,306000000,1728000
1791127601.7272,4952,1344,56031,306000000,1728000
1791127601.7773,4952,1344,56062,306000000,1728000
1791127601.8274,4952,1352,55906,306000000,1728000
1791127601.8775,4952,1352,56031,306000000,1113600
1791127601.9276,4952,1352,55906,306000000,1728000
1791127601.9777,4952,1360,56031,306000000,1728000
1791127602.0278,4952,1360,55875,306000000,1728000
1791127602.0779,4952,1352,56000,306000000,1728000
1791127602.1279,4952,1344,55812,306000000,1728000
1791127602.1780,4952,1344,56000,306000000,1728000
1791127602.2281,4952,1344,56062,306000000,1728000
1791127602.2782,4952,1352,55968,306000000,1728000
1791127602.3283,4952,1344,56000,306000000,1728000
1791127602.3784,4952,1336,55875,306000000,1728000
1791127602.4285,4952,1344,56062,306000000,1728000
1791127602.4786,4952,1352,55843,306000000,1267200
1791127602.5287,4952,1352,56000,306000000,1728000
1791127602.5788,4952,1352,55906,306000000,1728000
1791127602.6289,4952,1352,56000,306000000,1728000
1791127602.6789,4952,1352,55937,306000000,1728000
1791127602.7290,4952,1344,55968,306000000,1728000
1791127602.7791,4952,1352,56062,306000000,1728000
1791127602.8292,4952,1352,55937,306000000,1728000
1791127602.8793,4952,1352,56062,306000000,1728000
1791127602.9294,4952,1344,55906,306000000,1728000
1791127602.9795,4952,1344,56031,306000000,1728000
1791127603.0295,4952,1360,55875,306000000,1728000
1791127603.0796,4952,1360,56000,306000000,1728000
1791127603.1297,4952,1352,55937,306000000,1728000
1791127603.1798,4952,1344,55906,306000000,1728000
1791127603.2299,4952,1336,56125,306000000,1728000
1791127603.2800,4952,1344,55937,306000000,1728000
1791127603.3301,4952,1344,56000,306000000,1728000
1791127603.3801,4960,1328,55937,306000000,1728000
1791127603.4302,4960,1328,56031,306000000,1728000
1791127603.4803,4960,1336,55781,306000000,1728000
1791127603.5304,4960,1336,56031,306000000,1728000
1791127603.5805,4960,1336,55937,306000000,1728000
1791127603.6306,4952,1352,55937,306000000,1728000
1791127603.6807,4952,1352,56093,306000000,1728000
1791127603.7308,4952,1352,55968,306000000,1728000
1791127603.7808,4952,1344,56093,306000000,1728000
1791127603.8309,4952,1336,55906,306000000,1728000
1791127603.8810,4952,1336,56031,306000000,1728000
1791127603.9311,4960,1336,55875,306000000,1728000
1791127603.9811,4952,1344,56000,306000000,1728000
1791127604.0312,4960,1336,55875,306000000,1728000
1791127604.0813,4960,1328,55968,306000000,1728000
1791127604.1314,4952,1344,56031,306000000,1728000
1791127604.1815,4952,1352,55875,306000000,1728000
1791127604.2316,4952,1344,56000,306000000,1728000
1791127604.2816,4960,1336,55906,306000000,1728000
1791127604.3317,4952,1352,55906,306000000,1728000
1791127604.3818,4952,1352,55843,306000000,1728000
1791127604.4319,4960,1344,56000,306000000,1728000
1791127604.4820,4960,1336,55843,306000000,1728000
1791127604.5320,4952,1344,56000,306000000,1728000
1791127604.5821,4952,1344,56156,306000000,1728000
1791127604.6322,4960,1336,55875,306000000,1728000
1791127604.6823,4960,1336,56062,306000000,1728000
1791127604.7324,4952,1352,55875,306000000,1728000
1791127604.7825,4952,1352,55968,306000000,1728000
1791127604.8325,4952,1344,55906,306000000,1728000
1791127604.8826,4960,1336,55968,306000000,1728000
1791127604.9327,4952,1344,55906,306000000,1728000
1791127604.9828,4952,1344,56000,306000000,1728000
1791127605.0328,4960,1336,56031,306000000,1728000
1791127605.0829,4960,1328,55843,306000000,1728000
1791127605.1330,4960,1328,56031,306000000,1728000
1791127605.1831,4952,1336,55906,306000000,1728000
1791127605.2331,4960,1336,55968,306000000,1728000
1791127605.2832,4952,1336,55875,306000000,1267200
1791127605.3333,4952,1344,56031,306000000,1728000
1791127605.3834,4952,1344,55906,306000000,1728000
1791127605.4335,4952,1344,56031,306000000,1728000
1791127605.4836,4952,1336,56000,306000000,1728000
1791127605.5336,4960,1328,55843,306000000,1728000
1791127605.5837,4960,1320,56031,306000000,1728000
1791127605.6338,4960,1320,55906,306000000,1728000
1791127605.6839,4960,1328,55968,306000000,1728000
1791127605.7340,4960,1328,55812,306000000,1728000
1791127605.7841,4960,1328,56031,306000000,1728000
1791127605.8342,4960,1344,55875,306000000,1190400
1791127605.8842,4952,1344,56031,306000000,1728000
1791127605.9343,4952,1344,56093,306000000,1728000
1791127605.9844,4960,1336,55968,306000000,1728000
1791127606.0345,4960,1336,56031,306000000,1728000
1791127606.0846,4952,1336,55906,306000000,1728000
1791127606.1347,4952,1336,56093,306000000,1728000
1791127606.1847,4960,1328,55906,306000000,1728000
1791127606.2348,4960,1320,56000,306000000,1728000
1791127606.2849,4960,1320,55906,306000000,1728000
1791127606.3350,4960,1328,56031,306000000,1728000
1791127606.3851,4952,1336,56093,306000000,1728000
1791127606.4352,4952,1336,55906,306000000,1728000
1791127606.4853,4952,1336,56125,306000000,1728000
1791127606.5353,4952,1336,55937,306000000,1728000
1791127606.5854,4952,1336,56125,306000000,1728000
1791127606.6355,4952,1336,55906,306000000,1728000
1791127606.6856,4960,1328,56000,306000000,1728000
1791127606.7357,4960,1320,55906,306000000,1728000
1791127606.7858,4952,1328,56031,306000000,1728000
1791127606.8359,4952,1336,56156,306000000,1728000
1791127606.8859,4952,1336,55937,306000000,1728000
1791127606.9360,4952,1336,56062,306000000,1267200
1791127606.9861,4952,1360,55937,306000000,1728000
1791127607.0362,4952,1352,56062,306000000,1728000
1791127607.0863,4952,1344,55937,306000000,1728000
1791127607.1364,4960,1336,55968,306000000,1728000
1791127607.1865,4960,1336,55812,306000000,1728000
1791127607.2366,4952,1344,55937,306000000,1728000
1791127607.2867,4960,1336,55906,306000000,1728000
1791127607.3368,4960,1328,55906,306000000,1728000
1791127607.3868,4960,1328,56125,306000000,1728000
1791127607.4369,4960,1328,55937,306000000,1728000
1791127607.4870,4960,1336,56031,306000000,1190400
1791127607.5371,4952,1344,55875,306000000,1728000
1791127607.5872,4960,1336,56031,306000000,1728000
1791127607.6373,4960,1328,55937,306000000,1728000
1791127607.6874,4960,1328,56000,306000000,1728000
1791127607.7375,4952,1336,55843,306000000,1728000
1791127607.7875,4952,1344,55968,306000000,1728000
1791127607.8376,4960,1336,56031,306000000,1728000
1791127607.8877,4960,1336,55968,306000000,1728000
1791127607.9378,4952,1344,56031,306000000,1728000
1791127607.9879,4952,1344,55906,306000000,1728000
1791127608.0380,4952,1336,56000,306000000,1728000
1791127608.0881,4952,1344,55906,306000000,1728000
1791127608.1382,4952,1352,55968,306000000,1728000
1791127608.1883,4952,1352,55812,306000000,1728000
1791127608.2383,4952,1344,55937,306000000,1728000
1791127608.2884,4952,1336,56062,306000000,1728000
1791127608.3385,4952,1344,55906,306000000,1728000
1791127608.3886,4952,1352,56031,306000000,1728000
1791127608.4387,4952,1336,55906,306000000,1728000
1791127608.4887,4960,1328,56031,306000000,1728000
1791127608.5388,4952,1336,55812,306000000,1728000
1791127608.5889,4952,1336,56000,306000000,1728000
1791127608.6390,4952,1352,55843,306000000,1190400
1791127608.6891,4952,1344,56000,306000000,1728000
1791127608.7392,4952,1352,56125,306000000,1728000
1791127608.7893,4952,1352,55906,306000000,1728000
1791127608.8394,4952,1344,56093,306000000,1728000
1791127608.8901,4952,1336,56000,306000000,1728000
1791127608.9402,4952,1336,56062,306000000,1728000
1791127608.9903,4952,1344,56000,306000000,1728000
1791127609.0404,4952,1344,56000,306000000,1728000
1791127609.0905,4952,1336,55843,306000000,1728000
1791127609.1406,4952,1328,55937,306000000,1728000
1791127609.1907,4952,1352,55875,306000000,1420800
1791127609.2408,4952,1352,55968,306000000,1728000
1791127609.2909,4952,1352,56031,306000000,1728000
1791127609.3409,4952,1344,56000,306000000,1728000
1791127609.3910,4952,1352,55968,306000000,1728000
1791127609.4411,4952,1352,55843,306000000,1728000
1791127609.4912,4952,1344,56031,306000000,1728000
1791127609.5413,4952,1336,55937,306000000,1728000
1791127609.5914,4952,1336,56031,306000000,1728000
1791127609.6415,4952,1336,55906,306000000,1728000
1791127609.6916,4952,1344,55968,306000000,1728000
1791127609.7417,4952,1336,56031,306000000,1728000
1791127609.7918,4952,1336,55875,306000000,1728000
1791127609.8419,4952,1344,56031,306000000,1728000
1791127609.8920,4952,1344,55906,306000000,1728000
1791127609.9421,4952,1344,56031,306000000,1728000
1791127609.9922,4952,1336,55937,306000000,1728000
1791127610.0423,4960,1336,55968,306000000,1728000
1791127610.0924,4952,1336,55875,306000000,1728000
1791127610.1425,4952,1344,55906,306000000,1728000
1791127610.1926,4960,1336,55843,306000000,1728000
1791127610.2427,4960,1336,56000,306000000,1728000
1791127610.2928,4952,1344,56093,306000000,1728000
1791127610.3429,4952,1352,55937,306000000,1728000
1791127610.3930,4952,1344,56062,306000000,1728000
1791127610.4430,4952,1336,55875,306000000,1728000
1791127610.4931,4952,1336,55968,306000000,1728000
1791127610.5432,4952,1344,55968,306000000,1728000
1791127610.5933,4952,1344,55968,306000000,1728000
1791127610.6434,4960,1336,55906,306000000,1728000
1791127610.6935,4960,1336,55937,306000000,1728000
1791127610.7436,4960,1336,56187,306000000,1728000
1791127610.7937,4952,1344,55968,306000000,1728000
1791127610.8438,4960,1336,56062,306000000,1113600
1791127610.8939,4952,1344,56000,306000000,1728000
1791127610.9440,4952,1336,56000,306000000,1728000
1791127610.9941,4952,1344,56000,306000000,1728000
1791127611.0442,4952,1344,56000,306000000,1728000
1791127611.0943,4952,1336,55968,306000000,1728000
1791127611.1444,4960,1336,55937,306000000,1728000
1791127611.1945,4960,1336,56093,306000000,1728000
1791127611.2445,4960,1336,55843,306000000,1728000
1791127611.2946,4960,1336,56031,306000000,1728000
1791127611.3447,4960,1328,55937,306000000,1728000
1791127611.3948,4960,1320,56031,306000000,1728000
1791127611.4449,4960,1336,55906,306000000,1728000
1791127611.4950,4952,1344,55937,306000000,1728000
1791127611.5450,4952,1344,55906,306000000,1728000
1791127611.5951,4960,1336,55968,306000000,1728000
1791127611.6452,4960,1336,56062,306000000,1728000
1791127611.6953,4960,1344,55968,306000000,1728000
1791127611.7454,4960,1344,56031,306000000,1728000
1791127611.7954,4960,1336,55968,306000000,1728000
1791127611.8455,4960,1328,56000,306000000,1728000
1791127611.8956,4952,1336,55906,306000000,1728000
1791127611.9457,4952,1336,55875,306000000,1728000
1791127611.9958,4952,1344,55968,306000000,1113600
1791127612.0459,4952,1344,55937,306000000,1728000
1791127612.0960,4952,1344,56031,306000000,1728000
1791127612.1461,4952,1344,55968,306000000,1728000
1791127612.1962,4952,1344,56062,306000000,1728000
1791127612.2462,4952,1336,55875,306000000,1728000
1791127612.2963,4960,1328,56000,306000000,1728000
1791127612.3464,4960,1328,55968,306000000,1728000
1791127612.3965,4960,1328,55968,306000000,1728000
1791127612.4466,4960,1328,55812,306000000,1728000
1791127612.4967,4960,1336,55937,306000000,1728000
1791127612.5467,4952,1328,56062,306000000,1344000
1791127612.5968,4952,1336,55906,306000000,1728000
1791127612.6469,4952,1336,56031,306000000,1728000
1791127612.6970,4952,1344,55937,306000000,1728000
1791127612.7471,4952,1336,56062,306000000,1728000
1791127612.7971,4960,1328,55937,306000000,1728000
1791127612.8472,4960,1328,55968,306000000,1728000
1791127612.8973,4960,1336,55812,306000000,1728000
1791127612.9474,4952,1336,55937,306000000,1728000
1791127612.9975,4960,1336,56156,306000000,1728000
1791127613.0476,4960,1328,55875,306000000,1728000
1791127613.0977,4960,1336,56062,306000000,1728000
1791127613.1478,4952,1352,55906,306000000,729600
1791127613.1979,4952,1352,56031,306000000,1728000
1791127613.2479,4952,1344,55875,306000000,1728000
1791127613.2980,4952,1344,55937,306000000,1728000
1791127613.3481,4952,1344,55875,306000000,1728000
1791127613.3982,4952,1344,55937,306000000,1728000
1791127613.4483,4952,1336,55906,306000000,1728000
1791127613.4983,4960,1328,55968,306000000,1728000
1791127613.5484,4952,1336,56093,306000000,1728000
1791127613.5985,4952,1328,55906,306000000,1728000
1791127613.6486,4952,1336,56031,306000000,1728000
1791127613.6987,4952,1344,55875,306000000,1420800
1791127613.7488,4952,1336,55937,306000000,1728000
1791127613.7988,4952,1344,55937,306000000,1728000
1791127613.8489,4952,1344,55968,306000000,1728000
1791127613.8990,4952,1336,56000,306000000,1728000
1791127613.9491,4952,1336,56000,306000000,1728000
1791127613.9992,4952,1344,56062,306000000,1728000
1791127614.0492,4952,1344,55875,306000000,1728000
1791127614.0993,4952,1336,56062,306000000,1728000
1791127614.1494,4952,1328,55843,306000000,1728000
1791127614.1995,4952,1336,55968,306000000,1728000
1791127614.2496,4952,1352,55843,306000000,1728000
1791127614.2996,4952,1344,55968,306000000,1728000
1791127614.3497,4952,1336,55875,306000000,1728000
1791127614.3998,4952,1336,55906,306000000,1728000
1791127614.4499,4952,1336,56062,306000000,1728000
1791127614.4999,4952,1344,55937,306000000,1728000
1791127614.5500,4952,1336,56031,306000000,1728000
1791127614.6001,4952,1328,55875,306000000,1728000
1791127614.6502,4960,1320,56031,306000000,1728000
1791127614.7002,4952,1336,55906,306000000,1728000
1791127614.7503,4952,1336,56031,306000000,960000
1791127614.8004,4952,1336,55875,306000000,1728000
1791127614.8505,4952,1344,56031,306000000,1728000
1791127614.9006,4952,1344,56062,306000000,1728000
1791127614.9507,4952,1344,55937,306000000,1728000
1791127615.0007,4952,1344,56031,306000000,1728000
1791127615.0508,4952,1336,55937,306000000,1728000
1791127615.1009,4960,1328,55906,306000000,1728000
1791127615.1509,4960,1328,55843,306000000,1728000
1791127615.2010,4960,1328,56000,306000000,1728000
1791127615.2511,4952,1336,55906,306000000,1728000
1791127615.3012,4960,1328,55937,306000000,1728000
1791127615.3513,4960,1328,56062,306000000,1344000
1791127615.4014,4952,1344,55875,306000000,1728000
1791127615.4515,4952,1344,56031,306000000,1728000
1791127615.5015,4952,1344,55968,306000000,1728000
1791127615.5516,4960,1328,56000,306000000,1728000
1791127615.6017,4960,1328,55937,306000000,1728000
1791127615.6518,4960,1328,56000,306000000,1728000
1791127615.7019,4960,1320,55937,306000000,1728000
1791127615.7519,4960,1328,55937,306000000,1728000
1791127615.8020,4960,1328,56125,306000000,1728000
1791127615.8521,4960,1320,55968,306000000,1728000
1791127615.9022,4960,1328,56031,306000000,1728000
1791127615.9523,4952,1344,55875,306000000,1728000
1791127616.0024,4952,1352,56062,306000000,1728000
1791127616.0525,4952,1336,55781,306000000,1728000
1791127616.1026,4960,1328,55875,306000000,1728000
1791127616.1526,4960,1328,55906,306000000,1728000
1791127616.2027,4952,1336,55937,306000000,1728000
1791127616.2528,4960,1336,56062,306000000,1728000
1791127616.3029,4960,1336,55843,306000000,1728000
1791127616.3530,4960,1328,56062,306000000,1728000
1791127616.4030,4960,1320,55968,306000000,1728000
1791127616.4531,4952,1328,56062,306000000,1113600
1791127616.5032,4952,1336,55875,306000000,1728000
1791127616.5533,4952,1344,55937,306000000,1728000
1791127616.6034,4952,1336,55875,306000000,1728000
1791127616.6535,4952,1328,55937,306000000,1728000
1791127616.7036,4952,1336,55781,306000000,1728000
1791127616.7537,4952,1336,55812,306000000,1728000
1791127616.8037,4952,1336,56031,306000000,1728000
1791127616.8538,4952,1328,55937,306000000,1728000
1791127616.9039,4952,1328,56000,306000000,1728000
1791127616.9540,4952,1336,55906,306000000,1728000
1791127617.0041,4952,1336,56031,306000000,1728000
1791127617.0542,4952,1336,55781,306000000,1728000
1791127617.1043,4952,1344,55968,306000000,1728000
1791127617.1543,4952,1344,55812,306000000,1728000
1791127617.2044,4952,1344,55937,306000000,1728000
1791127617.2545,4952,1336,56062,306000000,1728000
1791127617.3046,4952,1344,55937,306000000,1728000
1791127617.3547,4952,1344,56000,306000000,1728000
1791127617.4047,4952,1336,55812,306000000,1728000
1791127617.4548,4952,1328,56031,306000000,1728000
1791127617.5049,4960,1320,55937,306000000,1728000
1791127617.5550,4952,1336,56031,306000000,1728000
1791127617.6051,4952,1352,55812,306000000,1728000
1791127617.6552,4952,1352,56031,306000000,1728000
1791127617.7053,4952,1344,56062,306000000,1728000
1791127617.7553,4952,1344,55875,306000000,1728000
1791127617.8054,4952,1344,56062,306000000,1728000
1791127617.8555,4952,1344,55812,306000000,1728000
1791127617.9056,4952,1336,56031,306000000,1728000
1791127617.9557,4952,1336,55906,306000000,1728000
1791127618.0057,4952,1344,56000,306000000,1728000
1791127618.0558,4952,1336,55906,306000000,1728000
1791127618.1059,4960,1328,55875,306000000,1728000
1791127618.1560,4952,1344,56093,306000000,1728000
1791127618.2061,4952,1352,55843,306000000,1728000
1791127618.2562,4952,1352,56031,306000000,1728000
1791127618.3063,4952,1336,55906,306000000,1728000
1791127618.3564,4952,1336,55937,306000000,1728000
1791127618.4065,4952,1344,55781,306000000,1728000
1791127618.4566,4952,1344,55937,306000000,1728000
1791127618.5068,4952,1336,55875,306000000,1728000
1791127618.5569,4960,1328,55906,306000000,1728000
1791127618.6070,4960,1336,56093,306000000,1728000
1791127618.6570,4952,1344,55875,306000000,1728000
1791127618.7071,4960,1336,56062,306000000,1728000
1791127618.7572,4952,1344,55968,306000000,1728000
1791127618.8073,4952,1336,55906,306000000,1728000
1791127618.8574,4952,1344,55875,306000000,1728000
1791127618.9075,4952,1344,55875,306000000,1728000
1791127618.9576,4952,1336,55937,306000000,1728000
1791127619.0076,4952,1336,55937,306000000,1728000
1791127619.0577,4952,1344,55843,306000000,1728000
1791127619.1078,4952,1344,55968,306000000,1728000
1791127619.1579,4952,1336,56062,306000000,1728000
1791127619.2080,4952,1328,55843,306000000,1728000
1791127619.2581,4952,1328,56000,306000000,1728000
1791127619.3082,4952,1352,55812,306000000,1728000
1791127619.3583,4952,1352,55968,306000000,1728000
1791127619.4084,4952,1344,55812,306000000,1728000
1791127619.4585,4952,1336,55937,306000000,1728000
1791127619.5086,4952,1344,55812,306000000,1728000
1791127619.5586,4952,1336,55906,306000000,1728000
1791127619.6087,4952,1336,56000,306000000,1728000
1791127619.6588,4952,1328,55968,306000000,1728000
1791127619.7089,4952,1320,56031,306000000,1728000
1791127619.7590,4952,1336,55843,306000000,1728000
1791127619.8091,4952,1336,55937,306000000,1728000
1791127619.8592,4952,1344,55875,306000000,1728000
1791127619.9093,4952,1336,55968,306000000,1728000
1791127619.9594,4952,1336,55968,306000000,1728000
1791127620.0095,4952,1344,55875,306000000,1728000
1791127620.0596,4952,1344,56031,306000000,1728000
1791127620.1096,4952,1336,55937,306000000,1728000
1791127620.1597,4952,1328,56031,306000000,1728000
1791127620.2098,4952,1328,55906,306000000,1728000
1791127620.2599,4952,1328,55968,306000000,1728000
1791127620.3100,4952,1336,55875,306000000,1728000
1791127620.3600,4952,1328,56000,306000000,1728000
1791127620.4101,4952,1328,55843,306000000,1728000
1791127620.4602,4952,1336,55875,306000000,1728000
1791127620.5103,4952,1336,56093,306000000,1728000
1791127620.5604,4952,1344,55906,306000000,1728000
1791127620.6105,4952,1336,56093,306000000,1728000
1791127620.6606,4952,1336,55968,306000000,1728000
1791127620.7106,4952,1336,55875,306000000,1728000
1791127620.7607,4952,1336,55937,306000000,1728000
1791127620.8108,4952,1328,56031,306000000,1728000
1791127620.8609,4952,1320,55843,306000000,1728000
1791127620.9109,4952,1328,55937,306000000,1728000
1791127620.9610,4952,1336,56031,306000000,1113600
1791127621.0111,4952,1344,55906,306000000,1728000
1791127621.0612,4952,1336,56093,306000000,1728000
1791127621.1113,4952,1328,55937,306000000,1728000
1791127621.1614,4952,1344,56031,306000000,1728000
1791127621.2115,4952,1344,56000,306000000,1728000
1791127621.2616,4952,1336,56000,306000000,1728000
1791127621.3117,4952,1328,55906,306000000,1728000
1791127621.3617,4960,1328,55875,306000000,1728000
1791127621.4118,4952,1336,55812,306000000,1728000
1791127621.4619,4952,1328,56000,306000000,1728000
1791127621.5128,4952,1336,56031,306000000,1728000
1791127621.5629,4952,1336,55937,306000000,1728000
1791127621.6130,4952,1344,56000,306000000,1728000
1791127621.6631,4952,1344,55906,306000000,1728000
1791127621.7132,4952,1336,55968,306000000,1728000
1791127621.7632,4952,1328,55875,306000000,1728000
1791127621.8133,4952,1336,56000,306000000,1728000
1791127621.8634,4952,1336,55875,306000000,1728000
1791127621.9135,4952,1344,55906,306000000,960000
1791127621.9636,4960,1328,56093,306000000,1728000
1791127622.0137,4960,1320,55968,306000000,1728000
1791127622.0637,4952,1336,56062,306000000,1728000
1791127622.1138,4952,1352,55937,306000000,1728000
1791127622.1639,4952,1344,55968,306000000,1728000
1791127622.2140,4952,1336,55875,306000000,1728000
1791127622.2641,4952,1344,56000,306000000,1728000
1791127622.3142,4952,1344,55875,306000000,1728000
1791127622.3643,4952,1344,55937,306000000,1728000
1791127622.4144,4952,1328,56031,306000000,1728000
1791127622.4644,4952,1328,55875,306000000,1728000
1791127622.5145,4952,1336,55968,306000000,1728000
1791127622.5646,4952,1336,55843,306000000,1728000
1791127622.6147,4952,1328,56031,306000000,1728000
1791127622.6648,4952,1336,55937,306000000,1728000
1791127622.7149,4952,1344,55968,306000000,1728000
1791127622.7650,4952,1344,55750,306000000,1728000
1791127622.8150,4952,1344,55937,306000000,1728000
1791127622.8651,4952,1328,56062,306000000,1728000
1791127622.9152,4952,1328,55906,306000000,1728000
1791127622.9653,4952,1328,56031,306000000,1728000
1791127623.0154,4952,1336,55843,306000000,1728000
1791127623.0655,4952,1328,55968,306000000,1728000
1791127623.1155,4960,1320,55843,306000000,1728000
1791127623.1656,4952,1328,55937,306000000,1190400
1791127623.2157,4952,1352,55937,306000000,1728000
1791127623.2658,4952,1344,56031,306000000,1728000
1791127623.3159,4952,1336,56156,306000000,1728000
1791127623.3660,4952,1336,55968,306000000,1728000
1791127623.4161,4952,1336,56156,306000000,1728000
1791127623.4662,4952,1336,55875,306000000,1728000
1791127623.5163,4952,1336,56093,306000000,1728000
1791127623.5664,4952,1328,56000,306000000,1728000
1791127623.6165,4952,1328,55937,306000000,806400
1791127623.6666,4952,1336,55968,306000000,729600
1791127623.7167,4952,1328,55968,306000000,1728000
1791127623.7668,4952,1352,55937,306000000,1267200
1791127623.8169,4952,1352,55968,306000000,1728000
1791127623.8670,4952,1352,56031,306000000,1728000
1791127623.9170,4952,1336,55937,306000000,1728000
1791127623.9671,4952,1352,56125,306000000,1728000
1791127624.0172,4952,1352,55875,306000000,1728000
1791127624.0673,4952,1344,56062,306000000,1728000
1791127624.1174,4952,1344,55875,306000000,1728000
1791127624.1674,4952,1344,56031,306000000,1728000
1791127624.2175,4952,1344,55875,306000000,1728000
1791127624.2676,4952,1336,55937,306000000,1728000
1791127624.3177,4952,1344,56125,306000000,1728000
1791127624.3678,4952,1360,55937,306000000,1728000
1791127624.4178,4952,1352,56031,306000000,1728000
1791127624.4679,4952,1344,55906,306000000,1728000
1791127624.5180,4952,1336,55937,306000000,1728000
1791127624.5681,4952,1344,55875,306000000,1728000
1791127624.6182,4952,1344,56000,306000000,1728000
1791127624.6683,4952,1344,55937,306000000,1728000
1791127624.7183,4952,1336,55906,306000000,1728000
1791127624.7684,4960,1328,56031,306000000,1728000
1791127624.8185,4960,1328,55812,306000000,1728000
1791127624.8686,4952,1344,56031,306000000,1728000
1791127624.9187,4952,1352,55937,306000000,1728000
1791127624.9688,4952,1344,56000,306000000,1728000
1791127625.0189,4960,1336,55875,306000000,1728000
1791127625.0689,4960,1328,55875,306000000,1728000
1791127625.1190,4960,1336,55968,306000000,1728000
1791127625.1691,4960,1336,55968,306000000,1728000
1791127625.2192,4960,1336,56125,306000000,1728000
1791127625.2693,4960,1328,55937,306000000,1728000
1791127625.3194,4960,1336,56000,306000000,1728000
1791127625.3695,4952,1336,55843,306000000,1728000
1791127625.4196,4952,1336,56062,306000000,1728000
1791127625.4697,4952,1344,55875,306000000,1728000
1791127625.5198,4952,1344,56000,306000000,1728000
1791127625.5699,4952,1344,55906,306000000,1728000
1791127625.6200,4952,1344,56000,306000000,1728000
1791127625.6700,4952,1336,56125,306000000,1728000
1791127625.7201,4952,1328,55843,306000000,1728000
1791127625.7702,4952,1336,56062,306000000,1728000
1791127625.8203,4952,1344,55843,306000000,1728000
1791127625.8704,4952,1336,56062,306000000,1728000
1791127625.9205,4960,1328,55875,306000000,1728000
1791127625.9706,4952,1336,56000,306000000,806400
1791127626.0207,4952,1352,55843,306000000,1728000
1791127626.0708,4952,1344,55968,306000000,1728000
1791127626.1209,4952,1336,55906,306000000,1728000
1791127626.1709,4952,1336,55875,306000000,1728000
1791127626.2210,4952,1344,56093,306000000,1728000
1791127626.2711,4952,1344,55906,306000000,1728000
1791127626.3212,4952,1336,56031,306000000,1728000
1791127626.3713,4960,1328,55906,306000000,1728000
1791127626.4214,4960,1328,55968,306000000,1728000
1791127626.4715,4960,1328,55812,306000000,1728000
1791127626.5216,4960,1336,55906,306000000,1728000
1791127626.5716,4952,1344,55875,306000000,1728000
1791127626.6218,4952,1344,55875,306000000,1728000
1791127626.6718,4952,1344,56031,306000000,1728000
1791127626.7219,4952,1352,55906,306000000,1728000
1791127626.7720,4952,1344,56000,306000000,1728000
1791127626.8221,4960,1336,55843,306000000,1728000
1791127626.8722,4952,1336,56000,306000000,1728000
1791127626.9222,4960,1336,55875,306000000,1728000
1791127626.9723,4952,1344,56000,306000000,1728000
1791127627.0224,4960,1336,55875,306000000,1728000
1791127627.0725,4960,1328,55968,306000000,1728000
1791127627.1226,4952,1344,56031,306000000,1267200
1791127627.1727,4952,1352,55937,306000000,1728000
1791127627.2228,4952,1344,56062,306000000,1728000
1791127627.2729,4952,1336,55875,306000000,1728000
1791127627.3230,4952,1344,56000,306000000,1728000
1791127627.3730,4952,1352,55843,306000000,1728000
1791127627.4231,4952,1344,55875,306000000,1728000
1791127627.4732,4960,1336,55906,306000000,1728000
1791127627.5233,4960,1328,55843,306000000,1728000
1791127627.5734,4960,1336,56093,306000000,1728000
1791127627.6235,4952,1344,55906,306000000,1728000
1791127627.6736,4952,1336,56031,306000000,1728000
1791127627.7236,4952,1352,55812,306000000,1728000
1791127627.7737,4952,1352,55937,306000000,1728000
1791127627.8238,4952,1352,55843,306000000,1728000
1791127627.8739,4952,1344,56000,306000000,1728000
1791127627.9240,4952,1344,55875,306000000,1728000
1791127627.9741,4952,1344,55937,306000000,1728000
1791127628.0241,4952,1344,56062,306000000,1728000
1791127628.0742,4960,1336,55937,306000000,1728000
1791127628.1243,4960,1336,56187,306000000,1728000
1791127628.1744,4960,1336,55906,306000000,1728000
1791127628.2245,4952,1344,56000,306000000,1728000
1791127628.2746,4952,1352,55906,306000000,1728000
1791127628.3246,4952,1344,56000,306000000,1728000
1791127628.3747,4952,1344,55875,306000000,1728000
1791127628.4248,4952,1344,55937,306000000,1728000
1791127628.4749,4952,1344,55781,306000000,1728000
1791127628.5250,4952,1336,55875,306000000,1728000
1791127628.5751,4960,1328,56093,306000000,1728000
1791127628.6252,4952,1328,55875,306000000,1728000
1791127628.6752,4952,1336,55968,306000000,1728000
1791127628.7253,4952,1336,55875,306000000,1728000
1791127628.7754,4952,1328,56031,306000000,1190400
1791127628.8255,4952,1336,55875,306000000,1728000
1791127628.8756,4952,1336,55937,306000000,1728000
1791127628.9257,4952,1336,55750,306000000,1728000
1791127628.9758,4952,1344,55906,306000000,1728000
1791127629.0258,4952,1336,56062,306000000,1728000
1791127629.0759,4960,1328,55906,306000000,1728000
1791127629.1260,4952,1336,56062,306000000,1728000
1791127629.1761,4952,1336,55875,306000000,1728000
1791127629.2262,4952,1336,56000,306000000,1728000
1791127629.2763,4952,1328,55812,306000000,1728000
1791127629.3263,4952,1328,56031,306000000,1113600
1791127629.3764,4952,1344,55906,306000000,1728000
1791127629.4265,4952,1344,55937,306000000,1728000
1791127629.4766,4952,1336,56093,306000000,1728000
1791127629.5267,4952,1328,55968,306000000,1728000
1791127629.5768,4952,1336,56062,306000000,1728000
1791127629.6269,4960,1320,55906,306000000,1728000
1791127629.6770,4960,1320,55937,306000000,1728000
1791127629.7271,4952,1328,55906,306000000,1728000
1791127629.7771,4952,1328,55968,306000000,1728000
1791127629.8272,4960,1320,55875,306000000,1728000
1791127629.8773,4960,1312,55906,306000000,1728000
1791127629.9274,4952,1328,56062,306000000,1728000
1791127629.9775,4952,1336,55937,306000000,1728000
1791127630.0276,4952,1336,56062,306000000,1728000
1791127630.0777,4952,1328,55906,306000000,1728000
1791127630.1278,4952,1336,55968,306000000,1728000
1791127630.1779,4952,1352,55906,306000000,1728000
1791127630.2280,4952,1384,55937,306000000,1728000
1791127630.2781,4952,1384,55937,306000000,1728000
1791127630.3282,4952,1376,55906,306000000,1728000
1791127630.3782,4952,1376,56093,306000000,1728000
1791127630.4283,4952,1376,55875,306000000,1728000
1791127630.4784,4952,1376,56031,306000000,1728000
1791127630.5285,4952,1376,55875,306000000,1728000
1791127630.5786,4952,1376,56000,306000000,1728000
1791127630.6287,4952,1376,55843,306000000,1728000
1791127630.6788,4952,1360,55906,306000000,1728000
1791127630.7288,4952,1352,56000,306000000,1728000
1791127630.7789,4952,1352,55937,306000000,1728000
1791127630.8290,4952,1352,55843,306000000,1728000
1791127630.8791,4952,1352,55812,306000000,1728000
1791127630.9292,4952,1344,56031,306000000,1728000
1791127630.9792,4952,1344,55906,306000000,1728000
1791127631.0293,4952,1352,55906,306000000,1728000
1791127631.0794,4952,1360,55781,306000000,1728000
1791127631.1295,4952,1352,55968,306000000,1036800
1791127631.1796,4952,1344,55875,306000000,1728000
1791127631.2297,4952,1344,55968,306000000,1728000
1791127631.2798,4952,1352,55875,306000000,1728000
1791127631.3298,4952,1344,55906,306000000,1728000
1791127631.3799,4952,1336,56031,306000000,1728000
1791127631.4300,4952,1344,55968,306000000,1728000
1791127631.4801,4952,1344,56031,306000000,1728000
1791127631.5302,4952,1336,55906,306000000,1728000
1791127631.5803,4952,1336,56000,306000000,1728000
1791127631.6304,4952,1352,55843,306000000,1728000
1791127631.6805,4952,1360,55968,306000000,1728000
1791127631.7305,4952,1352,55843,306000000,1728000
1791127631.7806,4952,1344,55937,306000000,1728000
1791127631.8307,4952,1344,56031,306000000,1728000
1791127631.8808,4952,1344,55843,306000000,1728000
1791127631.9309,4952,1344,56062,306000000,1728000
1791127631.9810,4960,1336,55875,306000000,1728000
1791127632.0311,4960,1328,55937,306000000,1728000
1791127632.0811,4960,1336,55812,306000000,1728000
1791127632.1312,4952,1336,55968,306000000,1190400
1791127632.1813,4952,1344,55875,306000000,1728000
1791127632.2314,4952,1344,55906,306000000,1728000
1791127632.2815,4952,1344,56125,306000000,1728000
1791127632.3316,4952,1352,55937,306000000,1728000
1791127632.3817,4952,1344,56031,306000000,1728000
1791127632.4318,4952,1336,55937,306000000,1728000
1791127632.4818,4952,1336,55937,306000000,1728000
1791127632.5319,4952,1344,55906,306000000,1728000
1791127632.5820,4952,1336,55843,306000000,1728000
1791127632.6321,4952,1328,55875,306000000,1728000
1791127632.6822,4960,1328,55906,306000000,1728000
1791127632.7323,4952,1344,56031,306000000,1728000
1791127632.7824,4952,1352,55843,306000000,1728000
1791127632.8324,4952,1344,56062,306000000,1728000
1791127632.8825,4960,1336,55875,306000000,1728000
1791127632.9326,4960,1336,56000,306000000,1728000
1791127632.9827,4960,1336,55812,306000000,1728000
1791127633.0328,4960,1336,55906,306000000,1728000
1791127633.0839,4960,1328,55843,306000000,1728000
1791127633.1340,4960,1320,56000,306000000,1728000
1791127633.1840,4952,1336,55875,306000000,1728000
1791127633.2341,4952,1336,55906,306000000,1728000
1791127633.2842,4952,1336,56031,306000000,1190400
1791127633.3343,4960,1336,55875,306000000,1728000
1791127633.3844,4952,1344,56031,306000000,1728000
1791127633.4345,4952,1344,55937,306000000,1728000
1791127633.4846,4952,1344,55968,306000000,1728000
1791127633.5347,4960,1336,55875,306000000,1728000
1791127633.5847,4952,1336,55937,306000000,1728000
1791127633.6348,4952,1344,55781,306000000,1728000
1791127633.6849,4952,1336,55906,306000000,1728000
1791127633.7350,4960,1328,56031,306000000,1728000
1791127633.7851,4952,1328,55906,306000000,1728000
1791127633.8352,4952,1344,56062,306000000,1728000
1791127633.8853,4952,1352,55843,306000000,1728000
1791127633.9354,4952,1344,56031,306000000,1728000
1791127633.9855,4952,1336,55781,306000000,1728000
1791127634.0356,4952,1344,55875,306000000,1728000
1791127634.0857,4952,1352,55781,306000000,1728000
1791127634.1357,4952,1344,55968,306000000,1728000
1791127634.1858,4952,1336,56031,306000000,1728000
1791127634.2359,4952,1344,55937,306000000,1728000
1791127634.2860,4952,1344,55968,306000000,1728000
1791127634.3361,4952,1336,55968,306000000,1728000
1791127634.3862,4952,1336,56000,306000000,1728000
1791127634.4363,4952,1352,55875,306000000,1728000
1791127634.4864,4952,1352,55906,306000000,1728000
1791127634.5365,4952,1344,55781,306000000,1728000
1791127634.5866,4952,1336,55843,306000000,1728000
1791127634.6367,4960,1328,56031,306000000,1728000
1791127634.6867,4960,1328,55937,306000000,1728000
1791127634.7368,4960,1328,56031,306000000,1728000
1791127634.7869,4952,1336,55843,306000000,1728000
1791127634.8370,4952,1336,56062,306000000,1728000
1791127634.8870,4960,1328,55812,306000000,1728000
1791127634.9371,4960,1328,55906,306000000,1728000
1791127634.9872,4952,1352,55875,306000000,1728000
1791127635.0373,4952,1352,55937,306000000,1728000
1791127635.0874,4952,1344,55906,306000000,1728000
1791127635.1376,4952,1352,55875,306000000,806400
1791127635.1876,4952,1344,56031,306000000,1728000
1791127635.2377,4952,1344,55875,306000000,1728000
1791127635.2878,4952,1336,56031,306000000,1728000
1791127635.3379,4952,1344,55812,306000000,1728000
1791127635.3880,4952,1344,55937,306000000,1728000
1791127635.4381,4952,1336,55812,306000000,1728000
1791127635.4882,4952,1336,55875,306000000,1728000
1791127635.5383,4952,1360,55875,306000000,1728000
1791127635.5884,4952,1352,55812,306000000,1728000
1791127635.6385,4952,1344,56031,306000000,1728000
1791127635.6886,4952,1352,55781,306000000,1728000
1791127635.7387,4952,1352,56031,306000000,729600
1791127635.7888,4952,1344,55906,306000000,1036800
1791127635.8389,4960,1336,55968,306000000,1728000
1791127635.8890,4960,1328,55875,306000000,1728000
1791127635.9391,4952,1336,55906,306000000,806400
1791127635.9892,4952,1336,55812,306000000,1728000
1791127636.0393,4952,1328,55875,306000000,1728000
1791127636.0894,4952,1336,56062,306000000,1267200
1791127636.1395,4952,1352,55875,306000000,1728000
1791127636.1896,4952,1352,56031,306000000,1728000
1791127636.2397,4952,1344,55875,306000000,1728000
1791127636.2898,4952,1336,56031,306000000,1728000
1791127636.3399,4952,1344,55843,306000000,1728000
1791127636.3900,4952,1344,56000,306000000,1728000
1791127636.4401,4952,1344,55781,306000000,1728000
1791127636.4902,4952,1336,55968,306000000,1728000
1791127636.5403,4952,1344,55937,306000000,1728000
1791127636.5904,4952,1352,55968,306000000,1728000
1791127636.6405,4952,1352,56000,306000000,1728000
1791127636.6906,4952,1360,55906,306000000,960000
1791127636.7407,4952,1368,56031,306000000,1728000
1791127636.7908,4952,1360,55875,306000000,1728000
1791127636.8409,4952,1352,55937,306000000,1728000
1791127636.8910,4952,1360,55875,306000000,1728000
1791127636.9411,4952,1360,56031,306000000,1113600
1791127636.9912,4952,1344,55937,306000000,1728000
1791127637.0413,4952,1344,55875,306000000,1728000
1791127637.0914,4952,1352,56031,306000000,729600
1791127637.1415,4952,1352,55812,306000000,1728000
1791127637.1916,4952,1352,56000,306000000,1728000
1791127637.2417,4952,1376,55843,306000000,1728000
1791127637.2918,4952,1368,55906,306000000,1728000
1791127637.3419,4952,1360,55812,306000000,1728000
1791127637.3920,4952,1360,55843,306000000,1728000
1791127637.4420,4952,1368,55843,306000000,1728000
1791127637.4921,4952,1360,55875,306000000,1728000
1791127637.5422,4952,1352,56031,306000000,1728000
1791127637.5923,4952,1352,55875,306000000,1728000
1791127637.6424,4952,1360,56062,306000000,1728000
1791127637.6925,4952,1352,55812,306000000,1728000
1791127637.7426,4952,1344,55968,306000000,1267200
1791127637.7927,4952,1368,55750,306000000,1728000
1791127637.8428,4952,1352,55937,306000000,1344000
1791127637.8929,4952,1344,56312,306000000,1728000
1791127637.9430,4952,1336,56250,306000000,1728000
1791127637.9931,4960,1328,56218,306000000,1728000
1791127638.0432,4960,1328,56187,306000000,1728000
1791127638.0933,4960,1320,56062,306000000,1728000
1791127638.1434,4960,1312,55968,306000000,1728000
1791127638.1935,4960,1320,56031,306000000,1728000
1791127638.2436,4952,1336,55906,306000000,1728000
1791127638.2937,4952,1352,55968,306000000,1728000
1791127638.3438,4952,1384,55781,306000000,1728000
1791127638.3939,4952,1384,55906,306000000,1728000
1791127638.4439,4952,1392,56125,306000000,1728000
1791127638.4940,4952,1384,55937,306000000,1728000
1791127638.5441,4952,1392,56031,306000000,1728000
1791127638.5942,4952,1392,56000,306000000,1728000
1791127638.6443,4952,1384,56031,306000000,1728000
1791127638.6944,4952,1384,55906,306000000,1728000
1791127638.7445,4952,1384,55906,306000000,1728000
1791127638.7946,4952,1368,55843,306000000,1728000
1791127638.8447,4952,1368,55937,306000000,1728000
1791127638.8948,4952,1384,55812,306000000,1728000
1791127638.9449,4952,1376,55843,306000000,1728000
1791127638.9950,4952,1376,56062,306000000,1728000
1791127639.0451,4952,1376,55875,306000000,1728000
1791127639.0952,4952,1368,56000,306000000,1728000
1791127639.1452,4952,1360,55812,306000000,1728000
1791127639.1953,4952,1360,55968,306000000,1728000
1791127639.2454,4952,1360,55781,306000000,1728000
1791127639.2955,4952,1352,55843,306000000,1728000
1791127639.3456,4952,1344,55843,306000000,1728000
1791127639.3957,4952,1352,55937,306000000,1728000
1791127639.4458,4952,1368,56031,306000000,1728000
1791127639.4959,4952,1368,55875,306000000,1728000
1791127639.5460,4952,1368,56093,306000000,1728000
1791127639.5961,4952,1368,55906,306000000,1728000
1791127639.6462,4952,1360,56000,306000000,1728000
1791127639.6963,4952,1352,55843,306000000,1728000
1791127639.7464,4952,1360,55968,306000000,1728000
1791127639.7965,4952,1360,55875,306000000,1728000
1791127639.8466,4952,1352,55906,306000000,806400
1791127639.8967,4952,1344,56031,306000000,1728000
1791127639.9468,4952,1336,55875,306000000,1728000
1791127639.9969,4952,1352,55937,306000000,1420800
1791127640.0470,4952,1360,55875,306000000,1728000
1791127640.0971,4952,1352,55906,306000000,1728000
1791127640.1472,4952,1352,55843,306000000,883200
1791127640.1973,4952,1360,55937,306000000,729600
1791127640.2474,4952,1352,55843,306000000,1728000
1791127640.2975,4952,1360,55906,306000000,1728000
1791127640.3476,4952,1360,55812,306000000,1728000
1791127640.3977,4952,1352,55875,306000000,1728000
1791127640.4478,4952,1352,56031,306000000,1728000
1791127640.4979,4952,1360,55843,306000000,1728000
1791127640.5480,4952,1368,56031,306000000,1728000
1791127640.5981,4952,1376,55875,306000000,1728000
1791127640.6482,4952,1376,55937,306000000,1728000
1791127640.6983,4952,1384,55781,306000000,1728000
1791127640.7484,4952,1368,55937,306000000,1728000
1791127640.7984,4952,1368,55906,306000000,1036800
1791127640.8486,4952,1376,55875,306000000,1728000
1791127640.8986,4952,1360,56062,306000000,1728000
1791127640.9487,4952,1352,55937,306000000,1728000
1791127640.9988,4952,1360,56031,306000000,806400
1791127641.0489,4952,1360,55875,306000000,1728000
1791127641.0991,4952,1360,56000,306000000,1267200
1791127641.1492,4952,1384,55875,306000000,806400
1791127641.1993,4952,1376,55937,306000000,1728000
1791127641.2494,4952,1360,55906,306000000,1728000
1791127641.2995,4952,1368,55968,306000000,1728000
1791127641.3496,4952,1368,56093,306000000,1728000
1791127641.3997,4952,1360,56000,306000000,1728000
1791127641.4498,4952,1352,55937,306000000,1728000
1791127641.4999,4952,1368,55906,306000000,1728000
1791127641.5500,4952,1360,55937,306000000,1728000
1791127641.6001,4952,1352,55843,306000000,1728000
1791127641.6502,4952,1360,56000,306000000,1728000
1791127641.7003,4952,1376,55843,306000000,1728000
1791127641.7504,4952,1376,55906,306000000,1728000
1791127641.8005,4952,1376,56031,306000000,1728000
1791127641.8506,4952,1368,55875,306000000,1728000
1791127641.9006,4952,1360,56062,306000000,1728000
1791127641.9507,4952,1368,55875,306000000,1728000
1791127642.0008,4952,1368,55937,306000000,1728000
1791127642.0509,4952,1360,55875,306000000,1728000
1791127642.1010,4952,1360,56000,306000000,1728000
1791127642.1511,4952,1360,55875,306000000,729600
1791127642.2012,4952,1352,55968,306000000,1728000
1791127642.2513,4952,1360,56000,306000000,1728000
1791127642.3014,4952,1368,55937,306000000,883200
1791127642.3515,4952,1360,56031,306000000,1728000
1791127642.4016,4952,1360,55937,306000000,1728000
1791127642.4517,4952,1352,56000,306000000,1728000
1791127642.5018,4952,1352,55875,306000000,1728000
1791127642.5519,4952,1352,55968,306000000,1728000
1791127642.6021,4952,1344,55843,306000000,1036800
1791127642.6522,4960,1336,55906,306000000,1728000
1791127642.7023,4960,1344,55843,306000000,1728000
1791127642.7524,4952,1344,55843,306000000,1728000
1791127642.8025,4952,1352,56000,306000000,1728000
1791127642.8526,4952,1352,55875,306000000,1728000
1791127642.9027,4952,1360,56000,306000000,806400
1791127642.9528,4952,1360,56000,306000000,1728000
1791127643.0029,4952,1352,55906,306000000,1728000
1791127643.0530,4960,1344,55906,306000000,1728000
1791127643.1031,4952,1352,55937,306000000,883200
1791127643.1532,4952,1352,55875,306000000,1728000
1791127643.2033,4960,1344,55906,306000000,1728000
1791127643.2534,4960,1336,56031,306000000,1728000
1791127643.3035,4960,1336,56000,306000000,1728000
1791127643.3536,4952,1352,56031,306000000,1728000
1791127643.4037,4952,1360,55875,306000000,1728000
1791127643.4538,4952,1352,55968,306000000,1728000
1791127643.5039,4952,1352,55812,306000000,1728000
1791127643.5540,4952,1360,56000,306000000,1113600
1791127643.6041,4952,1352,55937,306000000,1728000
1791127643.6542,4952,1352,55906,306000000,1728000
1791127643.7043,4952,1360,56062,306000000,1728000
1791127643.7544,4952,1352,55906,306000000,1728000
1791127643.8045,4952,1344,56062,306000000,1728000
1791127643.8546,4952,1344,55937,306000000,1728000
1791127643.9047,4952,1352,56062,306000000,1728000
1791127643.9548,4952,1368,55906,306000000,1728000
1791127644.0049,4952,1352,55937,306000000,1728000
1791127644.0550,4952,1344,55875,306000000,1728000
1791127644.1051,4952,1352,55937,306000000,1728000
1791127644.1552,4952,1352,56031,306000000,1728000
1791127644.2053,4952,1344,55843,306000000,1728000
1791127644.2554,4952,1352,56031,306000000,1728000
1791127644.3055,4952,1352,55843,306000000,1036800
1791127644.3556,4952,1344,56031,306000000,1728000
1791127644.4057,4952,1344,55906,306000000,1728000
1791127644.4558,4952,1352,55968,306000000,1728000
1791127644.5059,4952,1360,55875,306000000,1728000
1791127644.5560,4952,1360,55968,306000000,1728000
1791127644.6061,4952,1360,55812,306000000,883200
1791127644.6562,4952,1360,55906,306000000,1728000
1791127644.7063,4952,1352,56000,306000000,1728000
1791127644.7564,4952,1344,55843,306000000,1728000
1791127644.8065,4952,1352,55937,306000000,806400
1791127644.8566,4952,1352,56000,306000000,1728000
1791127644.9067,4952,1344,56000,306000000,1728000
1791127644.9568,4952,1352,55843,306000000,1728000
1791127645.0068,4952,1360,55968,306000000,1036800
1791127645.0569,4952,1360,55875,306000000,1728000
1791127645.1071,4952,1352,55937,306000000,1728000
1791127645.1572,4952,1360,56031,306000000,1728000
1791127645.2073,4952,1360,55875,306000000,1728000
1791127645.2574,4952,1352,56093,306000000,1728000
1791127645.3075,4952,1360,55812,306000000,1728000
1791127645.3576,4952,1360,56031,306000000,1728000
1791127645.4077,4952,1352,55812,306000000,1728000
1791127645.4578,4952,1344,55906,306000000,1728000
1791127645.5079,4952,1344,55875,306000000,1728000
1791127645.5579,4952,1352,56000,306000000,1036800
1791127645.6080,4952,1344,56031,306000000,1728000
1791127645.6582,4952,1352,55968,306000000,1036800
1791127645.7083,4952,1352,56000,306000000,1728000
1791127645.7583,4952,1352,55906,306000000,1728000
1791127645.8084,4952,1344,56000,306000000,1728000
1791127645.8585,4952,1352,55812,306000000,1728000
1791127645.9086,4952,1360,56031,306000000,1728000
1791127645.9587,4952,1344,55906,306000000,1728000
1791127646.0088,4960,1344,55937,306000000,1728000
1791127646.0589,4952,1352,55875,306000000,1728000
1791127646.1090,4952,1352,55875,306000000,1728000
1791127646.1591,4952,1352,56031,306000000,1728000
1791127646.2092,4952,1368,55906,306000000,960000
1791127646.2593,4952,1368,56031,306000000,1728000
1791127646.3093,4952,1360,55906,306000000,1728000
1791127646.3594,4952,1360,55968,306000000,1728000
1791127646.4095,4952,1368,55937,306000000,1728000
1791127646.4596,4952,1360,56000,306000000,1728000
1791127646.5097,4952,1360,55906,306000000,1728000
1791127646.5598,4952,1368,55968,306000000,1728000
1791127646.6099,4952,1360,56000,306000000,1728000
1791127646.6600,4952,1344,55906,306000000,1728000
1791127646.7101,4952,1360,56031,306000000,1190400
1791127646.7602,4952,1376,55906,306000000,1728000
1791127646.8103,4952,1360,56000,306000000,1728000
1791127646.8604,4952,1368,55812,306000000,1728000
1791127646.9105,4952,1368,55906,306000000,1728000
1791127646.9606,4952,1360,55843,306000000,1728000
1791127647.0107,4952,1352,55937,306000000,1728000
1791127647.0608,4952,1360,56093,306000000,1728000
1791127647.1108,4952,1352,55812,306000000,1728000
1791127647.1609,4952,1344,56000,306000000,1728000
1791127647.2111,4952,1344,55843,306000000,1728000
1791127647.2611,4952,1352,55968,306000000,1728000
1791127647.3112,4952,1360,55875,306000000,1420800
1791127647.3613,4952,1360,55906,306000000,1728000
1791127647.4115,4952,1368,55843,306000000,883200
1791127647.4616,4952,1368,55937,306000000,1728000
1791127647.5116,4952,1352,56093,306000000,1728000
1791127647.5617,4952,1360,55906,306000000,1036800
1791127647.6119,4952,1360,56031,306000000,1728000
1791127647.6619,4952,1352,55843,306000000,1728000
1791127647.7120,4952,1344,55968,306000000,1728000
1791127647.7621,4952,1352,55812,306000000,1728000
1791127647.8123,4952,1360,55968,306000000,1036800
1791127647.8624,4952,1360,55812,306000000,1728000
1791127647.9125,4952,1376,55875,306000000,1728000
1791127647.9626,4952,1376,55906,306000000,1728000
1791127648.0126,4952,1368,55906,306000000,1728000
1791127648.0627,4952,1360,56031,306000000,1728000
1791127648.1128,4952,1368,55906,306000000,1728000
1791127648.1629,4952,1360,56031,306000000,1036800
1791127648.2130,4952,1352,55875,306000000,1728000
1791127648.2631,4960,1344,56031,306000000,1036800
1791127648.3132,4952,1344,55875,306000000,1728000
1791127648.3633,4952,1352,55937,306000000,1728000
1791127648.4134,4952,1352,55875,306000000,1344000
1791127648.4635,4952,1360,55937,306000000,1728000
1791127648.5136,4952,1360,56031,306000000,1728000
1791127648.5637,4952,1352,55875,306000000,1728000
1791127648.6138,4952,1352,56000,306000000,1728000
1791127648.6639,4952,1352,55875,306000000,1728000
1791127648.7140,4952,1352,55968,306000000,1728000
1791127648.7641,4952,1344,55843,306000000,1728000
1791127648.8142,4952,1344,55937,306000000,1728000
1791127648.8643,4952,1344,55781,306000000,1728000
1791127648.9144,4952,1344,55906,306000000,1728000
1791127648.9645,4952,1344,56031,306000000,1728000
1791127649.0146,4952,1360,55875,306000000,1728000
1791127649.0647,4952,1360,55968,306000000,1036800
1791127649.1148,4952,1352,55937,306000000,1728000
1791127649.1649,4952,1344,56031,306000000,1728000
1791127649.2150,4952,1344,55968,306000000,1036800
1791127649.2651,4952,1352,55906,306000000,1728000
1791127649.3152,4952,1344,55875,306000000,1728000
1791127649.3652,4952,1336,55968,306000000,1728000
1791127649.4153,4952,1336,56031,306000000,806400
1791127649.4654,4952,1344,55968,306000000,1728000
1791127649.5155,4952,1336,56031,306000000,1190400
1791127649.5656,4952,1360,56000,306000000,1728000
1791127649.6157,4952,1360,56000,306000000,1728000
1791127649.6658,4952,1352,55812,306000000,1728000
1791127649.7159,4952,1352,56000,306000000,1728000
1791127649.7660,4952,1352,55875,306000000,1728000
1791127649.8161,4952,1352,55968,306000000,1728000
1791127649.8662,4952,1344,55937,306000000,1728000
1791127649.9163,4952,1352,55968,306000000,1728000
1791127649.9664,4952,1352,56031,306000000,1728000
1791127650.0165,4952,1344,55875,306000000,1728000
1791127650.0666,4952,1336,56000,306000000,1728000
1791127650.1167,4952,1376,55843,306000000,1728000
1791127650.1668,4952,1376,55968,306000000,1728000
1791127650.2169,4952,1344,55812,306000000,1728000
1791127650.2670,4952,1328,55906,306000000,1728000
1791127650.3171,4960,1312,56281,306000000,1728000
1791127650.3672,4960,1296,55937,306000000,1728000
1791127650.4172,4960,1288,56031,306000000,1728000
1791127650.4673,4960,1280,56062,306000000,1728000
1791127650.5174,4960,1272,56156,306000000,1728000
1791127650.5675,4960,1264,55968,306000000,1728000
1791127650.6176,4960,1256,56000,306000000,1728000
1791127650.6677,4960,1264,56156,306000000,1728000
1791127650.7178,4960,1256,56125,306000000,1728000
1791127650.7679,4960,1256,56281,306000000,1728000
1791127650.8180,4960,1248,56062,306000000,1728000
1791127650.8681,4960,1240,56406,306000000,1728000
1791127650.9182,4960,1240,56000,306000000,1728000
1791127650.9683,4960,1232,56187,306000000,1728000
1791127651.0184,4960,1232,56375,306000000,1728000
1791127651.0684,4960,1224,56250,306000000,1728000
1791127651.1185,4960,1224,55906,306000000,1728000
1791127651.1686,4960,1224,56031,306000000,1728000
1791127651.2187,4960,1232,56312,306000000,1728000
1791127651.2688,4960,1232,56093,306000000,1728000
1791127651.3189,4960,1232,56218,306000000,1728000
1791127651.3690,4960,1224,55968,306000000,1728000
1791127651.4191,4960,1224,56281,306000000,1728000
1791127651.4692,4960,1224,56000,306000000,1728000
1791127651.5193,4960,1216,56125,306000000,1728000
1791127651.5694,4960,1216,56281,306000000,1728000
1791127651.6195,4960,1216,56250,306000000,1728000
1791127651.6696,4960,1216,56343,306000000,1728000
1791127651.7196,4960,1216,55968,306000000,1728000
1791127651.7697,4960,1224,56187,306000000,1728000
1791127651.8198,4960,1224,56062,306000000,1728000
1791127651.8699,4960,1224,56187,306000000,1728000
1791127651.9200,4960,1224,55875,306000000,1728000
1791127651.9701,4960,1216,56031,306000000,1728000
1791127652.0202,4960,1216,56000,306000000,1728000
1791127652.0703,4960,1216,56218,306000000,1728000
1791127652.1204,4960,1208,56187,306000000,1728000
1791127652.1705,4960,1208,56031,306000000,1728000
1791127652.2205,4960,1208,56312,306000000,1728000
1791127652.2706,4960,1216,55937,306000000,1728000
1791127652.3207,4960,1232,56125,306000000,1728000
1791127652.3708,4960,1240,56156,306000000,1728000
1791127652.4209,4960,1248,56218,306000000,1728000
1791127652.4710,4960,1264,56125,306000000,1728000
1791127652.5211,4960,1256,55968,306000000,1728000
1791127652.5713,4960,1256,55843,306000000,1728000
1791127652.6214,4960,1248,55937,306000000,1728000
