1791129736.1516,4968,992,57843,306000000,1728000
1791129736.2017,4968,1048,58218,306000000,1728000
1791129736.2518,4968,1104,58500,306000000,1728000
1791129736.3019,4968,1120,58218,306000000,1728000
1791129736.3519,4968,1128,58218,306000000,1728000
1791129736.4020,4960,1136,58125,306000000,1728000
1791129736.4521,4960,1144,58000,306000000,1728000
1791129736.5022,4960,1160,57843,306000000,1728000
1791129736.5523,4960,1176,58218,306000000,1728000
1791129736.6024,4960,1184,57812,306000000,1728000
1791129736.6524,4960,1184,57843,306000000,1728000
1791129736.7025,4960,1192,57906,306000000,1728000
1791129736.7526,4960,1192,57906,306000000,1728000
1791129736.8027,4960,1192,57937,306000000,1728000
1791129736.8528,4960,1192,57875,306000000,1728000
1791129736.9029,4960,1200,58000,306000000,1728000
1791129736.9530,4960,1200,57875,306000000,1728000
1791129737.0030,4960,1200,58000,306000000,1728000
1791129737.0531,4960,1208,58218,306000000,1728000
1791129737.1032,4960,1216,58000,1020000000,1728000
1791129737.1533,4960,1224,58218,306000000,1728000
1791129737.2034,4960,1224,58218,306000000,1728000
1791129737.2535,4960,1216,58031,306000000,1728000
1791129737.3035,4960,1224,58187,306000000,1728000
1791129737.3536,4960,1232,58062,306000000,1728000
1791129737.4037,4960,1256,57906,306000000,1728000
1791129737.4538,4960,1272,58000,306000000,1728000
1791129737.5038,4960,1280,57781,306000000,1728000
1791129737.5539,4960,1296,57875,306000000,1728000
1791129737.6040,4960,1304,57781,306000000,1728000
1791129737.6541,4952,1320,57875,306000000,1728000
1791129737.7042,4952,1328,57937,306000000,1728000
1791129737.7543,4952,1336,57812,306000000,1728000
1791129737.8044,4952,1344,57968,306000000,1728000
1791129737.8545,4952,1336,57875,306000000,1728000
1791129737.9046,4952,1336,57968,306000000,1728000
1791129737.9547,4952,1328,57812,306000000,1344000
1791129738.0048,4952,1328,57968,306000000,1728000
1791129738.0549,4952,1320,57750,306000000,1267200
1791129738.1050,4960,1312,57875,306000000,1728000
1791129738.1551,4960,1320,57812,306000000,1344000
1791129738.2052,4952,1328,57968,306000000,1728000
1791129738.2553,4960,1328,57875,306000000,1728000
1791129738.3054,4960,1312,57781,306000000,1728000
1791129738.3555,4960,1312,57937,306000000,1420800
1791129738.4056,4960,1312,57812,306000000,1344000
1791129738.4557,4960,1312,57906,306000000,1728000
1791129738.5058,4960,1304,57718,306000000,1728000
1791129738.5559,4960,1304,57843,306000000,1728000
1791129738.6059,4960,1312,57781,306000000,1344000
1791129738.6560,4960,1304,57968,306000000,1728000
1791129738.7061,4960,1296,57718,306000000,1728000
1791129738.7562,4960,1312,57781,306000000,1728000
1791129738.8063,4960,1312,58000,306000000,1344000
1791129738.8564,4960,1312,57781,306000000,1728000
1791129738.9065,4960,1304,57937,306000000,1728000
1791129738.9566,4960,1304,57781,306000000,1728000
1791129739.0067,4960,1296,57781,306000000,1728000
1791129739.0568,4960,1304,57718,306000000,1728000
1791129739.1069,4960,1304,57812,306000000,1728000
1791129739.1570,4960,1304,57718,306000000,1728000
1791129739.2071,4960,1296,57781,306000000,1728000
1791129739.2572,4960,1296,57968,306000000,1728000
1791129739.3073,4960,1304,57718,306000000,1420800
1791129739.3574,4960,1312,57875,306000000,1728000
1791129739.4075,4960,1304,57750,306000000,1728000
1791129739.4576,4960,1304,57875,306000000,1728000
1791129739.5076,4960,1304,57750,306000000,1728000
1791129739.5577,4960,1296,57843,306000000,1728000
1791129739.6078,4960,1288,57750,306000000,1728000
1791129739.6579,4960,1288,57750,306000000,1728000
1791129739.7080,4960,1288,57906,306000000,1728000
1791129739.7581,4960,1288,57750,306000000,1728000
1791129739.8082,4960,1288,57875,306000000,1728000
1791129739.8583,4960,1296,57781,306000000,1728000
1791129739.9084,4960,1296,57843,306000000,1728000
1791129739.9584,4960,1296,57656,306000000,1728000
1791129740.0085,4960,1296,57812,306000000,1728000
1791129740.0586,4960,1288,57750,306000000,1728000
1791129740.1087,4960,1288,57781,306000000,1728000
1791129740.1588,4960,1288,57968,306000000,1728000
1791129740.2088,4960,1288,57718,306000000,1728000
1791129740.2589,4960,1280,57906,306000000,1728000
1791129740.3090,4960,1288,57750,306000000,1728000
1791129740.3591,4960,1288,57750,306000000,1728000
1791129740.4092,4960,1296,57687,306000000,1728000
1791129740.4593,4960,1304,57843,306000000,1728000
1791129740.5093,4960,1296,57718,306000000,1728000
1791129740.5594,4960,1296,57812,306000000,1728000
1791129740.6095,4960,1296,57687,306000000,1728000
1791129740.6596,4960,1288,57812,306000000,1728000
1791129740.7097,4960,1288,57937,306000000,1728000
1791129740.7597,4960,1288,57750,306000000,1728000
1791129740.8098,4960,1288,57843,306000000,1728000
1791129740.8599,4960,1288,57781,306000000,1728000
1791129740.9100,4960,1288,57781,306000000,1728000
1791129740.9601,4960,1296,57718,306000000,1728000
1791129741.0102,4960,1304,57812,306000000,1728000
1791129741.0603,4960,1296,57843,306000000,1728000
1791129741.1103,4960,1296,57750,306000000,1728000
1791129741.1604,4960,1296,57937,306000000,1728000
1791129741.2105,4960,1296,57750,306000000,1728000
1791129741.2606,4960,1288,57937,306000000,1728000
1791129741.3106,4960,1288,57687,306000000,1728000
1791129741.3607,4960,1288,57843,306000000,1728000
1791129741.4108,4960,1288,57625,306000000,1728000
1791129741.4609,4960,1280,57781,306000000,1728000
1791129741.5109,4960,1288,57625,306000000,1036800
1791129741.5611,4960,1288,57687,306000000,1728000
1791129741.6111,4960,1288,57843,306000000,1728000
1791129741.6612,4960,1296,57718,306000000,1728000
1791129741.7113,4960,1288,57875,306000000,1728000
1791129741.7614,4960,1280,57750,306000000,1728000
1791129741.8115,4960,1280,57687,306000000,1728000
1791129741.8615,4960,1280,57625,306000000,1728000
1791129741.9116,4960,1272,57656,306000000,1728000
1791129741.9617,4960,1280,57625,306000000,1728000
1791129742.0118,4960,1280,57593,306000000,1728000
1791129742.0619,4960,1272,57875,306000000,1728000
1791129742.1120,4960,1288,57687,306000000,1728000
1791129742.1621,4960,1296,57875,306000000,1728000
1791129742.2121,4960,1288,57625,306000000,1728000
1791129742.2622,4960,1288,57781,306000000,1728000
1791129742.3123,4960,1288,57562,306000000,1728000
1791129742.3624,4960,1288,57656,306000000,1728000
1791129742.4125,4960,1280,57656,306000000,1728000
1791129742.4625,4960,1280,57625,306000000,1728000
1791129742.5126,4960,1280,57781,306000000,1728000
1791129742.5627,4960,1272,57656,306000000,1728000
1791129742.6128,4960,1272,57750,306000000,1728000
1791129742.6629,4960,1288,57656,306000000,1344000
1791129742.7130,4960,1288,57656,306000000,1728000
1791129742.7631,4960,1280,57750,306000000,1728000
1791129742.8132,4960,1280,57750,306000000,1728000
1791129742.8632,4960,1280,57656,306000000,1728000
1791129742.9133,4960,1272,57593,306000000,1728000
1791129742.9634,4960,1272,57843,306000000,1728000
1791129743.0135,4960,1280,57718,306000000,1728000
1791129743.0636,4960,1304,57750,306000000,1728000
1791129743.1137,4960,1312,57718,306000000,1728000
1791129743.1637,4960,1312,57656,306000000,1728000
1791129743.2138,4960,1320,57625,306000000,1728000
1791129743.2639,4952,1328,57656,306000000,1728000
1791129743.3140,4952,1328,57562,306000000,1728000
1791129743.3641,4952,1320,57656,306000000,1728000
1791129743.4142,4952,1320,57812,306000000,1728000
1791129743.4643,4952,1320,57593,306000000,1267200
1791129743.5144,4960,1312,57687,306000000,1728000
1791129743.5645,4960,1304,57656,306000000,1728000
1791129743.6146,4960,1304,57781,306000000,1728000
1791129743.6647,4960,1304,57562,306000000,1728000
1791129743.7148,4960,1304,57656,306000000,1728000
1791129743.7649,4960,1312,57687,306000000,1728000
1791129743.8150,4960,1320,57656,306000000,1728000
1791129743.8651,4960,1312,57531,306000000,1728000
1791129743.9152,4960,1312,57593,306000000,1728000
1791129743.9653,4960,1312,57750,306000000,1728000
1791129744.0154,4960,1312,57656,306000000,1728000
1791129744.0655,4960,1304,57750,306000000,1728000
1791129744.1156,4960,1304,57625,306000000,1728000
1791129744.1657,4960,1296,57656,306000000,1728000
1791129744.2158,4960,1296,57593,306000000,1728000
1791129744.2658,4960,1296,57593,306000000,1728000
1791129744.3159,4960,1304,57562,306000000,1728000
1791129744.3660,4960,1320,57656,306000000,1344000
1791129744.4161,4960,1312,57843,306000000,1728000
1791129744.4662,4960,1304,57625,306000000,1728000
1791129744.5163,4960,1304,57875,306000000,1728000
1791129744.5664,4960,1304,57625,306000000,1344000
1791129744.6165,4960,1296,57750,306000000,1728000
1791129744.6666,4960,1296,57500,306000000,1728000
1791129744.7167,4960,1296,57593,306000000,1728000
1791129744.7668,4960,1296,57562,306000000,1728000
1791129744.8169,4960,1288,57625,306000000,1728000
1791129744.8670,4960,1288,57875,306000000,1728000
1791129744.9181,4960,1304,57687,306000000,1728000
1791129744.9681,4960,1304,57750,306000000,1728000
1791129745.0182,4960,1304,57593,306000000,1728000
1791129745.0683,4960,1304,57718,306000000,1728000
1791129745.1184,4960,1296,57656,306000000,1728000
1791129745.1685,4960,1296,57656,306000000,1420800
1791129745.2186,4960,1296,57656,306000000,1190400
1791129745.2687,4960,1288,57656,306000000,1728000
1791129745.3188,4960,1288,57593,306000000,1728000
1791129745.3688,4960,1288,57625,306000000,1728000
1791129745.4189,4960,1288,57781,306000000,1728000
1791129745.4690,4960,1296,57593,306000000,1728000
1791129745.5191,4960,1304,57750,306000000,1728000
1791129745.5692,4960,1304,57531,306000000,1420800
1791129745.6193,4960,1304,57687,306000000,1267200
1791129745.6694,4960,1296,57625,306000000,1728000
1791129745.7195,4960,1296,57656,306000000,1728000
1791129745.7696,4960,1304,57562,306000000,1420800
1791129745.8197,4960,1296,57593,306000000,1728000
1791129745.8698,4960,1296,57562,306000000,1728000
1791129745.9199,4960,1296,57593,306000000,1728000
1791129745.9700,4960,1304,57687,306000000,1420800
1791129746.0201,4952,1304,57531,306000000,1728000
1791129746.0702,4952,1312,57750,306000000,1728000
1791129746.1203,4960,1304,57562,306000000,1728000
1791129746.1704,4960,1304,57718,306000000,1728000
1791129746.2205,4960,1304,57593,306000000,1420800
1791129746.2706,4960,1304,57562,306000000,1190400
1791129746.3207,4960,1296,57562,306000000,1728000
1791129746.3708,4960,1296,57593,306000000,1728000
1791129746.4209,4960,1304,57781,306000000,1728000
1791129746.4710,4960,1304,57625,306000000,1267200
1791129746.5211,4960,1296,57593,306000000,1728000
1791129746.5712,4960,1304,57593,306000000,1420800
1791129746.6213,4952,1312,57593,306000000,1728000
1791129746.6714,4960,1312,57625,306000000,1420800
1791129746.7214,4960,1304,57593,306000000,1190400
1791129746.7715,4960,1304,57500,306000000,1728000
1791129746.8216,4960,1304,57593,306000000,1728000
1791129746.8717,4960,1304,57687,306000000,1728000
1791129746.9218,4960,1304,57500,306000000,1728000
1791129746.9719,4960,1296,57718,306000000,1728000
1791129747.0220,4960,1296,57468,306000000,1728000
1791129747.0721,4960,1296,57656,306000000,1728000
1791129747.1222,4952,1304,57468,306000000,1728000
1791129747.1723,4952,1312,57531,306000000,1728000
1791129747.2224,4960,1304,57531,306000000,1728000
1791129747.2725,4960,1304,57562,306000000,1728000
1791129747.3226,4952,1304,57718,306000000,1728000
1791129747.3727,4960,1304,57593,306000000,1728000
1791129747.4228,4952,1304,57687,306000000,1728000
1791129747.4729,4960,1296,57468,306000000,1728000
1791129747.5230,4960,1296,57625,306000000,1728000
1791129747.5730,4960,1296,57562,306000000,1344000
1791129747.6231,4960,1296,57531,306000000,1728000
1791129747.6733,4960,1288,57468,306000000,1728000
1791129747.7234,4960,1296,57531,306000000,1728000
1791129747.7734,4960,1304,57656,306000000,1420800
1791129747.8235,4960,1304,57562,306000000,1728000
1791129747.8736,4960,1304,57625,306000000,1728000
1791129747.9237,4960,1296,57531,306000000,1728000
1791129747.9738,4960,1296,57687,306000000,1728000
1791129748.0239,4960,1296,57500,306000000,1728000
1791129748.0740,4960,1296,57531,306000000,1728000
1791129748.1240,4960,1296,57468,306000000,1728000
1791129748.1741,4960,1288,57500,306000000,1728000
1791129748.2242,4960,1288,57718,306000000,1728000
1791129748.2743,4952,1304,57468,306000000,1728000
1791129748.3244,4952,1304,57687,306000000,1728000
1791129748.3745,4952,1304,57500,306000000,1728000
1791129748.4246,4952,1296,57656,306000000,1728000
1791129748.4747,4960,1296,57500,306000000,1344000
1791129748.5248,4960,1296,57593,306000000,1728000
1791129748.5749,4960,1296,57468,306000000,1190400
1791129748.6250,4960,1288,57531,306000000,1728000
1791129748.6751,4960,1296,57468,306000000,1728000
1791129748.7252,4960,1296,57500,306000000,1344000
1791129748.7753,4960,1288,57656,306000000,1190400
1791129748.8254,4960,1296,57468,306000000,1728000
1791129748.8755,4960,1296,57625,306000000,1728000
1791129748.9256,4960,1296,57562,306000000,1344000
1791129748.9757,4960,1296,57593,306000000,1728000
1791129749.0258,4960,1288,57468,306000000,1728000
1791129749.0759,4960,1296,57500,306000000,1728000
1791129749.1260,4960,1296,57468,306000000,1728000
1791129749.1760,4960,1296,57531,306000000,1728000
1791129749.2261,4960,1288,57593,306000000,1728000
1791129749.2762,4960,1288,57500,306000000,1728000
1791129749.3263,4960,1288,57625,306000000,1728000
1791129749.3764,4960,1304,57531,306000000,1728000
1791129749.4265,4960,1304,57531,306000000,1728000
1791129749.4766,4960,1296,57468,306000000,1728000
1791129749.5267,4960,1304,57562,306000000,1344000
1791129749.5767,4960,1296,57468,306000000,1728000
1791129749.6268,4960,1288,57500,306000000,1728000
1791129749.6769,4960,1288,57687,306000000,1728000
1791129749.7271,4960,1288,57468,306000000,1036800
1791129749.7772,4960,1288,57593,306000000,1728000
1791129749.8273,4960,1288,57531,306000000,1728000
1791129749.8774,4960,1288,57718,306000000,1728000
1791129749.9275,4960,1296,57687,306000000,1728000
1791129749.9776,4952,1304,57500,306000000,1190400
1791129750.0277,4960,1304,57468,306000000,1728000
1791129750.0778,4960,1296,57468,306000000,1728000
1791129750.1279,4960,1296,57625,306000000,1728000
1791129750.1780,4960,1304,57437,306000000,1728000
1791129750.2280,4960,1296,57625,306000000,1728000
1791129750.2781,4960,1296,57468,306000000,1728000
1791129750.3282,4960,1288,57625,306000000,1728000
1791129750.3783,4960,1296,57406,306000000,1113600
1791129750.4284,4960,1296,57500,306000000,1728000
1791129750.4785,4960,1296,57468,306000000,1728000
1791129750.5286,4960,1296,57468,306000000,1728000
1791129750.5787,4960,1296,57593,306000000,1728000
1791129750.6288,4960,1296,57500,306000000,1728000
1791129750.6789,4960,1296,57625,306000000,1728000
1791129750.7290,4960,1288,57468,306000000,1728000
1791129750.7790,4960,1288,57531,306000000,1728000
1791129750.8291,4960,1288,57468,306000000,1728000
1791129750.8792,4960,1288,57468,306000000,1728000
1791129750.9293,4960,1280,57468,306000000,1728000
1791129750.9794,4960,1280,57531,306000000,1728000
1791129751.0295,4960,1280,57375,306000000,1344000
1791129751.0796,4960,1288,57468,306000000,1728000
1791129751.1297,4960,1288,57687,306000000,1344000
1791129751.1798,4960,1288,57468,306000000,1728000
1791129751.2299,4960,1280,57531,306000000,1728000
1791129751.2799,4960,1280,57468,306000000,1728000
1791129751.3300,4960,1280,57500,306000000,1728000
1791129751.3801,4960,1280,57468,306000000,1728000
1791129751.4302,4960,1272,57468,306000000,1728000
1791129751.4802,4960,1280,57468,306000000,1728000
1791129751.5303,4960,1280,57468,306000000,1728000
1791129751.5804,4960,1280,57625,306000000,1728000
1791129751.6305,4960,1288,57406,306000000,1728000
1791129751.6805,4960,1288,57562,306000000,1728000
1791129751.7306,4960,1288,57468,306000000,1728000
1791129751.7807,4960,1280,57562,306000000,1728000
1791129751.8308,4960,1280,57468,306000000,1728000
1791129751.8809,4960,1280,57531,306000000,1728000
1791129751.9310,4960,1280,57468,306000000,1728000
1791129751.9810,4960,1280,57468,306000000,1728000
1791129752.0311,4960,1280,57531,306000000,1728000
1791129752.0812,4960,1288,57437,306000000,1728000
1791129752.1313,4960,1280,57531,306000000,1728000
1791129752.1814,4960,1288,57468,306000000,1344000
1791129752.2315,4960,1296,57468,306000000,1728000
1791129752.2816,4960,1296,57468,306000000,1728000
1791129752.3317,4960,1288,57531,306000000,1728000
1791129752.3817,4960,1280,57375,306000000,1728000
1791129752.4318,4960,1280,57406,306000000,1728000
1791129752.4819,4960,1280,57468,306000000,1728000
1791129752.5320,4960,1296,57437,306000000,1728000
1791129752.5821,4960,1304,57625,306000000,1728000
1791129752.6322,4960,1312,57437,306000000,1728000
1791129752.6822,4960,1320,57531,306000000,1728000
1791129752.7323,4960,1320,57468,306000000,1728000
1791129752.7825,4952,1336,57468,306000000,1728000
1791129752.8325,4952,1328,57406,306000000,1728000
1791129752.8826,4952,1328,57468,306000000,1728000
1791129752.9327,4952,1320,57531,306000000,1728000
1791129752.9828,4952,1312,57468,306000000,1728000
1791129753.0329,4952,1312,57531,306000000,1728000
1791129753.0830,4952,1312,57406,306000000,1728000
1791129753.1330,4960,1304,57531,306000000,1728000
1791129753.1831,4960,1296,57375,306000000,1728000
1791129753.2332,4960,1296,57343,306000000,1728000
1791129753.2833,4960,1304,57437,306000000,1728000
1791129753.3334,4960,1304,57468,306000000,1728000
1791129753.3834,4960,1304,57531,306000000,1728000
1791129753.4335,4960,1304,57375,306000000,1728000
1791129753.4836,4960,1296,57593,306000000,1728000
1791129753.5337,4960,1296,57406,306000000,1728000
1791129753.5838,4960,1296,57531,306000000,1728000
1791129753.6338,4960,1296,57375,306000000,1728000
1791129753.6839,4960,1288,57500,306000000,1728000
1791129753.7340,4960,1288,57343,306000000,1728000
1791129753.7841,4960,1296,57406,306000000,1728000
1791129753.8342,4960,1296,57312,306000000,1728000
1791129753.8843,4960,1296,57375,306000000,1344000
1791129753.9344,4960,1296,57500,306000000,1728000
1791129753.9845,4960,1296,57406,306000000,1728000
1791129754.0345,4960,1288,57531,306000000,1728000
1791129754.0846,4960,1288,57343,306000000,1728000
1791129754.1347,4960,1288,57500,306000000,1728000
1791129754.1848,4960,1296,57343,306000000,1728000
1791129754.2349,4960,1280,57406,306000000,1728000
1791129754.2850,4960,1288,57312,306000000,1728000
1791129754.3351,4960,1288,57375,306000000,1728000
1791129754.3851,4960,1288,57531,306000000,1728000
1791129754.4352,4960,1296,57406,306000000,1420800
1791129754.4853,4960,1296,57500,306000000,1728000
1791129754.5354,4960,1296,57375,306000000,1728000
1791129754.5855,4960,1304,57406,306000000,1728000
1791129754.6356,4960,1296,57343,306000000,1728000
1791129754.6857,4960,1296,57437,306000000,1728000
1791129754.7358,4960,1296,57343,306000000,1728000
1791129754.7858,4960,1296,57375,306000000,1728000
1791129754.8359,4960,1296,57593,306000000,1728000
1791129754.8860,4960,1296,57375,306000000,1728000
1791129754.9361,4960,1288,57468,306000000,1728000
1791129754.9862,4960,1304,57312,306000000,1728000
1791129755.0363,4960,1304,57468,306000000,1728000
1791129755.0864,4960,1296,57343,306000000,1728000
1791129755.1365,4960,1296,57437,306000000,1728000
1791129755.1866,4960,1296,57343,306000000,1728000
1791129755.2366,4960,1296,57406,306000000,1728000
1791129755.2867,4960,1288,57437,306000000,1728000
1791129755.3368,4960,1288,57250,306000000,1728000
1791129755.3869,4960,1288,57468,306000000,1728000
1791129755.4370,4960,1288,57375,306000000,1728000
1791129755.4871,4960,1280,57406,306000000,1728000
1791129755.5372,4960,1288,57281,306000000,1344000
1791129755.5873,4960,1296,57468,306000000,1728000
1791129755.6374,4960,1296,57343,306000000,1728000
1791129755.6874,4960,1288,57406,306000000,1728000
1791129755.7375,4960,1288,57562,306000000,1728000
1791129755.7876,4960,1288,57406,306000000,1728000
1791129755.8377,4960,1288,57468,306000000,1728000
1791129755.8878,4960,1288,57406,306000000,1728000
1791129755.9379,4960,1288,57406,306000000,1728000
1791129755.9880,4960,1280,57312,306000000,1728000
1791129756.0380,4960,1288,57406,306000000,1728000
1791129756.0881,4960,1280,57281,306000000,1728000
1791129756.1382,4960,1296,57437,306000000,1728000
1791129756.1883,4960,1288,57531,306000000,1728000
1791129756.2384,4960,1288,57375,306000000,1728000
1791129756.2885,4960,1288,57468,306000000,1728000
1791129756.3386,4960,1288,57343,306000000,1728000
1791129756.3887,4960,1288,57406,306000000,1728000
1791129756.4387,4960,1288,57312,306000000,1728000
1791129756.4888,4960,1288,57406,306000000,1728000
1791129756.5389,4960,1288,57343,306000000,1728000
1791129756.5890,4960,1280,57375,306000000,1728000
1791129756.6391,4960,1288,57312,306000000,1728000
1791129756.6892,4960,1304,57281,306000000,1728000
1791129756.7393,4960,1288,57500,306000000,1728000
1791129756.7893,4960,1288,57343,306000000,1728000
1791129756.8394,4960,1288,57468,306000000,1728000
1791129756.8895,4960,1288,57281,306000000,1728000
1791129756.9396,4960,1288,57375,306000000,1728000
1791129756.9896,4960,1280,57312,306000000,1728000
1791129757.0397,4960,1280,57406,306000000,1728000
1791129757.0898,4960,1280,57468,306000000,1728000
1791129757.1399,4960,1272,57312,306000000,1728000
1791129757.1900,4960,1272,57468,306000000,1728000
1791129757.2401,4960,1288,57312,306000000,1728000
1791129757.2901,4960,1288,57437,306000000,1728000
1791129757.3402,4960,1280,57281,306000000,1728000
1791129757.3903,4960,1280,57250,306000000,1728000
1791129757.4404,4960,1280,57343,306000000,1728000
1791129757.4905,4960,1280,57343,306000000,1728000
1791129757.5405,4960,1272,57468,306000000,1728000
1791129757.5906,4960,1272,57343,306000000,1728000
1791129757.6407,4960,1280,57437,306000000,1728000
1791129757.6908,4960,1288,57312,306000000,1728000
1791129757.7409,4960,1280,57406,306000000,1728000
1791129757.7910,4960,1296,57375,306000000,1728000
1791129757.8411,4960,1296,57375,306000000,1728000
1791129757.8912,4960,1296,57218,306000000,1728000
1791129757.9413,4960,1288,57375,306000000,1728000
1791129757.9913,4960,1288,57281,306000000,1728000
1791129758.0414,4960,1280,57312,306000000,1728000
1791129758.0915,4960,1280,57375,306000000,1728000
1791129758.1416,4960,1280,57312,306000000,1728000
1791129758.1917,4960,1280,57406,306000000,1728000
1791129758.2418,4960,1288,57281,306000000,1728000
1791129758.2919,4960,1280,57406,306000000,1728000
1791129758.3419,4960,1288,57312,306000000,1728000
1791129758.3920,4960,1296,57375,306000000,1728000
1791129758.4421,4960,1296,57281,306000000,1728000
1791129758.4922,4960,1296,57250,306000000,1728000
1791129758.5423,4960,1288,57468,306000000,1728000
1791129758.5924,4960,1288,57375,306000000,1728000
1791129758.6425,4960,1288,57406,306000000,1728000
1791129758.6926,4960,1280,57250,306000000,1728000
1791129758.7426,4960,1280,57343,306000000,1728000
1791129758.7927,4960,1280,57312,306000000,1728000
1791129758.8428,4960,1288,57250,306000000,1728000
1791129758.8929,4960,1288,57281,306000000,1728000
1791129758.9430,4960,1296,57343,306000000,1728000
1791129758.9931,4960,1296,57406,306000000,1728000
1791129759.0431,4960,1312,57312,306000000,1728000
1791129759.0932,4960,1304,57406,306000000,1728000
1791129759.1433,4960,1304,57343,306000000,1728000
1791129759.1934,4960,1304,57437,306000000,1728000
1791129759.2435,4960,1296,57281,306000000,1728000
1791129759.2936,4960,1296,57343,306000000,1728000
1791129759.3437,4960,1288,57250,306000000,1728000
1791129759.3937,4960,1288,57312,306000000,1728000
1791129759.4439,4960,1288,57437,306000000,1728000
1791129759.4940,4960,1296,57250,306000000,1728000
1791129759.5440,4960,1304,57437,306000000,1728000
1791129759.5941,4960,1296,57312,306000000,1728000
1791129759.6442,4960,1288,57375,306000000,1728000
1791129759.6943,4960,1288,57343,306000000,1728000
1791129759.7444,4960,1296,57312,306000000,1728000
1791129759.7944,4960,1288,57312,306000000,1728000
1791129759.8445,4960,1280,57312,306000000,1728000
1791129759.8946,4960,1280,57468,306000000,1728000
1791129759.9447,4960,1280,57281,306000000,1728000
1791129759.9948,4960,1280,57343,306000000,1728000
1791129760.0449,4960,1288,57218,306000000,1728000
1791129760.0950,4960,1288,57406,306000000,1728000
1791129760.1450,4960,1288,57218,306000000,1728000
1791129760.1951,4960,1280,57281,306000000,1728000
1791129760.2452,4960,1288,57250,306000000,1728000
1791129760.2953,4960,1288,57312,306000000,1728000
1791129760.3454,4960,1280,57187,306000000,1728000
1791129760.3955,4960,1280,57250,306000000,1728000
1791129760.4456,4960,1280,57375,306000000,1728000
1791129760.4956,4960,1280,57281,306000000,1728000
1791129760.5457,4960,1280,57406,306000000,1728000
1791129760.5958,4960,1296,57187,306000000,1728000
1791129760.6459,4960,1296,57375,306000000,1728000
1791129760.6960,4960,1296,57281,306000000,1728000
1791129760.7461,4960,1296,57343,306000000,1728000
1791129760.7962,4960,1288,57187,306000000,1728000
1791129760.8462,4960,1288,57281,306000000,1728000
1791129760.8963,4960,1296,57343,306000000,1728000
1791129760.9464,4960,1288,57250,306000000,1728000
1791129760.9965,4960,1280,57343,306000000,1728000
1791129761.0466,4960,1280,57187,306000000,1728000
1791129761.0966,4960,1280,57312,306000000,1728000
1791129761.1467,4960,1288,57250,306000000,1728000
1791129761.1968,4960,1288,57375,306000000,1728000
1791129761.2469,4960,1288,57312,306000000,1728000
1791129761.2970,4960,1288,57250,306000000,1728000
1791129761.3471,4960,1288,57437,306000000,1728000
1791129761.3972,4960,1280,57218,306000000,1728000
1791129761.4473,4960,1288,57375,306000000,1728000
1791129761.4974,4960,1288,57218,306000000,1728000
1791129761.5474,4960,1288,57281,306000000,1728000
1791129761.5975,4960,1288,57218,306000000,1728000
1791129761.6476,4960,1280,57281,306000000,1728000
1791129761.6977,4960,1288,57250,306000000,1497600
1791129761.7478,4960,1288,57281,306000000,1728000
1791129761.7979,4960,1280,57375,306000000,1728000
1791129761.8480,4960,1280,57218,306000000,1728000
1791129761.8981,4960,1288,57406,306000000,1728000
1791129761.9481,4960,1304,57187,306000000,1728000
1791129761.9982,4960,1312,57281,306000000,1728000
1791129762.0483,4960,1320,57218,306000000,1728000
1791129762.0984,4952,1320,57312,306000000,1728000
1791129762.1485,4952,1320,57218,306000000,1728000
1791129762.1986,4960,1320,57250,306000000,1728000
1791129762.2486,4952,1320,57406,306000000,1728000
1791129762.2988,4952,1328,57281,306000000,1728000
1791129762.3488,4952,1328,57375,306000000,1728000
1791129762.3989,4952,1328,57218,306000000,1728000
1791129762.4490,4952,1320,57250,306000000,1728000
1791129762.4991,4960,1312,57156,306000000,1728000
1791129762.5492,4960,1312,57281,306000000,1728000
1791129762.5993,4960,1312,57187,306000000,1728000
1791129762.6494,4960,1304,57218,306000000,1728000
1791129762.6994,4960,1296,57218,306000000,1728000
1791129762.7495,4960,1296,57218,306000000,1728000
1791129762.7996,4960,1304,57312,306000000,1728000
1791129762.8497,4960,1304,57281,306000000,1728000
1791129762.8998,4960,1304,57312,306000000,1728000
1791129762.9499,4960,1304,57156,306000000,1728000
1791129763.0000,4960,1296,57250,306000000,1728000
1791129763.0500,4960,1288,57250,306000000,1728000
1791129763.1001,4960,1288,57250,306000000,1728000
1791129763.1502,4960,1296,57062,306000000,1728000
1791129763.2003,4960,1296,57218,306000000,1728000
1791129763.2504,4960,1288,57406,306000000,1728000
1791129763.3005,4960,1288,57218,306000000,1728000
1791129763.3506,4960,1296,57343,306000000,1728000
1791129763.4007,4960,1304,57125,306000000,1497600
1791129763.4507,4960,1296,57312,306000000,1728000
1791129763.5008,4960,1296,57125,306000000,1728000
1791129763.5509,4960,1296,57218,306000000,1728000
1791129763.6010,4960,1288,57187,306000000,1728000
1791129763.6511,4960,1288,57218,306000000,1728000
1791129763.7012,4960,1296,57312,306000000,1728000
1791129763.7513,4960,1296,57218,306000000,1728000
1791129763.8014,4960,1288,57406,306000000,1728000
1791129763.8514,4960,1288,57125,306000000,1728000
1791129763.9015,4960,1288,57250,306000000,1728000
1791129763.9516,4960,1304,57187,306000000,1728000
1791129764.0017,4960,1304,57250,306000000,1728000
1791129764.0518,4960,1296,57125,306000000,1728000
1791129764.1019,4960,1288,57218,306000000,1728000
1791129764.1519,4960,1296,57343,306000000,1728000
1791129764.2020,4960,1280,57156,306000000,1728000
1791129764.2521,4960,1280,57312,306000000,1728000
1791129764.3022,4960,1280,57156,306000000,1728000
1791129764.3523,4960,1288,57218,306000000,1728000
1791129764.4023,4960,1288,57125,306000000,1728000
1791129764.4524,4960,1280,57250,306000000,1728000
1791129764.5025,4960,1288,57187,306000000,1728000
1791129764.5526,4960,1296,57187,306000000,1728000
1791129764.6027,4960,1296,57312,306000000,1728000
1791129764.6528,4960,1288,57156,306000000,1728000
1791129764.7029,4960,1288,57343,306000000,1728000
1791129764.7529,4960,1288,57187,306000000,1728000
1791129764.8030,4960,1280,57250,306000000,1728000
1791129764.8531,4960,1280,57062,306000000,1728000
1791129764.9032,4960,1280,57250,306000000,1728000
1791129764.9533,4960,1280,57093,306000000,1728000
1791129765.0034,4960,1280,57218,306000000,1728000
1791129765.0535,4960,1288,57156,306000000,1728000
1791129765.1036,4960,1296,57156,306000000,1728000
1791129765.1536,4960,1296,57312,306000000,1728000
1791129765.2037,4960,1288,57093,306000000,1728000
1791129765.2538,4960,1288,57281,306000000,1728000
1791129765.3039,4960,1288,57187,306000000,1728000
1791129765.3540,4960,1288,57218,306000000,1728000
1791129765.4041,4960,1288,57125,306000000,1728000
1791129765.4542,4960,1288,57218,306000000,1728000
1791129765.5042,4960,1288,57062,306000000,1728000
1791129765.5543,4960,1288,57250,306000000,1728000
1791129765.6044,4960,1288,57156,306000000,1344000
1791129765.6545,4960,1304,57125,306000000,1728000
1791129765.7046,4960,1296,57218,306000000,1728000
1791129765.7547,4960,1288,57156,306000000,1728000
1791129765.8048,4960,1288,57187,306000000,1728000
1791129765.8549,4960,1296,57125,306000000,1728000
1791129765.9050,4960,1296,57187,306000000,1728000
1791129765.9551,4960,1288,57062,306000000,1728000
1791129766.0051,4960,1296,57125,306000000,1728000
1791129766.0552,4960,1296,57218,306000000,1728000
1791129766.1053,4960,1288,57062,306000000,1728000
1791129766.1554,4960,1288,57312,306000000,1267200
1791129766.2055,4960,1296,57156,306000000,1728000
1791129766.2556,4960,1304,57187,306000000,1728000
1791129766.3057,4960,1296,57187,306000000,1728000
1791129766.3558,4960,1288,57156,306000000,1728000
1791129766.4059,4960,1288,57093,306000000,1728000
1791129766.4560,4960,1280,57125,306000000,1728000
1791129766.5061,4960,1280,57281,306000000,1728000
1791129766.5561,4960,1280,57125,306000000,1728000
1791129766.6062,4960,1280,57312,306000000,1728000
1791129766.6563,4960,1280,57031,306000000,1728000
1791129766.7064,4960,1272,57312,306000000,1728000
1791129766.7565,4960,1288,57031,306000000,1728000
1791129766.8066,4960,1280,57156,306000000,1728000
1791129766.8567,4960,1280,57031,306000000,1728000
1791129766.9067,4960,1280,57093,306000000,1728000
1791129766.9568,4960,1280,57343,306000000,1728000
1791129767.0069,4960,1280,57093,306000000,1728000
1791129767.0570,4960,1280,57218,306000000,1728000
1791129767.1071,4960,1280,57062,306000000,1728000
1791129767.1572,4960,1280,57187,306000000,1728000
1791129767.2072,4960,1272,57062,306000000,1728000
1791129767.2573,4960,1280,57156,306000000,1728000
1791129767.3074,4960,1288,57000,306000000,1267200
1791129767.3575,4960,1296,57187,306000000,1728000
1791129767.4076,4960,1288,57093,306000000,1728000
1791129767.4577,4960,1288,57125,306000000,1728000
1791129767.5078,4960,1288,57281,306000000,1728000
1791129767.5578,4960,1280,57062,306000000,1728000
1791129767.6079,4960,1280,57156,306000000,1728000
1791129767.6580,4960,1288,57062,306000000,1728000
1791129767.7081,4960,1280,57187,306000000,1728000
1791129767.7581,4960,1272,57125,306000000,1728000
1791129767.8082,4960,1280,57156,306000000,1728000
1791129767.8583,4960,1296,57000,306000000,1728000
1791129767.9084,4960,1296,57062,306000000,1728000
1791129767.9585,4960,1288,57281,306000000,1728000
1791129768.0086,4960,1288,57093,306000000,1728000
1791129768.0587,4960,1296,57187,306000000,1728000
1791129768.1088,4960,1288,57031,306000000,1728000
1791129768.1588,4960,1280,57125,306000000,1728000
1791129768.2089,4960,1280,57093,306000000,1728000
1791129768.2590,4960,1288,57093,306000000,1728000
1791129768.3091,4960,1280,57031,306000000,1728000
1791129768.3592,4960,1280,57125,306000000,1728000
1791129768.4093,4960,1288,57250,306000000,1728000
1791129768.4594,4960,1296,57093,306000000,1728000
1791129768.5095,4960,1288,57218,306000000,1728000
1791129768.5595,4960,1296,57031,306000000,1728000
1791129768.6096,4960,1296,57187,306000000,1728000
1791129768.6597,4960,1296,57031,306000000,1728000
1791129768.7098,4960,1288,57125,306000000,1728000
1791129768.7610,4960,1288,57062,306000000,1728000
1791129768.8111,4960,1296,57156,306000000,1728000
1791129768.8612,4960,1296,57218,306000000,1728000
1791129768.9113,4960,1288,57125,306000000,1728000
1791129768.9614,4960,1288,57218,306000000,1728000
1791129769.0115,4960,1304,57062,306000000,1728000
1791129769.0616,4960,1304,57218,306000000,1728000
1791129769.1116,4960,1296,57031,306000000,1728000
1791129769.1617,4960,1296,57218,306000000,1728000
1791129769.2118,4960,1296,57062,306000000,1728000
1791129769.2619,4960,1296,57156,306000000,1728000
1791129769.3120,4960,1296,57250,306000000,1728000
1791129769.3620,4960,1288,57093,306000000,1728000
1791129769.4121,4960,1288,57250,306000000,1728000
1791129769.4622,4960,1288,57062,306000000,1728000
1791129769.5123,4960,1288,57187,306000000,1728000
1791129769.5624,4960,1296,57062,306000000,1728000
1791129769.6125,4960,1296,57156,306000000,1728000
1791129769.6626,4960,1304,57000,306000000,1728000
1791129769.7127,4960,1296,57093,306000000,1728000
1791129769.7628,4960,1296,57000,306000000,1728000
1791129769.8129,4960,1288,57125,306000000,1728000
1791129769.8629,4960,1296,57250,306000000,1728000
1791129769.9130,4960,1288,57093,306000000,1728000
1791129769.9631,4960,1280,57187,306000000,1728000
1791129770.0131,4960,1280,57031,306000000,1728000
1791129770.0632,4960,1288,57125,306000000,1728000
1791129770.1133,4960,1304,57000,306000000,1728000
1791129770.1634,4960,1296,57062,306000000,1728000
1791129770.2135,4960,1296,57000,306000000,1728000
1791129770.2636,4960,1288,57031,306000000,1728000
1791129770.3136,4960,1288,57218,306000000,1728000
1791129770.3637,4960,1280,56968,306000000,1728000
1791129770.4138,4960,1288,57187,306000000,1728000
1791129770.4639,4960,1280,57125,306000000,1728000
1791129770.5140,4960,1288,57093,306000000,1728000
1791129770.5641,4960,1280,57000,306000000,1728000
1791129770.6142,4960,1280,57062,306000000,1728000
1791129770.6643,4960,1288,57000,306000000,1728000
1791129770.7144,4960,1288,57093,306000000,1728000
1791129770.7644,4960,1288,57156,306000000,1728000
1791129770.8145,4960,1296,57000,306000000,1728000
1791129770.8646,4960,1296,57187,306000000,1728000
1791129770.9147,4960,1288,57093,306000000,1728000
1791129770.9648,4960,1288,57125,306000000,1728000
1791129771.0148,4960,1288,57000,306000000,1728000
1791129771.0649,4960,1296,57093,306000000,1728000
1791129771.1150,4960,1296,57062,306000000,1728000
1791129771.1651,4960,1288,57031,306000000,1728000
1791129771.2152,4960,1296,57250,306000000,1728000
1791129771.2653,4960,1304,57000,306000000,1728000
1791129771.3154,4960,1296,57187,306000000,1728000
1791129771.3655,4960,1288,57000,306000000,1728000
1791129771.4156,4960,1296,57125,306000000,1728000
1791129771.4656,4960,1288,56937,306000000,1728000
1791129771.5157,4960,1288,57156,306000000,1728000
1791129771.5658,4960,1288,56968,306000000,1728000
1791129771.6159,4960,1288,57156,306000000,1728000
1791129771.6660,4960,1288,57187,306000000,1728000
1791129771.7161,4960,1280,56968,306000000,1728000
1791129771.7662,4960,1296,57250,306000000,1728000
1791129771.8163,4960,1304,57062,306000000,1728000
1791129771.8664,4960,1296,57093,306000000,1728000
1791129771.9165,4960,1296,56968,306000000,1728000
1791129771.9665,4960,1296,57093,306000000,1728000
1791129772.0166,4960,1288,57000,306000000,1728000
1791129772.0667,4960,1280,57062,306000000,1728000
1791129772.1168,4960,1288,56968,306000000,1728000
1791129772.1668,4960,1288,57000,306000000,1728000
1791129772.2169,4960,1280,57156,306000000,1728000
1791129772.2670,4960,1280,57062,306000000,1728000
1791129772.3171,4960,1280,57000,306000000,1728000
1791129772.3672,4960,1288,57031,306000000,1728000
1791129772.4173,4960,1296,57062,306000000,1728000
1791129772.4674,4960,1296,56937,306000000,1728000
1791129772.5175,4960,1288,57000,306000000,1728000
1791129772.5676,4960,1288,56968,306000000,1728000
1791129772.6177,4960,1288,57062,306000000,1728000
1791129772.6678,4960,1296,57187,306000000,1728000
1791129772.7179,4960,1288,56906,306000000,1728000
1791129772.7679,4960,1288,57156,306000000,1728000
1791129772.8180,4960,1288,57000,306000000,1728000
1791129772.8681,4960,1288,57093,306000000,1190400
1791129772.9183,4960,1296,56968,306000000,1344000
1791129772.9683,4960,1288,57000,306000000,1728000
1791129773.0184,4960,1288,56906,306000000,1728000
1791129773.0685,4960,1288,57000,306000000,1728000
1791129773.1186,4960,1288,57156,306000000,1728000
1791129773.1687,4960,1288,57000,306000000,1728000
1791129773.2188,4960,1288,57093,306000000,1728000
1791129773.2688,4960,1288,56968,306000000,1728000
1791129773.3189,4960,1280,57093,306000000,1728000
1791129773.3690,4960,1280,56968,306000000,1728000
1791129773.4191,4960,1280,57125,306000000,1728000
1791129773.4692,4960,1288,57000,306000000,1728000
1791129773.5193,4960,1288,57000,306000000,1728000
1791129773.5694,4960,1288,57187,306000000,1728000
1791129773.6195,4960,1304,57000,306000000,1728000
1791129773.6695,4952,1312,57187,306000000,1728000
1791129773.7196,4952,1320,57031,306000000,1728000
1791129773.7697,4952,1328,57062,306000000,1728000
1791129773.8198,4952,1328,57000,306000000,1728000
1791129773.8699,4952,1328,57093,306000000,1728000
1791129773.9200,4952,1328,57031,306000000,1728000
1791129773.9700,4960,1320,57031,306000000,1728000
1791129774.0201,4952,1328,57125,306000000,1728000
1791129774.0702,4952,1328,57031,306000000,1728000
1791129774.1203,4960,1328,57093,306000000,1728000
1791129774.1704,4960,1312,57062,306000000,1728000
1791129774.2205,4960,1320,57031,306000000,1728000
1791129774.2706,4960,1312,57000,306000000,1728000
1791129774.3206,4960,1312,57031,306000000,1728000
1791129774.3707,4960,1296,57000,306000000,1728000
1791129774.4208,4960,1296,57031,306000000,1728000
1791129774.4709,4960,1296,56968,306000000,1728000
1791129774.5210,4960,1304,57000,306000000,1728000
1791129774.5711,4960,1312,57093,306000000,1113600
1791129774.6212,4960,1304,56906,306000000,1728000
1791129774.6713,4960,1304,57093,306000000,1728000
1791129774.7213,4960,1304,56937,306000000,1728000
1791129774.7714,4960,1296,57000,306000000,1728000
1791129774.8215,4960,1288,57031,306000000,1728000
1791129774.8716,4960,1288,57062,306000000,1728000
1791129774.9216,4960,1288,56937,306000000,1728000
1791129774.9717,4960,1288,57000,306000000,1728000
1791129775.0218,4960,1280,57125,306000000,1728000
1791129775.0719,4960,1288,57000,306000000,1728000
1791129775.1220,4960,1288,57093,306000000,1728000
1791129775.1721,4960,1296,56968,306000000,1728000
1791129775.2222,4960,1296,57031,306000000,1728000
1791129775.2723,4960,1288,56968,306000000,1728000
1791129775.3223,4960,1288,57031,306000000,1728000
1791129775.3724,4960,1288,56968,306000000,1728000
1791129775.4225,4960,1288,57000,306000000,1728000
1791129775.4726,4960,1288,57187,306000000,1728000
1791129775.5227,4960,1288,57031,306000000,1728000
1791129775.5728,4960,1280,57093,306000000,1728000
1791129775.6229,4960,1288,56937,306000000,1728000
1791129775.6730,4960,1296,57062,306000000,1728000
1791129775.7231,4960,1304,57000,306000000,1728000
1791129775.7733,4960,1296,57000,306000000,1728000
1791129775.8234,4960,1296,57000,306000000,1728000
1791129775.8734,4960,1296,57062,306000000,1728000
1791129775.9235,4960,1280,57125,306000000,1728000
1791129775.9736,4960,1280,57000,306000000,1728000
1791129776.0237,4960,1280,57031,306000000,1728000
1791129776.0738,4960,1280,56937,306000000,1728000
1791129776.1239,4960,1280,57000,306000000,1728000
1791129776.1740,4960,1280,56937,306000000,1728000
1791129776.2241,4960,1288,57031,306000000,1728000
1791129776.2742,4960,1296,56937,306000000,1728000
1791129776.3243,4960,1288,56968,306000000,1728000
1791129776.3744,4960,1296,57062,306000000,1728000
1791129776.4245,4960,1288,56875,306000000,1728000
1791129776.4745,4960,1288,57000,306000000,1728000
1791129776.5246,4960,1288,56968,306000000,1728000
1791129776.5747,4960,1288,57031,306000000,1728000
1791129776.6248,4960,1280,56937,306000000,1728000
1791129776.6749,4960,1280,57000,306000000,1728000
1791129776.7249,4960,1288,56843,306000000,1728000
1791129776.7750,4960,1288,56968,306000000,1728000
1791129776.8251,4960,1296,56875,306000000,1728000
1791129776.8752,4960,1296,57031,306000000,1728000
1791129776.9253,4960,1296,57031,306000000,1728000
1791129776.9753,4960,1296,57000,306000000,1728000
1791129777.0254,4960,1296,57000,306000000,1728000
1791129777.0755,4960,1288,56937,306000000,1728000
1791129777.1256,4960,1288,57000,306000000,1728000
1791129777.1756,4960,1288,56937,306000000,1728000
1791129777.2257,4960,1288,56937,306000000,1728000
1791129777.2758,4960,1280,56843,306000000,1728000
1791129777.3258,4960,1280,57000,306000000,1728000
1791129777.3759,4960,1296,57062,306000000,1728000
1791129777.4260,4960,1296,56968,306000000,1728000
1791129777.4761,4960,1288,57031,306000000,1728000
1791129777.5263,4960,1288,56906,306000000,1728000
1791129777.5764,4960,1288,57000,306000000,1728000
1791129777.6265,4960,1288,56875,306000000,1728000
1791129777.6765,4960,1288,57000,306000000,1728000
1791129777.7266,4960,1288,56906,306000000,1728000
1791129777.7767,4960,1288,57000,306000000,1728000
1791129777.8268,4960,1288,57093,306000000,1728000
1791129777.8768,4960,1288,56906,306000000,1728000
1791129777.9269,4960,1296,57125,306000000,1728000
1791129777.9770,4960,1304,56875,306000000,1728000
1791129778.0271,4960,1304,57000,306000000,1728000
1791129778.0772,4960,1296,56906,306000000,1728000
1791129778.1273,4960,1288,57000,306000000,1728000
1791129778.1774,4960,1288,56906,306000000,1728000
1791129778.2275,4960,1288,57000,306000000,1728000
1791129778.2775,4960,1280,57093,306000000,1728000
1791129778.3276,4960,1280,57000,306000000,1728000
1791129778.3777,4960,1288,57062,306000000,1728000
1791129778.4278,4960,1280,56875,306000000,1728000
1791129778.4779,4960,1280,57000,306000000,1728000
1791129778.5280,4960,1296,56875,306000000,1728000
1791129778.5781,4960,1296,57000,306000000,1728000
1791129778.6281,4960,1288,56937,306000000,1728000
1791129778.6782,4960,1288,56968,306000000,1728000
1791129778.7283,4960,1296,57031,306000000,1728000
1791129778.7784,4960,1288,56906,306000000,1728000
1791129778.8285,4960,1288,57062,306000000,1728000
1791129778.8786,4960,1288,56875,306000000,1728000
1791129778.9286,4960,1288,57062,306000000,1728000
1791129778.9787,4960,1288,56875,306000000,1728000
1791129779.0288,4960,1288,56968,306000000,1344000
1791129779.0789,4960,1296,56812,306000000,1344000
1791129779.1290,4960,1296,56937,306000000,1728000
1791129779.1791,4960,1296,56875,306000000,1728000
1791129779.2291,4960,1288,56812,306000000,1728000
1791129779.2792,4960,1288,57000,306000000,1728000
1791129779.3293,4960,1288,56906,306000000,1728000
1791129779.3794,4960,1280,56906,306000000,1728000
1791129779.4295,4960,1280,56812,306000000,1728000
1791129779.4795,4960,1280,56937,306000000,1728000
1791129779.5296,4960,1280,56843,306000000,1728000
1791129779.5797,4960,1272,56875,306000000,1190400
1791129779.6298,4960,1288,56812,306000000,1728000
1791129779.6799,4960,1288,56968,306000000,1728000
1791129779.7299,4960,1288,57031,306000000,1728000
1791129779.7800,4960,1280,56875,306000000,1728000
1791129779.8301,4960,1280,56968,306000000,1728000
1791129779.8802,4960,1280,56875,306000000,1728000
1791129779.9303,4960,1280,56937,306000000,1728000
1791129779.9803,4960,1272,56843,306000000,1728000
1791129780.0304,4960,1280,56906,306000000,1728000
1791129780.0805,4960,1280,56875,306000000,1728000
1791129780.1306,4960,1288,56843,306000000,1728000
1791129780.1807,4960,1288,57031,306000000,1728000
1791129780.2308,4960,1296,56843,306000000,1728000
1791129780.2809,4960,1288,56937,306000000,1728000
1791129780.3310,4960,1288,56843,306000000,1728000
1791129780.3811,4960,1280,56937,306000000,1728000
1791129780.4311,4960,1280,56875,306000000,1728000
1791129780.4812,4960,1288,56906,306000000,1728000
1791129780.5313,4960,1280,56718,306000000,1728000
1791129780.5814,4960,1280,56875,306000000,1728000
1791129780.6315,4960,1288,57000,306000000,1728000
1791129780.6815,4960,1288,56875,306000000,1728000
1791129780.7316,4960,1288,56906,306000000,1728000
1791129780.7817,4960,1296,56843,306000000,1728000
1791129780.8318,4960,1296,56968,306000000,1728000
1791129780.8819,4960,1296,56812,306000000,1728000
1791129780.9320,4960,1288,56875,306000000,1728000
1791129780.9821,4960,1288,56718,306000000,1728000
1791129781.0322,4960,1288,56875,306000000,1728000
1791129781.0823,4960,1280,57000,306000000,1728000
1791129781.1323,4960,1288,56781,306000000,1344000
1791129781.1824,4960,1288,57000,306000000,1728000
1791129781.2325,4960,1280,56906,306000000,1728000
1791129781.2826,4960,1288,56875,306000000,1728000
1791129781.3327,4960,1304,56750,306000000,1728000
1791129781.3828,4960,1296,56875,306000000,1728000
1791129781.4329,4960,1288,56750,306000000,1728000
1791129781.4830,4960,1288,56843,306000000,1728000
1791129781.5330,4960,1288,56781,306000000,1728000
1791129781.5831,4960,1280,56812,306000000,1728000
1791129781.6332,4960,1280,56937,306000000,1728000
1791129781.6833,4960,1280,56781,306000000,1728000
1791129781.7334,4960,1280,56968,306000000,1728000
1791129781.7835,4960,1280,56781,306000000,1728000
1791129781.8336,4960,1288,56937,306000000,1728000
1791129781.8836,4960,1296,56750,306000000,1728000
1791129781.9337,4960,1288,56906,306000000,1728000
1791129781.9838,4960,1288,56781,306000000,1728000
1791129782.0339,4960,1288,56781,306000000,1728000
1791129782.0840,4960,1280,57000,306000000,1728000
1791129782.1340,4960,1280,56812,306000000,1728000
1791129782.1841,4960,1280,56875,306000000,1728000
1791129782.2342,4960,1280,56687,306000000,1728000
1791129782.2843,4960,1280,56875,306000000,1728000
1791129782.3344,4960,1280,56812,306000000,1728000
1791129782.3845,4960,1280,56843,306000000,1728000
1791129782.4346,4960,1296,56781,306000000,1728000
1791129782.4847,4960,1288,56875,306000000,1728000
1791129782.5347,4960,1288,56968,306000000,1728000
1791129782.5848,4960,1288,56750,306000000,1728000
1791129782.6349,4960,1280,56812,306000000,1728000
1791129782.6850,4960,1280,56812,306000000,1728000
1791129782.7351,4960,1280,56906,306000000,1728000
1791129782.7851,4960,1280,56781,306000000,1728000
1791129782.8352,4960,1280,56812,306000000,1728000
1791129782.8853,4960,1280,56718,306000000,1728000
1791129782.9354,4960,1288,56781,306000000,1728000
1791129782.9855,4960,1296,56937,306000000,1728000
1791129783.0356,4960,1296,56781,306000000,1728000
1791129783.0857,4960,1288,56843,306000000,1728000
1791129783.1358,4960,1288,56750,306000000,1728000
1791129783.1858,4960,1280,56937,306000000,1728000
1791129783.2359,4960,1280,56843,306000000,1728000
1791129783.2860,4960,1280,56843,306000000,1728000
1791129783.3361,4960,1280,56687,306000000,1728000
1791129783.3862,4960,1280,56781,306000000,1728000
1791129783.4362,4960,1272,56906,306000000,1728000
1791129783.4863,4960,1272,56750,306000000,1728000
1791129783.5364,4960,1280,56843,306000000,1728000
1791129783.5865,4960,1288,56718,306000000,1728000
1791129783.6366,4960,1280,56843,306000000,1728000
1791129783.6867,4960,1280,56687,306000000,1728000
1791129783.7368,4960,1280,56781,306000000,1728000
1791129783.7869,4960,1272,56750,306000000,1728000
1791129783.8370,4960,1272,56781,306000000,1728000
1791129783.8870,4960,1280,56750,306000000,1728000
1791129783.9371,4960,1272,56781,306000000,1728000
1791129783.9872,4960,1272,56875,306000000,1728000
1791129784.0373,4960,1280,56718,306000000,1728000
1791129784.0874,4960,1288,56843,306000000,1420800
1791129784.1375,4960,1288,56687,306000000,1728000
1791129784.1876,4960,1280,56843,306000000,1728000
1791129784.2377,4960,1288,56781,306000000,1728000
1791129784.2877,4960,1288,56781,306000000,1728000
1791129784.3378,4960,1288,56781,306000000,1728000
1791129784.3879,4960,1280,56781,306000000,1728000
1791129784.4380,4960,1280,56781,306000000,1728000
1791129784.4881,4960,1288,56718,306000000,1728000
1791129784.5382,4960,1288,56843,306000000,1728000
1791129784.5882,4960,1288,56781,306000000,1728000
1791129784.6391,4960,1280,56875,306000000,1344000
1791129784.6892,4960,1296,56656,306000000,1728000
1791129784.7393,4960,1296,56781,306000000,1728000
1791129784.7894,4960,1288,56625,306000000,1728000
1791129784.8395,4960,1288,56750,306000000,1728000
1791129784.8896,4960,1288,56812,306000000,1728000
1791129784.9396,4960,1288,56687,306000000,1728000
1791129784.9897,4960,1288,56875,306000000,1728000
1791129785.0398,4960,1280,56687,306000000,1728000
1791129785.0899,4960,1280,56843,306000000,1728000
1791129785.1400,4960,1280,56718,306000000,1728000
1791129785.1901,4960,1280,56781,306000000,1728000
1791129785.2401,4960,1296,56750,306000000,1728000
1791129785.2902,4960,1296,56750,306000000,1728000
1791129785.3403,4960,1296,56906,306000000,1728000
1791129785.3904,4960,1288,56750,306000000,1728000
1791129785.4405,4960,1288,56968,306000000,1728000
1791129785.4905,4960,1288,56625,306000000,1728000
1791129785.5406,4960,1280,56781,306000000,1728000
1791129785.5907,4960,1272,56718,306000000,1728000
1791129785.6408,4960,1280,56750,306000000,1728000
1791129785.6909,4960,1280,56656,306000000,1728000
1791129785.7409,4960,1272,56750,306000000,1728000
1791129785.7911,4960,1288,56875,306000000,1728000
1791129785.8412,4960,1288,56781,306000000,1728000
1791129785.8913,4960,1296,56875,306000000,1728000
1791129785.9413,4960,1288,56687,306000000,1728000
1791129785.9914,4960,1280,56781,306000000,1728000
1791129786.0415,4960,1288,56656,306000000,1728000
1791129786.0916,4960,1280,56718,306000000,1728000
1791129786.1417,4960,1280,56625,306000000,1728000
1791129786.1918,4960,1280,56750,306000000,1728000
1791129786.2419,4960,1280,56718,306000000,1728000
1791129786.2919,4960,1280,56718,306000000,1728000
1791129786.3420,4960,1288,56906,306000000,1728000
1791129786.3921,4960,1296,56656,306000000,1728000
1791129786.4422,4960,1288,56812,306000000,1728000
1791129786.4923,4960,1280,56718,306000000,1728000
1791129786.5424,4960,1288,56843,306000000,1728000
1791129786.5925,4960,1288,56687,306000000,1728000
1791129786.6426,4960,1288,56718,306000000,1728000
1791129786.6926,4960,1288,56656,306000000,1728000
1791129786.7427,4960,1280,56656,306000000,1728000
1791129786.7928,4960,1280,56906,306000000,1728000
1791129786.8429,4960,1280,56687,306000000,1728000
1791129786.8930,4960,1280,56781,306000000,1728000
1791129786.9431,4960,1288,56718,306000000,1728000
1791129786.9932,4960,1288,56781,306000000,1728000
1791129787.0433,4960,1288,56593,306000000,1728000
1791129787.0934,4960,1280,56687,306000000,1728000
1791129787.1435,4960,1280,56656,306000000,1728000
1791129787.1936,4960,1280,56656,306000000,1728000
1791129787.2436,4960,1280,56906,306000000,1728000
1791129787.2937,4960,1280,56718,306000000,1728000
1791129787.3438,4960,1280,56781,306000000,1728000
1791129787.3939,4960,1280,56656,306000000,1728000
1791129787.4440,4960,1280,56750,306000000,1728000
1791129787.4941,4960,1288,56687,306000000,1728000
1791129787.5442,4960,1288,56687,306000000,1728000
1791129787.5943,4960,1280,56687,306000000,1728000
1791129787.6443,4960,1272,56656,306000000,1728000
1791129787.6944,4960,1272,56843,306000000,1728000
1791129787.7445,4960,1272,56656,306000000,1728000
1791129787.7946,4960,1272,56718,306000000,1728000
1791129787.8446,4960,1264,56656,306000000,1728000
1791129787.8947,4960,1272,56781,306000000,1728000
1791129787.9448,4960,1264,56593,306000000,1728000
1791129787.9949,4960,1288,56718,306000000,1728000
1791129788.0450,4952,1312,56718,306000000,1728000
1791129788.0951,4952,1320,56718,306000000,1728000
1791129788.1452,4952,1328,56843,306000000,1728000
1791129788.1953,4952,1328,56687,306000000,1728000
1791129788.2453,4952,1328,56781,306000000,1728000
1791129788.2954,4952,1328,56625,306000000,1728000
1791129788.3455,4952,1328,56750,306000000,1728000
1791129788.3956,4952,1320,56656,306000000,1728000
1791129788.4462,4952,1320,56781,306000000,1728000
1791129788.4962,4952,1320,56750,306000000,1728000
1791129788.5463,4952,1320,56687,306000000,1267200
1791129788.5964,4952,1320,56687,306000000,1728000
1791129788.6472,4952,1312,56718,306000000,1728000
1791129788.6973,4952,1312,56812,306000000,1728000
1791129788.7474,4952,1312,56656,306000000,1728000
1791129788.7975,4960,1304,56875,306000000,1728000
1791129788.8476,4960,1296,56687,306000000,1728000
1791129788.8977,4960,1296,56687,306000000,1728000
1791129788.9478,4960,1296,56687,306000000,1728000
1791129788.9978,4960,1288,56718,306000000,1728000
1791129789.0479,4960,1288,56625,306000000,1728000
1791129789.0980,4960,1280,56656,306000000,1728000
1791129789.1481,4960,1296,56937,306000000,1728000
1791129789.1982,4960,1296,56625,306000000,1728000
1791129789.2483,4960,1304,56875,306000000,1728000
1791129789.2984,4960,1296,56656,306000000,1728000
1791129789.3485,4960,1296,56718,306000000,1728000
1791129789.3985,4960,1296,56625,306000000,1728000
1791129789.4486,4960,1296,56718,306000000,1728000
1791129789.4987,4960,1288,56562,306000000,1728000
1791129789.5488,4960,1288,56718,306000000,1728000
1791129789.5989,4960,1280,56906,306000000,1728000
1791129789.6490,4960,1280,56656,306000000,1728000
1791129789.6991,4960,1296,56843,306000000,1267200
1791129789.7492,4960,1296,56656,306000000,1728000
1791129789.7992,4960,1288,56750,306000000,1728000
1791129789.8493,4960,1288,56656,306000000,1728000
1791129789.8994,4960,1288,56656,306000000,1728000
1791129789.9495,4960,1280,56625,306000000,1728000
1791129789.9996,4960,1280,56625,306000000,1728000
1791129790.0497,4960,1280,56906,306000000,1728000
1791129790.0998,4960,1280,56718,306000000,1728000
1791129790.1498,4960,1272,56812,306000000,1728000
1791129790.1999,4960,1272,56781,306000000,1728000
1791129790.2500,4960,1288,56781,306000000,1728000
1791129790.3001,4960,1288,56656,306000000,1728000
1791129790.3502,4960,1288,56750,306000000,1728000
1791129790.4003,4960,1288,56531,306000000,1728000
1791129790.4504,4960,1288,56781,306000000,1728000
1791129790.5004,4960,1280,56875,306000000,1728000
1791129790.5505,4960,1272,56687,306000000,1728000
1791129790.6006,4960,1280,56937,306000000,1728000
1791129790.6507,4960,1272,56718,306000000,1728000
1791129790.7008,4960,1272,56718,306000000,1728000
1791129790.7509,4960,1280,56625,306000000,1728000
1791129790.8010,4960,1280,56781,306000000,1728000
1791129790.8511,4960,1288,56625,306000000,1728000
1791129790.9012,4960,1288,56750,306000000,1728000
1791129790.9513,4960,1288,56593,306000000,1728000
1791129791.0014,4960,1288,56718,306000000,1728000
1791129791.0515,4960,1280,56812,306000000,1728000
1791129791.1016,4960,1280,56625,306000000,1728000
1791129791.1516,4960,1280,56718,306000000,1728000
1791129791.2017,4960,1280,56593,306000000,1728000
1791129791.2518,4960,1280,56718,306000000,1728000
1791129791.3019,4960,1280,56593,306000000,1728000
1791129791.3520,4960,1280,56718,306000000,1190400
1791129791.4021,4960,1288,56593,306000000,1344000
1791129791.4522,4960,1288,56687,306000000,1728000
1791129791.5022,4960,1288,56718,306000000,1728000
1791129791.5523,4960,1288,56687,306000000,1728000
1791129791.6024,4960,1280,56812,306000000,1728000
1791129791.6525,4960,1280,56562,306000000,1728000
1791129791.7026,4960,1280,56687,306000000,1728000
1791129791.7526,4960,1280,56656,306000000,1728000
1791129791.8027,4960,1272,56718,306000000,1728000
1791129791.8528,4960,1272,56656,306000000,1728000
1791129791.9029,4960,1272,56625,306000000,1728000
1791129791.9530,4960,1280,56781,306000000,1728000
1791129792.0031,4960,1280,56625,306000000,1728000
1791129792.0532,4960,1280,56718,306000000,1728000
1791129792.1032,4960,1280,56625,306000000,1728000
1791129792.1533,4960,1272,56718,306000000,1728000
1791129792.2034,4960,1272,56531,306000000,1728000
1791129792.2535,4960,1272,56750,306000000,1728000
1791129792.3035,4960,1264,56593,306000000,1728000
1791129792.3536,4960,1264,56687,306000000,1728000
1791129792.4037,4960,1272,56781,306000000,1728000
1791129792.4538,4960,1264,56625,306000000,1728000
1791129792.5039,4960,1272,56812,306000000,1728000
1791129792.5540,4960,1280,56593,306000000,1728000
1791129792.6041,4960,1280,56718,306000000,1728000
1791129792.6541,4960,1272,56625,306000000,1728000
1791129792.7042,4960,1280,56687,306000000,1728000
1791129792.7543,4960,1288,56593,306000000,1728000
1791129792.8044,4960,1280,56593,306000000,1728000
1791129792.8545,4960,1280,56875,306000000,1728000
1791129792.9046,4960,1280,56562,306000000,1728000
1791129792.9546,4960,1280,56781,306000000,1728000
1791129793.0047,4960,1280,56593,306000000,1728000
1791129793.0548,4960,1280,56812,306000000,1267200
1791129793.1049,4960,1288,56500,306000000,1728000
1791129793.1550,4960,1288,56625,306000000,1728000
1791129793.2051,4960,1280,56531,306000000,1728000
1791129793.2552,4960,1280,56687,306000000,1728000
1791129793.3053,4960,1280,56625,306000000,1728000
1791129793.3553,4960,1272,56656,306000000,1728000
1791129793.4054,4960,1272,56718,306000000,1728000
1791129793.4555,4960,1280,56593,306000000,1728000
1791129793.5056,4960,1272,56718,306000000,1728000
1791129793.5557,4960,1272,56593,306000000,1728000
1791129793.6058,4960,1280,56656,306000000,1728000
1791129793.6559,4960,1288,56593,306000000,1728000
1791129793.7060,4960,1272,56718,306000000,1728000
1791129793.7560,4960,1272,56562,306000000,1728000
1791129793.8061,4960,1280,56562,306000000,1728000
1791129793.8562,4960,1280,56781,306000000,1728000
1791129793.9063,4960,1272,56531,306000000,1728000
1791129793.9564,4960,1272,56750,306000000,1728000
1791129794.0065,4960,1272,56562,306000000,1728000
1791129794.0565,4960,1272,56656,306000000,1728000
1791129794.1066,4960,1264,56593,306000000,1728000
1791129794.1567,4960,1272,56687,306000000,1728000
1791129794.2068,4960,1280,56562,306000000,1728000
1791129794.2569,4960,1280,56656,306000000,1728000
1791129794.3070,4960,1280,56718,306000000,1728000
1791129794.3571,4960,1288,56625,306000000,1728000
1791129794.4072,4960,1280,56687,306000000,1728000
1791129794.4572,4960,1280,56531,306000000,1728000
1791129794.5073,4960,1280,56625,306000000,1728000
1791129794.5574,4960,1280,56593,306000000,1728000
1791129794.6075,4960,1280,56687,306000000,1728000
1791129794.6575,4960,1272,56500,306000000,1728000
1791129794.7076,4960,1280,56562,306000000,1728000
1791129794.7577,4960,1288,56656,306000000,1728000
1791129794.8078,4960,1280,56562,306000000,1728000
1791129794.8579,4960,1280,56812,306000000,1728000
1791129794.9079,4960,1280,56531,306000000,1728000
1791129794.9580,4960,1272,56687,306000000,1728000
1791129795.0081,4960,1272,56625,306000000,1728000
1791129795.0582,4960,1272,56625,306000000,1728000
1791129795.1083,4960,1272,56531,306000000,1728000
1791129795.1584,4960,1272,56625,306000000,1728000
1791129795.2084,4960,1272,56812,306000000,1728000
1791129795.2585,4960,1280,56531,306000000,1728000
1791129795.3086,4960,1288,56718,306000000,1728000
1791129795.3587,4960,1288,56593,306000000,1728000
1791129795.4088,4960,1288,56656,306000000,1728000
1791129795.4589,4960,1288,56562,306000000,1728000
1791129795.5090,4960,1280,56656,306000000,1728000
1791129795.5591,4960,1280,56562,306000000,1728000
1791129795.6091,4960,1272,56531,306000000,1728000
1791129795.6592,4960,1264,56593,306000000,1728000
1791129795.7093,4960,1272,56593,306000000,1728000
1791129795.7594,4960,1272,56750,306000000,1728000
1791129795.8094,4960,1264,56562,306000000,1728000
1791129795.8595,4960,1272,56656,306000000,1728000
1791129795.9096,4960,1288,56593,306000000,1728000
1791129795.9597,4960,1288,56625,306000000,1728000
1791129796.0098,4960,1280,56531,306000000,1728000
1791129796.0599,4960,1280,56593,306000000,1728000
1791129796.1099,4960,1280,56531,306000000,1728000
1791129796.1600,4960,1280,56562,306000000,1728000
1791129796.2101,4960,1272,56781,306000000,1728000
1791129796.2602,4960,1280,56531,306000000,1728000
1791129796.3103,4960,1280,56625,306000000,1728000
1791129796.3604,4960,1272,56531,306000000,1728000
1791129796.4105,4960,1280,56687,306000000,1728000
1791129796.4606,4960,1288,56562,306000000,1728000
1791129796.5107,4960,1296,56656,306000000,1728000
1791129796.5607,4960,1288,56562,306000000,1728000
1791129796.6108,4960,1280,56593,306000000,1728000
1791129796.6609,4960,1288,56750,306000000,1728000
1791129796.7110,4960,1280,56562,306000000,1728000
1791129796.7611,4960,1280,56687,306000000,1728000
1791129796.8112,4960,1280,56562,306000000,1728000
1791129796.8612,4960,1272,56593,306000000,1728000
1791129796.9113,4960,1272,56593,306000000,1728000
1791129796.9614,4960,1280,56593,306000000,1728000
1791129797.0115,4960,1296,56562,306000000,1728000
1791129797.0616,4960,1288,56562,306000000,1728000
1791129797.1117,4960,1288,56718,306000000,1728000
1791129797.1618,4960,1288,56562,306000000,1728000
1791129797.2119,4960,1288,56687,306000000,1728000
1791129797.2620,4960,1280,56593,306000000,1728000
1791129797.3120,4960,1280,56656,306000000,1728000
1791129797.3621,4960,1280,56500,306000000,1728000
1791129797.4122,4960,1280,56687,306000000,1728000
1791129797.4623,4960,1280,56562,306000000,1728000
1791129797.5124,4960,1280,56562,306000000,1728000
1791129797.5625,4960,1296,56718,306000000,1728000
1791129797.6126,4960,1296,56562,306000000,1728000
1791129797.6627,4960,1296,56656,306000000,1728000
1791129797.7127,4960,1288,56531,306000000,1728000
1791129797.7628,4960,1288,56656,306000000,1728000
1791129797.8129,4960,1288,56531,306000000,1728000
1791129797.8630,4960,1288,56625,306000000,1728000
1791129797.9131,4960,1280,56562,306000000,1728000
1791129797.9632,4960,1288,56593,306000000,1728000
1791129798.0132,4960,1280,56500,306000000,1728000
1791129798.0633,4960,1288,56500,306000000,1728000
1791129798.1134,4960,1296,56687,306000000,1728000
1791129798.1635,4960,1296,56593,306000000,1728000
1791129798.2136,4960,1304,56562,306000000,1728000
1791129798.2636,4960,1304,56562,306000000,1728000
1791129798.3137,4960,1296,56687,306000000,1728000
1791129798.3638,4960,1296,56500,306000000,1728000
1791129798.4139,4960,1296,56562,306000000,1728000
1791129798.4640,4960,1288,56500,306000000,1728000
1791129798.5140,4960,1288,56562,306000000,1728000
1791129798.5641,4960,1288,56656,306000000,1728000
1791129798.6142,4960,1280,56562,306000000,1728000
1791129798.6643,4960,1288,56625,306000000,1728000
1791129798.7144,4960,1296,56562,306000000,1728000
1791129798.7645,4960,1296,56562,306000000,1728000
1791129798.8146,4960,1288,56531,306000000,1728000
1791129798.8647,4960,1288,56593,306000000,1728000
1791129798.9147,4960,1296,56531,306000000,1728000
1791129798.9648,4960,1288,56531,306000000,1728000
1791129799.0149,4960,1288,56750,306000000,1728000
1791129799.0650,4960,1288,56531,306000000,1728000
1791129799.1151,4960,1288,56718,306000000,1728000
1791129799.1652,4960,1288,56500,306000000,1728000
1791129799.2152,4960,1288,56656,306000000,1728000
1791129799.2654,4960,1296,56531,306000000,1728000
1791129799.3154,4960,1296,56500,306000000,1728000
1791129799.3655,4960,1288,56500,306000000,1728000
1791129799.4156,4960,1280,56593,306000000,1728000
1791129799.4657,4960,1280,56781,306000000,1728000
1791129799.5158,4960,1280,56531,306000000,1728000
1791129799.5659,4960,1280,56625,306000000,1728000
1791129799.6160,4960,1280,56500,306000000,1728000
1791129799.6661,4960,1280,56625,306000000,1728000
1791129799.7161,4960,1280,56500,306000000,1728000
1791129799.7662,4960,1280,56562,306000000,1728000
1791129799.8163,4960,1288,56531,306000000,1728000
1791129799.8664,4960,1288,56500,306000000,1728000
1791129799.9165,4960,1280,56750,306000000,1728000
1791129799.9666,4960,1280,56562,306000000,1728000
1791129800.0167,4960,1280,56593,306000000,1728000
1791129800.0668,4960,1280,56531,306000000,1728000
1791129800.1169,4960,1272,56625,306000000,1728000
1791129800.1670,4960,1280,56562,306000000,1728000
1791129800.2170,4960,1280,56718,306000000,1728000
1791129800.2671,4960,1280,56562,306000000,1728000
1791129800.3173,4960,1280,56562,306000000,1267200
1791129800.3674,4960,1288,56562,306000000,1344000
1791129800.4175,4960,1288,56500,306000000,1728000
1791129800.4675,4960,1280,56718,306000000,1728000
1791129800.5176,4960,1280,56468,306000000,1728000
1791129800.5677,4960,1280,56625,306000000,1728000
1791129800.6178,4960,1280,56500,306000000,1728000
1791129800.6679,4960,1280,56687,306000000,1728000
1791129800.7180,4960,1288,56500,306000000,1728000
1791129800.7681,4960,1288,56562,306000000,1728000
1791129800.8181,4960,1280,56500,306000000,1728000
1791129800.8682,4960,1280,56593,306000000,1728000
1791129800.9183,4960,1296,56687,306000000,1728000
1791129800.9684,4960,1296,56531,306000000,1728000
1791129801.0185,4960,1288,56593,306000000,1728000
1791129801.0686,4960,1288,56500,306000000,1728000
1791129801.1187,4960,1288,56562,306000000,1728000
1791129801.1688,4960,1288,56531,306000000,1728000
1791129801.2189,4960,1288,56562,306000000,1728000
1791129801.2690,4960,1280,56531,306000000,1728000
1791129801.3191,4960,1280,56562,306000000,1728000
1791129801.3691,4960,1280,56812,306000000,1728000
1791129801.4192,4960,1272,56500,306000000,1728000
1791129801.4693,4960,1288,56687,306000000,1728000
1791129801.5194,4960,1296,56531,306000000,1728000
1791129801.5695,4960,1288,56562,306000000,1728000
1791129801.6196,4960,1288,56500,306000000,1728000
1791129801.6697,4960,1288,56500,306000000,1728000
1791129801.7198,4960,1288,56500,306000000,1728000
1791129801.7699,4960,1288,56562,306000000,1728000
1791129801.8199,4960,1280,56687,306000000,1728000
1791129801.8700,4960,1280,56531,306000000,1728000
1791129801.9201,4960,1280,56656,306000000,1728000
1791129801.9702,4960,1272,56500,306000000,1728000
1791129802.0203,4960,1280,56625,306000000,1497600
1791129802.0704,4960,1288,56500,306000000,1728000
1791129802.1205,4960,1288,56531,306000000,1728000
1791129802.1706,4960,1280,56500,306000000,1728000
1791129802.2207,4960,1288,56531,306000000,1728000
1791129802.2707,4960,1288,56718,306000000,1728000
1791129802.3208,4960,1288,56625,306000000,1728000
1791129802.3709,4960,1288,56625,306000000,1728000
1791129802.4210,4960,1280,56500,306000000,1728000
1791129802.4711,4960,1288,56625,306000000,1728000
1791129802.5212,4960,1288,56500,306000000,1728000
1791129802.5713,4960,1296,56625,306000000,1344000
1791129802.6214,4960,1296,56500,306000000,1728000
1791129802.6715,4960,1296,56593,306000000,1728000
1791129802.7216,4960,1296,56500,306000000,1728000
1791129802.7716,4960,1288,56531,306000000,1728000
1791129802.8217,4960,1288,56562,306000000,1728000
1791129802.8718,4960,1288,56500,306000000,1728000
1791129802.9219,4960,1288,56562,306000000,1728000
1791129802.9720,4960,1288,56531,306000000,1728000
1791129803.0221,4960,1280,56593,306000000,1728000
1791129803.0721,4960,1288,56500,306000000,1728000
1791129803.1223,4960,1288,56593,306000000,1344000
1791129803.1723,4960,1288,56500,306000000,1344000
1791129803.2224,4960,1288,56593,306000000,1728000
1791129803.2725,4960,1296,56625,306000000,1728000
1791129803.3226,4960,1288,56500,306000000,1728000
1791129803.3727,4960,1288,56593,306000000,1728000
1791129803.4228,4960,1288,56531,306000000,1728000
1791129803.4729,4960,1288,56531,306000000,1728000
1791129803.5229,4960,1288,56500,306000000,1728000
1791129803.5730,4960,1280,56562,306000000,1728000
1791129803.6231,4960,1280,56562,306000000,1728000
1791129803.6732,4960,1280,56562,306000000,1728000
1791129803.7233,4960,1296,56656,306000000,1728000
1791129803.7734,4960,1288,56500,306000000,1728000
1791129803.8235,4960,1288,56625,306000000,1728000
1791129803.8735,4960,1288,56500,306000000,1728000
1791129803.9236,4960,1280,56562,306000000,1728000
1791129803.9737,4960,1288,56593,306000000,1728000
1791129804.0238,4960,1288,56500,306000000,1728000
1791129804.0739,4960,1280,56500,306000000,1728000
1791129804.1240,4960,1288,56500,306000000,1728000
1791129804.1741,4960,1288,56625,306000000,1728000
1791129804.2241,4960,1280,56500,306000000,1728000
1791129804.2742,4960,1288,56593,306000000,1344000
1791129804.3243,4960,1296,56531,306000000,1728000
1791129804.3744,4960,1288,56625,306000000,1728000
1791129804.4245,4960,1288,56500,306000000,1728000
1791129804.4746,4960,1288,56593,306000000,1728000
1791129804.5247,4960,1280,56531,306000000,1728000
1791129804.5747,4960,1280,56593,306000000,1728000
1791129804.6248,4960,1280,56718,306000000,1728000
1791129804.6749,4960,1280,56500,306000000,1728000
1791129804.7250,4960,1280,56625,306000000,1728000
1791129804.7751,4960,1272,56500,306000000,1728000
1791129804.8252,4960,1288,56562,306000000,1728000
1791129804.8753,4960,1296,56500,306000000,1728000
1791129804.9253,4960,1296,56500,306000000,1728000
1791129804.9754,4960,1288,56468,306000000,1728000
1791129805.0255,4960,1288,56562,306000000,1728000
1791129805.0756,4960,1288,56437,306000000,1728000
1791129805.1256,4960,1288,56500,306000000,1728000
1791129805.1757,4960,1280,56593,306000000,1728000
1791129805.2258,4960,1272,56500,306000000,1728000
1791129805.2759,4960,1280,56531,306000000,1728000
1791129805.3260,4960,1272,56500,306000000,1728000
1791129805.3761,4960,1272,56562,306000000,1728000
1791129805.4262,4960,1288,56437,306000000,1728000
1791129805.4763,4960,1288,56562,306000000,1728000
1791129805.5263,4960,1280,56500,306000000,1728000
1791129805.5764,4960,1280,56500,306000000,1728000
1791129805.6265,4960,1280,56593,306000000,1728000
1791129805.6766,4960,1280,56500,306000000,1728000
1791129805.7267,4960,1272,56562,306000000,1728000
1791129805.7768,4960,1272,56500,306000000,1728000
1791129805.8268,4960,1272,56593,306000000,1728000
1791129805.8769,4960,1272,56406,306000000,1728000
1791129805.9271,4960,1280,56562,306000000,1728000
1791129805.9772,4960,1296,56500,306000000,1728000
1791129806.0273,4960,1288,56500,306000000,1728000
1791129806.0774,4960,1288,56562,306000000,1728000
1791129806.1274,4960,1288,56468,306000000,1728000
1791129806.1775,4960,1288,56531,306000000,1728000
1791129806.2276,4960,1280,56500,306000000,1728000
1791129806.2777,4960,1280,56593,306000000,1728000
1791129806.3278,4960,1280,56437,306000000,1728000
1791129806.3779,4960,1280,56593,306000000,1728000
1791129806.4280,4960,1280,56468,306000000,1728000
1791129806.4780,4960,1280,56500,306000000,1267200
1791129806.5281,4960,1288,56593,306000000,1728000
1791129806.5782,4960,1288,56531,306000000,1728000
1791129806.6283,4960,1288,56562,306000000,1728000
1791129806.6784,4960,1280,56500,306000000,1728000
1791129806.7285,4960,1280,56500,306000000,1728000
1791129806.7786,4960,1280,56500,306000000,1728000
1791129806.8286,4960,1288,56562,306000000,1728000
1791129806.8787,4960,1304,56468,306000000,1728000
1791129806.9288,4960,1312,56500,306000000,1728000
1791129806.9789,4952,1320,56687,306000000,1728000
1791129807.0290,4952,1320,56437,306000000,1728000
1791129807.0791,4952,1336,56531,306000000,1420800
1791129807.1292,4952,1336,56500,306000000,1728000
1791129807.1793,4952,1328,56562,306000000,1728000
1791129807.2294,4952,1328,56468,306000000,1728000
1791129807.2795,4952,1328,56531,306000000,1728000
1791129807.3296,4952,1320,56500,306000000,1728000
1791129807.3797,4952,1320,56531,306000000,1728000
1791129807.4298,4952,1312,56437,306000000,1728000
1791129807.4799,4960,1312,56500,306000000,1728000
1791129807.5299,4960,1296,56562,306000000,1728000
1791129807.5800,4960,1304,56468,306000000,1728000
1791129807.6302,4960,1312,56593,306000000,1728000
1791129807.6803,4960,1312,56500,306000000,1728000
1791129807.7303,4960,1304,56500,306000000,1728000
1791129807.7804,4960,1304,56500,306000000,1728000
1791129807.8305,4960,1296,56500,306000000,1728000
1791129807.8806,4960,1288,56468,306000000,1728000
1791129807.9307,4960,1288,56593,306000000,1728000
1791129807.9807,4960,1288,56562,306000000,1728000
1791129808.0308,4960,1280,56500,306000000,1728000
1791129808.0809,4960,1280,56531,306000000,1728000
1791129808.1310,4960,1280,56500,306000000,1728000
1791129808.1811,4960,1288,56500,306000000,1728000
1791129808.2312,4960,1288,56437,306000000,1728000
1791129808.2812,4960,1288,56531,306000000,1728000
1791129808.3313,4960,1288,56500,306000000,1728000
1791129808.3814,4960,1288,56500,306000000,1728000
1791129808.4315,4960,1280,56531,306000000,1728000
1791129808.4816,4960,1288,56500,306000000,1728000
1791129808.5316,4960,1280,56593,306000000,1728000
1791129808.5817,4960,1272,56500,306000000,1728000
1791129808.6318,4960,1280,56500,306000000,1728000
1791129808.6819,4960,1280,56437,306000000,1728000
1791129808.7320,4960,1288,56500,306000000,1728000
1791129808.7821,4960,1288,56468,306000000,1728000
1791129808.8322,4960,1288,56468,306000000,1728000
1791129808.8823,4960,1288,56625,306000000,1728000
1791129808.9323,4960,1288,56531,306000000,1728000
1791129808.9824,4960,1288,56500,306000000,1728000
1791129809.0325,4960,1280,56500,306000000,1728000
1791129809.0826,4960,1288,56500,306000000,1728000
1791129809.1327,4960,1280,56468,306000000,1728000
1791129809.1827,4960,1272,56500,306000000,1728000
1791129809.2328,4960,1280,56468,306000000,1728000
1791129809.2829,4960,1288,56500,306000000,1190400
1791129809.3330,4960,1296,56625,306000000,1728000
1791129809.3831,4960,1296,56500,306000000,1728000
1791129809.4332,4960,1296,56531,306000000,1728000
1791129809.4833,4960,1296,56437,306000000,1728000
1791129809.5334,4960,1280,56562,306000000,1728000
1791129809.5834,4960,1288,56500,306000000,1728000
1791129809.6335,4960,1288,56500,306000000,1728000
1791129809.6836,4960,1288,56500,306000000,1728000
1791129809.7337,4960,1280,56562,306000000,1728000
1791129809.7838,4960,1288,56437,306000000,1728000
1791129809.8339,4960,1288,56375,306000000,1728000
1791129809.8839,4960,1296,56562,306000000,1728000
1791129809.9340,4960,1296,56468,306000000,1728000
1791129809.9841,4960,1296,56531,306000000,1728000
1791129810.0342,4960,1288,56437,306000000,1728000
1791129810.0843,4960,1288,56500,306000000,1728000
1791129810.1344,4960,1280,56468,306000000,1728000
1791129810.1844,4960,1280,56500,306000000,1728000
1791129810.2345,4960,1280,56437,306000000,1728000
1791129810.2846,4960,1272,56500,306000000,1728000
1791129810.3347,4960,1272,56500,306000000,1728000
1791129810.3848,4960,1272,56531,306000000,1728000
1791129810.4349,4960,1288,56500,306000000,1267200
1791129810.4850,4960,1288,56500,306000000,1728000
1791129810.5351,4960,1288,56562,306000000,1728000
1791129810.5852,4960,1288,56437,306000000,1728000
1791129810.6352,4960,1280,56468,306000000,1728000
1791129810.6853,4960,1280,56468,306000000,1728000
1791129810.7354,4960,1272,56500,306000000,1728000
1791129810.7855,4960,1272,56531,306000000,1728000
1791129810.8356,4960,1272,56500,306000000,1728000
1791129810.8857,4960,1280,56500,306000000,1728000
1791129810.9357,4960,1264,56500,306000000,1728000
1791129810.9858,4960,1280,56437,306000000,1728000
1791129811.0359,4960,1288,56468,306000000,1728000
1791129811.0860,4960,1288,56468,306000000,1728000
1791129811.1361,4960,1288,56437,306000000,1728000
1791129811.1862,4960,1288,56468,306000000,1728000
1791129811.2363,4960,1288,56500,306000000,1728000
1791129811.2864,4960,1288,56468,306000000,1728000
1791129811.3364,4960,1288,56656,306000000,1728000
1791129811.3865,4960,1288,56468,306000000,1728000
1791129811.4366,4960,1288,56500,306000000,1728000
1791129811.4867,4960,1288,56468,306000000,1728000
1791129811.5368,4960,1288,56500,306000000,1728000
1791129811.5869,4960,1296,56468,306000000,1728000
1791129811.6370,4960,1296,56500,306000000,1728000
1791129811.6871,4960,1296,56500,306000000,1728000
1791129811.7371,4960,1296,56500,306000000,1728000
1791129811.7872,4960,1296,56500,306000000,1728000
1791129811.8373,4960,1296,56437,306000000,1728000
1791129811.8874,4960,1288,56500,306000000,1728000
1791129811.9375,4960,1288,56468,306000000,1728000
1791129811.9875,4960,1288,56468,306000000,1728000
1791129812.0376,4960,1288,56468,306000000,1728000
1791129812.0877,4960,1288,56500,306000000,1728000
1791129812.1378,4960,1296,56437,306000000,1344000
1791129812.1879,4960,1296,56500,306000000,1728000
1791129812.2380,4960,1296,56531,306000000,1728000
1791129812.2881,4960,1288,56500,306000000,1728000
1791129812.3381,4960,1288,56500,306000000,1728000
1791129812.3882,4960,1288,56406,306000000,1728000
1791129812.4383,4960,1280,56500,306000000,1728000
1791129812.4884,4960,1280,56406,306000000,1728000
1791129812.5385,4960,1280,56500,306000000,1728000
1791129812.5885,4960,1280,56562,306000000,1728000
1791129812.6386,4960,1280,56468,306000000,1344000
1791129812.6887,4960,1296,56500,306000000,1728000
1791129812.7388,4960,1296,56468,306000000,1728000
1791129812.7889,4960,1296,56531,306000000,1728000
1791129812.8390,4960,1288,56500,306000000,1728000
1791129812.8891,4960,1288,56500,306000000,1728000
1791129812.9391,4960,1288,56500,306000000,1728000
1791129812.9892,4960,1280,56500,306000000,1728000
1791129813.0393,4960,1288,56406,306000000,1728000
1791129813.0894,4960,1288,56406,306000000,1728000
1791129813.1395,4960,1280,56500,306000000,1728000
1791129813.1895,4960,1280,56437,306000000,1728000
1791129813.2396,4960,1288,56468,306000000,1728000
1791129813.2897,4960,1296,56375,306000000,1728000
1791129813.3398,4960,1296,56437,306000000,1728000
1791129813.3899,4960,1296,56468,306000000,1728000
1791129813.4400,4960,1288,56500,306000000,1728000
1791129813.4901,4960,1288,56500,306000000,1728000
1791129813.5401,4960,1288,56437,306000000,1728000
1791129813.5902,4960,1272,56562,306000000,1728000
1791129813.6403,4960,1280,56437,306000000,1728000
1791129813.6904,4960,1280,56531,306000000,1728000
1791129813.7405,4960,1280,56468,306000000,1728000
1791129813.7906,4960,1288,56468,306000000,1497600
1791129813.8407,4960,1296,56437,306000000,1728000
1791129813.8907,4960,1296,56468,306000000,1728000
1791129813.9408,4960,1288,56375,306000000,1728000
1791129813.9909,4960,1288,56468,306000000,1728000
1791129814.0410,4960,1288,56531,306000000,1728000
1791129814.0911,4960,1280,56500,306000000,1728000
1791129814.1412,4960,1280,56468,306000000,1728000
1791129814.1912,4960,1280,56375,306000000,1728000
1791129814.2413,4960,1280,56500,306000000,1728000
1791129814.2914,4960,1272,56437,306000000,1728000
1791129814.3415,4960,1280,56500,306000000,1728000
1791129814.3916,4960,1296,56437,306000000,1728000
1791129814.4417,4960,1296,56468,306000000,1728000
1791129814.4918,4960,1288,56468,306000000,1728000
1791129814.5419,4960,1288,56375,306000000,1728000
1791129814.5920,4960,1288,56500,306000000,1728000
1791129814.6421,4960,1288,56468,306000000,1728000
1791129814.6921,4960,1280,56500,306000000,1728000
1791129814.7422,4960,1288,56468,306000000,1728000
1791129814.7923,4960,1288,56468,306000000,1728000
1791129814.8424,4960,1288,56437,306000000,1728000
1791129814.8925,4960,1280,56437,306000000,1728000
1791129814.9426,4960,1296,56500,306000000,1344000
1791129814.9926,4960,1296,56437,306000000,1728000
1791129815.0427,4960,1288,56500,306000000,1728000
1791129815.0928,4960,1280,56406,306000000,1728000
1791129815.1429,4960,1288,56500,306000000,1728000
1791129815.1929,4960,1288,56437,306000000,1728000
1791129815.2430,4960,1280,56375,306000000,1728000
1791129815.2931,4960,1280,56406,306000000,1728000
1791129815.3431,4960,1280,56437,306000000,1728000
1791129815.3932,4960,1280,56500,306000000,1728000
1791129815.4433,4960,1280,56312,306000000,1190400
1791129815.4934,4960,1288,56468,306000000,1728000
1791129815.5435,4960,1288,56437,306000000,1728000
1791129815.5936,4960,1288,56531,306000000,1728000
1791129815.6436,4960,1288,56343,306000000,1728000
1791129815.6937,4960,1280,56437,306000000,1728000
1791129815.7438,4960,1280,56375,306000000,1728000
1791129815.7939,4960,1288,56500,306000000,1728000
1791129815.8440,4960,1288,56500,306000000,1728000
1791129815.8941,4960,1280,56437,306000000,1728000
1791129815.9441,4960,1272,56562,306000000,1728000
1791129815.9942,4960,1280,56406,306000000,1728000
1791129816.0443,4960,1288,56468,306000000,1728000
1791129816.0944,4960,1288,56375,306000000,1728000
1791129816.1445,4960,1280,56406,306000000,1728000
1791129816.1946,4960,1280,56312,306000000,1728000
1791129816.2447,4960,1280,56375,306000000,1728000
1791129816.2948,4960,1272,56343,306000000,1728000
1791129816.3448,4960,1272,56406,306000000,1728000
1791129816.3949,4960,1272,56562,306000000,1728000
1791129816.4450,4960,1272,56375,306000000,1728000
1791129816.4951,4960,1272,56437,306000000,1728000
1791129816.5452,4960,1264,56312,306000000,1728000
1791129816.5953,4960,1280,56375,306000000,1728000
1791129816.6454,4960,1280,56375,306000000,1728000
1791129816.6955,4960,1280,56437,306000000,1728000
1791129816.7456,4960,1280,56375,306000000,1728000
1791129816.7956,4960,1280,56406,306000000,1728000
1791129816.8457,4960,1272,56500,306000000,1728000
1791129816.8958,4960,1272,56375,306000000,1728000
1791129816.9459,4960,1272,56406,306000000,1728000
1791129816.9959,4960,1264,56375,306000000,1728000
1791129817.0460,4960,1272,56281,306000000,1728000
1791129817.0961,4960,1272,56375,306000000,1728000
1791129817.1462,4960,1272,56437,306000000,1728000
1791129817.1963,4960,1288,56343,306000000,1728000
1791129817.2464,4960,1288,56375,306000000,1728000
1791129817.2965,4960,1280,56468,306000000,1728000
1791129817.3466,4960,1280,56406,306000000,1728000
1791129817.3967,4960,1280,56531,306000000,1728000
1791129817.4467,4960,1280,56375,306000000,1728000
1791129817.4968,4960,1280,56500,306000000,1728000
1791129817.5469,4960,1280,56375,306000000,1728000
1791129817.5970,4960,1280,56406,306000000,1728000
1791129817.6471,4960,1280,56375,306000000,1728000
1791129817.6972,4960,1280,56375,306000000,1728000
1791129817.7473,4960,1288,56531,306000000,1728000
1791129817.7974,4960,1288,56375,306000000,1728000
1791129817.8475,4960,1288,56468,306000000,1728000
1791129817.8976,4960,1288,56437,306000000,1728000
1791129817.9476,4960,1288,56437,306000000,1728000
1791129817.9977,4960,1288,56468,306000000,1728000
1791129818.0478,4960,1288,56437,306000000,1728000
1791129818.0979,4960,1288,56375,306000000,1728000
1791129818.1480,4960,1288,56406,306000000,1728000
1791129818.1980,4960,1280,56531,306000000,1728000
1791129818.2481,4960,1280,56406,306000000,1728000
1791129818.2982,4960,1296,56500,306000000,1113600
1791129818.3483,4960,1288,56375,306000000,1728000
1791129818.3984,4960,1288,56437,306000000,1728000
1791129818.4485,4960,1288,56406,306000000,1728000
1791129818.4986,4960,1288,56468,306000000,1728000
1791129818.5487,4960,1280,56437,306000000,1728000
1791129818.5987,4960,1280,56437,306000000,1728000
1791129818.6488,4960,1288,56562,306000000,1728000
1791129818.6989,4960,1280,56468,306000000,1728000
1791129818.7490,4960,1280,56437,306000000,1728000
1791129818.7991,4960,1288,56375,306000000,1344000
1791129818.8492,4960,1296,56500,306000000,1728000
1791129818.8993,4960,1288,56343,306000000,1728000
1791129818.9494,4960,1288,56437,306000000,1728000
1791129818.9995,4960,1288,56375,306000000,1728000
1791129819.0496,4960,1288,56437,306000000,1728000
1791129819.0996,4960,1288,56312,306000000,1728000
1791129819.1497,4960,1280,56343,306000000,1728000
1791129819.1998,4960,1288,56437,306000000,1728000
1791129819.2499,4960,1288,56375,306000000,1728000
1791129819.3000,4960,1288,56468,306000000,1728000
1791129819.3501,4960,1280,56406,306000000,1728000
1791129819.4002,4960,1288,56500,306000000,1728000
1791129819.4503,4960,1296,56437,306000000,1728000
1791129819.5004,4960,1296,56437,306000000,1728000
1791129819.5505,4960,1288,56343,306000000,1728000
1791129819.6006,4960,1288,56375,306000000,1728000
1791129819.6507,4960,1288,56531,306000000,1728000
1791129819.7008,4960,1288,56343,306000000,1728000
1791129819.7509,4960,1288,56500,306000000,1728000
1791129819.8010,4960,1280,56343,306000000,1728000
1791129819.8511,4960,1280,56375,306000000,1728000
1791129819.9012,4960,1280,56437,306000000,1728000
1791129819.9513,4960,1288,56375,306000000,1420800
1791129820.0014,4960,1288,56343,306000000,1728000
1791129820.0515,4960,1288,56343,306000000,1728000
1791129820.1016,4960,1288,56531,306000000,1728000
1791129820.1517,4960,1288,56406,306000000,1728000
1791129820.2018,4960,1288,56437,306000000,1728000
1791129820.2519,4960,1280,56375,306000000,1728000
1791129820.3020,4960,1280,56468,306000000,1728000
1791129820.3521,4960,1280,56406,306000000,1728000
1791129820.4022,4960,1280,56375,306000000,1728000
1791129820.4523,4960,1280,56343,306000000,1728000
1791129820.5024,4960,1288,56468,306000000,1728000
1791129820.5525,4960,1304,56500,306000000,1728000
1791129820.6026,4960,1288,56437,306000000,1728000
1791129820.6527,4960,1296,56500,306000000,1728000
1791129820.7028,4960,1296,56375,306000000,1728000
1791129820.7529,4960,1296,56468,306000000,1728000
1791129820.8029,4960,1288,56406,306000000,1728000
1791129820.8530,4960,1288,56437,306000000,1728000
1791129820.9031,4960,1288,56343,306000000,1728000
1791129820.9532,4960,1288,56437,306000000,1728000
1791129821.0033,4960,1288,56312,306000000,1728000
1791129821.0534,4960,1288,56375,306000000,1728000
1791129821.1035,4960,1296,56500,306000000,1728000
1791129821.1536,4960,1304,56375,306000000,1728000
1791129821.2037,4960,1296,56406,306000000,1728000
1791129821.2538,4960,1288,56343,306000000,1728000
1791129821.3039,4960,1296,56437,306000000,1728000
1791129821.3540,4960,1296,56406,306000000,1728000
1791129821.4040,4960,1288,56437,306000000,1728000
1791129821.4541,4960,1288,56343,306000000,1728000
1791129821.5042,4960,1288,56406,306000000,1728000
1791129821.5543,4960,1288,56500,306000000,1728000
1791129821.6044,4960,1280,56375,306000000,1344000
1791129821.6545,4960,1296,56406,306000000,1728000
1791129821.7046,4960,1296,56312,306000000,1728000
1791129821.7547,4960,1296,56437,306000000,1728000
1791129821.8047,4960,1288,56312,306000000,1728000
1791129821.8548,4960,1288,56375,306000000,1344000
1791129821.9049,4960,1288,56312,306000000,1728000
1791129821.9550,4960,1288,56468,306000000,1728000
1791129822.0050,4960,1288,56437,306000000,1728000
1791129822.0551,4960,1288,56406,306000000,1728000
1791129822.1052,4960,1288,56468,306000000,1728000
1791129822.1553,4960,1280,56343,306000000,1728000
1791129822.2054,4960,1288,56500,306000000,1728000
1791129822.2555,4960,1288,56375,306000000,1728000
1791129822.3055,4960,1288,56375,306000000,1728000
1791129822.3556,4960,1288,56343,306000000,1728000
1791129822.4057,4960,1288,56406,306000000,1728000
1791129822.4558,4960,1296,56406,306000000,1728000
1791129822.5059,4960,1288,56343,306000000,1728000
1791129822.5559,4960,1288,56468,306000000,1728000
1791129822.6060,4960,1288,56281,306000000,1728000
1791129822.6561,4960,1288,56375,306000000,1728000
1791129822.7062,4960,1280,56343,306000000,1728000
1791129822.7563,4960,1296,56375,306000000,1728000
1791129822.8064,4960,1304,56312,306000000,1728000
1791129822.8565,4960,1296,56375,306000000,1728000
1791129822.9066,4960,1288,56468,306000000,1728000
1791129822.9567,4960,1288,56375,306000000,1728000
1791129823.0067,4960,1296,56500,306000000,1728000
1791129823.0568,4960,1288,56312,306000000,1728000
1791129823.1069,4960,1288,56437,306000000,1728000
1791129823.1570,4960,1288,56343,306000000,1728000
1791129823.2071,4960,1288,56406,306000000,1728000
1791129823.2572,4960,1280,56281,306000000,1728000
1791129823.3073,4960,1288,56281,306000000,1728000
1791129823.3574,4960,1296,56437,306000000,1728000
1791129823.4074,4960,1288,56375,306000000,1728000
1791129823.4575,4960,1288,56468,306000000,1728000
1791129823.5076,4960,1288,56375,306000000,1728000
1791129823.5577,4960,1288,56468,306000000,1728000
1791129823.6077,4960,1280,56281,306000000,1728000
1791129823.6578,4960,1280,56343,306000000,1728000
1791129823.7079,4960,1288,56312,306000000,1728000
1791129823.7580,4960,1288,56406,306000000,1728000
1791129823.8081,4960,1288,56468,306000000,1728000
1791129823.8582,4960,1288,56406,306000000,1728000
1791129823.9083,4960,1296,56468,306000000,1728000
1791129823.9584,4960,1296,56250,306000000,1728000
1791129824.0085,4960,1288,56437,306000000,1728000
1791129824.0585,4960,1280,56312,306000000,1728000
1791129824.1086,4960,1280,56375,306000000,1728000
1791129824.1587,4960,1288,56218,306000000,1728000
1791129824.2088,4960,1288,56406,306000000,1728000
1791129824.2589,4960,1280,56468,306000000,1728000
1791129824.3090,4960,1280,56343,306000000,1728000
1791129824.3591,4960,1280,56406,306000000,1728000
1791129824.4092,4960,1280,56406,306000000,1728000
1791129824.4593,4960,1296,56500,306000000,1344000
1791129824.5093,4960,1296,56312,306000000,1728000
1791129824.5594,4960,1288,56468,306000000,1728000
1791129824.6095,4960,1288,56375,306000000,1728000
1791129824.6596,4960,1288,56375,306000000,1728000
1791129824.7097,4960,1288,56281,306000000,1728000
1791129824.7598,4960,1288,56281,306000000,1728000
1791129824.8099,4960,1288,56468,306000000,1728000
1791129824.8600,4960,1280,56281,306000000,1728000
1791129824.9101,4960,1280,56500,306000000,1728000
1791129824.9601,4960,1288,56281,306000000,1728000
1791129825.0103,4960,1296,56312,306000000,1728000
1791129825.0603,4960,1280,56312,306000000,1728000
1791129825.1104,4960,1280,56281,306000000,1728000
1791129825.1605,4960,1280,56281,306000000,1728000
1791129825.2106,4960,1280,56343,306000000,1728000
1791129825.2607,4960,1280,56437,306000000,1728000
1791129825.3108,4960,1280,56406,306000000,1728000
1791129825.3609,4960,1280,56437,306000000,1728000
1791129825.4110,4960,1272,56312,306000000,1728000
1791129825.4610,4960,1272,56375,306000000,1728000
1791129825.5111,4960,1272,56312,306000000,1728000
1791129825.5612,4960,1280,56406,306000000,1728000
1791129825.6113,4960,1288,56281,306000000,1728000
1791129825.6614,4960,1288,56437,306000000,1728000
1791129825.7115,4960,1288,56437,306000000,1728000
1791129825.7616,4960,1288,56312,306000000,1728000
1791129825.8117,4960,1288,56500,306000000,1728000
1791129825.8618,4960,1288,56375,306000000,1728000
1791129825.9119,4960,1288,56406,306000000,1728000
1791129825.9619,4960,1288,56312,306000000,1728000
1791129826.0120,4960,1280,56375,306000000,1728000
1791129826.0621,4960,1280,56312,306000000,1728000
1791129826.1122,4960,1288,56437,306000000,1728000
1791129826.1623,4960,1296,56406,306000000,1728000
1791129826.2124,4960,1288,56312,306000000,1728000
1791129826.2625,4960,1288,56437,306000000,1728000
1791129826.3126,4960,1288,56312,306000000,1728000
1791129826.3626,4960,1288,56437,306000000,1728000
1791129826.4127,4960,1280,56312,306000000,1728000
1791129826.4628,4960,1280,56406,306000000,1728000
1791129826.5129,4960,1280,56281,306000000,1728000
1791129826.5630,4960,1280,56437,306000000,1728000
1791129826.6130,4960,1280,56500,306000000,1728000
1791129826.6631,4960,1288,56375,306000000,1497600
1791129826.7132,4960,1288,56468,306000000,1728000
1791129826.7633,4960,1288,56343,306000000,1728000
1791129826.8134,4960,1288,56437,306000000,1728000
1791129826.8635,4960,1288,56250,306000000,1728000
1791129826.9136,4960,1288,56406,306000000,1728000
1791129826.9636,4960,1288,56312,306000000,1728000
1791129827.0137,4960,1280,56375,306000000,1728000
1791129827.0638,4960,1280,56406,306000000,1728000
1791129827.1139,4960,1288,56375,306000000,1728000
1791129827.1639,4960,1288,56437,306000000,1728000
1791129827.2140,4960,1280,56406,306000000,1728000
1791129827.2641,4960,1288,56343,306000000,1728000
1791129827.3142,4960,1288,56281,306000000,1728000
1791129827.3643,4960,1288,56343,306000000,1728000
1791129827.4144,4960,1280,56250,306000000,1728000
1791129827.4645,4960,1280,56406,306000000,1728000
1791129827.5146,4960,1280,56312,306000000,1728000
1791129827.5647,4960,1280,56375,306000000,1728000
1791129827.6147,4960,1280,56468,306000000,1728000
1791129827.6648,4960,1280,56312,306000000,1728000
1791129827.7149,4960,1280,56468,306000000,1728000
1791129827.7650,4960,1272,56281,306000000,1728000
1791129827.8151,4960,1288,56406,306000000,1344000
1791129827.8652,4960,1288,56343,306000000,1728000
1791129827.9152,4960,1280,56343,306000000,1728000
1791129827.9653,4960,1280,56250,306000000,1728000
1791129828.0154,4960,1288,56437,306000000,1728000
1791129828.0655,4960,1288,56406,306000000,1728000
1791129828.1155,4960,1280,56312,306000000,1728000
1791129828.1656,4960,1280,56406,306000000,1728000
1791129828.2157,4960,1288,56281,306000000,1728000
1791129828.2658,4960,1280,56312,306000000,1728000
1791129828.3159,4960,1280,56218,306000000,1728000
1791129828.3660,4960,1296,56406,306000000,1728000
1791129828.4161,4960,1296,56343,306000000,1728000
1791129828.4661,4960,1288,56250,306000000,1728000
1791129828.5162,4960,1288,56406,306000000,1728000
1791129828.5663,4960,1288,56312,306000000,1728000
1791129828.6164,4960,1288,56468,306000000,1728000
1791129828.6665,4960,1280,56312,306000000,1728000
1791129828.7166,4960,1280,56281,306000000,1728000
1791129828.7666,4960,1280,56250,306000000,1728000
1791129828.8167,4960,1272,56343,306000000,1728000
1791129828.8668,4960,1272,56250,306000000,1728000
1791129828.9169,4960,1288,56343,306000000,1728000
1791129828.9670,4960,1288,56437,306000000,1728000
1791129829.0171,4960,1288,56343,306000000,1728000
1791129829.0672,4960,1288,56406,306000000,1728000
1791129829.1173,4960,1280,56250,306000000,1728000
1791129829.1673,4960,1288,56343,306000000,1728000
1791129829.2174,4960,1304,56312,306000000,1728000
1791129829.2675,4960,1312,56343,306000000,1728000
1791129829.3176,4960,1320,56218,306000000,1728000
1791129829.3677,4960,1328,56375,306000000,1728000
1791129829.4178,4960,1328,56468,306000000,1728000
1791129829.4679,4952,1336,56406,306000000,1728000
1791129829.5180,4952,1344,56406,306000000,1728000
1791129829.5680,4952,1336,56312,306000000,1728000
1791129829.6181,4960,1328,56406,306000000,1728000
1791129829.6682,4960,1328,56281,306000000,1728000
1791129829.7183,4960,1320,56343,306000000,1728000
1791129829.7684,4960,1320,56343,306000000,1728000
1791129829.8185,4960,1312,56343,306000000,1728000
1791129829.8685,4960,1304,56406,306000000,1728000
1791129829.9186,4960,1296,56281,306000000,1728000
1791129829.9687,4960,1304,56406,306000000,1728000
1791129830.0188,4960,1304,56250,306000000,1420800
1791129830.0689,4960,1312,56437,306000000,1728000
1791129830.1190,4960,1304,56375,306000000,1728000
1791129830.1691,4960,1304,56343,306000000,1728000
1791129830.2191,4960,1296,56281,306000000,1728000
1791129830.2692,4960,1296,56312,306000000,1728000
1791129830.3193,4960,1288,56375,306000000,1728000
1791129830.3694,4960,1296,56281,306000000,1728000
1791129830.4195,4960,1288,56500,306000000,1728000
1791129830.4695,4960,1288,56312,306000000,1728000
1791129830.5196,4960,1288,56437,306000000,1728000
1791129830.5697,4960,1288,56250,306000000,1728000
1791129830.6198,4960,1304,56312,306000000,1728000
1791129830.6699,4960,1288,56343,306000000,1728000
1791129830.7200,4960,1288,56343,306000000,1728000
1791129830.7701,4960,1288,56250,306000000,1728000
1791129830.8202,4960,1280,56281,306000000,1728000
1791129830.8703,4960,1288,56437,306000000,1728000
1791129830.9204,4960,1288,56343,306000000,1728000
1791129830.9705,4960,1288,56437,306000000,1728000
1791129831.0206,4960,1280,56281,306000000,1728000
1791129831.0707,4960,1288,56312,306000000,1728000
1791129831.1208,4960,1288,56281,306000000,1728000
1791129831.1709,4960,1288,56312,306000000,1728000
1791129831.2210,4960,1288,56312,306000000,1728000
1791129831.2711,4960,1288,56312,306000000,1728000
1791129831.3211,4960,1280,56500,306000000,1728000
1791129831.3712,4960,1288,56343,306000000,1728000
1791129831.4213,4960,1288,56437,306000000,1728000
1791129831.4714,4960,1280,56218,306000000,1728000
1791129831.5215,4960,1280,56406,306000000,1728000
1791129831.5716,4960,1280,56281,306000000,1728000
1791129831.6216,4960,1288,56343,306000000,1728000
1791129831.6717,4960,1280,56250,306000000,1728000
1791129831.7218,4960,1288,56375,306000000,1728000
1791129831.7719,4960,1296,56406,306000000,1728000
1791129831.8220,4960,1296,56250,306000000,1728000
1791129831.8720,4960,1296,56406,306000000,1728000
1791129831.9221,4960,1296,56281,306000000,1728000
1791129831.9722,4960,1288,56375,306000000,1728000
1791129832.0223,4960,1288,56218,306000000,1728000
1791129832.0724,4960,1288,56312,306000000,1728000
1791129832.1224,4960,1288,56281,306000000,1728000
1791129832.1725,4960,1280,56343,306000000,1728000
1791129832.2226,4960,1280,56468,306000000,1728000
1791129832.2727,4960,1288,56281,306000000,1728000
1791129832.3228,4960,1296,56406,306000000,1728000
1791129832.3729,4960,1288,56343,306000000,1728000
1791129832.4230,4960,1288,56406,306000000,1728000
1791129832.4730,4960,1288,56281,306000000,1728000
1791129832.5231,4960,1280,56312,306000000,1728000
1791129832.5732,4960,1280,56281,306000000,1728000
1791129832.6233,4960,1280,56312,306000000,1728000
1791129832.6733,4960,1272,56406,306000000,1728000
1791129832.7234,4960,1272,56250,306000000,1728000
1791129832.7735,4960,1280,56375,306000000,1728000
1791129832.8236,4960,1288,56312,306000000,1728000
1791129832.8737,4960,1288,56468,306000000,1728000
1791129832.9238,4960,1288,56281,306000000,1728000
1791129832.9739,4960,1288,56343,306000000,1728000
1791129833.0240,4960,1288,56218,306000000,1728000
1791129833.0740,4960,1288,56312,306000000,1728000
1791129833.1241,4960,1288,56406,306000000,1728000
1791129833.1742,4960,1288,56312,306000000,1728000
1791129833.2243,4960,1280,56406,306000000,1728000
1791129833.2744,4960,1280,56281,306000000,1728000
1791129833.3245,4960,1280,56312,306000000,1728000
1791129833.3745,4960,1288,56218,306000000,1420800
1791129833.4247,4960,1296,56343,306000000,1728000
1791129833.4747,4960,1288,56250,306000000,1728000
1791129833.5248,4960,1288,56343,306000000,1728000
1791129833.5749,4960,1288,56406,306000000,1728000
1791129833.6250,4960,1280,56218,306000000,1728000
1791129833.6751,4960,1280,56375,306000000,1728000
1791129833.7252,4960,1280,56312,306000000,1728000
1791129833.7752,4960,1280,56375,306000000,1728000
1791129833.8253,4960,1280,56281,306000000,1728000
1791129833.8754,4960,1280,56312,306000000,1728000
1791129833.9255,4960,1288,56187,306000000,1728000
1791129833.9756,4960,1288,56312,306000000,1728000
1791129834.0257,4960,1296,56250,306000000,1728000
1791129834.0758,4960,1296,56281,306000000,1728000
1791129834.1259,4960,1288,56437,306000000,1728000
1791129834.1759,4960,1288,56281,306000000,1728000
1791129834.2260,4960,1280,56406,306000000,1728000
1791129834.2761,4960,1280,56218,306000000,1728000
1791129834.3262,4960,1288,56375,306000000,1728000
1791129834.3763,4960,1280,56281,306000000,1728000
1791129834.4263,4960,1272,56343,306000000,1728000
1791129834.4764,4960,1280,56250,306000000,1728000
1791129834.5265,4960,1288,56312,306000000,1497600
1791129834.5766,4960,1280,56406,306000000,1728000
1791129834.6267,4960,1288,56312,306000000,1728000
1791129834.6768,4960,1288,56406,306000000,1728000
1791129834.7269,4960,1288,56187,306000000,1728000
1791129834.7769,4960,1288,56312,306000000,1728000
1791129834.8270,4960,1280,56250,306000000,1728000
1791129834.8771,4960,1280,56343,306000000,1728000
1791129834.9272,4960,1280,56187,306000000,1728000
1791129834.9773,4960,1280,56250,306000000,1728000
1791129835.0274,4960,1280,56437,306000000,1728000
1791129835.0775,4960,1296,56250,306000000,1728000
1791129835.1276,4960,1296,56406,306000000,1728000
1791129835.1777,4960,1288,56312,306000000,1728000
1791129835.2277,4960,1288,56343,306000000,1728000
1791129835.2778,4960,1288,56187,306000000,1728000
1791129835.3279,4960,1280,56343,306000000,1728000
1791129835.3780,4960,1280,56187,306000000,1728000
1791129835.4281,4960,1280,56312,306000000,1728000
1791129835.4782,4960,1280,56437,306000000,1728000
1791129835.5282,4960,1272,56281,306000000,1728000
1791129835.5783,4960,1280,56437,306000000,1728000
1791129835.6284,4960,1296,56250,306000000,1728000
1791129835.6785,4960,1296,56312,306000000,1728000
1791129835.7286,4960,1288,56187,306000000,1728000
1791129835.7787,4960,1288,56375,306000000,1728000
1791129835.8288,4960,1288,56281,306000000,1728000
1791129835.8789,4960,1288,56281,306000000,1728000
1791129835.9290,4960,1280,56375,306000000,1728000
1791129835.9791,4960,1280,56281,306000000,1728000
1791129836.0292,4960,1280,56375,306000000,1728000
1791129836.0792,4960,1280,56218,306000000,1728000
1791129836.1293,4960,1280,56375,306000000,1344000
1791129836.1794,4960,1288,56218,306000000,1497600
1791129836.2295,4960,1296,56250,306000000,1728000
1791129836.2796,4960,1288,56187,306000000,1728000
1791129836.3297,4960,1280,56343,306000000,1728000
1791129836.3798,4960,1288,56406,306000000,1728000
1791129836.4298,4960,1280,56218,306000000,1728000
1791129836.4799,4960,1280,56312,306000000,1728000
1791129836.5300,4960,1280,56312,306000000,1728000
1791129836.5801,4960,1280,56468,306000000,1728000
1791129836.6302,4960,1280,56218,306000000,1728000
1791129836.6803,4960,1280,56343,306000000,1728000
1791129836.7304,4960,1288,56218,306000000,1344000
1791129836.7805,4960,1296,56281,306000000,1728000
1791129836.8306,4960,1288,56250,306000000,1728000
1791129836.8807,4960,1280,56343,306000000,1728000
1791129836.9308,4960,1288,56375,306000000,1728000
1791129836.9808,4960,1288,56218,306000000,1728000
1791129837.0309,4960,1280,56437,306000000,1728000
1791129837.0810,4960,1280,56187,306000000,1728000
1791129837.1311,4960,1280,56312,306000000,1728000
1791129837.1812,4960,1280,56218,306000000,1728000
1791129837.2313,4960,1272,56312,306000000,1728000
1791129837.2814,4960,1280,56187,306000000,1728000
1791129837.3315,4960,1296,56250,306000000,1344000
1791129837.3816,4960,1296,56375,306000000,1728000
1791129837.4316,4960,1288,56312,306000000,1728000
1791129837.4817,4960,1280,56406,306000000,1728000
1791129837.5318,4960,1288,56250,306000000,1728000
1791129837.5819,4960,1272,56343,306000000,1728000
1791129837.6320,4960,1280,56156,306000000,1728000
1791129837.6821,4960,1280,56281,306000000,1728000
1791129837.7322,4960,1280,56187,306000000,1728000
1791129837.7822,4960,1272,56312,306000000,1728000
1791129837.8323,4960,1280,56375,306000000,1728000
1791129837.8824,4960,1296,56218,306000000,1728000
1791129837.9325,4960,1296,56406,306000000,1728000
1791129837.9826,4960,1288,56281,306000000,1728000
1791129838.0327,4960,1288,56343,306000000,1728000
1791129838.0828,4960,1288,56187,306000000,1728000
1791129838.1328,4960,1288,56312,306000000,1728000
1791129838.1829,4960,1280,56312,306000000,1728000
1791129838.2330,4960,1288,56281,306000000,1728000
1791129838.2831,4960,1288,56406,306000000,1728000
1791129838.3332,4960,1288,56281,306000000,1728000
1791129838.3833,4960,1288,56406,306000000,1113600
1791129838.4334,4960,1296,56281,306000000,1728000
1791129838.4835,4960,1296,56375,306000000,1728000
1791129838.5335,4960,1296,56218,306000000,1728000
1791129838.5836,4960,1296,56250,306000000,1728000
1791129838.6337,4960,1296,56218,306000000,1728000
1791129838.6838,4960,1288,56218,306000000,1728000
1791129838.7339,4960,1288,56406,306000000,1728000
1791129838.7840,4960,1296,56250,306000000,1728000
1791129838.8340,4960,1288,56375,306000000,1728000
1791129838.8841,4960,1296,56187,306000000,1728000
1791129838.9342,4960,1288,56406,306000000,1728000
1791129838.9843,4960,1296,56250,306000000,1728000
1791129839.0344,4960,1304,56343,306000000,1728000
1791129839.0845,4960,1312,56218,306000000,1728000
1791129839.1345,4960,1304,56312,306000000,1728000
1791129839.1846,4960,1296,56281,306000000,1728000
1791129839.2347,4960,1296,56218,306000000,1728000
1791129839.2848,4960,1296,56406,306000000,1728000
1791129839.3349,4960,1296,56187,306000000,1190400
1791129839.3850,4960,1288,56406,306000000,1728000
1791129839.4351,4960,1288,56187,306000000,1728000
1791129839.4851,4960,1288,56281,306000000,1728000
1791129839.5352,4960,1296,56187,306000000,1344000
1791129839.5853,4960,1304,56343,306000000,1728000
1791129839.6354,4960,1296,56187,306000000,1728000
1791129839.6855,4960,1296,56312,306000000,1728000
1791129839.7356,4960,1296,56468,306000000,1190400
1791129839.7856,4960,1296,56250,306000000,1728000
1791129839.8357,4960,1288,56343,306000000,1728000
1791129839.8858,4960,1288,56156,306000000,1728000
1791129839.9359,4960,1296,56312,306000000,1728000
1791129839.9860,4960,1296,56125,306000000,1728000
1791129840.0361,4960,1296,56343,306000000,1728000
1791129840.0862,4960,1296,56187,306000000,1728000
1791129840.1363,4960,1304,56187,306000000,1728000
1791129840.1863,4960,1304,56375,306000000,1728000
1791129840.2364,4960,1296,56187,306000000,1728000
1791129840.2865,4960,1288,56437,306000000,1728000
1791129840.3366,4960,1288,56250,306000000,1728000
1791129840.3867,4960,1296,56281,306000000,1728000
1791129840.4368,4960,1296,56281,306000000,1728000
1791129840.4868,4960,1280,56312,306000000,1728000
1791129840.5369,4960,1288,56093,306000000,1728000
1791129840.5870,4960,1288,56250,306000000,1344000
1791129840.6371,4960,1288,56406,306000000,1728000
1791129840.6872,4960,1296,56312,306000000,1728000
1791129840.7376,4960,1304,56250,306000000,1728000
1791129840.7877,4960,1304,56218,306000000,1728000
1791129840.8378,4960,1304,56375,306000000,1728000
1791129840.8879,4960,1312,56281,306000000,1728000
1791129840.9380,4960,1304,56250,306000000,1728000
1791129840.9883,4960,1304,56187,306000000,1728000
1791129841.0384,4960,1304,56281,306000000,1728000
1791129841.0885,4960,1296,56406,306000000,1728000
1791129841.1386,4960,1288,56218,306000000,1728000
1791129841.1887,4960,1288,56343,306000000,1728000
1791129841.2388,4960,1296,56187,306000000,1344000
1791129841.2889,4960,1304,56375,306000000,1728000
1791129841.3390,4960,1296,56187,306000000,1728000
1791129841.3891,4960,1296,56218,306000000,1728000
1791129841.4391,4960,1288,56281,306000000,1728000
1791129841.4892,4960,1288,56218,306000000,1728000
1791129841.5393,4960,1288,56156,306000000,1728000
1791129841.5894,4960,1288,56312,306000000,1728000
1791129841.6395,4960,1288,56343,306000000,1728000
1791129841.6896,4960,1280,56281,306000000,1728000
1791129841.7396,4960,1280,56343,306000000,1728000
1791129841.7897,4960,1296,56218,306000000,1728000
1791129841.8398,4960,1296,56250,306000000,1728000
1791129841.8899,4960,1288,56250,306000000,1728000
1791129841.9400,4960,1288,56281,306000000,1728000
1791129841.9901,4960,1288,56156,306000000,1728000
1791129842.0402,4960,1288,56218,306000000,1728000
1791129842.0902,4960,1280,56375,306000000,1728000
1791129842.1403,4960,1280,56187,306000000,1728000
1791129842.1904,4960,1280,56343,306000000,1728000
1791129842.2405,4960,1272,56250,306000000,1728000
1791129842.2906,4960,1272,56281,306000000,1728000
1791129842.3407,4960,1288,56218,306000000,1728000
1791129842.3908,4960,1296,56250,306000000,1728000
1791129842.4409,4960,1288,56093,306000000,1728000
1791129842.4909,4960,1288,56187,306000000,1728000
1791129842.5410,4960,1288,56312,306000000,1728000
1791129842.5911,4960,1288,56187,306000000,1728000
1791129842.6412,4960,1280,56281,306000000,1728000
1791129842.6928,4960,1280,56156,306000000,1728000
1791129842.7429,4960,1280,56406,306000000,1728000
1791129842.7930,4960,1280,56156,306000000,1728000
1791129842.8431,4960,1272,56250,306000000,1728000
1791129842.8932,4960,1280,56187,306000000,1728000
1791129842.9433,4960,1296,56250,306000000,1728000
1791129842.9934,4960,1288,56093,306000000,1728000
1791129843.0435,4960,1288,56156,306000000,1728000
1791129843.0935,4960,1288,56125,306000000,1728000
1791129843.1436,4960,1288,56187,306000000,1728000
1791129843.1937,4960,1288,56218,306000000,1728000
1791129843.2438,4960,1280,56187,306000000,1728000
1791129843.2939,4960,1280,56312,306000000,1728000
1791129843.3440,4960,1280,56156,306000000,1728000
1791129843.3941,4960,1280,56218,306000000,1728000
1791129843.4442,4960,1280,56156,306000000,1728000
1791129843.4943,4960,1296,56250,306000000,1728000
1791129843.5444,4960,1296,56125,306000000,1728000
1791129843.5945,4960,1288,56281,306000000,1728000
1791129843.6446,4960,1280,56312,306000000,1728000
1791129843.6947,4960,1288,56125,306000000,1344000
1791129843.7447,4960,1288,56312,306000000,1728000
1791129843.7948,4960,1280,56156,306000000,1728000
1791129843.8449,4960,1280,56218,306000000,1728000
1791129843.8950,4960,1280,56125,306000000,1728000
1791129843.9451,4960,1288,56218,306000000,1728000
1791129843.9951,4960,1288,56031,306000000,1728000
1791129844.0452,4960,1296,56218,306000000,1728000
1791129844.0953,4960,1296,56250,306000000,1728000
1791129844.1454,4960,1296,56125,306000000,1344000
1791129844.1954,4960,1296,56218,306000000,1113600
1791129844.2455,4960,1296,56250,306000000,1728000
1791129844.2956,4960,1288,56218,306000000,1728000
1791129844.3457,4960,1288,56187,306000000,1728000
1791129844.3958,4960,1288,56156,306000000,1728000
1791129844.4459,4960,1288,56125,306000000,1728000
1791129844.4959,4960,1280,56187,306000000,1728000
1791129844.5460,4960,1288,56343,306000000,1728000
1791129844.5961,4960,1296,56125,306000000,1728000
1791129844.6462,4960,1296,56218,306000000,1728000
1791129844.6963,4960,1296,56218,306000000,1728000
1791129844.7463,4960,1296,56250,306000000,1728000
1791129844.7964,4960,1304,56125,306000000,1728000
1791129844.8465,4960,1304,56218,306000000,1728000
1791129844.8966,4960,1296,56187,306000000,1728000
1791129844.9467,4960,1296,56250,306000000,1728000
1791129844.9967,4960,1296,56281,306000000,1728000
1791129845.0468,4960,1288,56093,306000000,1420800
1791129845.0969,4960,1280,56375,306000000,1728000
1791129845.1470,4960,1296,56187,306000000,1728000
1791129845.1971,4960,1296,56218,306000000,1728000
1791129845.2472,4960,1304,56093,306000000,1728000
1791129845.2973,4960,1296,56218,306000000,1728000
1791129845.3474,4960,1304,56187,306000000,1728000
1791129845.3975,4960,1304,56250,306000000,1728000
1791129845.4476,4960,1304,56125,306000000,1728000
1791129845.4977,4960,1288,56093,306000000,1728000
1791129845.5478,4960,1288,56281,306000000,1728000
1791129845.5979,4960,1288,56187,306000000,1728000
1791129845.6480,4960,1288,56250,306000000,1728000
1791129845.6981,4960,1288,56187,306000000,1728000
1791129845.7482,4960,1296,56187,306000000,1728000
1791129845.7982,4960,1296,56218,306000000,1728000
1791129845.8483,4960,1288,56218,306000000,1728000
1791129845.8984,4960,1288,56125,306000000,1728000
1791129845.9485,4960,1296,56125,306000000,1728000
1791129845.9986,4960,1288,56343,306000000,1728000
1791129846.0487,4960,1280,56125,306000000,1728000
1791129846.0988,4960,1280,56281,306000000,1728000
1791129846.1488,4960,1288,56093,306000000,1728000
1791129846.1989,4960,1288,56187,306000000,1728000
1791129846.2490,4960,1288,56093,306000000,1728000
1791129846.2991,4960,1296,56218,306000000,1728000
1791129846.3492,4960,1296,56156,306000000,1728000
1791129846.3993,4960,1288,56125,306000000,1728000
1791129846.4494,4960,1288,56250,306000000,1728000
1791129846.4995,4960,1288,56156,306000000,1728000
1791129846.5496,4960,1288,56281,306000000,1728000
1791129846.5996,4960,1280,56093,306000000,1728000
1791129846.6497,4960,1280,56187,306000000,1728000
1791129846.6998,4960,1280,56218,306000000,1728000
1791129846.7499,4960,1280,56187,306000000,1728000
1791129846.8000,4960,1280,56156,306000000,1728000
1791129846.8501,4960,1296,56156,306000000,1728000
1791129846.9002,4960,1296,56312,306000000,1728000
1791129846.9502,4960,1288,56125,306000000,1728000
1791129847.0003,4960,1288,56218,306000000,1728000
1791129847.0504,4960,1288,56218,306000000,1728000
1791129847.1005,4960,1288,56250,306000000,1728000
1791129847.1506,4960,1280,56218,306000000,1728000
1791129847.2006,4960,1280,56187,306000000,1728000
1791129847.2507,4960,1280,56093,306000000,1728000
1791129847.3008,4960,1280,56218,306000000,1728000
1791129847.3509,4960,1272,56250,306000000,1728000
1791129847.4010,4960,1288,56156,306000000,1728000
1791129847.4511,4960,1288,56218,306000000,1728000
1791129847.5012,4960,1280,56093,306000000,1728000
1791129847.5512,4960,1280,56187,306000000,1728000
1791129847.6013,4960,1288,56093,306000000,1728000
1791129847.6514,4960,1288,56218,306000000,1728000
1791129847.7015,4960,1280,56062,306000000,1728000
1791129847.7516,4960,1280,56187,306000000,1728000
1791129847.8017,4960,1280,56281,306000000,1728000
1791129847.8518,4960,1280,56125,306000000,1728000
1791129847.9018,4960,1272,56312,306000000,1728000
1791129847.9519,4960,1288,56125,306000000,1728000
1791129848.0020,4960,1296,56218,306000000,1728000
1791129848.0521,4960,1280,56125,306000000,1728000
1791129848.1022,4960,1288,56156,306000000,1728000
1791129848.1523,4960,1288,56125,306000000,1728000
1791129848.2024,4960,1280,56062,306000000,1728000
1791129848.2525,4960,1272,56281,306000000,1728000
1791129848.3025,4960,1280,56125,306000000,1728000
1791129848.3526,4960,1280,56218,306000000,1728000
1791129848.4027,4960,1280,56093,306000000,1728000
1791129848.4528,4960,1272,56250,306000000,1728000
1791129848.5029,4960,1288,56093,306000000,1190400
1791129848.5530,4960,1288,56250,306000000,1728000
1791129848.6031,4960,1280,56156,306000000,1728000
1791129848.6532,4960,1288,56156,306000000,1728000
1791129848.7033,4960,1288,56281,306000000,1728000
1791129848.7534,4960,1288,56218,306000000,1728000
1791129848.8034,4960,1280,56281,306000000,1728000
1791129848.8535,4960,1280,56156,306000000,1728000
1791129848.9036,4960,1288,56281,306000000,1728000
1791129848.9537,4960,1280,56062,306000000,1728000
1791129849.0038,4960,1280,56218,306000000,1728000
1791129849.0539,4960,1288,56156,306000000,1728000
1791129849.1040,4960,1296,56156,306000000,1728000
1791129849.1541,4960,1296,56125,306000000,1728000
1791129849.2042,4960,1288,56125,306000000,1728000
1791129849.2542,4960,1288,56281,306000000,1728000
1791129849.3043,4960,1288,56156,306000000,1728000
1791129849.3544,4960,1280,56250,306000000,1728000
1791129849.4045,4960,1280,56125,306000000,1728000
1791129849.4546,4960,1288,56156,306000000,1728000
1791129849.5047,4960,1280,56093,306000000,1728000
1791129849.5547,4960,1280,56218,306000000,1728000
1791129849.6048,4960,1280,56093,306000000,1728000
1791129849.6550,4960,1296,56156,306000000,1728000
1791129849.7051,4960,1288,56250,306000000,1728000
1791129849.7551,4960,1288,56125,306000000,1728000
1791129849.8052,4960,1288,56218,306000000,1728000
1791129849.8553,4960,1296,56031,306000000,1728000
1791129849.9053,4960,1288,56218,306000000,1728000
1791129849.9554,4960,1280,56062,306000000,1728000
1791129850.0055,4960,1288,56156,306000000,1728000
1791129850.0556,4960,1280,56093,306000000,1728000
1791129850.1057,4960,1288,56093,306000000,1728000
1791129850.1558,4960,1280,56250,306000000,1728000
1791129850.2059,4960,1288,56187,306000000,1728000
1791129850.2560,4960,1296,56281,306000000,1728000
1791129850.3060,4960,1288,56093,306000000,1728000
1791129850.3561,4960,1288,56281,306000000,1728000
1791129850.4062,4960,1288,56156,306000000,1728000
1791129850.4563,4960,1288,56125,306000000,1728000
1791129850.5064,4960,1280,56031,306000000,1728000
1791129850.5565,4960,1272,56187,306000000,1728000
1791129850.6065,4960,1280,56250,306000000,1728000
1791129850.6566,4960,1280,56187,306000000,1728000
1791129850.7067,4960,1280,56250,306000000,1728000
1791129850.7568,4960,1280,56062,306000000,1728000
1791129850.8069,4960,1280,56187,306000000,1728000
1791129850.8570,4960,1280,56062,306000000,1728000
1791129850.9071,4960,1272,56093,306000000,1728000
1791129850.9572,4960,1280,56031,306000000,1728000
1791129851.0073,4960,1280,56156,306000000,1728000
1791129851.0573,4960,1280,56250,306000000,1728000
1791129851.1074,4960,1272,56093,306000000,1728000
1791129851.1575,4960,1280,56281,306000000,1728000
1791129851.2076,4960,1280,56156,306000000,1728000
1791129851.2577,4960,1272,56250,306000000,1728000
1791129851.3078,4960,1280,56093,306000000,1728000
1791129851.3579,4960,1288,56187,306000000,1728000
1791129851.4080,4960,1280,56093,306000000,1728000
1791129851.4581,4960,1280,56187,306000000,1728000
1791129851.5081,4960,1280,56250,306000000,1728000
1791129851.5582,4960,1280,56125,306000000,1728000
1791129851.6083,4960,1272,56250,306000000,1728000
1791129851.6584,4960,1272,56125,306000000,1728000
1791129851.7085,4960,1280,56187,306000000,1728000
1791129851.7586,4960,1272,56062,306000000,1728000
1791129851.8086,4960,1280,56125,306000000,1728000
1791129851.8587,4960,1280,56093,306000000,1420800
1791129851.9088,4960,1296,56218,306000000,1728000
1791129851.9589,4960,1288,56031,306000000,1728000
1791129852.0090,4960,1280,56093,306000000,1728000
1791129852.0591,4960,1288,56250,306000000,1728000
1791129852.1092,4960,1280,56125,306000000,1728000
1791129852.1593,4960,1280,56312,306000000,1728000
1791129852.2093,4960,1280,56031,306000000,1728000
1791129852.2594,4960,1280,56093,306000000,1728000
1791129852.3095,4960,1272,56062,306000000,1728000
1791129852.3596,4960,1272,56093,306000000,1728000
1791129852.4097,4960,1280,56031,306000000,1728000
1791129852.4598,4960,1296,56125,306000000,1728000
1791129852.5099,4960,1288,56218,306000000,1728000
1791129852.5600,4960,1288,56062,306000000,1728000
1791129852.6101,4960,1288,56250,306000000,1728000
1791129852.6601,4960,1280,56031,306000000,1728000
1791129852.7102,4960,1280,56218,306000000,1728000
1791129852.7603,4960,1280,56062,306000000,1728000
1791129852.8104,4960,1280,56156,306000000,1728000
1791129852.8605,4960,1280,56031,306000000,1728000
1791129852.9105,4960,1280,56156,306000000,1728000
1791129852.9606,4960,1288,56250,306000000,1190400
1791129853.0107,4960,1288,56125,306000000,1497600
1791129853.0608,4960,1288,56281,306000000,1728000
1791129853.1109,4960,1288,56062,306000000,1728000
1791129853.1610,4960,1288,56156,306000000,1728000
1791129853.2110,4960,1280,56031,306000000,1728000
1791129853.2611,4960,1280,56187,306000000,1728000
1791129853.3112,4960,1280,55968,306000000,1728000
1791129853.3613,4960,1280,56156,306000000,1728000
1791129853.4114,4960,1272,56187,306000000,1728000
1791129853.4615,4960,1272,56156,306000000,1728000
1791129853.5115,4960,1280,56218,306000000,1728000
1791129853.5616,4960,1288,56031,306000000,1728000
1791129853.6117,4960,1288,56218,306000000,1728000
1791129853.6618,4960,1288,56062,306000000,1728000
1791129853.7119,4960,1288,56250,306000000,1728000
1791129853.7620,4960,1288,56062,306000000,1728000
1791129853.8121,4960,1280,56062,306000000,1728000
1791129853.8621,4960,1280,56312,306000000,1728000
1791129853.9122,4960,1280,56125,306000000,1728000
1791129853.9623,4960,1272,56250,306000000,1728000
1791129854.0124,4960,1272,56031,306000000,1728000
1791129854.0625,4960,1280,56156,306000000,1728000
1791129854.1125,4960,1288,56031,306000000,1728000
1791129854.1626,4960,1288,56156,306000000,1728000
1791129854.2127,4960,1288,56093,306000000,1728000
1791129854.2628,4960,1296,56156,306000000,1728000
1791129854.3129,4960,1296,56218,306000000,1728000
1791129854.3630,4960,1288,56187,306000000,1728000
1791129854.4130,4960,1288,56187,306000000,1728000
1791129854.4631,4960,1296,56031,306000000,1728000
1791129854.5132,4960,1288,56093,306000000,1728000
1791129854.5633,4960,1288,56125,306000000,1728000
1791129854.6134,4960,1280,56187,306000000,1728000
1791129854.6635,4960,1304,56000,306000000,1344000
1791129854.7136,4960,1304,56093,306000000,1728000
1791129854.7636,4960,1296,56281,306000000,1728000
1791129854.8137,4960,1296,56031,306000000,1728000
1791129854.8638,4960,1296,56250,306000000,1728000
1791129854.9138,4960,1296,56062,306000000,1728000
1791129854.9639,4960,1288,56218,306000000,1728000
1791129855.0140,4960,1288,56062,306000000,1728000
1791129855.0641,4960,1288,56156,306000000,1728000
1791129855.1141,4960,1280,56031,306000000,1728000
1791129855.1642,4960,1280,56156,306000000,1728000
1791129855.2143,4960,1288,56031,306000000,1728000
1791129855.2644,4960,1296,56125,306000000,1728000
1791129855.3145,4960,1288,56250,306000000,1728000
1791129855.3646,4960,1288,56031,306000000,1728000
1791129855.4146,4960,1288,56187,306000000,1728000
1791129855.4647,4960,1280,56125,306000000,1728000
1791129855.5148,4960,1280,56125,306000000,1728000
1791129855.5649,4960,1280,56062,306000000,1728000
1791129855.6149,4960,1280,56062,306000000,1728000
1791129855.6650,4960,1272,56218,306000000,1728000
1791129855.7151,4960,1272,56093,306000000,1728000
1791129855.7652,4960,1280,56187,306000000,1728000
1791129855.8153,4960,1288,56156,306000000,1728000
1791129855.8654,4960,1288,56187,306000000,1728000
1791129855.9155,4960,1288,56218,306000000,1728000
1791129855.9656,4960,1280,56093,306000000,1728000
1791129856.0156,4960,1288,56000,306000000,1728000
1791129856.0657,4960,1288,56125,306000000,1728000
1791129856.1158,4960,1280,56031,306000000,1728000
1791129856.1659,4960,1288,56062,306000000,1728000
1791129856.2160,4960,1296,56281,306000000,1728000
1791129856.2660,4960,1312,56031,306000000,1728000
1791129856.3161,4960,1320,56187,306000000,1728000
1791129856.3662,4952,1344,56031,306000000,1728000
1791129856.4163,4952,1336,56156,306000000,1728000
1791129856.4664,4952,1336,56062,306000000,1728000
1791129856.5165,4952,1336,56093,306000000,1728000
1791129856.5666,4952,1336,56031,306000000,1728000
1791129856.6167,4960,1328,56125,306000000,1728000
1791129856.6667,4960,1328,56250,306000000,1728000
1791129856.7168,4960,1320,56031,306000000,1728000
1791129856.7669,4960,1320,56218,306000000,1728000
1791129856.8170,4960,1312,56031,306000000,1728000
1791129856.8670,4960,1304,56093,306000000,1344000
1791129856.9171,4960,1312,56062,306000000,1728000
1791129856.9672,4960,1320,56062,306000000,1728000
1791129857.0173,4960,1312,56031,306000000,1728000
1791129857.0674,4960,1304,56156,306000000,1728000
1791129857.1175,4960,1304,56218,306000000,1728000
1791129857.1676,4960,1304,56125,306000000,1728000
1791129857.2176,4960,1304,56125,306000000,1728000
1791129857.2677,4960,1296,56093,306000000,1728000
1791129857.3178,4960,1288,56156,306000000,1728000
1791129857.3679,4960,1288,56031,306000000,1728000
1791129857.4180,4960,1288,56156,306000000,1728000
1791129857.4681,4960,1288,56031,306000000,1728000
1791129857.5182,4960,1288,56062,306000000,1728000
1791129857.5683,4960,1288,56218,306000000,1728000
1791129857.6183,4960,1288,56062,306000000,1728000
1791129857.6684,4960,1288,56218,306000000,1728000
1791129857.7185,4960,1280,56125,306000000,1728000
1791129857.7685,4960,1280,56125,306000000,1728000
1791129857.8186,4960,1272,56093,306000000,1728000
1791129857.8687,4960,1272,56156,306000000,1728000
1791129857.9188,4960,1272,56093,306000000,1728000
1791129857.9688,4960,1264,56062,306000000,1728000
1791129858.0189,4960,1272,56250,306000000,1728000
1791129858.0690,4960,1288,56062,306000000,1728000
1791129858.1191,4960,1280,56218,306000000,1728000
1791129858.1692,4960,1272,56031,306000000,1728000
1791129858.2193,4960,1280,56093,306000000,1728000
1791129858.2694,4960,1280,56062,306000000,1728000
1791129858.3194,4960,1272,56125,306000000,1728000
1791129858.3695,4960,1272,56031,306000000,1728000
1791129858.4196,4960,1280,56093,306000000,1728000
1791129858.4697,4960,1272,56187,306000000,1728000
1791129858.5198,4960,1272,56062,306000000,1728000
1791129858.5699,4960,1280,56156,306000000,1728000
1791129858.6200,4960,1288,56062,306000000,1728000
1791129858.6700,4960,1280,56187,306000000,1728000
1791129858.7201,4960,1288,56031,306000000,1728000
1791129858.7702,4960,1288,56093,306000000,1728000
1791129858.8203,4960,1280,56031,306000000,1728000
1791129858.8704,4960,1280,56156,306000000,1728000
1791129858.9204,4960,1280,56187,306000000,1728000
1791129858.9705,4960,1272,56031,306000000,1728000
1791129859.0206,4960,1272,56218,306000000,1728000
1791129859.0707,4960,1280,56125,306000000,1728000
1791129859.1208,4960,1288,56218,306000000,1728000
1791129859.1709,4960,1288,55968,306000000,1728000
1791129859.2210,4960,1288,56062,306000000,1728000
1791129859.2711,4960,1288,56125,306000000,1728000
1791129859.3211,4960,1288,56156,306000000,1728000
1791129859.3712,4960,1288,56250,306000000,1728000
1791129859.4213,4960,1288,56031,306000000,1728000
1791129859.4714,4960,1288,56156,306000000,1728000
1791129859.5215,4960,1288,56031,306000000,1728000
1791129859.5715,4960,1288,56156,306000000,1728000
1791129859.6216,4960,1272,56031,306000000,1728000
1791129859.6717,4960,1280,56125,306000000,1728000
1791129859.7218,4960,1296,56031,306000000,1728000
1791129859.7719,4960,1296,56062,306000000,1728000
1791129859.8220,4960,1288,56000,306000000,1728000
1791129859.8720,4960,1288,56062,306000000,1728000
1791129859.9221,4960,1288,56218,306000000,1728000
1791129859.9722,4960,1288,55968,306000000,1728000
1791129860.0223,4960,1288,56218,306000000,1728000
1791129860.0724,4960,1280,56000,306000000,1728000
1791129860.1225,4960,1272,56000,306000000,1728000
1791129860.1725,4960,1280,56062,306000000,1728000
1791129860.2226,4960,1272,56062,306000000,1728000
1791129860.2727,4960,1280,55937,306000000,1267200
1791129860.3228,4960,1288,56093,306000000,1728000
1791129860.3729,4960,1288,56187,306000000,1728000
1791129860.4230,4960,1280,56031,306000000,1728000
1791129860.4731,4960,1272,56187,306000000,1728000
1791129860.5231,4960,1272,56062,306000000,1728000
1791129860.5732,4960,1272,56093,306000000,1728000
1791129860.6233,4960,1264,56000,306000000,1728000
1791129860.6734,4960,1272,56062,306000000,1728000
1791129860.7235,4960,1280,55968,306000000,1728000
1791129860.7736,4960,1280,56031,306000000,1728000
1791129860.8237,4960,1280,56031,306000000,1728000
1791129860.8738,4960,1288,56031,306000000,1728000
1791129860.9239,4960,1288,56125,306000000,1728000
1791129860.9740,4960,1288,56031,306000000,1728000
1791129861.0241,4960,1280,56031,306000000,1728000
1791129861.0741,4960,1272,56062,306000000,1728000
1791129861.1242,4960,1280,56062,306000000,1728000
1791129861.1743,4960,1272,56031,306000000,1728000
1791129861.2244,4960,1264,56156,306000000,1728000
1791129861.2745,4960,1272,56125,306000000,1728000
1791129861.3246,4960,1280,56031,306000000,1728000
1791129861.3747,4960,1280,56093,306000000,1344000
1791129861.4248,4960,1288,56031,306000000,1728000
1791129861.4748,4960,1288,56031,306000000,1728000
1791129861.5249,4960,1280,55968,306000000,1728000
1791129861.5750,4960,1272,56125,306000000,1728000
1791129861.6251,4960,1280,56031,306000000,1728000
1791129861.6752,4960,1280,56156,306000000,1728000
1791129861.7253,4960,1272,56000,306000000,1728000
1791129861.7754,4960,1280,56031,306000000,1728000
1791129861.8255,4960,1280,56250,306000000,1728000
1791129861.8755,4960,1272,56031,306000000,1728000
1791129861.9256,4960,1280,56218,306000000,1728000
1791129861.9757,4960,1288,55937,306000000,1728000
1791129862.0258,4960,1288,56125,306000000,1728000
1791129862.0759,4960,1288,56031,306000000,1728000
1791129862.1260,4960,1272,56125,306000000,1728000
1791129862.1761,4960,1280,56187,306000000,1728000
1791129862.2261,4960,1280,56093,306000000,1728000
1791129862.2762,4960,1280,56125,306000000,1728000
1791129862.3263,4960,1272,56031,306000000,1728000
1791129862.3764,4960,1272,56187,306000000,1728000
1791129862.4264,4960,1280,56031,306000000,1728000
1791129862.4765,4960,1280,56093,306000000,1728000
1791129862.5266,4960,1288,56031,306000000,1728000
1791129862.5767,4960,1288,56093,306000000,1728000
1791129862.6268,4960,1296,56031,306000000,1728000
1791129862.6769,4960,1288,56031,306000000,1728000
1791129862.7270,4960,1280,56187,306000000,1728000
1791129862.7770,4960,1280,56031,306000000,1728000
1791129862.8271,4960,1288,56187,306000000,1728000
1791129862.8772,4960,1288,56031,306000000,1728000
1791129862.9273,4960,1280,56093,306000000,1728000
1791129862.9774,4960,1280,56000,306000000,1728000
1791129863.0274,4960,1280,56062,306000000,1728000
1791129863.0775,4960,1288,55968,306000000,1728000
1791129863.1276,4960,1288,56031,306000000,1728000
1791129863.1777,4960,1288,56187,306000000,1728000
1791129863.2278,4960,1288,56093,306000000,1728000
1791129863.2779,4960,1288,56218,306000000,1728000
1791129863.3280,4960,1280,56062,306000000,1728000
1791129863.3780,4960,1280,56093,306000000,1728000
1791129863.4281,4960,1280,56031,306000000,1728000
1791129863.4782,4960,1280,56031,306000000,1728000
1791129863.5283,4960,1280,56062,306000000,1728000
1791129863.5784,4960,1280,56093,306000000,1728000
1791129863.6285,4960,1296,56187,306000000,1728000
1791129863.6786,4960,1304,56031,306000000,1728000
1791129863.7287,4960,1296,56125,306000000,1728000
1791129863.7788,4960,1288,56093,306000000,1728000
1791129863.8288,4960,1288,56031,306000000,1728000
1791129863.8789,4960,1296,56062,306000000,1728000
1791129863.9290,4960,1296,56125,306000000,1728000
1791129863.9791,4960,1288,55968,306000000,1728000
1791129864.0292,4960,1280,56093,306000000,1728000
1791129864.0793,4960,1280,56218,306000000,1728000
1791129864.1294,4960,1280,56031,306000000,1728000
1791129864.1794,4960,1280,56250,306000000,1728000
1791129864.2295,4960,1288,56062,306000000,1728000
1791129864.2796,4960,1288,56062,306000000,1728000
1791129864.3297,4960,1288,55968,306000000,1728000
1791129864.3798,4960,1288,56062,306000000,1728000
1791129864.4299,4960,1288,56062,306000000,1728000
1791129864.4800,4960,1280,56125,306000000,1728000
1791129864.5300,4960,1280,56187,306000000,1728000
1791129864.5801,4960,1280,56062,306000000,1728000
1791129864.6302,4960,1280,56187,306000000,1728000
1791129864.6803,4960,1280,56093,306000000,1728000
1791129864.7304,4960,1280,56250,306000000,1728000
1791129864.7805,4960,1280,56031,306000000,1728000
1791129864.8306,4960,1280,56093,306000000,1728000
1791129864.8807,4960,1280,56031,306000000,1728000
1791129864.9308,4960,1272,56156,306000000,1728000
1791129864.9808,4960,1272,56187,306000000,1728000
1791129865.0309,4960,1280,56031,306000000,1728000
1791129865.0810,4960,1272,56125,306000000,1728000
1791129865.1311,4960,1264,56062,306000000,1728000
1791129865.1812,4960,1272,56187,306000000,1728000
1791129865.2313,4960,1280,56031,306000000,1728000
1791129865.2814,4960,1272,56093,306000000,1190400
1791129865.3315,4960,1280,55968,306000000,1728000
1791129865.3816,4960,1280,56125,306000000,1728000
1791129865.4317,4960,1280,56218,306000000,1728000
1791129865.4817,4960,1280,56031,306000000,1728000
1791129865.5318,4960,1280,56156,306000000,1728000
1791129865.5819,4960,1280,56062,306000000,1728000
1791129865.6320,4960,1280,56125,306000000,1728000
1791129865.6821,4960,1272,55968,306000000,1728000
1791129865.7321,4960,1272,56062,306000000,1728000
1791129865.7822,4960,1272,56062,306000000,1728000
1791129865.8323,4960,1272,56062,306000000,1728000
1791129865.8824,4960,1280,56031,306000000,1728000
1791129865.9325,4960,1288,56031,306000000,1728000
1791129865.9826,4960,1280,56156,306000000,1728000
1791129866.0327,4960,1280,56062,306000000,1728000
1791129866.0827,4960,1280,56187,306000000,1728000
1791129866.1328,4960,1280,56093,306000000,1728000
1791129866.1829,4960,1280,56000,306000000,1728000
1791129866.2330,4960,1272,56031,306000000,1728000
1791129866.2831,4960,1280,56125,306000000,1728000
1791129866.3331,4960,1280,56031,306000000,1728000
1791129866.3832,4960,1272,56031,306000000,1728000
1791129866.4333,4960,1288,56187,306000000,1728000
1791129866.4834,4960,1296,56031,306000000,1728000
1791129866.5335,4960,1288,56187,306000000,1728000
1791129866.5836,4960,1280,56062,306000000,1728000
1791129866.6337,4960,1280,56156,306000000,1728000
1791129866.6837,4960,1280,55968,306000000,1728000
1791129866.7338,4960,1280,56031,306000000,1728000
1791129866.7839,4960,1280,55937,306000000,1728000
1791129866.8340,4960,1280,56031,306000000,1728000
1791129866.8841,4960,1280,56187,306000000,1728000
1791129866.9342,4960,1272,56000,306000000,1728000
1791129866.9843,4960,1280,56156,306000000,1728000
1791129867.0344,4960,1288,56031,306000000,1728000
1791129867.0845,4960,1288,56031,306000000,1728000
1791129867.1345,4960,1288,56000,306000000,1728000
1791129867.1846,4960,1280,56093,306000000,1728000
1791129867.2347,4960,1288,56000,306000000,1728000
1791129867.2848,4960,1280,56031,306000000,1728000
1791129867.3349,4960,1280,56281,306000000,1728000
1791129867.3849,4960,1280,56031,306000000,1728000
1791129867.4350,4960,1280,56156,306000000,1728000
1791129867.4851,4960,1280,56031,306000000,1728000
1791129867.5352,4960,1280,56093,306000000,1728000
1791129867.5853,4960,1288,55968,306000000,1728000
1791129867.6354,4960,1296,56093,306000000,1728000
1791129867.6854,4960,1288,56000,306000000,1728000
1791129867.7355,4960,1280,56062,306000000,1728000
1791129867.7856,4960,1280,56187,306000000,1728000
1791129867.8357,4960,1280,56031,306000000,1728000
1791129867.8858,4960,1280,56156,306000000,1728000
1791129867.9359,4960,1272,55968,306000000,1728000
1791129867.9860,4960,1280,56093,306000000,1728000
1791129868.0361,4960,1280,55937,306000000,1728000
1791129868.0861,4960,1272,56125,306000000,1728000
1791129868.1362,4960,1280,56000,306000000,1728000
1791129868.1863,4960,1280,56062,306000000,1728000
1791129868.2364,4960,1288,56031,306000000,1728000
1791129868.2865,4960,1280,55968,306000000,1728000
1791129868.3366,4960,1280,56156,306000000,1728000
1791129868.3867,4960,1280,56031,306000000,1728000
1791129868.4368,4960,1280,56156,306000000,1728000
1791129868.4868,4960,1280,55968,306000000,1728000
1791129868.5369,4960,1272,56093,306000000,1728000
1791129868.5870,4960,1272,55968,306000000,1728000
1791129868.6371,4960,1272,56031,306000000,1728000
1791129868.6872,4960,1280,56031,306000000,1420800
1791129868.7373,4960,1280,56031,306000000,1728000
1791129868.7874,4960,1280,56218,306000000,1728000
1791129868.8375,4960,1280,56031,306000000,1728000
1791129868.8876,4960,1272,56093,306000000,1728000
1791129868.9376,4960,1272,55906,306000000,1728000
1791129868.9877,4960,1280,56031,306000000,1728000
1791129869.0378,4960,1272,55906,306000000,1728000
1791129869.0879,4960,1272,56031,306000000,1728000
1791129869.1380,4960,1264,55843,306000000,1728000
1791129869.1881,4960,1264,55968,306000000,1728000
1791129869.2382,4960,1272,56156,306000000,1728000
1791129869.2882,4960,1280,56031,306000000,1728000
1791129869.3383,4960,1280,56125,306000000,1728000
1791129869.3884,4960,1264,55937,306000000,1728000
1791129869.4385,4960,1264,56062,306000000,1728000
1791129869.4886,4960,1272,55937,306000000,1728000
1791129869.5386,4960,1272,56031,306000000,1728000
1791129869.5887,4960,1272,55875,306000000,1728000
1791129869.6388,4960,1264,55968,306000000,1728000
1791129869.6889,4960,1272,56187,306000000,1728000
1791129869.7390,4960,1272,56000,306000000,1728000
1791129869.7891,4960,1272,56125,306000000,1344000
1791129869.8392,4960,1280,55968,306000000,1728000
1791129869.8892,4960,1280,56031,306000000,1728000
1791129869.9393,4960,1280,55906,306000000,1728000
1791129869.9894,4960,1272,56062,306000000,1728000
1791129870.0395,4960,1280,55875,306000000,1728000
1791129870.0896,4960,1280,56000,306000000,1728000
1791129870.1397,4960,1280,56156,306000000,1728000
1791129870.1898,4960,1272,55968,306000000,1728000
1791129870.2398,4960,1272,56187,306000000,1728000
1791129870.2899,4960,1280,56000,306000000,1728000
1791129870.3400,4960,1280,56093,306000000,1344000
1791129870.3901,4960,1288,55937,306000000,1728000
1791129870.4402,4960,1288,56000,306000000,1728000
1791129870.4903,4960,1280,55906,306000000,1728000
1791129870.5404,4960,1272,56000,306000000,1728000
1791129870.5904,4960,1280,55843,306000000,1728000
1791129870.6405,4960,1280,56031,306000000,1728000
1791129870.6906,4960,1272,56031,306000000,1728000
1791129870.7407,4960,1272,56031,306000000,1728000
1791129870.7908,4960,1272,56031,306000000,1728000
1791129870.8409,4960,1272,55843,306000000,1728000
1791129870.8910,4960,1272,56031,306000000,1344000
1791129870.9411,4960,1288,55906,306000000,1728000
1791129870.9911,4960,1288,55968,306000000,1728000
1791129871.0412,4960,1280,55906,306000000,1728000
1791129871.0913,4960,1272,56000,306000000,1728000
1791129871.1414,4960,1280,56187,306000000,1728000
1791129871.1915,4960,1280,56000,306000000,1728000
1791129871.2415,4960,1272,56093,306000000,1728000
1791129871.2916,4960,1272,55875,306000000,1728000
1791129871.3417,4960,1272,55937,306000000,1728000
1791129871.3918,4960,1280,55968,306000000,1728000
1791129871.4419,4960,1272,56000,306000000,1728000
1791129871.4920,4960,1288,55906,306000000,1420800
1791129871.5421,4960,1288,55906,306000000,1728000
1791129871.5921,4960,1288,56093,306000000,1728000
1791129871.6422,4960,1280,55937,306000000,1728000
1791129871.6923,4960,1280,56062,306000000,1728000
1791129871.7424,4960,1280,55875,306000000,1728000
1791129871.7925,4960,1272,55968,306000000,1728000
1791129871.8426,4960,1280,56000,306000000,1728000
1791129871.8926,4960,1272,56062,306000000,1728000
1791129871.9427,4960,1272,55906,306000000,1728000
1791129871.9928,4960,1272,56000,306000000,1728000
1791129872.0429,4960,1288,56125,306000000,1420800
1791129872.0930,4960,1288,56031,306000000,1728000
1791129872.1431,4960,1288,56125,306000000,1728000
1791129872.1931,4960,1280,56000,306000000,1728000
1791129872.2432,4960,1288,56031,306000000,1728000
1791129872.2933,4960,1280,55906,306000000,1728000
1791129872.3434,4960,1272,56031,306000000,1728000
1791129872.3935,4960,1272,55937,306000000,1728000
1791129872.4436,4960,1280,55968,306000000,1728000
1791129872.4937,4960,1272,56156,306000000,1728000
1791129872.5438,4960,1272,55968,306000000,1728000
1791129872.5939,4960,1280,56031,306000000,1728000
1791129872.6440,4960,1280,55906,306000000,1728000
1791129872.6940,4960,1280,56031,306000000,1728000
1791129872.7441,4960,1280,55937,306000000,1728000
1791129872.7942,4960,1280,56031,306000000,1728000
1791129872.8443,4960,1280,55937,306000000,1728000
1791129872.8944,4960,1280,55968,306000000,1728000
1791129872.9445,4960,1280,55875,306000000,1728000
1791129872.9946,4960,1280,55906,306000000,1728000
1791129873.0446,4960,1280,56125,306000000,1728000
1791129873.0947,4960,1288,55906,306000000,1728000
1791129873.1448,4960,1296,56031,306000000,1728000
1791129873.1949,4960,1296,55937,306000000,1728000
1791129873.2450,4960,1296,56031,306000000,1728000
1791129873.2951,4960,1296,55906,306000000,1728000
1791129873.3452,4960,1288,55875,306000000,1728000
1791129873.3952,4960,1288,55875,306000000,1728000
1791129873.4453,4960,1288,56031,306000000,1728000
1791129873.4954,4960,1288,56031,306000000,1728000
1791129873.5455,4960,1288,55906,306000000,1728000
1791129873.5956,4960,1280,55937,306000000,1728000
1791129873.6456,4960,1280,55843,306000000,1728000
1791129873.6957,4960,1288,56031,306000000,1728000
1791129873.7458,4960,1296,55843,306000000,1728000
1791129873.7959,4960,1288,56000,306000000,1728000
1791129873.8460,4960,1288,55875,306000000,1728000
1791129873.8961,4960,1296,55937,306000000,1728000
1791129873.9462,4960,1288,56125,306000000,1728000
1791129873.9963,4960,1280,55968,306000000,1728000
1791129874.0463,4960,1288,56093,306000000,1728000
1791129874.0964,4960,1288,55875,306000000,1728000
1791129874.1465,4960,1280,56000,306000000,1728000
1791129874.1966,4960,1272,55875,306000000,1728000
1791129874.2467,4960,1280,55937,306000000,1728000
1791129874.2968,4960,1296,55875,306000000,1036800
1791129874.3468,4960,1280,56000,306000000,1728000
1791129874.3969,4960,1280,56125,306000000,1728000
1791129874.4470,4960,1288,55937,306000000,1728000
1791129874.4971,4960,1288,56031,306000000,1728000
1791129874.5472,4960,1280,56031,306000000,1728000
1791129874.5972,4960,1280,55968,306000000,1728000
1791129874.6473,4960,1280,55875,306000000,1728000
1791129874.6974,4960,1280,55875,306000000,1728000
1791129874.7475,4960,1280,55937,306000000,1728000
1791129874.7976,4960,1272,55906,306000000,1728000
1791129874.8477,4960,1288,56062,306000000,1728000
1791129874.8978,4960,1296,55937,306000000,1728000
1791129874.9479,4960,1288,56125,306000000,1728000
1791129874.9979,4960,1288,55937,306000000,1728000
1791129875.0480,4960,1288,55906,306000000,1728000
1791129875.0981,4960,1280,55843,306000000,1728000
1791129875.1482,4960,1280,56031,306000000,1728000
1791129875.1983,4960,1280,55937,306000000,1728000
1791129875.2483,4960,1280,55875,306000000,1728000
1791129875.2984,4960,1272,55937,306000000,1728000
1791129875.3485,4960,1272,56000,306000000,1728000
1791129875.3986,4960,1280,56031,306000000,1267200
1791129875.4487,4960,1288,55937,306000000,1728000
1791129875.4988,4960,1272,55968,306000000,1728000
1791129875.5488,4960,1280,56000,306000000,1728000
1791129875.5989,4960,1280,56000,306000000,1728000
1791129875.6490,4960,1272,55812,306000000,1728000
1791129875.6991,4960,1272,55968,306000000,1728000
1791129875.7492,4960,1272,55843,306000000,1728000
1791129875.7993,4960,1272,55937,306000000,1728000
1791129875.8494,4960,1264,56062,306000000,1728000
1791129875.8994,4960,1264,55906,306000000,1728000
1791129875.9496,4960,1280,56000,306000000,1497600
1791129875.9996,4960,1280,55906,306000000,1728000
1791129876.0497,4960,1272,56000,306000000,1728000
1791129876.0998,4960,1280,55937,306000000,1728000
1791129876.1499,4960,1280,55968,306000000,1728000
1791129876.2000,4960,1272,55812,306000000,1728000
1791129876.2501,4960,1272,55906,306000000,1267200
1791129876.3002,4960,1272,56125,306000000,1728000
1791129876.3502,4960,1272,55906,306000000,1728000
1791129876.4003,4960,1264,56031,306000000,1728000
1791129876.4504,4960,1264,56031,306000000,1728000
1791129876.5005,4960,1272,55937,306000000,1728000
1791129876.5506,4960,1272,55875,306000000,1728000
1791129876.6007,4960,1296,55843,306000000,1267200
1791129876.6508,4960,1312,55843,306000000,1574400
1791129876.7009,4952,1336,55968,306000000,1728000
1791129876.7511,4952,1360,56281,306000000,1728000
1791129876.8012,4952,1384,56000,306000000,1728000
1791129876.8513,4952,1384,56062,306000000,1728000
1791129876.9014,4952,1376,55843,306000000,1728000
1791129876.9515,4952,1360,56000,306000000,1728000
1791129877.0016,4952,1352,55843,306000000,1267200
1791129877.0517,4952,1352,56031,306000000,1728000
1791129877.1018,4952,1360,55812,306000000,1728000
1791129877.1519,4952,1344,55937,306000000,1728000
1791129877.2020,4952,1344,56093,306000000,1420800
1791129877.2521,4952,1352,56000,306000000,1728000
1791129877.3022,4952,1360,56031,306000000,1728000
1791129877.3522,4952,1368,55968,306000000,1728000
1791129877.4023,4952,1384,56000,306000000,1728000
1791129877.4524,4952,1408,56031,306000000,1728000
1791129877.5025,4952,1416,56031,306000000,1728000
1791129877.5525,4952,1424,55906,306000000,1728000
1791129877.6030,4952,1440,56000,306000000,1728000
1791129877.6531,4952,1456,56156,306000000,1728000
1791129877.7032,4952,1464,56031,306000000,1728000
1791129877.7533,4952,1464,56156,306000000,1728000
1791129877.8034,4952,1472,55968,306000000,1728000
1791129877.8535,4952,1472,56031,306000000,1728000
1791129877.9035,4952,1472,55968,306000000,1728000
1791129877.9536,4952,1480,55968,306000000,1728000
1791129878.0037,4952,1488,56093,306000000,1728000
1791129878.0538,4952,1488,56000,306000000,1728000
1791129878.1039,4952,1488,56031,306000000,1728000
1791129878.1540,4952,1496,56000,306000000,1728000
1791129878.2041,4952,1512,56125,306000000,1728000
1791129878.2542,4952,1512,56062,306000000,1728000
1791129878.3043,4952,1504,56093,306000000,1728000
1791129878.3544,4952,1504,55968,306000000,1728000
1791129878.4045,4952,1504,56093,306000000,1728000
1791129878.4546,4952,1504,56062,306000000,1728000
1791129878.5047,4952,1504,56031,306000000,1728000
1791129878.5548,4952,1504,56062,306000000,1728000
1791129878.6049,4952,1512,56000,306000000,1728000
1791129878.6550,4952,1512,56218,306000000,1728000
1791129878.7051,4952,1512,56156,306000000,1728000
1791129878.7552,4952,1520,56125,306000000,1728000
1791129878.8053,4952,1520,56125,306000000,1728000
1791129878.8554,4952,1520,56062,306000000,1728000
1791129878.9055,4952,1512,56000,306000000,1728000
1791129878.9556,4952,1512,56062,306000000,1728000
1791129879.0056,4952,1520,56187,306000000,1728000
1791129879.0557,4952,1520,55968,306000000,1728000
1791129879.1058,4952,1512,56187,306000000,1728000
1791129879.1559,4952,1512,56062,306000000,1728000
1791129879.2060,4952,1512,56125,306000000,1728000
1791129879.2561,4952,1520,56281,306000000,1728000
1791129879.3062,4952,1520,56156,306000000,1728000
1791129879.3563,4952,1520,56187,306000000,1728000
1791129879.4064,4952,1528,56031,306000000,1728000
1791129879.4565,4952,1520,56000,306000000,1728000
1791129879.5066,4952,1520,56062,306000000,1728000
1791129879.5567,4952,1520,56250,306000000,1728000
1791129879.6068,4952,1512,56062,306000000,1728000
1791129879.6569,4952,1504,56250,306000000,1728000
1791129879.7070,4952,1504,56062,306000000,1728000
1791129879.7570,4952,1512,56125,306000000,1728000
1791129879.8071,4952,1512,56312,306000000,1728000
1791129879.8572,4952,1520,56187,306000000,1728000
1791129879.9073,4952,1496,56031,306000000,1344000
1791129879.9574,4952,1472,56062,306000000,1728000
1791129880.0075,4952,1448,56031,306000000,1728000
1791129880.0576,4952,1424,56062,306000000,1728000
1791129880.1077,4952,1416,56281,306000000,1728000
1791129880.1578,4952,1400,56000,306000000,1728000
1791129880.2079,4952,1384,56156,306000000,1728000
1791129880.2579,4952,1376,56093,306000000,1728000
1791129880.3080,4952,1360,56093,306000000,1728000
1791129880.3581,4952,1360,56062,306000000,1728000
1791129880.4082,4952,1360,56125,306000000,1728000
1791129880.4583,4952,1344,55968,306000000,1728000
1791129880.5083,4952,1336,56093,306000000,1728000
1791129880.5584,4952,1328,56156,306000000,1728000
1791129880.6085,4952,1328,56000,306000000,1728000
1791129880.6589,4960,1320,56187,306000000,1728000
1791129880.7090,4960,1320,56031,306000000,1728000
1791129880.7590,4960,1304,56031,306000000,1728000
1791129880.8091,4960,1304,56031,306000000,1728000
1791129880.8592,4960,1304,56093,306000000,1728000
1791129880.9093,4960,1304,56000,306000000,1728000
1791129880.9594,4960,1304,56062,306000000,1728000
1791129881.0095,4960,1304,56125,306000000,1728000
1791129881.0596,4960,1304,56031,306000000,1728000
1791129881.1097,4960,1304,56187,306000000,1728000
1791129881.1598,4960,1296,56031,306000000,1728000
1791129881.2099,4960,1296,56062,306000000,1728000
1791129881.2600,4960,1296,55968,306000000,1728000
1791129881.3101,4960,1296,56031,306000000,1728000
1791129881.3602,4960,1296,56031,306000000,1728000
1791129881.4103,4960,1288,56031,306000000,1728000
1791129881.4603,4960,1288,56156,306000000,1728000
1791129881.5104,4960,1304,55937,306000000,1728000
1791129881.5605,4960,1304,56093,306000000,1728000
1791129881.6106,4960,1288,55968,306000000,1728000
1791129881.6607,4960,1288,56031,306000000,1728000
1791129881.7108,4960,1288,55937,306000000,1728000
1791129881.7608,4960,1288,56031,306000000,1728000
1791129881.8109,4960,1280,55937,306000000,1728000
1791129881.8610,4960,1280,56031,306000000,1728000
1791129881.9111,4960,1280,56187,306000000,1728000
1791129881.9611,4960,1272,56031,306000000,1728000
1791129882.0112,4960,1280,56093,306000000,1728000
1791129882.0613,4960,1288,55937,306000000,1728000
1791129882.1114,4960,1288,56031,306000000,1728000
1791129882.1615,4960,1280,55968,306000000,1728000
1791129882.2115,4960,1288,56000,306000000,1728000
1791129882.2616,4960,1280,55875,306000000,1728000
1791129882.3117,4960,1272,55937,306000000,1728000
1791129882.3618,4960,1280,55875,306000000,1728000
1791129882.4119,4960,1280,56031,306000000,1728000
1791129882.4619,4960,1288,56125,306000000,1728000
1791129882.5120,4960,1280,55937,306000000,1728000
1791129882.5621,4960,1280,56062,306000000,1728000
1791129882.6122,4960,1288,56000,306000000,1728000
1791129882.6623,4960,1296,55968,306000000,1728000
1791129882.7124,4960,1296,55968,306000000,1728000
1791129882.7625,4960,1280,56031,306000000,1728000
1791129882.8126,4960,1280,55937,306000000,1728000
1791129882.8626,4960,1280,55968,306000000,1728000
1791129882.9127,4960,1272,56062,306000000,1728000
1791129882.9628,4960,1256,55906,306000000,1728000
1791129883.0129,4960,1248,56031,306000000,1728000
1791129883.0629,4960,1248,56000,306000000,1728000
1791129883.1130,4960,1240,56031,306000000,1728000
1791129883.1631,4960,1240,55906,306000000,1728000
1791129883.2132,4960,1248,56031,306000000,1728000
1791129883.2633,4960,1240,55968,306000000,1728000
1791129883.3134,4960,1240,56031,306000000,1728000
1791129883.3634,4960,1232,56187,306000000,1728000
1791129883.4135,4960,1232,55937,306000000,1728000
1791129883.4636,4960,1224,56062,306000000,1728000
1791129883.5136,4960,1224,55906,306000000,1728000
1791129883.5637,4960,1224,56031,306000000,1728000
1791129883.6138,4960,1216,55937,306000000,1728000
1791129883.6639,4960,1216,55968,306000000,1728000
1791129883.7140,4960,1216,55968,306000000,1728000
1791129883.7641,4960,1224,55968,306000000,1728000
1791129883.8141,4960,1224,56125,306000000,1728000
1791129883.8642,4960,1224,56031,306000000,1728000
1791129883.9143,4960,1216,56031,306000000,1728000
1791129883.9644,4960,1216,56000,306000000,1728000
1791129884.0145,4960,1216,55968,306000000,1728000
1791129884.0645,4960,1216,55937,306000000,1728000
1791129884.1146,4960,1208,55937,306000000,1728000
1791129884.1647,4960,1208,55937,306000000,1728000
1791129884.2148,4960,1208,56000,306000000,1728000
1791129884.2649,4960,1208,56125,306000000,1728000
1791129884.3150,4960,1224,55937,306000000,1728000
1791129884.3651,4960,1224,56062,306000000,1728000
1791129884.4152,4960,1216,56000,306000000,1728000
1791129884.4652,4960,1216,55937,306000000,1728000
1791129884.5153,4960,1216,55937,306000000,1728000
1791129884.5654,4960,1216,56031,306000000,1728000
1791129884.6155,4960,1208,55906,306000000,1728000
1791129884.6656,4960,1208,56000,306000000,1728000
1791129884.7157,4960,1208,55875,306000000,1728000
1791129884.7657,4960,1208,55937,306000000,1728000
1791129884.8158,4960,1208,56031,306000000,1728000
1791129884.8659,4960,1224,55875,306000000,1728000
1791129884.9160,4960,1224,56031,306000000,1728000
1791129884.9661,4960,1216,55906,306000000,1728000
1791129885.0162,4960,1216,56000,306000000,1728000
1791129885.0663,4960,1216,55937,306000000,1728000
1791129885.1164,4960,1216,55937,306000000,1728000
1791129885.1665,4960,1216,55968,306000000,1728000
1791129885.2165,4960,1208,55937,306000000,1728000
1791129885.2666,4960,1208,56031,306000000,1728000
1791129885.3167,4960,1208,55937,306000000,1728000
1791129885.3668,4960,1208,56062,306000000,1728000
1791129885.4169,4960,1240,55875,306000000,1728000
1791129885.4670,4960,1248,56000,306000000,1728000
1791129885.5171,4960,1256,56000,306000000,1728000
1791129885.5672,4960,1248,56000,306000000,1728000
1791129885.6173,4960,1256,55875,306000000,1728000
1791129885.6674,4960,1264,55843,306000000,1728000
1791129885.7174,4960,1272,56093,306000000,1728000
1791129885.7675,4960,1264,55906,306000000,1728000
1791129885.8176,4960,1256,56031,306000000,1728000
1791129885.8677,4960,1232,55937,306000000,1728000
