1791128541.8708,4968,976,55343,306000000,1728000
1791128541.9208,4968,1032,55562,306000000,1728000
1791128541.9709,4968,1096,55750,306000000,1728000
1791128542.0210,4968,1104,55375,306000000,1728000
1791128542.0711,4968,1120,55500,306000000,1728000
1791128542.1211,4968,1136,55312,306000000,1728000
1791128542.1712,4968,1152,55312,306000000,1728000
1791128542.2213,4960,1152,55531,306000000,1728000
1791128542.2713,4960,1160,55375,306000000,1728000
1791128542.3214,4960,1168,55468,306000000,1728000
1791128542.3715,4960,1168,55250,306000000,1728000
1791128542.4216,4960,1176,55468,306000000,1728000
1791128542.4716,4960,1176,55343,306000000,1728000
1791128542.5217,4960,1176,55437,306000000,1728000
1791128542.5718,4960,1184,55312,306000000,1728000
1791128542.6218,4960,1192,55343,306000000,1728000
1791128542.6719,4960,1208,55500,306000000,1728000
1791128542.7220,4960,1208,55375,306000000,1728000
1791128542.7721,4960,1208,55531,306000000,1728000
1791128542.8222,4960,1200,55406,306000000,1728000
1791128542.8722,4960,1200,55468,306000000,1728000
1791128542.9223,4960,1200,55468,306000000,1728000
1791128542.9724,4960,1200,55468,306000000,1728000
1791128543.0224,4960,1208,55343,306000000,1728000
1791128543.0725,4960,1216,55343,306000000,1728000
1791128543.1226,4960,1240,55343,306000000,1728000
1791128543.1727,4960,1264,55375,306000000,1728000
1791128543.2227,4960,1296,55468,306000000,1651200
1791128543.2728,4960,1304,55343,306000000,1728000
1791128543.3229,4960,1304,55500,306000000,1728000
1791128543.3730,4960,1304,55343,306000000,1728000
1791128543.4231,4960,1304,55406,306000000,1420800
1791128543.4731,4960,1304,55281,306000000,1728000
1791128543.5232,4960,1312,55437,306000000,1344000
1791128543.5733,4960,1304,55312,306000000,1728000
1791128543.6234,4960,1304,55437,306000000,1728000
1791128543.6734,4960,1296,55531,306000000,1728000
1791128543.7235,4960,1304,55343,306000000,1728000
1791128543.7736,4960,1312,55468,306000000,1728000
1791128543.8237,4960,1312,55312,306000000,1728000
1791128543.8738,4960,1304,55312,306000000,1728000
1791128543.9238,4960,1304,55343,306000000,1728000
1791128543.9739,4960,1304,55375,306000000,1728000
1791128544.0240,4960,1296,55375,306000000,1728000
1791128544.0749,4960,1296,55468,306000000,1728000
1791128544.1250,4960,1296,55531,306000000,1728000
1791128544.1751,4960,1296,55406,306000000,1728000
1791128544.2252,4960,1288,55531,306000000,1728000
1791128544.2753,4960,1288,55406,306000000,1728000
1791128544.3254,4960,1312,55500,306000000,1728000
1791128544.3755,4960,1304,55375,306000000,1190400
1791128544.4255,4960,1296,55500,306000000,1728000
1791128544.4756,4960,1296,55343,306000000,1728000
1791128544.5257,4960,1304,55437,306000000,1344000
1791128544.5758,4960,1304,55562,306000000,1728000
1791128544.6259,4960,1296,55406,306000000,1728000
1791128544.6760,4960,1296,55531,306000000,1728000
1791128544.7261,4960,1296,55343,306000000,1728000
1791128544.7762,4960,1296,55468,306000000,1728000
1791128544.8263,4960,1296,55343,306000000,1728000
1791128544.8764,4960,1304,55437,306000000,1728000
1791128544.9265,4960,1304,55343,306000000,1728000
1791128544.9766,4960,1304,55375,306000000,1728000
1791128545.0266,4960,1296,55500,306000000,1728000
1791128545.0767,4960,1288,55375,306000000,1728000
1791128545.1268,4960,1296,55500,306000000,1344000
1791128545.1769,4960,1288,55375,306000000,1728000
1791128545.2270,4960,1288,55437,306000000,1728000
1791128545.2771,4960,1288,55343,306000000,1728000
1791128545.3272,4960,1288,55406,306000000,1036800
1791128545.3773,4960,1280,55375,306000000,1728000
1791128545.4274,4960,1288,55343,306000000,1728000
1791128545.4774,4960,1296,55343,306000000,1728000
1791128545.5275,4960,1288,55343,306000000,1728000
1791128545.5776,4960,1288,55531,306000000,1728000
1791128545.6277,4960,1288,55375,306000000,1728000
1791128545.6778,4960,1288,55531,306000000,1728000
1791128545.7279,4960,1280,55375,306000000,1728000
1791128545.7780,4960,1288,55500,306000000,1728000
1791128545.8281,4960,1288,55375,306000000,1728000
1791128545.8782,4960,1280,55375,306000000,1728000
1791128545.9283,4960,1280,55375,306000000,1728000
1791128545.9784,4960,1288,55437,306000000,1267200
1791128546.0285,4960,1296,55687,306000000,1728000
1791128546.0786,4960,1296,55406,306000000,1728000
1791128546.1287,4960,1296,55531,306000000,1344000
1791128546.1787,4960,1296,55343,306000000,1728000
1791128546.2288,4960,1296,55531,306000000,1728000
1791128546.2789,4960,1288,55281,306000000,1728000
1791128546.3290,4960,1288,55406,306000000,1728000
1791128546.3791,4960,1296,55281,306000000,1344000
1791128546.4292,4960,1288,55437,306000000,1190400
1791128546.4793,4960,1280,55531,306000000,1728000
1791128546.5294,4960,1288,55375,306000000,1344000
1791128546.5796,4960,1296,55500,306000000,1420800
1791128546.6297,4960,1296,55281,306000000,1728000
1791128546.6798,4960,1296,55468,306000000,1728000
1791128546.7299,4960,1296,55312,306000000,1344000
1791128546.7800,4960,1296,55468,306000000,1728000
1791128546.8301,4960,1296,55437,306000000,1728000
1791128546.8801,4960,1288,55375,306000000,1728000
1791128546.9302,4960,1296,55562,306000000,1728000
1791128546.9803,4960,1288,55375,306000000,1728000
1791128547.0304,4960,1280,55500,306000000,1728000
1791128547.0805,4960,1288,55312,306000000,1728000
1791128547.1306,4960,1304,55500,306000000,1420800
1791128547.1807,4960,1296,55406,306000000,1728000
1791128547.2308,4960,1288,55468,306000000,1728000
1791128547.2808,4960,1296,55375,306000000,1728000
1791128547.3309,4960,1288,55406,306000000,1728000
1791128547.3810,4960,1280,55531,306000000,1728000
1791128547.4310,4960,1288,55468,306000000,1728000
1791128547.4811,4960,1280,55500,306000000,1728000
1791128547.5312,4960,1280,55406,306000000,1728000
1791128547.5813,4960,1272,55437,306000000,1728000
1791128547.6313,4960,1280,55406,306000000,1728000
1791128547.6814,4960,1280,55468,306000000,1728000
1791128547.7315,4960,1288,55375,306000000,1728000
1791128547.7816,4960,1288,55468,306000000,1728000
1791128547.8317,4960,1280,55343,306000000,1728000
1791128547.8818,4960,1280,55468,306000000,1728000
1791128547.9319,4960,1280,55468,306000000,1728000
1791128547.9819,4960,1280,55375,306000000,1728000
1791128548.0320,4960,1272,55500,306000000,1728000
1791128548.0821,4960,1280,55312,306000000,1728000
1791128548.1322,4960,1264,55406,306000000,1728000
1791128548.1822,4960,1272,55343,306000000,1728000
1791128548.2323,4960,1280,55375,306000000,1728000
1791128548.2824,4960,1280,55406,306000000,1728000
1791128548.3325,4960,1280,55343,306000000,1728000
1791128548.3826,4960,1280,55531,306000000,1728000
1791128548.4327,4960,1280,55437,306000000,1728000
1791128548.4828,4960,1272,55531,306000000,1728000
1791128548.5328,4960,1280,55343,306000000,1728000
1791128548.5829,4960,1272,55437,306000000,1728000
1791128548.6330,4960,1264,55343,306000000,1728000
1791128548.6831,4960,1264,55375,306000000,1728000
1791128548.7332,4960,1256,55281,306000000,1728000
1791128548.7833,4960,1264,55375,306000000,1728000
1791128548.8334,4960,1288,55531,306000000,1728000
1791128548.8835,4960,1304,55406,306000000,1728000
1791128548.9335,4960,1312,55468,306000000,1728000
1791128548.9836,4960,1320,55375,306000000,1728000
1791128549.0337,4960,1320,55343,306000000,1728000
1791128549.0838,4960,1320,55343,306000000,1728000
1791128549.1339,4960,1312,55375,306000000,1728000
1791128549.1840,4960,1312,55343,306000000,1728000
1791128549.2340,4960,1304,55375,306000000,1728000
1791128549.2841,4960,1312,55562,306000000,1728000
1791128549.3342,4960,1304,55468,306000000,1728000
1791128549.3843,4960,1312,55531,306000000,1728000
1791128549.4344,4960,1312,55437,306000000,1728000
1791128549.4845,4960,1304,55437,306000000,1728000
1791128549.5346,4960,1296,55312,306000000,1728000
1791128549.5847,4960,1296,55468,306000000,1728000
1791128549.6347,4960,1296,55343,306000000,1728000
1791128549.6851,4960,1288,55343,306000000,1728000
1791128549.7352,4960,1288,55500,306000000,1728000
1791128549.7852,4960,1288,55468,306000000,1728000
1791128549.8353,4960,1280,55500,306000000,1728000
1791128549.8854,4960,1280,55375,306000000,1728000
1791128549.9355,4960,1296,55468,306000000,1344000
1791128549.9856,4960,1288,55375,306000000,1728000
1791128550.0357,4960,1288,55437,306000000,1728000
1791128550.0858,4960,1288,55375,306000000,1728000
1791128550.1358,4960,1280,55500,306000000,1728000
1791128550.1859,4960,1280,55250,306000000,1728000
1791128550.2360,4960,1280,55468,306000000,1728000
1791128550.2861,4960,1280,55500,306000000,1728000
1791128550.3362,4960,1272,55375,306000000,1728000
1791128550.3863,4960,1272,55437,306000000,1728000
1791128550.4363,4960,1272,55281,306000000,1728000
1791128550.4864,4960,1280,55500,306000000,1728000
1791128550.5365,4960,1280,55375,306000000,1728000
1791128550.5866,4960,1280,55375,306000000,1728000
1791128550.6367,4960,1272,55250,306000000,1728000
1791128550.6868,4960,1280,55343,306000000,1728000
1791128550.7369,4960,1280,55468,306000000,1728000
1791128550.7870,4960,1272,55343,306000000,1728000
1791128550.8370,4960,1272,55437,306000000,1728000
1791128550.8871,4960,1280,55406,306000000,1728000
1791128550.9372,4960,1272,55531,306000000,1728000
1791128550.9873,4960,1272,55375,306000000,1728000
1791128551.0374,4960,1288,55437,306000000,1728000
1791128551.0875,4960,1288,55312,306000000,1728000
1791128551.1376,4960,1280,55343,306000000,1728000
1791128551.1877,4960,1288,55531,306000000,1728000
1791128551.2378,4960,1272,55375,306000000,1728000
1791128551.2878,4960,1272,55468,306000000,1728000
1791128551.3379,4960,1272,55343,306000000,1728000
1791128551.3880,4960,1264,55500,306000000,1728000
1791128551.4381,4960,1264,55312,306000000,1728000
1791128551.4881,4960,1264,55437,306000000,1728000
1791128551.5382,4960,1264,55250,306000000,1728000
1791128551.5883,4960,1272,55437,306000000,1267200
1791128551.6384,4960,1280,55531,306000000,1728000
1791128551.6885,4960,1272,55375,306000000,1728000
1791128551.7386,4960,1272,55500,306000000,1728000
1791128551.7887,4960,1272,55343,306000000,1728000
1791128551.8388,4960,1272,55468,306000000,1728000
1791128551.8888,4960,1272,55312,306000000,1728000
1791128551.9389,4960,1272,55437,306000000,1728000
1791128551.9890,4960,1272,55281,306000000,1728000
1791128552.0391,4960,1264,55406,306000000,1728000
1791128552.0892,4960,1272,55531,306000000,1728000
1791128552.1393,4960,1272,55375,306000000,1344000
1791128552.1894,4960,1280,55562,306000000,1728000
1791128552.2395,4960,1280,55343,306000000,1728000
1791128552.2896,4960,1272,55343,306000000,1728000
1791128552.3397,4960,1272,55312,306000000,1728000
1791128552.3897,4960,1272,55437,306000000,1728000
1791128552.4398,4960,1264,55312,306000000,1728000
1791128552.4899,4960,1272,55343,306000000,1728000
1791128552.5400,4960,1272,55281,306000000,1728000
1791128552.5901,4960,1264,55468,306000000,1728000
1791128552.6402,4960,1264,55468,306000000,1728000
1791128552.6902,4960,1272,55375,306000000,1728000
1791128552.7404,4960,1280,55437,306000000,1728000
1791128552.7904,4960,1280,55406,306000000,1728000
1791128552.8405,4960,1280,55406,306000000,1728000
1791128552.8906,4960,1272,55343,306000000,1728000
1791128552.9407,4960,1272,55375,306000000,1728000
1791128552.9908,4960,1272,55343,306000000,1728000
1791128553.0409,4960,1272,55437,306000000,1728000
1791128553.0909,4960,1264,55500,306000000,1728000
1791128553.1410,4960,1264,55343,306000000,1728000
1791128553.1911,4960,1272,55437,306000000,1728000
1791128553.2412,4960,1264,55406,306000000,1728000
1791128553.2913,4960,1280,55375,306000000,1728000
1791128553.3414,4960,1280,55281,306000000,1728000
1791128553.3915,4960,1288,55343,306000000,1728000
1791128553.4415,4960,1280,55250,306000000,1728000
1791128553.4916,4960,1272,55375,306000000,1728000
1791128553.5417,4960,1272,55468,306000000,1728000
1791128553.5918,4960,1264,55343,306000000,1728000
1791128553.6418,4960,1264,55468,306000000,1728000
1791128553.6919,4960,1264,55343,306000000,1728000
1791128553.7420,4960,1264,55437,306000000,1728000
1791128553.7921,4960,1264,55375,306000000,1728000
1791128553.8422,4960,1280,55406,306000000,1728000
1791128553.8923,4960,1280,55375,306000000,1728000
1791128553.9424,4960,1272,55281,306000000,1728000
1791128553.9925,4960,1272,55531,306000000,1728000
1791128554.0425,4960,1280,55312,306000000,1728000
1791128554.0926,4960,1272,55468,306000000,1728000
1791128554.1427,4960,1264,55281,306000000,1728000
1791128554.1928,4960,1272,55468,306000000,1728000
1791128554.2429,4960,1264,55250,306000000,1728000
1791128554.2930,4960,1264,55312,306000000,1728000
1791128554.3430,4960,1264,55312,306000000,1728000
1791128554.3931,4960,1272,55437,306000000,1267200
1791128554.4432,4960,1280,55500,306000000,1728000
1791128554.4933,4960,1280,55406,306000000,1728000
1791128554.5434,4960,1280,55437,306000000,1728000
1791128554.5935,4960,1272,55343,306000000,1728000
1791128554.6436,4960,1272,55437,306000000,1728000
1791128554.6937,4960,1280,55281,306000000,1728000
1791128554.7438,4960,1272,55500,306000000,1728000
1791128554.7938,4960,1272,55281,306000000,1728000
1791128554.8439,4960,1272,55375,306000000,1728000
1791128554.8940,4960,1272,55218,306000000,1728000
1791128554.9441,4960,1272,55406,306000000,1728000
1791128554.9942,4960,1280,55500,306000000,1728000
1791128555.0443,4960,1280,55312,306000000,1728000
1791128555.0944,4960,1272,55437,306000000,1728000
1791128555.1445,4960,1272,55406,306000000,1728000
1791128555.1946,4960,1280,55468,306000000,1728000
1791128555.2446,4960,1264,55343,306000000,1728000
1791128555.2947,4960,1272,55375,306000000,1728000
1791128555.3448,4960,1272,55343,306000000,1728000
1791128555.3949,4960,1264,55406,306000000,1728000
1791128555.4450,4960,1264,55468,306000000,1728000
1791128555.4951,4960,1272,55312,306000000,1267200
1791128555.5452,4960,1280,55531,306000000,1728000
1791128555.5953,4960,1280,55343,306000000,1728000
1791128555.6454,4960,1280,55406,306000000,1728000
1791128555.6954,4960,1280,55406,306000000,1728000
1791128555.7455,4960,1272,55281,306000000,1728000
1791128555.7956,4960,1272,55312,306000000,1728000
1791128555.8457,4960,1272,55312,306000000,1728000
1791128555.8958,4960,1264,55406,306000000,1728000
1791128555.9458,4960,1272,55343,306000000,1728000
1791128555.9959,4960,1272,55343,306000000,1728000
1791128556.0460,4960,1264,55312,306000000,1728000
1791128556.0961,4960,1280,55375,306000000,1344000
1791128556.1462,4960,1280,55312,306000000,1728000
1791128556.1963,4960,1280,55343,306000000,1728000
1791128556.2464,4960,1272,55312,306000000,1728000
1791128556.2965,4960,1280,55343,306000000,1728000
1791128556.3466,4960,1272,55531,306000000,1728000
1791128556.3966,4960,1272,55312,306000000,1728000
1791128556.4467,4960,1272,55468,306000000,1728000
1791128556.4968,4960,1272,55343,306000000,1728000
1791128556.5469,4960,1272,55468,306000000,1728000
1791128556.5970,4960,1264,55218,306000000,1728000
1791128556.6471,4960,1280,55343,306000000,1420800
1791128556.6972,4960,1280,55250,306000000,1728000
1791128556.7473,4960,1272,55281,306000000,1728000
1791128556.7973,4960,1272,55468,306000000,1728000
1791128556.8474,4960,1264,55281,306000000,1728000
1791128556.8975,4960,1264,55468,306000000,1728000
1791128556.9476,4960,1264,55312,306000000,1728000
1791128556.9977,4960,1264,55437,306000000,1728000
1791128557.0478,4960,1264,55343,306000000,1728000
1791128557.0978,4960,1256,55375,306000000,1728000
1791128557.1479,4960,1256,55281,306000000,1728000
1791128557.1980,4960,1264,55343,306000000,1190400
1791128557.2481,4960,1272,55281,306000000,1728000
1791128557.2982,4960,1264,55312,306000000,1728000
1791128557.3483,4960,1264,55500,306000000,1728000
1791128557.3984,4960,1264,55312,306000000,1728000
1791128557.4485,4960,1264,55375,306000000,1728000
1791128557.4985,4960,1264,55343,306000000,1728000
1791128557.5486,4960,1264,55375,306000000,1728000
1791128557.5987,4960,1256,55218,306000000,1728000
1791128557.6488,4960,1256,55437,306000000,1728000
1791128557.6989,4960,1264,55250,306000000,1728000
1791128557.7490,4960,1264,55406,306000000,1728000
1791128557.7991,4960,1272,55406,306000000,1728000
1791128557.8492,4960,1272,55375,306000000,1728000
1791128557.8992,4960,1272,55406,306000000,1728000
1791128557.9493,4960,1272,55218,306000000,1344000
1791128557.9994,4960,1272,55375,306000000,1728000
1791128558.0495,4960,1264,55218,306000000,1728000
1791128558.0996,4960,1272,55406,306000000,1728000
1791128558.1497,4960,1272,55250,306000000,1728000
1791128558.1998,4960,1264,55406,306000000,1728000
1791128558.2499,4960,1264,55531,306000000,1728000
1791128558.2999,4960,1272,55281,306000000,1728000
1791128558.3500,4960,1280,55468,306000000,1728000
1791128558.4001,4960,1272,55343,306000000,1728000
1791128558.4502,4960,1280,55437,306000000,1728000
1791128558.5003,4960,1272,55250,306000000,1728000
1791128558.5504,4960,1264,55375,306000000,1728000
1791128558.6005,4960,1264,55250,306000000,1728000
1791128558.6506,4960,1256,55312,306000000,1728000
1791128558.7006,4960,1272,55468,306000000,1728000
1791128558.7507,4960,1288,55312,306000000,1728000
1791128558.8008,4960,1296,55406,306000000,1728000
1791128558.8509,4960,1304,55312,306000000,1420800
1791128558.9010,4960,1312,55406,306000000,1728000
1791128558.9511,4960,1320,55250,306000000,1728000
1791128559.0012,4960,1320,55312,306000000,1728000
1791128559.0513,4960,1312,55281,306000000,1728000
1791128559.1014,4960,1304,55281,306000000,1728000
1791128559.1515,4960,1304,55437,306000000,1728000
1791128559.2016,4960,1304,55343,306000000,1728000
1791128559.2517,4960,1304,55500,306000000,1728000
1791128559.3017,4960,1296,55218,306000000,1728000
1791128559.3518,4960,1296,55406,306000000,1728000
1791128559.4019,4960,1288,55343,306000000,1728000
1791128559.4520,4960,1296,55281,306000000,1728000
1791128559.5021,4960,1296,55250,306000000,1728000
1791128559.5522,4960,1296,55406,306000000,1728000
1791128559.6023,4960,1288,55312,306000000,1728000
1791128559.6524,4960,1288,55406,306000000,1728000
1791128559.7024,4960,1288,55406,306000000,1728000
1791128559.7525,4960,1288,55375,306000000,1728000
1791128559.8026,4960,1280,55437,306000000,1728000
1791128559.8527,4960,1280,55218,306000000,1728000
1791128559.9028,4960,1280,55375,306000000,1728000
1791128559.9529,4960,1272,55281,306000000,1728000
1791128560.0030,4960,1288,55218,306000000,1728000
1791128560.0531,4960,1288,55250,306000000,1728000
1791128560.1032,4960,1280,55281,306000000,1728000
1791128560.1533,4960,1280,55312,306000000,1728000
1791128560.2034,4960,1280,55343,306000000,1728000
1791128560.2536,4960,1272,55437,306000000,1728000
1791128560.3037,4960,1272,55312,306000000,1728000
1791128560.3538,4960,1272,55406,306000000,1728000
1791128560.4039,4960,1272,55218,306000000,1728000
1791128560.4540,4960,1272,55312,306000000,1728000
1791128560.5041,4960,1272,55218,306000000,1728000
1791128560.5542,4960,1272,55406,306000000,1728000
1791128560.6043,4960,1288,55437,306000000,1728000
1791128560.6544,4960,1280,55312,306000000,1728000
1791128560.7045,4960,1280,55500,306000000,1728000
1791128560.7546,4960,1280,55281,306000000,1728000
1791128560.8047,4960,1272,55437,306000000,1728000
1791128560.8547,4960,1272,55312,306000000,1728000
1791128560.9048,4960,1264,55312,306000000,1728000
1791128560.9549,4960,1272,55250,306000000,1728000
1791128561.0050,4960,1272,55375,306000000,1728000
1791128561.0551,4960,1264,55437,306000000,1728000
1791128561.1052,4960,1272,55312,306000000,1728000
1791128561.1564,4960,1288,55531,306000000,1728000
1791128561.2065,4960,1280,55312,306000000,1728000
1791128561.2566,4960,1272,55375,306000000,1728000
1791128561.3067,4960,1280,55312,306000000,1728000
1791128561.3568,4960,1272,55343,306000000,1728000
1791128561.4069,4960,1264,55343,306000000,1728000
1791128561.4570,4960,1272,55312,306000000,1728000
1791128561.5070,4960,1272,55500,306000000,1728000
1791128561.5571,4960,1264,55281,306000000,1728000
1791128561.6072,4960,1264,55500,306000000,1728000
1791128561.6573,4960,1272,55312,306000000,1728000
1791128561.7074,4960,1280,55406,306000000,1728000
1791128561.7575,4960,1280,55343,306000000,1728000
1791128561.8076,4960,1280,55437,306000000,1728000
1791128561.8577,4960,1272,55343,306000000,1728000
1791128561.9078,4960,1272,55343,306000000,1728000
1791128561.9579,4960,1272,55187,306000000,1728000
1791128562.0080,4960,1272,55312,306000000,1728000
1791128562.0581,4960,1264,55437,306000000,1728000
1791128562.1082,4960,1272,55281,306000000,1728000
1791128562.1582,4960,1272,55500,306000000,1728000
1791128562.2083,4960,1272,55250,306000000,1267200
1791128562.2584,4960,1280,55343,306000000,1728000
1791128562.3085,4960,1280,55281,306000000,1728000
1791128562.3586,4960,1272,55343,306000000,1728000
1791128562.4087,4960,1272,55312,306000000,1728000
1791128562.4588,4960,1264,55406,306000000,1728000
1791128562.5089,4960,1264,55531,306000000,1728000
1791128562.5590,4960,1264,55375,306000000,1728000
1791128562.6091,4960,1264,55468,306000000,1728000
1791128562.6592,4960,1264,55343,306000000,1728000
1791128562.7092,4960,1264,55375,306000000,1728000
1791128562.7593,4960,1272,55250,306000000,1267200
1791128562.8094,4960,1280,55406,306000000,1728000
1791128562.8595,4960,1280,55250,306000000,1728000
1791128562.9096,4960,1280,55312,306000000,1728000
1791128562.9597,4960,1272,55562,306000000,1728000
1791128563.0098,4960,1272,55343,306000000,1728000
1791128563.0599,4960,1272,55468,306000000,1728000
1791128563.1100,4960,1264,55250,306000000,1728000
1791128563.1601,4960,1272,55437,306000000,1728000
1791128563.2102,4960,1272,55281,306000000,1728000
1791128563.2602,4960,1272,55343,306000000,1728000
1791128563.3103,4960,1264,55312,306000000,1728000
1791128563.3604,4960,1280,55281,306000000,1728000
1791128563.4105,4960,1288,55531,306000000,1728000
1791128563.4606,4960,1280,55375,306000000,1728000
1791128563.5107,4960,1280,55500,306000000,1728000
1791128563.5608,4960,1280,55312,306000000,1728000
1791128563.6109,4960,1280,55437,306000000,1728000
1791128563.6610,4960,1272,55312,306000000,1728000
1791128563.7111,4960,1272,55375,306000000,1728000
1791128563.7612,4960,1272,55312,306000000,1728000
1791128563.8112,4960,1264,55375,306000000,1728000
1791128563.8613,4960,1272,55500,306000000,1728000
1791128563.9114,4960,1280,55375,306000000,1728000
1791128563.9615,4960,1272,55437,306000000,1728000
1791128564.0116,4960,1280,55343,306000000,1728000
1791128564.0617,4960,1280,55343,306000000,1728000
1791128564.1118,4960,1264,55312,306000000,1728000
1791128564.1619,4960,1272,55406,306000000,1728000
1791128564.2120,4960,1272,55343,306000000,1728000
1791128564.2621,4960,1264,55312,306000000,1728000
1791128564.3122,4960,1264,55281,306000000,1728000
1791128564.3623,4960,1264,55343,306000000,1728000
1791128564.4124,4960,1264,55437,306000000,1728000
1791128564.4625,4960,1264,55437,306000000,1728000
1791128564.5125,4960,1280,55343,306000000,1728000
1791128564.5627,4960,1272,55343,306000000,1728000
1791128564.6128,4960,1272,55375,306000000,1728000
1791128564.6628,4960,1280,55250,306000000,1728000
1791128564.7129,4960,1272,55406,306000000,1728000
1791128564.7631,4960,1272,55250,306000000,1728000
1791128564.8131,4960,1272,55218,306000000,1728000
1791128564.8632,4960,1280,55531,306000000,1728000
1791128564.9133,4960,1264,55375,306000000,1728000
1791128564.9634,4960,1264,55437,306000000,1728000
1791128565.0135,4960,1272,55250,306000000,1728000
1791128565.0636,4960,1280,55406,306000000,1728000
1791128565.1137,4960,1272,55312,306000000,1728000
1791128565.1638,4960,1280,55343,306000000,1728000
1791128565.2139,4960,1272,55343,306000000,1728000
1791128565.2640,4960,1272,55281,306000000,1728000
1791128565.3141,4960,1272,55437,306000000,1728000
1791128565.3642,4960,1264,55406,306000000,1728000
1791128565.4143,4960,1264,55406,306000000,1728000
1791128565.4644,4960,1264,55250,306000000,1728000
1791128565.5145,4960,1264,55437,306000000,1728000
1791128565.5646,4960,1264,55312,306000000,1728000
1791128565.6147,4960,1280,55437,306000000,1728000
1791128565.6648,4960,1272,55250,306000000,1728000
1791128565.7149,4960,1272,55343,306000000,1728000
1791128565.7650,4960,1272,55437,306000000,1728000
1791128565.8151,4960,1272,55281,306000000,1728000
1791128565.8651,4960,1264,55468,306000000,1728000
1791128565.9152,4960,1272,55375,306000000,1728000
1791128565.9653,4960,1264,55406,306000000,1728000
1791128566.0154,4960,1264,55281,306000000,1728000
1791128566.0655,4960,1264,55437,306000000,1728000
1791128566.1156,4960,1264,55375,306000000,1728000
1791128566.1657,4960,1272,55312,306000000,1728000
1791128566.2158,4960,1280,55406,306000000,1728000
1791128566.2659,4960,1280,55343,306000000,1728000
1791128566.3160,4960,1272,55531,306000000,1728000
1791128566.3661,4960,1280,55375,306000000,1728000
1791128566.4162,4960,1272,55406,306000000,1728000
1791128566.4663,4960,1264,55343,306000000,1728000
1791128566.5164,4960,1272,55375,306000000,1728000
1791128566.5664,4960,1264,55218,306000000,1728000
1791128566.6165,4960,1264,55312,306000000,1728000
1791128566.6666,4960,1264,55250,306000000,1728000
1791128566.7167,4960,1272,55312,306000000,1728000
1791128566.7668,4960,1272,55468,306000000,1728000
1791128566.8169,4960,1280,55281,306000000,1728000
1791128566.8670,4960,1280,55437,306000000,1728000
1791128566.9171,4960,1272,55312,306000000,1728000
1791128566.9672,4960,1272,55343,306000000,1728000
1791128567.0173,4960,1272,55312,306000000,1728000
1791128567.0674,4960,1272,55406,306000000,1728000
1791128567.1175,4960,1272,55343,306000000,1728000
1791128567.1676,4960,1272,55250,306000000,1728000
1791128567.2177,4960,1272,55406,306000000,1728000
1791128567.2678,4960,1280,55343,306000000,1728000
1791128567.3179,4960,1288,55406,306000000,1728000
1791128567.3679,4960,1296,55218,306000000,1728000
1791128567.4180,4960,1280,55343,306000000,1728000
1791128567.4681,4960,1280,55312,306000000,1728000
1791128567.5182,4960,1280,55250,306000000,1728000
1791128567.5683,4960,1280,55250,306000000,1728000
1791128567.6184,4960,1272,55343,306000000,1728000
1791128567.6685,4960,1272,55437,306000000,1728000
1791128567.7186,4960,1272,55281,306000000,1728000
1791128567.7687,4960,1272,55375,306000000,1728000
1791128567.8188,4960,1280,55312,306000000,1344000
1791128567.8689,4960,1288,55343,306000000,1728000
1791128567.9190,4960,1288,55187,306000000,1728000
1791128567.9691,4960,1288,55437,306000000,1728000
1791128568.0191,4960,1288,55281,306000000,1728000
1791128568.0692,4960,1288,55343,306000000,1728000
1791128568.1193,4960,1280,55500,306000000,1728000
1791128568.1695,4960,1280,55343,306000000,1728000
1791128568.2195,4960,1272,55468,306000000,1728000
1791128568.2696,4960,1272,55375,306000000,1728000
1791128568.3197,4960,1264,55343,306000000,1728000
1791128568.3698,4960,1264,55218,306000000,1728000
1791128568.4199,4960,1280,55281,306000000,1728000
1791128568.4700,4960,1288,55218,306000000,1728000
1791128568.5201,4960,1304,55312,306000000,1728000
1791128568.5702,4960,1304,55468,306000000,1728000
1791128568.6203,4960,1312,55375,306000000,1728000
1791128568.6704,4960,1312,55406,306000000,1728000
1791128568.7205,4960,1320,55250,306000000,1728000
1791128568.7706,4960,1320,55312,306000000,1728000
1791128568.8207,4960,1312,55343,306000000,1728000
1791128568.8708,4960,1312,55375,306000000,1728000
1791128568.9209,4960,1312,55281,306000000,1728000
1791128568.9710,4960,1328,55406,306000000,1497600
1791128569.0211,4960,1320,55218,306000000,1728000
1791128569.0712,4960,1312,55312,306000000,1728000
1791128569.1213,4960,1312,55312,306000000,1267200
1791128569.1714,4960,1312,55281,306000000,1728000
1791128569.2215,4960,1296,55437,306000000,1728000
1791128569.2715,4960,1296,55218,306000000,1728000
1791128569.3216,4960,1288,55406,306000000,1728000
1791128569.3717,4960,1288,55250,306000000,1728000
1791128569.4218,4960,1280,55406,306000000,1728000
1791128569.4719,4960,1280,55218,306000000,1728000
1791128569.5220,4960,1288,55312,306000000,1728000
1791128569.5721,4960,1288,55375,306000000,1267200
1791128569.6222,4960,1296,55250,306000000,1728000
1791128569.6722,4960,1288,55437,306000000,1728000
1791128569.7223,4960,1288,55250,306000000,1728000
1791128569.7724,4960,1288,55437,306000000,1728000
1791128569.8225,4960,1288,55187,306000000,1728000
1791128569.8726,4960,1280,55375,306000000,1728000
1791128569.9227,4960,1280,55187,306000000,1728000
1791128569.9727,4960,1272,55375,306000000,1728000
1791128570.0228,4960,1272,55437,306000000,1728000
1791128570.0729,4960,1280,55218,306000000,1113600
1791128570.1230,4960,1280,55468,306000000,1728000
1791128570.1731,4960,1280,55281,306000000,1728000
1791128570.2232,4960,1280,55406,306000000,1728000
1791128570.2733,4960,1288,55250,306000000,1728000
1791128570.3234,4960,1272,55375,306000000,1728000
1791128570.3735,4960,1280,55281,306000000,1728000
1791128570.4235,4960,1280,55312,306000000,1728000
1791128570.4736,4960,1280,55437,306000000,1728000
1791128570.5237,4960,1272,55406,306000000,1728000
1791128570.5738,4960,1272,55406,306000000,1728000
1791128570.6239,4960,1280,55281,306000000,1728000
1791128570.6740,4960,1288,55312,306000000,1728000
1791128570.7241,4960,1288,55312,306000000,1728000
1791128570.7742,4960,1272,55343,306000000,1728000
1791128570.8242,4960,1272,55218,306000000,1728000
1791128570.8743,4960,1280,55312,306000000,1728000
1791128570.9244,4960,1272,55437,306000000,1728000
1791128570.9745,4960,1272,55312,306000000,1728000
1791128571.0246,4960,1272,55343,306000000,1728000
1791128571.0746,4960,1272,55187,306000000,1728000
1791128571.1247,4960,1264,55281,306000000,1728000
1791128571.1748,4960,1272,55218,306000000,1267200
1791128571.2249,4960,1288,55375,306000000,1728000
1791128571.2750,4960,1280,55187,306000000,1728000
1791128571.3251,4960,1272,55187,306000000,1728000
1791128571.3751,4960,1280,55312,306000000,1728000
1791128571.4252,4960,1272,55281,306000000,1728000
1791128571.4753,4960,1272,55406,306000000,1728000
1791128571.5254,4960,1272,55312,306000000,1728000
1791128571.5754,4960,1272,55343,306000000,1728000
1791128571.6255,4960,1264,55250,306000000,1728000
1791128571.6756,4960,1272,55312,306000000,1728000
1791128571.7257,4960,1272,55218,306000000,1728000
1791128571.7758,4960,1280,55343,306000000,1728000
1791128571.8259,4960,1280,55218,306000000,1728000
1791128571.8759,4960,1280,55218,306000000,1728000
1791128571.9260,4960,1272,55437,306000000,1728000
1791128571.9761,4960,1272,55250,306000000,1728000
1791128572.0262,4960,1280,55375,306000000,1728000
1791128572.0763,4960,1272,55250,306000000,1728000
1791128572.1264,4960,1272,55281,306000000,1728000
1791128572.1764,4960,1280,55218,306000000,1728000
1791128572.2265,4960,1272,55375,306000000,1728000
1791128572.2766,4960,1272,55218,306000000,1728000
1791128572.3267,4960,1288,55343,306000000,1344000
1791128572.3768,4960,1288,55500,306000000,1728000
1791128572.4269,4960,1288,55250,306000000,1728000
1791128572.4770,4960,1288,55375,306000000,1728000
1791128572.5271,4960,1288,55281,306000000,1728000
1791128572.5772,4960,1288,55375,306000000,1728000
1791128572.6272,4960,1288,55312,306000000,1728000
1791128572.6773,4960,1280,55375,306000000,1728000
1791128572.7274,4960,1288,55187,306000000,1728000
1791128572.7775,4960,1280,55250,306000000,1728000
1791128572.8276,4960,1280,55500,306000000,1728000
1791128572.8777,4960,1288,55281,306000000,1267200
1791128572.9277,4960,1296,55437,306000000,1728000
1791128572.9778,4960,1288,55343,306000000,1728000
1791128573.0279,4960,1280,55312,306000000,1728000
1791128573.0780,4960,1288,55187,306000000,1728000
1791128573.1280,4960,1280,55343,306000000,1728000
1791128573.1781,4960,1280,55187,306000000,1728000
1791128573.2282,4960,1280,55250,306000000,1728000
1791128573.2783,4960,1280,55468,306000000,1728000
1791128573.3284,4960,1272,55250,306000000,1728000
1791128573.3785,4960,1272,55468,306000000,1728000
1791128573.4286,4960,1280,55218,306000000,1728000
1791128573.4787,4960,1280,55375,306000000,1728000
1791128573.5288,4960,1288,55218,306000000,1728000
1791128573.5788,4960,1288,55343,306000000,1728000
1791128573.6289,4960,1280,55218,306000000,1728000
1791128573.6790,4960,1280,55218,306000000,1728000
1791128573.7291,4960,1280,55250,306000000,1728000
1791128573.7792,4960,1272,55312,306000000,1728000
1791128573.8292,4960,1272,55406,306000000,1728000
1791128573.8793,4960,1280,55250,306000000,1728000
1791128573.9294,4960,1272,55281,306000000,1728000
1791128573.9795,4960,1272,55187,306000000,1267200
1791128574.0296,4960,1288,55375,306000000,1728000
1791128574.0797,4960,1280,55250,306000000,1728000
1791128574.1298,4960,1280,55250,306000000,1728000
1791128574.1799,4960,1280,55187,306000000,1728000
1791128574.2299,4960,1280,55250,306000000,1728000
1791128574.2800,4960,1280,55343,306000000,1728000
1791128574.3301,4960,1280,55312,306000000,1728000
1791128574.3802,4960,1280,55343,306000000,1728000
1791128574.4303,4960,1280,55218,306000000,1728000
1791128574.4804,4960,1272,55312,306000000,1728000
1791128574.5305,4960,1280,55281,306000000,1728000
1791128574.5806,4960,1288,55343,306000000,1728000
1791128574.6306,4960,1280,55156,306000000,1728000
1791128574.6807,4960,1288,55312,306000000,1728000
1791128574.7308,4960,1288,55343,306000000,1728000
1791128574.7809,4960,1272,55312,306000000,1728000
1791128574.8310,4960,1272,55375,306000000,1728000
1791128574.8811,4960,1280,55187,306000000,1728000
1791128574.9312,4960,1272,55281,306000000,1728000
1791128574.9812,4960,1272,55125,306000000,1728000
1791128575.0313,4960,1272,55343,306000000,1728000
1791128575.0814,4960,1264,55156,306000000,1728000
1791128575.1315,4960,1280,55218,306000000,1728000
1791128575.1816,4960,1280,55468,306000000,1728000
1791128575.2317,4960,1280,55250,306000000,1728000
1791128575.2817,4960,1280,55343,306000000,1728000
1791128575.3318,4960,1280,55281,306000000,1728000
1791128575.3819,4960,1272,55343,306000000,1728000
1791128575.4320,4960,1272,55218,306000000,1728000
1791128575.4821,4960,1280,55312,306000000,1728000
1791128575.5321,4960,1272,55187,306000000,1728000
1791128575.5822,4960,1272,55343,306000000,1728000
1791128575.6323,4960,1272,55468,306000000,1728000
1791128575.6824,4960,1280,55312,306000000,1728000
1791128575.7325,4960,1280,55406,306000000,1728000
1791128575.7826,4960,1280,55281,306000000,1728000
1791128575.8327,4960,1280,55375,306000000,1728000
1791128575.8828,4960,1280,55250,306000000,1728000
1791128575.9329,4960,1280,55375,306000000,1728000
1791128575.9829,4960,1280,55218,306000000,1728000
1791128576.0330,4960,1272,55312,306000000,1728000
1791128576.0831,4960,1264,55187,306000000,1728000
1791128576.1332,4960,1272,55218,306000000,1728000
1791128576.1833,4960,1264,55406,306000000,1728000
1791128576.2334,4960,1272,55125,306000000,1728000
1791128576.2835,4960,1280,55343,306000000,1728000
1791128576.3336,4960,1280,55250,306000000,1728000
1791128576.3836,4960,1272,55250,306000000,1728000
1791128576.4337,4960,1272,55156,306000000,1728000
1791128576.4838,4960,1280,55312,306000000,1728000
1791128576.5339,4960,1272,55218,306000000,1728000
1791128576.5840,4960,1264,55312,306000000,1728000
1791128576.6341,4960,1272,55437,306000000,1728000
1791128576.6841,4960,1264,55343,306000000,1728000
1791128576.7342,4960,1264,55312,306000000,1728000
1791128576.7843,4960,1272,55218,306000000,1728000
1791128576.8344,4960,1280,55343,306000000,1728000
1791128576.8845,4960,1272,55250,306000000,1728000
1791128576.9346,4960,1272,55312,306000000,1728000
1791128576.9847,4960,1272,55156,306000000,1728000
1791128577.0347,4960,1264,55281,306000000,1728000
1791128577.0848,4960,1272,55468,306000000,1728000
1791128577.1349,4960,1272,55312,306000000,1728000
1791128577.1850,4960,1264,55312,306000000,1728000
1791128577.2351,4960,1264,55187,306000000,1728000
1791128577.2851,4960,1272,55375,306000000,1728000
1791128577.3352,4960,1272,55187,306000000,1728000
1791128577.3853,4960,1280,55312,306000000,1728000
1791128577.4354,4960,1280,55156,306000000,1728000
1791128577.4855,4960,1280,55187,306000000,1728000
1791128577.5356,4960,1280,55437,306000000,1728000
1791128577.5857,4960,1280,55250,306000000,1728000
1791128577.6358,4960,1280,55312,306000000,1728000
1791128577.6859,4960,1272,55250,306000000,1728000
1791128577.7360,4960,1272,55375,306000000,1728000
1791128577.7860,4960,1272,55218,306000000,1728000
1791128577.8361,4960,1280,55281,306000000,1728000
1791128577.8862,4960,1272,55187,306000000,1728000
1791128577.9363,4960,1288,55250,306000000,1728000
1791128577.9864,4960,1288,55375,306000000,1728000
1791128578.0365,4960,1280,55156,306000000,1728000
1791128578.0865,4960,1280,55312,306000000,1728000
1791128578.1366,4960,1280,55312,306000000,1728000
1791128578.1867,4960,1272,55250,306000000,1728000
1791128578.2368,4960,1272,55218,306000000,1728000
1791128578.2869,4960,1272,55281,306000000,1728000
1791128578.3369,4960,1272,55218,306000000,1728000
1791128578.3870,4960,1272,55281,306000000,1728000
1791128578.4371,4960,1264,55125,306000000,1728000
1791128578.4872,4960,1272,55218,306000000,1728000
1791128578.5373,4960,1288,55375,306000000,1728000
1791128578.5874,4960,1280,55218,306000000,1728000
1791128578.6375,4960,1272,55281,306000000,1728000
1791128578.6876,4960,1280,55187,306000000,1728000
1791128578.7377,4960,1272,55343,306000000,1728000
1791128578.7878,4960,1272,55187,306000000,1728000
1791128578.8378,4960,1272,55187,306000000,1728000
1791128578.8879,4960,1272,55218,306000000,1728000
1791128578.9380,4960,1264,55218,306000000,1728000
1791128578.9881,4960,1264,55250,306000000,1728000
1791128579.0382,4960,1272,55218,306000000,1113600
1791128579.0883,4960,1272,55375,306000000,1728000
1791128579.1384,4960,1272,55156,306000000,1728000
1791128579.1885,4960,1264,55250,306000000,1728000
1791128579.2386,4960,1264,55281,306000000,1728000
1791128579.2886,4960,1272,55250,306000000,1728000
1791128579.3387,4960,1256,55218,306000000,1728000
1791128579.3888,4960,1264,55312,306000000,1728000
1791128579.4389,4960,1264,55406,306000000,1728000
1791128579.4890,4960,1264,55312,306000000,1728000
1791128579.5391,4960,1264,55250,306000000,1728000
1791128579.5892,4960,1272,55156,306000000,1728000
1791128579.6393,4960,1280,55312,306000000,1728000
1791128579.6894,4960,1280,55187,306000000,1728000
1791128579.7394,4960,1280,55343,306000000,1728000
1791128579.7895,4960,1280,55218,306000000,1728000
1791128579.8396,4960,1272,55281,306000000,1728000
1791128579.8897,4960,1272,55468,306000000,1728000
1791128579.9398,4960,1272,55125,306000000,1728000
1791128579.9898,4960,1264,55250,306000000,1728000
1791128580.0399,4960,1272,55218,306000000,1728000
1791128580.0900,4960,1264,55281,306000000,1728000
1791128580.1401,4960,1264,55156,306000000,1728000
1791128580.1902,4960,1280,55281,306000000,1728000
1791128580.2403,4960,1280,55187,306000000,1728000
1791128580.2904,4960,1272,55250,306000000,1728000
1791128580.3405,4960,1272,55437,306000000,1728000
1791128580.3906,4960,1264,55312,306000000,1728000
1791128580.4407,4960,1272,55312,306000000,1728000
1791128580.4907,4960,1256,55187,306000000,1728000
1791128580.5408,4960,1256,55375,306000000,1728000
1791128580.5909,4960,1264,55218,306000000,1728000
1791128580.6410,4960,1264,55250,306000000,1728000
1791128580.6911,4960,1280,55156,306000000,1728000
1791128580.7412,4960,1304,55156,306000000,1728000
1791128580.7913,4960,1312,55187,306000000,1728000
1791128580.8414,4960,1320,55281,306000000,1728000
1791128580.8915,4960,1328,55375,306000000,1728000
1791128580.9416,4960,1328,55187,306000000,1728000
1791128580.9916,4960,1320,55218,306000000,1728000
1791128581.0417,4960,1328,55156,306000000,1728000
1791128581.0918,4960,1320,55218,306000000,1728000
1791128581.1419,4960,1320,55250,306000000,1728000
1791128581.1920,4960,1312,55187,306000000,1728000
1791128581.2421,4960,1304,55250,306000000,1728000
1791128581.2922,4960,1312,55312,306000000,1728000
1791128581.3423,4960,1312,55375,306000000,1728000
1791128581.3923,4960,1312,55218,306000000,1728000
1791128581.4424,4960,1304,55281,306000000,1728000
1791128581.4925,4960,1296,55156,306000000,1728000
1791128581.5426,4960,1296,55250,306000000,1728000
1791128581.5927,4960,1288,55125,306000000,1728000
1791128581.6428,4960,1288,55250,306000000,1728000
1791128581.6929,4960,1288,55187,306000000,1728000
1791128581.7429,4960,1280,55218,306000000,1728000
1791128581.7930,4960,1280,55437,306000000,1728000
1791128581.8431,4960,1288,55312,306000000,1267200
1791128581.8932,4960,1288,55343,306000000,1728000
1791128581.9433,4960,1288,55250,306000000,1728000
1791128581.9934,4960,1288,55312,306000000,1728000
1791128582.0435,4960,1280,55281,306000000,1728000
1791128582.0936,4960,1280,55281,306000000,1728000
1791128582.1436,4960,1280,55250,306000000,1728000
1791128582.1937,4960,1272,55312,306000000,1728000
1791128582.2438,4960,1272,55375,306000000,1728000
1791128582.2938,4960,1280,55187,306000000,1728000
1791128582.3439,4960,1272,55375,306000000,1728000
1791128582.3940,4960,1280,55218,306000000,1728000
1791128582.4441,4960,1288,55281,306000000,1728000
1791128582.4942,4960,1288,55125,306000000,1728000
1791128582.5443,4960,1288,55187,306000000,1728000
1791128582.5944,4960,1280,55187,306000000,1728000
1791128582.6445,4960,1280,55250,306000000,1728000
1791128582.6946,4960,1280,55468,306000000,1728000
1791128582.7447,4960,1272,55218,306000000,1728000
1791128582.7947,4960,1272,55406,306000000,1728000
1791128582.8448,4960,1272,55125,306000000,1728000
1791128582.8949,4960,1272,55343,306000000,1728000
1791128582.9450,4960,1280,55250,306000000,1728000
1791128582.9951,4960,1288,55281,306000000,1728000
1791128583.0452,4960,1288,55218,306000000,1728000
1791128583.0953,4960,1280,55187,306000000,1728000
1791128583.1453,4960,1288,55218,306000000,1728000
1791128583.1954,4960,1280,55218,306000000,1728000
1791128583.2455,4960,1280,55281,306000000,1728000
1791128583.2956,4960,1280,55156,306000000,1728000
1791128583.3457,4960,1280,55281,306000000,1728000
1791128583.3957,4960,1272,55187,306000000,1728000
1791128583.4458,4960,1272,55281,306000000,1728000
1791128583.4959,4960,1272,55250,306000000,1728000
1791128583.5460,4960,1280,55250,306000000,1728000
1791128583.5961,4960,1280,55281,306000000,1728000
1791128583.6462,4960,1288,55281,306000000,1728000
1791128583.6963,4960,1280,55343,306000000,1728000
1791128583.7464,4960,1280,55156,306000000,1728000
1791128583.7965,4960,1280,55281,306000000,1728000
1791128583.8466,4960,1272,55187,306000000,1728000
1791128583.8966,4960,1272,55187,306000000,1728000
1791128583.9467,4960,1272,55156,306000000,1728000
1791128583.9968,4960,1272,55281,306000000,1728000
1791128584.0469,4960,1272,55125,306000000,1728000
1791128584.0970,4960,1280,55250,306000000,1728000
1791128584.1471,4960,1280,55375,306000000,1728000
1791128584.1972,4960,1288,55218,306000000,1728000
1791128584.2472,4960,1280,55250,306000000,1728000
1791128584.2973,4960,1272,55218,306000000,1728000
1791128584.3474,4960,1280,55156,306000000,1728000
1791128584.3975,4960,1280,55187,306000000,1728000
1791128584.4476,4960,1272,55281,306000000,1728000
1791128584.4976,4960,1272,55218,306000000,1728000
1791128584.5477,4960,1272,55218,306000000,1728000
1791128584.5978,4960,1264,55250,306000000,1728000
1791128584.6479,4960,1280,55218,306000000,1728000
1791128584.6980,4960,1288,55250,306000000,1728000
1791128584.7481,4960,1280,55218,306000000,1728000
1791128584.7982,4960,1280,55312,306000000,1728000
1791128584.8482,4960,1280,55187,306000000,1728000
1791128584.8983,4960,1288,55250,306000000,1728000
1791128584.9484,4960,1280,55187,306000000,1728000
1791128584.9985,4960,1272,55312,306000000,1728000
1791128585.0485,4960,1280,55375,306000000,1728000
1791128585.0986,4960,1272,55187,306000000,1728000
1791128585.1487,4960,1272,55312,306000000,1728000
1791128585.1988,4960,1280,55156,306000000,1267200
1791128585.2489,4960,1288,55375,306000000,1728000
1791128585.2990,4960,1280,55156,306000000,1728000
1791128585.3491,4960,1280,55218,306000000,1728000
1791128585.3991,4960,1280,55250,306000000,1728000
1791128585.4493,4960,1272,55250,306000000,1728000
1791128585.4993,4960,1272,55437,306000000,1728000
1791128585.5494,4960,1272,55250,306000000,1728000
1791128585.6002,4960,1272,55343,306000000,1728000
1791128585.6503,4960,1272,55250,306000000,1728000
1791128585.7004,4960,1272,55406,306000000,1728000
1791128585.7505,4960,1272,55218,306000000,1728000
1791128585.8006,4960,1280,55343,306000000,1728000
1791128585.8507,4960,1280,55093,306000000,1728000
1791128585.9008,4960,1272,55250,306000000,1728000
1791128585.9508,4960,1272,55250,306000000,1267200
1791128586.0009,4960,1280,55281,306000000,1728000
1791128586.0510,4960,1272,55406,306000000,1728000
1791128586.1011,4960,1272,55281,306000000,1728000
1791128586.1512,4960,1280,55375,306000000,1728000
1791128586.2013,4960,1272,55218,306000000,1728000
1791128586.2513,4960,1272,55375,306000000,1728000
1791128586.3014,4960,1280,55187,306000000,1728000
1791128586.3515,4960,1296,55218,306000000,1728000
1791128586.4016,4960,1288,55156,306000000,1728000
1791128586.4517,4960,1280,55281,306000000,1728000
1791128586.5018,4960,1288,55281,306000000,1728000
1791128586.5519,4960,1288,55312,306000000,1728000
1791128586.6020,4960,1280,55343,306000000,1728000
1791128586.6521,4960,1280,55250,306000000,1728000
1791128586.7021,4960,1280,55312,306000000,1728000
1791128586.7522,4960,1272,55156,306000000,1728000
1791128586.8023,4960,1272,55343,306000000,1728000
1791128586.8524,4960,1280,55125,306000000,1728000
1791128586.9025,4960,1288,55312,306000000,1267200
1791128586.9526,4960,1280,55437,306000000,1728000
1791128587.0027,4960,1288,55125,306000000,1728000
1791128587.0528,4960,1280,55281,306000000,1728000
1791128587.1028,4960,1272,55281,306000000,1728000
1791128587.1529,4960,1280,55312,306000000,1728000
1791128587.2030,4960,1272,55250,306000000,1728000
1791128587.2531,4960,1264,55125,306000000,1728000
1791128587.3031,4960,1272,55125,306000000,1728000
1791128587.3532,4960,1272,55218,306000000,1728000
1791128587.4033,4960,1264,55375,306000000,1728000
1791128587.4534,4960,1280,55250,306000000,1728000
1791128587.5035,4960,1280,55281,306000000,1728000
1791128587.5536,4960,1272,55250,306000000,1728000
1791128587.6037,4960,1280,55218,306000000,1728000
1791128587.6538,4960,1280,55187,306000000,1728000
1791128587.7038,4960,1272,55281,306000000,1728000
1791128587.7539,4960,1272,55156,306000000,1728000
1791128587.8040,4960,1280,55187,306000000,1728000
1791128587.8541,4960,1272,55218,306000000,1728000
1791128587.9042,4960,1272,55250,306000000,1728000
1791128587.9542,4960,1272,55312,306000000,1728000
1791128588.0044,4960,1280,55218,306000000,1728000
1791128588.0544,4960,1288,55375,306000000,1728000
1791128588.1045,4960,1288,55187,306000000,1728000
1791128588.1546,4960,1280,55218,306000000,1728000
1791128588.2047,4960,1280,55125,306000000,1728000
1791128588.2548,4960,1280,55281,306000000,1728000
1791128588.3049,4960,1280,55187,306000000,1728000
1791128588.3549,4960,1280,55187,306000000,1728000
1791128588.4050,4960,1288,55406,306000000,1728000
1791128588.4551,4960,1280,55187,306000000,1728000
1791128588.5052,4960,1280,55250,306000000,1728000
1791128588.5553,4960,1288,55187,306000000,1728000
1791128588.6054,4960,1288,55281,306000000,1728000
1791128588.6555,4960,1288,55250,306000000,1728000
1791128588.7055,4960,1288,55250,306000000,1728000
1791128588.7556,4960,1288,55250,306000000,1728000
1791128588.8057,4960,1280,55250,306000000,1728000
1791128588.8558,4960,1280,55437,306000000,1728000
1791128588.9059,4960,1280,55187,306000000,1728000
1791128588.9559,4960,1280,55375,306000000,1728000
1791128589.0060,4960,1280,55250,306000000,1728000
1791128589.0561,4960,1280,55250,306000000,1728000
1791128589.1062,4960,1280,55156,306000000,1728000
1791128589.1563,4960,1288,55281,306000000,1728000
1791128589.2064,4960,1296,55125,306000000,1728000
1791128589.2565,4960,1288,55187,306000000,1728000
1791128589.3066,4960,1288,55312,306000000,1728000
1791128589.3566,4960,1288,55250,306000000,1728000
1791128589.4067,4960,1288,55375,306000000,1728000
1791128589.4568,4960,1280,55093,306000000,1728000
1791128589.5069,4960,1280,55312,306000000,1728000
1791128589.5569,4960,1280,55156,306000000,1728000
1791128589.6070,4960,1272,55250,306000000,1728000
1791128589.6571,4960,1280,55156,306000000,1728000
1791128589.7072,4960,1288,55218,306000000,1728000
1791128589.7573,4960,1280,55281,306000000,1728000
1791128589.8074,4960,1280,55218,306000000,1728000
1791128589.8575,4960,1280,55343,306000000,1728000
1791128589.9076,4960,1280,55250,306000000,1728000
1791128589.9577,4960,1272,55281,306000000,1728000
1791128590.0078,4960,1280,55218,306000000,1728000
1791128590.0578,4960,1272,55343,306000000,1728000
1791128590.1079,4960,1264,55218,306000000,1728000
1791128590.1580,4960,1264,55250,306000000,1728000
1791128590.2081,4960,1272,55218,306000000,1728000
1791128590.2582,4960,1280,55250,306000000,1728000
1791128590.3083,4960,1280,55343,306000000,1728000
1791128590.3584,4960,1280,55250,306000000,1728000
1791128590.4084,4960,1272,55343,306000000,1728000
1791128590.4585,4960,1272,55187,306000000,1728000
1791128590.5086,4960,1272,55250,306000000,1728000
1791128590.5587,4960,1272,55156,306000000,1728000
1791128590.6088,4960,1272,55218,306000000,1728000
1791128590.6589,4960,1272,55218,306000000,1728000
1791128590.7089,4960,1264,55250,306000000,1728000
1791128590.7590,4960,1264,55375,306000000,1728000
1791128590.8091,4960,1280,55218,306000000,1728000
1791128590.8592,4960,1280,55312,306000000,1728000
1791128590.9093,4960,1280,55187,306000000,1728000
1791128590.9594,4960,1280,55281,306000000,1728000
1791128591.0095,4960,1280,55156,306000000,1728000
1791128591.0596,4960,1272,55281,306000000,1728000
1791128591.1096,4960,1272,55187,306000000,1728000
1791128591.1597,4960,1280,55312,306000000,1728000
1791128591.2098,4960,1272,55437,306000000,1728000
1791128591.2599,4960,1272,55187,306000000,1728000
1791128591.3100,4960,1272,55281,306000000,1728000
1791128591.3601,4960,1280,55187,306000000,1728000
1791128591.4102,4960,1280,55343,306000000,1728000
1791128591.4603,4960,1280,55281,306000000,1728000
1791128591.5104,4960,1280,55281,306000000,1728000
1791128591.5604,4960,1280,55156,306000000,1728000
1791128591.6105,4960,1272,55250,306000000,1728000
1791128591.6606,4960,1280,55312,306000000,1728000
1791128591.7107,4960,1272,55218,306000000,1728000
1791128591.7608,4960,1272,55375,306000000,1728000
1791128591.8109,4960,1280,55156,306000000,1728000
1791128591.8610,4960,1272,55312,306000000,1728000
1791128591.9111,4960,1280,55125,306000000,1728000
1791128591.9612,4960,1288,55281,306000000,1728000
1791128592.0113,4960,1288,55250,306000000,1728000
1791128592.0614,4960,1288,55218,306000000,1728000
1791128592.1115,4960,1280,55312,306000000,1728000
1791128592.1616,4960,1280,55250,306000000,1728000
1791128592.2116,4960,1272,55343,306000000,1728000
1791128592.2617,4960,1272,55218,306000000,1728000
1791128592.3118,4960,1272,55312,306000000,1728000
1791128592.3619,4960,1272,55218,306000000,1728000
1791128592.4120,4960,1272,55250,306000000,1728000
1791128592.4621,4960,1280,55218,306000000,1728000
1791128592.5122,4960,1288,55281,306000000,1728000
1791128592.5623,4960,1280,55218,306000000,1728000
1791128592.6124,4960,1280,55218,306000000,1728000
1791128592.6624,4960,1280,55312,306000000,1728000
1791128592.7125,4960,1272,55156,306000000,1728000
1791128592.7626,4960,1280,55312,306000000,1728000
1791128592.8127,4960,1280,55125,306000000,1728000
1791128592.8628,4960,1280,55281,306000000,1728000
1791128592.9129,4960,1272,55218,306000000,1728000
1791128592.9629,4960,1272,55218,306000000,1728000
1791128593.0130,4960,1272,55187,306000000,1728000
1791128593.0631,4960,1288,55125,306000000,1728000
1791128593.1132,4960,1288,55156,306000000,1728000
1791128593.1633,4960,1280,55125,306000000,1728000
1791128593.2134,4960,1272,55250,306000000,1728000
1791128593.2635,4960,1280,55062,306000000,1728000
1791128593.3136,4960,1280,55250,306000000,1728000
1791128593.3636,4960,1272,55156,306000000,1728000
1791128593.4137,4960,1272,55218,306000000,1728000
1791128593.4638,4960,1264,55250,306000000,1728000
1791128593.5139,4960,1264,55187,306000000,1728000
1791128593.5639,4960,1272,55375,306000000,1728000
1791128593.6140,4960,1280,55250,306000000,1728000
1791128593.6641,4960,1280,55375,306000000,1728000
1791128593.7142,4960,1280,55156,306000000,1728000
1791128593.7643,4960,1280,55250,306000000,1728000
1791128593.8144,4960,1280,55156,306000000,1728000
1791128593.8645,4960,1272,55281,306000000,1728000
1791128593.9146,4960,1280,55187,306000000,1728000
1791128593.9647,4960,1280,55156,306000000,1728000
1791128594.0147,4960,1272,55312,306000000,1728000
1791128594.0648,4960,1272,55250,306000000,1728000
1791128594.1149,4960,1272,55250,306000000,1728000
1791128594.1650,4960,1280,55125,306000000,1728000
1791128594.2151,4960,1288,55250,306000000,1728000
1791128594.2652,4960,1280,55156,306000000,1728000
1791128594.3153,4960,1280,55218,306000000,1728000
1791128594.3654,4960,1280,55187,306000000,1728000
1791128594.4155,4960,1280,55250,306000000,1728000
1791128594.4656,4960,1280,55312,306000000,1728000
1791128594.5157,4960,1272,55187,306000000,1728000
1791128594.5658,4960,1272,55250,306000000,1728000
1791128594.6159,4960,1272,55062,306000000,1728000
1791128594.6660,4960,1264,55281,306000000,1728000
1791128594.7161,4960,1280,55281,306000000,1728000
1791128594.7661,4960,1288,55312,306000000,1728000
1791128594.8162,4960,1280,55125,306000000,1728000
1791128594.8663,4960,1280,55218,306000000,1728000
1791128594.9164,4960,1280,55156,306000000,1728000
1791128594.9665,4960,1272,55156,306000000,1728000
1791128595.0166,4960,1272,55250,306000000,1728000
1791128595.0667,4960,1280,55187,306000000,1728000
1791128595.1168,4960,1280,55281,306000000,1728000
1791128595.1669,4960,1272,55218,306000000,1728000
1791128595.2170,4960,1272,55218,306000000,1728000
1791128595.2671,4960,1280,55187,306000000,1344000
1791128595.3172,4960,1288,55187,306000000,1728000
1791128595.3673,4960,1280,55156,306000000,1728000
1791128595.4174,4960,1280,55281,306000000,1728000
1791128595.4675,4960,1272,55281,306000000,1728000
1791128595.5176,4960,1272,55156,306000000,1728000
1791128595.5677,4960,1272,55281,306000000,1728000
1791128595.6178,4960,1264,55156,306000000,1728000
1791128595.6679,4960,1264,55187,306000000,1728000
1791128595.7180,4960,1264,55218,306000000,1728000
1791128595.7681,4960,1264,55156,306000000,1728000
1791128595.8181,4960,1280,55187,306000000,1728000
1791128595.8682,4960,1312,55187,306000000,1728000
1791128595.9183,4960,1320,55281,306000000,1728000
1791128595.9684,4960,1328,55156,306000000,1728000
1791128596.0185,4960,1336,55312,306000000,1728000
1791128596.0686,4960,1328,55218,306000000,1728000
1791128596.1187,4960,1328,55281,306000000,1728000
1791128596.1688,4960,1328,55156,306000000,1728000
1791128596.2189,4960,1328,55250,306000000,1420800
1791128596.2690,4960,1312,55250,306000000,1728000
1791128596.3191,4960,1312,55250,306000000,1728000
1791128596.3692,4960,1312,55312,306000000,1728000
1791128596.4192,4960,1320,55156,306000000,1728000
1791128596.4693,4960,1312,55343,306000000,1728000
1791128596.5194,4960,1312,55156,306000000,1728000
1791128596.5695,4960,1312,55281,306000000,1728000
1791128596.6196,4960,1312,55156,306000000,960000
1791128596.6696,4960,1304,55218,306000000,1728000
1791128596.7197,4960,1296,55093,306000000,1728000
1791128596.7698,4960,1296,55187,306000000,1728000
1791128596.8199,4960,1296,55312,306000000,1728000
1791128596.8700,4960,1296,55125,306000000,1728000
1791128596.9201,4960,1288,55281,306000000,1728000
1791128596.9702,4960,1296,55187,306000000,1728000
1791128597.0203,4960,1296,55218,306000000,1728000
1791128597.0704,4960,1296,55156,306000000,1728000
1791128597.1205,4960,1288,55343,306000000,1728000
1791128597.1706,4960,1288,55218,306000000,1728000
1791128597.2207,4960,1288,55187,306000000,1728000
1791128597.2708,4960,1280,55125,306000000,1728000
1791128597.3209,4960,1280,55250,306000000,1728000
1791128597.3710,4960,1288,55375,306000000,1728000
1791128597.4211,4960,1280,55187,306000000,1728000
1791128597.4712,4960,1272,55250,306000000,1728000
1791128597.5213,4960,1288,55250,306000000,1728000
1791128597.5714,4960,1296,55187,306000000,1728000
1791128597.6215,4960,1296,55187,306000000,1728000
1791128597.6716,4960,1288,55250,306000000,1728000
1791128597.7217,4960,1288,55062,306000000,1728000
1791128597.7717,4960,1280,55156,306000000,1728000
1791128597.8219,4960,1280,55250,306000000,1728000
1791128597.8720,4960,1280,55250,306000000,1728000
1791128597.9220,4960,1280,55250,306000000,1728000
1791128597.9721,4960,1280,55156,306000000,1728000
1791128598.0222,4960,1272,55218,306000000,1728000
1791128598.0723,4960,1288,55093,306000000,1728000
1791128598.1224,4960,1288,55187,306000000,1728000
1791128598.1725,4960,1288,55093,306000000,1728000
1791128598.2226,4960,1288,55250,306000000,1728000
1791128598.2727,4960,1280,55281,306000000,1728000
1791128598.3228,4960,1280,55218,306000000,1728000
1791128598.3729,4960,1280,55250,306000000,1728000
1791128598.4230,4960,1280,55125,306000000,1728000
1791128598.4731,4960,1272,55281,306000000,1728000
1791128598.5232,4960,1280,55218,306000000,1728000
1791128598.5733,4960,1280,55125,306000000,1728000
1791128598.6234,4960,1280,55156,306000000,1728000
1791128598.6735,4960,1288,55250,306000000,1728000
1791128598.7236,4960,1288,55250,306000000,1728000
1791128598.7736,4960,1280,55250,306000000,1728000
1791128598.8237,4960,1280,55281,306000000,1728000
1791128598.8738,4960,1280,55156,306000000,1728000
1791128598.9239,4960,1280,55312,306000000,1728000
1791128598.9740,4960,1272,55218,306000000,1728000
1791128599.0241,4960,1280,55218,306000000,1728000
1791128599.0742,4960,1272,55093,306000000,1728000
1791128599.1243,4960,1272,55281,306000000,1728000
1791128599.1744,4960,1272,55187,306000000,1728000
1791128599.2245,4960,1288,55156,306000000,1728000
1791128599.2746,4960,1280,55218,306000000,1728000
1791128599.3246,4960,1280,55125,306000000,1728000
1791128599.3747,4960,1280,55343,306000000,1728000
1791128599.4248,4960,1280,55093,306000000,1728000
1791128599.4749,4960,1280,55218,306000000,1728000
1791128599.5250,4960,1272,55125,306000000,1728000
1791128599.5751,4960,1280,55218,306000000,960000
1791128599.6252,4960,1272,55187,306000000,1728000
1791128599.6752,4960,1272,55187,306000000,1728000
1791128599.7253,4960,1272,55218,306000000,1728000
1791128599.7754,4960,1288,55187,306000000,1420800
1791128599.8255,4960,1280,55281,306000000,1728000
1791128599.8756,4960,1288,55125,306000000,1728000
1791128599.9256,4960,1288,55218,306000000,1728000
1791128599.9757,4960,1288,55218,306000000,1728000
1791128600.0258,4960,1288,55250,306000000,1728000
1791128600.0759,4960,1288,55187,306000000,1728000
1791128600.1260,4960,1288,55156,306000000,1728000
1791128600.1760,4960,1288,55281,306000000,1728000
1791128600.2261,4960,1280,55187,306000000,1728000
1791128600.2762,4960,1280,55281,306000000,1728000
1791128600.3263,4960,1296,55156,306000000,1190400
1791128600.3764,4960,1296,55187,306000000,1728000
1791128600.4264,4960,1288,55062,306000000,1728000
1791128600.4765,4960,1288,55187,306000000,1728000
1791128600.5266,4960,1288,55062,306000000,1728000
1791128600.5767,4960,1280,55281,306000000,1728000
1791128600.6268,4960,1280,55250,306000000,1728000
1791128600.6769,4960,1288,55156,306000000,1728000
1791128600.7269,4960,1280,55218,306000000,1728000
1791128600.7770,4960,1280,55125,306000000,1728000
1791128600.8271,4960,1280,55218,306000000,1728000
1791128600.8772,4960,1280,55093,306000000,1728000
1791128600.9273,4960,1288,55218,306000000,1728000
1791128600.9773,4960,1288,55156,306000000,1728000
1791128601.0274,4960,1296,55156,306000000,1036800
1791128601.0775,4960,1288,55343,306000000,1728000
1791128601.1276,4960,1288,55218,306000000,1728000
1791128601.1777,4960,1288,55218,306000000,1728000
1791128601.2278,4960,1288,55125,306000000,1728000
1791128601.2778,4960,1288,55156,306000000,1728000
1791128601.3279,4960,1288,55187,306000000,1728000
1791128601.3780,4960,1280,55250,306000000,1728000
1791128601.4281,4960,1288,55125,306000000,1728000
1791128601.4782,4960,1296,55156,306000000,1267200
1791128601.5283,4960,1288,55281,306000000,1728000
1791128601.5783,4960,1296,55156,306000000,1728000
1791128601.6284,4960,1296,55281,306000000,1728000
1791128601.6785,4960,1288,55250,306000000,1344000
1791128601.7286,4960,1288,55218,306000000,1728000
1791128601.7787,4960,1288,55125,306000000,1728000
1791128601.8287,4960,1288,55281,306000000,1728000
1791128601.8788,4960,1280,55062,306000000,1728000
1791128601.9289,4960,1280,55125,306000000,1728000
1791128601.9790,4960,1288,55218,306000000,1267200
1791128602.0291,4960,1288,55156,306000000,1728000
1791128602.0792,4960,1296,55312,306000000,1728000
1791128602.1292,4960,1296,55187,306000000,1728000
1791128602.1793,4960,1288,55218,306000000,1728000
1791128602.2294,4960,1288,55093,306000000,1728000
1791128602.2795,4960,1288,55250,306000000,1728000
1791128602.3296,4960,1288,55187,306000000,1728000
1791128602.3797,4960,1280,55187,306000000,1728000
1791128602.4298,4960,1280,55312,306000000,1728000
1791128602.4798,4960,1280,55187,306000000,1728000
1791128602.5299,4960,1280,55250,306000000,1190400
1791128602.5800,4960,1288,55218,306000000,1728000
1791128602.6301,4960,1288,55250,306000000,1728000
1791128602.6802,4960,1288,55187,306000000,1728000
1791128602.7303,4960,1280,55218,306000000,1728000
1791128602.7804,4960,1272,55125,306000000,1728000
1791128602.8304,4960,1280,55187,306000000,1728000
1791128602.8805,4960,1264,55281,306000000,1728000
1791128602.9306,4960,1272,55250,306000000,1728000
1791128602.9807,4960,1264,55312,306000000,1728000
1791128603.0308,4960,1264,55187,306000000,1728000
1791128603.0809,4960,1264,55187,306000000,1728000
1791128603.1310,4960,1280,55125,306000000,1267200
1791128603.1811,4960,1280,55250,306000000,1728000
1791128603.2311,4960,1280,55156,306000000,1728000
1791128603.2812,4960,1280,55156,306000000,1728000
1791128603.3313,4960,1280,55156,306000000,1728000
1791128603.3814,4960,1272,55125,306000000,1267200
1791128603.4315,4960,1272,55281,306000000,1728000
1791128603.4815,4960,1264,55125,306000000,1728000
1791128603.5316,4960,1264,55281,306000000,1728000
1791128603.5817,4960,1272,55125,306000000,1728000
1791128603.6318,4960,1264,55250,306000000,1728000
1791128603.6819,4960,1272,55125,306000000,1728000
1791128603.7320,4960,1288,55250,306000000,1728000
1791128603.7821,4960,1280,55125,306000000,1728000
1791128603.8321,4960,1272,55187,306000000,1728000
1791128603.8822,4960,1272,55250,306000000,1728000
1791128603.9323,4960,1264,55125,306000000,1728000
1791128603.9824,4960,1264,55281,306000000,1728000
1791128604.0325,4960,1264,55156,306000000,1728000
1791128604.0826,4960,1256,55187,306000000,1728000
1791128604.1326,4960,1264,55125,306000000,1728000
1791128604.1827,4960,1256,55187,306000000,1728000
1791128604.2328,4960,1264,55125,306000000,1728000
1791128604.2829,4960,1280,55187,306000000,1728000
1791128604.3330,4960,1272,55312,306000000,1728000
1791128604.3831,4960,1272,55218,306000000,1728000
1791128604.4331,4960,1272,55281,306000000,1728000
1791128604.4832,4960,1272,55156,306000000,1728000
1791128604.5333,4960,1264,55250,306000000,1728000
1791128604.5834,4960,1264,55187,306000000,1728000
1791128604.6335,4960,1264,55218,306000000,1728000
1791128604.6835,4960,1264,55062,306000000,1728000
1791128604.7336,4960,1264,55125,306000000,1728000
1791128604.7837,4960,1264,55250,306000000,1728000
1791128604.8338,4960,1272,55156,306000000,1728000
1791128604.8839,4960,1272,55250,306000000,1728000
1791128604.9340,4960,1272,55156,306000000,1728000
1791128604.9841,4960,1272,55187,306000000,1728000
1791128605.0341,4960,1272,55093,306000000,1728000
1791128605.0842,4960,1264,55250,306000000,1728000
1791128605.1343,4960,1264,55062,306000000,1728000
1791128605.1844,4960,1264,55250,306000000,1728000
1791128605.2345,4960,1264,55375,306000000,1728000
1791128605.2845,4960,1256,55187,306000000,1728000
1791128605.3346,4960,1264,55187,306000000,1728000
1791128605.3847,4960,1280,55187,306000000,1728000
1791128605.4348,4960,1280,55343,306000000,1728000
1791128605.4849,4960,1280,55156,306000000,1728000
1791128605.5350,4960,1280,55250,306000000,1728000
1791128605.5851,4960,1280,55125,306000000,1728000
1791128605.6352,4960,1272,55281,306000000,1728000
1791128605.6852,4960,1280,55281,306000000,1728000
1791128605.7353,4960,1272,55187,306000000,1728000
1791128605.7854,4960,1272,55281,306000000,1728000
1791128605.8355,4960,1272,55187,306000000,1728000
1791128605.8856,4960,1264,55281,306000000,1728000
1791128605.9357,4960,1280,55125,306000000,1728000
1791128605.9857,4960,1280,55250,306000000,1728000
1791128606.0358,4960,1272,55187,306000000,1728000
1791128606.0859,4960,1272,55218,306000000,1728000
1791128606.1360,4960,1280,55281,306000000,1728000
1791128606.1861,4960,1280,55156,306000000,1728000
1791128606.2362,4960,1280,55312,306000000,1728000
1791128606.2863,4960,1280,55125,306000000,1728000
1791128606.3363,4960,1280,55250,306000000,1728000
1791128606.3864,4960,1280,55218,306000000,1728000
1791128606.4365,4960,1272,55281,306000000,1728000
1791128606.4866,4960,1288,55062,306000000,1728000
1791128606.5367,4960,1288,55250,306000000,1728000
1791128606.5868,4960,1288,55343,306000000,1728000
1791128606.6369,4960,1288,55250,306000000,1728000
1791128606.6869,4960,1288,55343,306000000,1728000
1791128606.7370,4960,1280,55187,306000000,1728000
1791128606.7871,4960,1280,55281,306000000,1728000
1791128606.8372,4960,1280,55093,306000000,1728000
1791128606.8873,4960,1280,55250,306000000,1728000
1791128606.9373,4960,1272,55125,306000000,1728000
1791128606.9874,4960,1280,55218,306000000,1728000
1791128607.0375,4960,1288,55156,306000000,1728000
1791128607.0876,4960,1288,55156,306000000,1728000
1791128607.1377,4960,1288,55343,306000000,1728000
1791128607.1877,4960,1288,55218,306000000,1728000
1791128607.2378,4960,1280,55312,306000000,1728000
1791128607.2879,4960,1280,55156,306000000,1728000
1791128607.3380,4960,1280,55218,306000000,1728000
1791128607.3881,4960,1280,55218,306000000,1728000
1791128607.4382,4960,1272,55281,306000000,1728000
1791128607.4882,4960,1280,55343,306000000,1728000
1791128607.5383,4960,1272,55125,306000000,1728000
1791128607.5884,4960,1272,55343,306000000,1728000
1791128607.6385,4960,1288,55187,306000000,1728000
1791128607.6886,4960,1288,55312,306000000,1728000
1791128607.7387,4960,1280,55062,306000000,1728000
1791128607.7888,4960,1280,55187,306000000,1728000
1791128607.8388,4960,1272,55218,306000000,1728000
1791128607.8889,4960,1272,55125,306000000,1728000
1791128607.9390,4960,1280,55125,306000000,1728000
1791128607.9890,4960,1272,55187,306000000,1728000
1791128608.0391,4960,1272,55343,306000000,1728000
1791128608.0892,4960,1272,55187,306000000,1728000
1791128608.1393,4960,1280,55250,306000000,1728000
1791128608.1894,4960,1288,55281,306000000,1728000
1791128608.2395,4960,1288,55187,306000000,1728000
1791128608.2896,4960,1288,55125,306000000,1728000
1791128608.3396,4960,1280,55218,306000000,1728000
1791128608.3897,4960,1280,55093,306000000,1728000
1791128608.4398,4960,1280,55062,306000000,1728000
1791128608.4899,4960,1272,55343,306000000,1728000
1791128608.5400,4960,1272,55218,306000000,1728000
1791128608.5901,4960,1272,55250,306000000,1728000
1791128608.6402,4960,1272,55125,306000000,1728000
1791128608.6902,4960,1264,55250,306000000,1728000
1791128608.7403,4960,1280,55156,306000000,1728000
1791128608.7904,4960,1280,55187,306000000,1728000
1791128608.8405,4960,1272,55125,306000000,1728000
1791128608.8906,4960,1272,55156,306000000,1728000
1791128608.9407,4960,1280,55218,306000000,1728000
1791128608.9907,4960,1272,55187,306000000,1728000
1791128609.0408,4960,1272,55312,306000000,1728000
1791128609.0909,4960,1272,55187,306000000,1728000
1791128609.1410,4960,1272,55250,306000000,1728000
1791128609.1911,4960,1264,55093,306000000,1728000
1791128609.2411,4960,1264,55250,306000000,1728000
1791128609.2913,4960,1280,55093,306000000,1728000
1791128609.3413,4960,1280,55187,306000000,1728000
1791128609.3914,4960,1280,55375,306000000,1728000
1791128609.4415,4960,1280,55187,306000000,1728000
1791128609.4916,4960,1272,55343,306000000,1728000
1791128609.5417,4960,1272,55218,306000000,1728000
1791128609.5918,4960,1280,55187,306000000,1728000
1791128609.6418,4960,1272,55125,306000000,1728000
1791128609.6919,4960,1272,55250,306000000,1728000
1791128609.7420,4960,1272,55218,306000000,1728000
1791128609.7921,4960,1272,55187,306000000,1728000
1791128609.8422,4960,1280,55343,306000000,1113600
1791128609.8923,4960,1288,55156,306000000,1728000
1791128609.9424,4960,1280,55312,306000000,1728000
1791128609.9925,4960,1280,55125,306000000,1728000
1791128610.0425,4960,1272,55281,306000000,1728000
1791128610.0926,4960,1272,55093,306000000,1728000
1791128610.1427,4960,1272,55187,306000000,1728000
1791128610.1928,4960,1264,55187,306000000,1728000
1791128610.2429,4960,1264,55125,306000000,1728000
1791128610.2930,4960,1272,55218,306000000,1728000
1791128610.3431,4960,1264,55125,306000000,1728000
1791128610.3932,4960,1272,55250,306000000,1728000
1791128610.4433,4960,1288,55156,306000000,1728000
1791128610.4933,4960,1280,55312,306000000,1728000
1791128610.5434,4960,1272,55125,306000000,1728000
1791128610.5935,4960,1280,55187,306000000,1728000
1791128610.6436,4960,1280,55156,306000000,1728000
1791128610.6937,4960,1272,55218,306000000,1728000
1791128610.7437,4960,1272,55375,306000000,1728000
1791128610.7938,4960,1272,55156,306000000,1728000
1791128610.8439,4960,1272,55312,306000000,1728000
1791128610.8940,4960,1264,55187,306000000,1728000
1791128610.9441,4960,1272,55187,306000000,1728000
1791128610.9942,4960,1288,55218,306000000,1728000
1791128611.0443,4960,1280,55281,306000000,1728000
1791128611.0943,4960,1280,55125,306000000,1728000
1791128611.1444,4960,1280,55187,306000000,1728000
1791128611.1945,4960,1280,55125,306000000,1728000
1791128611.2446,4960,1272,55125,306000000,1728000
1791128611.2947,4960,1280,55250,306000000,1728000
1791128611.3448,4960,1264,55218,306000000,1728000
1791128611.3948,4960,1272,55343,306000000,1728000
1791128611.4449,4960,1272,55093,306000000,1728000
1791128611.4951,4960,1272,55250,306000000,1728000
1791128611.5452,4960,1288,55093,306000000,1728000
1791128611.5953,4960,1288,55187,306000000,1728000
1791128611.6454,4960,1288,55156,306000000,1728000
1791128611.6954,4960,1280,55125,306000000,1728000
1791128611.7455,4960,1288,55250,306000000,1728000
1791128611.7956,4960,1280,55156,306000000,1728000
1791128611.8457,4960,1280,55312,306000000,1728000
1791128611.8957,4960,1280,55187,306000000,1728000
1791128611.9458,4960,1280,55218,306000000,1728000
1791128611.9959,4960,1272,55156,306000000,1728000
1791128612.0460,4960,1280,55250,306000000,1728000
1791128612.0961,4960,1296,55125,306000000,1728000
1791128612.1462,4960,1296,55218,306000000,1728000
1791128612.1962,4960,1288,55343,306000000,1728000
1791128612.2463,4960,1288,55156,306000000,1728000
1791128612.2964,4960,1288,55281,306000000,1728000
1791128612.3465,4960,1280,55187,306000000,1728000
1791128612.3966,4960,1280,55187,306000000,1728000
1791128612.4467,4960,1288,55125,306000000,1728000
1791128612.4968,4960,1280,55218,306000000,1728000
1791128612.5469,4960,1280,55187,306000000,1728000
1791128612.5969,4960,1280,55187,306000000,1728000
1791128612.6470,4960,1288,55312,306000000,1728000
1791128612.6971,4960,1288,55125,306000000,1728000
1791128612.7472,4960,1288,55312,306000000,1728000
1791128612.7973,4960,1288,55125,306000000,1728000
1791128612.8474,4960,1288,55187,306000000,1728000
1791128612.8975,4960,1280,55093,306000000,1728000
1791128612.9476,4960,1280,55187,306000000,1728000
1791128612.9977,4960,1280,55093,306000000,1728000
1791128613.0477,4960,1272,55218,306000000,1728000
1791128613.0978,4960,1272,55187,306000000,1728000
1791128613.1479,4960,1280,55218,306000000,1728000
1791128613.1980,4960,1280,55312,306000000,1728000
1791128613.2481,4960,1280,55093,306000000,1728000
1791128613.2982,4960,1288,55312,306000000,1728000
1791128613.3483,4960,1288,55125,306000000,1728000
1791128613.3984,4960,1280,55250,306000000,1728000
1791128613.4485,4960,1280,55187,306000000,1728000
1791128613.4986,4960,1280,55218,306000000,1728000
1791128613.5486,4960,1272,55375,306000000,1728000
1791128613.5987,4960,1272,55187,306000000,1728000
1791128613.6488,4960,1272,55312,306000000,1728000
1791128613.6989,4960,1264,55156,306000000,1728000
1791128613.7490,4960,1272,55187,306000000,1728000
1791128613.7991,4960,1280,55156,306000000,1728000
1791128613.8492,4960,1272,55156,306000000,1728000
1791128613.8993,4960,1280,55125,306000000,1728000
1791128613.9493,4960,1264,55218,306000000,1728000
1791128613.9994,4960,1272,55125,306000000,1728000
1791128614.0495,4960,1272,55156,306000000,1728000
1791128614.0996,4960,1264,55187,306000000,1728000
1791128614.1497,4960,1272,55125,306000000,1728000
1791128614.1997,4960,1272,55281,306000000,1728000
1791128614.2498,4960,1264,55093,306000000,1728000
1791128614.2999,4960,1272,55218,306000000,1728000
1791128614.3500,4960,1288,55093,306000000,1728000
1791128614.4001,4960,1280,55218,306000000,1728000
1791128614.4502,4960,1280,55218,306000000,1728000
1791128614.5003,4960,1280,55187,306000000,1728000
1791128614.5504,4960,1272,55343,306000000,1728000
1791128614.6005,4960,1272,55093,306000000,1728000
1791128614.6506,4960,1272,55218,306000000,1728000
1791128614.7007,4960,1272,55156,306000000,1728000
1791128614.7508,4960,1264,55250,306000000,1728000
1791128614.8008,4960,1264,55187,306000000,1728000
1791128614.8509,4960,1264,55218,306000000,1728000
1791128614.9010,4960,1280,55187,306000000,1728000
1791128614.9511,4960,1280,55125,306000000,1728000
1791128615.0012,4960,1280,55218,306000000,1728000
1791128615.0513,4960,1272,55062,306000000,1728000
1791128615.1014,4960,1296,55312,306000000,1728000
1791128615.1515,4960,1304,55187,306000000,1728000
1791128615.2016,4960,1304,55187,306000000,1728000
1791128615.2516,4960,1312,55156,306000000,1728000
1791128615.3017,4960,1320,55343,306000000,1728000
1791128615.3518,4960,1320,55125,306000000,1728000
1791128615.4019,4960,1320,55250,306000000,1728000
1791128615.4520,4960,1328,55281,306000000,1728000
1791128615.5021,4960,1328,55218,306000000,1728000
1791128615.5522,4960,1328,55250,306000000,1728000
1791128615.6023,4960,1320,55187,306000000,1728000
1791128615.6524,4960,1312,55125,306000000,1728000
1791128615.7025,4960,1312,55156,306000000,1728000
1791128615.7525,4960,1304,55187,306000000,1728000
1791128615.8026,4960,1296,55125,306000000,1728000
1791128615.8527,4960,1296,55218,306000000,1728000
1791128615.9028,4960,1296,55375,306000000,1728000
1791128615.9529,4960,1288,55125,306000000,1728000
1791128616.0030,4960,1296,55312,306000000,1267200
1791128616.0531,4960,1304,55125,306000000,1728000
1791128616.1032,4960,1288,55281,306000000,1728000
1791128616.1532,4960,1288,55125,306000000,1728000
1791128616.2033,4960,1288,55156,306000000,1728000
1791128616.2534,4960,1280,55062,306000000,1728000
1791128616.3035,4960,1280,55312,306000000,1728000
1791128616.3536,4960,1280,55281,306000000,1728000
1791128616.4037,4960,1280,55218,306000000,1728000
1791128616.4538,4960,1272,55281,306000000,1728000
1791128616.5039,4960,1272,55156,306000000,1728000
1791128616.5540,4960,1280,55250,306000000,1728000
1791128616.6041,4960,1280,55093,306000000,1728000
1791128616.6542,4960,1280,55218,306000000,1728000
1791128616.7042,4960,1280,55156,306000000,1728000
1791128616.7543,4960,1272,55187,306000000,1728000
1791128616.8044,4960,1272,55125,306000000,1728000
1791128616.8545,4960,1280,55093,306000000,1728000
1791128616.9046,4960,1280,55343,306000000,1728000
1791128616.9547,4960,1272,55250,306000000,1728000
1791128617.0048,4960,1272,55250,306000000,1728000
1791128617.0548,4960,1264,55187,306000000,1728000
1791128617.1049,4960,1272,55187,306000000,1728000
1791128617.1551,4960,1288,55062,306000000,1728000
1791128617.2052,4960,1280,55250,306000000,1728000
1791128617.2553,4960,1280,55062,306000000,1728000
1791128617.3053,4960,1280,55156,306000000,1728000
1791128617.3554,4960,1280,55312,306000000,1728000
1791128617.4055,4960,1272,55218,306000000,1728000
1791128617.4556,4960,1280,55250,306000000,1728000
1791128617.5057,4960,1264,55156,306000000,1728000
1791128617.5558,4960,1264,55250,306000000,1728000
1791128617.6058,4960,1272,55125,306000000,1728000
1791128617.6559,4960,1280,55125,306000000,1190400
1791128617.7060,4960,1288,55156,306000000,1497600
1791128617.7561,4960,1280,55187,306000000,1728000
1791128617.8062,4960,1280,55312,306000000,1728000
1791128617.8563,4960,1272,55125,306000000,1728000
1791128617.9064,4960,1272,55343,306000000,1728000
1791128617.9564,4960,1272,55125,306000000,1728000
1791128618.0065,4960,1272,55250,306000000,1728000
1791128618.0566,4960,1264,55062,306000000,1728000
1791128618.1067,4960,1264,55218,306000000,1728000
1791128618.1568,4960,1256,55125,306000000,1728000
1791128618.2069,4960,1264,55156,306000000,1728000
1791128618.2570,4960,1272,55312,306000000,1728000
1791128618.3071,4960,1272,55062,306000000,1728000
1791128618.3572,4960,1272,55250,306000000,1728000
1791128618.4072,4960,1272,55156,306000000,1728000
1791128618.4573,4960,1264,55156,306000000,1728000
1791128618.5074,4960,1264,55156,306000000,1728000
1791128618.5575,4960,1264,55156,306000000,1728000
1791128618.6076,4960,1272,55125,306000000,1728000
1791128618.6577,4960,1264,55156,306000000,1728000
1791128618.7078,4960,1264,55281,306000000,1728000
1791128618.7578,4960,1264,55093,306000000,1728000
1791128618.8079,4960,1280,55187,306000000,1728000
1791128618.8580,4960,1280,55218,306000000,1728000
1791128618.9081,4960,1280,55281,306000000,1728000
1791128618.9582,4960,1280,55093,306000000,1728000
1791128619.0083,4960,1280,55093,306000000,1728000
1791128619.0584,4960,1272,55125,306000000,1728000
1791128619.1085,4960,1272,55187,306000000,1728000
1791128619.1585,4960,1264,55281,306000000,1728000
1791128619.2086,4960,1264,55156,306000000,1728000
1791128619.2587,4960,1272,55250,306000000,1728000
1791128619.3088,4960,1264,55125,306000000,1728000
1791128619.3589,4960,1272,55218,306000000,1497600
1791128619.4090,4960,1280,55125,306000000,1728000
1791128619.4591,4960,1280,55125,306000000,1728000
1791128619.5092,4960,1272,55125,306000000,1728000
1791128619.5593,4960,1280,55156,306000000,1728000
1791128619.6094,4960,1280,55187,306000000,1728000
1791128619.6594,4960,1272,55156,306000000,1728000
1791128619.7095,4960,1272,55156,306000000,1728000
1791128619.7596,4960,1272,55218,306000000,1728000
1791128619.8097,4960,1264,55312,306000000,1728000
1791128619.8598,4960,1264,55125,306000000,1728000
1791128619.9099,4960,1280,55125,306000000,1728000
1791128619.9600,4960,1280,55125,306000000,1728000
1791128620.0101,4960,1280,55250,306000000,1728000
1791128620.0601,4960,1272,55062,306000000,1728000
1791128620.1102,4960,1272,55156,306000000,1728000
1791128620.1603,4960,1272,55312,306000000,1728000
1791128620.2104,4960,1272,55156,306000000,1728000
1791128620.2605,4960,1264,55312,306000000,1728000
1791128620.3106,4960,1272,55125,306000000,1728000
1791128620.3606,4960,1264,55187,306000000,1728000
1791128620.4107,4960,1264,55125,306000000,1728000
1791128620.4608,4960,1272,55156,306000000,1728000
1791128620.5109,4960,1280,55125,306000000,1728000
1791128620.5610,4960,1272,55125,306000000,1728000
1791128620.6111,4960,1280,55312,306000000,1728000
1791128620.6612,4960,1272,55187,306000000,1728000
1791128620.7113,4960,1272,55312,306000000,1728000
1791128620.7614,4960,1272,55093,306000000,1728000
1791128620.8114,4960,1272,55250,306000000,1728000
1791128620.8615,4960,1264,55187,306000000,1728000
1791128620.9116,4960,1264,55156,306000000,1728000
1791128620.9617,4960,1272,55156,306000000,1728000
1791128621.0117,4960,1272,55156,306000000,1728000
1791128621.0618,4960,1280,55281,306000000,1728000
1791128621.1119,4960,1280,55125,306000000,1728000
1791128621.1620,4960,1280,55281,306000000,1728000
1791128621.2121,4960,1272,55187,306000000,1728000
1791128621.2622,4960,1272,55125,306000000,1728000
1791128621.3123,4960,1272,55093,306000000,1728000
1791128621.3623,4960,1264,55218,306000000,1728000
1791128621.4124,4960,1272,55093,306000000,1728000
1791128621.4625,4960,1272,55218,306000000,1728000
1791128621.5126,4960,1264,55250,306000000,1728000
1791128621.5627,4960,1272,55250,306000000,1728000
1791128621.6128,4960,1280,55343,306000000,1728000
1791128621.6629,4960,1280,55125,306000000,1728000
1791128621.7130,4960,1280,55218,306000000,1728000
1791128621.7631,4960,1280,55156,306000000,1728000
1791128621.8131,4960,1272,55187,306000000,1728000
1791128621.8632,4960,1280,55062,306000000,1728000
1791128621.9133,4960,1272,55187,306000000,1728000
1791128621.9634,4960,1272,55375,306000000,1728000
1791128622.0134,4960,1272,55093,306000000,1728000
1791128622.0635,4960,1280,55375,306000000,1728000
1791128622.1136,4960,1272,55156,306000000,1728000
1791128622.1637,4960,1280,55281,306000000,1728000
1791128622.2138,4960,1288,55187,306000000,1728000
1791128622.2639,4960,1280,55156,306000000,1728000
1791128622.3140,4960,1280,55156,306000000,1728000
1791128622.3641,4960,1280,55187,306000000,1728000
1791128622.4142,4960,1280,55281,306000000,1728000
1791128622.4642,4960,1280,55093,306000000,1728000
1791128622.5143,4960,1280,55375,306000000,1728000
1791128622.5644,4960,1272,55156,306000000,1728000
1791128622.6145,4960,1272,55187,306000000,1728000
1791128622.6646,4960,1272,55187,306000000,1728000
1791128622.7147,4960,1288,55125,306000000,1420800
1791128622.7648,4960,1288,55125,306000000,1728000
1791128622.8149,4960,1280,55187,306000000,1728000
1791128622.8650,4960,1288,55125,306000000,1728000
1791128622.9151,4960,1280,55156,306000000,1728000
1791128622.9652,4960,1280,55343,306000000,1728000
1791128623.0152,4960,1280,55187,306000000,1728000
1791128623.0653,4960,1272,55281,306000000,1728000
1791128623.1154,4960,1272,55187,306000000,1728000
1791128623.1655,4960,1272,55218,306000000,1728000
1791128623.2155,4960,1272,55093,306000000,1728000
1791128623.2656,4960,1272,55187,306000000,1728000
1791128623.3157,4960,1296,55062,306000000,1728000
1791128623.3658,4960,1304,55125,306000000,1728000
1791128623.4159,4960,1304,55312,306000000,1728000
1791128623.4660,4960,1304,55187,306000000,1728000
1791128623.5161,4960,1296,55250,306000000,1728000
1791128623.5662,4960,1296,55156,306000000,1728000
1791128623.6163,4960,1288,55156,306000000,1728000
1791128623.6664,4960,1288,55062,306000000,1728000
1791128623.7165,4960,1288,55093,306000000,1728000
1791128623.7665,4960,1280,55093,306000000,1728000
1791128623.8166,4960,1280,55187,306000000,1267200
1791128623.8667,4960,1296,55375,306000000,1497600
1791128623.9168,4960,1280,55093,306000000,1728000
1791128623.9669,4960,1280,55218,306000000,1728000
1791128624.0170,4960,1280,55093,306000000,1728000
1791128624.0671,4960,1272,55250,306000000,1728000
1791128624.1171,4960,1272,55062,306000000,1728000
1791128624.1672,4960,1272,55187,306000000,1728000
1791128624.2173,4960,1272,55156,306000000,1728000
1791128624.2674,4960,1264,55218,306000000,1728000
1791128624.3175,4960,1264,55343,306000000,1728000
1791128624.3675,4960,1264,55218,306000000,1728000
1791128624.4176,4960,1272,55312,306000000,1728000
1791128624.4677,4960,1280,55093,306000000,1728000
1791128624.5178,4960,1272,55218,306000000,1728000
1791128624.5679,4960,1272,55062,306000000,1728000
1791128624.6180,4960,1272,55156,306000000,1728000
1791128624.6681,4960,1264,55093,306000000,1728000
1791128624.7181,4960,1264,55187,306000000,1728000
1791128624.7682,4960,1264,55281,306000000,1728000
1791128624.8183,4960,1264,55093,306000000,1728000
1791128624.8684,4960,1264,55281,306000000,1728000
1791128624.9185,4960,1264,55093,306000000,1728000
1791128624.9686,4960,1272,55156,306000000,1728000
1791128625.0187,4960,1280,55062,306000000,1728000
1791128625.0687,4960,1280,55187,306000000,1728000
1791128625.1188,4960,1272,55062,306000000,1728000
1791128625.1689,4960,1272,55156,306000000,1728000
1791128625.2190,4960,1280,55250,306000000,1728000
1791128625.2691,4960,1272,55156,306000000,1728000
1791128625.3192,4960,1272,55281,306000000,1728000
1791128625.3693,4960,1280,55125,306000000,1728000
1791128625.4194,4960,1272,55343,306000000,1728000
1791128625.4695,4960,1272,55125,306000000,1728000
1791128625.5195,4960,1288,55312,306000000,1728000
1791128625.5696,4960,1288,55062,306000000,1728000
1791128625.6197,4960,1280,55156,306000000,1728000
1791128625.6698,4960,1288,55062,306000000,1728000
1791128625.7199,4960,1280,55187,306000000,1728000
1791128625.7700,4960,1280,55281,306000000,1728000
1791128625.8201,4960,1280,55156,306000000,1728000
1791128625.8702,4960,1280,55312,306000000,1728000
1791128625.9202,4960,1272,55125,306000000,1728000
1791128625.9703,4960,1272,55156,306000000,1728000
1791128626.0204,4960,1272,55125,306000000,1728000
1791128626.0705,4960,1272,55125,306000000,1728000
1791128626.1206,4960,1280,55156,306000000,1728000
1791128626.1707,4960,1280,55156,306000000,1728000
1791128626.2208,4960,1280,55312,306000000,1728000
1791128626.2708,4960,1280,55125,306000000,1728000
1791128626.3209,4960,1280,55250,306000000,1728000
1791128626.3710,4960,1280,55093,306000000,1728000
1791128626.4211,4960,1272,55156,306000000,1728000
1791128626.4712,4960,1280,55093,306000000,1728000
1791128626.5212,4960,1272,55156,306000000,1728000
1791128626.5713,4960,1272,55125,306000000,1728000
1791128626.6214,4960,1280,55187,306000000,1728000
1791128626.6715,4960,1288,55093,306000000,1728000
1791128626.7216,4960,1280,55125,306000000,1728000
1791128626.7717,4960,1280,55250,306000000,1728000
1791128626.8218,4960,1280,55187,306000000,1728000
1791128626.8718,4960,1272,55250,306000000,1728000
1791128626.9219,4960,1280,55125,306000000,1728000
1791128626.9720,4960,1280,55125,306000000,1728000
1791128627.0221,4960,1272,55156,306000000,1728000
1791128627.0721,4960,1272,55156,306000000,1728000
1791128627.1222,4960,1272,55250,306000000,1728000
1791128627.1723,4960,1280,55125,306000000,1728000
1791128627.2224,4960,1288,55281,306000000,1728000
1791128627.2725,4960,1288,55156,306000000,1728000
1791128627.3226,4960,1288,55187,306000000,1728000
1791128627.3726,4960,1280,55125,306000000,1728000
1791128627.4227,4960,1280,55218,306000000,1728000
1791128627.4728,4960,1280,55125,306000000,1728000
1791128627.5229,4960,1280,55187,306000000,1728000
1791128627.5730,4960,1280,55281,306000000,1728000
1791128627.6230,4960,1272,55156,306000000,1728000
1791128627.6731,4960,1280,55281,306000000,1728000
1791128627.7232,4960,1272,55093,306000000,1728000
1791128627.7733,4960,1280,55281,306000000,1344000
1791128627.8234,4960,1288,55156,306000000,1728000
1791128627.8735,4960,1288,55156,306000000,1728000
1791128627.9236,4960,1280,55125,306000000,1728000
1791128627.9736,4960,1280,55218,306000000,1728000
1791128628.0237,4960,1280,55312,306000000,1728000
1791128628.0738,4960,1272,55250,306000000,1728000
1791128628.1238,4960,1272,55250,306000000,1728000
1791128628.1739,4960,1272,55218,306000000,1728000
1791128628.2240,4960,1272,55250,306000000,1728000
1791128628.2741,4960,1264,55093,306000000,1728000
1791128628.3242,4960,1280,55187,306000000,1190400
1791128628.3743,4960,1288,55093,306000000,1728000
1791128628.4244,4960,1280,55187,306000000,1728000
1791128628.4744,4960,1280,55281,306000000,1728000
1791128628.5245,4960,1280,55156,306000000,1728000
1791128628.5746,4960,1272,55281,306000000,1728000
1791128628.6247,4960,1272,55218,306000000,1728000
1791128628.6748,4960,1272,55281,306000000,1728000
1791128628.7249,4960,1272,55187,306000000,1728000
1791128628.7749,4960,1272,55187,306000000,1728000
1791128628.8250,4960,1272,55156,306000000,1728000
1791128628.8751,4960,1280,55156,306000000,1728000
1791128628.9252,4960,1280,55093,306000000,1728000
1791128628.9753,4960,1288,55218,306000000,1728000
1791128629.0254,4960,1280,55312,306000000,1728000
1791128629.0755,4960,1280,55093,306000000,1728000
1791128629.1255,4960,1280,55281,306000000,1728000
1791128629.1756,4960,1280,55093,306000000,1728000
1791128629.2257,4960,1272,55281,306000000,1728000
1791128629.2758,4960,1272,55062,306000000,1728000
1791128629.3259,4960,1272,55093,306000000,1728000
1791128629.3759,4960,1272,55312,306000000,1728000
1791128629.4260,4960,1272,55187,306000000,1728000
1791128629.4761,4960,1288,55375,306000000,1728000
1791128629.5262,4960,1280,55125,306000000,1728000
1791128629.5763,4960,1272,55218,306000000,1728000
1791128629.6264,4960,1280,55062,306000000,1728000
1791128629.6765,4960,1272,55250,306000000,1728000
1791128629.7266,4960,1272,55187,306000000,1728000
1791128629.7767,4960,1272,55218,306000000,1728000
1791128629.8267,4960,1264,55093,306000000,1728000
1791128629.8768,4960,1264,55187,306000000,1728000
1791128629.9269,4960,1272,55375,306000000,1728000
1791128629.9770,4960,1264,55156,306000000,1267200
1791128630.0271,4960,1272,55406,306000000,1497600
1791128630.0772,4960,1280,55156,306000000,1728000
1791128630.1272,4960,1264,55250,306000000,1728000
1791128630.1773,4960,1272,55125,306000000,1728000
1791128630.2274,4960,1272,55218,306000000,1728000
1791128630.2775,4960,1272,55093,306000000,1728000
1791128630.3276,4960,1272,55156,306000000,1728000
1791128630.3777,4960,1272,55312,306000000,1728000
1791128630.4278,4960,1272,55156,306000000,1728000
1791128630.4778,4960,1264,55343,306000000,1728000
1791128630.5279,4960,1272,55093,306000000,1728000
1791128630.5780,4960,1280,55218,306000000,1728000
1791128630.6281,4960,1272,55062,306000000,1728000
1791128630.6782,4960,1280,55281,306000000,1728000
1791128630.7283,4960,1280,55125,306000000,1728000
1791128630.7784,4960,1272,55156,306000000,1728000
1791128630.8285,4960,1272,55312,306000000,1728000
1791128630.8785,4960,1272,55093,306000000,1728000
1791128630.9286,4960,1272,55218,306000000,1728000
1791128630.9787,4960,1264,55156,306000000,1728000
1791128631.0288,4960,1272,55187,306000000,1728000
1791128631.0789,4960,1264,55187,306000000,1728000
1791128631.1289,4960,1280,55250,306000000,1728000
1791128631.1791,4960,1288,55125,306000000,1728000
1791128631.2292,4960,1280,55156,306000000,1728000
1791128631.2793,4960,1280,55312,306000000,1728000
1791128631.3294,4960,1280,55218,306000000,1728000
1791128631.3794,4960,1280,55343,306000000,1728000
1791128631.4295,4960,1272,55187,306000000,1728000
1791128631.4796,4960,1272,55187,306000000,1728000
1791128631.5297,4960,1272,55062,306000000,1728000
1791128631.5797,4960,1264,55250,306000000,1728000
1791128631.6298,4960,1272,55062,306000000,1728000
1791128631.6799,4960,1280,55187,306000000,1728000
1791128631.7300,4960,1288,55375,306000000,1728000
1791128631.7801,4960,1280,55156,306000000,1728000
1791128631.8307,4960,1280,55281,306000000,1728000
1791128631.8808,4960,1288,55125,306000000,1728000
1791128631.9309,4960,1272,55343,306000000,1728000
1791128631.9809,4960,1272,55156,306000000,1728000
1791128632.0310,4960,1272,55156,306000000,1728000
1791128632.0811,4960,1272,55093,306000000,1728000
1791128632.1312,4960,1264,55187,306000000,1728000
1791128632.1812,4960,1272,55218,306000000,1728000
1791128632.2313,4960,1272,55187,306000000,1344000
1791128632.2815,4960,1280,55343,306000000,1728000
1791128632.3315,4960,1280,55156,306000000,1728000
1791128632.3816,4960,1280,55281,306000000,1728000
1791128632.4317,4960,1272,55156,306000000,1728000
1791128632.4818,4960,1280,55218,306000000,1728000
1791128632.5319,4960,1272,55093,306000000,1728000
1791128632.5819,4960,1272,55187,306000000,1728000
1791128632.6320,4960,1272,55156,306000000,1728000
1791128632.6821,4960,1272,55218,306000000,1728000
1791128632.7322,4960,1264,55406,306000000,1728000
1791128632.7823,4960,1272,55125,306000000,1728000
1791128632.8324,4960,1288,55281,306000000,1728000
1791128632.8825,4960,1288,55156,306000000,1728000
1791128632.9326,4960,1280,55187,306000000,1728000
1791128632.9826,4960,1280,55093,306000000,1728000
1791128633.0327,4960,1272,55156,306000000,1728000
1791128633.0828,4960,1264,55156,306000000,1728000
1791128633.1329,4960,1272,55156,306000000,1728000
1791128633.1830,4960,1264,55343,306000000,1728000
1791128633.2331,4960,1264,55125,306000000,1728000
1791128633.2831,4960,1264,55312,306000000,1728000
1791128633.3332,4960,1272,55125,306000000,1728000
1791128633.3833,4960,1280,55218,306000000,1728000
1791128633.4334,4960,1280,55062,306000000,1728000
1791128633.4835,4960,1280,55156,306000000,1728000
1791128633.5336,4960,1280,55093,306000000,1728000
1791128633.5837,4960,1272,55250,306000000,1728000
1791128633.6337,4960,1272,55062,306000000,1728000
1791128633.6838,4960,1272,55125,306000000,1728000
1791128633.7339,4960,1272,55375,306000000,1728000
1791128633.7840,4960,1272,55218,306000000,1728000
1791128633.8341,4960,1272,55250,306000000,1728000
1791128633.8842,4960,1272,55125,306000000,1728000
1791128633.9343,4960,1280,55187,306000000,1267200
1791128633.9844,4960,1288,55062,306000000,1728000
1791128634.0345,4960,1288,55156,306000000,1728000
1791128634.0846,4960,1280,55250,306000000,1728000
1791128634.1346,4960,1272,55156,306000000,1728000
1791128634.1847,4960,1280,55375,306000000,1728000
1791128634.2348,4960,1280,55093,306000000,1728000
1791128634.2849,4960,1280,55250,306000000,1728000
1791128634.3350,4960,1272,55156,306000000,1728000
1791128634.3850,4960,1272,55218,306000000,1728000
1791128634.4351,4960,1272,55062,306000000,1728000
1791128634.4852,4960,1272,55187,306000000,1728000
1791128634.5353,4960,1280,55125,306000000,1728000
1791128634.5854,4960,1280,55093,306000000,1728000
1791128634.6355,4960,1272,55250,306000000,1728000
1791128634.6856,4960,1272,55156,306000000,1728000
1791128634.7357,4960,1272,55312,306000000,1728000
1791128634.7857,4960,1264,55093,306000000,1728000
1791128634.8358,4960,1264,55125,306000000,1728000
1791128634.8859,4960,1264,55125,306000000,1728000
1791128634.9360,4960,1264,55250,306000000,1728000
1791128634.9861,4960,1264,55062,306000000,1728000
1791128635.0362,4960,1272,55156,306000000,1728000
1791128635.0863,4960,1280,55250,306000000,1728000
1791128635.1363,4960,1280,55156,306000000,1728000
1791128635.1864,4960,1272,55312,306000000,1728000
1791128635.2365,4960,1272,55125,306000000,1728000
1791128635.2866,4960,1272,55281,306000000,1728000
1791128635.3366,4960,1272,55031,306000000,1728000
1791128635.3867,4960,1272,55187,306000000,1728000
1791128635.4368,4960,1264,55062,306000000,1728000
1791128635.4869,4960,1272,55093,306000000,1728000
1791128635.5369,4960,1264,55343,306000000,1728000
1791128635.5871,4960,1272,55125,306000000,1728000
1791128635.6372,4960,1288,55218,306000000,1036800
1791128635.6872,4960,1280,55093,306000000,1728000
1791128635.7373,4960,1272,55125,306000000,1728000
1791128635.7874,4960,1280,55062,306000000,1728000
1791128635.8375,4960,1272,55187,306000000,1728000
1791128635.8876,4960,1272,55093,306000000,1728000
1791128635.9376,4960,1272,55156,306000000,1728000
1791128635.9877,4960,1264,55281,306000000,1728000
1791128636.0378,4960,1264,55156,306000000,1728000
1791128636.0879,4960,1272,55250,306000000,1728000
1791128636.1379,4960,1272,55156,306000000,1728000
1791128636.1880,4960,1280,55187,306000000,1728000
1791128636.2381,4960,1280,55093,306000000,1728000
1791128636.2882,4960,1280,55125,306000000,1728000
1791128636.3383,4960,1272,55062,306000000,1728000
1791128636.3884,4960,1272,55062,306000000,1728000
1791128636.4384,4960,1280,55250,306000000,1728000
1791128636.4885,4960,1272,55125,306000000,1728000
1791128636.5386,4960,1272,55375,306000000,1728000
1791128636.5887,4960,1272,55062,306000000,1728000
1791128636.6388,4960,1272,55187,306000000,1728000
1791128636.6888,4960,1264,55125,306000000,1728000
1791128636.7389,4960,1280,55156,306000000,1267200
1791128636.7890,4960,1280,55093,306000000,1728000
1791128636.8391,4960,1280,55156,306000000,1728000
1791128636.8892,4960,1272,55312,306000000,1728000
1791128636.9393,4960,1272,55125,306000000,1728000
1791128636.9893,4960,1272,55343,306000000,1728000
1791128637.0394,4960,1272,55156,306000000,1728000
1791128637.0895,4960,1272,55218,306000000,1728000
1791128637.1396,4960,1264,55125,306000000,1728000
1791128637.1897,4960,1272,55156,306000000,1728000
1791128637.2397,4960,1264,55125,306000000,1728000
1791128637.2898,4960,1272,55156,306000000,1728000
1791128637.3399,4960,1280,55031,306000000,1728000
1791128637.3900,4960,1280,55156,306000000,1728000
1791128637.4401,4960,1280,55343,306000000,1728000
1791128637.4902,4960,1272,55062,306000000,1728000
1791128637.5403,4960,1272,55187,306000000,1728000
1791128637.5903,4960,1272,55062,306000000,1728000
1791128637.6404,4960,1272,55156,306000000,1728000
1791128637.6905,4960,1272,55062,306000000,1728000
1791128637.7406,4960,1272,55187,306000000,1728000
1791128637.7907,4960,1264,55062,306000000,1728000
1791128637.8408,4960,1272,55250,306000000,1728000
1791128637.8909,4960,1288,55281,306000000,1728000
1791128637.9409,4960,1288,55187,306000000,1728000
1791128637.9911,4960,1280,55281,306000000,1728000
1791128638.0411,4960,1280,55156,306000000,1728000
1791128638.0912,4960,1280,55312,306000000,1728000
1791128638.1413,4960,1272,55093,306000000,1728000
1791128638.1914,4960,1272,55250,306000000,1728000
1791128638.2415,4960,1272,55031,306000000,1728000
1791128638.2915,4960,1264,55125,306000000,1728000
1791128638.3416,4960,1264,55343,306000000,1728000
1791128638.3917,4960,1272,55156,306000000,1728000
1791128638.4418,4960,1280,55250,306000000,1728000
1791128638.4919,4960,1280,55250,306000000,1728000
1791128638.5420,4960,1280,55218,306000000,1728000
1791128638.5920,4960,1280,55093,306000000,1728000
1791128638.6421,4960,1280,55093,306000000,1728000
1791128638.6922,4960,1280,55093,306000000,1728000
1791128638.7423,4960,1296,55156,306000000,1728000
1791128638.7924,4960,1304,55250,306000000,1728000
1791128638.8424,4960,1320,55125,306000000,1728000
1791128638.8925,4960,1320,55312,306000000,1728000
1791128638.9426,4960,1320,55062,306000000,1574400
1791128638.9927,4960,1336,55093,306000000,1728000
1791128639.0428,4960,1336,55093,306000000,1728000
1791128639.0929,4960,1328,55156,306000000,1728000
1791128639.1430,4960,1320,55093,306000000,1728000
1791128639.1931,4960,1328,55093,306000000,1728000
1791128639.2431,4960,1320,55281,306000000,1728000
1791128639.2932,4960,1312,55125,306000000,1728000
1791128639.3433,4960,1304,55250,306000000,1728000
1791128639.3934,4960,1304,55062,306000000,1728000
1791128639.4434,4960,1296,55156,306000000,1728000
1791128639.4935,4960,1296,55093,306000000,1728000
1791128639.5436,4960,1304,55281,306000000,1728000
1791128639.5937,4960,1304,55125,306000000,1728000
1791128639.6438,4960,1296,55156,306000000,1728000
1791128639.6939,4960,1296,55093,306000000,1728000
1791128639.7440,4960,1296,55187,306000000,1728000
1791128639.7940,4960,1288,55343,306000000,1728000
1791128639.8441,4960,1280,55093,306000000,1728000
1791128639.8942,4960,1288,55156,306000000,1728000
1791128639.9443,4960,1280,55125,306000000,1728000
1791128639.9944,4960,1272,55281,306000000,1728000
1791128640.0444,4960,1280,55125,306000000,1728000
1791128640.0945,4960,1288,55156,306000000,1190400
1791128640.1446,4960,1288,55062,306000000,1728000
1791128640.1947,4960,1288,55187,306000000,1728000
1791128640.2448,4960,1288,55312,306000000,1728000
1791128640.2949,4960,1288,55125,306000000,1728000
1791128640.3450,4960,1272,55281,306000000,1728000
1791128640.3950,4960,1280,55156,306000000,1728000
1791128640.4451,4960,1272,55187,306000000,1728000
1791128640.4952,4960,1272,55093,306000000,1728000
1791128640.5453,4960,1272,55125,306000000,1728000
1791128640.5954,4960,1272,55093,306000000,1728000
1791128640.6455,4960,1272,55187,306000000,1728000
1791128640.6956,4960,1288,55312,306000000,1728000
1791128640.7456,4960,1288,55156,306000000,1728000
1791128640.7957,4960,1272,55218,306000000,1728000
1791128640.8458,4960,1272,55062,306000000,1728000
1791128640.8959,4960,1272,55156,306000000,1728000
1791128640.9459,4960,1264,55093,306000000,1728000
1791128640.9960,4960,1272,55156,306000000,1728000
1791128641.0461,4960,1272,55031,306000000,1728000
1791128641.0962,4960,1264,55062,306000000,1728000
1791128641.1463,4960,1264,55312,306000000,1728000
1791128641.1964,4960,1272,55125,306000000,1728000
1791128641.2465,4960,1280,55218,306000000,1728000
1791128641.2966,4960,1280,55093,306000000,1728000
1791128641.3466,4960,1280,55093,306000000,1728000
1791128641.3967,4960,1272,55062,306000000,1728000
1791128641.4468,4960,1272,55218,306000000,1728000
1791128641.4969,4960,1280,55093,306000000,1728000
1791128641.5469,4960,1272,55187,306000000,1728000
1791128641.5970,4960,1272,55343,306000000,1728000
1791128641.6471,4960,1272,55125,306000000,1728000
1791128641.6972,4960,1280,55281,306000000,1728000
1791128641.7473,4960,1272,55093,306000000,1267200
1791128641.7974,4960,1280,55187,306000000,1728000
1791128641.8475,4960,1280,55062,306000000,1728000
1791128641.8976,4960,1272,55218,306000000,1728000
1791128641.9477,4960,1280,55062,306000000,1728000
1791128641.9977,4960,1272,55093,306000000,1728000
1791128642.0478,4960,1272,55125,306000000,1728000
1791128642.0979,4960,1280,55125,306000000,1728000
1791128642.1480,4960,1280,55343,306000000,1728000
1791128642.1981,4960,1272,55062,306000000,1728000
1791128642.2482,4960,1272,55281,306000000,1728000
1791128642.2982,4960,1272,55125,306000000,1728000
1791128642.3483,4960,1288,55218,306000000,1728000
1791128642.3984,4960,1288,55062,306000000,1728000
1791128642.4485,4960,1280,55125,306000000,1728000
1791128642.4986,4960,1280,55062,306000000,1728000
1791128642.5487,4960,1280,55125,306000000,1728000
1791128642.5988,4960,1272,55218,306000000,1728000
1791128642.6488,4960,1272,55093,306000000,1728000
1791128642.6989,4960,1272,55218,306000000,1728000
1791128642.7490,4960,1264,55062,306000000,1728000
1791128642.7991,4960,1264,55156,306000000,1728000
1791128642.8492,4960,1272,55093,306000000,1728000
1791128642.8993,4960,1272,55250,306000000,1267200
1791128642.9494,4960,1280,55000,306000000,1728000
1791128642.9994,4960,1280,55156,306000000,1728000
1791128643.0496,4960,1280,55343,306000000,1728000
1791128643.0996,4960,1272,55125,306000000,1728000
1791128643.1497,4960,1272,55187,306000000,1728000
1791128643.1998,4960,1280,55062,306000000,1728000
1791128643.2499,4960,1272,55187,306000000,1728000
1791128643.2999,4960,1272,55062,306000000,1728000
1791128643.3500,4960,1272,55062,306000000,1728000
1791128643.4001,4960,1264,55062,306000000,1728000
1791128643.4502,4960,1272,55156,306000000,1728000
1791128643.5003,4960,1288,55218,306000000,1728000
1791128643.5504,4960,1272,55125,306000000,1728000
1791128643.6005,4960,1272,55250,306000000,1728000
1791128643.6505,4960,1280,55093,306000000,1728000
1791128643.7006,4960,1280,55187,306000000,1728000
1791128643.7507,4960,1272,55125,306000000,1728000
1791128643.8008,4960,1272,55218,306000000,1728000
1791128643.8509,4960,1264,55093,306000000,1728000
1791128643.9010,4960,1264,55125,306000000,1728000
1791128643.9510,4960,1272,55312,306000000,1728000
1791128644.0011,4960,1272,55062,306000000,1728000
1791128644.0512,4960,1280,55250,306000000,1267200
1791128644.1013,4960,1280,55093,306000000,1728000
1791128644.1514,4960,1272,55218,306000000,1728000
1791128644.2015,4960,1272,55125,306000000,1728000
1791128644.2516,4960,1272,55250,306000000,1728000
1791128644.3017,4960,1272,55062,306000000,1728000
1791128644.3517,4960,1264,55093,306000000,1728000
1791128644.4018,4960,1264,55031,306000000,1728000
1791128644.4519,4960,1272,55156,306000000,1728000
1791128644.5020,4960,1264,55281,306000000,1728000
1791128644.5520,4960,1264,55093,306000000,1728000
1791128644.6021,4960,1280,55156,306000000,1728000
1791128644.6522,4960,1280,55062,306000000,1728000
1791128644.7023,4960,1272,55156,306000000,1728000
1791128644.7524,4960,1280,55062,306000000,1728000
1791128644.8025,4960,1272,55093,306000000,1728000
1791128644.8525,4960,1272,55062,306000000,1728000
1791128644.9026,4960,1280,55125,306000000,1728000
1791128644.9527,4960,1272,55312,306000000,1728000
1791128645.0028,4960,1272,55062,306000000,1728000
1791128645.0529,4960,1272,55187,306000000,1728000
1791128645.1030,4960,1272,55125,306000000,1728000
1791128645.1531,4960,1280,55187,306000000,1728000
1791128645.2032,4960,1288,55062,306000000,1728000
1791128645.2532,4960,1288,55062,306000000,1728000
1791128645.3033,4960,1280,55031,306000000,1728000
1791128645.3534,4960,1280,55093,306000000,1728000
1791128645.4035,4960,1280,55375,306000000,1728000
1791128645.4536,4960,1272,55093,306000000,1728000
1791128645.5036,4960,1272,55125,306000000,1728000
1791128645.5537,4960,1272,55093,306000000,1728000
1791128645.6038,4960,1264,55156,306000000,1728000
1791128645.6539,4960,1264,55062,306000000,1728000
1791128645.7040,4960,1280,55093,306000000,1728000
1791128645.7541,4960,1280,55093,306000000,1728000
1791128645.8042,4960,1280,55093,306000000,1728000
1791128645.8542,4960,1280,55187,306000000,1728000
1791128645.9043,4960,1272,55062,306000000,1728000
1791128645.9544,4960,1272,55187,306000000,1728000
1791128646.0045,4960,1280,55062,306000000,1728000
1791128646.0545,4960,1272,55187,306000000,1728000
1791128646.1046,4960,1272,55062,306000000,1728000
1791128646.1547,4960,1280,55062,306000000,1728000
1791128646.2048,4960,1280,55062,306000000,1728000
1791128646.2549,4960,1280,55125,306000000,1497600
1791128646.3050,4960,1288,55375,306000000,1728000
1791128646.3551,4960,1296,55093,306000000,1728000
1791128646.4052,4960,1288,55125,306000000,1728000
1791128646.4552,4960,1280,55125,306000000,1728000
1791128646.5053,4960,1280,55125,306000000,1728000
1791128646.5554,4960,1272,55062,306000000,1728000
1791128646.6054,4960,1272,55218,306000000,1728000
1791128646.6555,4960,1272,55000,306000000,1728000
1791128646.7056,4960,1272,55187,306000000,1728000
1791128646.7557,4960,1272,55062,306000000,1728000
1791128646.8058,4960,1272,55125,306000000,1728000
1791128646.8558,4960,1288,55250,306000000,1728000
1791128646.9059,4960,1288,55093,306000000,1728000
1791128646.9560,4960,1272,55250,306000000,1728000
1791128647.0061,4960,1280,55093,306000000,1728000
1791128647.0562,4960,1280,55062,306000000,1728000
1791128647.1063,4960,1272,55125,306000000,1728000
1791128647.1563,4960,1272,55156,306000000,1728000
1791128647.2064,4960,1272,55062,306000000,1728000
1791128647.2565,4960,1272,55093,306000000,1728000
1791128647.3066,4960,1272,55187,306000000,1728000
1791128647.3567,4960,1272,55062,306000000,1728000
1791128647.4068,4960,1288,55218,306000000,1728000
1791128647.4569,4960,1280,55062,306000000,1728000
1791128647.5069,4960,1280,55125,306000000,1728000
1791128647.5570,4960,1280,55062,306000000,1728000
1791128647.6071,4960,1280,55156,306000000,1728000
1791128647.6572,4960,1272,55062,306000000,1728000
1791128647.7073,4960,1272,55093,306000000,1728000
1791128647.7574,4960,1272,55156,306000000,1728000
1791128647.8074,4960,1272,55031,306000000,1728000
1791128647.8575,4960,1272,55062,306000000,1728000
1791128647.9076,4960,1264,55093,306000000,1728000
1791128647.9577,4960,1280,55156,306000000,1728000
1791128648.0078,4960,1288,55062,306000000,1728000
1791128648.0579,4960,1272,55218,306000000,1728000
1791128648.1079,4960,1272,55062,306000000,1728000
1791128648.1580,4960,1272,55093,306000000,1728000
1791128648.2081,4960,1272,55218,306000000,1728000
1791128648.2581,4960,1264,55125,306000000,1728000
1791128648.3082,4960,1272,55156,306000000,1728000
1791128648.3583,4960,1272,55093,306000000,1728000
1791128648.4084,4960,1264,55218,306000000,1728000
1791128648.4585,4960,1272,55062,306000000,1728000
1791128648.5085,4960,1280,55062,306000000,1728000
1791128648.5586,4960,1280,55062,306000000,1728000
1791128648.6087,4960,1280,55062,306000000,1728000
1791128648.6588,4960,1280,55187,306000000,1728000
1791128648.7089,4960,1272,55093,306000000,1728000
1791128648.7590,4960,1272,55093,306000000,1728000
1791128648.8090,4960,1280,55093,306000000,1728000
1791128648.8591,4960,1272,55187,306000000,1728000
1791128648.9092,4960,1272,55062,306000000,1728000
1791128648.9593,4960,1272,55156,306000000,1728000
1791128649.0094,4960,1272,55062,306000000,1728000
1791128649.0595,4960,1272,55187,306000000,1267200
1791128649.1096,4960,1280,55062,306000000,1728000
1791128649.1596,4960,1280,55125,306000000,1728000
1791128649.2097,4960,1272,55156,306000000,1728000
1791128649.2598,4960,1280,55156,306000000,1728000
1791128649.3099,4960,1272,55281,306000000,1728000
1791128649.3600,4960,1272,55062,306000000,1728000
1791128649.4101,4960,1272,55125,306000000,1728000
1791128649.4601,4960,1272,55062,306000000,1728000
1791128649.5102,4960,1264,55156,306000000,1728000
1791128649.5603,4960,1272,55062,306000000,1728000
1791128649.6104,4960,1280,55062,306000000,1728000
1791128649.6605,4960,1288,55218,306000000,1728000
1791128649.7106,4960,1280,55062,306000000,1728000
1791128649.7607,4960,1280,55218,306000000,1728000
1791128649.8107,4960,1280,55093,306000000,1728000
1791128649.8608,4960,1272,55062,306000000,1728000
1791128649.9109,4960,1272,55031,306000000,1728000
1791128649.9610,4960,1272,55093,306000000,1728000
1791128650.0111,4960,1272,55062,306000000,1728000
1791128650.0611,4960,1272,55125,306000000,1728000
1791128650.1112,4960,1272,55187,306000000,1728000
1791128650.1613,4960,1272,55031,306000000,1728000
1791128650.2114,4960,1288,55125,306000000,1728000
1791128650.2615,4960,1288,55093,306000000,1728000
1791128650.3116,4960,1280,55062,306000000,1728000
1791128650.3617,4960,1280,55062,306000000,1728000
1791128650.4118,4960,1280,55093,306000000,1728000
1791128650.4619,4960,1272,55031,306000000,1728000
1791128650.5120,4960,1272,55125,306000000,1728000
1791128650.5621,4960,1280,55187,306000000,1728000
1791128650.6122,4960,1272,55062,306000000,1728000
1791128650.6622,4960,1272,55250,306000000,1728000
1791128650.7123,4960,1280,55062,306000000,1728000
1791128650.7624,4960,1280,55125,306000000,1728000
1791128650.8125,4960,1288,55031,306000000,1728000
1791128650.8626,4960,1288,55218,306000000,1728000
1791128650.9127,4960,1280,55093,306000000,1728000
1791128650.9627,4960,1272,55062,306000000,1728000
1791128651.0128,4960,1280,55187,306000000,1728000
1791128651.0629,4960,1272,55125,306000000,1728000
1791128651.1130,4960,1272,55125,306000000,1728000
1791128651.1631,4960,1272,55062,306000000,1728000
1791128651.2132,4960,1272,55250,306000000,1728000
1791128651.2633,4960,1272,55062,306000000,1728000
1791128651.3134,4960,1280,55156,306000000,1728000
1791128651.3635,4960,1280,55062,306000000,1728000
1791128651.4136,4960,1272,55125,306000000,1728000
1791128651.4636,4960,1280,55218,306000000,1728000
1791128651.5137,4960,1272,55093,306000000,1728000
1791128651.5638,4960,1272,55250,306000000,1728000
1791128651.6139,4960,1272,55093,306000000,1728000
1791128651.6640,4960,1272,55187,306000000,1728000
1791128651.7141,4960,1264,55125,306000000,1728000
1791128651.7641,4960,1272,55187,306000000,1728000
1791128651.8142,4960,1272,55093,306000000,1728000
1791128651.8643,4960,1280,55031,306000000,1728000
1791128651.9144,4960,1280,55062,306000000,1728000
1791128651.9645,4960,1288,55062,306000000,1728000
1791128652.0146,4960,1280,55156,306000000,1728000
1791128652.0647,4960,1280,55062,306000000,1728000
1791128652.1148,4960,1280,55187,306000000,1728000
1791128652.1648,4960,1272,55031,306000000,1728000
1791128652.2149,4960,1272,55093,306000000,1728000
1791128652.2650,4960,1280,55062,306000000,1728000
1791128652.3151,4960,1272,55125,306000000,1728000
1791128652.3651,4960,1272,55031,306000000,1728000
1791128652.4152,4960,1280,55062,306000000,1728000
1791128652.4653,4960,1296,55187,306000000,1728000
1791128652.5154,4960,1288,55093,306000000,1728000
1791128652.5655,4960,1280,55156,306000000,1728000
1791128652.6156,4960,1288,55156,306000000,1728000
1791128652.6657,4960,1280,55156,306000000,1728000
1791128652.7158,4960,1280,55062,306000000,1728000
1791128652.7659,4960,1280,55156,306000000,1728000
1791128652.8159,4960,1280,55031,306000000,1728000
1791128652.8660,4960,1272,55125,306000000,1728000
1791128652.9161,4960,1280,55281,306000000,1728000
1791128652.9662,4960,1288,55062,306000000,1728000
1791128653.0163,4960,1288,55218,306000000,1728000
1791128653.0664,4960,1288,55125,306000000,1728000
1791128653.1165,4960,1288,55156,306000000,1728000
1791128653.1666,4960,1280,55000,306000000,1728000
1791128653.2166,4960,1280,55093,306000000,1728000
1791128653.2667,4960,1280,55062,306000000,1728000
1791128653.3168,4960,1280,55062,306000000,1728000
1791128653.3669,4960,1272,55156,306000000,1728000
1791128653.4170,4960,1280,55093,306000000,1728000
1791128653.4670,4960,1280,55156,306000000,1728000
1791128653.5171,4960,1272,55000,306000000,1728000
1791128653.5672,4960,1288,55156,306000000,1728000
1791128653.6173,4960,1288,55062,306000000,1728000
1791128653.6674,4960,1280,55062,306000000,1728000
1791128653.7175,4960,1280,55000,306000000,1728000
1791128653.7676,4960,1272,55062,306000000,1728000
1791128653.8176,4960,1264,55250,306000000,1728000
1791128653.8677,4960,1264,55062,306000000,1728000
1791128653.9178,4960,1264,55125,306000000,1728000
1791128653.9679,4960,1272,55062,306000000,1728000
1791128654.0180,4960,1272,55093,306000000,1728000
1791128654.0680,4960,1272,55062,306000000,1728000
1791128654.1181,4960,1288,55156,306000000,1728000
1791128654.1682,4960,1288,55000,306000000,1728000
1791128654.2183,4960,1288,55093,306000000,1728000
1791128654.2684,4960,1280,55218,306000000,1728000
1791128654.3185,4960,1280,55125,306000000,1728000
1791128654.3685,4960,1280,55218,306000000,1728000
1791128654.4186,4960,1280,55062,306000000,1728000
1791128654.4687,4960,1272,55125,306000000,1728000
1791128654.5188,4960,1280,55031,306000000,1728000
1791128654.5689,4960,1272,55062,306000000,1728000
1791128654.6190,4960,1272,55093,306000000,1728000
1791128654.6691,4960,1288,55156,306000000,1728000
1791128654.7191,4960,1288,55250,306000000,1728000
1791128654.7692,4960,1280,55062,306000000,1728000
1791128654.8193,4960,1280,55125,306000000,1728000
1791128654.8694,4960,1280,55062,306000000,1728000
1791128654.9195,4960,1272,55218,306000000,1728000
1791128654.9695,4960,1272,55062,306000000,1728000
1791128655.0196,4960,1272,55125,306000000,1728000
1791128655.0697,4960,1264,55000,306000000,1728000
1791128655.1198,4960,1272,55093,306000000,1728000
1791128655.1699,4960,1272,55187,306000000,1728000
1791128655.2199,4960,1272,55125,306000000,1728000
1791128655.2700,4960,1280,55312,306000000,1728000
1791128655.3201,4960,1280,55000,306000000,1728000
1791128655.3702,4960,1272,55156,306000000,1728000
1791128655.4203,4960,1280,55062,306000000,1728000
1791128655.4704,4960,1280,55125,306000000,1728000
1791128655.5204,4960,1272,55062,306000000,1728000
1791128655.5705,4960,1272,55125,306000000,1728000
1791128655.6206,4960,1272,55062,306000000,1728000
1791128655.6707,4960,1272,55125,306000000,1728000
1791128655.7208,4960,1272,55187,306000000,1728000
1791128655.7709,4960,1272,55093,306000000,1344000
1791128655.8210,4960,1280,55250,306000000,1728000
1791128655.8711,4960,1280,55000,306000000,1728000
1791128655.9211,4960,1280,55281,306000000,1728000
1791128655.9712,4960,1280,55093,306000000,1728000
1791128656.0213,4960,1272,55125,306000000,1728000
1791128656.0714,4960,1272,55093,306000000,1728000
1791128656.1215,4960,1272,55062,306000000,1728000
1791128656.1715,4960,1264,55218,306000000,1728000
1791128656.2216,4960,1272,55062,306000000,1728000
1791128656.2717,4960,1264,55156,306000000,1728000
1791128656.3218,4960,1272,55125,306000000,1728000
1791128656.3719,4960,1280,55156,306000000,1728000
1791128656.4220,4960,1288,55062,306000000,1728000
1791128656.4721,4960,1280,55125,306000000,1728000
1791128656.5222,4960,1272,55062,306000000,1728000
1791128656.5722,4960,1280,55062,306000000,1728000
1791128656.6223,4960,1272,55218,306000000,1728000
1791128656.6724,4960,1264,55125,306000000,1728000
1791128656.7225,4960,1272,55187,306000000,1728000
1791128656.7726,4960,1256,55156,306000000,1728000
1791128656.8227,4960,1264,55218,306000000,1728000
1791128656.8727,4960,1272,55062,306000000,1728000
1791128656.9228,4960,1280,55156,306000000,1728000
1791128656.9729,4960,1280,55062,306000000,1728000
1791128657.0230,4960,1280,55125,306000000,1728000
1791128657.0731,4960,1280,55281,306000000,1728000
1791128657.1232,4960,1280,55093,306000000,1728000
1791128657.1733,4960,1280,55218,306000000,1728000
1791128657.2233,4960,1280,55093,306000000,1728000
1791128657.2734,4960,1272,55156,306000000,1728000
1791128657.3235,4960,1272,55093,306000000,1728000
1791128657.3735,4960,1280,55093,306000000,1728000
1791128657.4236,4960,1272,54937,306000000,1728000
1791128657.4737,4960,1280,55093,306000000,1728000
1791128657.5238,4960,1288,55187,306000000,1728000
1791128657.5739,4960,1288,55062,306000000,1728000
1791128657.6240,4960,1280,55218,306000000,1728000
1791128657.6741,4960,1280,55062,306000000,1728000
1791128657.7242,4960,1280,55125,306000000,1728000
1791128657.7742,4960,1280,55093,306000000,1728000
1791128657.8243,4960,1280,55218,306000000,1728000
1791128657.8744,4960,1272,55093,306000000,1728000
1791128657.9245,4960,1280,55156,306000000,1728000
1791128657.9746,4960,1272,55218,306000000,1728000
1791128658.0247,4960,1272,55093,306000000,1728000
1791128658.0748,4960,1288,55312,306000000,1728000
1791128658.1248,4960,1280,55093,306000000,1728000
1791128658.1749,4960,1272,55093,306000000,1728000
1791128658.2250,4960,1272,55062,306000000,1728000
1791128658.2751,4960,1272,55156,306000000,1728000
1791128658.3252,4960,1272,55062,306000000,1728000
1791128658.3752,4960,1272,55156,306000000,1728000
1791128658.4253,4960,1272,55062,306000000,1728000
1791128658.4754,4960,1264,55125,306000000,1728000
1791128658.5255,4960,1272,55218,306000000,1728000
1791128658.5756,4960,1272,55062,306000000,1728000
1791128658.6257,4960,1288,55187,306000000,1728000
1791128658.6758,4960,1280,55062,306000000,1728000
1791128658.7259,4960,1288,55156,306000000,1728000
1791128658.7759,4960,1280,55062,306000000,1728000
1791128658.8260,4960,1272,55093,306000000,1728000
1791128658.8761,4960,1280,55218,306000000,1728000
1791128658.9262,4960,1280,55062,306000000,1728000
1791128658.9763,4960,1280,55218,306000000,1728000
1791128659.0263,4960,1272,55062,306000000,1728000
1791128659.0764,4960,1272,55125,306000000,1728000
1791128659.1265,4960,1280,55093,306000000,1728000
1791128659.1766,4960,1296,55187,306000000,1728000
1791128659.2267,4960,1280,55062,306000000,1728000
1791128659.2768,4960,1280,55156,306000000,1728000
1791128659.3269,4960,1288,55093,306000000,1728000
1791128659.3769,4960,1280,55062,306000000,1728000
1791128659.4271,4960,1280,55250,306000000,1728000
1791128659.4771,4960,1280,55093,306000000,1728000
1791128659.5272,4960,1280,55156,306000000,1728000
1791128659.5773,4960,1272,55062,306000000,1728000
1791128659.6274,4960,1272,55093,306000000,1728000
1791128659.6775,4960,1280,54968,306000000,1344000
1791128659.7276,4960,1288,55125,306000000,1728000
1791128659.7777,4960,1288,55062,306000000,1728000
1791128659.8277,4960,1288,55125,306000000,1728000
1791128659.8778,4960,1280,55218,306000000,1728000
1791128659.9279,4960,1280,55125,306000000,1728000
1791128659.9780,4960,1280,55250,306000000,1728000
1791128660.0280,4960,1280,55156,306000000,1728000
1791128660.0781,4960,1272,55125,306000000,1728000
1791128660.1282,4960,1272,55125,306000000,1728000
1791128660.1783,4960,1272,55125,306000000,1728000
1791128660.2284,4960,1264,55062,306000000,1728000
1791128660.2784,4960,1280,55156,306000000,1267200
1791128660.3285,4960,1280,55156,306000000,1728000
1791128660.3786,4960,1272,55093,306000000,1728000
1791128660.4287,4960,1280,55187,306000000,1728000
1791128660.4788,4960,1272,55062,306000000,1728000
1791128660.5289,4960,1272,55062,306000000,1728000
1791128660.5789,4960,1272,55062,306000000,1728000
1791128660.6290,4960,1280,55125,306000000,1728000
1791128660.6791,4960,1280,55062,306000000,1728000
1791128660.7292,4960,1272,55125,306000000,1728000
1791128660.7793,4960,1272,55281,306000000,1728000
1791128660.8294,4960,1288,55062,306000000,1190400
1791128660.8795,4960,1288,55187,306000000,1728000
1791128660.9295,4960,1288,55031,306000000,1728000
1791128660.9796,4960,1280,55125,306000000,1728000
1791128661.0297,4960,1280,55062,306000000,1728000
1791128661.0798,4960,1272,55156,306000000,1728000
1791128661.1298,4960,1280,55000,306000000,1036800
1791128661.1799,4960,1264,55125,306000000,1728000
1791128661.2300,4960,1272,55187,306000000,1728000
1791128661.2801,4960,1280,55031,306000000,1728000
1791128661.3302,4960,1272,55187,306000000,1728000
1791128661.3803,4960,1280,55218,306000000,1420800
1791128661.4304,4960,1288,55156,306000000,1728000
1791128661.4805,4960,1288,55062,306000000,1728000
1791128661.5306,4960,1280,55125,306000000,1728000
1791128661.5806,4960,1288,55062,306000000,1728000
1791128661.6307,4960,1288,55187,306000000,1728000
1791128661.6808,4960,1280,55312,306000000,1728000
1791128661.7309,4960,1280,55093,306000000,1728000
1791128661.7810,4960,1272,55250,306000000,1728000
1791128661.8310,4960,1272,55093,306000000,1728000
1791128661.8811,4960,1272,55156,306000000,1728000
1791128661.9312,4960,1280,55125,306000000,1267200
1791128661.9813,4960,1288,55093,306000000,1728000
1791128662.0314,4960,1280,55062,306000000,1728000
1791128662.0815,4960,1280,55093,306000000,1728000
1791128662.1316,4960,1272,55218,306000000,1728000
1791128662.1816,4960,1272,55125,306000000,1728000
1791128662.2317,4960,1280,55250,306000000,1728000
1791128662.2818,4960,1272,55062,306000000,1728000
1791128662.3319,4960,1272,55156,306000000,1728000
1791128662.3819,4960,1272,55093,306000000,1728000
1791128662.4320,4960,1272,55125,306000000,1728000
1791128662.4821,4960,1264,55093,306000000,1267200
1791128662.5322,4960,1280,55093,306000000,1728000
1791128662.5823,4960,1280,55218,306000000,1728000
1791128662.6324,4960,1272,55062,306000000,1728000
1791128662.6824,4960,1280,55218,306000000,1728000
1791128662.7325,4960,1272,55093,306000000,1728000
1791128662.7826,4960,1264,55250,306000000,1728000
1791128662.8327,4960,1272,55062,306000000,1728000
1791128662.8828,4960,1272,55093,306000000,1728000
1791128662.9328,4960,1264,55093,306000000,1728000
1791128662.9829,4960,1264,55156,306000000,1728000
1791128663.0330,4960,1264,55000,306000000,1728000
1791128663.0834,4960,1280,55093,306000000,1728000
1791128663.1335,4960,1280,55218,306000000,1728000
1791128663.1836,4960,1280,55093,306000000,1728000
1791128663.2336,4960,1272,55187,306000000,1728000
1791128663.2837,4960,1272,55093,306000000,1728000
1791128663.3338,4960,1272,55062,306000000,1728000
1791128663.3839,4960,1272,55062,306000000,1728000
1791128663.4339,4960,1272,55125,306000000,1728000
1791128663.4840,4960,1272,55093,306000000,1728000
1791128663.5341,4960,1272,55062,306000000,1728000
1791128663.5842,4960,1272,55187,306000000,1728000
1791128663.6343,4960,1280,55062,306000000,1728000
1791128663.6844,4960,1288,55125,306000000,1728000
1791128663.7345,4960,1280,55093,306000000,1728000
1791128663.7846,4960,1280,55156,306000000,1728000
1791128663.8346,4960,1280,55062,306000000,1113600
1791128663.8847,4960,1272,55062,306000000,1728000
1791128663.9348,4960,1272,55031,306000000,1728000
1791128663.9849,4960,1272,55000,306000000,1728000
1791128664.0350,4960,1264,55156,306000000,1728000
1791128664.0851,4960,1272,55031,306000000,1728000
1791128664.1351,4960,1272,55281,306000000,1728000
1791128664.1852,4960,1272,55062,306000000,1267200
1791128664.2353,4960,1280,55250,306000000,1728000
1791128664.2854,4960,1280,55000,306000000,1728000
1791128664.3355,4960,1280,55062,306000000,1728000
1791128664.3856,4960,1272,55125,306000000,1728000
1791128664.4357,4960,1280,55156,306000000,1728000
1791128664.4857,4960,1272,55218,306000000,1728000
1791128664.5358,4960,1272,55062,306000000,1728000
1791128664.5859,4960,1272,55187,306000000,1728000
1791128664.6360,4960,1264,55093,306000000,1728000
1791128664.6861,4960,1264,55250,306000000,1728000
1791128664.7362,4960,1272,55125,306000000,1728000
1791128664.7863,4960,1280,55125,306000000,1728000
1791128664.8364,4960,1280,55062,306000000,1728000
1791128664.8865,4960,1288,55062,306000000,1728000
1791128664.9365,4960,1288,55187,306000000,1728000
1791128664.9866,4960,1280,55031,306000000,1728000
1791128665.0367,4960,1280,55218,306000000,1728000
1791128665.0868,4960,1280,55062,306000000,1728000
1791128665.1369,4960,1280,55187,306000000,1728000
1791128665.1870,4960,1280,55062,306000000,1728000
1791128665.2371,4960,1280,55187,306000000,1728000
1791128665.2872,4960,1280,55062,306000000,1267200
1791128665.3373,4960,1288,55125,306000000,1728000
1791128665.3873,4960,1288,55031,306000000,1728000
1791128665.4374,4960,1288,55062,306000000,1728000
1791128665.4875,4960,1280,55187,306000000,1728000
1791128665.5376,4960,1280,55156,306000000,1728000
1791128665.5877,4960,1280,55250,306000000,1728000
1791128665.6378,4960,1272,55031,306000000,1728000
1791128665.6879,4960,1272,55062,306000000,1728000
1791128665.7379,4960,1272,55062,306000000,1728000
1791128665.7880,4960,1272,55125,306000000,1728000
1791128665.8381,4960,1272,55062,306000000,1728000
1791128665.8882,4960,1288,55156,306000000,1728000
1791128665.9383,4960,1288,55250,306000000,1728000
1791128665.9884,4960,1280,55156,306000000,1728000
1791128666.0385,4960,1280,55187,306000000,1728000
1791128666.0885,4960,1280,55062,306000000,1728000
1791128666.1386,4960,1272,55156,306000000,1728000
1791128666.1887,4960,1272,55000,306000000,1728000
1791128666.2388,4960,1272,55093,306000000,1728000
1791128666.2889,4960,1272,55062,306000000,1728000
1791128666.3390,4960,1272,55125,306000000,1728000
1791128666.3890,4960,1272,55250,306000000,1728000
1791128666.4391,4960,1280,55062,306000000,1113600
1791128666.4892,4960,1280,55281,306000000,1728000
1791128666.5393,4960,1280,55062,306000000,1728000
1791128666.5894,4960,1280,55187,306000000,1728000
1791128666.6395,4960,1272,55031,306000000,1728000
1791128666.6896,4960,1272,55062,306000000,1728000
1791128666.7397,4960,1280,55281,306000000,1728000
1791128666.7898,4960,1272,55093,306000000,1728000
1791128666.8398,4960,1280,55312,306000000,1728000
1791128666.8899,4960,1280,55093,306000000,1728000
1791128666.9400,4960,1272,55093,306000000,1728000
1791128666.9901,4960,1288,55062,306000000,1728000
1791128667.0402,4960,1312,55187,306000000,1728000
1791128667.0903,4960,1320,55093,306000000,1728000
1791128667.1403,4960,1328,55187,306000000,1728000
1791128667.1904,4960,1328,55062,306000000,1728000
1791128667.2405,4960,1328,55187,306000000,1728000
1791128667.2906,4960,1320,55250,306000000,1728000
1791128667.3406,4960,1320,55093,306000000,1728000
1791128667.3907,4960,1320,55187,306000000,1728000
1791128667.4408,4960,1312,55062,306000000,1728000
1791128667.4909,4960,1312,55093,306000000,1728000
1791128667.5410,4960,1320,55062,306000000,1728000
1791128667.5911,4960,1312,55093,306000000,1728000
1791128667.6412,4960,1312,55062,306000000,1728000
1791128667.6913,4960,1312,55156,306000000,1728000
1791128667.7414,4960,1304,55250,306000000,1728000
1791128667.7915,4960,1304,55093,306000000,1728000
1791128667.8415,4960,1296,55156,306000000,1728000
1791128667.8916,4960,1288,55062,306000000,1728000
1791128667.9417,4960,1288,55125,306000000,1728000
1791128667.9918,4960,1280,55093,306000000,1728000
1791128668.0418,4960,1280,55156,306000000,1728000
1791128668.0919,4960,1288,55000,306000000,1728000
1791128668.1420,4960,1296,55062,306000000,1267200
1791128668.1921,4960,1288,55250,306000000,1728000
1791128668.2422,4960,1288,55125,306000000,1728000
1791128668.2922,4960,1288,55218,306000000,1728000
1791128668.3423,4960,1280,55093,306000000,1728000
1791128668.3924,4960,1280,55187,306000000,1728000
1791128668.4425,4960,1280,55062,306000000,1728000
1791128668.4925,4960,1280,55062,306000000,1728000
1791128668.5426,4960,1280,55125,306000000,1728000
1791128668.5927,4960,1272,55125,306000000,1728000
1791128668.6428,4960,1280,55000,306000000,1190400
1791128668.6929,4960,1288,55062,306000000,1728000
1791128668.7430,4960,1288,55218,306000000,1728000
1791128668.7930,4960,1288,55125,306000000,1728000
1791128668.8431,4960,1280,55125,306000000,1728000
1791128668.8932,4960,1280,55062,306000000,1728000
1791128668.9433,4960,1280,55093,306000000,1728000
1791128668.9934,4960,1280,55062,306000000,1728000
1791128669.0434,4960,1280,55093,306000000,1728000
1791128669.0935,4960,1272,55218,306000000,1728000
1791128669.1436,4960,1272,55125,306000000,1728000
1791128669.1937,4960,1272,55218,306000000,1728000
1791128669.2438,4960,1280,55031,306000000,1728000
1791128669.2938,4960,1280,55218,306000000,1728000
1791128669.3439,4960,1288,55062,306000000,1728000
1791128669.3940,4960,1280,55187,306000000,1728000
1791128669.4441,4960,1272,55125,306000000,1728000
1791128669.4942,4960,1272,55156,306000000,1728000
1791128669.5443,4960,1272,55031,306000000,1728000
1791128669.5943,4960,1272,55062,306000000,1728000
1791128669.6444,4960,1272,55218,306000000,1728000
1791128669.6945,4960,1280,55062,306000000,1728000
1791128669.7446,4960,1280,55156,306000000,1728000
1791128669.7947,4960,1280,55062,306000000,1190400
1791128669.8448,4960,1280,55125,306000000,1728000
1791128669.8949,4960,1288,55062,306000000,1728000
1791128669.9450,4960,1280,55093,306000000,1728000
1791128669.9951,4960,1280,55062,306000000,1728000
1791128670.0451,4960,1280,55093,306000000,1728000
1791128670.0952,4960,1272,55312,306000000,1728000
1791128670.1453,4960,1272,55093,306000000,1728000
1791128670.1954,4960,1272,55187,306000000,1728000
1791128670.2455,4960,1272,55093,306000000,1728000
1791128670.2955,4960,1272,55156,306000000,1728000
1791128670.3456,4960,1272,55031,306000000,1728000
1791128670.3958,4960,1288,55125,306000000,1728000
1791128670.4458,4960,1288,55062,306000000,1728000
1791128670.4959,4960,1280,55125,306000000,1728000
1791128670.5460,4960,1280,55343,306000000,1728000
1791128670.5961,4960,1280,55093,306000000,1728000
1791128670.6462,4960,1272,55281,306000000,1728000
1791128670.6963,4960,1272,55125,306000000,1728000
1791128670.7464,4960,1272,55156,306000000,1728000
1791128670.7964,4960,1272,55125,306000000,1728000
1791128670.8465,4960,1272,55125,306000000,1728000
1791128670.8966,4960,1280,55062,306000000,1728000
1791128670.9467,4960,1296,55093,306000000,1728000
1791128670.9968,4960,1288,55343,306000000,1728000
1791128671.0469,4960,1280,55062,306000000,1728000
1791128671.0970,4960,1280,55218,306000000,1728000
1791128671.1471,4960,1272,55156,306000000,1728000
1791128671.1972,4960,1280,55093,306000000,1728000
1791128671.2472,4960,1280,55062,306000000,1728000
1791128671.2973,4960,1272,55125,306000000,1728000
1791128671.3474,4960,1272,55031,306000000,1728000
1791128671.3975,4960,1280,55093,306000000,1728000
1791128671.4476,4960,1272,55093,306000000,1728000
1791128671.4976,4960,1288,55062,306000000,1728000
1791128671.5477,4960,1288,55187,306000000,1728000
1791128671.5978,4960,1288,55093,306000000,1728000
1791128671.6479,4960,1280,55187,306000000,1728000
1791128671.6980,4960,1280,55062,306000000,1728000
1791128671.7481,4960,1280,55125,306000000,1728000
1791128671.7981,4960,1272,55062,306000000,1728000
1791128671.8482,4960,1272,55125,306000000,1728000
1791128671.8983,4960,1272,55218,306000000,1728000
1791128671.9484,4960,1272,55156,306000000,1728000
1791128671.9985,4960,1272,55187,306000000,1728000
1791128672.0485,4960,1280,55093,306000000,1728000
1791128672.0986,4960,1288,55281,306000000,1728000
1791128672.1487,4960,1280,55093,306000000,1728000
1791128672.1988,4960,1280,55125,306000000,1728000
1791128672.2489,4960,1280,55000,306000000,1728000
1791128672.2990,4960,1280,55218,306000000,1728000
1791128672.3490,4960,1272,55062,306000000,1728000
1791128672.3991,4960,1272,55062,306000000,1728000
1791128672.4492,4960,1272,55187,306000000,1728000
1791128672.4993,4960,1264,55062,306000000,1728000
1791128672.5493,4960,1272,55187,306000000,1728000
1791128672.5994,4960,1288,55000,306000000,1728000
1791128672.6495,4960,1288,55125,306000000,1728000
1791128672.6996,4960,1280,55093,306000000,1728000
1791128672.7497,4960,1288,55187,306000000,1728000
1791128672.7998,4960,1288,55093,306000000,1728000
1791128672.8499,4960,1280,55062,306000000,1728000
1791128672.9000,4960,1280,55187,306000000,1728000
1791128672.9500,4960,1280,55093,306000000,1728000
1791128673.0001,4960,1272,55250,306000000,1728000
1791128673.0502,4960,1272,55062,306000000,1728000
1791128673.1003,4960,1280,55156,306000000,1728000
1791128673.1504,4960,1280,55093,306000000,1728000
1791128673.2005,4960,1288,55125,306000000,1728000
1791128673.2505,4960,1288,55031,306000000,1728000
1791128673.3006,4960,1288,55093,306000000,1728000
1791128673.3507,4960,1288,55218,306000000,1728000
1791128673.4008,4960,1280,55062,306000000,1728000
1791128673.4509,4960,1280,55250,306000000,1728000
1791128673.5009,4960,1280,55093,306000000,1728000
1791128673.5511,4960,1280,55093,306000000,1728000
1791128673.6011,4960,1272,55062,306000000,1728000
1791128673.6512,4960,1272,55093,306000000,1728000
1791128673.7013,4960,1288,55062,306000000,1728000
1791128673.7514,4960,1296,55093,306000000,1728000
1791128673.8015,4960,1288,55281,306000000,1728000
1791128673.8516,4960,1288,55062,306000000,1728000
1791128673.9017,4960,1280,55218,306000000,1728000
1791128673.9517,4960,1272,55125,306000000,1728000
1791128674.0018,4960,1280,55125,306000000,1728000
1791128674.0519,4960,1272,55062,306000000,1728000
1791128674.1020,4960,1272,55093,306000000,1728000
1791128674.1521,4960,1280,55062,306000000,1728000
1791128674.2022,4960,1272,55062,306000000,1728000
1791128674.2523,4960,1272,55250,306000000,1728000
1791128674.3023,4960,1288,55093,306000000,1267200
1791128674.3524,4960,1288,55250,306000000,1728000
1791128674.4025,4960,1280,55062,306000000,1728000
1791128674.4526,4960,1280,55218,306000000,1728000
1791128674.5027,4960,1280,55062,306000000,1728000
1791128674.5528,4960,1272,55062,306000000,1728000
1791128674.6029,4960,1272,55000,306000000,1728000
1791128674.6529,4960,1272,55187,306000000,1728000
1791128674.7030,4960,1272,55343,306000000,1728000
1791128674.7531,4960,1272,55062,306000000,1728000
1791128674.8032,4960,1280,55125,306000000,1190400
1791128674.8533,4960,1280,55156,306000000,1728000
1791128674.9034,4960,1280,55218,306000000,1728000
1791128674.9535,4960,1280,55093,306000000,1728000
1791128675.0036,4960,1272,55187,306000000,1728000
1791128675.0536,4960,1280,55062,306000000,1728000
1791128675.1037,4960,1272,55093,306000000,1728000
1791128675.1538,4960,1272,55312,306000000,1728000
1791128675.2039,4960,1272,55125,306000000,1728000
1791128675.2539,4960,1272,55187,306000000,1728000
1791128675.3040,4960,1272,55093,306000000,1728000
1791128675.3541,4960,1264,55218,306000000,1728000
1791128675.4042,4960,1280,55093,306000000,1728000
1791128675.4543,4960,1280,55187,306000000,1728000
1791128675.5044,4960,1280,55062,306000000,1728000
1791128675.5545,4960,1280,55093,306000000,1728000
1791128675.6045,4960,1272,55343,306000000,1728000
1791128675.6546,4960,1272,55156,306000000,1728000
1791128675.7047,4960,1272,55281,306000000,1728000
1791128675.7548,4960,1272,55156,306000000,1728000
1791128675.8049,4960,1272,55156,306000000,1728000
1791128675.8550,4960,1272,55062,306000000,1728000
1791128675.9050,4960,1272,55156,306000000,1728000
1791128675.9551,4960,1280,55062,306000000,1728000
1791128676.0052,4960,1288,55187,306000000,1728000
1791128676.0553,4960,1280,55062,306000000,1728000
1791128676.1054,4960,1272,55093,306000000,1728000
1791128676.1555,4960,1280,55281,306000000,1728000
1791128676.2056,4960,1280,55093,306000000,1728000
1791128676.2557,4960,1280,55250,306000000,1728000
1791128676.3057,4960,1272,55062,306000000,1728000
1791128676.3558,4960,1272,55125,306000000,1728000
1791128676.4059,4960,1280,55125,306000000,1728000
1791128676.4560,4960,1272,55093,306000000,1728000
1791128676.5061,4960,1280,55062,306000000,1728000
1791128676.5562,4960,1288,55125,306000000,1728000
1791128676.6063,4960,1280,55218,306000000,1728000
1791128676.6564,4960,1280,55062,306000000,1728000
1791128676.7064,4960,1280,55312,306000000,1728000
1791128676.7565,4960,1272,55062,306000000,1728000
1791128676.8066,4960,1272,55156,306000000,1728000
1791128676.8567,4960,1280,55000,306000000,1728000
1791128676.9068,4960,1272,55125,306000000,1728000
1791128676.9569,4960,1272,55062,306000000,1728000
1791128677.0070,4960,1272,55125,306000000,1728000
1791128677.0571,4960,1280,55281,306000000,1728000
1791128677.1072,4960,1288,55062,306000000,1267200
1791128677.1572,4960,1280,55250,306000000,1728000
1791128677.2073,4960,1280,55093,306000000,1728000
1791128677.2574,4960,1272,55187,306000000,1728000
1791128677.3075,4960,1272,55093,306000000,1728000
1791128677.3576,4960,1280,55093,306000000,1728000
1791128677.4077,4960,1272,55062,306000000,1728000
1791128677.4578,4960,1272,55125,306000000,1728000
1791128677.5079,4960,1272,55281,306000000,1728000
1791128677.5580,4960,1272,55062,306000000,1728000
1791128677.6081,4960,1272,55281,306000000,1728000
1791128677.6582,4960,1288,55125,306000000,1728000
1791128677.7083,4960,1288,55156,306000000,1728000
1791128677.7584,4960,1288,55062,306000000,1728000
1791128677.8085,4960,1288,55125,306000000,1728000
1791128677.8586,4960,1280,55062,306000000,1728000
1791128677.9087,4960,1280,55125,306000000,1728000
1791128677.9588,4960,1288,55250,306000000,1267200
1791128678.0088,4960,1280,55093,306000000,1728000
1791128678.0589,4960,1280,55156,306000000,1728000
1791128678.1090,4960,1280,55062,306000000,1728000
1791128678.1591,4960,1280,55281,306000000,1267200
1791128678.2092,4960,1296,55125,306000000,1728000
1791128678.2593,4960,1296,55187,306000000,1113600
1791128678.3094,4960,1288,55062,306000000,1728000
1791128678.3595,4960,1288,55125,306000000,1728000
1791128678.4096,4960,1288,55062,306000000,1728000
1791128678.4597,4960,1288,55062,306000000,1728000
1791128678.5098,4960,1288,55281,306000000,1728000
1791128678.5599,4960,1288,55125,306000000,1728000
1791128678.6100,4960,1288,55250,306000000,1728000
1791128678.6601,4960,1288,55125,306000000,1728000
1791128678.7102,4960,1288,55156,306000000,1728000
1791128678.7603,4960,1296,55031,306000000,1728000
1791128678.8103,4960,1304,55187,306000000,1728000
1791128678.8604,4960,1296,55062,306000000,1728000
1791128678.9105,4960,1296,55156,306000000,1728000
1791128678.9606,4960,1296,55281,306000000,1728000
1791128679.0107,4960,1296,55093,306000000,1728000
1791128679.0608,4960,1288,55312,306000000,1728000
1791128679.1109,4960,1288,55093,306000000,1728000
1791128679.1610,4960,1288,55156,306000000,1728000
1791128679.2111,4960,1296,55093,306000000,1728000
1791128679.2612,4960,1296,55125,306000000,1728000
1791128679.3113,4960,1296,55125,306000000,1420800
1791128679.3613,4960,1304,55156,306000000,1728000
1791128679.4114,4960,1304,55218,306000000,1728000
1791128679.4615,4960,1304,55062,306000000,1728000
1791128679.5116,4960,1296,55343,306000000,1728000
1791128679.5617,4960,1296,55093,306000000,1344000
1791128679.6118,4960,1296,55250,306000000,1113600
1791128679.6619,4960,1288,55093,306000000,1728000
1791128679.7120,4960,1288,55218,306000000,1728000
1791128679.7621,4960,1288,55093,306000000,1728000
1791128679.8122,4960,1280,55125,306000000,1728000
1791128679.8623,4960,1280,55062,306000000,1728000
1791128679.9124,4960,1304,55093,306000000,1113600
1791128679.9625,4960,1296,55281,306000000,1728000
1791128680.0126,4960,1288,55093,306000000,1728000
1791128680.0627,4960,1296,55156,306000000,1728000
1791128680.1128,4960,1288,55062,306000000,1728000
1791128680.1628,4960,1288,55125,306000000,1728000
1791128680.2129,4960,1280,55062,306000000,1728000
1791128680.2630,4960,1288,55125,306000000,1728000
1791128680.3131,4960,1280,55250,306000000,1728000
1791128680.3632,4960,1272,55156,306000000,1728000
1791128680.4133,4960,1280,55218,306000000,1728000
1791128680.4633,4960,1296,55062,306000000,1728000
1791128680.5135,4960,1288,55187,306000000,1728000
1791128680.5635,4960,1288,55062,306000000,1728000
1791128680.6136,4960,1288,55156,306000000,1728000
1791128680.6637,4960,1288,55093,306000000,1728000
1791128680.7138,4960,1280,55250,306000000,1728000
1791128680.7639,4960,1280,55000,306000000,1728000
1791128680.8140,4960,1272,55093,306000000,1728000
1791128680.8641,4960,1272,55281,306000000,1728000
1791128680.9141,4960,1272,55093,306000000,1728000
1791128680.9642,4960,1272,55218,306000000,1728000
1791128681.0143,4960,1280,55093,306000000,1728000
1791128681.0644,4960,1280,55156,306000000,1728000
1791128681.1145,4960,1280,55062,306000000,1728000
1791128681.1646,4960,1280,55093,306000000,1728000
1791128681.2147,4960,1288,55000,306000000,1728000
1791128681.2648,4960,1280,55093,306000000,1728000
1791128681.3149,4960,1272,55250,306000000,1728000
1791128681.3649,4960,1272,55062,306000000,1728000
1791128681.4150,4960,1280,55281,306000000,1728000
1791128681.4651,4960,1272,55062,306000000,1728000
1791128681.5152,4960,1272,55187,306000000,1728000
1791128681.5653,4960,1288,55062,306000000,1497600
1791128681.6154,4960,1288,55156,306000000,1728000
1791128681.6654,4960,1280,55093,306000000,1728000
1791128681.7155,4960,1280,55062,306000000,1728000
1791128681.7656,4960,1272,55281,306000000,1728000
1791128681.8157,4960,1272,55093,306000000,1728000
1791128681.8658,4960,1272,55187,306000000,1728000
1791128681.9158,4960,1264,55093,306000000,1728000
1791128681.9659,4960,1272,55156,306000000,1728000
1791128682.0160,4960,1272,55062,306000000,1728000
1791128682.0661,4960,1264,55125,306000000,1728000
1791128682.1162,4960,1272,55062,306000000,1728000
1791128682.1663,4960,1288,55125,306000000,1728000
1791128682.2164,4960,1280,55281,306000000,1728000
1791128682.2665,4960,1280,55093,306000000,1728000
1791128682.3166,4960,1288,55281,306000000,1728000
1791128682.3666,4960,1280,55031,306000000,1728000
1791128682.4167,4960,1272,55187,306000000,1728000
1791128682.4668,4960,1280,55000,306000000,1728000
1791128682.5169,4960,1272,55093,306000000,1728000
1791128682.5670,4960,1264,55062,306000000,1728000
1791128682.6170,4960,1272,55156,306000000,1728000
1791128682.6671,4960,1272,55250,306000000,1728000
1791128682.7172,4960,1280,55093,306000000,1728000
1791128682.7673,4960,1288,55250,306000000,1728000
1791128682.8174,4960,1288,55062,306000000,1728000
1791128682.8675,4960,1280,55156,306000000,1728000
1791128682.9176,4960,1280,55062,306000000,1728000
1791128682.9677,4960,1280,55156,306000000,1728000
1791128683.0177,4960,1272,55062,306000000,1728000
1791128683.0678,4960,1272,55062,306000000,1728000
1791128683.1179,4960,1272,55312,306000000,1728000
1791128683.1680,4960,1272,55062,306000000,1728000
1791128683.2181,4960,1264,55187,306000000,1728000
1791128683.2682,4960,1280,55093,306000000,1728000
1791128683.3183,4960,1288,55250,306000000,1036800
1791128683.3684,4960,1280,55062,306000000,1728000
1791128683.4185,4960,1272,55156,306000000,1728000
1791128683.4685,4960,1280,55125,306000000,960000
1791128683.5186,4960,1272,55125,306000000,1728000
1791128683.5687,4960,1272,55062,306000000,1728000
1791128683.6188,4960,1280,55125,306000000,1728000
1791128683.6689,4960,1280,55250,306000000,1728000
1791128683.7190,4960,1280,55062,306000000,1728000
1791128683.7691,4960,1272,55218,306000000,1728000
1791128683.8192,4960,1288,55125,306000000,1267200
1791128683.8693,4960,1288,55187,306000000,1728000
1791128683.9193,4960,1288,55156,306000000,1728000
1791128683.9694,4960,1288,55093,306000000,1728000
1791128684.0195,4960,1288,55093,306000000,1728000
1791128684.0696,4960,1280,55062,306000000,1728000
1791128684.1197,4960,1280,55312,306000000,1728000
1791128684.1698,4960,1280,55062,306000000,1728000
1791128684.2199,4960,1272,55250,306000000,1728000
1791128684.2699,4960,1272,55093,306000000,1728000
1791128684.3200,4960,1280,55218,306000000,1728000
1791128684.3701,4960,1280,55031,306000000,1728000
1791128684.4202,4960,1280,55156,306000000,1728000
1791128684.4703,4960,1280,55062,306000000,1728000
1791128684.5204,4960,1280,55125,306000000,1728000
1791128684.5704,4960,1280,55281,306000000,1728000
1791128684.6205,4960,1272,55062,306000000,1728000
1791128684.6706,4960,1280,55375,306000000,1728000
1791128684.7207,4960,1272,55062,306000000,1728000
1791128684.7708,4960,1272,55093,306000000,1728000
1791128684.8208,4960,1272,55093,306000000,1728000
1791128684.8709,4960,1272,55125,306000000,1728000
1791128684.9210,4960,1272,55125,306000000,1728000
1791128684.9711,4960,1288,55156,306000000,1728000
1791128685.0212,4960,1288,55250,306000000,1728000
1791128685.0713,4960,1288,55062,306000000,1728000
1791128685.1214,4960,1280,55281,306000000,1728000
1791128685.1715,4960,1280,55125,306000000,1728000
1791128685.2216,4960,1280,55093,306000000,1728000
1791128685.2716,4960,1280,55062,306000000,1728000
1791128685.3217,4960,1272,55093,306000000,1728000
1791128685.3718,4960,1272,55000,306000000,1728000
1791128685.4219,4960,1272,55062,306000000,1113600
1791128685.4720,4960,1272,55218,306000000,1728000
1791128685.5221,4960,1288,55156,306000000,1728000
1791128685.5722,4960,1288,55187,306000000,1728000
1791128685.6223,4960,1288,55125,306000000,1728000
1791128685.6724,4960,1280,55156,306000000,1728000
1791128685.7225,4960,1280,55062,306000000,1728000
1791128685.7726,4960,1280,55125,306000000,1728000
1791128685.8226,4960,1272,55031,306000000,1728000
1791128685.8727,4960,1280,55156,306000000,1728000
1791128685.9228,4960,1280,55250,306000000,1728000
1791128685.9729,4960,1280,55062,306000000,1728000
1791128686.0230,4960,1272,55281,306000000,1267200
1791128686.0731,4960,1288,55125,306000000,1728000
1791128686.1232,4960,1288,55250,306000000,1728000
1791128686.1732,4960,1288,55125,306000000,1728000
1791128686.2233,4960,1280,55187,306000000,1728000
1791128686.2734,4960,1280,55062,306000000,1728000
1791128686.3235,4960,1280,55125,306000000,1728000
1791128686.3736,4960,1272,55000,306000000,1728000
1791128686.4236,4960,1280,55093,306000000,1728000
1791128686.4737,4960,1272,55312,306000000,1728000
1791128686.5238,4960,1272,55093,306000000,1728000
1791128686.5739,4960,1272,55250,306000000,1728000
1791128686.6240,4960,1280,55062,306000000,1728000
1791128686.6741,4960,1280,55093,306000000,1728000
1791128686.7241,4960,1288,55031,306000000,1728000
1791128686.7742,4960,1280,55125,306000000,1728000
1791128686.8243,4960,1272,55062,306000000,1728000
1791128686.8744,4960,1272,55156,306000000,1728000
1791128686.9245,4960,1280,55375,306000000,1728000
1791128686.9746,4960,1272,55125,306000000,1728000
1791128687.0246,4960,1272,55250,306000000,1728000
1791128687.0747,4960,1272,55125,306000000,1728000
1791128687.1248,4960,1264,55156,306000000,1728000
1791128687.1749,4960,1272,55062,306000000,1728000
1791128687.2250,4960,1272,55156,306000000,1728000
1791128687.2751,4960,1272,55062,306000000,1728000
1791128687.3252,4960,1280,55156,306000000,1728000
1791128687.3752,4960,1280,55218,306000000,1728000
1791128687.4253,4960,1272,55031,306000000,1728000
1791128687.4754,4960,1272,55187,306000000,1728000
1791128687.5255,4960,1272,55062,306000000,1728000
1791128687.5756,4960,1264,55093,306000000,1728000
1791128687.6256,4960,1272,55093,306000000,1728000
1791128687.6757,4960,1264,55156,306000000,1728000
1791128687.7258,4960,1272,55062,306000000,1728000
1791128687.7759,4960,1280,55093,306000000,1728000
1791128687.8260,4960,1280,55218,306000000,1728000
1791128687.8761,4960,1280,55093,306000000,1728000
1791128687.9262,4960,1272,55218,306000000,1728000
1791128687.9763,4960,1280,55062,306000000,1728000
1791128688.0263,4960,1280,55125,306000000,1728000
1791128688.0764,4960,1272,55062,306000000,1728000
1791128688.1265,4960,1272,55187,306000000,1728000
1791128688.1766,4960,1272,55031,306000000,1728000
1791128688.2267,4960,1264,55062,306000000,1728000
1791128688.2768,4960,1272,55281,306000000,1728000
1791128688.3269,4960,1288,55062,306000000,1728000
1791128688.3769,4960,1288,55343,306000000,1728000
1791128688.4271,4960,1280,55062,306000000,1728000
1791128688.4771,4960,1280,55125,306000000,1728000
1791128688.5272,4960,1280,55000,306000000,1728000
1791128688.5773,4960,1272,55187,306000000,1728000
1791128688.6274,4960,1272,55000,306000000,1728000
1791128688.6775,4960,1272,55093,306000000,1728000
1791128688.7275,4960,1272,55093,306000000,1728000
1791128688.7776,4960,1272,55093,306000000,1728000
1791128688.8277,4960,1280,55281,306000000,1728000
1791128688.8778,4960,1288,55093,306000000,1344000
1791128688.9279,4960,1280,55125,306000000,1728000
1791128688.9780,4960,1280,55062,306000000,1728000
1791128689.0280,4960,1280,55187,306000000,1728000
1791128689.0781,4960,1272,55031,306000000,1728000
1791128689.1282,4960,1272,55187,306000000,1728000
1791128689.1783,4960,1272,55062,306000000,1728000
1791128689.2284,4960,1264,55093,306000000,1728000
1791128689.2785,4960,1272,55218,306000000,1728000
1791128689.3285,4960,1264,55093,306000000,1728000
1791128689.3786,4960,1264,55156,306000000,1728000
1791128689.4287,4960,1280,55156,306000000,1728000
1791128689.4788,4960,1280,55125,306000000,1728000
1791128689.5289,4960,1280,55062,306000000,1728000
1791128689.5790,4960,1280,55093,306000000,1728000
1791128689.6291,4960,1280,54968,306000000,1728000
1791128689.6792,4960,1280,55156,306000000,1728000
1791128689.7292,4960,1272,55250,306000000,1728000
1791128689.7793,4960,1272,55062,306000000,1728000
1791128689.8294,4960,1272,55187,306000000,1728000
1791128689.8795,4960,1264,55062,306000000,1728000
1791128689.9296,4960,1272,55125,306000000,1728000
1791128689.9797,4960,1280,55062,306000000,1728000
1791128690.0298,4960,1280,55062,306000000,1728000
1791128690.0799,4960,1280,55062,306000000,1728000
1791128690.1299,4960,1272,55125,306000000,1728000
1791128690.1800,4960,1272,55187,306000000,1728000
1791128690.2301,4960,1272,55093,306000000,1728000
1791128690.2802,4960,1272,55250,306000000,1728000
1791128690.3303,4960,1264,55093,306000000,1728000
1791128690.3804,4960,1272,55156,306000000,1728000
1791128690.4305,4960,1272,55031,306000000,1728000
1791128690.4806,4960,1264,55156,306000000,1728000
1791128690.5307,4960,1280,55062,306000000,1728000
1791128690.5808,4960,1288,55125,306000000,1728000
1791128690.6309,4960,1288,55156,306000000,1728000
1791128690.6810,4960,1280,55031,306000000,1728000
1791128690.7310,4960,1280,55218,306000000,1728000
1791128690.7811,4960,1280,55062,306000000,1728000
1791128690.8312,4960,1280,55093,306000000,1728000
1791128690.8813,4960,1272,55125,306000000,1728000
1791128690.9314,4960,1280,55125,306000000,1728000
1791128690.9814,4960,1280,55062,306000000,1728000
1791128691.0315,4960,1272,55062,306000000,1728000
1791128691.0816,4960,1272,55062,306000000,1728000
1791128691.1317,4960,1288,55093,306000000,1728000
1791128691.1818,4960,1288,55218,306000000,1728000
1791128691.2319,4960,1280,55062,306000000,1728000
1791128691.2820,4960,1280,55187,306000000,1728000
1791128691.3321,4960,1280,55062,306000000,1728000
1791128691.3822,4960,1272,55062,306000000,1728000
1791128691.4322,4960,1272,55093,306000000,1728000
1791128691.4823,4960,1272,55062,306000000,1728000
1791128691.5324,4960,1264,55093,306000000,1728000
1791128691.5825,4960,1264,55093,306000000,1728000
1791128691.6326,4960,1272,55187,306000000,1728000
1791128691.6827,4960,1280,55062,306000000,1728000
1791128691.7328,4960,1280,55062,306000000,1728000
1791128691.7829,4960,1280,55031,306000000,1728000
1791128691.8330,4960,1280,55187,306000000,1728000
1791128691.8831,4960,1272,55062,306000000,1728000
1791128691.9331,4960,1280,55125,306000000,1728000
1791128691.9832,4960,1280,55093,306000000,1728000
1791128692.0333,4960,1272,55062,306000000,1728000
1791128692.0834,4960,1272,55218,306000000,1728000
1791128692.1334,4960,1272,55093,306000000,1728000
1791128692.1835,4960,1280,55187,306000000,1190400
1791128692.2336,4960,1288,55062,306000000,1728000
1791128692.2837,4960,1288,55156,306000000,1728000
1791128692.3338,4960,1272,55062,306000000,1728000
1791128692.3838,4960,1264,55093,306000000,1728000
1791128692.4339,4960,1256,55031,306000000,1728000
1791128692.4840,4960,1248,55062,306000000,1728000
1791128692.5341,4960,1240,55187,306000000,1728000
1791128692.5842,4960,1240,55093,306000000,1728000
1791128692.6342,4960,1232,55218,306000000,1728000
1791128692.6843,4960,1232,55312,306000000,1728000
1791128692.7344,4960,1224,55187,306000000,1728000
1791128692.7845,4960,1232,55125,306000000,1728000
1791128692.8346,4960,1232,55250,306000000,1728000
1791128692.8847,4960,1232,55062,306000000,1728000
1791128692.9347,4960,1224,55093,306000000,1728000
1791128692.9848,4960,1224,55250,306000000,1728000
1791128693.0351,4960,1216,55093,306000000,1728000
1791128693.0852,4960,1216,55281,306000000,1728000
1791128693.1353,4960,1216,55093,306000000,1728000
1791128693.1854,4960,1208,55093,306000000,1728000
1791128693.2355,4960,1208,55468,306000000,1728000
1791128693.2855,4960,1208,55125,306000000,1728000
1791128693.3356,4960,1216,55218,306000000,1728000
1791128693.3857,4960,1224,55125,306000000,1728000
1791128693.4358,4960,1216,55218,306000000,1728000
1791128693.4859,4960,1216,55062,306000000,1728000
1791128693.5360,4960,1216,55218,306000000,1728000
1791128693.5860,4960,1208,55062,306000000,1728000
1791128693.6361,4960,1208,55156,306000000,1728000
1791128693.6862,4960,1208,55062,306000000,1728000
1791128693.7363,4960,1208,55250,306000000,1728000
1791128693.7863,4960,1208,55312,306000000,1728000
1791128693.8364,4960,1208,55187,306000000,1728000
1791128693.8865,4960,1208,55187,306000000,1728000
1791128693.9366,4960,1216,55125,306000000,1728000
1791128693.9867,4960,1216,55250,306000000,1728000
1791128694.0368,4960,1216,55062,306000000,1728000
1791128694.0869,4960,1208,55156,306000000,1728000
1791128694.1369,4960,1208,55093,306000000,1728000
1791128694.1870,4960,1208,55125,306000000,1728000
1791128694.2371,4960,1208,55093,306000000,1728000
1791128694.2872,4960,1208,55093,306000000,1728000
1791128694.3372,4960,1208,55187,306000000,1728000
1791128694.3873,4960,1200,55062,306000000,1728000
1791128694.4374,4960,1208,55218,306000000,1728000
1791128694.4875,4960,1216,55312,306000000,1728000
1791128694.5376,4960,1216,55250,306000000,1728000
1791128694.5877,4960,1216,55343,306000000,1728000
1791128694.6378,4960,1208,55312,306000000,1728000
1791128694.6878,4960,1208,55125,306000000,1728000
1791128694.7379,4960,1208,55218,306000000,1728000
1791128694.7880,4960,1216,55093,306000000,1728000
1791128694.8381,4960,1216,55093,306000000,1728000
1791128694.8881,4960,1224,55250,306000000,1728000
1791128694.9382,4960,1224,55062,306000000,1728000
1791128694.9883,4960,1248,55250,306000000,1728000
1791128695.0384,4960,1264,55125,306000000,1728000
1791128695.0885,4960,1256,55187,306000000,1728000
1791128695.1386,4960,1248,55187,306000000,729600
1791128695.1887,4960,1224,55093,306000000,1728000
