1791128363.9220,4968,992,60281,306000000,1728000
1791128363.9721,4968,1040,60312,306000000,1728000
1791128364.0222,4968,1064,60406,306000000,1728000
1791128364.0723,4968,1080,60281,306000000,1728000
1791128364.1223,4968,1088,60343,306000000,1728000
1791128364.1724,4968,1104,60281,306000000,1728000
1791128364.2225,4968,1104,60343,306000000,1728000
1791128364.2726,4968,1120,60250,306000000,1728000
1791128364.3227,4960,1136,60375,306000000,1728000
1791128364.3728,4960,1144,60281,306000000,1728000
1791128364.4228,4960,1144,60250,306000000,1728000
1791128364.4729,4960,1152,60312,306000000,1728000
1791128364.5230,4960,1152,60281,306000000,1728000
1791128364.5731,4960,1160,60437,306000000,1728000
1791128364.6232,4960,1160,60312,306000000,1728000
1791128364.6733,4960,1160,60375,306000000,1728000
1791128364.7233,4960,1168,60343,306000000,1728000
1791128364.7734,4960,1168,60375,306000000,1728000
1791128364.8235,4960,1176,60343,306000000,1728000
1791128364.8736,4960,1200,60468,306000000,1728000
1791128364.9237,4960,1200,60250,306000000,1728000
1791128364.9738,4960,1200,60343,306000000,1728000
1791128365.0239,4960,1200,60281,306000000,1728000
1791128365.0739,4960,1200,60156,306000000,1728000
1791128365.1240,4960,1200,60312,306000000,1728000
1791128365.1741,4960,1200,60218,306000000,1728000
1791128365.2242,4960,1200,60281,306000000,1728000
1791128365.2743,4960,1200,60156,306000000,1728000
1791128365.3243,4960,1200,60250,306000000,1728000
1791128365.3744,4960,1208,60406,306000000,1728000
1791128365.4245,4960,1216,60250,306000000,1728000
1791128365.4746,4960,1208,60531,306000000,1728000
1791128365.5247,4960,1208,60250,306000000,1728000
1791128365.5748,4960,1208,60375,306000000,1728000
1791128365.6249,4960,1208,60156,306000000,1728000
1791128365.6750,4960,1208,60343,306000000,1728000
1791128365.7250,4960,1208,60125,306000000,1728000
1791128365.7751,4960,1200,60312,306000000,1728000
1791128365.8252,4960,1200,60156,306000000,1728000
1791128365.8753,4960,1200,60218,306000000,1728000
1791128365.9254,4960,1208,60312,306000000,1728000
1791128365.9755,4960,1216,60250,306000000,1728000
1791128366.0255,4960,1216,60406,306000000,1728000
1791128366.0756,4960,1216,60156,306000000,1728000
1791128366.1257,4960,1208,60312,306000000,1728000
1791128366.1758,4960,1208,60375,306000000,1728000
1791128366.2259,4960,1208,60281,306000000,1728000
1791128366.2760,4960,1208,60281,306000000,1728000
1791128366.3261,4960,1208,60218,306000000,1728000
1791128366.3762,4960,1208,60156,306000000,1728000
1791128366.4262,4960,1216,60218,306000000,1728000
1791128366.4763,4960,1208,60312,306000000,1728000
1791128366.5265,4960,1224,60125,306000000,1728000
1791128366.5766,4960,1224,60218,306000000,1728000
1791128366.6266,4960,1224,60125,306000000,1728000
1791128366.6767,4960,1216,60218,306000000,1728000
1791128366.7268,4960,1216,60312,306000000,1728000
1791128366.7769,4960,1216,60281,306000000,1728000
1791128366.8269,4960,1216,60031,306000000,1728000
1791128366.8770,4960,1216,60093,306000000,1728000
1791128366.9271,4960,1216,60218,306000000,1728000
1791128366.9772,4960,1216,60000,306000000,1728000
1791128367.0275,4960,1216,60218,306000000,1728000
1791128367.0776,4960,1224,60156,306000000,1728000
1791128367.1277,4960,1224,60218,1020000000,1728000
1791128367.1778,4960,1224,60093,306000000,1728000
1791128367.2279,4960,1224,60125,306000000,1728000
1791128367.2779,4960,1216,60093,306000000,1728000
1791128367.3280,4960,1216,60062,306000000,1728000
1791128367.3781,4960,1224,60218,306000000,1728000
1791128367.4282,4960,1232,60031,306000000,1728000
1791128367.4783,4960,1232,60218,306000000,1728000
1791128367.5284,4960,1240,60093,306000000,1728000
1791128367.5785,4960,1240,60187,306000000,1728000
1791128367.6285,4960,1248,60312,306000000,1728000
1791128367.6786,4960,1248,60187,306000000,1728000
1791128367.7287,4960,1256,60062,306000000,1728000
1791128367.7788,4960,1256,60062,306000000,1728000
1791128367.8289,4960,1264,60187,306000000,1728000
1791128367.8790,4960,1280,60000,306000000,1728000
1791128367.9290,4960,1304,60156,306000000,1728000
1791128367.9791,4960,1312,60031,306000000,1728000
1791128368.0292,4952,1312,60156,306000000,1728000
1791128368.0793,4960,1304,59937,306000000,1728000
1791128368.1293,4960,1296,60093,306000000,1728000
1791128368.1794,4960,1304,60031,306000000,1267200
1791128368.2295,4960,1304,60000,306000000,1728000
1791128368.2796,4960,1288,60093,306000000,1728000
1791128368.3297,4960,1280,60031,306000000,1728000
1791128368.3798,4960,1280,60187,306000000,1728000
1791128368.4299,4960,1272,60062,306000000,1728000
1791128368.4799,4960,1264,60062,306000000,1728000
1791128368.5300,4960,1264,60000,306000000,1728000
1791128368.5801,4960,1264,60093,306000000,1728000
1791128368.6302,4960,1256,60000,306000000,1728000
1791128368.6803,4960,1256,60031,306000000,1728000
1791128368.7304,4960,1256,60000,306000000,1728000
1791128368.7805,4960,1264,60031,306000000,1728000
1791128368.8306,4960,1248,60156,306000000,1728000
1791128368.8806,4960,1248,60031,306000000,1728000
1791128368.9307,4960,1240,60093,306000000,1728000
1791128368.9808,4960,1240,59937,306000000,1728000
1791128369.0309,4960,1232,60156,306000000,1728000
1791128369.0809,4960,1240,60000,306000000,1728000
1791128369.1311,4960,1232,60031,306000000,1728000
1791128369.1811,4960,1232,59937,306000000,1728000
1791128369.2312,4960,1224,59906,306000000,1728000
1791128369.2813,4960,1232,60000,306000000,1728000
1791128369.3314,4960,1240,59968,306000000,1728000
1791128369.3815,4960,1240,60125,306000000,1728000
1791128369.4316,4960,1240,59968,306000000,1728000
1791128369.4817,4960,1240,60000,306000000,1728000
1791128369.5317,4960,1232,59937,306000000,1728000
1791128369.5818,4960,1240,60000,306000000,1728000
1791128369.6319,4960,1240,59906,306000000,1728000
1791128369.6820,4960,1232,60031,306000000,1728000
1791128369.7321,4960,1240,60062,306000000,1728000
1791128369.7822,4960,1232,60000,306000000,1728000
1791128369.8322,4960,1240,60000,306000000,1728000
1791128369.8823,4960,1240,59906,306000000,729600
1791128369.9324,4960,1248,59906,306000000,1728000
1791128369.9825,4960,1240,59937,306000000,1728000
1791128370.0326,4960,1240,59968,306000000,1728000
1791128370.0827,4960,1240,59906,306000000,1728000
1791128370.1328,4960,1240,59906,306000000,1728000
1791128370.1828,4960,1232,60031,306000000,1728000
1791128370.2329,4960,1232,59906,306000000,1728000
1791128370.2830,4960,1232,60000,306000000,1728000
1791128370.3331,4960,1232,59875,306000000,1728000
1791128370.3832,4960,1240,59937,306000000,1190400
1791128370.4333,4960,1240,59937,306000000,1728000
1791128370.4833,4960,1248,59937,306000000,1728000
1791128370.5334,4960,1240,59906,306000000,1728000
1791128370.5835,4960,1232,59906,306000000,1728000
1791128370.6336,4960,1232,59968,306000000,1728000
1791128370.6837,4960,1240,59906,306000000,1728000
1791128370.7338,4960,1232,60000,306000000,1728000
1791128370.7839,4960,1232,59906,306000000,1728000
1791128370.8340,4960,1232,59968,306000000,1728000
1791128370.8840,4960,1224,59843,306000000,1728000
1791128370.9341,4960,1224,59906,306000000,1728000
1791128370.9842,4960,1232,59812,306000000,1267200
1791128371.0343,4960,1240,59906,306000000,1728000
1791128371.0844,4960,1232,59968,306000000,1728000
1791128371.1345,4960,1232,59906,306000000,1728000
1791128371.1845,4960,1232,60000,306000000,1728000
1791128371.2346,4960,1240,59843,306000000,1728000
1791128371.2847,4960,1240,59906,306000000,1728000
1791128371.3348,4960,1240,59750,306000000,1728000
1791128371.3849,4960,1232,59906,306000000,1728000
1791128371.4349,4960,1232,59875,306000000,1728000
1791128371.4850,4960,1232,59875,306000000,1728000
1791128371.5351,4960,1240,59937,306000000,1497600
1791128371.5852,4960,1240,59875,306000000,1728000
1791128371.6352,4960,1240,59968,306000000,1728000
1791128371.6853,4960,1240,59875,306000000,1728000
1791128371.7354,4960,1240,59968,306000000,1728000
1791128371.7855,4960,1232,59781,306000000,1728000
1791128371.8356,4960,1232,59875,306000000,1728000
1791128371.8857,4960,1224,59843,306000000,1728000
1791128371.9357,4960,1232,59906,306000000,1728000
1791128371.9858,4960,1232,59937,306000000,1728000
1791128372.0359,4960,1224,59781,306000000,1728000
1791128372.0860,4960,1240,59937,306000000,1728000
1791128372.1361,4960,1240,59812,306000000,1728000
1791128372.1862,4960,1240,59906,306000000,1728000
1791128372.2362,4960,1232,59781,306000000,1728000
1791128372.2863,4960,1240,59875,306000000,1728000
1791128372.3364,4960,1232,59718,306000000,1728000
1791128372.3865,4960,1232,59781,306000000,1728000
1791128372.4366,4960,1224,59781,306000000,1728000
1791128372.4866,4960,1232,59781,306000000,1728000
1791128372.5367,4960,1224,59875,306000000,1728000
1791128372.5868,4960,1224,59812,306000000,1728000
1791128372.6369,4960,1232,59875,306000000,1728000
1791128372.6870,4960,1240,59687,306000000,1728000
1791128372.7371,4960,1248,59781,306000000,1728000
1791128372.7872,4960,1240,59718,306000000,1728000
1791128372.8372,4960,1240,59906,306000000,1728000
1791128372.8873,4960,1240,59750,306000000,1728000
1791128372.9374,4960,1240,59812,306000000,1728000
1791128372.9875,4960,1224,59906,306000000,1728000
1791128373.0375,4960,1232,59843,306000000,1728000
1791128373.0876,4960,1224,59906,306000000,1728000
1791128373.1377,4960,1224,59718,306000000,1728000
1791128373.1878,4960,1224,59812,306000000,1190400
1791128373.2379,4960,1232,59718,306000000,1728000
1791128373.2880,4960,1240,59781,306000000,1728000
1791128373.3380,4960,1240,59625,306000000,1728000
1791128373.3881,4960,1232,59781,306000000,1728000
1791128373.4382,4960,1240,59875,306000000,1728000
1791128373.4883,4960,1224,59750,306000000,1728000
1791128373.5384,4960,1232,59843,306000000,1728000
1791128373.5884,4960,1224,59687,306000000,1728000
1791128373.6385,4960,1232,59750,306000000,1728000
1791128373.6886,4960,1224,59718,306000000,1728000
1791128373.7387,4960,1232,59781,306000000,1728000
1791128373.7888,4960,1232,59625,306000000,1344000
1791128373.8389,4960,1248,59718,306000000,1728000
1791128373.8890,4960,1248,59875,306000000,1728000
1791128373.9391,4960,1240,59781,306000000,1728000
1791128373.9892,4960,1232,59812,306000000,1728000
1791128374.0392,4960,1232,59656,306000000,1728000
1791128374.0893,4960,1240,59750,306000000,1728000
1791128374.1394,4960,1232,59625,306000000,1728000
1791128374.1895,4960,1224,59750,306000000,1728000
1791128374.2396,4960,1224,59656,306000000,1728000
1791128374.2896,4960,1232,59687,306000000,1728000
1791128374.3397,4960,1232,59843,306000000,1728000
1791128374.3898,4960,1240,59750,306000000,1728000
1791128374.4399,4960,1232,59843,306000000,1728000
1791128374.4900,4960,1240,59625,306000000,1728000
1791128374.5401,4960,1232,59750,306000000,1728000
1791128374.5902,4960,1232,59562,306000000,1728000
1791128374.6403,4960,1224,59718,306000000,1728000
1791128374.6903,4960,1232,59625,306000000,1728000
1791128374.7404,4960,1232,59687,306000000,1728000
1791128374.7905,4960,1224,59687,306000000,1728000
1791128374.8406,4960,1232,59687,306000000,1728000
1791128374.8907,4960,1240,59718,306000000,1344000
1791128374.9408,4960,1248,59718,306000000,1728000
1791128374.9909,4960,1240,59593,306000000,1728000
1791128375.0409,4960,1240,59562,306000000,1728000
1791128375.0910,4960,1232,59750,306000000,1728000
1791128375.1411,4960,1232,59562,306000000,1728000
1791128375.1912,4960,1232,59656,306000000,1728000
1791128375.2412,4960,1232,59468,306000000,1728000
1791128375.2913,4960,1240,59625,306000000,1728000
1791128375.3414,4960,1224,59718,306000000,1728000
1791128375.3914,4960,1232,59656,306000000,1728000
1791128375.4415,4960,1224,59718,306000000,1728000
1791128375.4916,4960,1240,59562,306000000,1728000
1791128375.5417,4960,1240,59656,306000000,1728000
1791128375.5918,4960,1232,59593,306000000,1728000
1791128375.6419,4960,1232,59656,306000000,1728000
1791128375.6919,4960,1232,59468,306000000,1728000
1791128375.7420,4960,1232,59531,306000000,1728000
1791128375.7921,4960,1240,59718,306000000,1728000
1791128375.8422,4960,1224,59562,306000000,1728000
1791128375.8923,4960,1232,59718,306000000,1728000
1791128375.9423,4960,1224,59531,306000000,1728000
1791128375.9924,4960,1232,59625,306000000,1728000
1791128376.0425,4960,1232,59562,306000000,1728000
1791128376.0926,4960,1240,59562,306000000,1728000
1791128376.1427,4960,1232,59593,306000000,1728000
1791128376.1928,4960,1240,59625,306000000,1728000
1791128376.2428,4960,1232,59687,306000000,1728000
1791128376.2929,4960,1232,59562,306000000,1728000
1791128376.3430,4960,1224,59718,306000000,1728000
1791128376.3931,4960,1232,59500,306000000,1728000
1791128376.4432,4960,1224,59656,306000000,1728000
1791128376.4933,4960,1224,59500,306000000,1728000
1791128376.5434,4960,1232,59656,306000000,1728000
1791128376.5934,4960,1232,59406,306000000,1728000
1791128376.6435,4960,1232,59531,306000000,1728000
1791128376.6936,4960,1232,59656,306000000,1728000
1791128376.7437,4960,1232,59562,306000000,1728000
1791128376.7938,4960,1232,59625,306000000,1728000
1791128376.8439,4960,1224,59468,306000000,1728000
1791128376.8940,4960,1224,59593,306000000,1728000
1791128376.9440,4960,1224,59437,306000000,1728000
1791128376.9941,4960,1224,59531,306000000,1728000
1791128377.0442,4960,1224,59531,306000000,1728000
1791128377.0942,4960,1224,59406,306000000,1728000
1791128377.1443,4960,1232,59437,306000000,1728000
1791128377.1944,4960,1232,59437,306000000,1728000
1791128377.2445,4960,1232,59625,306000000,1728000
1791128377.2946,4960,1232,59437,306000000,1728000
1791128377.3447,4960,1232,59500,306000000,1728000
1791128377.3947,4960,1224,59468,306000000,1728000
1791128377.4448,4960,1224,59531,306000000,1728000
1791128377.4949,4960,1216,59406,306000000,1728000
1791128377.5450,4960,1224,59437,306000000,1728000
1791128377.5950,4960,1224,59437,306000000,1728000
1791128377.6451,4960,1224,59406,306000000,1728000
1791128377.6952,4960,1232,59625,306000000,1344000
1791128377.7453,4960,1240,59406,306000000,1728000
1791128377.7954,4960,1240,59500,306000000,1728000
1791128377.8455,4960,1232,59375,306000000,1728000
1791128377.8956,4960,1232,59406,306000000,1728000
1791128377.9457,4960,1232,59406,306000000,1728000
1791128377.9958,4960,1224,59437,306000000,1728000
1791128378.0459,4960,1216,59343,306000000,1728000
1791128378.0959,4960,1216,59437,306000000,1728000
1791128378.1460,4960,1216,59500,306000000,1728000
1791128378.1961,4960,1216,59437,306000000,1728000
1791128378.2462,4960,1240,59406,306000000,1728000
1791128378.2963,4960,1272,59343,306000000,1728000
1791128378.3464,4960,1272,59406,306000000,1728000
1791128378.3965,4960,1272,59406,306000000,1728000
1791128378.4465,4960,1272,59406,306000000,1728000
1791128378.4966,4960,1272,59312,306000000,1728000
1791128378.5467,4960,1264,59343,306000000,1728000
1791128378.5968,4960,1256,59531,306000000,1728000
1791128378.6469,4960,1264,59406,306000000,1728000
1791128378.6970,4960,1248,59375,306000000,1728000
1791128378.7471,4960,1256,59406,306000000,1728000
1791128378.7971,4960,1248,59437,306000000,1113600
1791128378.8472,4960,1264,59343,306000000,1420800
1791128378.8973,4960,1248,59375,306000000,1728000
1791128378.9474,4960,1256,59375,306000000,1728000
1791128378.9975,4960,1248,59406,306000000,1728000
1791128379.0476,4960,1248,59468,306000000,1728000
1791128379.0977,4960,1248,59343,306000000,1728000
1791128379.1477,4960,1240,59468,306000000,1728000
1791128379.1978,4960,1240,59343,306000000,1728000
1791128379.2479,4960,1232,59437,306000000,1728000
1791128379.2980,4960,1240,59281,306000000,1728000
1791128379.3481,4960,1232,59343,306000000,1728000
1791128379.3982,4960,1248,59281,306000000,1728000
1791128379.4483,4960,1256,59343,306000000,1728000
1791128379.4983,4960,1240,59218,306000000,1728000
1791128379.5484,4960,1248,59312,306000000,1728000
1791128379.5985,4960,1240,59406,306000000,1728000
1791128379.6486,4960,1240,59281,306000000,1728000
1791128379.6987,4960,1232,59406,306000000,1728000
1791128379.7488,4960,1232,59281,306000000,1728000
1791128379.7988,4960,1224,59281,306000000,1728000
1791128379.8489,4960,1224,59250,306000000,1728000
1791128379.8990,4960,1232,59281,306000000,1728000
1791128379.9491,4960,1232,59218,306000000,1497600
1791128379.9992,4960,1240,59312,306000000,1728000
1791128380.0493,4960,1232,59406,306000000,1728000
1791128380.0994,4960,1240,59218,306000000,1728000
1791128380.1495,4960,1240,59375,306000000,1728000
1791128380.1995,4960,1240,59250,306000000,1728000
1791128380.2496,4960,1232,59375,306000000,1728000
1791128380.2997,4960,1232,59250,306000000,1728000
1791128380.3498,4960,1232,59343,306000000,1728000
1791128380.3999,4960,1224,59250,306000000,1728000
1791128380.4499,4960,1232,59312,306000000,1728000
1791128380.5000,4960,1232,59406,306000000,1728000
1791128380.5501,4960,1240,59218,306000000,1728000
1791128380.6002,4960,1232,59218,306000000,1728000
1791128380.6503,4960,1240,59250,306000000,1728000
1791128380.7004,4960,1232,59375,306000000,1728000
1791128380.7505,4960,1232,59187,306000000,1728000
1791128380.8006,4960,1224,59281,306000000,1728000
1791128380.8506,4960,1232,59156,306000000,1728000
1791128380.9007,4960,1232,59250,306000000,1728000
1791128380.9508,4960,1232,59437,306000000,1728000
1791128381.0009,4960,1232,59281,306000000,1728000
1791128381.0510,4960,1232,59250,306000000,1728000
1791128381.1011,4960,1248,59312,306000000,1728000
1791128381.1512,4960,1240,59281,306000000,1728000
1791128381.2013,4960,1240,59250,306000000,1728000
1791128381.2514,4960,1232,59218,306000000,1728000
1791128381.3015,4960,1240,59156,306000000,1728000
1791128381.3515,4960,1232,59250,306000000,1728000
1791128381.4016,4960,1232,59406,306000000,1728000
1791128381.4517,4960,1224,59250,306000000,1728000
1791128381.5018,4960,1224,59218,306000000,1728000
1791128381.5519,4960,1224,59156,306000000,1728000
1791128381.6019,4960,1224,59250,306000000,729600
1791128381.6520,4960,1232,59156,306000000,1728000
1791128381.7021,4960,1240,59218,306000000,1728000
1791128381.7522,4960,1232,59125,306000000,1728000
1791128381.8023,4960,1232,59062,306000000,1728000
1791128381.8524,4960,1224,59125,306000000,1728000
1791128381.9024,4960,1216,59250,306000000,1728000
1791128381.9525,4960,1224,59250,306000000,1728000
1791128382.0026,4960,1224,59125,306000000,1728000
1791128382.0527,4960,1224,59281,306000000,1728000
1791128382.1027,4960,1224,59218,306000000,1728000
1791128382.1528,4960,1224,59218,306000000,1728000
1791128382.2029,4960,1240,59187,306000000,1344000
1791128382.2530,4960,1232,59125,306000000,1728000
1791128382.3030,4960,1240,59125,306000000,1728000
1791128382.3531,4960,1224,59156,306000000,1728000
1791128382.4032,4960,1232,59250,306000000,1728000
1791128382.4533,4960,1224,59125,306000000,1728000
1791128382.5033,4960,1224,59187,306000000,1728000
1791128382.5534,4960,1224,59062,306000000,1728000
1791128382.6035,4960,1224,59156,306000000,1728000
1791128382.6536,4960,1216,59093,306000000,1728000
1791128382.7037,4960,1224,59156,306000000,1728000
1791128382.7537,4960,1232,59000,306000000,1113600
1791128382.8038,4960,1232,59156,306000000,1728000
1791128382.8539,4960,1240,59250,306000000,1728000
1791128382.9040,4960,1248,59156,306000000,1728000
1791128382.9541,4960,1232,59281,306000000,1728000
1791128383.0042,4960,1240,59156,306000000,1728000
1791128383.0542,4960,1232,59156,306000000,1728000
1791128383.1043,4960,1240,59093,306000000,1728000
1791128383.1544,4960,1232,59187,306000000,1728000
1791128383.2045,4960,1232,59062,306000000,1728000
1791128383.2546,4960,1232,59156,306000000,1728000
1791128383.3047,4960,1240,59218,306000000,1728000
1791128383.3547,4960,1248,59187,306000000,1728000
1791128383.4048,4960,1256,59187,306000000,1728000
1791128383.4549,4960,1240,59093,306000000,1728000
1791128383.5050,4960,1248,59187,306000000,1728000
1791128383.5550,4960,1232,59031,306000000,1728000
1791128383.6051,4960,1240,59031,306000000,1728000
1791128383.6552,4960,1232,59031,306000000,1728000
1791128383.7053,4960,1232,59062,306000000,1728000
1791128383.7554,4960,1224,59156,306000000,1728000
1791128383.8054,4960,1224,59093,306000000,1728000
1791128383.8555,4960,1232,59156,306000000,1728000
1791128383.9056,4960,1240,59031,306000000,1728000
1791128383.9557,4960,1240,59156,306000000,1728000
1791128384.0058,4960,1240,59062,306000000,1728000
1791128384.0559,4960,1232,59125,306000000,1728000
1791128384.1060,4960,1240,59031,306000000,1728000
1791128384.1560,4960,1224,59093,306000000,1728000
1791128384.2061,4960,1232,58937,306000000,1728000
1791128384.2562,4960,1224,59031,306000000,1728000
1791128384.3063,4960,1224,59218,306000000,1728000
1791128384.3563,4960,1216,58937,306000000,1728000
1791128384.4064,4960,1216,59187,306000000,1728000
1791128384.4565,4960,1232,59000,306000000,1728000
1791128384.5066,4960,1224,59031,306000000,1728000
1791128384.5567,4960,1232,58968,306000000,1728000
1791128384.6068,4960,1224,59093,306000000,1728000
1791128384.6568,4960,1224,58937,306000000,1728000
1791128384.7069,4960,1216,59062,306000000,1728000
1791128384.7570,4960,1224,59187,306000000,1728000
1791128384.8071,4960,1232,59031,306000000,1728000
1791128384.8571,4960,1224,59125,306000000,1728000
1791128384.9072,4960,1224,58968,306000000,1728000
1791128384.9573,4960,1216,59062,306000000,1728000
1791128385.0074,4960,1240,58968,306000000,1344000
1791128385.0575,4960,1232,59031,306000000,1728000
1791128385.1076,4960,1240,58937,306000000,1728000
1791128385.1576,4960,1240,58937,306000000,1728000
1791128385.2077,4960,1232,59093,306000000,1728000
1791128385.2578,4960,1240,58968,306000000,1728000
1791128385.3079,4960,1224,59125,306000000,1728000
1791128385.3579,4960,1232,58968,306000000,1728000
1791128385.4080,4960,1224,59093,306000000,1728000
1791128385.4581,4960,1224,58937,306000000,1728000
1791128385.5082,4960,1224,59000,306000000,1728000
1791128385.5583,4960,1232,58968,306000000,1113600
1791128385.6084,4960,1232,59031,306000000,1728000
1791128385.6584,4960,1232,59062,306000000,1728000
1791128385.7085,4960,1232,58968,306000000,1728000
1791128385.7586,4960,1232,59062,306000000,1728000
1791128385.8087,4960,1224,58968,306000000,1728000
1791128385.8587,4960,1224,58968,306000000,1728000
1791128385.9088,4960,1224,58906,306000000,1728000
1791128385.9589,4960,1216,59031,306000000,1728000
1791128386.0090,4960,1216,58937,306000000,1728000
1791128386.0591,4960,1224,59000,306000000,1728000
1791128386.1092,4960,1224,59031,306000000,1728000
1791128386.1593,4960,1232,58968,306000000,1728000
1791128386.2094,4960,1232,59031,306000000,1728000
1791128386.2594,4960,1240,58937,306000000,1728000
1791128386.3095,4960,1224,59000,306000000,1728000
1791128386.3596,4960,1232,58968,306000000,1728000
1791128386.4097,4960,1224,58968,306000000,1728000
1791128386.4598,4960,1232,58937,306000000,1728000
1791128386.5098,4960,1224,59000,306000000,1728000
1791128386.5599,4960,1224,59062,306000000,1728000
1791128386.6100,4960,1224,58968,306000000,1728000
1791128386.6601,4960,1224,59031,306000000,1728000
1791128386.7102,4960,1232,58875,306000000,1728000
1791128386.7603,4960,1232,59125,306000000,1728000
1791128386.8104,4960,1232,58875,306000000,1728000
1791128386.8604,4960,1232,58937,306000000,1728000
1791128386.9105,4960,1224,58937,306000000,1728000
1791128386.9606,4960,1224,59000,306000000,1728000
1791128387.0107,4960,1232,59000,306000000,1728000
1791128387.0608,4960,1224,58937,306000000,1728000
1791128387.1109,4960,1216,58937,306000000,1728000
1791128387.1610,4960,1216,58843,306000000,1728000
1791128387.2111,4960,1224,58937,306000000,729600
1791128387.2612,4960,1240,58906,306000000,1728000
1791128387.3113,4960,1224,58937,306000000,1728000
1791128387.3613,4960,1232,58875,306000000,1728000
1791128387.4114,4960,1232,58937,306000000,1728000
1791128387.4615,4960,1232,58875,306000000,1728000
1791128387.5116,4960,1232,58937,306000000,1728000
1791128387.5616,4960,1224,58937,306000000,1728000
1791128387.6117,4960,1232,58843,306000000,1728000
1791128387.6618,4960,1232,58937,306000000,1728000
1791128387.7119,4960,1232,58906,306000000,1728000
1791128387.7620,4960,1224,58937,306000000,1728000
1791128387.8121,4960,1240,58781,306000000,1728000
1791128387.8621,4960,1248,58937,306000000,1728000
1791128387.9122,4960,1240,58875,306000000,1728000
1791128387.9623,4960,1240,58812,306000000,1728000
1791128388.0124,4960,1232,59031,306000000,1728000
1791128388.0624,4960,1240,58843,306000000,1728000
1791128388.1125,4960,1224,58937,306000000,1728000
1791128388.1626,4960,1232,58875,306000000,1728000
1791128388.2127,4960,1232,58937,306000000,1728000
1791128388.2628,4960,1224,58843,306000000,1728000
1791128388.3128,4960,1232,58937,306000000,1728000
1791128388.3629,4960,1240,58781,306000000,1728000
1791128388.4130,4960,1240,58812,306000000,1728000
1791128388.4631,4960,1232,58937,306000000,1728000
1791128388.5131,4960,1232,58843,306000000,1728000
1791128388.5632,4960,1224,58937,306000000,1728000
1791128388.6133,4960,1232,58875,306000000,1728000
1791128388.6634,4960,1224,58906,306000000,1728000
1791128388.7134,4960,1232,58843,306000000,1728000
1791128388.7635,4960,1224,58906,306000000,1728000
1791128388.8136,4960,1232,58812,306000000,1728000
1791128388.8637,4960,1224,58875,306000000,1728000
1791128388.9138,4960,1232,58937,306000000,1728000
1791128388.9639,4960,1232,58875,306000000,1728000
1791128389.0140,4960,1240,58875,306000000,1728000
1791128389.0640,4960,1240,58781,306000000,1728000
1791128389.1141,4960,1232,58906,306000000,1728000
1791128389.1642,4960,1240,58781,306000000,1728000
1791128389.2143,4960,1224,58812,306000000,1728000
1791128389.2644,4960,1232,58843,306000000,1728000
1791128389.3145,4960,1224,58781,306000000,1728000
1791128389.3645,4960,1232,58906,306000000,1728000
1791128389.4146,4960,1224,58781,306000000,1728000
1791128389.4647,4960,1232,58812,306000000,1728000
1791128389.5148,4960,1232,58781,306000000,1728000
1791128389.5649,4960,1240,58843,306000000,1728000
1791128389.6150,4960,1232,58750,306000000,1728000
1791128389.6651,4960,1232,58750,306000000,1728000
1791128389.7151,4960,1224,58718,306000000,1728000
1791128389.7652,4960,1232,58843,306000000,1728000
1791128389.8153,4960,1216,58843,306000000,1728000
1791128389.8654,4960,1224,58718,306000000,1728000
1791128389.9155,4960,1216,58812,306000000,1728000
1791128389.9655,4960,1216,58781,306000000,1728000
1791128390.0156,4960,1224,58875,306000000,1728000
1791128390.0657,4960,1232,58781,306000000,1728000
1791128390.1158,4960,1240,58656,306000000,1728000
1791128390.1659,4960,1232,58812,306000000,1728000
1791128390.2160,4960,1232,58812,306000000,1728000
1791128390.2661,4960,1224,58906,306000000,1728000
1791128390.3162,4960,1224,58625,306000000,1728000
1791128390.3662,4960,1216,58843,306000000,1728000
1791128390.4163,4960,1216,58781,306000000,1728000
1791128390.4664,4960,1216,58875,306000000,1728000
1791128390.5164,4960,1216,58718,306000000,1728000
1791128390.5665,4960,1232,58687,306000000,1728000
1791128390.6166,4960,1264,58750,306000000,1728000
1791128390.6667,4960,1272,58812,306000000,1728000
1791128390.7168,4960,1272,58875,306000000,1728000
1791128390.7669,4960,1272,58656,306000000,1728000
1791128390.8169,4960,1272,58906,306000000,1728000
1791128390.8670,4960,1264,58687,306000000,1728000
1791128390.9171,4960,1264,58843,306000000,1728000
1791128390.9672,4960,1248,58687,306000000,1728000
1791128391.0172,4960,1256,58718,306000000,1728000
1791128391.0673,4960,1248,58593,306000000,1728000
1791128391.1174,4960,1240,58656,306000000,1728000
1791128391.1675,4960,1264,58625,306000000,1344000
1791128391.2176,4960,1256,58718,306000000,1728000
1791128391.2676,4960,1256,58843,306000000,1728000
1791128391.3177,4960,1240,58656,306000000,1728000
1791128391.3678,4960,1248,58906,306000000,1728000
1791128391.4179,4960,1240,58625,306000000,1728000
1791128391.4680,4960,1240,58656,306000000,1728000
1791128391.5180,4960,1232,58593,306000000,1728000
1791128391.5681,4960,1240,58781,306000000,1728000
1791128391.6182,4960,1232,58625,306000000,1728000
1791128391.6683,4960,1232,58718,306000000,1728000
1791128391.7184,4960,1248,58750,306000000,883200
1791128391.7685,4960,1240,58687,306000000,1728000
1791128391.8186,4960,1248,58656,306000000,1728000
1791128391.8687,4960,1248,58656,306000000,1728000
1791128391.9187,4960,1240,58625,306000000,1728000
1791128391.9688,4960,1240,58593,306000000,1728000
1791128392.0189,4960,1232,58750,306000000,1728000
1791128392.0690,4960,1240,58593,306000000,1728000
1791128392.1190,4960,1240,58625,306000000,1728000
1791128392.1691,4960,1232,58750,306000000,1728000
1791128392.2192,4960,1232,58656,306000000,1728000
1791128392.2693,4960,1232,58781,306000000,1728000
1791128392.3194,4960,1248,58687,306000000,1728000
1791128392.3695,4960,1240,58718,306000000,1728000
1791128392.4196,4960,1240,58656,306000000,1728000
1791128392.4696,4960,1232,58750,306000000,1728000
1791128392.5197,4960,1232,58531,306000000,1728000
1791128392.5698,4960,1224,58562,306000000,1728000
1791128392.6199,4960,1232,58718,306000000,1728000
1791128392.6700,4960,1216,58625,306000000,1728000
1791128392.7200,4960,1224,58781,306000000,1728000
1791128392.7701,4960,1216,58593,306000000,1728000
1791128392.8202,4960,1224,58625,306000000,1190400
1791128392.8703,4960,1240,58593,306000000,1728000
1791128392.9204,4960,1232,58625,306000000,1728000
1791128392.9705,4960,1224,58562,306000000,1728000
1791128393.0205,4960,1232,58687,306000000,1728000
1791128393.0706,4960,1224,58750,306000000,1728000
1791128393.1207,4960,1224,58625,306000000,1728000
1791128393.1708,4960,1224,58656,306000000,1728000
1791128393.2209,4960,1224,58562,306000000,1728000
1791128393.2709,4960,1224,58625,306000000,1728000
1791128393.3210,4960,1216,58500,306000000,1728000
1791128393.3711,4960,1224,58656,306000000,1728000
1791128393.4212,4960,1232,58531,306000000,1728000
1791128393.4713,4960,1240,58593,306000000,1728000
1791128393.5214,4960,1232,58687,306000000,1728000
1791128393.5714,4960,1232,58593,306000000,1728000
1791128393.6215,4960,1232,58687,306000000,1728000
1791128393.6716,4960,1232,58562,306000000,1728000
1791128393.7217,4960,1224,58687,306000000,1728000
1791128393.7718,4960,1224,58531,306000000,1728000
1791128393.8219,4960,1224,58562,306000000,1728000
1791128393.8719,4960,1224,58562,306000000,1728000
1791128393.9220,4960,1224,58625,306000000,1728000
1791128393.9721,4960,1232,58750,306000000,1190400
1791128394.0222,4960,1240,58593,306000000,1728000
1791128394.0723,4960,1232,58687,306000000,1728000
1791128394.1224,4960,1232,58625,306000000,1728000
1791128394.1724,4960,1224,58625,306000000,1728000
1791128394.2225,4960,1232,58531,306000000,1728000
1791128394.2726,4960,1224,58562,306000000,1728000
1791128394.3227,4960,1232,58500,306000000,1728000
1791128394.3728,4960,1224,58593,306000000,1728000
1791128394.4228,4960,1224,58718,306000000,1728000
1791128394.4729,4960,1216,58562,306000000,1728000
1791128394.5230,4960,1232,58656,306000000,1420800
1791128394.5731,4960,1232,58531,306000000,1728000
1791128394.6232,4960,1232,58593,306000000,1728000
1791128394.6733,4960,1232,58562,306000000,1728000
1791128394.7233,4960,1232,58656,306000000,1728000
1791128394.7734,4960,1224,58531,306000000,1728000
1791128394.8235,4960,1232,58531,306000000,1728000
1791128394.8736,4960,1216,58687,306000000,1728000
1791128394.9237,4960,1224,58562,306000000,1728000
1791128394.9737,4960,1224,58562,306000000,1728000
1791128395.0238,4960,1224,58468,306000000,1728000
1791128395.0739,4960,1232,58531,306000000,1728000
1791128395.1240,4960,1232,58500,306000000,1728000
1791128395.1741,4960,1240,58500,306000000,1728000
1791128395.2242,4960,1224,58562,306000000,1728000
1791128395.2742,4960,1232,58468,306000000,1728000
1791128395.3243,4960,1224,58625,306000000,1728000
1791128395.3744,4960,1216,58500,306000000,1728000
1791128395.4245,4960,1224,58718,306000000,1728000
1791128395.4746,4960,1224,58500,306000000,1728000
1791128395.5247,4960,1216,58562,306000000,1728000
1791128395.5747,4960,1224,58437,306000000,1728000
1791128395.6249,4960,1232,58593,306000000,1190400
1791128395.6749,4960,1240,58437,306000000,1728000
1791128395.7250,4960,1232,58500,306000000,1728000
1791128395.7751,4960,1232,58468,306000000,1728000
1791128395.8252,4960,1224,58437,306000000,1728000
1791128395.8753,4960,1232,58625,306000000,1728000
1791128395.9254,4960,1224,58437,306000000,1728000
1791128395.9754,4960,1224,58531,306000000,1728000
1791128396.0255,4960,1224,58468,306000000,1728000
1791128396.0756,4960,1224,58437,306000000,1728000
1791128396.1257,4960,1216,58437,306000000,1728000
1791128396.1758,4960,1216,58468,306000000,1728000
1791128396.2259,4960,1232,58437,306000000,1728000
1791128396.2760,4960,1232,58593,306000000,1728000
1791128396.3260,4960,1224,58562,306000000,1728000
1791128396.3761,4960,1232,58531,306000000,1728000
1791128396.4262,4960,1224,58562,306000000,1728000
1791128396.4763,4960,1224,58437,306000000,1728000
1791128396.5264,4960,1232,58500,306000000,1728000
1791128396.5765,4960,1224,58406,306000000,1728000
1791128396.6265,4960,1224,58437,306000000,1728000
1791128396.6766,4960,1216,58437,306000000,1728000
1791128396.7267,4960,1216,58437,306000000,1728000
1791128396.7768,4960,1224,58531,306000000,1728000
1791128396.8269,4960,1232,58406,306000000,1728000
1791128396.8770,4960,1232,58625,306000000,1728000
1791128396.9271,4960,1224,58437,306000000,1728000
1791128396.9771,4960,1224,58468,306000000,1728000
1791128397.0272,4960,1224,58468,306000000,1728000
1791128397.0773,4960,1224,58500,306000000,1728000
1791128397.1274,4960,1224,58437,306000000,1728000
1791128397.1775,4960,1216,58437,306000000,1728000
1791128397.2275,4960,1216,58562,306000000,1728000
1791128397.2776,4960,1216,58437,306000000,1728000
1791128397.3277,4960,1224,58562,306000000,1728000
1791128397.3778,4960,1232,58437,306000000,1728000
1791128397.4279,4960,1224,58500,306000000,1728000
1791128397.4780,4960,1224,58406,306000000,1728000
1791128397.5281,4960,1216,58437,306000000,1728000
1791128397.5781,4960,1224,58406,306000000,1728000
1791128397.6282,4960,1216,58437,306000000,1728000
1791128397.6783,4960,1224,58500,306000000,1728000
1791128397.7284,4960,1208,58375,306000000,1728000
1791128397.7785,4960,1216,58437,306000000,1728000
1791128397.8285,4960,1208,58375,306000000,1728000
1791128397.8786,4960,1224,58468,306000000,1728000
1791128397.9287,4960,1224,58406,306000000,1728000
1791128397.9788,4960,1232,58312,306000000,1728000
1791128398.0289,4960,1232,58375,306000000,1728000
1791128398.0790,4960,1232,58406,306000000,1728000
1791128398.1291,4960,1232,58531,306000000,1728000
1791128398.1791,4960,1224,58406,306000000,1728000
1791128398.2292,4960,1232,58562,306000000,1728000
1791128398.2793,4960,1224,58437,306000000,1728000
1791128398.3294,4960,1224,58500,306000000,1728000
1791128398.3795,4960,1224,58343,306000000,1728000
1791128398.4296,4960,1224,58437,306000000,1728000
1791128398.4797,4960,1224,58406,306000000,1728000
1791128398.5298,4960,1232,58437,306000000,1728000
1791128398.5799,4960,1232,58437,306000000,1728000
1791128398.6299,4960,1232,58312,306000000,1728000
1791128398.6800,4960,1224,58562,306000000,1728000
1791128398.7301,4960,1224,58343,306000000,1728000
1791128398.7802,4960,1232,58531,306000000,1728000
1791128398.8302,4960,1216,58375,306000000,1728000
1791128398.8803,4960,1224,58437,306000000,1728000
1791128398.9304,4960,1224,58406,306000000,1728000
1791128398.9805,4960,1224,58468,306000000,1113600
1791128399.0305,4960,1240,58375,306000000,1728000
1791128399.0806,4960,1232,58375,306000000,1728000
1791128399.1307,4960,1240,58437,306000000,1728000
1791128399.1808,4960,1232,58375,306000000,1728000
1791128399.2309,4960,1232,58500,306000000,1728000
1791128399.2809,4960,1224,58281,306000000,1728000
1791128399.3311,4960,1232,58437,306000000,1728000
1791128399.3811,4960,1232,58343,306000000,1728000
1791128399.4312,4960,1224,58281,306000000,1728000
1791128399.4813,4960,1232,58406,306000000,1728000
1791128399.5314,4960,1224,58343,306000000,1728000
1791128399.5815,4960,1232,58468,306000000,1728000
1791128399.6316,4960,1232,58281,306000000,1728000
1791128399.6817,4960,1240,58437,306000000,1728000
1791128399.7317,4960,1224,58281,306000000,1728000
1791128399.7818,4960,1224,58437,306000000,1728000
1791128399.8319,4960,1224,58250,306000000,1728000
1791128399.8820,4960,1216,58343,306000000,1728000
1791128399.9321,4960,1216,58312,306000000,1728000
1791128399.9821,4960,1208,58312,306000000,1728000
1791128400.0322,4960,1216,58375,306000000,1728000
1791128400.0823,4960,1208,58281,306000000,1728000
1791128400.1324,4960,1216,58406,306000000,1728000
1791128400.1825,4960,1224,58250,306000000,1728000
1791128400.2326,4960,1224,58343,306000000,1728000
1791128400.2826,4960,1224,58312,306000000,1728000
1791128400.3327,4960,1224,58406,306000000,1728000
1791128400.3828,4960,1216,58281,306000000,1728000
1791128400.4329,4960,1224,58343,306000000,1728000
1791128400.4830,4960,1216,58343,306000000,1728000
1791128400.5331,4960,1224,58312,306000000,1728000
1791128400.5831,4960,1216,58437,306000000,1728000
1791128400.6332,4960,1224,58375,306000000,1728000
1791128400.6833,4960,1232,58343,306000000,1344000
1791128400.7334,4960,1232,58343,306000000,1728000
1791128400.7835,4960,1240,58312,306000000,1728000
1791128400.8336,4960,1232,58281,306000000,1728000
1791128400.8837,4960,1232,58312,306000000,1728000
1791128400.9337,4960,1232,58375,306000000,1728000
1791128400.9838,4960,1232,58343,306000000,1728000
1791128401.0339,4960,1232,58343,306000000,1728000
1791128401.0840,4960,1224,58375,306000000,1728000
1791128401.1341,4960,1216,58218,306000000,1728000
1791128401.1841,4960,1224,58250,306000000,1728000
1791128401.2342,4960,1224,58375,306000000,1728000
1791128401.2843,4960,1240,58281,306000000,1728000
1791128401.3344,4960,1232,58406,306000000,1728000
1791128401.3845,4960,1232,58437,306000000,1728000
1791128401.4346,4960,1224,58312,306000000,1728000
1791128401.4847,4960,1232,58406,306000000,1728000
1791128401.5348,4960,1216,58250,306000000,1728000
1791128401.5849,4960,1216,58312,306000000,1728000
1791128401.6350,4960,1216,58281,306000000,1728000
1791128401.6850,4960,1224,58312,306000000,1728000
1791128401.7351,4960,1216,58218,306000000,1728000
1791128401.7852,4960,1224,58375,306000000,1728000
1791128401.8353,4960,1232,58437,306000000,1728000
1791128401.8854,4960,1240,58281,306000000,1728000
1791128401.9355,4960,1232,58375,306000000,1728000
1791128401.9855,4960,1232,58281,306000000,1728000
1791128402.0356,4960,1216,58250,306000000,1728000
1791128402.0857,4960,1224,58187,306000000,1728000
1791128402.1358,4960,1216,58250,306000000,1728000
1791128402.1858,4960,1224,58187,306000000,1728000
1791128402.2359,4960,1216,58281,306000000,1728000
1791128402.2860,4960,1216,58312,306000000,1728000
1791128402.3361,4960,1216,58250,306000000,1728000
1791128402.3862,4960,1224,58343,306000000,1728000
1791128402.4363,4960,1232,58156,306000000,729600
1791128402.4864,4960,1232,58343,306000000,1728000
1791128402.5365,4960,1224,58187,306000000,1728000
1791128402.5866,4960,1232,58281,306000000,729600
1791128402.6366,4960,1232,58187,306000000,1728000
1791128402.6867,4960,1224,58250,306000000,1728000
1791128402.7368,4960,1232,58312,306000000,1728000
1791128402.7869,4960,1224,58218,306000000,1728000
1791128402.8370,4960,1224,58375,306000000,1728000
1791128402.8871,4960,1224,58156,306000000,1728000
1791128402.9372,4960,1232,58281,306000000,1267200
1791128402.9873,4960,1232,58218,306000000,1728000
1791128403.0374,4960,1232,58218,306000000,1728000
1791128403.0874,4960,1232,58218,306000000,1728000
1791128403.1375,4960,1224,58250,306000000,1728000
1791128403.1876,4960,1224,58093,306000000,1728000
1791128403.2377,4960,1224,58218,306000000,1728000
1791128403.2878,4960,1216,58375,306000000,1728000
1791128403.3379,4960,1216,58125,306000000,1728000
1791128403.3879,4960,1208,58312,306000000,1728000
1791128403.4380,4960,1208,58093,306000000,1728000
1791128403.4881,4960,1216,58187,306000000,1728000
1791128403.5382,4960,1240,58125,306000000,1728000
1791128403.5883,4960,1224,58187,306000000,1728000
1791128403.6384,4960,1232,58125,306000000,1728000
1791128403.6885,4960,1224,58218,306000000,1728000
1791128403.7386,4960,1224,58218,306000000,1728000
1791128403.7887,4960,1216,58218,306000000,1728000
1791128403.8388,4960,1224,58312,306000000,1728000
1791128403.8888,4960,1216,58187,306000000,1728000
1791128403.9389,4960,1216,58187,306000000,1728000
1791128403.9890,4960,1208,58156,306000000,1728000
1791128404.0391,4960,1224,58125,306000000,1267200
1791128404.0892,4960,1224,58187,306000000,1728000
1791128404.1393,4960,1232,58187,306000000,1728000
1791128404.1893,4960,1224,58343,306000000,1728000
1791128404.2394,4960,1224,58156,306000000,1728000
1791128404.2895,4960,1232,58281,306000000,1728000
1791128404.3396,4960,1224,58125,306000000,1728000
1791128404.3897,4960,1232,58187,306000000,1728000
1791128404.4397,4960,1224,58093,306000000,1728000
1791128404.4898,4960,1224,58250,306000000,1728000
1791128404.5399,4960,1216,58125,306000000,1728000
1791128404.5900,4960,1224,58187,306000000,1190400
1791128404.6401,4960,1240,58250,306000000,1728000
1791128404.6902,4960,1240,58187,306000000,1728000
1791128404.7403,4960,1240,58281,306000000,1728000
1791128404.7904,4960,1232,58093,306000000,1728000
1791128404.8405,4960,1232,58156,306000000,1728000
1791128404.8905,4960,1224,58156,306000000,1728000
1791128404.9406,4960,1232,58125,306000000,1728000
1791128404.9907,4960,1232,58093,306000000,1728000
1791128405.0408,4960,1224,58156,306000000,1728000
1791128405.0909,4960,1232,58125,306000000,1728000
1791128405.1410,4960,1224,58125,306000000,1728000
1791128405.1911,4960,1240,58312,306000000,1344000
1791128405.2412,4960,1232,58125,306000000,1728000
1791128405.2912,4960,1240,58281,306000000,1728000
1791128405.3413,4960,1232,58093,306000000,1728000
1791128405.3914,4960,1232,58156,306000000,1728000
1791128405.4415,4960,1224,58093,306000000,1728000
1791128405.4916,4960,1224,58125,306000000,1728000
1791128405.5417,4960,1216,58312,306000000,1728000
1791128405.5917,4960,1224,58125,306000000,1728000
1791128405.6418,4960,1216,58250,306000000,1728000
1791128405.6919,4960,1224,58062,306000000,1728000
1791128405.7420,4960,1224,58218,306000000,1728000
1791128405.7921,4960,1232,58031,306000000,1728000
1791128405.8422,4960,1224,58125,306000000,1728000
1791128405.8923,4960,1232,58062,306000000,1728000
1791128405.9423,4960,1224,58093,306000000,1728000
1791128405.9924,4960,1224,58031,306000000,1728000
1791128406.0425,4960,1224,58125,306000000,1728000
1791128406.0926,4960,1224,58187,306000000,1728000
1791128406.1427,4960,1224,58062,306000000,1728000
1791128406.1928,4960,1224,58281,306000000,1728000
1791128406.2428,4960,1224,57968,306000000,1728000
1791128406.2929,4960,1224,58156,306000000,1728000
1791128406.3431,4960,1232,58031,306000000,1728000
1791128406.3932,4960,1224,58125,306000000,1728000
1791128406.4432,4960,1232,58125,306000000,1728000
1791128406.4933,4960,1232,58062,306000000,1728000
1791128406.5434,4960,1232,58187,306000000,1728000
1791128406.5935,4960,1224,58031,306000000,1728000
1791128406.6436,4960,1248,58187,306000000,1728000
1791128406.6937,4960,1264,58000,306000000,1728000
1791128406.7438,4960,1272,58125,306000000,1728000
1791128406.7939,4960,1272,57968,306000000,1728000
1791128406.8439,4960,1280,58125,306000000,1728000
1791128406.8941,4960,1280,57968,306000000,1728000
1791128406.9441,4960,1272,58031,306000000,1728000
1791128406.9942,4960,1264,58156,306000000,1728000
1791128407.0443,4960,1264,58062,306000000,1728000
1791128407.0944,4960,1248,58156,306000000,1728000
1791128407.1445,4960,1248,57968,306000000,1728000
1791128407.1946,4960,1240,58062,306000000,1728000
1791128407.2446,4960,1240,58031,306000000,1728000
1791128407.2947,4960,1232,58093,306000000,1728000
1791128407.3448,4960,1232,58093,306000000,1728000
1791128407.3949,4960,1224,57968,306000000,1113600
1791128407.4450,4960,1248,58218,306000000,1728000
1791128407.4951,4960,1232,58000,306000000,1728000
1791128407.5452,4960,1232,58125,306000000,1728000
1791128407.5953,4960,1232,58062,306000000,1728000
1791128407.6454,4960,1232,58062,306000000,1728000
1791128407.6954,4960,1224,57937,306000000,1728000
1791128407.7455,4960,1232,58062,306000000,1728000
1791128407.7956,4960,1224,57937,306000000,1728000
1791128407.8457,4960,1224,58062,306000000,1728000
1791128407.8958,4960,1216,58156,306000000,1728000
1791128407.9458,4960,1224,58031,306000000,1728000
1791128407.9959,4960,1224,58187,306000000,1728000
1791128408.0460,4960,1224,58031,306000000,1728000
1791128408.0961,4960,1224,58125,306000000,1728000
1791128408.1462,4960,1224,57968,306000000,1728000
1791128408.1963,4960,1224,58062,306000000,1728000
1791128408.2464,4960,1216,57937,306000000,1728000
1791128408.2964,4960,1216,58125,306000000,1728000
1791128408.3465,4960,1216,58125,306000000,1728000
1791128408.3966,4960,1216,58031,306000000,1728000
1791128408.4467,4960,1216,58187,306000000,1728000
1791128408.4968,4960,1216,57968,306000000,1728000
1791128408.5469,4960,1224,58125,306000000,1728000
1791128408.5970,4960,1232,57968,306000000,1728000
1791128408.6471,4960,1232,57968,306000000,1728000
1791128408.6971,4960,1232,57875,306000000,1728000
1791128408.7472,4960,1232,58031,306000000,1728000
1791128408.7973,4960,1224,58093,306000000,1728000
1791128408.8474,4960,1232,57937,306000000,1728000
1791128408.8975,4960,1224,58125,306000000,1728000
1791128408.9476,4960,1224,58000,306000000,1728000
1791128408.9976,4960,1216,58000,306000000,1728000
1791128409.0477,4960,1224,57968,306000000,1728000
1791128409.0978,4960,1224,57937,306000000,1728000
1791128409.1479,4960,1240,58000,306000000,1728000
1791128409.1980,4960,1224,58031,306000000,1728000
1791128409.2481,4960,1232,57968,306000000,1728000
1791128409.2982,4960,1224,57968,306000000,1728000
1791128409.3482,4960,1232,58125,306000000,1728000
1791128409.3983,4960,1216,58000,306000000,1728000
1791128409.4484,4960,1224,58093,306000000,1728000
1791128409.4985,4960,1216,57968,306000000,1728000
1791128409.5486,4960,1224,57968,306000000,1728000
1791128409.5987,4960,1216,57906,306000000,1728000
1791128409.6488,4960,1224,58031,306000000,1728000
1791128409.6988,4960,1232,57843,306000000,1728000
1791128409.7489,4960,1232,57968,306000000,1728000
1791128409.7990,4960,1232,58093,306000000,1728000
1791128409.8491,4960,1232,57906,306000000,1728000
1791128409.8992,4960,1216,58031,306000000,1728000
1791128409.9492,4960,1224,57968,306000000,1728000
1791128409.9993,4960,1224,57968,306000000,1728000
1791128410.0494,4960,1224,57906,306000000,1728000
1791128410.0995,4960,1224,58000,306000000,1728000
1791128410.1495,4960,1216,57906,306000000,1728000
1791128410.1996,4960,1232,58000,306000000,1113600
1791128410.2498,4960,1232,58093,306000000,1728000
1791128410.2999,4960,1240,57843,306000000,1728000
1791128410.3499,4960,1240,58062,306000000,1728000
1791128410.4000,4960,1232,57843,306000000,1728000
1791128410.4501,4960,1240,58000,306000000,1728000
1791128410.5002,4960,1232,57843,306000000,1728000
1791128410.5503,4960,1232,57906,306000000,1728000
1791128410.6004,4960,1232,57906,306000000,1728000
1791128410.6505,4960,1224,57968,306000000,729600
1791128410.7006,4960,1232,57968,306000000,1728000
1791128410.7507,4960,1224,57968,306000000,1728000
1791128410.8008,4960,1248,58156,306000000,1728000
1791128410.8509,4960,1248,57968,306000000,1728000
1791128410.9010,4960,1248,57968,306000000,1728000
1791128410.9511,4960,1240,57937,306000000,1728000
1791128411.0012,4960,1240,57968,306000000,1728000
1791128411.0513,4960,1240,57781,306000000,1728000
1791128411.1013,4960,1232,57906,306000000,1728000
1791128411.1515,4960,1240,57843,306000000,1728000
1791128411.2015,4960,1248,57875,306000000,883200
1791128411.2517,4960,1240,58031,306000000,1728000
1791128411.3017,4960,1240,57906,306000000,1728000
1791128411.3518,4960,1256,58031,306000000,1728000
1791128411.4019,4960,1264,57875,306000000,1728000
1791128411.4520,4960,1264,57843,306000000,1728000
1791128411.5022,4960,1256,57843,306000000,883200
1791128411.5523,4960,1256,57906,306000000,1728000
1791128411.6024,4960,1256,57781,306000000,1728000
1791128411.6525,4960,1248,57843,306000000,1728000
1791128411.7026,4960,1248,58000,306000000,1728000
1791128411.7527,4960,1232,57781,306000000,1728000
1791128411.8028,4960,1240,57968,306000000,1728000
1791128411.8529,4960,1232,57781,306000000,1728000
1791128411.9031,4960,1240,57875,306000000,1728000
1791128411.9532,4960,1256,57812,306000000,1728000
1791128412.0032,4960,1248,57937,306000000,960000
1791128412.0533,4960,1248,57750,306000000,1728000
1791128412.1034,4960,1256,57875,306000000,1728000
1791128412.1535,4960,1248,58000,306000000,1728000
1791128412.2036,4960,1240,57812,306000000,1728000
1791128412.2537,4960,1240,57968,306000000,1728000
1791128412.3038,4960,1240,57781,306000000,1728000
1791128412.3539,4960,1240,57906,306000000,1728000
1791128412.4040,4960,1240,57750,306000000,729600
1791128412.4541,4960,1240,57968,306000000,1728000
1791128412.5042,4960,1256,57781,306000000,1728000
1791128412.5543,4960,1264,57906,306000000,1728000
1791128412.6044,4960,1256,57875,306000000,1728000
1791128412.6545,4960,1256,57906,306000000,1728000
1791128412.7046,4960,1256,57937,306000000,1728000
1791128412.7547,4960,1248,57812,306000000,729600
1791128412.8048,4960,1248,57937,306000000,1728000
1791128412.8549,4960,1248,57781,306000000,1728000
1791128412.9050,4960,1256,57781,306000000,1728000
1791128412.9551,4960,1256,57718,306000000,1728000
1791128413.0052,4960,1248,57812,306000000,1190400
1791128413.0553,4960,1264,57812,306000000,1420800
1791128413.1053,4960,1264,57812,306000000,1728000
1791128413.1554,4960,1264,57968,306000000,1728000
1791128413.2055,4960,1264,57781,306000000,1728000
1791128413.2556,4960,1256,57968,306000000,1728000
1791128413.3057,4960,1256,57750,306000000,1728000
1791128413.3558,4960,1264,57875,306000000,806400
1791128413.4059,4960,1248,57750,306000000,1728000
1791128413.4560,4960,1248,57843,306000000,1728000
1791128413.5060,4960,1248,57781,306000000,1728000
1791128413.5561,4960,1248,57875,306000000,1728000
1791128413.6062,4960,1264,57968,306000000,1728000
1791128413.6563,4960,1264,57781,306000000,1728000
1791128413.7064,4960,1272,57937,306000000,1728000
1791128413.7565,4960,1272,57718,306000000,1728000
1791128413.8066,4960,1264,57843,306000000,1728000
1791128413.8567,4960,1264,57718,306000000,1728000
1791128413.9068,4960,1264,57875,306000000,1728000
1791128413.9569,4960,1248,57750,306000000,729600
1791128414.0070,4960,1248,57812,306000000,806400
1791128414.0570,4960,1248,58000,306000000,1728000
1791128414.1071,4960,1240,57906,306000000,1728000
1791128414.1572,4960,1256,57968,306000000,1728000
1791128414.2073,4960,1264,57750,306000000,806400
1791128414.2574,4960,1256,57812,306000000,806400
1791128414.3075,4960,1256,57812,306000000,1728000
1791128414.3576,4960,1256,57906,306000000,1728000
1791128414.4077,4960,1248,57750,306000000,1728000
1791128414.4578,4960,1240,57812,306000000,1728000
1791128414.5079,4960,1240,57906,306000000,1728000
1791128414.5580,4960,1248,57781,306000000,1728000
1791128414.6081,4960,1240,57875,306000000,1728000
1791128414.6582,4960,1240,57781,306000000,1728000
1791128414.7083,4960,1256,57875,306000000,1728000
1791128414.7584,4960,1272,57781,306000000,1728000
1791128414.8085,4960,1264,57781,306000000,1728000
1791128414.8586,4960,1264,57687,306000000,1728000
1791128414.9087,4960,1256,57812,306000000,1728000
1791128414.9588,4960,1256,57656,306000000,1728000
1791128415.0088,4960,1248,57687,306000000,1728000
1791128415.0589,4960,1248,57875,306000000,1728000
1791128415.1090,4960,1240,57656,306000000,1728000
1791128415.1591,4960,1248,57843,306000000,1728000
1791128415.2092,4960,1248,57625,306000000,1728000
1791128415.2593,4960,1248,57812,306000000,1728000
1791128415.3094,4960,1272,57718,306000000,1267200
1791128415.3595,4960,1264,57750,306000000,1728000
1791128415.4096,4960,1264,57625,306000000,1728000
1791128415.4597,4960,1264,57718,306000000,1728000
1791128415.5098,4960,1264,57906,306000000,1728000
1791128415.5599,4960,1256,57750,306000000,1728000
1791128415.6100,4960,1256,57906,306000000,1728000
1791128415.6601,4960,1248,57656,306000000,1728000
1791128415.7102,4960,1256,57750,306000000,806400
1791128415.7603,4960,1240,57687,306000000,1728000
1791128415.8104,4960,1248,57750,306000000,1728000
1791128415.8605,4960,1264,57593,306000000,1728000
1791128415.9106,4960,1264,57687,306000000,1728000
1791128415.9606,4960,1256,57843,306000000,1728000
1791128416.0107,4960,1256,57718,306000000,1728000
1791128416.0608,4960,1264,57843,306000000,1728000
1791128416.1109,4960,1248,57718,306000000,1728000
1791128416.1610,4960,1248,57812,306000000,1728000
1791128416.2111,4960,1240,57687,306000000,1728000
1791128416.2611,4960,1240,57718,306000000,1728000
1791128416.3112,4960,1232,57593,306000000,1728000
1791128416.3613,4960,1232,57625,306000000,1728000
1791128416.4114,4960,1240,57906,306000000,1267200
1791128416.4615,4960,1240,57531,306000000,1728000
1791128416.5116,4960,1232,57812,306000000,1728000
1791128416.5617,4960,1232,57593,306000000,1728000
1791128416.6118,4960,1232,57687,306000000,1728000
1791128416.6618,4960,1232,57687,306000000,1728000
1791128416.7119,4960,1232,57750,306000000,1728000
1791128416.7620,4960,1224,57656,306000000,1728000
1791128416.8121,4960,1232,57687,306000000,1728000
1791128416.8622,4960,1224,57750,306000000,1728000
1791128416.9123,4960,1232,57656,306000000,1728000
1791128416.9624,4960,1240,57781,306000000,1728000
1791128417.0125,4960,1240,57593,306000000,1728000
1791128417.0626,4960,1248,57781,306000000,1728000
1791128417.1127,4960,1240,57562,306000000,1728000
1791128417.1628,4960,1240,57687,306000000,1728000
1791128417.2129,4960,1240,57625,306000000,1728000
1791128417.2630,4960,1232,57718,306000000,1728000
1791128417.3131,4960,1240,57593,306000000,1728000
1791128417.3631,4960,1232,57656,306000000,1728000
1791128417.4132,4960,1232,57843,306000000,1728000
1791128417.4633,4960,1240,57625,306000000,1728000
1791128417.5134,4960,1240,57781,306000000,1728000
1791128417.5635,4960,1256,57625,306000000,1728000
1791128417.6136,4960,1256,57656,306000000,1728000
1791128417.6637,4960,1256,57562,306000000,1728000
1791128417.7139,4960,1248,57656,306000000,729600
1791128417.7639,4960,1248,57531,306000000,1728000
1791128417.8140,4960,1248,57625,306000000,1728000
1791128417.8641,4960,1240,57718,306000000,1728000
1791128417.9142,4960,1232,57625,306000000,729600
1791128417.9643,4960,1232,57750,306000000,1728000
1791128418.0144,4960,1240,57687,306000000,1728000
1791128418.0645,4960,1240,57656,306000000,1728000
1791128418.1147,4960,1264,57531,306000000,1344000
1791128418.1647,4960,1256,57625,306000000,1728000
1791128418.2148,4960,1256,57593,306000000,729600
1791128418.2649,4960,1248,57593,306000000,1728000
1791128418.3150,4960,1248,57750,306000000,1728000
1791128418.3651,4960,1248,57656,306000000,1728000
1791128418.4152,4960,1240,57718,306000000,1728000
1791128418.4653,4960,1240,57562,306000000,1728000
1791128418.5154,4960,1232,57687,306000000,1728000
1791128418.5655,4960,1240,57500,306000000,1728000
1791128418.6156,4960,1232,57687,306000000,1728000
1791128418.6657,4960,1256,57562,306000000,1728000
1791128418.7158,4960,1256,57625,306000000,1728000
1791128418.7659,4960,1264,57718,306000000,1728000
1791128418.8160,4960,1264,57562,306000000,1728000
1791128418.8661,4960,1256,57687,306000000,729600
1791128418.9162,4960,1256,57656,306000000,1728000
1791128418.9663,4960,1256,57656,306000000,1728000
1791128419.0164,4960,1240,57531,306000000,1728000
1791128419.0665,4960,1248,57562,306000000,1728000
1791128419.1166,4960,1248,57562,306000000,1728000
1791128419.1667,4960,1256,57593,306000000,1728000
1791128419.2167,4960,1272,57718,306000000,1728000
1791128419.2669,4960,1272,57562,306000000,806400
1791128419.3169,4960,1272,57656,306000000,1728000
1791128419.3671,4960,1272,57593,306000000,1728000
1791128419.4172,4960,1272,57718,306000000,1728000
1791128419.4672,4960,1272,57562,306000000,1728000
1791128419.5173,4960,1264,57656,306000000,1728000
1791128419.5674,4960,1264,57562,306000000,1728000
1791128419.6175,4960,1256,57593,306000000,1728000
1791128419.6676,4960,1256,57468,306000000,1728000
1791128419.7177,4960,1256,57562,306000000,806400
1791128419.7678,4960,1256,57656,306000000,1267200
1791128419.8179,4960,1264,57500,306000000,1728000
1791128419.8680,4960,1264,57656,306000000,1728000
1791128419.9181,4960,1264,57593,306000000,1728000
1791128419.9682,4960,1256,57593,306000000,1728000
1791128420.0183,4960,1256,57562,306000000,1728000
1791128420.0684,4960,1256,57531,306000000,1728000
1791128420.1185,4960,1256,57562,306000000,1728000
1791128420.1686,4960,1248,57593,306000000,1728000
1791128420.2186,4960,1248,57750,306000000,1728000
1791128420.2687,4960,1240,57531,306000000,1728000
1791128420.3188,4960,1248,57656,306000000,1344000
1791128420.3689,4960,1264,57531,306000000,1728000
1791128420.4190,4960,1264,57500,306000000,883200
1791128420.4691,4960,1256,57593,306000000,1728000
1791128420.5192,4960,1256,57500,306000000,1728000
1791128420.5693,4960,1256,57531,306000000,1728000
1791128420.6194,4960,1264,57593,306000000,1728000
1791128420.6695,4960,1256,57750,306000000,1728000
1791128420.7196,4960,1256,57500,306000000,1728000
1791128420.7697,4960,1240,57656,306000000,1728000
1791128420.8198,4960,1240,57562,306000000,1728000
1791128420.8699,4960,1240,57625,306000000,1728000
1791128420.9200,4960,1256,57500,306000000,883200
1791128420.9701,4960,1256,57531,306000000,1728000
1791128421.0202,4960,1264,57500,306000000,1728000
1791128421.0702,4960,1248,57500,306000000,1728000
1791128421.1203,4960,1256,57500,306000000,1728000
1791128421.1704,4960,1256,57500,306000000,1728000
1791128421.2205,4960,1248,57656,306000000,1728000
1791128421.2706,4960,1248,57531,306000000,1728000
1791128421.3206,4960,1232,57562,306000000,1728000
1791128421.3707,4960,1240,57500,306000000,1728000
1791128421.4208,4960,1224,57562,306000000,1728000
1791128421.4708,4960,1240,57500,306000000,1728000
1791128421.5209,4960,1240,57593,306000000,1728000
1791128421.5711,4960,1240,57593,306000000,1728000
1791128421.6211,4960,1232,57531,306000000,1728000
1791128421.6712,4960,1232,57562,306000000,1728000
1791128421.7213,4960,1232,57500,306000000,1728000
1791128421.7714,4960,1232,57593,306000000,1728000
1791128421.8215,4960,1216,57468,306000000,1728000
1791128421.8716,4960,1224,57625,306000000,1728000
1791128421.9216,4960,1216,57500,306000000,1728000
1791128421.9717,4960,1224,57593,306000000,1728000
1791128422.0218,4960,1224,57531,306000000,1728000
1791128422.0719,4960,1240,57531,306000000,1728000
1791128422.1220,4960,1240,57593,306000000,1728000
1791128422.1721,4960,1232,57468,306000000,1728000
1791128422.2221,4960,1232,57625,306000000,1728000
1791128422.2722,4960,1224,57468,306000000,1728000
1791128422.3223,4960,1224,57531,306000000,1728000
1791128422.3724,4960,1224,57468,306000000,1728000
1791128422.4225,4960,1216,57500,306000000,1728000
1791128422.4725,4960,1216,57718,306000000,1728000
1791128422.5226,4960,1208,57500,306000000,1728000
1791128422.5727,4960,1224,57531,306000000,1728000
1791128422.6228,4960,1232,57468,306000000,1728000
1791128422.6729,4960,1232,57593,306000000,1728000
1791128422.7230,4960,1216,57468,306000000,1728000
1791128422.7731,4960,1224,57468,306000000,1728000
1791128422.8231,4960,1216,57468,306000000,1728000
1791128422.8732,4960,1224,57562,306000000,1728000
1791128422.9233,4960,1224,57468,306000000,1728000
1791128422.9734,4960,1224,57468,306000000,1728000
1791128423.0234,4960,1224,57625,306000000,1728000
1791128423.0735,4960,1216,57468,306000000,1728000
1791128423.1236,4960,1232,57531,306000000,1728000
1791128423.1737,4960,1240,57468,306000000,1728000
1791128423.2238,4960,1240,57500,306000000,1728000
1791128423.2739,4960,1240,57437,306000000,1728000
1791128423.3239,4960,1232,57468,306000000,1728000
1791128423.3740,4960,1232,57468,306000000,1728000
1791128423.4241,4960,1224,57468,306000000,1728000
1791128423.4742,4960,1224,57656,306000000,1728000
1791128423.5243,4960,1216,57468,306000000,1728000
1791128423.5743,4960,1216,57656,306000000,1728000
1791128423.6244,4960,1216,57437,306000000,1728000
1791128423.6745,4960,1224,57500,306000000,1728000
1791128423.7246,4960,1232,57406,306000000,729600
1791128423.7747,4960,1232,57500,306000000,1728000
1791128423.8248,4960,1224,57468,306000000,1728000
1791128423.8748,4960,1232,57468,306000000,1728000
1791128423.9249,4960,1224,57593,306000000,1728000
1791128423.9750,4960,1224,57500,306000000,1728000
1791128424.0251,4960,1224,57593,306000000,1728000
1791128424.0752,4960,1216,57468,306000000,1728000
1791128424.1253,4960,1216,57468,306000000,1728000
1791128424.1754,4960,1224,57437,306000000,1728000
1791128424.2254,4960,1224,57500,306000000,1728000
1791128424.2755,4960,1240,57468,306000000,1728000
1791128424.3256,4960,1240,57468,306000000,1728000
1791128424.3757,4960,1248,57625,306000000,1728000
1791128424.4258,4960,1264,57531,306000000,1728000
1791128424.4759,4960,1272,57625,306000000,1728000
1791128424.5259,4960,1272,57468,306000000,1728000
1791128424.5760,4960,1280,57593,306000000,1728000
1791128424.6261,4960,1264,57406,306000000,1728000
1791128424.6762,4960,1264,57468,306000000,1728000
1791128424.7262,4960,1264,57468,306000000,1728000
1791128424.7763,4960,1256,57500,306000000,1728000
1791128424.8264,4960,1264,57625,306000000,1728000
1791128424.8765,4960,1264,57468,306000000,1728000
1791128424.9266,4960,1264,57500,306000000,1728000
1791128424.9767,4960,1264,57468,306000000,1728000
1791128425.0267,4960,1256,57468,306000000,1728000
1791128425.0768,4960,1256,57468,306000000,1728000
1791128425.1269,4960,1248,57468,306000000,1728000
1791128425.1770,4960,1240,57437,306000000,1728000
1791128425.2271,4960,1240,57468,306000000,1728000
1791128425.2771,4960,1240,57500,306000000,1728000
1791128425.3272,4960,1240,57437,306000000,1728000
1791128425.3773,4960,1240,57562,306000000,1113600
1791128425.4274,4960,1232,57406,306000000,1728000
1791128425.4775,4960,1240,57531,306000000,1728000
1791128425.5275,4960,1232,57437,306000000,1728000
1791128425.5776,4960,1232,57531,306000000,1728000
1791128425.6277,4960,1224,57406,306000000,1728000
1791128425.6778,4960,1232,57437,306000000,1728000
1791128425.7279,4960,1216,57625,306000000,1728000
1791128425.7779,4960,1224,57500,306000000,1728000
1791128425.8280,4960,1216,57531,306000000,1728000
1791128425.8781,4960,1216,57437,306000000,1728000
1791128425.9282,4960,1224,57500,306000000,1728000
1791128425.9783,4960,1224,57437,306000000,1728000
1791128426.0284,4960,1224,57500,306000000,1728000
1791128426.0784,4960,1216,57406,306000000,1728000
1791128426.1285,4960,1224,57468,306000000,729600
1791128426.1786,4960,1232,57500,306000000,1728000
1791128426.2287,4960,1232,57437,306000000,1728000
1791128426.2788,4960,1224,57562,306000000,1728000
1791128426.3288,4960,1232,57406,306000000,1728000
1791128426.3789,4960,1232,57468,306000000,1728000
1791128426.4290,4960,1224,57406,306000000,1728000
1791128426.4791,4960,1240,57468,306000000,1267200
1791128426.5292,4960,1248,57406,306000000,1728000
1791128426.5793,4960,1240,57437,306000000,1728000
1791128426.6294,4960,1240,57437,306000000,1728000
1791128426.6795,4960,1240,57343,306000000,1728000
1791128426.7295,4960,1232,57468,306000000,1728000
1791128426.7796,4960,1232,57468,306000000,1728000
1791128426.8297,4960,1240,57468,306000000,1728000
1791128426.8798,4960,1224,57343,306000000,1728000
1791128426.9299,4960,1232,57468,306000000,1728000
1791128426.9800,4960,1232,57312,306000000,1728000
1791128427.0301,4960,1232,57406,306000000,1728000
1791128427.0802,4960,1248,57406,306000000,729600
1791128427.1302,4960,1240,57468,306000000,1728000
1791128427.1803,4960,1240,57625,306000000,1728000
1791128427.2304,4960,1232,57437,306000000,1728000
1791128427.2805,4960,1240,57437,306000000,1728000
1791128427.3306,4960,1240,57406,306000000,1728000
1791128427.3806,4960,1232,57468,306000000,1728000
1791128427.4307,4960,1232,57343,306000000,1728000
1791128427.4808,4960,1224,57468,306000000,1728000
1791128427.5309,4960,1232,57312,306000000,1728000
1791128427.5810,4960,1224,57375,306000000,1113600
1791128427.6311,4960,1232,57500,306000000,1420800
1791128427.6812,4960,1232,57468,306000000,1728000
1791128427.7312,4960,1232,57500,306000000,1728000
1791128427.7813,4960,1224,57343,306000000,1728000
1791128427.8314,4960,1232,57468,306000000,1728000
1791128427.8815,4960,1232,57406,306000000,1728000
1791128427.9316,4960,1232,57406,306000000,1728000
1791128427.9816,4960,1216,57343,306000000,1728000
1791128428.0317,4960,1224,57468,306000000,1728000
1791128428.0818,4960,1216,57531,306000000,1728000
1791128428.1319,4960,1224,57343,306000000,1728000
1791128428.1820,4960,1224,57500,306000000,1728000
1791128428.2321,4960,1240,57343,306000000,1728000
1791128428.2822,4960,1224,57468,306000000,1728000
1791128428.3322,4960,1232,57375,306000000,1728000
1791128428.3823,4960,1224,57437,306000000,1728000
1791128428.4324,4960,1232,57343,306000000,1728000
1791128428.4825,4960,1216,57406,306000000,1728000
1791128428.5326,4960,1224,57500,306000000,1728000
1791128428.5827,4960,1216,57343,306000000,1728000
1791128428.6328,4960,1224,57531,306000000,1728000
1791128428.6828,4960,1216,57406,306000000,1728000
1791128428.7329,4960,1224,57468,306000000,1728000
1791128428.7831,4960,1240,57343,306000000,1728000
1791128428.8331,4960,1232,57437,306000000,1728000
1791128428.8832,4960,1232,57343,306000000,1728000
1791128428.9333,4960,1224,57406,306000000,1728000
1791128428.9834,4960,1232,57281,306000000,1728000
1791128429.0335,4960,1224,57343,306000000,1728000
1791128429.0836,4960,1224,57468,306000000,1728000
1791128429.1336,4960,1216,57281,306000000,1728000
1791128429.1837,4960,1224,57468,306000000,1728000
1791128429.2338,4960,1224,57281,306000000,1728000
1791128429.2839,4960,1224,57375,306000000,1728000
1791128429.3340,4960,1240,57281,306000000,1728000
1791128429.3841,4960,1248,57375,306000000,1728000
1791128429.4342,4960,1240,57343,306000000,1728000
1791128429.4843,4960,1240,57375,306000000,1728000
1791128429.5343,4960,1232,57437,306000000,1728000
1791128429.5844,4960,1232,57437,306000000,1728000
1791128429.6345,4960,1224,57468,306000000,1728000
1791128429.6846,4960,1232,57312,306000000,1728000
1791128429.7347,4960,1224,57375,306000000,1728000
1791128429.7848,4960,1224,57250,306000000,1728000
1791128429.8349,4960,1224,57406,306000000,1113600
1791128429.8849,4960,1240,57250,306000000,729600
1791128429.9350,4960,1224,57343,306000000,1728000
1791128429.9851,4960,1232,57375,306000000,1728000
1791128430.0352,4960,1224,57343,306000000,1728000
1791128430.0853,4960,1232,57437,306000000,1728000
1791128430.1353,4960,1224,57281,306000000,1728000
1791128430.1854,4960,1224,57375,306000000,1728000
1791128430.2355,4960,1216,57250,306000000,1728000
1791128430.2856,4960,1224,57406,306000000,1728000
1791128430.3357,4960,1216,57250,306000000,1728000
1791128430.3857,4960,1216,57343,306000000,1728000
1791128430.4358,4960,1240,57468,306000000,1728000
1791128430.4859,4960,1224,57312,306000000,1728000
1791128430.5360,4960,1232,57375,306000000,1728000
1791128430.5860,4960,1224,57281,306000000,1728000
1791128430.6361,4960,1232,57343,306000000,1728000
1791128430.6862,4960,1216,57312,306000000,1728000
1791128430.7363,4960,1216,57406,306000000,1728000
1791128430.7864,4960,1216,57281,306000000,1728000
1791128430.8364,4960,1224,57281,306000000,1728000
1791128430.8865,4960,1216,57406,306000000,1728000
1791128430.9366,4960,1216,57250,306000000,1728000
1791128430.9867,4960,1232,57343,306000000,1190400
1791128431.0368,4960,1232,57312,306000000,1728000
1791128431.0869,4960,1224,57343,306000000,1728000
1791128431.1370,4960,1232,57250,306000000,1728000
1791128431.1871,4960,1216,57343,306000000,1728000
1791128431.2371,4960,1224,57187,306000000,1728000
1791128431.2872,4960,1232,57281,306000000,1728000
1791128431.3373,4960,1216,57187,306000000,1728000
1791128431.3874,4960,1224,57281,306000000,1728000
1791128431.4374,4960,1224,57468,306000000,1728000
1791128431.4875,4960,1224,57187,306000000,1728000
1791128431.5376,4960,1232,57281,306000000,1728000
1791128431.5877,4960,1240,57250,306000000,1728000
1791128431.6378,4960,1232,57343,306000000,1728000
1791128431.6879,4960,1232,57187,306000000,1728000
1791128431.7379,4960,1224,57281,306000000,1728000
1791128431.7880,4960,1224,57156,306000000,1728000
1791128431.8381,4960,1232,57250,306000000,1728000
1791128431.8881,4960,1224,57406,306000000,1728000
1791128431.9382,4960,1232,57250,306000000,1728000
1791128431.9883,4960,1224,57343,306000000,1728000
1791128432.0383,4960,1224,57281,306000000,1728000
1791128432.0884,4960,1232,57312,306000000,1728000
1791128432.1385,4960,1240,57250,306000000,1728000
1791128432.1886,4960,1240,57250,306000000,1728000
1791128432.2387,4960,1232,57187,306000000,1728000
1791128432.2888,4960,1232,57281,306000000,1728000
1791128432.3389,4960,1224,57375,306000000,1728000
1791128432.3890,4960,1232,57250,306000000,1728000
1791128432.4390,4960,1216,57312,306000000,1728000
1791128432.4891,4960,1224,57281,306000000,1728000
1791128432.5392,4960,1216,57281,306000000,1728000
1791128432.5893,4960,1224,57187,306000000,1728000
1791128432.6394,4960,1216,57250,306000000,1728000
1791128432.6895,4960,1240,57218,306000000,729600
1791128432.7396,4960,1232,57218,306000000,1728000
1791128432.7897,4960,1232,57406,306000000,1728000
1791128432.8397,4960,1232,57187,306000000,1728000
1791128432.8898,4960,1224,57312,306000000,1728000
1791128432.9399,4960,1232,57218,306000000,1728000
1791128432.9900,4960,1224,57250,306000000,1728000
1791128433.0401,4960,1224,57187,306000000,1728000
1791128433.0901,4960,1224,57250,306000000,1728000
1791128433.1402,4960,1224,57250,306000000,1728000
1791128433.1903,4960,1216,57250,306000000,1190400
1791128433.2404,4960,1232,57375,306000000,1728000
1791128433.2905,4960,1224,57218,306000000,1728000
1791128433.3406,4960,1224,57375,306000000,1728000
1791128433.3907,4960,1224,57156,306000000,1728000
1791128433.4408,4960,1224,57250,306000000,1728000
1791128433.4908,4960,1224,57218,306000000,1728000
1791128433.5409,4960,1216,57312,306000000,1728000
1791128433.5910,4960,1216,57125,306000000,1728000
1791128433.6411,4960,1216,57187,306000000,1728000
1791128433.6911,4960,1216,57156,306000000,1728000
1791128433.7412,4960,1216,57250,306000000,1728000
1791128433.7913,4960,1224,57343,306000000,1267200
1791128433.8414,4960,1224,57156,306000000,1728000
1791128433.8915,4960,1216,57312,306000000,1728000
1791128433.9415,4960,1224,57218,306000000,1728000
1791128433.9916,4960,1216,57218,306000000,1728000
1791128434.0417,4960,1224,57218,306000000,1728000
1791128434.0918,4960,1208,57187,306000000,1728000
1791128434.1419,4960,1216,57187,306000000,1728000
1791128434.1919,4960,1224,57156,306000000,1728000
1791128434.2420,4960,1216,57343,306000000,1728000
1791128434.2921,4960,1216,57250,306000000,1728000
1791128434.3422,4960,1224,57250,306000000,1497600
1791128434.3923,4960,1224,57125,306000000,1728000
1791128434.4423,4960,1224,57250,306000000,1728000
1791128434.4924,4960,1224,57062,306000000,1728000
1791128434.5425,4960,1224,57125,306000000,1728000
1791128434.5926,4960,1208,57125,306000000,1728000
1791128434.6427,4960,1216,57156,306000000,1728000
1791128434.6928,4960,1208,57250,306000000,1728000
1791128434.7428,4960,1216,57187,306000000,1728000
1791128434.7929,4960,1208,57250,306000000,1728000
1791128434.8430,4960,1216,57125,306000000,1728000
1791128434.8931,4960,1216,57250,306000000,1728000
1791128434.9432,4960,1232,57125,306000000,1728000
1791128434.9933,4960,1232,57187,306000000,1728000
1791128435.0434,4960,1224,57093,306000000,1728000
1791128435.0934,4960,1224,57281,306000000,1728000
1791128435.1435,4960,1216,57375,306000000,1728000
1791128435.1936,4960,1224,57125,306000000,1728000
1791128435.2437,4960,1216,57218,306000000,1728000
1791128435.2938,4960,1224,57156,306000000,1728000
1791128435.3438,4960,1216,57156,306000000,1728000
1791128435.3939,4960,1216,57031,306000000,1728000
1791128435.4440,4960,1216,57218,306000000,1728000
1791128435.4941,4960,1232,57062,306000000,1728000
1791128435.5442,4960,1224,57156,306000000,1728000
1791128435.5943,4960,1224,57281,306000000,1728000
1791128435.6444,4960,1224,57093,306000000,1728000
1791128435.6944,4960,1224,57218,306000000,1728000
1791128435.7445,4960,1224,57031,306000000,1728000
1791128435.7946,4960,1216,57187,306000000,1728000
1791128435.8447,4960,1224,57125,306000000,1728000
1791128435.8947,4960,1208,57187,306000000,1728000
1791128435.9448,4960,1216,57062,306000000,1728000
1791128435.9949,4960,1216,57156,306000000,1190400
1791128436.0450,4960,1232,57031,306000000,1728000
1791128436.0951,4960,1216,57062,306000000,1728000
1791128436.1452,4960,1224,57218,306000000,1728000
1791128436.1952,4960,1224,57218,306000000,1728000
1791128436.2453,4960,1224,57187,306000000,1728000
1791128436.2954,4960,1216,57062,306000000,1728000
1791128436.3455,4960,1216,57125,306000000,1728000
1791128436.3956,4960,1216,57031,306000000,1728000
1791128436.4456,4960,1208,57187,306000000,1728000
1791128436.4957,4960,1208,57031,306000000,1728000
1791128436.5458,4960,1200,57125,306000000,1728000
1791128436.5959,4960,1216,57281,306000000,1728000
1791128436.6460,4960,1216,57062,306000000,1728000
1791128436.6961,4960,1216,57156,306000000,1728000
1791128436.7462,4960,1216,57125,306000000,1728000
1791128436.7963,4960,1216,57125,306000000,1728000
1791128436.8463,4960,1216,57031,306000000,1728000
1791128436.8964,4960,1216,57031,306000000,1728000
1791128436.9465,4960,1216,57000,306000000,1728000
1791128436.9966,4960,1216,57031,306000000,1728000
1791128437.0466,4960,1216,57156,306000000,1728000
1791128437.0967,4960,1216,57125,306000000,1728000
1791128437.1468,4960,1224,57218,306000000,1267200
1791128437.1969,4960,1224,57062,306000000,1728000
1791128437.2470,4960,1232,57187,306000000,1728000
1791128437.2971,4960,1232,57000,306000000,1728000
1791128437.3472,4960,1224,57062,306000000,1728000
1791128437.3972,4960,1224,57000,306000000,1728000
1791128437.4473,4960,1224,57031,306000000,1728000
1791128437.4974,4960,1224,57218,306000000,1728000
1791128437.5475,4960,1224,57125,306000000,1728000
1791128437.5976,4960,1216,57250,306000000,1728000
1791128437.6477,4960,1224,57031,306000000,1728000
1791128437.6977,4960,1216,57062,306000000,1728000
1791128437.7478,4960,1232,57031,306000000,1728000
1791128437.7979,4960,1232,57000,306000000,1728000
1791128437.8480,4960,1224,57000,306000000,1728000
1791128437.8981,4960,1232,57062,306000000,1728000
1791128437.9482,4960,1232,57250,306000000,1728000
1791128437.9983,4960,1232,57093,306000000,1728000
1791128438.0483,4960,1224,57187,306000000,1728000
1791128438.0984,4960,1224,57031,306000000,1728000
1791128438.1485,4960,1216,57156,306000000,1728000
1791128438.1986,4960,1224,57031,306000000,1728000
1791128438.2487,4960,1216,57156,306000000,1728000
1791128438.2988,4960,1240,57031,306000000,1728000
1791128438.3488,4960,1232,57093,306000000,1728000
1791128438.3989,4960,1232,57000,306000000,1728000
1791128438.4490,4960,1224,57062,306000000,1728000
1791128438.4991,4960,1224,57093,306000000,1728000
1791128438.5492,4960,1216,57031,306000000,1728000
1791128438.5992,4960,1216,57093,306000000,1728000
1791128438.6493,4960,1216,57000,306000000,1728000
1791128438.6994,4960,1216,57031,306000000,1728000
1791128438.7495,4960,1216,57031,306000000,1728000
1791128438.7996,4960,1208,57000,306000000,1728000
1791128438.8497,4960,1232,56968,306000000,1728000
1791128438.8997,4960,1224,57000,306000000,1728000
1791128438.9498,4960,1224,57062,306000000,1728000
1791128438.9999,4960,1216,57000,306000000,1728000
1791128439.0500,4960,1224,57093,306000000,1728000
1791128439.1001,4960,1208,57000,306000000,1728000
1791128439.1501,4960,1216,57062,306000000,1728000
1791128439.2002,4960,1208,57000,306000000,1728000
1791128439.2503,4960,1216,57000,306000000,1728000
1791128439.3004,4960,1208,56968,306000000,1728000
1791128439.3505,4960,1216,57000,306000000,1728000
1791128439.4006,4960,1216,57000,306000000,1728000
1791128439.4506,4960,1224,57031,306000000,1728000
1791128439.5007,4960,1232,57031,306000000,1728000
1791128439.5508,4960,1224,56968,306000000,1728000
1791128439.6009,4960,1232,57093,306000000,1728000
1791128439.6510,4960,1224,56906,306000000,1728000
1791128439.7011,4960,1224,57031,306000000,1728000
1791128439.7511,4960,1216,56906,306000000,1728000
1791128439.8012,4960,1224,57062,306000000,1728000
1791128439.8513,4960,1216,57187,306000000,1728000
1791128439.9014,4960,1216,57000,306000000,1728000
1791128439.9515,4960,1216,57062,306000000,1728000
1791128440.0016,4960,1232,57000,306000000,1728000
1791128440.0517,4960,1224,57093,306000000,1728000
1791128440.1017,4960,1224,56937,306000000,1728000
1791128440.1518,4960,1216,57031,306000000,1728000
1791128440.2019,4960,1224,56875,306000000,1728000
1791128440.2520,4960,1216,57031,306000000,1728000
1791128440.3021,4960,1224,57156,306000000,1728000
1791128440.3522,4960,1216,57000,306000000,1728000
1791128440.4023,4960,1216,57156,306000000,1728000
1791128440.4524,4960,1224,56968,306000000,1728000
1791128440.5025,4960,1232,57031,306000000,1728000
1791128440.5526,4960,1248,56968,306000000,1728000
1791128440.6027,4960,1248,57125,306000000,1728000
1791128440.6528,4960,1248,57000,306000000,1728000
1791128440.7029,4960,1256,57000,306000000,1728000
1791128440.7529,4960,1248,57000,306000000,1728000
1791128440.8031,4960,1248,57000,306000000,1728000
1791128440.8532,4960,1248,57125,306000000,1728000
1791128440.9033,4960,1248,57000,306000000,1728000
1791128440.9534,4960,1240,57000,306000000,729600
1791128441.0034,4960,1240,57000,306000000,1728000
1791128441.0535,4960,1248,57031,306000000,1728000
1791128441.1036,4960,1264,56968,306000000,1728000
1791128441.1538,4960,1256,56968,306000000,806400
1791128441.2038,4960,1256,56937,306000000,1728000
1791128441.2539,4960,1256,56937,306000000,1728000
1791128441.3040,4960,1248,57031,306000000,1728000
1791128441.3541,4960,1248,57000,306000000,1728000
1791128441.4042,4960,1248,57000,306000000,1728000
1791128441.4543,4960,1240,56937,306000000,1728000
1791128441.5044,4960,1240,57000,306000000,1728000
1791128441.5545,4960,1232,56906,306000000,1728000
1791128441.6046,4960,1240,56968,306000000,1728000
1791128441.6547,4960,1256,56937,306000000,1420800
1791128441.7048,4960,1256,57031,306000000,1728000
1791128441.7549,4960,1248,57000,306000000,1728000
1791128441.8050,4960,1256,56937,306000000,1728000
1791128441.8551,4960,1240,57000,306000000,1728000
1791128441.9052,4960,1240,56906,306000000,1728000
1791128441.9553,4960,1240,57000,306000000,1728000
1791128442.0054,4960,1232,56906,306000000,1728000
1791128442.0555,4960,1240,57000,306000000,1728000
1791128442.1056,4960,1232,56906,306000000,1728000
1791128442.1557,4960,1232,57000,306000000,1728000
1791128442.2058,4960,1248,57156,306000000,1728000
1791128442.2559,4960,1248,56937,306000000,1728000
1791128442.3059,4960,1248,57000,306000000,1728000
1791128442.3560,4960,1256,56968,306000000,1728000
1791128442.4061,4960,1248,57000,306000000,729600
1791128442.4562,4960,1240,56937,306000000,1728000
1791128442.5063,4960,1232,57031,306000000,729600
1791128442.5564,4960,1232,56875,306000000,1728000
1791128442.6065,4960,1224,57000,306000000,729600
1791128442.6566,4960,1232,57125,306000000,1728000
1791128442.7067,4960,1224,56937,306000000,1728000
1791128442.7568,4960,1240,57062,306000000,1728000
1791128442.8069,4960,1248,56875,306000000,883200
1791128442.8570,4960,1240,57031,306000000,1728000
1791128442.9071,4960,1240,56875,306000000,1728000
1791128442.9572,4960,1232,56937,306000000,806400
1791128443.0073,4960,1232,56906,306000000,1728000
1791128443.0574,4960,1240,56937,306000000,1728000
1791128443.1075,4960,1224,56906,306000000,729600
1791128443.1576,4960,1232,56968,306000000,1728000
1791128443.2077,4960,1232,57000,306000000,1728000
1791128443.2578,4960,1232,56906,306000000,729600
1791128443.3079,4960,1232,57000,306000000,1728000
1791128443.3580,4960,1256,56968,306000000,1728000
1791128443.4081,4960,1256,56906,306000000,806400
1791128443.4582,4960,1248,56968,306000000,729600
1791128443.5083,4960,1248,57000,306000000,1728000
1791128443.5584,4960,1248,56906,306000000,1728000
1791128443.6085,4960,1248,57000,306000000,1728000
1791128443.6586,4960,1240,57062,306000000,1728000
1791128443.7087,4960,1240,56843,306000000,1728000
1791128443.7588,4960,1248,57000,306000000,1728000
1791128443.8089,4960,1232,56875,306000000,1728000
1791128443.8590,4960,1240,57000,306000000,1728000
1791128443.9091,4960,1264,56937,306000000,1728000
1791128443.9592,4960,1256,57000,306000000,1728000
1791128444.0093,4960,1256,56937,306000000,1728000
1791128444.0594,4960,1256,56937,306000000,1728000
1791128444.1095,4960,1256,57000,306000000,1728000
1791128444.1596,4960,1248,56906,306000000,1728000
1791128444.2096,4960,1248,57000,306000000,1728000
1791128444.2597,4960,1248,56937,306000000,1728000
1791128444.3098,4960,1240,57062,306000000,1728000
1791128444.3599,4960,1248,56812,306000000,1728000
1791128444.4100,4960,1248,56937,306000000,1728000
1791128444.4601,4960,1264,56843,306000000,1728000
1791128444.5102,4960,1264,56906,306000000,1728000
1791128444.5603,4960,1264,57000,306000000,1728000
1791128444.6104,4960,1248,56875,306000000,729600
1791128444.6605,4960,1248,57000,306000000,1728000
1791128444.7106,4960,1248,56812,306000000,1728000
1791128444.7607,4960,1240,56968,306000000,1728000
1791128444.8108,4960,1248,56906,306000000,1728000
1791128444.8608,4960,1248,56812,306000000,1728000
1791128444.9109,4960,1240,56843,306000000,806400
1791128444.9610,4960,1240,56875,306000000,1728000
1791128445.0111,4960,1248,57031,306000000,1728000
1791128445.0612,4960,1248,56843,306000000,1728000
1791128445.1113,4960,1256,57000,306000000,1728000
1791128445.1614,4960,1248,56812,306000000,1728000
1791128445.2115,4960,1248,57062,306000000,1728000
1791128445.2616,4960,1248,56875,306000000,1728000
1791128445.3117,4960,1248,56875,306000000,1728000
1791128445.3618,4960,1248,56750,306000000,1728000
1791128445.4119,4960,1248,56906,306000000,1728000
1791128445.4619,4960,1256,56812,306000000,1728000
1791128445.5120,4960,1256,56843,306000000,1728000
1791128445.5621,4960,1256,57000,306000000,1728000
1791128445.6123,4960,1264,56875,306000000,1728000
1791128445.6623,4960,1264,56968,306000000,1728000
1791128445.7124,4960,1272,56906,306000000,806400
1791128445.7625,4960,1256,56968,306000000,1728000
1791128445.8126,4960,1256,56781,306000000,1728000
1791128445.8627,4960,1248,56875,306000000,1728000
1791128445.9128,4960,1248,56812,306000000,1728000
1791128445.9629,4960,1248,56906,306000000,1728000
1791128446.0130,4960,1248,57000,306000000,1728000
1791128446.0631,4960,1240,56906,306000000,1728000
1791128446.1132,4960,1248,56937,306000000,1728000
1791128446.1634,4960,1264,57000,306000000,1728000
1791128446.2135,4960,1256,56968,306000000,1728000
1791128446.2636,4960,1264,56781,306000000,1728000
1791128446.3137,4960,1264,56875,306000000,1728000
1791128446.3638,4960,1256,56781,306000000,1728000
1791128446.4139,4960,1256,56812,306000000,1728000
1791128446.4640,4960,1256,57000,306000000,1728000
1791128446.5141,4960,1256,56843,306000000,1728000
1791128446.5642,4960,1248,57000,306000000,1728000
1791128446.6143,4960,1256,56750,306000000,1728000
1791128446.6644,4960,1256,56937,306000000,1190400
1791128446.7145,4960,1272,56843,306000000,1344000
1791128446.7646,4960,1264,56906,306000000,1728000
1791128446.8147,4960,1272,56812,306000000,1728000
1791128446.8648,4960,1272,56812,306000000,1728000
1791128446.9149,4960,1272,56937,306000000,1728000
1791128446.9649,4960,1256,56843,306000000,1728000
1791128447.0151,4960,1256,57000,306000000,1728000
1791128447.0652,4960,1248,56781,306000000,1728000
1791128447.1152,4960,1248,56875,306000000,806400
1791128447.1653,4960,1248,56750,306000000,1728000
1791128447.2154,4960,1240,56875,306000000,1113600
1791128447.2655,4960,1256,56750,306000000,1728000
1791128447.3156,4960,1264,56843,306000000,1728000
1791128447.3657,4960,1264,57062,306000000,806400
1791128447.4158,4960,1256,56906,306000000,729600
1791128447.4659,4960,1256,56937,306000000,1728000
1791128447.5160,4960,1248,56781,306000000,1728000
1791128447.5661,4960,1248,56906,306000000,1728000
1791128447.6162,4960,1248,56781,306000000,806400
1791128447.6663,4960,1240,56906,306000000,1728000
1791128447.7164,4960,1240,56812,306000000,1728000
1791128447.7665,4960,1240,56750,306000000,1728000
1791128447.8165,4960,1256,56812,306000000,1420800
1791128447.8666,4960,1256,56906,306000000,1728000
1791128447.9167,4960,1264,56968,306000000,1728000
1791128447.9668,4960,1264,56843,306000000,729600
1791128448.0169,4960,1256,56906,306000000,1728000
1791128448.0670,4960,1256,56812,306000000,1728000
1791128448.1171,4960,1256,56843,306000000,806400
1791128448.1672,4960,1240,56718,306000000,1267200
1791128448.2173,4960,1240,56781,306000000,1728000
1791128448.2674,4960,1248,56781,306000000,1728000
1791128448.3175,4960,1248,56781,306000000,1728000
1791128448.3675,4960,1256,57375,306000000,1728000
1791128448.4176,4960,1264,56812,306000000,1728000
1791128448.4677,4960,1256,56968,306000000,1728000
1791128448.5178,4960,1264,56812,306000000,1728000
1791128448.5679,4960,1280,56906,306000000,1728000
1791128448.6180,4960,1288,56750,306000000,1036800
1791128448.6681,4960,1280,56812,306000000,1728000
1791128448.7182,4960,1280,56718,306000000,1728000
1791128448.7683,4960,1288,56812,306000000,1728000
1791128448.8184,4960,1280,57000,306000000,1728000
1791128448.8685,4960,1280,56875,306000000,1728000
1791128448.9186,4960,1272,56968,306000000,1190400
1791128448.9687,4960,1280,56750,306000000,1728000
1791128449.0188,4960,1288,56750,306000000,1728000
1791128449.0688,4960,1280,56687,306000000,1728000
1791128449.1190,4960,1272,56781,306000000,1728000
1791128449.1690,4960,1272,56750,306000000,1728000
1791128449.2191,4960,1264,56781,306000000,1728000
1791128449.2692,4960,1256,57000,306000000,1728000
1791128449.3193,4960,1256,56718,306000000,1728000
1791128449.3694,4960,1248,56875,306000000,1728000
1791128449.4195,4960,1248,56781,306000000,1728000
1791128449.4696,4960,1240,56812,306000000,1728000
1791128449.5197,4960,1264,56687,306000000,1728000
1791128449.5698,4960,1264,56843,306000000,1728000
1791128449.6199,4960,1272,56718,306000000,1728000
1791128449.6700,4960,1256,56812,306000000,1728000
1791128449.7201,4960,1256,57000,306000000,1728000
1791128449.7702,4960,1264,56843,306000000,1728000
1791128449.8202,4960,1256,56875,306000000,1728000
1791128449.8703,4960,1256,56625,306000000,1728000
1791128449.9204,4960,1256,56906,306000000,806400
1791128449.9705,4960,1248,56750,306000000,1728000
1791128450.0206,4960,1248,56781,306000000,1728000
1791128450.0707,4960,1248,56750,306000000,1190400
1791128450.1208,4960,1256,56750,306000000,806400
1791128450.1709,4960,1256,56718,306000000,1728000
1791128450.2210,4960,1256,56781,306000000,1728000
1791128450.2711,4960,1248,56875,306000000,729600
1791128450.3212,4960,1248,56781,306000000,1728000
1791128450.3713,4960,1248,56843,306000000,1728000
1791128450.4214,4960,1240,56718,306000000,1728000
1791128450.4715,4960,1248,56781,306000000,1728000
1791128450.5216,4960,1240,56750,306000000,729600
1791128450.5717,4960,1240,56781,306000000,1728000
1791128450.6217,4960,1248,56656,306000000,1728000
1791128450.6718,4960,1264,56781,306000000,1728000
1791128450.7219,4960,1264,56968,306000000,1728000
1791128450.7720,4960,1264,56687,306000000,1728000
1791128450.8221,4960,1256,56843,306000000,1728000
1791128450.8722,4960,1264,56812,306000000,1728000
1791128450.9223,4960,1256,56875,306000000,1728000
1791128450.9724,4960,1256,56718,306000000,1728000
1791128451.0225,4960,1256,56750,306000000,1728000
1791128451.0726,4960,1240,56718,306000000,1728000
1791128451.1227,4960,1248,56781,306000000,1728000
1791128451.1728,4960,1248,56968,306000000,1728000
1791128451.2229,4960,1264,56812,306000000,1728000
1791128451.2729,4960,1264,56875,306000000,1728000
1791128451.3231,4960,1256,56781,306000000,1728000
1791128451.3732,4960,1248,56812,306000000,1728000
1791128451.4232,4960,1256,56656,306000000,1728000
1791128451.4733,4960,1248,56781,306000000,1728000
1791128451.5234,4960,1248,56750,306000000,1728000
1791128451.5735,4960,1248,56781,306000000,806400
1791128451.6236,4960,1248,56968,306000000,1728000
1791128451.6737,4960,1240,56718,306000000,1728000
1791128451.7238,4960,1248,56843,306000000,1728000
1791128451.7739,4960,1264,56718,306000000,1728000
1791128451.8240,4960,1256,56875,306000000,1728000
1791128451.8741,4960,1256,56750,306000000,1728000
1791128451.9242,4960,1264,56812,306000000,806400
1791128451.9743,4960,1256,56687,306000000,1728000
1791128452.0244,4960,1248,56812,306000000,1728000
1791128452.0745,4960,1248,56906,306000000,1728000
1791128452.1246,4960,1240,56781,306000000,1728000
1791128452.1747,4960,1248,56843,306000000,1728000
1791128452.2247,4960,1248,56687,306000000,1728000
1791128452.2748,4960,1240,56843,306000000,1728000
1791128452.3249,4960,1256,56718,306000000,1728000
1791128452.3751,4960,1264,56843,306000000,1728000
1791128452.4251,4960,1264,56687,306000000,1728000
1791128452.4752,4960,1264,56781,306000000,1728000
1791128452.5253,4960,1256,56656,306000000,1728000
1791128452.5754,4960,1256,56750,306000000,1728000
1791128452.6255,4960,1248,56937,306000000,1728000
1791128452.6756,4960,1248,56687,306000000,1728000
1791128452.7257,4960,1248,56812,306000000,1728000
1791128452.7758,4960,1240,56781,306000000,1728000
1791128452.8259,4960,1248,56843,306000000,806400
1791128452.8760,4960,1256,56656,306000000,1728000
1791128452.9260,4960,1264,56781,306000000,1036800
1791128452.9761,4960,1264,56718,306000000,1728000
1791128453.0262,4960,1264,56687,306000000,1728000
1791128453.0763,4960,1256,56875,306000000,729600
1791128453.1264,4960,1248,56656,306000000,1728000
1791128453.1765,4960,1248,56843,306000000,1728000
1791128453.2266,4960,1240,56625,306000000,1728000
1791128453.2767,4960,1248,56781,306000000,1728000
1791128453.3268,4960,1248,56656,306000000,1728000
1791128453.3769,4960,1240,56750,306000000,1728000
1791128453.4270,4960,1248,56656,306000000,1267200
1791128453.4771,4960,1264,56750,306000000,883200
1791128453.5272,4960,1256,56906,306000000,729600
1791128453.5773,4960,1248,56750,306000000,1728000
1791128453.6274,4960,1256,56812,306000000,1728000
1791128453.6775,4960,1248,56656,306000000,1728000
1791128453.7276,4960,1248,56843,306000000,1728000
1791128453.7777,4960,1248,56656,306000000,1728000
1791128453.8277,4960,1240,56750,306000000,1728000
1791128453.8778,4960,1240,56625,306000000,1728000
1791128453.9279,4960,1248,56812,306000000,1728000
1791128453.9780,4960,1240,56968,306000000,1190400
1791128454.0281,4960,1256,56656,306000000,1728000
1791128454.0782,4960,1256,56812,306000000,1728000
1791128454.1283,4960,1264,56750,306000000,1728000
1791128454.1784,4960,1248,56812,306000000,1728000
1791128454.2285,4960,1248,56687,306000000,1728000
1791128454.2786,4960,1248,56750,306000000,1728000
1791128454.3287,4960,1240,56593,306000000,1728000
1791128454.3788,4960,1248,56656,306000000,1728000
1791128454.4289,4960,1248,56812,306000000,1728000
1791128454.4789,4960,1240,56687,306000000,1728000
1791128454.5290,4960,1248,56812,306000000,1728000
1791128454.5791,4960,1256,56625,306000000,1267200
1791128454.6292,4960,1256,56718,306000000,1728000
1791128454.6793,4960,1256,56687,306000000,1728000
1791128454.7294,4960,1264,56750,306000000,1728000
1791128454.7795,4960,1264,56687,306000000,1728000
1791128454.8296,4960,1256,56750,306000000,1728000
1791128454.8797,4960,1248,56593,306000000,1728000
1791128454.9298,4960,1256,56625,306000000,1728000
1791128454.9799,4960,1256,56781,306000000,1728000
1791128455.0300,4960,1240,56718,306000000,1728000
1791128455.0801,4960,1248,56718,306000000,1728000
1791128455.1301,4960,1256,56593,306000000,1728000
1791128455.1803,4960,1256,56750,306000000,1728000
1791128455.2303,4960,1256,56593,306000000,1728000
1791128455.2804,4960,1248,56687,306000000,1728000
1791128455.3305,4960,1240,56656,306000000,1728000
1791128455.3806,4960,1248,56656,306000000,1728000
1791128455.4307,4960,1232,56906,306000000,1728000
1791128455.4807,4960,1240,56656,306000000,1728000
1791128455.5308,4960,1232,56750,306000000,1728000
1791128455.5809,4960,1232,56593,306000000,1728000
1791128455.6310,4960,1224,56687,306000000,1728000
1791128455.6811,4960,1232,56656,306000000,1728000
1791128455.7312,4960,1232,56656,306000000,1728000
1791128455.7813,4960,1240,56593,306000000,1728000
1791128455.8314,4960,1224,56718,306000000,1728000
1791128455.8815,4960,1232,56687,306000000,1728000
1791128455.9315,4960,1224,56562,306000000,1728000
1791128455.9816,4960,1224,56687,306000000,1728000
1791128456.0317,4960,1216,56593,306000000,1728000
1791128456.0818,4960,1216,56781,306000000,1728000
1791128456.1319,4960,1216,56625,306000000,1728000
1791128456.1819,4960,1216,56656,306000000,1728000
1791128456.2320,4960,1216,56562,306000000,1113600
1791128456.2821,4960,1224,56656,306000000,1728000
1791128456.3322,4960,1224,56781,306000000,1728000
1791128456.3823,4960,1216,56656,306000000,1728000
1791128456.4324,4960,1224,56781,306000000,1728000
1791128456.4825,4960,1216,56593,306000000,1728000
1791128456.5325,4960,1216,56687,306000000,1728000
1791128456.5826,4960,1224,56500,306000000,1728000
1791128456.6327,4960,1216,56593,306000000,1728000
1791128456.6828,4960,1216,56531,306000000,1728000
1791128456.7329,4960,1216,56593,306000000,1728000
1791128456.7830,4960,1208,56750,306000000,1728000
1791128456.8331,4960,1224,56656,306000000,1728000
1791128456.8831,4960,1224,56656,306000000,1728000
1791128456.9332,4960,1224,56500,306000000,1728000
1791128456.9833,4960,1216,56656,306000000,1728000
1791128457.0334,4960,1224,56562,306000000,1728000
1791128457.0835,4960,1208,56593,306000000,1728000
1791128457.1336,4960,1216,56625,306000000,1728000
1791128457.1836,4960,1208,56656,306000000,1728000
1791128457.2337,4960,1216,56593,306000000,1728000
1791128457.2838,4960,1216,56718,306000000,1728000
1791128457.3339,4960,1216,56687,306000000,1728000
1791128457.3840,4960,1232,56593,306000000,1728000
1791128457.4341,4960,1232,56718,306000000,1728000
1791128457.4842,4960,1232,56593,306000000,1728000
1791128457.5342,4960,1224,56656,306000000,1728000
1791128457.5843,4960,1224,56531,306000000,1728000
1791128457.6344,4960,1216,56625,306000000,1728000
1791128457.6845,4960,1224,56562,306000000,1728000
1791128457.7346,4960,1216,56625,306000000,1728000
1791128457.7847,4960,1224,56750,306000000,1728000
1791128457.8348,4960,1216,56625,306000000,1728000
1791128457.8848,4960,1216,56750,306000000,1728000
1791128457.9349,4960,1216,56625,306000000,1267200
1791128457.9850,4960,1232,56687,306000000,1728000
1791128458.0351,4960,1216,56562,306000000,1728000
1791128458.0852,4960,1224,56687,306000000,1728000
1791128458.1353,4960,1216,56656,306000000,1728000
1791128458.1854,4960,1224,56562,306000000,1728000
1791128458.2354,4960,1216,56656,306000000,1728000
1791128458.2855,4960,1216,56531,306000000,1728000
1791128458.3356,4960,1216,56656,306000000,1728000
1791128458.3857,4960,1216,56656,306000000,1728000
1791128458.4358,4960,1216,56625,306000000,1728000
1791128458.4859,4960,1216,56562,306000000,1728000
1791128458.5360,4960,1232,56562,306000000,1728000
1791128458.5860,4960,1224,56531,306000000,1728000
1791128458.6361,4960,1232,56562,306000000,1728000
1791128458.6862,4960,1216,56687,306000000,1728000
1791128458.7363,4960,1224,56593,306000000,1728000
1791128458.7864,4960,1224,56625,306000000,1728000
1791128458.8365,4960,1224,56593,306000000,1728000
1791128458.8866,4960,1224,56656,306000000,1728000
1791128458.9366,4960,1216,56500,306000000,1728000
1791128458.9867,4960,1224,56531,306000000,1728000
1791128459.0368,4960,1224,56531,306000000,1728000
1791128459.0869,4960,1240,56593,306000000,1728000
1791128459.1370,4960,1232,56750,306000000,1728000
1791128459.1871,4960,1240,56593,306000000,1728000
1791128459.2372,4960,1240,56656,306000000,1728000
1791128459.2872,4960,1232,56531,306000000,1728000
1791128459.3373,4960,1240,56687,306000000,1728000
1791128459.3874,4960,1224,56500,306000000,1728000
1791128459.4375,4960,1232,56593,306000000,1728000
1791128459.4876,4960,1216,56531,306000000,1728000
1791128459.5377,4960,1224,56625,306000000,1728000
1791128459.5877,4960,1224,56531,306000000,1728000
1791128459.6378,4960,1232,56562,306000000,1728000
1791128459.6879,4960,1240,56625,306000000,1728000
1791128459.7380,4960,1232,56500,306000000,1728000
1791128459.7881,4960,1240,56656,306000000,1728000
1791128459.8381,4960,1224,56500,306000000,1728000
1791128459.8882,4960,1232,56593,306000000,1728000
1791128459.9383,4960,1224,56500,306000000,1728000
1791128459.9884,4960,1224,56593,306000000,1728000
1791128460.0385,4960,1216,56468,306000000,1728000
1791128460.0885,4960,1216,56500,306000000,1728000
1791128460.1386,4960,1216,56656,306000000,1728000
1791128460.1887,4960,1224,56593,306000000,1728000
1791128460.2388,4960,1232,56656,306000000,1728000
1791128460.2889,4960,1216,56500,306000000,1728000
1791128460.3390,4960,1224,56500,306000000,1728000
1791128460.3891,4960,1216,56500,306000000,1728000
1791128460.4391,4960,1224,56500,306000000,1728000
1791128460.4892,4960,1216,56500,306000000,1728000
1791128460.5393,4960,1224,56531,306000000,1728000
1791128460.5894,4960,1216,56593,306000000,1728000
1791128460.6395,4960,1216,56593,306000000,1728000
1791128460.6895,4960,1224,56593,306000000,1728000
1791128460.7396,4960,1224,56500,306000000,1728000
1791128460.7897,4960,1240,56562,306000000,1728000
1791128460.8398,4960,1232,56468,306000000,1728000
1791128460.8899,4960,1232,56625,306000000,1728000
1791128460.9400,4960,1232,56500,306000000,1728000
1791128460.9901,4960,1232,56531,306000000,1728000
1791128461.0401,4960,1224,56625,306000000,1728000
1791128461.0902,4960,1224,56500,306000000,1728000
1791128461.1403,4960,1216,56625,306000000,1728000
1791128461.1904,4960,1224,56500,306000000,1728000
1791128461.2405,4960,1216,56562,306000000,1728000
1791128461.2906,4960,1224,56500,306000000,1344000
1791128461.3407,4960,1232,56500,306000000,1728000
1791128461.3908,4960,1232,56500,306000000,1728000
1791128461.4408,4960,1232,56531,306000000,1728000
1791128461.4909,4960,1224,56562,306000000,1728000
1791128461.5410,4960,1216,56500,306000000,1728000
1791128461.5911,4960,1224,56593,306000000,1728000
1791128461.6412,4960,1216,56531,306000000,1728000
1791128461.6913,4960,1224,56625,306000000,1728000
1791128461.7413,4960,1224,56500,306000000,1728000
1791128461.7914,4960,1224,56593,306000000,1728000
1791128461.8415,4960,1232,56531,306000000,1113600
1791128461.8916,4960,1232,56531,306000000,1728000
1791128461.9417,4960,1232,56625,306000000,1728000
1791128461.9918,4960,1224,56531,306000000,1728000
1791128462.0419,4960,1224,56625,306000000,1728000
1791128462.0919,4960,1224,56468,306000000,1728000
1791128462.1420,4960,1224,56593,306000000,1728000
1791128462.1921,4960,1216,56500,306000000,1728000
1791128462.2422,4960,1224,56593,306000000,1728000
1791128462.2922,4960,1216,56468,306000000,1728000
1791128462.3423,4960,1224,56562,306000000,1728000
1791128462.3924,4960,1216,56562,306000000,1728000
1791128462.4425,4960,1232,56468,306000000,1728000
1791128462.4926,4960,1224,56531,306000000,1728000
1791128462.5426,4960,1232,56531,306000000,729600
1791128462.5927,4960,1216,56531,306000000,1728000
1791128462.6428,4960,1224,56500,306000000,1728000
1791128462.6929,4960,1224,56500,306000000,1728000
1791128462.7430,4960,1224,56468,306000000,1728000
1791128462.7931,4960,1216,56562,306000000,1728000
1791128462.8432,4960,1224,56500,306000000,1728000
1791128462.8932,4960,1224,56593,306000000,1728000
1791128462.9433,4960,1216,56500,306000000,1728000
1791128462.9934,4960,1224,56500,306000000,1190400
1791128463.0435,4960,1232,56531,306000000,1728000
1791128463.0936,4960,1216,56500,306000000,1728000
1791128463.1437,4960,1216,56593,306000000,1728000
1791128463.1938,4960,1216,56500,306000000,1728000
1791128463.2438,4960,1224,56562,306000000,1728000
1791128463.2939,4960,1216,56468,306000000,1728000
1791128463.3440,4960,1216,56531,306000000,1728000
1791128463.3941,4960,1216,56562,306000000,1728000
1791128463.4441,4960,1216,56500,306000000,1728000
1791128463.4942,4960,1224,56593,306000000,1728000
1791128463.5443,4960,1216,56500,306000000,1728000
1791128463.5944,4960,1232,56500,306000000,1728000
1791128463.6445,4960,1232,56500,306000000,1728000
1791128463.6946,4960,1232,56500,306000000,1728000
1791128463.7447,4960,1224,56500,306000000,1728000
1791128463.7947,4960,1224,56500,306000000,1728000
1791128463.8448,4960,1232,56625,306000000,1728000
1791128463.8949,4960,1216,56500,306000000,1728000
1791128463.9450,4960,1224,56562,306000000,1728000
1791128463.9951,4960,1216,56531,306000000,1728000
1791128464.0452,4960,1216,56500,306000000,1728000
1791128464.0952,4960,1224,56500,306000000,1728000
1791128464.1453,4960,1232,56562,306000000,1728000
1791128464.1954,4960,1232,56468,306000000,1728000
1791128464.2455,4960,1224,56500,306000000,1728000
1791128464.2959,4960,1216,56468,306000000,1728000
1791128464.3460,4960,1224,56500,306000000,1728000
1791128464.3961,4960,1216,56562,306000000,1728000
1791128464.4462,4960,1216,56531,306000000,1728000
1791128464.4963,4960,1216,56562,306000000,1728000
1791128464.5464,4960,1216,56437,306000000,1728000
1791128464.5964,4960,1224,56500,306000000,1728000
1791128464.6466,4960,1216,56437,306000000,1113600
1791128464.6967,4960,1240,56500,306000000,1728000
1791128464.7467,4960,1240,56500,306000000,1728000
1791128464.7968,4960,1248,56500,306000000,1728000
1791128464.8469,4960,1248,56562,306000000,1728000
1791128464.8970,4960,1256,56468,306000000,1728000
1791128464.9471,4960,1240,56531,306000000,1728000
1791128464.9972,4960,1248,56500,306000000,1728000
1791128465.0473,4960,1248,56531,306000000,1728000
1791128465.0974,4960,1240,56500,306000000,729600
1791128465.1475,4960,1240,56500,306000000,1728000
1791128465.1976,4960,1240,56437,306000000,1113600
1791128465.2477,4960,1248,56562,306000000,1728000
1791128465.2978,4960,1256,56531,306000000,883200
1791128465.3479,4960,1256,56500,306000000,1728000
1791128465.3980,4960,1256,56500,306000000,1728000
1791128465.4481,4960,1248,56437,306000000,1728000
1791128465.4982,4960,1248,56562,306000000,1728000
1791128465.5483,4960,1232,56500,306000000,1728000
1791128465.5984,4960,1240,56500,306000000,1728000
1791128465.6485,4960,1232,56468,306000000,1728000
1791128465.6986,4960,1232,56500,306000000,1728000
1791128465.7487,4960,1240,56500,306000000,1728000
1791128465.7988,4960,1248,56437,306000000,1728000
1791128465.8489,4960,1264,56500,306000000,1728000
1791128465.8990,4960,1256,56500,306000000,806400
1791128465.9491,4960,1256,56531,306000000,1728000
1791128465.9991,4960,1240,56437,306000000,1728000
1791128466.0492,4960,1248,56500,306000000,1728000
1791128466.0993,4960,1248,56406,306000000,1728000
1791128466.1494,4960,1248,56500,306000000,1728000
1791128466.1995,4960,1240,56593,306000000,1728000
1791128466.2496,4960,1240,56468,306000000,1728000
1791128466.2997,4960,1248,56562,306000000,1728000
1791128466.3498,4960,1256,56437,306000000,1728000
1791128466.3999,4960,1272,56531,306000000,1728000
1791128466.4500,4960,1256,56468,306000000,1728000
1791128466.5000,4960,1264,56468,306000000,1728000
1791128466.5501,4960,1256,56406,306000000,1728000
1791128466.6002,4960,1248,56500,306000000,1728000
1791128466.6503,4960,1248,56500,306000000,1728000
1791128466.7004,4960,1256,56437,306000000,1728000
1791128466.7505,4960,1248,56500,306000000,1728000
1791128466.8006,4960,1240,56437,306000000,1728000
1791128466.8506,4960,1248,56531,306000000,1728000
1791128466.9007,4960,1248,56468,306000000,1728000
1791128466.9508,4960,1264,56437,306000000,883200
1791128467.0009,4960,1256,56500,306000000,1728000
1791128467.0510,4960,1264,56468,306000000,1728000
1791128467.1011,4960,1256,56375,306000000,1728000
1791128467.1512,4960,1248,56500,306000000,1728000
1791128467.2012,4960,1256,56531,306000000,1728000
1791128467.2513,4960,1256,56437,306000000,1728000
1791128467.3014,4960,1248,56500,306000000,1728000
1791128467.3515,4960,1248,56500,306000000,1728000
1791128467.4016,4960,1248,56468,306000000,1728000
1791128467.4517,4960,1248,56500,306000000,1728000
1791128467.5017,4960,1264,56500,306000000,1728000
1791128467.5518,4960,1264,56406,306000000,1728000
1791128467.6019,4960,1264,56468,306000000,1728000
1791128467.6520,4960,1248,56562,306000000,1728000
1791128467.7021,4960,1256,56468,306000000,1728000
1791128467.7522,4960,1256,56500,306000000,1728000
1791128467.8022,4960,1248,56437,306000000,806400
1791128467.8523,4960,1248,56500,306000000,1728000
1791128467.9024,4960,1248,56406,306000000,1728000
1791128467.9525,4960,1240,56468,306000000,1728000
1791128468.0026,4960,1240,56437,306000000,1728000
1791128468.0527,4960,1264,56468,306000000,960000
1791128468.1028,4960,1256,56593,306000000,1728000
1791128468.1529,4960,1256,56468,306000000,1728000
1791128468.2030,4960,1256,56500,306000000,1728000
1791128468.2530,4960,1256,56406,306000000,1728000
1791128468.3031,4960,1256,56500,306000000,1728000
1791128468.3532,4960,1248,56406,306000000,1728000
1791128468.4033,4960,1256,56468,306000000,1728000
1791128468.4534,4960,1248,56406,306000000,1728000
1791128468.5034,4960,1248,56500,306000000,1728000
1791128468.5535,4960,1248,56500,306000000,1728000
1791128468.6036,4960,1264,56437,306000000,1420800
1791128468.6537,4960,1272,56500,306000000,1728000
1791128468.7038,4960,1272,56500,306000000,1728000
1791128468.7539,4960,1272,56500,306000000,1728000
1791128468.8039,4960,1264,56406,306000000,1728000
1791128468.8540,4960,1264,56437,306000000,1728000
1791128468.9041,4960,1256,56468,306000000,1728000
1791128468.9542,4960,1256,56500,306000000,1728000
1791128469.0043,4960,1248,56562,306000000,1728000
1791128469.0544,4960,1248,56437,306000000,1728000
1791128469.1045,4960,1248,56500,306000000,1728000
1791128469.1546,4960,1256,56468,306000000,1728000
1791128469.2047,4960,1264,56500,306000000,1728000
1791128469.2547,4960,1256,56437,306000000,1728000
1791128469.3048,4960,1256,56468,306000000,1728000
1791128469.3549,4960,1248,56468,306000000,1728000
1791128469.4050,4960,1248,56375,306000000,1728000
1791128469.4551,4960,1248,56562,306000000,1728000
1791128469.5052,4960,1240,56500,306000000,1728000
1791128469.5552,4960,1248,56500,306000000,1728000
1791128469.6053,4960,1232,56406,306000000,1728000
1791128469.6554,4960,1240,56500,306000000,1728000
1791128469.7055,4960,1232,56468,306000000,1190400
1791128469.7556,4960,1248,56468,306000000,1728000
1791128469.8057,4960,1240,56406,306000000,1728000
1791128469.8558,4960,1240,56500,306000000,1728000
1791128469.9059,4960,1224,56437,306000000,1728000
1791128469.9559,4960,1232,56406,306000000,1728000
1791128470.0060,4960,1224,56500,306000000,1728000
1791128470.0561,4960,1232,56468,306000000,1728000
1791128470.1062,4960,1216,56468,306000000,1728000
1791128470.1563,4960,1224,56468,306000000,1728000
1791128470.2063,4960,1216,56468,306000000,1728000
1791128470.2564,4960,1224,56406,306000000,1728000
1791128470.3065,4960,1232,56437,306000000,1728000
1791128470.3566,4960,1232,56375,306000000,1728000
1791128470.4067,4960,1232,56437,306000000,1728000
1791128470.4568,4960,1224,56531,306000000,1728000
1791128470.5069,4960,1232,56406,306000000,1728000
1791128470.5570,4960,1232,56531,306000000,1728000
1791128470.6071,4960,1224,56406,306000000,1728000
1791128470.6571,4960,1232,56468,306000000,1728000
1791128470.7072,4960,1224,56375,306000000,1728000
1791128470.7573,4960,1224,56437,306000000,1728000
1791128470.8074,4960,1224,56437,306000000,1728000
1791128470.8575,4960,1224,56375,306000000,1728000
1791128470.9076,4960,1232,56468,306000000,1728000
1791128470.9576,4960,1224,56406,306000000,1728000
1791128471.0077,4960,1216,56500,306000000,1728000
1791128471.0578,4960,1224,56437,306000000,1728000
1791128471.1079,4960,1224,56500,306000000,1728000
1791128471.1580,4960,1216,56375,306000000,1728000
1791128471.2081,4960,1208,56437,306000000,1728000
1791128471.2582,4960,1216,56406,306000000,1728000
1791128471.3082,4960,1216,56500,306000000,1728000
1791128471.3583,4960,1216,56500,306000000,1728000
1791128471.4084,4960,1224,56437,306000000,1728000
1791128471.4585,4960,1248,56531,306000000,1728000
1791128471.5086,4960,1248,56406,306000000,1728000
1791128471.5587,4960,1240,56437,306000000,1728000
1791128471.6088,4960,1248,56437,306000000,1728000
1791128471.6589,4960,1248,56500,306000000,729600
1791128471.7090,4960,1248,56375,306000000,1728000
1791128471.7591,4960,1240,56406,306000000,1728000
1791128471.8091,4960,1248,56531,306000000,1728000
1791128471.8592,4960,1248,56406,306000000,1728000
1791128471.9093,4960,1240,56500,306000000,1728000
1791128471.9594,4960,1248,56375,306000000,1267200
1791128472.0095,4960,1264,56500,306000000,1728000
1791128472.0596,4960,1272,56406,306000000,883200
1791128472.1097,4960,1264,56437,306000000,729600
1791128472.1598,4960,1256,56343,306000000,1728000
1791128472.2099,4960,1256,56406,306000000,1728000
1791128472.2600,4960,1256,56531,306000000,1728000
1791128472.3101,4960,1240,56375,306000000,1728000
1791128472.3602,4960,1248,56500,306000000,1728000
1791128472.4103,4960,1232,56343,306000000,1728000
1791128472.4604,4960,1240,56406,306000000,1728000
1791128472.5105,4960,1232,56375,306000000,1728000
1791128472.5605,4960,1248,56500,306000000,1728000
1791128472.6106,4960,1256,56375,306000000,1728000
1791128472.6607,4960,1256,56468,306000000,1728000
1791128472.7108,4960,1256,56343,306000000,1728000
1791128472.7609,4960,1248,56437,306000000,1728000
1791128472.8110,4960,1248,56500,306000000,1728000
1791128472.8611,4960,1248,56375,306000000,1728000
1791128472.9112,4960,1240,56468,306000000,1728000
1791128472.9613,4960,1240,56437,306000000,1728000
1791128473.0114,4960,1232,56500,306000000,1728000
1791128473.0615,4960,1240,56281,306000000,1728000
1791128473.1116,4960,1256,56375,306000000,1728000
1791128473.1617,4960,1256,56281,306000000,883200
1791128473.2118,4960,1248,56437,306000000,1728000
1791128473.2619,4960,1256,56531,306000000,1728000
1791128473.3119,4960,1256,56375,306000000,883200
1791128473.3620,4960,1248,56500,306000000,1728000
1791128473.4121,4960,1248,56375,306000000,1728000
1791128473.4622,4960,1248,56468,306000000,1728000
1791128473.5123,4960,1240,56406,306000000,1728000
1791128473.5624,4960,1240,56437,306000000,1728000
1791128473.6125,4960,1232,56375,306000000,1728000
1791128473.6626,4960,1248,56343,306000000,1497600
1791128473.7127,4960,1256,56500,306000000,1728000
1791128473.7628,4960,1264,56375,306000000,1728000
1791128473.8129,4960,1264,56500,306000000,806400
1791128473.8630,4960,1248,56406,306000000,1728000
1791128473.9131,4960,1256,56437,306000000,1728000
1791128473.9632,4960,1240,56406,306000000,729600
1791128474.0133,4960,1240,56437,306000000,1728000
1791128474.0633,4960,1248,56281,306000000,1728000
1791128474.1134,4960,1240,56437,306000000,1728000
1791128474.1635,4960,1240,56375,306000000,1728000
1791128474.2136,4960,1256,56468,306000000,1728000
1791128474.2637,4960,1272,56468,306000000,1728000
1791128474.3138,4960,1272,56343,306000000,883200
1791128474.3639,4960,1264,56468,306000000,1728000
1791128474.4140,4960,1256,56375,306000000,1728000
1791128474.4641,4960,1264,56437,306000000,1728000
1791128474.5142,4960,1256,56406,306000000,1728000
1791128474.5643,4960,1248,56406,306000000,1728000
1791128474.6144,4960,1256,56375,306000000,1728000
1791128474.6645,4960,1240,56468,306000000,1728000
1791128474.7145,4960,1248,56500,306000000,1728000
1791128474.7646,4960,1248,56406,306000000,1728000
1791128474.8147,4960,1264,56500,306000000,1728000
1791128474.8648,4960,1256,56312,306000000,1728000
1791128474.9149,4960,1264,56437,306000000,883200
1791128474.9650,4960,1256,56375,306000000,1728000
1791128475.0151,4960,1248,56437,306000000,1728000
1791128475.0651,4960,1256,56312,306000000,1728000
1791128475.1152,4960,1248,56468,306000000,1728000
1791128475.1653,4960,1248,56500,306000000,1728000
1791128475.2154,4960,1248,56406,306000000,1728000
1791128475.2655,4960,1240,56500,306000000,1728000
1791128475.3156,4960,1248,56343,306000000,1728000
1791128475.3657,4960,1264,56406,306000000,1728000
1791128475.4158,4960,1272,56312,306000000,1728000
1791128475.4659,4960,1264,56406,306000000,1728000
1791128475.5160,4960,1256,56375,306000000,1728000
1791128475.5661,4960,1256,56312,306000000,1728000
1791128475.6161,4960,1256,56406,306000000,1728000
1791128475.6662,4960,1248,56406,306000000,729600
1791128475.7163,4960,1240,56500,306000000,1728000
1791128475.7664,4960,1232,56375,306000000,1728000
1791128475.8165,4960,1240,56437,306000000,1728000
1791128475.8666,4960,1248,56406,306000000,1728000
1791128475.9167,4960,1256,56468,306000000,1728000
1791128475.9668,4960,1264,56531,306000000,1728000
1791128476.0169,4960,1264,56312,306000000,1728000
1791128476.0670,4960,1264,56500,306000000,1728000
1791128476.1170,4960,1248,56281,306000000,1728000
1791128476.1671,4960,1272,56500,306000000,1728000
1791128476.2172,4960,1288,56375,306000000,1728000
1791128476.2673,4960,1288,56312,306000000,960000
1791128476.3174,4960,1288,56375,306000000,1036800
1791128476.3674,4960,1288,56343,306000000,1728000
1791128476.4175,4960,1272,56406,306000000,1728000
1791128476.4676,4960,1280,56468,306000000,1728000
1791128476.5177,4960,1288,56531,306000000,1728000
1791128476.5678,4960,1288,56406,306000000,1728000
1791128476.6179,4960,1288,56468,306000000,1728000
1791128476.6680,4960,1280,56343,306000000,1728000
1791128476.7181,4960,1272,56375,306000000,1728000
1791128476.7682,4960,1272,56375,306000000,1728000
1791128476.8183,4960,1272,56406,306000000,1728000
1791128476.8684,4960,1256,56406,306000000,1728000
1791128476.9185,4960,1256,56437,306000000,1728000
1791128476.9685,4960,1248,56437,306000000,1728000
1791128477.0186,4960,1256,56312,306000000,1728000
1791128477.0687,4960,1264,56406,306000000,1728000
1791128477.1188,4960,1264,56375,306000000,1728000
1791128477.1689,4960,1264,56500,306000000,1728000
1791128477.2190,4960,1256,56343,306000000,1728000
1791128477.2691,4960,1248,56343,306000000,1728000
1791128477.3192,4960,1256,56312,306000000,1728000
1791128477.3693,4960,1256,56437,306000000,1728000
1791128477.4194,4960,1240,56281,306000000,806400
1791128477.4695,4960,1248,56375,306000000,1728000
1791128477.5196,4960,1240,56437,306000000,1728000
1791128477.5697,4960,1240,56250,306000000,1728000
1791128477.6198,4960,1264,56375,306000000,1728000
1791128477.6699,4960,1264,56406,306000000,1728000
1791128477.7199,4960,1264,56375,306000000,1728000
1791128477.7700,4960,1264,56343,306000000,1728000
1791128477.8201,4960,1256,56406,306000000,1728000
1791128477.8702,4960,1256,56281,306000000,1728000
1791128477.9203,4960,1248,56406,306000000,1728000
1791128477.9704,4960,1248,56375,306000000,1728000
1791128478.0205,4960,1248,56375,306000000,1728000
1791128478.0706,4960,1240,56406,306000000,1728000
1791128478.1207,4960,1240,56375,306000000,1728000
1791128478.1708,4960,1264,56437,306000000,1728000
1791128478.2208,4960,1264,56343,306000000,1728000
1791128478.2709,4960,1256,56375,306000000,1728000
1791128478.3210,4960,1256,56343,306000000,1728000
1791128478.3711,4960,1248,56281,306000000,1728000
1791128478.4212,4960,1248,56500,306000000,1728000
1791128478.4712,4960,1248,56468,306000000,729600
1791128478.5213,4960,1248,56437,306000000,1728000
1791128478.5714,4960,1240,56312,306000000,1728000
1791128478.6215,4960,1248,56343,306000000,1728000
1791128478.6716,4960,1248,56281,306000000,1728000
1791128478.7217,4960,1256,56437,306000000,1728000
1791128478.7718,4960,1264,56281,306000000,1728000
1791128478.8219,4960,1264,56343,306000000,883200
1791128478.8720,4960,1256,56500,306000000,1728000
1791128478.9221,4960,1248,56312,306000000,1728000
1791128478.9722,4960,1256,56437,306000000,1728000
1791128479.0223,4960,1256,56406,306000000,1728000
1791128479.0724,4960,1248,56437,306000000,1728000
1791128479.1225,4960,1240,56312,306000000,1728000
1791128479.1726,4960,1248,56406,306000000,1728000
1791128479.2227,4960,1248,56343,306000000,1728000
1791128479.2728,4960,1264,56437,306000000,1728000
1791128479.3229,4960,1272,56281,306000000,806400
1791128479.3730,4960,1264,56406,306000000,806400
1791128479.4231,4960,1256,56500,306000000,1728000
1791128479.4732,4960,1264,56281,306000000,1728000
1791128479.5233,4960,1264,56468,306000000,1728000
1791128479.5734,4960,1248,56343,306000000,1728000
1791128479.6235,4960,1256,56312,306000000,806400
1791128479.6736,4960,1240,56250,306000000,729600
1791128479.7237,4960,1240,56343,306000000,1728000
1791128479.7738,4960,1248,56312,306000000,1728000
1791128479.8239,4960,1248,56375,306000000,1728000
1791128479.8740,4960,1264,56343,306000000,1728000
1791128479.9241,4960,1256,56343,306000000,806400
1791128479.9742,4960,1256,56406,306000000,806400
1791128480.0243,4960,1240,56281,306000000,1728000
1791128480.0744,4960,1248,56312,306000000,1728000
1791128480.1244,4960,1240,56281,306000000,1728000
1791128480.1745,4960,1240,56375,306000000,1728000
1791128480.2246,4960,1240,56250,306000000,1728000
1791128480.2747,4960,1232,56250,306000000,1728000
1791128480.3248,4960,1240,56437,306000000,1728000
1791128480.3749,4960,1240,56281,306000000,1190400
1791128480.4250,4960,1256,56375,306000000,1728000
1791128480.4751,4960,1248,56312,306000000,1728000
1791128480.5252,4960,1256,56312,306000000,1728000
1791128480.5753,4960,1256,56375,306000000,1728000
1791128480.6254,4960,1248,56375,306000000,1728000
1791128480.6755,4960,1248,56250,306000000,1728000
1791128480.7256,4960,1248,56343,306000000,1728000
1791128480.7757,4960,1240,56500,306000000,1728000
1791128480.8258,4960,1240,56250,306000000,1728000
1791128480.8759,4960,1240,56406,306000000,1728000
1791128480.9259,4960,1232,56281,306000000,1728000
1791128480.9760,4960,1248,56312,306000000,1728000
1791128481.0261,4960,1256,56250,306000000,1728000
1791128481.0762,4960,1256,56281,306000000,1728000
1791128481.1263,4960,1248,56312,306000000,1728000
1791128481.1764,4960,1256,56375,306000000,1728000
1791128481.2265,4960,1248,56437,306000000,1728000
1791128481.2766,4960,1248,56250,306000000,1728000
1791128481.3267,4960,1248,56406,306000000,1728000
1791128481.3768,4960,1240,56250,306000000,729600
1791128481.4269,4960,1240,56375,306000000,1728000
1791128481.4770,4960,1240,56281,306000000,1728000
1791128481.5271,4960,1256,56312,306000000,1728000
1791128481.5772,4960,1248,56218,306000000,1728000
1791128481.6272,4960,1256,56343,306000000,1728000
1791128481.6773,4960,1248,56406,306000000,1728000
1791128481.7274,4960,1248,56281,306000000,1728000
1791128481.7775,4960,1248,56406,306000000,1728000
1791128481.8275,4960,1240,56250,306000000,1728000
1791128481.8776,4960,1232,56375,306000000,1728000
1791128481.9277,4960,1232,56250,306000000,1728000
1791128481.9778,4960,1232,56343,306000000,1728000
1791128482.0278,4960,1224,56187,306000000,1728000
1791128482.0779,4960,1232,56406,306000000,1728000
1791128482.1280,4960,1240,56250,306000000,1728000
1791128482.1781,4960,1240,56312,306000000,1728000
1791128482.2282,4960,1232,56343,306000000,1728000
1791128482.2783,4960,1240,56250,306000000,1728000
1791128482.3284,4960,1232,56406,306000000,1728000
1791128482.3784,4960,1232,56343,306000000,1728000
1791128482.4285,4960,1232,56375,306000000,1728000
1791128482.4786,4960,1224,56281,306000000,1728000
1791128482.5287,4960,1216,56343,306000000,1728000
1791128482.5788,4960,1224,56406,306000000,1728000
1791128482.6289,4960,1216,56281,306000000,1728000
1791128482.6790,4960,1240,56343,306000000,1728000
1791128482.7291,4960,1232,56250,306000000,1728000
1791128482.7791,4960,1232,56375,306000000,1728000
1791128482.8292,4960,1224,56312,306000000,1728000
1791128482.8793,4960,1224,56312,306000000,1728000
1791128482.9294,4960,1224,56250,306000000,1728000
1791128482.9794,4960,1224,56343,306000000,1728000
1791128483.0295,4960,1208,56250,306000000,1728000
1791128483.0796,4960,1216,56187,306000000,1728000
1791128483.1297,4960,1216,56312,306000000,1728000
1791128483.1798,4960,1216,56312,306000000,1728000
1791128483.2299,4960,1224,56375,306000000,1728000
1791128483.2799,4960,1232,56125,306000000,1728000
1791128483.3300,4960,1224,56343,306000000,1728000
1791128483.3801,4960,1224,56187,306000000,1728000
1791128483.4302,4960,1224,56250,306000000,1728000
1791128483.4803,4960,1224,56187,306000000,1728000
1791128483.5304,4960,1224,56281,306000000,1728000
1791128483.5804,4960,1216,56343,306000000,1728000
1791128483.6305,4960,1216,56218,306000000,1728000
1791128483.6806,4960,1208,56375,306000000,1728000
1791128483.7307,4960,1216,56250,306000000,1728000
1791128483.7808,4960,1216,56218,306000000,1728000
1791128483.8309,4960,1232,56312,306000000,1728000
1791128483.8809,4960,1224,56218,306000000,1728000
1791128483.9310,4960,1224,56312,306000000,1728000
1791128483.9811,4960,1216,56187,306000000,1728000
1791128484.0312,4960,1208,56343,306000000,1728000
1791128484.0813,4960,1216,56312,306000000,1728000
1791128484.1314,4960,1208,56312,306000000,1728000
1791128484.1815,4960,1216,56156,306000000,1728000
1791128484.2315,4960,1208,56281,306000000,1728000
1791128484.2816,4960,1216,56156,306000000,1728000
1791128484.3317,4960,1224,56343,306000000,1728000
1791128484.3818,4960,1224,56250,306000000,1728000
1791128484.4319,4960,1224,56343,306000000,1728000
1791128484.4820,4960,1224,56406,306000000,1728000
1791128484.5321,4960,1224,56250,306000000,1728000
1791128484.5821,4960,1216,56406,306000000,1728000
1791128484.6322,4960,1224,56343,306000000,1728000
1791128484.6823,4960,1216,56343,306000000,1728000
1791128484.7324,4960,1224,56312,306000000,1728000
1791128484.7825,4960,1208,56343,306000000,1728000
1791128484.8326,4960,1216,56312,306000000,1728000
1791128484.8827,4960,1216,56312,306000000,1420800
1791128484.9327,4960,1232,56437,306000000,1728000
1791128484.9828,4960,1232,56281,306000000,1728000
1791128485.0329,4960,1224,56375,306000000,1728000
1791128485.0830,4960,1232,56218,306000000,1728000
1791128485.1331,4960,1224,56406,306000000,1728000
1791128485.1831,4960,1232,56187,306000000,1728000
1791128485.2332,4960,1216,56375,306000000,1728000
1791128485.2833,4960,1216,56187,306000000,1728000
1791128485.3334,4960,1216,56375,306000000,1728000
1791128485.3835,4960,1216,56343,306000000,1728000
1791128485.4336,4960,1216,56218,306000000,1728000
1791128485.4837,4960,1232,56343,306000000,1728000
1791128485.5337,4960,1224,56250,306000000,1728000
1791128485.5838,4960,1232,56375,306000000,1728000
1791128485.6339,4960,1224,56250,306000000,1728000
1791128485.6840,4960,1232,56312,306000000,1728000
1791128485.7341,4960,1216,56156,306000000,1728000
1791128485.7841,4960,1224,56281,306000000,1728000
1791128485.8342,4960,1224,56375,306000000,1728000
1791128485.8843,4960,1216,56281,306000000,1728000
1791128485.9344,4960,1216,56437,306000000,1728000
1791128485.9845,4960,1216,56250,306000000,1728000
1791128486.0345,4960,1224,56406,306000000,1728000
1791128486.0846,4960,1224,56312,306000000,1728000
1791128486.1347,4960,1224,56281,306000000,1728000
1791128486.1848,4960,1224,56187,306000000,1728000
1791128486.2349,4960,1224,56312,306000000,1728000
1791128486.2849,4960,1224,56375,306000000,1728000
1791128486.3350,4960,1224,56187,306000000,1728000
1791128486.3851,4960,1216,56375,306000000,1728000
1791128486.4352,4960,1216,56218,306000000,1728000
1791128486.4853,4960,1216,56312,306000000,1728000
1791128486.5354,4960,1208,56187,306000000,1728000
1791128486.5855,4960,1224,56312,306000000,1728000
1791128486.6356,4960,1224,56250,306000000,1728000
1791128486.6857,4960,1224,56312,306000000,1728000
1791128486.7357,4960,1216,56187,306000000,1728000
1791128486.7858,4960,1224,56250,306000000,1728000
1791128486.8359,4960,1208,56281,306000000,1728000
1791128486.8860,4960,1216,56218,306000000,1728000
1791128486.9361,4960,1208,56312,306000000,1728000
1791128486.9861,4960,1216,56156,306000000,1728000
1791128487.0362,4960,1224,56281,306000000,1728000
1791128487.0863,4960,1216,56218,306000000,1728000
1791128487.1364,4960,1224,56250,306000000,1113600
1791128487.1865,4960,1224,56187,306000000,1728000
1791128487.2366,4960,1224,56281,306000000,1728000
1791128487.2867,4960,1216,56312,306000000,1728000
1791128487.3368,4960,1224,56281,306000000,1728000
1791128487.3869,4960,1216,56437,306000000,1728000
1791128487.4369,4960,1224,56312,306000000,1728000
1791128487.4870,4960,1216,56281,306000000,1728000
1791128487.5371,4960,1216,56187,306000000,1728000
1791128487.5872,4960,1216,56250,306000000,1728000
1791128487.6373,4960,1208,56125,306000000,1728000
1791128487.6874,4960,1216,56250,306000000,1420800
1791128487.7375,4960,1232,56343,306000000,1728000
1791128487.7876,4960,1224,56156,306000000,1728000
1791128487.8377,4960,1224,56375,306000000,1728000
1791128487.8877,4960,1216,56156,306000000,1728000
1791128487.9378,4960,1216,56281,306000000,1728000
1791128487.9879,4960,1216,56218,306000000,1728000
1791128488.0380,4960,1216,56281,306000000,1728000
1791128488.0881,4960,1216,56250,306000000,1728000
1791128488.1381,4960,1208,56218,306000000,1728000
1791128488.1882,4960,1216,56375,306000000,1728000
1791128488.2383,4960,1208,56218,306000000,1728000
1791128488.2884,4960,1232,56312,306000000,1728000
1791128488.3385,4960,1216,56218,306000000,1728000
1791128488.3886,4960,1224,56312,306000000,1728000
1791128488.4387,4960,1216,56218,306000000,1728000
1791128488.4887,4960,1216,56281,306000000,1728000
1791128488.5388,4960,1216,56187,306000000,1728000
1791128488.5889,4960,1224,56250,306000000,1728000
1791128488.6390,4960,1208,56375,306000000,1728000
1791128488.6891,4960,1216,56250,306000000,1728000
1791128488.7391,4960,1208,56312,306000000,1728000
1791128488.7892,4960,1216,56250,306000000,1113600
1791128488.8393,4960,1232,56281,306000000,1728000
1791128488.8894,4960,1224,56156,306000000,1728000
1791128488.9395,4960,1224,56281,306000000,1728000
1791128488.9896,4960,1224,56156,306000000,1728000
1791128489.0397,4960,1224,56281,306000000,1728000
1791128489.0897,4960,1216,56343,306000000,1728000
1791128489.1398,4960,1216,56156,306000000,1728000
1791128489.1899,4960,1216,56250,306000000,1728000
1791128489.2400,4960,1216,56250,306000000,1728000
1791128489.2901,4960,1216,56312,306000000,1728000
1791128489.3402,4960,1216,56156,306000000,1728000
1791128489.3902,4960,1224,56281,306000000,1728000
1791128489.4403,4960,1232,56187,306000000,1728000
1791128489.4904,4960,1224,56218,306000000,1728000
1791128489.5405,4960,1232,56250,306000000,1728000
1791128489.5906,4960,1216,56093,306000000,1728000
1791128489.6407,4960,1224,56312,306000000,1728000
1791128489.6908,4960,1216,56250,306000000,1728000
1791128489.7409,4960,1216,56281,306000000,1728000
1791128489.7909,4960,1208,56125,306000000,1728000
1791128489.8410,4960,1216,56156,306000000,1728000
1791128489.8911,4960,1208,56218,306000000,1728000
1791128489.9412,4960,1224,56218,306000000,1113600
1791128489.9913,4960,1224,56187,306000000,1728000
1791128490.0414,4960,1208,56187,306000000,1728000
1791128490.0915,4960,1216,56312,306000000,1728000
1791128490.1415,4960,1216,56156,306000000,1728000
1791128490.1916,4960,1216,56250,306000000,1728000
1791128490.2417,4960,1216,56125,306000000,1728000
1791128490.2918,4960,1216,56250,306000000,1728000
1791128490.3419,4960,1216,56125,306000000,1728000
1791128490.3920,4960,1216,56250,306000000,1728000
1791128490.4420,4960,1216,56062,306000000,1728000
1791128490.4921,4960,1216,56218,306000000,1728000
1791128490.5422,4960,1224,56375,306000000,1728000
1791128490.5923,4960,1224,56218,306000000,1728000
1791128490.6424,4960,1224,56375,306000000,1728000
1791128490.6925,4960,1224,56187,306000000,1728000
1791128490.7426,4960,1224,56218,306000000,1728000
1791128490.7927,4960,1216,56093,306000000,1728000
1791128490.8428,4960,1224,56250,306000000,806400
1791128490.8929,4960,1216,56187,306000000,1728000
1791128490.9429,4960,1224,56218,306000000,1728000
1791128490.9930,4960,1232,56375,306000000,1728000
1791128491.0431,4960,1232,56093,306000000,1728000
1791128491.0932,4960,1256,56312,306000000,806400
1791128491.1433,4960,1248,56156,306000000,1728000
1791128491.1934,4960,1248,56250,306000000,1728000
1791128491.2435,4960,1248,56125,306000000,1728000
1791128491.2936,4960,1232,56250,306000000,1728000
1791128491.3437,4960,1240,56093,306000000,1728000
1791128491.3938,4960,1240,56187,306000000,1728000
1791128491.4438,4960,1232,56250,306000000,1728000
1791128491.4939,4960,1232,56218,306000000,1728000
1791128491.5440,4960,1232,56312,306000000,1728000
1791128491.5941,4960,1232,56156,306000000,1728000
1791128491.6442,4960,1248,56312,306000000,1728000
1791128491.6943,4960,1248,56187,306000000,1728000
1791128491.7444,4960,1240,56250,306000000,1728000
1791128491.7945,4960,1248,56125,306000000,1728000
1791128491.8446,4960,1240,56250,306000000,806400
1791128491.8947,4960,1240,56093,306000000,1728000
1791128491.9447,4960,1240,56156,306000000,1728000
1791128491.9948,4960,1240,56343,306000000,1728000
1791128492.0449,4960,1232,56125,306000000,729600
1791128492.0950,4960,1232,56343,306000000,1728000
1791128492.1451,4960,1232,56218,306000000,1728000
1791128492.1952,4960,1248,56187,306000000,1190400
1791128492.2453,4960,1248,56062,306000000,729600
1791128492.2954,4960,1248,56125,306000000,1728000
1791128492.3455,4960,1256,56125,306000000,1728000
1791128492.3955,4960,1256,56218,306000000,1728000
1791128492.4456,4960,1240,56218,306000000,1728000
1791128492.4957,4960,1248,56218,306000000,1728000
1791128492.5458,4960,1248,56250,306000000,1728000
1791128492.5959,4960,1240,56218,306000000,1728000
1791128492.6460,4960,1240,56218,306000000,1728000
1791128492.6961,4960,1232,56187,306000000,1728000
1791128492.7463,4960,1240,56156,306000000,1728000
1791128492.7964,4960,1264,56093,306000000,1728000
1791128492.8465,4960,1264,56125,306000000,1728000
1791128492.8965,4960,1264,56281,306000000,806400
1791128492.9466,4960,1248,56093,306000000,806400
1791128492.9967,4960,1248,56312,306000000,1728000
1791128493.0468,4960,1240,56187,306000000,883200
1791128493.0969,4960,1240,56187,306000000,1728000
1791128493.1470,4960,1248,56093,306000000,1728000
1791128493.1971,4960,1240,56218,306000000,729600
1791128493.2472,4960,1240,56031,306000000,1728000
1791128493.2973,4960,1240,56250,306000000,1728000
1791128493.3474,4960,1256,56375,306000000,1728000
1791128493.3975,4960,1248,56125,306000000,1728000
1791128493.4476,4960,1256,56281,306000000,1728000
1791128493.4977,4960,1240,56125,306000000,1728000
1791128493.5478,4960,1248,56312,306000000,1728000
1791128493.5979,4960,1240,56125,306000000,1728000
1791128493.6480,4960,1240,56156,306000000,1728000
1791128493.6980,4960,1240,56125,306000000,1728000
1791128493.7481,4960,1232,56250,306000000,1728000
1791128493.7982,4960,1232,56218,306000000,1728000
1791128493.8483,4960,1232,56218,306000000,1728000
1791128493.8984,4960,1248,56250,306000000,1728000
1791128493.9485,4960,1248,56093,306000000,729600
1791128493.9986,4960,1248,56187,306000000,1728000
1791128494.0487,4960,1248,56062,306000000,1728000
1791128494.0988,4960,1240,56187,306000000,1728000
1791128494.1489,4960,1248,56125,306000000,1728000
1791128494.1990,4960,1240,56156,306000000,1728000
1791128494.2491,4960,1240,56156,306000000,1728000
1791128494.2992,4960,1232,56125,306000000,1728000
1791128494.3493,4960,1232,56312,306000000,1728000
1791128494.3994,4960,1232,56156,306000000,729600
1791128494.4495,4960,1240,56250,306000000,1728000
1791128494.4996,4960,1248,56031,306000000,1728000
1791128494.5496,4960,1240,56187,306000000,1728000
1791128494.5997,4960,1240,56093,306000000,1728000
1791128494.6498,4960,1240,56250,306000000,1728000
1791128494.6999,4960,1232,56062,306000000,1728000
1791128494.7500,4960,1224,56156,306000000,1728000
1791128494.8000,4960,1232,56250,306000000,1728000
1791128494.8501,4960,1216,56156,306000000,1728000
1791128494.9002,4960,1224,56125,306000000,1728000
1791128494.9503,4960,1216,56062,306000000,1728000
1791128495.0004,4960,1232,56156,306000000,1190400
1791128495.0505,4960,1240,56093,306000000,1728000
1791128495.1006,4960,1232,56156,306000000,1728000
1791128495.1506,4960,1224,56125,306000000,1728000
1791128495.2007,4960,1224,56093,306000000,1728000
1791128495.2508,4960,1216,56281,306000000,1728000
1791128495.3009,4960,1224,56125,306000000,1728000
1791128495.3510,4960,1216,56250,306000000,1728000
1791128495.4011,4960,1216,56125,306000000,1728000
1791128495.4511,4960,1224,56125,306000000,1728000
1791128495.5012,4960,1216,56031,306000000,1728000
1791128495.5513,4960,1224,56218,306000000,1344000
1791128495.6014,4960,1224,56062,306000000,1728000
1791128495.6515,4960,1224,56187,306000000,1728000
1791128495.7016,4960,1224,56218,306000000,1728000
1791128495.7516,4960,1216,56093,306000000,1728000
1791128495.8017,4960,1216,56250,306000000,1728000
1791128495.8518,4960,1208,56062,306000000,1728000
1791128495.9019,4960,1216,56250,306000000,1728000
1791128495.9520,4960,1216,56062,306000000,1728000
1791128496.0020,4960,1208,56218,306000000,1728000
1791128496.0521,4960,1216,56062,306000000,1728000
1791128496.1022,4960,1216,56218,306000000,1728000
1791128496.1523,4960,1232,56250,306000000,1728000
1791128496.2024,4960,1224,56093,306000000,1728000
1791128496.2525,4960,1224,56250,306000000,1728000
1791128496.3026,4960,1216,56062,306000000,1728000
1791128496.3527,4960,1224,56156,306000000,1728000
1791128496.4027,4960,1216,56062,306000000,1728000
1791128496.4528,4960,1216,56156,306000000,1728000
1791128496.5029,4960,1208,56125,306000000,1728000
1791128496.5529,4960,1216,56187,306000000,1728000
1791128496.6031,4960,1208,56343,306000000,1728000
1791128496.6532,4960,1216,56156,306000000,1728000
1791128496.7033,4960,1224,56218,306000000,1728000
1791128496.7533,4960,1232,56125,306000000,1728000
1791128496.8034,4960,1232,56218,306000000,1728000
1791128496.8535,4960,1224,56093,306000000,1728000
1791128496.9036,4960,1224,56125,306000000,1728000
1791128496.9537,4960,1216,56062,306000000,1728000
1791128497.0037,4960,1216,56156,306000000,1728000
1791128497.0538,4960,1208,56281,306000000,1728000
1791128497.1039,4960,1216,56093,306000000,1728000
1791128497.1540,4960,1208,56250,306000000,1728000
1791128497.2041,4960,1216,56031,306000000,1728000
1791128497.2541,4960,1216,56156,306000000,1728000
1791128497.3042,4960,1224,56031,306000000,1728000
1791128497.3543,4960,1216,56125,306000000,1728000
1791128497.4044,4960,1224,56031,306000000,1728000
1791128497.4545,4960,1216,56156,306000000,1728000
1791128497.5046,4960,1224,56250,306000000,1728000
1791128497.5546,4960,1208,56156,306000000,1728000
1791128497.6047,4960,1216,56156,306000000,1728000
1791128497.6548,4960,1216,56031,306000000,1728000
1791128497.7049,4960,1216,56187,306000000,1728000
1791128497.7550,4960,1208,56031,306000000,1728000
1791128497.8051,4960,1224,56125,306000000,1728000
1791128497.8552,4960,1224,56125,306000000,1728000
1791128497.9053,4960,1224,56093,306000000,1728000
1791128497.9553,4960,1216,56312,306000000,1728000
1791128498.0054,4960,1216,56062,306000000,1728000
1791128498.0555,4960,1216,56156,306000000,1728000
1791128498.1056,4960,1224,56093,306000000,1728000
1791128498.1557,4960,1216,56218,306000000,1728000
1791128498.2057,4960,1216,56031,306000000,1728000
1791128498.2558,4960,1208,56125,306000000,1728000
1791128498.3059,4960,1216,55937,306000000,1728000
1791128498.3560,4960,1216,56187,306000000,1728000
1791128498.4061,4960,1232,56000,306000000,1728000
1791128498.4562,4960,1216,56093,306000000,1728000
1791128498.5063,4960,1224,56187,306000000,1728000
1791128498.5563,4960,1216,56062,306000000,1728000
1791128498.6064,4960,1216,56218,306000000,1728000
1791128498.6565,4960,1216,56031,306000000,1728000
1791128498.7066,4960,1216,56062,306000000,1728000
1791128498.7567,4960,1208,55968,306000000,1728000
1791128498.8068,4960,1208,56125,306000000,1728000
1791128498.8568,4960,1208,56062,306000000,1728000
1791128498.9069,4960,1208,56093,306000000,1267200
1791128498.9570,4960,1224,56187,306000000,1728000
1791128499.0071,4960,1216,56000,306000000,1728000
1791128499.0572,4960,1224,56125,306000000,1728000
1791128499.1073,4960,1216,56062,306000000,1728000
1791128499.1573,4960,1216,56093,306000000,1728000
1791128499.2074,4960,1216,56000,306000000,1728000
1791128499.2575,4960,1216,56125,306000000,1728000
1791128499.3076,4960,1216,56000,306000000,1728000
1791128499.3577,4960,1208,56062,306000000,1728000
1791128499.4077,4960,1208,56281,306000000,1728000
1791128499.4578,4960,1216,56031,306000000,1728000
1791128499.5079,4960,1224,56218,306000000,1728000
1791128499.5580,4960,1224,56031,306000000,1728000
1791128499.6081,4960,1224,56093,306000000,1728000
1791128499.6582,4960,1224,56062,306000000,1728000
1791128499.7083,4960,1216,56093,306000000,1728000
1791128499.7583,4960,1216,55968,306000000,1728000
1791128499.8084,4960,1224,56031,306000000,1728000
1791128499.8585,4960,1216,56187,306000000,1728000
1791128499.9086,4960,1216,56031,306000000,1728000
1791128499.9587,4960,1216,56218,306000000,1728000
1791128500.0087,4960,1216,56031,306000000,1728000
1791128500.0588,4960,1232,56187,306000000,1728000
1791128500.1089,4960,1232,56062,306000000,1728000
1791128500.1590,4960,1224,56031,306000000,1728000
1791128500.2091,4960,1224,56031,306000000,1728000
1791128500.2592,4960,1232,56093,306000000,1728000
1791128500.3092,4960,1224,56187,306000000,1728000
1791128500.3593,4960,1224,55968,306000000,1728000
1791128500.4094,4960,1224,56156,306000000,1728000
1791128500.4595,4960,1216,56062,306000000,1728000
1791128500.5095,4960,1216,56062,306000000,1728000
1791128500.5596,4960,1216,56062,306000000,1728000
1791128500.6097,4960,1224,56093,306000000,1728000
1791128500.6598,4960,1224,56031,306000000,1728000
1791128500.7099,4960,1232,56125,306000000,1728000
1791128500.7600,4960,1224,56281,306000000,1728000
1791128500.8100,4960,1232,56031,306000000,1728000
1791128500.8601,4960,1224,56125,306000000,1728000
1791128500.9102,4960,1224,56031,306000000,1728000
1791128500.9603,4960,1216,56125,306000000,1728000
1791128501.0103,4960,1216,56000,306000000,1728000
1791128501.0604,4960,1208,56093,306000000,1728000
1791128501.1105,4960,1208,55968,306000000,1728000
1791128501.1606,4960,1216,56062,306000000,1497600
1791128501.2107,4960,1216,56218,306000000,1728000
1791128501.2607,4960,1224,56031,306000000,1728000
1791128501.3108,4960,1216,56125,306000000,1728000
1791128501.3609,4960,1216,56062,306000000,1728000
1791128501.4110,4960,1208,56156,306000000,1728000
1791128501.4611,4960,1216,56000,306000000,1728000
1791128501.5112,4960,1208,56093,306000000,1728000
1791128501.5612,4960,1216,56000,306000000,1728000
1791128501.6113,4960,1208,56062,306000000,1728000
1791128501.6614,4960,1200,56187,306000000,1728000
1791128501.7115,4960,1208,56031,306000000,1728000
1791128501.7616,4960,1216,56125,306000000,1728000
1791128501.8117,4960,1224,56031,306000000,1728000
1791128501.8618,4960,1208,56125,306000000,1728000
1791128501.9119,4960,1216,56031,306000000,1728000
1791128501.9619,4960,1208,56062,306000000,1728000
1791128502.0120,4960,1216,56031,306000000,1728000
1791128502.0621,4960,1208,56093,306000000,1728000
1791128502.1122,4960,1216,56187,306000000,1728000
1791128502.1623,4960,1216,56062,306000000,1728000
1791128502.2123,4960,1208,56125,306000000,1728000
1791128502.2624,4960,1216,56062,306000000,1728000
1791128502.3125,4960,1232,56125,306000000,1728000
1791128502.3626,4960,1232,55968,306000000,1728000
1791128502.4127,4960,1232,56031,306000000,1728000
1791128502.4628,4960,1224,55968,306000000,1728000
1791128502.5129,4960,1232,56031,306000000,1728000
1791128502.5630,4960,1216,56031,306000000,1728000
1791128502.6130,4960,1224,56031,306000000,1728000
1791128502.6631,4960,1216,56218,306000000,1728000
1791128502.7132,4960,1224,56031,306000000,1728000
1791128502.7633,4960,1224,56062,306000000,1728000
1791128502.8134,4960,1224,55906,306000000,1728000
1791128502.8635,4960,1240,56031,306000000,1420800
1791128502.9135,4960,1240,56031,306000000,1728000
1791128502.9636,4960,1232,56031,306000000,1728000
1791128503.0137,4960,1232,55937,306000000,1728000
1791128503.0638,4960,1232,56031,306000000,1728000
1791128503.1139,4960,1224,56156,306000000,1728000
1791128503.1640,4960,1232,56031,306000000,1728000
1791128503.2141,4960,1232,56187,306000000,1728000
1791128503.2642,4960,1240,56000,306000000,1728000
1791128503.3143,4960,1232,56093,306000000,1728000
1791128503.3643,4960,1240,56031,306000000,1728000
1791128503.4144,4960,1248,56125,306000000,1728000
1791128503.4645,4960,1256,56031,306000000,806400
1791128503.5146,4960,1248,56156,306000000,1728000
1791128503.5647,4960,1256,56125,306000000,1728000
1791128503.6148,4960,1248,55937,306000000,1728000
1791128503.6649,4960,1240,56156,306000000,1728000
1791128503.7150,4960,1248,56000,306000000,1728000
1791128503.7651,4960,1240,56093,306000000,1728000
1791128503.8152,4960,1240,56031,306000000,1728000
1791128503.8653,4960,1240,56062,306000000,1728000
1791128503.9154,4960,1232,55937,306000000,806400
1791128503.9655,4960,1248,56125,306000000,1728000
1791128504.0156,4960,1256,56125,306000000,1728000
1791128504.0657,4960,1256,56031,306000000,1728000
1791128504.1157,4960,1264,56218,306000000,1728000
1791128504.1658,4960,1256,56000,306000000,729600
1791128504.2159,4960,1248,56093,306000000,1728000
1791128504.2660,4960,1256,55937,306000000,806400
1791128504.3161,4960,1240,56031,306000000,1728000
1791128504.3662,4960,1240,56000,306000000,1728000
1791128504.4163,4960,1248,56062,306000000,1728000
1791128504.4664,4960,1232,55968,306000000,1728000
1791128504.5165,4960,1248,56062,306000000,1728000
1791128504.5666,4960,1264,56062,306000000,960000
1791128504.6167,4960,1256,56031,306000000,1728000
1791128504.6668,4960,1256,56093,306000000,1728000
1791128504.7169,4960,1256,56000,306000000,1728000
1791128504.7670,4960,1256,56031,306000000,1728000
1791128504.8171,4960,1248,55968,306000000,1728000
1791128504.8672,4960,1256,56031,306000000,1728000
1791128504.9173,4960,1256,55968,306000000,1728000
1791128504.9674,4960,1240,55968,306000000,1728000
1791128505.0175,4960,1240,56093,306000000,1728000
1791128505.0676,4960,1240,55906,306000000,1728000
1791128505.1177,4960,1264,56156,306000000,1344000
1791128505.1677,4960,1256,56031,306000000,1728000
1791128505.2178,4960,1264,56062,306000000,1728000
1791128505.2679,4960,1256,56000,306000000,1728000
1791128505.3180,4960,1248,56062,306000000,1728000
1791128505.3681,4960,1248,55968,306000000,1728000
1791128505.4182,4960,1240,56093,306000000,1728000
1791128505.4683,4960,1240,56093,306000000,1728000
1791128505.5184,4960,1240,56031,306000000,1728000
1791128505.5685,4960,1232,56062,306000000,1728000
1791128505.6186,4960,1240,55937,306000000,1113600
1791128505.6687,4960,1256,56031,306000000,1728000
1791128505.7188,4960,1256,56000,306000000,729600
1791128505.7689,4960,1256,56062,306000000,1728000
1791128505.8190,4960,1248,56000,306000000,1728000
1791128505.8691,4960,1256,56031,306000000,1728000
1791128505.9191,4960,1256,56156,306000000,1728000
1791128505.9692,4960,1248,55968,306000000,1728000
1791128506.0193,4960,1248,56125,306000000,1728000
1791128506.0694,4960,1248,56000,306000000,1728000
1791128506.1195,4960,1240,56093,306000000,1728000
1791128506.1696,4960,1240,55906,306000000,1728000
1791128506.2197,4960,1264,56031,306000000,1728000
1791128506.2698,4960,1256,55937,306000000,806400
1791128506.3199,4960,1256,56031,306000000,1728000
1791128506.3700,4960,1256,56093,306000000,1728000
1791128506.4201,4960,1256,56000,306000000,1728000
1791128506.4702,4960,1256,56093,306000000,1728000
1791128506.5203,4960,1248,56031,306000000,1728000
1791128506.5704,4960,1248,56093,306000000,1728000
1791128506.6205,4960,1240,55937,306000000,1728000
1791128506.6706,4960,1240,55968,306000000,1728000
1791128506.7207,4960,1240,55906,306000000,1728000
1791128506.7708,4960,1240,56093,306000000,1420800
1791128506.8209,4960,1256,55937,306000000,1728000
1791128506.8710,4960,1256,55968,306000000,806400
1791128506.9210,4960,1248,56093,306000000,1728000
1791128506.9711,4960,1248,55968,306000000,1728000
1791128507.0212,4960,1256,56093,306000000,1728000
1791128507.0713,4960,1256,55906,306000000,806400
1791128507.1214,4960,1248,56000,306000000,1728000
1791128507.1715,4960,1248,55968,306000000,1728000
1791128507.2215,4960,1248,56062,306000000,1728000
1791128507.2716,4960,1240,55937,306000000,1728000
1791128507.3217,4960,1248,56031,306000000,1728000
1791128507.3718,4960,1264,56125,306000000,1728000
1791128507.4219,4960,1264,55937,306000000,1728000
1791128507.4720,4960,1264,56031,306000000,1728000
1791128507.5220,4960,1264,55906,306000000,1728000
1791128507.5721,4960,1264,56000,306000000,1728000
1791128507.6222,4960,1256,56000,306000000,1728000
1791128507.6723,4960,1264,56093,306000000,1728000
1791128507.7224,4960,1256,55906,306000000,1728000
1791128507.7725,4960,1248,56031,306000000,1728000
1791128507.8225,4960,1248,56031,306000000,1728000
1791128507.8726,4960,1248,55937,306000000,1728000
1791128507.9227,4960,1264,56093,306000000,1497600
1791128507.9728,4960,1264,55968,306000000,1728000
1791128508.0229,4960,1264,56125,306000000,806400
1791128508.0730,4960,1256,56031,306000000,1728000
1791128508.1231,4960,1256,56031,306000000,1728000
1791128508.1732,4960,1256,55968,306000000,1728000
1791128508.2233,4960,1264,56031,306000000,729600
1791128508.2734,4960,1256,56093,306000000,1728000
1791128508.3235,4960,1256,56000,306000000,806400
1791128508.3736,4960,1240,56062,306000000,1728000
1791128508.4236,4960,1240,55968,306000000,1728000
1791128508.4737,4960,1264,56125,306000000,1728000
1791128508.5238,4960,1272,55937,306000000,1728000
1791128508.5739,4960,1256,56031,306000000,1728000
1791128508.6240,4960,1256,55906,306000000,1728000
1791128508.6741,4960,1256,56000,306000000,1728000
1791128508.7242,4960,1248,56031,306000000,806400
1791128508.7743,4960,1256,56000,306000000,1728000
1791128508.8244,4960,1256,56062,306000000,1728000
1791128508.8745,4960,1248,56000,306000000,1728000
1791128508.9245,4960,1256,56031,306000000,1728000
1791128508.9746,4960,1240,55906,306000000,960000
1791128509.0247,4960,1264,56093,306000000,1728000
1791128509.0748,4960,1272,56000,306000000,1728000
1791128509.1249,4960,1272,56031,306000000,1728000
1791128509.1751,4960,1280,55906,306000000,1728000
1791128509.2251,4960,1272,56000,306000000,1728000
1791128509.2752,4960,1272,56062,306000000,806400
1791128509.3253,4960,1272,55906,306000000,1728000
1791128509.3754,4960,1264,56093,306000000,1728000
1791128509.4255,4960,1256,55906,306000000,729600
1791128509.4756,4960,1256,56031,306000000,1728000
1791128509.5257,4960,1256,55906,306000000,1728000
1791128509.5758,4960,1264,56062,306000000,1728000
1791128509.6259,4960,1288,55937,306000000,883200
1791128509.6760,4960,1280,56000,306000000,1728000
1791128509.7261,4960,1280,56062,306000000,806400
1791128509.7762,4960,1264,55937,306000000,729600
1791128509.8263,4960,1264,56062,306000000,1728000
1791128509.8764,4960,1264,55968,306000000,1728000
1791128509.9265,4960,1264,56062,306000000,1728000
1791128509.9766,4960,1264,55937,306000000,1728000
1791128510.0267,4960,1256,56031,306000000,1728000
1791128510.0767,4960,1256,55937,306000000,1728000
1791128510.1268,4960,1264,56031,306000000,1728000
1791128510.1770,4960,1280,56125,306000000,1728000
1791128510.2271,4960,1280,55937,306000000,729600
1791128510.2772,4960,1272,56093,306000000,1728000
1791128510.3273,4960,1272,56000,306000000,1728000
1791128510.3773,4960,1272,55968,306000000,1728000
1791128510.4274,4960,1264,55968,306000000,1728000
1791128510.4775,4960,1264,56031,306000000,1728000
1791128510.5276,4960,1272,55968,306000000,1728000
1791128510.5777,4960,1264,55968,306000000,1728000
1791128510.6277,4960,1264,56093,306000000,1728000
1791128510.6779,4960,1264,55968,306000000,1113600
1791128510.7280,4960,1272,56093,306000000,1728000
1791128510.7781,4960,1272,55968,306000000,1728000
1791128510.8281,4960,1272,56062,306000000,1728000
1791128510.8782,4960,1272,55937,306000000,1728000
1791128510.9283,4960,1272,56000,306000000,1728000
1791128510.9784,4960,1264,55937,306000000,1728000
1791128511.0285,4960,1264,56031,306000000,1728000
1791128511.0786,4960,1248,55968,306000000,1728000
1791128511.1287,4960,1256,55937,306000000,729600
1791128511.1788,4960,1248,56093,306000000,1728000
1791128511.2289,4960,1240,56000,306000000,1728000
1791128511.2790,4960,1240,56031,306000000,1728000
1791128511.3291,4960,1248,55937,306000000,1728000
1791128511.3791,4960,1256,55968,306000000,1728000
1791128511.4292,4960,1264,55968,306000000,1728000
1791128511.4793,4960,1264,55968,306000000,1728000
1791128511.5294,4960,1272,55968,306000000,1728000
1791128511.5795,4960,1280,55968,306000000,1728000
1791128511.6296,4960,1272,56125,306000000,1728000
1791128511.6797,4960,1272,55968,306000000,1728000
1791128511.7298,4960,1264,56093,306000000,1728000
1791128511.7798,4960,1280,56031,306000000,1728000
1791128511.8299,4960,1296,56031,306000000,1728000
1791128511.8800,4960,1312,55937,306000000,1267200
1791128511.9301,4960,1312,55968,306000000,1728000
1791128511.9802,4960,1312,55906,306000000,1728000
1791128512.0303,4960,1312,55906,306000000,1728000
1791128512.0804,4960,1312,56125,306000000,806400
1791128512.1305,4960,1296,56000,306000000,1728000
1791128512.1805,4960,1296,56125,306000000,1728000
1791128512.2306,4960,1288,56031,306000000,1728000
1791128512.2807,4960,1280,56031,306000000,1728000
1791128512.3308,4960,1280,55968,306000000,1728000
1791128512.3809,4960,1288,55968,306000000,1728000
1791128512.4309,4960,1304,55906,306000000,1728000
1791128512.4810,4960,1304,55906,306000000,1728000
1791128512.5311,4960,1296,56156,306000000,806400
1791128512.5812,4960,1288,55906,306000000,1728000
1791128512.6313,4960,1288,56031,306000000,1728000
1791128512.6814,4960,1288,55968,306000000,1728000
1791128512.7315,4960,1280,56031,306000000,1728000
1791128512.7816,4960,1280,55968,306000000,1728000
1791128512.8316,4960,1280,56031,306000000,1728000
1791128512.8817,4960,1272,55875,306000000,729600
1791128512.9318,4960,1272,55937,306000000,1728000
1791128512.9819,4960,1288,56125,306000000,1728000
1791128513.0320,4960,1296,55968,306000000,883200
1791128513.0821,4960,1288,56031,306000000,1728000
1791128513.1322,4960,1280,55937,306000000,1728000
1791128513.1823,4960,1280,56062,306000000,729600
1791128513.2324,4960,1264,55937,306000000,1728000
1791128513.2825,4960,1264,56000,306000000,1728000
1791128513.3326,4960,1256,55875,306000000,1728000
1791128513.3827,4960,1256,55937,306000000,1728000
1791128513.4328,4960,1248,56125,306000000,1728000
1791128513.4829,4960,1248,55937,306000000,1728000
1791128513.5330,4960,1256,56062,306000000,1728000
1791128513.5831,4960,1272,55906,306000000,1728000
1791128513.6332,4960,1272,56031,306000000,1728000
1791128513.6833,4960,1272,55875,306000000,1728000
1791128513.7333,4960,1272,56031,306000000,729600
1791128513.7834,4960,1264,55875,306000000,1728000
1791128513.8335,4960,1264,56031,306000000,1728000
1791128513.8836,4960,1248,55875,306000000,1728000
1791128513.9337,4960,1256,55968,306000000,1728000
1791128513.9838,4960,1256,56062,306000000,1728000
1791128514.0338,4960,1248,55906,306000000,1728000
1791128514.0839,4960,1256,56125,306000000,1728000
1791128514.1340,4960,1272,55906,306000000,1728000
1791128514.1841,4960,1272,55968,306000000,1728000
1791128514.2342,4960,1256,55937,306000000,1728000
1791128514.2843,4960,1264,55968,306000000,1728000
1791128514.3344,4960,1264,55937,306000000,1728000
1791128514.3845,4960,1248,55906,306000000,729600
1791128514.4346,4960,1248,56093,306000000,1728000
1791128514.4847,4960,1248,55937,306000000,1728000
1791128514.5347,4960,1248,56000,306000000,1728000
1791128514.5848,4960,1248,55906,306000000,1728000
1791128514.6349,4960,1256,56031,306000000,1190400
1791128514.6850,4960,1264,55937,306000000,1728000
1791128514.7351,4960,1264,55906,306000000,1728000
1791128514.7852,4960,1256,55906,306000000,1728000
1791128514.8353,4960,1264,55906,306000000,1728000
1791128514.8854,4960,1248,56031,306000000,729600
1791128514.9355,4960,1248,55937,306000000,1728000
1791128514.9856,4960,1248,56000,306000000,1728000
1791128515.0357,4960,1256,55906,306000000,806400
1791128515.0858,4960,1240,56000,306000000,1728000
1791128515.1359,4960,1248,55906,306000000,1728000
1791128515.1860,4960,1240,56000,306000000,729600
1791128515.2361,4960,1256,55875,306000000,1267200
1791128515.2862,4960,1264,55937,306000000,1728000
1791128515.3363,4960,1256,56031,306000000,1728000
1791128515.3863,4960,1248,55937,306000000,1728000
1791128515.4364,4960,1248,56031,306000000,1728000
1791128515.4865,4960,1240,55937,306000000,1728000
1791128515.5366,4960,1240,56031,306000000,1728000
1791128515.5867,4960,1232,55812,306000000,883200
1791128515.6368,4960,1240,55937,306000000,1728000
1791128515.6869,4960,1248,55843,306000000,1728000
1791128515.7370,4960,1248,55906,306000000,1728000
1791128515.7871,4960,1256,56031,306000000,1728000
1791128515.8372,4960,1256,55968,306000000,883200
1791128515.8873,4960,1264,56062,306000000,806400
1791128515.9373,4960,1248,55937,306000000,729600
1791128515.9874,4960,1248,56062,306000000,1728000
1791128516.0375,4960,1248,55812,306000000,1728000
1791128516.0876,4960,1240,56031,306000000,1728000
1791128516.1377,4960,1240,55875,306000000,1728000
1791128516.1878,4960,1232,55906,306000000,1728000
1791128516.2379,4960,1240,55843,306000000,1728000
1791128516.2880,4960,1240,55875,306000000,1728000
1791128516.3381,4960,1248,56031,306000000,1728000
1791128516.3882,4960,1264,55906,306000000,1728000
1791128516.4383,4960,1272,56062,306000000,883200
1791128516.4884,4960,1264,55875,306000000,729600
1791128516.5385,4960,1256,56000,306000000,1728000
1791128516.5886,4960,1256,55875,306000000,1728000
1791128516.6387,4960,1248,55906,306000000,729600
1791128516.6888,4960,1240,55843,306000000,1728000
1791128516.7389,4960,1240,55906,306000000,1728000
1791128516.7890,4960,1248,56031,306000000,1728000
1791128516.8391,4960,1240,55875,306000000,1728000
1791128516.8892,4960,1248,56031,306000000,1113600
1791128516.9392,4960,1264,55906,306000000,1728000
1791128516.9893,4960,1264,56031,306000000,1728000
1791128517.0394,4960,1264,55843,306000000,1728000
1791128517.0895,4960,1264,55937,306000000,1728000
1791128517.1396,4960,1264,55843,306000000,729600
1791128517.1897,4960,1256,56000,306000000,1728000
1791128517.2398,4960,1264,56093,306000000,1728000
1791128517.2899,4960,1256,55937,306000000,729600
1791128517.3400,4960,1256,56000,306000000,1728000
1791128517.3901,4960,1264,55875,306000000,1728000
1791128517.4402,4960,1256,55843,306000000,1728000
1791128517.4903,4960,1272,55875,306000000,1728000
1791128517.5404,4960,1272,55937,306000000,1728000
1791128517.5905,4960,1280,55781,306000000,806400
1791128517.6406,4960,1272,55875,306000000,1728000
1791128517.6907,4960,1272,56062,306000000,1728000
1791128517.7408,4960,1272,55937,306000000,1728000
1791128517.7909,4960,1264,56000,306000000,1728000
1791128517.8410,4960,1264,55875,306000000,1728000
1791128517.8911,4960,1264,56000,306000000,1728000
1791128517.9412,4960,1264,55812,306000000,729600
1791128517.9913,4960,1256,55937,306000000,1728000
1791128518.0414,4960,1272,55812,306000000,1728000
1791128518.0915,4960,1280,56000,306000000,1728000
1791128518.1416,4960,1280,56031,306000000,1728000
1791128518.1917,4960,1272,55906,306000000,1728000
1791128518.2418,4960,1280,56031,306000000,1728000
1791128518.2918,4960,1264,55875,306000000,1728000
1791128518.3419,4960,1272,56000,306000000,1728000
1791128518.3920,4960,1264,55906,306000000,1728000
1791128518.4421,4960,1256,56031,306000000,1728000
1791128518.4922,4960,1256,55843,306000000,1728000
1791128518.5422,4960,1248,55937,306000000,1728000
1791128518.5923,4960,1256,55843,306000000,1728000
1791128518.6424,4960,1256,55906,306000000,1728000
1791128518.6925,4960,1256,56000,306000000,1728000
1791128518.7426,4960,1240,55937,306000000,1728000
1791128518.7927,4960,1248,56031,306000000,1728000
1791128518.8428,4960,1240,55843,306000000,1728000
1791128518.8929,4960,1240,55906,306000000,1728000
1791128518.9429,4960,1240,55843,306000000,1728000
1791128518.9930,4960,1232,55968,306000000,1728000
1791128519.0431,4960,1232,55875,306000000,1728000
1791128519.0932,4960,1224,55937,306000000,1728000
1791128519.1433,4960,1232,55906,306000000,1113600
1791128519.1934,4960,1248,55843,306000000,1344000
1791128519.2435,4960,1240,55968,306000000,1728000
1791128519.2935,4960,1240,55843,306000000,1728000
1791128519.3436,4960,1232,55843,306000000,1728000
1791128519.3937,4960,1224,55906,306000000,1728000
1791128519.4438,4960,1224,55937,306000000,1728000
1791128519.4939,4960,1232,55875,306000000,1728000
1791128519.5440,4960,1224,55781,306000000,1728000
1791128519.5940,4960,1224,56031,306000000,1728000
1791128519.6441,4960,1216,55937,306000000,1728000
1791128519.6942,4960,1224,56031,306000000,1728000
1791128519.7443,4960,1224,55875,306000000,1728000
1791128519.7944,4960,1232,55937,306000000,1728000
1791128519.8445,4960,1224,55843,306000000,1728000
1791128519.8945,4960,1232,55843,306000000,1728000
1791128519.9446,4960,1232,55843,306000000,1728000
1791128519.9947,4960,1224,55843,306000000,1728000
1791128520.0448,4960,1224,56031,306000000,1728000
1791128520.0949,4960,1224,55875,306000000,1728000
1791128520.1450,4960,1224,56000,306000000,1728000
1791128520.1951,4960,1216,55843,306000000,1728000
1791128520.2451,4960,1224,55968,306000000,1728000
1791128520.2952,4960,1224,55781,306000000,1267200
1791128520.3453,4960,1232,55843,306000000,1728000
1791128520.3954,4960,1232,55750,306000000,1728000
1791128520.4455,4960,1224,55843,306000000,1728000
1791128520.4956,4960,1224,56000,306000000,1728000
1791128520.5456,4960,1224,55906,306000000,1728000
1791128520.5957,4960,1224,56000,306000000,1728000
1791128520.6458,4960,1216,55843,306000000,1728000
1791128520.6959,4960,1224,55937,306000000,1728000
1791128520.7459,4960,1224,55750,306000000,1728000
1791128520.7960,4960,1216,55906,306000000,1728000
1791128520.8461,4960,1232,55812,306000000,1728000
1791128520.8962,4960,1232,55875,306000000,1728000
1791128520.9463,4960,1240,56000,306000000,1728000
1791128520.9964,4960,1232,55843,306000000,1728000
1791128521.0464,4960,1232,56031,306000000,1728000
1791128521.0965,4960,1224,55812,306000000,1728000
1791128521.1466,4960,1232,56000,306000000,1728000
1791128521.1967,4960,1216,55875,306000000,1728000
1791128521.2468,4960,1224,56000,306000000,1728000
1791128521.2969,4960,1216,55781,306000000,1728000
1791128521.3469,4960,1224,55937,306000000,1728000
1791128521.3970,4960,1216,56031,306000000,1728000
1791128521.4471,4960,1224,55812,306000000,1728000
1791128521.4972,4960,1224,56000,306000000,1728000
1791128521.5473,4960,1232,55812,306000000,1728000
1791128521.5974,4960,1216,56031,306000000,1728000
1791128521.6475,4960,1224,55781,306000000,1728000
1791128521.6976,4960,1224,55906,306000000,1728000
1791128521.7477,4960,1224,55843,306000000,1728000
1791128521.7977,4960,1208,55843,306000000,1728000
1791128521.8478,4960,1216,56031,306000000,1728000
1791128521.8979,4960,1208,55843,306000000,1728000
1791128521.9480,4960,1216,56031,306000000,1728000
1791128521.9981,4960,1224,55781,306000000,1728000
1791128522.0482,4960,1216,56031,306000000,1728000
1791128522.0983,4960,1216,55781,306000000,1728000
1791128522.1484,4960,1208,55875,306000000,1728000
1791128522.1984,4960,1216,55843,306000000,1728000
1791128522.2485,4960,1224,55875,306000000,1728000
1791128522.2986,4960,1216,55781,306000000,1728000
1791128522.3487,4960,1216,55937,306000000,1728000
1791128522.3987,4960,1208,55968,306000000,1728000
1791128522.4488,4960,1216,55843,306000000,1728000
1791128522.4989,4960,1208,55968,306000000,1190400
1791128522.5490,4960,1216,55843,306000000,1728000
1791128522.5991,4960,1224,55843,306000000,1728000
1791128522.6491,4960,1208,55843,306000000,1728000
1791128522.6992,4960,1216,55906,306000000,1728000
1791128522.7493,4960,1216,55781,306000000,1728000
1791128522.7994,4960,1216,55781,306000000,1728000
1791128522.8495,4960,1224,56031,306000000,1728000
1791128522.8995,4960,1216,55843,306000000,1728000
1791128522.9496,4960,1216,55968,306000000,1728000
1791128522.9997,4960,1208,55781,306000000,1728000
1791128523.0498,4960,1216,55906,306000000,1728000
1791128523.0999,4960,1216,55750,306000000,1728000
1791128523.1500,4960,1224,55875,306000000,1728000
1791128523.2001,4960,1224,55812,306000000,1728000
1791128523.2502,4960,1224,55812,306000000,1728000
1791128523.3002,4960,1224,56031,306000000,1728000
1791128523.3503,4960,1216,55781,306000000,1728000
1791128523.4004,4960,1216,56031,306000000,1728000
1791128523.4505,4960,1216,55843,306000000,1728000
1791128523.5006,4960,1216,55843,306000000,1728000
1791128523.5507,4960,1208,55718,306000000,1728000
1791128523.6007,4960,1216,55875,306000000,1728000
1791128523.6508,4960,1216,55781,306000000,1113600
1791128523.7009,4960,1224,55906,306000000,1728000
1791128523.7510,4960,1224,56031,306000000,1728000
1791128523.8011,4960,1224,55875,306000000,1728000
1791128523.8512,4960,1224,55937,306000000,1728000
1791128523.9013,4960,1216,55750,306000000,1728000
1791128523.9514,4960,1216,55968,306000000,1728000
1791128524.0015,4960,1216,55718,306000000,1728000
1791128524.0516,4960,1208,55906,306000000,1728000
1791128524.1016,4960,1216,55718,306000000,1728000
1791128524.1517,4960,1216,55875,306000000,1728000
1791128524.2018,4960,1216,55906,306000000,1728000
1791128524.2519,4960,1224,55875,306000000,1728000
1791128524.3020,4960,1224,56031,306000000,1728000
1791128524.3521,4960,1216,55875,306000000,1728000
1791128524.4022,4960,1216,55875,306000000,1728000
1791128524.4522,4960,1216,55812,306000000,1728000
1791128524.5023,4960,1216,55875,306000000,1728000
1791128524.5524,4960,1216,55812,306000000,1728000
1791128524.6025,4960,1216,55843,306000000,1728000
1791128524.6525,4960,1208,56000,306000000,1728000
1791128524.7026,4960,1216,55812,306000000,1728000
1791128524.7527,4960,1216,56031,306000000,1728000
1791128524.8028,4960,1224,55781,306000000,729600
1791128524.8529,4960,1232,55937,306000000,1728000
1791128524.9030,4960,1232,55812,306000000,1728000
1791128524.9531,4960,1224,55875,306000000,1728000
1791128525.0031,4960,1224,55750,306000000,1728000
1791128525.0532,4960,1224,55750,306000000,1728000
1791128525.1033,4960,1216,55718,306000000,1728000
1791128525.1534,4960,1224,55843,306000000,1728000
1791128525.2035,4960,1224,56000,306000000,1728000
1791128525.2536,4960,1216,55781,306000000,1728000
1791128525.3037,4960,1208,55937,306000000,1113600
1791128525.3538,4960,1232,55781,306000000,1728000
1791128525.4038,4960,1224,55781,306000000,1728000
1791128525.4539,4960,1224,55750,306000000,1728000
1791128525.5040,4960,1216,55875,306000000,1728000
1791128525.5541,4960,1224,55750,306000000,1728000
1791128525.6041,4960,1208,55812,306000000,1728000
1791128525.6542,4960,1216,55968,306000000,1728000
1791128525.7043,4960,1208,55781,306000000,1728000
1791128525.7544,4960,1216,56000,306000000,1728000
1791128525.8044,4960,1208,55718,306000000,1728000
1791128525.8545,4960,1208,55906,306000000,1728000
1791128525.9046,4960,1216,55718,306000000,1728000
1791128525.9547,4960,1224,55906,306000000,1728000
1791128526.0048,4960,1224,55750,306000000,1728000
1791128526.0549,4960,1224,55781,306000000,1728000
1791128526.1050,4960,1224,55968,306000000,1728000
1791128526.1551,4960,1224,55781,306000000,1728000
1791128526.2052,4960,1224,55968,306000000,1728000
1791128526.2552,4960,1224,55750,306000000,1728000
1791128526.3053,4960,1224,55906,306000000,1728000
1791128526.3554,4960,1224,55781,306000000,1728000
1791128526.4055,4960,1224,55812,306000000,1728000
1791128526.4556,4960,1232,55687,306000000,1728000
1791128526.5056,4960,1232,55750,306000000,1728000
1791128526.5557,4960,1240,55906,306000000,1728000
1791128526.6058,4960,1224,55812,306000000,1728000
1791128526.6559,4960,1232,55968,306000000,1728000
1791128526.7059,4960,1224,55812,306000000,1728000
1791128526.7560,4960,1232,55781,306000000,1728000
1791128526.8061,4960,1232,55656,306000000,1728000
1791128526.8562,4960,1224,55781,306000000,1728000
1791128526.9063,4960,1224,55812,306000000,1728000
1791128526.9564,4960,1216,55718,306000000,1728000
1791128527.0065,4960,1232,55968,306000000,1728000
1791128527.0566,4960,1224,55781,306000000,1728000
1791128527.1067,4960,1232,56000,306000000,1728000
1791128527.1567,4960,1240,55781,306000000,1728000
1791128527.2068,4960,1224,55812,306000000,1728000
1791128527.2569,4960,1232,55781,306000000,1728000
1791128527.3070,4960,1224,55812,306000000,1728000
1791128527.3571,4960,1224,55750,306000000,1728000
1791128527.4072,4960,1216,55812,306000000,1728000
1791128527.4572,4960,1224,55687,306000000,1728000
1791128527.5073,4960,1224,55781,306000000,1728000
1791128527.5574,4960,1224,55937,306000000,1728000
1791128527.6075,4960,1240,55781,306000000,1728000
1791128527.6576,4960,1232,55875,306000000,1728000
1791128527.7077,4960,1232,55718,306000000,1728000
1791128527.7577,4960,1224,55781,306000000,1728000
1791128527.8078,4960,1208,55687,306000000,1728000
1791128527.8579,4960,1200,55781,306000000,1728000
1791128527.9080,4960,1200,55781,306000000,1728000
1791128527.9581,4960,1200,55781,306000000,1728000
1791128528.0081,4960,1200,55875,306000000,1728000
1791128528.0582,4960,1200,55687,306000000,1728000
1791128528.1083,4960,1200,55937,306000000,1728000
1791128528.1584,4960,1216,55718,306000000,1728000
1791128528.2085,4960,1216,55781,306000000,1728000
1791128528.2586,4960,1216,55750,306000000,1728000
1791128528.3087,4960,1216,55812,306000000,1728000
1791128528.3587,4960,1208,55718,306000000,1728000
1791128528.4088,4960,1208,55750,306000000,1728000
1791128528.4589,4960,1208,55906,306000000,1728000
1791128528.5090,4960,1208,55750,306000000,1728000
1791128528.5591,4960,1208,55937,306000000,1728000
1791128528.6092,4960,1208,55750,306000000,1728000
1791128528.6592,4960,1208,55812,306000000,1728000
1791128528.7093,4960,1224,55843,306000000,1728000
1791128528.7594,4960,1224,55812,306000000,1728000
1791128528.8095,4960,1216,55656,306000000,1728000
1791128528.8596,4960,1216,55843,306000000,1728000
1791128528.9097,4960,1216,55968,306000000,1728000
1791128528.9598,4960,1216,55750,306000000,1728000
1791128529.0098,4960,1208,55968,306000000,1728000
1791128529.0599,4960,1208,55750,306000000,1728000
1791128529.1100,4960,1208,55843,306000000,1728000
1791128529.1601,4960,1208,55718,306000000,1728000
1791128529.2102,4960,1208,55875,306000000,1728000
1791128529.2603,4960,1216,55781,306000000,1728000
1791128529.3104,4960,1216,55812,306000000,1728000
1791128529.3604,4960,1216,55968,306000000,1728000
1791128529.4105,4960,1216,55843,306000000,1728000
1791128529.4606,4960,1216,55875,306000000,1728000
1791128529.5107,4960,1216,55781,306000000,1728000
1791128529.5608,4960,1216,55843,306000000,1728000
1791128529.6109,4960,1208,55718,306000000,1728000
1791128529.6609,4960,1208,55812,306000000,1728000
1791128529.7110,4960,1208,55718,306000000,1728000
1791128529.7611,4960,1208,55781,306000000,1728000
1791128529.8112,4960,1216,55968,306000000,1728000
1791128529.8613,4960,1224,55812,306000000,1728000
1791128529.9114,4960,1216,55906,306000000,1728000
1791128529.9615,4960,1216,55687,306000000,1728000
1791128530.0116,4960,1216,55812,306000000,1728000
1791128530.0617,4960,1208,55781,306000000,1728000
1791128530.1118,4960,1208,55812,306000000,1728000
1791128530.1618,4960,1208,55781,306000000,1728000
1791128530.2119,4960,1208,55781,306000000,1728000
1791128530.2620,4960,1224,55718,306000000,1728000
1791128530.3121,4960,1232,55750,306000000,1728000
1791128530.3622,4960,1240,56093,306000000,1728000
1791128530.4123,4960,1256,55781,306000000,1728000
1791128530.4624,4960,1256,55843,306000000,1728000
1791128530.5125,4960,1264,55843,306000000,1728000
1791128530.5626,4960,1272,55812,306000000,1728000
1791128530.6127,4960,1272,55750,306000000,1728000
1791128530.6627,4960,1264,55812,306000000,1728000
1791128530.7128,4960,1256,55687,306000000,1728000
1791128530.7629,4960,1248,55781,306000000,1728000
1791128530.8130,4960,1240,55937,306000000,1728000
1791128530.8631,4960,1224,55750,306000000,1728000
1791128530.9132,4960,1232,55875,306000000,1728000
1791128530.9633,4960,1256,55906,306000000,1728000
1791128531.0133,4960,1264,56000,306000000,1728000
1791128531.0634,4960,1280,56093,306000000,1728000
1791128531.1135,4960,1288,55843,306000000,1728000
1791128531.1636,4960,1280,55718,306000000,1728000
1791128531.2137,4960,1264,55812,306000000,1728000
1791128531.2638,4960,1256,55906,306000000,1728000
1791128531.3139,4960,1248,55718,306000000,1728000
1791128531.3639,4960,1248,55906,306000000,1728000
1791128531.4141,4960,1224,55656,306000000,1728000
1791128531.4642,4960,1208,55875,306000000,1728000
1791128531.5142,4960,1208,55781,306000000,1728000
