1791129549.9273,4968,992,58562,306000000,1728000
1791129549.9774,4968,1048,58937,306000000,1728000
1791129550.0275,4968,1104,59187,306000000,1728000
1791129550.0776,4968,1112,58718,306000000,1728000
1791129550.1277,4968,1128,58687,306000000,1728000
1791129550.1778,4960,1136,58656,306000000,1728000
1791129550.2278,4960,1144,58718,306000000,1728000
1791129550.2779,4960,1168,58718,306000000,1728000
1791129550.3280,4960,1184,58718,306000000,1728000
1791129550.3781,4960,1184,58625,306000000,1728000
1791129550.4282,4960,1192,58718,306000000,1728000
1791129550.4783,4960,1192,58531,306000000,1728000
1791129550.5284,4960,1192,58656,306000000,1728000
1791129550.5785,4960,1192,58625,306000000,1728000
1791129550.6286,4960,1200,58593,306000000,1728000
1791129550.6787,4960,1200,58843,306000000,1728000
1791129550.7288,4960,1208,58593,306000000,1728000
1791129550.7789,4960,1208,58718,306000000,1728000
1791129550.8290,4960,1216,58906,306000000,1728000
1791129550.8791,4960,1216,58750,1020000000,1728000
1791129550.9292,4960,1216,58593,306000000,1728000
1791129550.9793,4960,1216,58593,306000000,1728000
1791129551.0294,4960,1216,58531,306000000,1728000
1791129551.0795,4960,1224,58593,306000000,1728000
1791129551.1296,4960,1240,58843,306000000,1728000
1791129551.1797,4960,1256,58656,306000000,1728000
1791129551.2298,4960,1264,58718,306000000,1728000
1791129551.2799,4960,1280,58625,306000000,1728000
1791129551.3300,4960,1288,58750,306000000,1728000
1791129551.3801,4960,1312,58812,306000000,1728000
1791129551.4301,4960,1312,58718,306000000,1728000
1791129551.4803,4960,1312,58625,306000000,1728000
1791129551.5303,4960,1312,58687,306000000,1728000
1791129551.5804,4960,1312,58593,306000000,1728000
1791129551.6305,4960,1312,58687,306000000,1728000
1791129551.6806,4960,1312,58812,306000000,1728000
1791129551.7307,4960,1304,58656,306000000,1728000
1791129551.7809,4960,1304,58625,306000000,1728000
1791129551.8310,4960,1304,58625,306000000,1728000
1791129551.8810,4960,1304,58656,306000000,1728000
1791129551.9311,4960,1312,58625,306000000,1728000
1791129551.9812,4960,1312,58625,306000000,1728000
1791129552.0313,4960,1304,58531,306000000,1728000
1791129552.0814,4960,1304,58562,306000000,1728000
1791129552.1315,4960,1304,58687,306000000,1728000
1791129552.1816,4960,1304,58687,306000000,1420800
1791129552.2317,4960,1304,58718,306000000,1420800
1791129552.2818,4960,1296,58562,306000000,1728000
1791129552.3319,4960,1296,58593,306000000,1728000
1791129552.3820,4960,1288,58531,306000000,1728000
1791129552.4321,4960,1288,58625,306000000,1728000
1791129552.4823,4960,1304,58625,306000000,1420800
1791129552.5324,4960,1304,58656,306000000,1728000
1791129552.5825,4960,1296,58812,306000000,1728000
1791129552.6326,4960,1296,58593,306000000,1728000
1791129552.6827,4960,1296,58656,306000000,1728000
1791129552.7328,4960,1296,58562,306000000,1728000
1791129552.7829,4960,1296,58593,306000000,1728000
1791129552.8330,4960,1296,58562,306000000,1728000
1791129552.8831,4960,1288,58656,306000000,1728000
1791129552.9331,4960,1288,58468,306000000,1728000
1791129552.9832,4960,1288,58593,306000000,1728000
1791129553.0333,4960,1296,58812,306000000,1728000
1791129553.0834,4960,1304,58593,306000000,1728000
1791129553.1335,4960,1304,58625,306000000,1728000
1791129553.1836,4960,1304,58625,306000000,1728000
1791129553.2337,4960,1296,58718,306000000,1728000
1791129553.2838,4960,1296,58562,306000000,1728000
1791129553.3345,4960,1288,58562,306000000,1728000
1791129553.3846,4960,1296,58531,306000000,1728000
1791129553.4347,4960,1296,58500,306000000,1728000
1791129553.4848,4960,1296,58718,306000000,1728000
1791129553.5349,4960,1288,58500,306000000,1497600
1791129553.5850,4960,1296,58750,306000000,1728000
1791129553.6351,4960,1304,58500,306000000,1728000
1791129553.6852,4960,1304,58656,306000000,1728000
1791129553.7353,4960,1304,58500,306000000,1728000
1791129553.7854,4960,1296,58656,306000000,1728000
1791129553.8355,4960,1304,58562,306000000,1728000
1791129553.8856,4960,1304,58562,306000000,1728000
1791129553.9357,4960,1296,58437,306000000,1728000
1791129553.9857,4960,1296,58500,306000000,1728000
1791129554.0358,4960,1288,58687,306000000,1728000
1791129554.0859,4960,1288,58562,306000000,1728000
1791129554.1360,4960,1296,58593,306000000,1728000
1791129554.1861,4960,1304,58468,306000000,1728000
1791129554.2362,4960,1304,58562,306000000,1267200
1791129554.2863,4960,1304,58468,306000000,1728000
1791129554.3364,4960,1304,58562,306000000,1344000
1791129554.3865,4960,1304,58468,306000000,1267200
1791129554.4366,4960,1296,58500,306000000,1728000
1791129554.4867,4960,1296,58687,306000000,1728000
1791129554.5368,4960,1288,58562,306000000,1728000
1791129554.5869,4960,1288,58625,306000000,1728000
1791129554.6370,4960,1288,58406,306000000,1728000
1791129554.6871,4960,1288,58625,306000000,1728000
1791129554.7372,4960,1304,58750,306000000,1728000
1791129554.7873,4960,1304,58468,306000000,1728000
1791129554.8374,4960,1296,58437,306000000,1420800
1791129554.8875,4960,1296,58531,306000000,1267200
1791129554.9376,4960,1288,58625,306000000,1728000
1791129554.9877,4960,1288,58468,306000000,1728000
1791129555.0378,4960,1288,58718,306000000,1728000
1791129555.0878,4960,1280,58500,306000000,1728000
1791129555.1379,4960,1280,58468,306000000,1728000
1791129555.1880,4960,1288,58500,306000000,1728000
1791129555.2381,4960,1288,58531,306000000,1728000
1791129555.2882,4960,1304,58593,306000000,1728000
1791129555.3383,4960,1304,58500,306000000,1728000
1791129555.3884,4960,1296,58625,306000000,1728000
1791129555.4385,4960,1296,58500,306000000,1728000
1791129555.4886,4960,1296,58625,306000000,1728000
1791129555.5387,4960,1296,58437,306000000,1728000
1791129555.5888,4960,1296,58593,306000000,1728000
1791129555.6389,4960,1296,58468,306000000,1728000
1791129555.6890,4960,1296,58500,306000000,1728000
1791129555.7391,4960,1296,58500,306000000,1728000
1791129555.7892,4960,1296,58437,306000000,1728000
1791129555.8393,4960,1304,58531,306000000,1497600
1791129555.8894,4960,1304,58437,306000000,1728000
1791129555.9395,4960,1304,58718,306000000,1728000
1791129555.9896,4960,1296,58531,306000000,1728000
1791129556.0397,4960,1296,58468,306000000,1728000
1791129556.0898,4960,1288,58375,306000000,1728000
1791129556.1399,4960,1296,58531,306000000,1728000
1791129556.1900,4960,1288,58406,306000000,1728000
1791129556.2401,4960,1280,58468,306000000,1728000
1791129556.2902,4960,1288,58437,306000000,1728000
1791129556.3402,4960,1296,58437,306000000,1728000
1791129556.3903,4960,1320,58781,306000000,1574400
1791129556.4404,4952,1328,58437,306000000,1574400
1791129556.4905,4952,1336,58562,306000000,1728000
1791129556.5406,4952,1336,58406,306000000,1728000
1791129556.5907,4960,1328,58500,306000000,1344000
1791129556.6408,4960,1328,58468,306000000,1728000
1791129556.6909,4960,1328,58468,306000000,1190400
1791129556.7410,4960,1320,58375,306000000,1728000
1791129556.7911,4960,1320,58375,306000000,1728000
1791129556.8412,4960,1312,58562,306000000,1728000
1791129556.8913,4960,1312,58437,306000000,1728000
1791129556.9414,4952,1320,58562,306000000,1728000
1791129556.9915,4952,1320,58375,306000000,1728000
1791129557.0416,4960,1312,58500,306000000,1728000
1791129557.0917,4960,1312,58406,306000000,1728000
1791129557.1418,4960,1312,58468,306000000,1728000
1791129557.1919,4960,1304,58437,306000000,1728000
1791129557.2420,4960,1304,58437,306000000,1728000
1791129557.2921,4960,1304,58468,306000000,1728000
1791129557.3422,4960,1304,58437,306000000,1497600
1791129557.3923,4960,1304,58531,306000000,1728000
1791129557.4424,4960,1304,58406,306000000,1420800
1791129557.4925,4960,1312,58500,306000000,1728000
1791129557.5426,4960,1312,58375,306000000,1728000
1791129557.5927,4960,1312,58375,306000000,1728000
1791129557.6428,4960,1312,58406,306000000,1267200
1791129557.6929,4960,1304,58437,306000000,1728000
1791129557.7430,4960,1296,58531,306000000,1728000
1791129557.7931,4960,1296,58375,306000000,1728000
1791129557.8432,4960,1296,58562,306000000,1728000
1791129557.8933,4960,1296,58437,306000000,1728000
1791129557.9434,4960,1288,58437,306000000,1728000
1791129557.9935,4960,1288,58343,306000000,1728000
1791129558.0436,4960,1296,58437,306000000,1728000
1791129558.0936,4960,1304,58406,306000000,1728000
1791129558.1437,4960,1304,58406,306000000,1728000
1791129558.1938,4960,1304,58531,306000000,1420800
1791129558.2439,4960,1304,58437,306000000,1728000
1791129558.2940,4960,1296,58468,306000000,1728000
1791129558.3441,4960,1296,58406,306000000,1728000
1791129558.3942,4960,1288,58468,306000000,1728000
1791129558.4443,4960,1288,58312,306000000,1728000
1791129558.4944,4960,1288,58437,306000000,1728000
1791129558.5445,4960,1288,58406,306000000,1728000
1791129558.5946,4960,1288,58500,306000000,1420800
1791129558.6447,4960,1296,58406,306000000,1728000
1791129558.6948,4960,1296,58406,306000000,1728000
1791129558.7449,4960,1296,58468,306000000,1728000
1791129558.7950,4960,1288,58343,306000000,1728000
1791129558.8451,4960,1288,58500,306000000,1728000
1791129558.8951,4960,1288,58312,306000000,1728000
1791129558.9452,4960,1288,58437,306000000,1728000
1791129558.9953,4960,1288,58281,306000000,1728000
1791129559.0454,4960,1288,58468,306000000,1728000
1791129559.0955,4960,1288,58281,306000000,1728000
1791129559.1456,4960,1296,58406,306000000,1728000
1791129559.1957,4960,1304,58468,306000000,1344000
1791129559.2458,4960,1304,58343,306000000,1728000
1791129559.2959,4960,1296,58437,306000000,1728000
1791129559.3460,4960,1296,58375,306000000,1728000
1791129559.3961,4960,1288,58375,306000000,1728000
1791129559.4462,4960,1288,58312,306000000,1728000
1791129559.4963,4960,1288,58437,306000000,1728000
1791129559.5464,4960,1288,58281,306000000,1728000
1791129559.5965,4960,1288,58375,306000000,1728000
1791129559.6466,4960,1288,58437,306000000,1728000
1791129559.6967,4960,1288,58375,306000000,1728000
1791129559.7468,4960,1304,58437,306000000,1420800
1791129559.7969,4960,1304,58343,306000000,1728000
1791129559.8470,4960,1296,58406,306000000,1267200
1791129559.8971,4960,1296,58375,306000000,1728000
1791129559.9472,4960,1296,58343,306000000,1728000
1791129559.9973,4960,1296,58281,306000000,1728000
1791129560.0474,4960,1288,58437,306000000,1728000
1791129560.0975,4960,1288,58406,306000000,1728000
1791129560.1476,4960,1288,58281,306000000,1728000
1791129560.1977,4960,1288,58437,306000000,1728000
1791129560.2477,4960,1296,58343,306000000,1728000
1791129560.2979,4960,1304,58406,306000000,1728000
1791129560.3480,4960,1296,58375,306000000,1728000
1791129560.3981,4960,1296,58437,306000000,1728000
1791129560.4481,4960,1296,58250,306000000,1728000
1791129560.4982,4960,1296,58312,306000000,1420800
1791129560.5483,4960,1288,58500,306000000,1344000
1791129560.5984,4960,1296,58312,306000000,1728000
1791129560.6485,4960,1296,58437,306000000,1420800
1791129560.6986,4960,1288,58250,306000000,1728000
1791129560.7487,4960,1288,58437,306000000,1728000
1791129560.7988,4960,1288,58343,306000000,1728000
1791129560.8489,4960,1296,58437,306000000,1728000
1791129560.8990,4960,1296,58250,306000000,1728000
1791129560.9491,4960,1296,58312,306000000,1728000
1791129560.9992,4960,1296,58250,306000000,1728000
1791129561.0493,4960,1296,58281,306000000,1420800
1791129561.0994,4960,1296,58437,306000000,1190400
1791129561.1495,4960,1288,58250,306000000,1728000
1791129561.1995,4960,1288,58406,306000000,1728000
1791129561.2496,4960,1288,58312,306000000,1728000
1791129561.2997,4960,1288,58343,306000000,1728000
1791129561.3498,4960,1288,58343,306000000,1728000
1791129561.3999,4960,1296,58312,306000000,1728000
1791129561.4500,4960,1296,58250,306000000,1728000
1791129561.5001,4960,1296,58281,306000000,1728000
1791129561.5502,4960,1296,58531,306000000,1728000
1791129561.6003,4960,1296,58250,306000000,1728000
1791129561.6504,4960,1296,58375,306000000,1728000
1791129561.7005,4960,1296,58250,306000000,1728000
1791129561.7506,4960,1288,58281,306000000,1728000
1791129561.8007,4960,1288,58281,306000000,1728000
1791129561.8508,4960,1288,58375,306000000,1728000
1791129561.9009,4960,1288,58281,306000000,1728000
1791129561.9510,4960,1296,58281,306000000,1728000
1791129562.0011,4960,1296,58406,306000000,1728000
1791129562.0512,4960,1296,58281,306000000,1728000
1791129562.1013,4960,1296,58437,306000000,1728000
1791129562.1514,4960,1296,58281,306000000,1728000
1791129562.2015,4960,1288,58343,306000000,1728000
1791129562.2516,4960,1288,58250,306000000,1728000
1791129562.3017,4960,1288,58250,306000000,1420800
1791129562.3518,4960,1288,58218,306000000,1728000
1791129562.4018,4960,1288,58312,306000000,1728000
1791129562.4519,4960,1288,58437,306000000,1728000
1791129562.5020,4960,1288,58281,306000000,1728000
1791129562.5521,4960,1296,58312,306000000,1728000
1791129562.6022,4960,1296,58250,306000000,1728000
1791129562.6524,4960,1296,58375,306000000,1728000
1791129562.7025,4960,1296,58250,306000000,1728000
1791129562.7526,4960,1296,58250,306000000,1728000
1791129562.8027,4960,1296,58218,306000000,1728000
1791129562.8527,4960,1288,58281,306000000,1728000
1791129562.9028,4960,1288,58406,306000000,1420800
1791129562.9529,4960,1288,58218,306000000,1420800
1791129563.0030,4960,1288,58437,306000000,1420800
1791129563.0531,4960,1288,58218,306000000,1728000
1791129563.1032,4960,1296,58343,306000000,1344000
1791129563.1533,4960,1296,58187,306000000,1728000
1791129563.2034,4960,1288,58250,306000000,1190400
1791129563.2535,4960,1288,58125,306000000,1267200
1791129563.3036,4960,1288,58312,306000000,1728000
1791129563.3537,4960,1288,58187,306000000,1344000
1791129563.4038,4960,1280,58218,306000000,1728000
1791129563.4539,4960,1280,58281,306000000,1728000
1791129563.5040,4960,1272,58187,306000000,1728000
1791129563.5541,4960,1272,58250,306000000,1728000
1791129563.6042,4960,1272,58218,306000000,1728000
1791129563.6543,4960,1288,58250,306000000,1420800
1791129563.7044,4960,1296,58218,306000000,1420800
1791129563.7545,4960,1288,58250,306000000,1267200
1791129563.8046,4960,1288,58125,306000000,1728000
1791129563.8547,4960,1288,58250,306000000,1728000
1791129563.9048,4960,1280,58281,306000000,1728000
1791129563.9549,4960,1280,58187,306000000,1728000
1791129564.0050,4960,1280,58406,306000000,1728000
1791129564.0551,4960,1280,58218,306000000,1728000
1791129564.1052,4960,1280,58250,306000000,1728000
1791129564.1553,4960,1280,58218,306000000,1728000
1791129564.2054,4960,1288,58218,306000000,1728000
1791129564.2555,4960,1296,58156,306000000,1728000
1791129564.3056,4960,1296,58218,306000000,1728000
1791129564.3557,4960,1296,58406,306000000,1728000
1791129564.4058,4960,1288,58187,306000000,1728000
1791129564.4559,4960,1288,58312,306000000,1728000
1791129564.5060,4960,1288,58156,306000000,1728000
1791129564.5561,4960,1288,58250,306000000,1728000
1791129564.6062,4960,1280,58218,306000000,1420800
1791129564.6563,4960,1288,58281,306000000,1728000
1791129564.7064,4960,1280,58156,306000000,1728000
1791129564.7565,4960,1288,58156,306000000,1728000
1791129564.8066,4960,1304,58312,306000000,1728000
1791129564.8567,4960,1296,58187,306000000,1420800
1791129564.9068,4960,1296,58281,306000000,1267200
1791129564.9569,4960,1296,58187,306000000,1728000
1791129565.0070,4960,1288,58281,306000000,1728000
1791129565.0571,4960,1280,58062,306000000,1728000
1791129565.1071,4960,1280,58281,306000000,1728000
1791129565.1572,4960,1280,58093,306000000,1728000
1791129565.2073,4960,1272,58156,306000000,1728000
1791129565.2574,4960,1280,58343,306000000,1728000
1791129565.3075,4960,1296,58125,306000000,1728000
1791129565.3576,4960,1320,58281,306000000,1728000
1791129565.4077,4952,1320,58187,306000000,1728000
1791129565.4578,4952,1320,58281,306000000,1728000
1791129565.5079,4952,1320,58156,306000000,1728000
1791129565.5579,4960,1320,58187,306000000,1728000
1791129565.6080,4960,1312,58062,306000000,1728000
1791129565.6581,4960,1312,58125,306000000,1728000
1791129565.7082,4960,1304,58093,306000000,1728000
1791129565.7583,4960,1304,58125,306000000,1728000
1791129565.8084,4960,1304,58281,306000000,1728000
1791129565.8584,4960,1304,58156,306000000,1267200
1791129565.9086,4952,1312,58343,306000000,1728000
1791129565.9586,4952,1312,58125,306000000,1728000
1791129566.0087,4960,1296,58187,306000000,1728000
1791129566.0588,4960,1296,58093,306000000,1728000
1791129566.1089,4960,1296,58250,306000000,1728000
1791129566.1590,4960,1296,58062,306000000,1728000
1791129566.2091,4960,1296,58000,306000000,1728000
1791129566.2592,4960,1288,58281,306000000,1728000
1791129566.3093,4960,1288,58093,306000000,1728000
1791129566.3593,4960,1280,58218,306000000,1728000
1791129566.4094,4960,1280,58156,306000000,1728000
1791129566.4595,4960,1296,58218,306000000,1728000
1791129566.5096,4960,1296,58093,306000000,1728000
1791129566.5597,4960,1288,58125,306000000,1728000
1791129566.6098,4960,1288,58062,306000000,1728000
1791129566.6599,4960,1288,58093,306000000,1728000
1791129566.7100,4960,1288,58250,306000000,1728000
1791129566.7601,4960,1280,58031,306000000,1728000
1791129566.8102,4960,1280,58250,306000000,1728000
1791129566.8602,4960,1280,58062,306000000,1728000
1791129566.9103,4960,1280,58187,306000000,1728000
1791129566.9604,4960,1280,57968,306000000,1728000
1791129567.0105,4960,1288,58187,306000000,1728000
1791129567.0606,4960,1288,58000,306000000,1728000
1791129567.1107,4960,1288,58187,306000000,1728000
1791129567.1607,4960,1288,58218,306000000,1728000
1791129567.2108,4960,1288,58031,306000000,1728000
1791129567.2609,4960,1272,58218,306000000,1728000
1791129567.3110,4960,1272,58156,306000000,1728000
1791129567.3611,4960,1272,58187,306000000,1728000
1791129567.4111,4960,1272,58125,306000000,1728000
1791129567.4612,4960,1264,58125,306000000,1728000
1791129567.5113,4960,1264,57968,306000000,1728000
1791129567.5614,4960,1272,58031,306000000,1344000
1791129567.6115,4960,1280,58312,306000000,1728000
1791129567.6616,4960,1272,58093,306000000,1728000
1791129567.7117,4960,1272,58187,306000000,1728000
1791129567.7618,4960,1272,58031,306000000,1728000
1791129567.8119,4960,1264,58218,306000000,1728000
1791129567.8619,4960,1264,58000,306000000,1728000
1791129567.9120,4960,1264,58093,306000000,1728000
1791129567.9621,4960,1264,58000,306000000,1728000
1791129568.0122,4960,1264,58125,306000000,1728000
1791129568.0623,4960,1264,57968,306000000,1728000
1791129568.1124,4960,1264,58062,306000000,1728000
1791129568.1625,4960,1280,58218,306000000,1728000
1791129568.2126,4960,1280,57968,306000000,1728000
1791129568.2627,4960,1280,58218,306000000,1728000
1791129568.3127,4960,1280,58000,306000000,1728000
1791129568.3628,4960,1280,58125,306000000,1728000
1791129568.4129,4960,1272,58031,306000000,1728000
1791129568.4630,4960,1272,58062,306000000,1728000
1791129568.5131,4960,1272,57968,306000000,1728000
1791129568.5632,4960,1272,58000,306000000,1728000
1791129568.6132,4960,1272,58250,306000000,1728000
1791129568.6633,4960,1280,58031,306000000,1420800
1791129568.7134,4960,1288,58125,306000000,1420800
1791129568.7636,4960,1288,58000,306000000,1728000
1791129568.8136,4960,1280,58062,306000000,1728000
1791129568.8637,4960,1280,57968,306000000,1728000
1791129568.9138,4960,1272,58093,306000000,1728000
1791129568.9639,4960,1272,58000,306000000,1728000
1791129569.0140,4960,1272,58062,306000000,1728000
1791129569.0641,4960,1272,58156,306000000,1728000
1791129569.1142,4960,1272,58031,306000000,1728000
1791129569.1643,4960,1264,58093,306000000,1728000
1791129569.2143,4960,1264,58093,306000000,1728000
1791129569.2644,4960,1280,58125,306000000,1728000
1791129569.3146,4960,1280,58000,306000000,1728000
1791129569.3646,4960,1280,58062,306000000,1728000
1791129569.4147,4960,1280,58000,306000000,1728000
1791129569.4648,4960,1280,58000,306000000,1728000
1791129569.5149,4960,1272,58187,306000000,1728000
1791129569.5649,4960,1272,58062,306000000,1728000
1791129569.6151,4960,1272,58156,306000000,1728000
1791129569.6651,4960,1272,57968,306000000,1728000
1791129569.7152,4960,1272,58093,306000000,1728000
1791129569.7653,4960,1272,57968,306000000,1728000
1791129569.8154,4960,1288,58031,306000000,1728000
1791129569.8655,4960,1288,57906,306000000,1728000
1791129569.9156,4960,1280,58000,306000000,1728000
1791129569.9657,4960,1280,58062,306000000,1728000
1791129570.0158,4960,1280,58000,306000000,1728000
1791129570.0658,4960,1280,58031,306000000,1728000
1791129570.1159,4960,1280,57968,306000000,1728000
1791129570.1660,4960,1280,58000,306000000,1728000
1791129570.2161,4960,1272,57937,306000000,1728000
1791129570.2662,4960,1272,58031,306000000,1728000
1791129570.3163,4960,1272,57875,306000000,1728000
1791129570.3664,4960,1280,58093,306000000,1420800
1791129570.4165,4960,1288,57968,306000000,1728000
1791129570.4666,4960,1288,58031,306000000,1728000
1791129570.5166,4960,1288,58125,306000000,1728000
1791129570.5667,4960,1288,57937,306000000,1728000
1791129570.6168,4960,1280,58093,306000000,1728000
1791129570.6669,4960,1272,57968,306000000,1728000
1791129570.7170,4960,1272,57968,306000000,1728000
1791129570.7671,4960,1272,57937,306000000,1728000
1791129570.8172,4960,1272,58000,306000000,1728000
1791129570.8672,4960,1272,57843,306000000,1728000
1791129570.9173,4960,1272,57968,306000000,1728000
1791129570.9674,4960,1280,58093,306000000,1728000
1791129571.0175,4960,1272,57968,306000000,1728000
1791129571.0676,4960,1272,58062,306000000,1728000
1791129571.1177,4960,1272,57937,306000000,1728000
1791129571.1678,4960,1272,58031,306000000,1728000
1791129571.2179,4960,1272,57875,306000000,1728000
1791129571.2680,4960,1272,57968,306000000,1728000
1791129571.3181,4960,1264,57906,306000000,1728000
1791129571.3684,4960,1264,57906,306000000,1728000
1791129571.4185,4960,1272,58093,306000000,1728000
1791129571.4686,4960,1272,57875,306000000,1728000
1791129571.5187,4960,1288,58062,306000000,1728000
1791129571.5688,4960,1280,57906,306000000,1728000
1791129571.6189,4960,1280,57968,306000000,1728000
1791129571.6690,4960,1280,57937,306000000,1728000
1791129571.7190,4960,1272,58000,306000000,1728000
1791129571.7691,4960,1272,57968,306000000,1728000
1791129571.8192,4960,1272,57968,306000000,1728000
1791129571.8693,4960,1272,58000,306000000,1728000
1791129571.9194,4960,1272,57906,306000000,1728000
1791129571.9695,4960,1264,58031,306000000,1728000
1791129572.0198,4960,1272,57875,306000000,1728000
1791129572.0699,4960,1288,58031,306000000,1728000
1791129572.1200,4960,1280,57906,306000000,1728000
1791129572.1701,4960,1304,57968,306000000,1728000
1791129572.2202,4960,1296,57843,306000000,1728000
1791129572.2703,4960,1288,57937,306000000,1728000
1791129572.3204,4960,1288,57843,306000000,1728000
1791129572.3705,4960,1288,57968,306000000,1728000
1791129572.4205,4960,1288,58031,306000000,1728000
1791129572.4706,4960,1280,57875,306000000,1728000
1791129572.5207,4960,1280,58062,306000000,1728000
1791129572.5708,4960,1288,57875,306000000,1267200
1791129572.6209,4960,1296,57968,306000000,1728000
1791129572.6710,4960,1288,57875,306000000,1728000
1791129572.7211,4960,1288,57968,306000000,1728000
1791129572.7712,4960,1288,57781,306000000,1728000
1791129572.8213,4960,1288,57937,306000000,1728000
1791129572.8714,4960,1280,58031,306000000,1728000
1791129572.9215,4960,1280,57937,306000000,1728000
1791129572.9715,4960,1280,57968,306000000,1728000
1791129573.0216,4960,1280,57937,306000000,1728000
1791129573.0717,4960,1272,57968,306000000,1728000
1791129573.1218,4960,1280,57937,306000000,1728000
1791129573.1719,4960,1288,57906,306000000,1728000
1791129573.2220,4960,1288,57937,306000000,1728000
1791129573.2721,4960,1288,57937,306000000,1728000
1791129573.3222,4960,1288,58000,306000000,1728000
1791129573.3722,4960,1288,57843,306000000,1728000
1791129573.4223,4960,1288,58000,306000000,1728000
1791129573.4724,4960,1288,57906,306000000,1728000
1791129573.5225,4960,1280,57968,306000000,1728000
1791129573.5726,4960,1280,57843,306000000,1728000
1791129573.6227,4960,1272,57937,306000000,1728000
1791129573.6728,4960,1272,57843,306000000,1728000
1791129573.7228,4960,1288,57906,306000000,1420800
1791129573.7729,4960,1288,58000,306000000,1728000
1791129573.8231,4960,1280,57875,306000000,1728000
1791129573.8732,4960,1280,57968,306000000,1728000
1791129573.9232,4960,1280,58000,306000000,1728000
1791129573.9733,4960,1272,57968,306000000,1728000
1791129574.0234,4960,1280,57781,306000000,1728000
1791129574.0735,4960,1296,57875,306000000,1728000
1791129574.1236,4960,1296,57812,306000000,1728000
1791129574.1737,4960,1304,57968,306000000,1728000
1791129574.2237,4960,1312,58031,306000000,1728000
1791129574.2738,4952,1320,57812,306000000,1574400
1791129574.3239,4952,1320,58031,306000000,1728000
1791129574.3740,4952,1320,57875,306000000,1728000
1791129574.4241,4952,1320,57968,306000000,1728000
1791129574.4742,4960,1312,57812,306000000,1728000
1791129574.5243,4960,1312,57906,306000000,1728000
1791129574.5744,4960,1304,57718,306000000,1728000
1791129574.6245,4960,1296,57843,306000000,1728000
1791129574.6746,4960,1296,58062,306000000,1728000
1791129574.7247,4960,1288,57812,306000000,1728000
1791129574.7748,4960,1288,57906,306000000,1728000
1791129574.8248,4960,1296,57875,306000000,1728000
1791129574.8750,4960,1304,57906,306000000,1728000
1791129574.9251,4960,1304,57781,306000000,1728000
1791129574.9751,4960,1304,57843,306000000,1728000
1791129575.0252,4960,1304,57781,306000000,1728000
1791129575.0753,4960,1296,57781,306000000,1728000
1791129575.1254,4960,1288,57781,306000000,1728000
1791129575.1755,4960,1288,57843,306000000,1728000
1791129575.2256,4960,1280,57968,306000000,1728000
1791129575.2757,4960,1280,57843,306000000,1728000
1791129575.3258,4960,1280,57937,306000000,1728000
1791129575.3759,4960,1288,57781,306000000,1728000
1791129575.4260,4960,1296,57781,306000000,1728000
1791129575.4761,4960,1296,57687,306000000,1728000
1791129575.5261,4960,1288,57937,306000000,1728000
1791129575.5762,4960,1288,57750,306000000,1728000
1791129575.6263,4960,1288,57812,306000000,1728000
1791129575.6764,4960,1288,57968,306000000,1728000
1791129575.7265,4960,1280,57781,306000000,1728000
1791129575.7766,4960,1280,57906,306000000,1728000
1791129575.8266,4960,1280,57718,306000000,1728000
1791129575.8767,4960,1280,57781,306000000,1728000
1791129575.9268,4960,1280,57687,306000000,1728000
1791129575.9769,4960,1288,57750,306000000,1728000
1791129576.0270,4960,1288,57781,306000000,1728000
1791129576.0771,4960,1288,57812,306000000,1728000
1791129576.1272,4960,1288,57968,306000000,1728000
1791129576.1773,4960,1288,57750,306000000,1728000
1791129576.2274,4960,1288,57875,306000000,1728000
1791129576.2774,4960,1288,57781,306000000,1728000
1791129576.3275,4960,1288,57812,306000000,1728000
1791129576.3776,4960,1280,57750,306000000,1728000
1791129576.4277,4960,1280,57750,306000000,1728000
1791129576.4778,4960,1280,57656,306000000,1728000
1791129576.5279,4960,1288,57875,306000000,1728000
1791129576.5780,4960,1288,57843,306000000,1728000
1791129576.6281,4960,1288,57781,306000000,1728000
1791129576.6782,4960,1288,57906,306000000,1728000
1791129576.7283,4960,1288,57718,306000000,1728000
1791129576.7784,4960,1280,57875,306000000,1728000
1791129576.8284,4960,1280,57687,306000000,1728000
1791129576.8785,4960,1272,57750,306000000,1728000
1791129576.9286,4960,1280,57750,306000000,1728000
1791129576.9787,4960,1272,57781,306000000,1728000
1791129577.0288,4960,1280,57906,306000000,1728000
1791129577.0789,4960,1288,57843,306000000,1420800
1791129577.1290,4960,1288,57968,306000000,1728000
1791129577.1791,4960,1288,57750,306000000,1728000
1791129577.2292,4960,1288,57875,306000000,1728000
1791129577.2792,4960,1288,57656,306000000,1728000
1791129577.3293,4960,1288,57781,306000000,1728000
1791129577.3794,4960,1280,57625,306000000,1728000
1791129577.4295,4960,1272,57718,306000000,1728000
1791129577.4796,4960,1280,57718,306000000,1728000
1791129577.5296,4960,1280,57750,306000000,1728000
1791129577.5797,4960,1280,57812,306000000,1728000
1791129577.6298,4960,1288,57750,306000000,1728000
1791129577.6799,4960,1288,57812,306000000,1728000
1791129577.7300,4960,1288,57687,306000000,1728000
1791129577.7801,4960,1288,57812,306000000,1728000
1791129577.8302,4960,1288,57718,306000000,1728000
1791129577.8803,4960,1280,57781,306000000,1728000
1791129577.9303,4960,1272,57718,306000000,1728000
1791129577.9804,4960,1272,57781,306000000,1728000
1791129578.0305,4960,1272,57906,306000000,1728000
1791129578.0806,4960,1272,57781,306000000,1728000
1791129578.1307,4960,1272,57875,306000000,1728000
1791129578.1808,4960,1280,57625,306000000,1728000
1791129578.2309,4960,1288,57718,306000000,1728000
1791129578.2810,4960,1280,57562,306000000,1728000
1791129578.3311,4960,1280,57781,306000000,1728000
1791129578.3811,4960,1280,57656,306000000,1728000
1791129578.4312,4960,1280,57687,306000000,1728000
1791129578.4813,4960,1280,57812,306000000,1728000
1791129578.5314,4960,1272,57656,306000000,1728000
1791129578.5815,4960,1272,57875,306000000,1728000
1791129578.6316,4960,1272,57750,306000000,1728000
1791129578.6816,4960,1272,57843,306000000,1728000
1791129578.7317,4960,1280,57593,306000000,1728000
1791129578.7818,4960,1288,57687,306000000,1728000
1791129578.8319,4960,1288,57593,306000000,1728000
1791129578.8820,4960,1280,57625,306000000,1728000
1791129578.9321,4960,1272,57843,306000000,1728000
1791129578.9822,4960,1272,57625,306000000,1728000
1791129579.0323,4960,1280,57875,306000000,1728000
1791129579.0823,4960,1272,57593,306000000,1728000
1791129579.1324,4960,1272,57843,306000000,1728000
1791129579.1825,4960,1272,57656,306000000,1728000
1791129579.2326,4960,1272,57718,306000000,1728000
1791129579.2827,4960,1272,57593,306000000,1420800
1791129579.3328,4960,1288,57687,306000000,1728000
1791129579.3829,4960,1288,57843,306000000,1728000
1791129579.4330,4960,1288,57562,306000000,1728000
1791129579.4831,4960,1288,57843,306000000,1728000
1791129579.5332,4960,1280,57593,306000000,1728000
1791129579.5833,4960,1280,57625,306000000,1728000
1791129579.6333,4960,1280,57687,306000000,1728000
1791129579.6834,4960,1272,57718,306000000,1728000
1791129579.7335,4960,1272,57531,306000000,1728000
1791129579.7836,4960,1272,57625,306000000,1728000
1791129579.8337,4960,1272,57625,306000000,1728000
1791129579.8838,4960,1288,57656,306000000,1728000
1791129579.9339,4960,1288,57843,306000000,1728000
1791129579.9840,4960,1288,57625,306000000,1728000
1791129580.0341,4960,1280,57812,306000000,1728000
1791129580.0842,4960,1280,57687,306000000,1728000
1791129580.1343,4960,1280,57656,306000000,1728000
1791129580.1843,4960,1280,57625,306000000,1728000
1791129580.2344,4960,1280,57687,306000000,1728000
1791129580.2845,4960,1280,57500,306000000,1728000
1791129580.3346,4960,1280,57593,306000000,1728000
1791129580.3847,4960,1272,57781,306000000,1728000
1791129580.4347,4960,1288,57625,306000000,1420800
1791129580.4848,4960,1288,57718,306000000,1728000
1791129580.5349,4960,1288,57531,306000000,1728000
1791129580.5850,4960,1280,57656,306000000,1728000
1791129580.6351,4960,1280,57531,306000000,1728000
1791129580.6852,4960,1280,57593,306000000,1728000
1791129580.7353,4960,1280,57625,306000000,1728000
1791129580.7854,4960,1280,57562,306000000,1728000
1791129580.8354,4960,1272,57687,306000000,1728000
1791129580.8855,4960,1272,57625,306000000,1728000
1791129580.9356,4960,1272,57718,306000000,1728000
1791129580.9857,4960,1288,57593,306000000,1728000
1791129581.0358,4960,1288,57687,306000000,1728000
1791129581.0859,4960,1288,57562,306000000,1728000
1791129581.1360,4960,1288,57593,306000000,1728000
1791129581.1861,4960,1280,57562,306000000,1728000
1791129581.2362,4960,1272,57562,306000000,1728000
1791129581.2863,4960,1272,57718,306000000,1728000
1791129581.3364,4960,1272,57625,306000000,1728000
1791129581.3865,4960,1272,57750,306000000,1728000
1791129581.4365,4960,1264,57562,306000000,1728000
1791129581.4866,4960,1264,57687,306000000,1728000
1791129581.5367,4960,1272,57531,306000000,1728000
1791129581.5868,4960,1280,57687,306000000,1728000
1791129581.6369,4960,1280,57625,306000000,1728000
1791129581.6870,4960,1280,57593,306000000,1728000
1791129581.7371,4960,1280,57781,306000000,1728000
1791129581.7872,4960,1280,57562,306000000,1728000
1791129581.8373,4960,1272,57718,306000000,1728000
1791129581.8873,4960,1272,57500,306000000,1728000
1791129581.9374,4960,1272,57562,306000000,1728000
1791129581.9875,4960,1272,57562,306000000,1728000
1791129582.0376,4960,1272,57625,306000000,1728000
1791129582.0877,4960,1280,57500,306000000,1728000
1791129582.1378,4960,1288,57562,306000000,1728000
1791129582.1879,4960,1288,57500,306000000,1728000
1791129582.2380,4960,1280,57500,306000000,1728000
1791129582.2881,4960,1280,57656,306000000,1728000
1791129582.3381,4960,1280,57531,306000000,1728000
1791129582.3882,4960,1272,57593,306000000,1728000
1791129582.4383,4960,1272,57468,306000000,1728000
1791129582.4884,4960,1272,57562,306000000,1728000
1791129582.5385,4960,1272,57531,306000000,1728000
1791129582.5885,4960,1272,57593,306000000,1728000
1791129582.6387,4960,1272,57500,306000000,1420800
1791129582.6887,4960,1280,57531,306000000,1728000
1791129582.7388,4960,1280,57687,306000000,1728000
1791129582.7889,4960,1280,57500,306000000,1728000
1791129582.8390,4960,1280,57687,306000000,1728000
1791129582.8891,4960,1280,57500,306000000,1728000
1791129582.9392,4960,1280,57656,306000000,1728000
1791129582.9893,4960,1280,57468,306000000,1728000
1791129583.0394,4960,1272,57593,306000000,1728000
1791129583.0895,4960,1272,57531,306000000,1728000
1791129583.1395,4960,1272,57500,306000000,1728000
1791129583.1896,4960,1272,57656,306000000,1420800
1791129583.2397,4960,1280,57562,306000000,1728000
1791129583.2898,4960,1288,57625,306000000,1728000
1791129583.3399,4960,1280,57468,306000000,1728000
1791129583.3900,4960,1272,57562,306000000,1728000
1791129583.4401,4960,1272,57562,306000000,1728000
1791129583.4902,4960,1272,57531,306000000,1728000
1791129583.5403,4960,1272,57437,306000000,1728000
1791129583.5903,4960,1272,57500,306000000,1728000
1791129583.6404,4960,1272,57750,306000000,1728000
1791129583.6905,4960,1264,57531,306000000,1728000
1791129583.7406,4960,1264,57687,306000000,1728000
1791129583.7907,4960,1280,57562,306000000,1728000
1791129583.8408,4960,1280,57531,306000000,1728000
1791129583.8909,4960,1280,57468,306000000,1728000
1791129583.9410,4960,1280,57593,306000000,1728000
1791129583.9911,4960,1280,57531,306000000,1728000
1791129584.0412,4960,1280,57500,306000000,1728000
1791129584.0913,4960,1272,57656,306000000,1728000
1791129584.1414,4960,1272,57500,306000000,1728000
1791129584.1915,4960,1272,57625,306000000,1728000
1791129584.2415,4960,1272,57468,306000000,1728000
1791129584.2916,4960,1272,57593,306000000,1728000
1791129584.3417,4960,1280,57468,306000000,1267200
1791129584.3918,4960,1280,57531,306000000,1728000
1791129584.4419,4960,1280,57468,306000000,1728000
1791129584.4920,4960,1280,57593,306000000,1728000
1791129584.5421,4960,1280,57531,306000000,1728000
1791129584.5922,4960,1280,57500,306000000,1728000
1791129584.6423,4960,1272,57562,306000000,1728000
1791129584.6924,4960,1272,57468,306000000,1728000
1791129584.7425,4960,1272,57656,306000000,1728000
1791129584.7925,4960,1272,57500,306000000,1728000
1791129584.8427,4960,1272,57562,306000000,1728000
1791129584.8928,4960,1280,57500,306000000,1728000
1791129584.9429,4960,1288,57531,306000000,1728000
1791129584.9929,4960,1280,57406,306000000,1728000
1791129585.0431,4960,1280,57468,306000000,1728000
1791129585.0931,4960,1280,57656,306000000,1728000
1791129585.1432,4960,1272,57468,306000000,1728000
1791129585.1933,4960,1288,57593,306000000,1728000
1791129585.2434,4960,1296,57468,306000000,1728000
1791129585.2935,4960,1304,57500,306000000,1728000
1791129585.3436,4960,1304,57468,306000000,1728000
1791129585.3937,4960,1312,57500,306000000,1728000
1791129585.4438,4960,1320,57468,306000000,1728000
1791129585.4939,4952,1328,57562,306000000,1728000
1791129585.5440,4960,1320,57625,306000000,1728000
1791129585.5941,4960,1320,57468,306000000,1728000
1791129585.6442,4960,1312,57593,306000000,1728000
1791129585.6943,4960,1304,57468,306000000,1728000
1791129585.7443,4960,1304,57562,306000000,1728000
1791129585.7944,4960,1288,57437,306000000,1728000
1791129585.8445,4960,1288,57500,306000000,1728000
1791129585.8946,4960,1288,57406,306000000,1728000
1791129585.9447,4960,1280,57468,306000000,1728000
1791129585.9948,4960,1288,57562,306000000,1420800
1791129586.0449,4960,1296,57500,306000000,1728000
1791129586.0950,4960,1296,57656,306000000,1728000
1791129586.1451,4960,1296,57531,306000000,1728000
1791129586.1951,4960,1288,57593,306000000,1728000
1791129586.2452,4960,1288,57406,306000000,1728000
1791129586.2953,4960,1280,57593,306000000,1728000
1791129586.3454,4960,1280,57437,306000000,1728000
1791129586.3955,4960,1280,57468,306000000,1728000
1791129586.4456,4960,1280,57656,306000000,1728000
1791129586.4957,4960,1280,57437,306000000,1728000
1791129586.5458,4960,1280,57562,306000000,1728000
1791129586.5959,4960,1296,57468,306000000,1728000
1791129586.6460,4960,1296,57468,306000000,1728000
1791129586.6960,4960,1288,57468,306000000,1728000
1791129586.7461,4960,1280,57500,306000000,1728000
1791129586.7962,4960,1280,57437,306000000,1728000
1791129586.8463,4960,1280,57468,306000000,1728000
1791129586.8964,4960,1272,57406,306000000,1728000
1791129586.9465,4960,1272,57468,306000000,1728000
1791129586.9966,4960,1272,57500,306000000,1728000
1791129587.0466,4960,1272,57468,306000000,1728000
1791129587.0970,4960,1272,57531,306000000,1728000
1791129587.1471,4960,1280,57468,306000000,1728000
1791129587.1972,4960,1280,57468,306000000,1728000
1791129587.2473,4960,1280,57468,306000000,1728000
1791129587.2973,4960,1280,57500,306000000,1728000
1791129587.3474,4960,1272,57437,306000000,1728000
1791129587.3975,4960,1272,57437,306000000,1728000
1791129587.4476,4960,1264,57562,306000000,1728000
1791129587.4977,4960,1264,57406,306000000,1728000
1791129587.5478,4960,1264,57500,306000000,1728000
1791129587.5979,4960,1264,57468,306000000,1728000
1791129587.6479,4960,1264,57468,306000000,1728000
1791129587.6980,4960,1272,57343,306000000,1728000
1791129587.7481,4960,1280,57437,306000000,1728000
1791129587.7982,4960,1280,57343,306000000,1728000
1791129587.8483,4960,1272,57437,306000000,1728000
1791129587.8984,4960,1272,57500,306000000,1728000
1791129587.9485,4960,1264,57500,306000000,1728000
1791129587.9986,4960,1264,57593,306000000,1728000
1791129588.0486,4960,1264,57312,306000000,1728000
1791129588.0987,4960,1264,57500,306000000,1728000
1791129588.1488,4960,1264,57468,306000000,1728000
1791129588.1989,4960,1264,57437,306000000,1728000
1791129588.2490,4960,1272,57343,306000000,1497600
1791129588.2991,4960,1272,57437,306000000,1728000
1791129588.3492,4960,1272,57500,306000000,1728000
1791129588.3993,4960,1272,57437,306000000,1728000
1791129588.4494,4960,1272,57593,306000000,1728000
1791129588.4995,4960,1272,57375,306000000,1728000
1791129588.5496,4960,1272,57468,306000000,1728000
1791129588.5996,4960,1272,57437,306000000,1728000
1791129588.6497,4960,1272,57468,306000000,1728000
1791129588.6998,4960,1272,57343,306000000,1728000
1791129588.7499,4960,1272,57468,306000000,1728000
1791129588.8000,4960,1280,57593,306000000,1728000
1791129588.8501,4960,1288,57375,306000000,1728000
1791129588.9002,4960,1280,57500,306000000,1728000
1791129588.9503,4960,1280,57375,306000000,1728000
1791129589.0004,4960,1280,57437,306000000,1728000
1791129589.0505,4960,1280,57468,306000000,1728000
1791129589.1006,4960,1280,57468,306000000,1728000
1791129589.1507,4960,1280,57468,306000000,1728000
1791129589.2008,4960,1272,57437,306000000,1728000
1791129589.2509,4960,1272,57343,306000000,1728000
1791129589.3010,4960,1272,57375,306000000,1728000
1791129589.3511,4960,1280,57562,306000000,1728000
1791129589.4012,4960,1288,57375,306000000,1190400
1791129589.4513,4960,1288,57500,306000000,1728000
1791129589.5014,4960,1288,57343,306000000,1728000
1791129589.5515,4960,1280,57468,306000000,1728000
1791129589.6016,4960,1280,57375,306000000,1728000
1791129589.6517,4960,1280,57468,306000000,1728000
1791129589.7018,4960,1280,57312,306000000,1728000
1791129589.7519,4960,1280,57343,306000000,1728000
1791129589.8019,4960,1280,57562,306000000,1728000
1791129589.8520,4960,1280,57437,306000000,1728000
1791129589.9021,4960,1280,57500,306000000,1728000
1791129589.9522,4960,1296,57406,306000000,1420800
1791129590.0023,4960,1288,57437,306000000,1728000
1791129590.0524,4960,1288,57375,306000000,1728000
1791129590.1025,4960,1288,57468,306000000,1728000
1791129590.1526,4960,1280,57375,306000000,1728000
1791129590.2027,4960,1280,57375,306000000,1728000
1791129590.2528,4960,1280,57468,306000000,1728000
1791129590.3028,4960,1280,57468,306000000,1728000
1791129590.3529,4960,1280,57468,306000000,1728000
1791129590.4030,4960,1272,57343,306000000,1728000
1791129590.4531,4960,1272,57437,306000000,1728000
1791129590.5032,4960,1288,57375,306000000,1420800
1791129590.5533,4960,1288,57468,306000000,1728000
1791129590.6034,4960,1288,57281,306000000,1728000
1791129590.6535,4960,1288,57437,306000000,1728000
1791129590.7036,4960,1288,57562,306000000,1728000
1791129590.7537,4960,1288,57312,306000000,1728000
1791129590.8037,4960,1280,57468,306000000,1728000
1791129590.8538,4960,1280,57343,306000000,1728000
1791129590.9039,4960,1280,57375,306000000,1728000
1791129590.9540,4960,1280,57343,306000000,1728000
1791129591.0041,4960,1272,57406,306000000,1728000
1791129591.0542,4960,1288,57312,306000000,1728000
1791129591.1042,4960,1288,57375,306000000,1728000
1791129591.1543,4960,1288,57500,306000000,1728000
1791129591.2044,4960,1280,57312,306000000,1728000
1791129591.2545,4960,1280,57406,306000000,1728000
1791129591.3046,4960,1280,57312,306000000,1728000
1791129591.3547,4960,1280,57437,306000000,1728000
1791129591.4048,4960,1280,57375,306000000,1728000
1791129591.4549,4960,1280,57468,306000000,1728000
1791129591.5049,4960,1272,57343,306000000,1728000
1791129591.5550,4960,1272,57375,306000000,1728000
1791129591.6051,4960,1288,57312,306000000,1728000
1791129591.6552,4960,1288,57375,306000000,1728000
1791129591.7053,4960,1288,57406,306000000,1728000
1791129591.7554,4960,1280,57343,306000000,1728000
1791129591.8055,4960,1280,57406,306000000,1728000
1791129591.8556,4960,1280,57343,306000000,1728000
1791129591.9057,4960,1280,57343,306000000,1728000
1791129591.9558,4960,1280,57312,306000000,1728000
1791129592.0058,4960,1280,57468,306000000,1728000
1791129592.0559,4960,1272,57343,306000000,1728000
1791129592.1060,4960,1272,57343,306000000,1728000
1791129592.1561,4960,1280,57500,306000000,1728000
1791129592.2062,4960,1288,57312,306000000,1728000
1791129592.2563,4960,1288,57437,306000000,1728000
1791129592.3064,4960,1280,57375,306000000,1728000
1791129592.3565,4960,1272,57375,306000000,1728000
1791129592.4066,4960,1272,57312,306000000,1728000
1791129592.4566,4960,1272,57343,306000000,1728000
1791129592.5067,4960,1272,57281,306000000,1728000
1791129592.5568,4960,1272,57343,306000000,1728000
1791129592.6069,4960,1272,57500,306000000,1728000
1791129592.6570,4960,1272,57250,306000000,1728000
1791129592.7071,4960,1280,57375,306000000,1728000
1791129592.7572,4960,1288,57343,306000000,1728000
1791129592.8073,4960,1288,57375,306000000,1728000
1791129592.8573,4960,1280,57312,306000000,1728000
1791129592.9074,4960,1288,57375,306000000,1728000
1791129592.9575,4960,1280,57343,306000000,1728000
1791129593.0076,4960,1272,57375,306000000,1728000
1791129593.0577,4960,1272,57468,306000000,1728000
1791129593.1078,4960,1272,57312,306000000,1728000
1791129593.1578,4960,1272,57500,306000000,1728000
1791129593.2079,4960,1272,57343,306000000,1728000
1791129593.2580,4960,1280,57281,306000000,1728000
1791129593.3081,4960,1296,57281,306000000,1728000
1791129593.3582,4960,1288,57375,306000000,1728000
1791129593.4083,4960,1288,57281,306000000,1728000
1791129593.4584,4960,1288,57312,306000000,1728000
1791129593.5085,4960,1280,57437,306000000,1728000
1791129593.5586,4960,1280,57281,306000000,1728000
1791129593.6086,4960,1280,57468,306000000,1728000
1791129593.6587,4960,1280,57343,306000000,1728000
1791129593.7088,4960,1280,57375,306000000,1728000
1791129593.7589,4960,1280,57281,306000000,1728000
1791129593.8090,4960,1280,57343,306000000,1728000
1791129593.8591,4960,1288,57281,306000000,1497600
1791129593.9092,4960,1288,57375,306000000,1728000
1791129593.9592,4960,1288,57218,306000000,1728000
1791129594.0093,4960,1280,57281,306000000,1728000
1791129594.0594,4960,1280,57437,306000000,1728000
1791129594.1095,4960,1280,57281,306000000,1728000
1791129594.1596,4960,1280,57312,306000000,1728000
1791129594.2096,4960,1272,57281,306000000,1728000
1791129594.2597,4960,1272,57375,306000000,1728000
1791129594.3098,4960,1272,57281,306000000,1728000
1791129594.3599,4960,1272,57375,306000000,1728000
1791129594.4100,4960,1288,57250,306000000,1728000
1791129594.4601,4960,1288,57187,306000000,1728000
1791129594.5102,4960,1288,57468,306000000,1728000
1791129594.5603,4960,1280,57281,306000000,1728000
1791129594.6103,4960,1280,57406,306000000,1728000
1791129594.6604,4960,1280,57312,306000000,1728000
1791129594.7105,4960,1272,57312,306000000,1728000
1791129594.7606,4960,1272,57250,306000000,1728000
1791129594.8107,4960,1272,57281,306000000,1728000
1791129594.8608,4960,1272,57250,306000000,1728000
1791129594.9108,4960,1272,57312,306000000,1728000
1791129594.9609,4960,1280,57406,306000000,1728000
1791129595.0111,4960,1280,57250,306000000,1728000
1791129595.0611,4960,1280,57312,306000000,1728000
1791129595.1112,4960,1280,57312,306000000,1728000
1791129595.1613,4960,1280,57312,306000000,1728000
1791129595.2114,4960,1280,57250,306000000,1728000
1791129595.2615,4960,1280,57343,306000000,1728000
1791129595.3116,4960,1280,57156,306000000,1728000
1791129595.3617,4960,1280,57281,306000000,1036800
1791129595.4118,4960,1272,57375,306000000,1728000
1791129595.4619,4960,1264,57250,306000000,1728000
1791129595.5120,4960,1280,57375,306000000,1728000
1791129595.5621,4960,1288,57218,306000000,1728000
1791129595.6122,4960,1280,57281,306000000,1728000
1791129595.6622,4960,1280,57250,306000000,1728000
1791129595.7124,4960,1280,57343,306000000,1728000
1791129595.7624,4960,1272,57187,306000000,1728000
1791129595.8125,4960,1264,57281,306000000,1728000
1791129595.8626,4960,1264,57406,306000000,1728000
1791129595.9127,4960,1264,57218,306000000,1728000
1791129595.9628,4960,1264,57437,306000000,1728000
1791129596.0128,4960,1264,57250,306000000,1728000
1791129596.0629,4960,1272,57281,306000000,1344000
1791129596.1130,4960,1272,57250,306000000,1728000
1791129596.1631,4960,1272,57281,306000000,1728000
1791129596.2132,4960,1272,57281,306000000,1728000
1791129596.2633,4960,1280,57218,306000000,1728000
1791129596.3134,4960,1272,57156,306000000,1728000
1791129596.3635,4960,1272,57250,306000000,1728000
1791129596.4136,4960,1272,57375,306000000,1728000
1791129596.4637,4960,1272,57218,306000000,1728000
1791129596.5137,4960,1272,57375,306000000,1728000
1791129596.5638,4960,1272,57281,306000000,1728000
1791129596.6139,4960,1272,57343,306000000,1113600
1791129596.6640,4960,1288,57218,306000000,1190400
1791129596.7141,4960,1280,57281,306000000,1728000
1791129596.7642,4960,1280,57250,306000000,1728000
1791129596.8143,4960,1280,57281,306000000,1728000
1791129596.8644,4960,1272,57437,306000000,1728000
1791129596.9145,4960,1272,57312,306000000,1728000
1791129596.9645,4960,1272,57343,306000000,1728000
1791129597.0146,4960,1272,57250,306000000,1728000
1791129597.0647,4960,1272,57187,306000000,1728000
1791129597.1148,4960,1280,57218,306000000,1728000
1791129597.1649,4960,1272,57281,306000000,1420800
1791129597.2150,4960,1280,57281,306000000,1497600
1791129597.2651,4960,1280,57281,306000000,1728000
1791129597.3152,4960,1280,57375,306000000,1728000
1791129597.3652,4960,1280,57281,306000000,1728000
1791129597.4153,4960,1280,57375,306000000,1728000
1791129597.4654,4960,1280,57218,306000000,1728000
1791129597.5155,4960,1280,57312,306000000,1728000
1791129597.5656,4960,1280,57250,306000000,1728000
1791129597.6157,4960,1272,57375,306000000,1728000
1791129597.6658,4960,1272,57250,306000000,1728000
1791129597.7159,4960,1272,57218,306000000,1728000
1791129597.7660,4960,1280,57406,306000000,1728000
1791129597.8161,4960,1288,57250,306000000,1728000
1791129597.8662,4960,1288,57406,306000000,1728000
1791129597.9162,4960,1280,57218,306000000,1728000
1791129597.9663,4960,1280,57312,306000000,1728000
1791129598.0164,4960,1280,57187,306000000,1728000
1791129598.0665,4960,1280,57281,306000000,1728000
1791129598.1166,4960,1280,57187,306000000,1728000
1791129598.1667,4960,1280,57218,306000000,1728000
1791129598.2168,4960,1280,57375,306000000,1728000
1791129598.2669,4960,1272,57187,306000000,1728000
1791129598.3170,4960,1288,57312,306000000,1728000
1791129598.3670,4960,1288,57156,306000000,1728000
1791129598.4171,4960,1288,57281,306000000,1728000
1791129598.4672,4960,1288,57125,306000000,1190400
1791129598.5173,4960,1288,57281,306000000,1728000
1791129598.5674,4960,1288,57187,306000000,1728000
1791129598.6175,4960,1280,57250,306000000,1728000
1791129598.6676,4960,1280,57125,306000000,1728000
1791129598.7177,4960,1272,57250,306000000,1728000
1791129598.7678,4960,1280,57312,306000000,1728000
1791129598.8178,4960,1280,57187,306000000,1420800
1791129598.8679,4960,1288,57343,306000000,1728000
1791129598.9180,4960,1288,57156,306000000,1728000
1791129598.9681,4960,1288,57375,306000000,1728000
1791129599.0182,4960,1280,57687,306000000,1728000
1791129599.0683,4960,1280,57406,306000000,1728000
1791129599.1184,4960,1280,57156,306000000,1728000
1791129599.1685,4960,1288,57187,306000000,1728000
1791129599.2186,4960,1296,57593,306000000,1651200
1791129599.2687,4960,1312,57375,306000000,1574400
1791129599.3188,4960,1312,57281,306000000,1344000
1791129599.3689,4960,1312,57125,306000000,1728000
1791129599.4190,4960,1320,57250,306000000,1728000
1791129599.4691,4960,1328,57250,306000000,1728000
1791129599.5192,4960,1320,57250,306000000,1728000
1791129599.5693,4960,1320,57187,306000000,1728000
1791129599.6194,4960,1320,57218,306000000,1420800
1791129599.6694,4960,1312,57437,306000000,1728000
1791129599.7195,4960,1312,57125,306000000,1420800
1791129599.7696,4960,1304,57312,306000000,1728000
1791129599.8197,4960,1304,57156,306000000,1728000
1791129599.8698,4960,1304,57187,306000000,1728000
1791129599.9199,4960,1296,57218,306000000,1728000
1791129599.9700,4960,1296,57156,306000000,1728000
1791129600.0201,4960,1304,57281,306000000,1728000
1791129600.0702,4960,1304,57125,306000000,1728000
1791129600.1203,4960,1304,57343,306000000,1728000
1791129600.1704,4960,1296,57156,306000000,1728000
1791129600.2205,4960,1296,57281,306000000,1728000
1791129600.2706,4960,1296,57187,306000000,1728000
1791129600.3207,4960,1296,57218,306000000,1728000
1791129600.3708,4960,1296,57156,306000000,1728000
1791129600.4208,4960,1288,57187,306000000,1420800
1791129600.4709,4960,1288,57156,306000000,1420800
1791129600.5210,4960,1288,57218,306000000,1190400
1791129600.5711,4960,1304,57375,306000000,1190400
1791129600.6212,4960,1304,57250,306000000,1728000
1791129600.6713,4960,1296,57250,306000000,1728000
1791129600.7214,4960,1296,57125,306000000,1728000
1791129600.7715,4960,1288,57218,306000000,1728000
1791129600.8216,4960,1296,57125,306000000,1728000
1791129600.8717,4960,1288,57187,306000000,1728000
1791129600.9218,4960,1288,57187,306000000,1497600
1791129600.9719,4960,1288,57187,306000000,1728000
1791129601.0220,4960,1288,57156,306000000,1728000
1791129601.0721,4960,1288,57093,306000000,1420800
1791129601.1222,4960,1304,57250,306000000,1728000
1791129601.1722,4960,1304,57156,306000000,1728000
1791129601.2223,4960,1304,57281,306000000,1728000
1791129601.2724,4960,1296,57125,306000000,1728000
1791129601.3225,4960,1288,57250,306000000,1728000
1791129601.3726,4960,1288,57156,306000000,1728000
1791129601.4227,4960,1288,57187,306000000,1728000
1791129601.4728,4960,1288,57031,306000000,1728000
1791129601.5229,4960,1288,57125,306000000,1728000
1791129601.5729,4960,1288,57281,306000000,1728000
1791129601.6230,4960,1288,57093,306000000,1728000
1791129601.6731,4960,1296,57375,306000000,1728000
1791129601.7232,4960,1304,57093,306000000,1267200
1791129601.7733,4960,1296,57187,306000000,1728000
1791129601.8234,4960,1296,57062,306000000,1728000
1791129601.8735,4960,1288,57218,306000000,1728000
1791129601.9236,4960,1288,57093,306000000,1728000
1791129601.9736,4960,1288,57125,306000000,1728000
1791129602.0237,4960,1280,57281,306000000,1728000
1791129602.0738,4960,1280,57218,306000000,1728000
1791129602.1239,4960,1280,57250,306000000,1728000
1791129602.1740,4960,1280,57125,306000000,1728000
1791129602.2240,4960,1288,57156,306000000,1728000
1791129602.2741,4960,1288,57250,306000000,1728000
1791129602.3244,4960,1288,57156,306000000,1728000
1791129602.3745,4960,1288,57031,306000000,1728000
1791129602.4246,4960,1288,57125,306000000,1728000
1791129602.4747,4960,1288,57218,306000000,1728000
1791129602.5248,4960,1288,57093,306000000,1728000
1791129602.5749,4960,1288,57281,306000000,1420800
1791129602.6250,4960,1288,57125,306000000,1728000
1791129602.6751,4960,1288,57250,306000000,1728000
1791129602.7252,4960,1288,57156,306000000,1728000
1791129602.7753,4960,1296,57187,306000000,1420800
1791129602.8254,4960,1296,57156,306000000,1728000
1791129602.8754,4960,1296,57156,306000000,1267200
1791129602.9255,4960,1296,57218,306000000,1728000
1791129602.9756,4960,1288,57187,306000000,1728000
1791129603.0257,4960,1288,57250,306000000,1728000
1791129603.0758,4960,1288,57156,306000000,1728000
1791129603.1259,4960,1288,57187,306000000,1728000
1791129603.1760,4960,1280,57000,306000000,1728000
1791129603.2261,4960,1280,57156,306000000,1728000
1791129603.2762,4960,1280,57062,306000000,1728000
1791129603.3263,4960,1288,57093,306000000,1728000
1791129603.3764,4960,1304,57125,306000000,1420800
1791129603.4265,4960,1304,57093,306000000,1728000
1791129603.4766,4960,1296,57218,306000000,1728000
1791129603.5266,4960,1296,57093,306000000,1190400
1791129603.5767,4960,1296,57250,306000000,1728000
1791129603.6268,4960,1296,57062,306000000,1728000
1791129603.6769,4960,1288,57125,306000000,1728000
1791129603.7270,4960,1288,57062,306000000,1728000
1791129603.7771,4960,1288,57062,306000000,1728000
1791129603.8272,4960,1280,56968,306000000,1728000
1791129603.8773,4960,1288,57125,306000000,1728000
1791129603.9274,4960,1296,57218,306000000,1420800
1791129603.9775,4960,1296,57156,306000000,1728000
1791129604.0275,4960,1296,57281,306000000,1728000
1791129604.0776,4960,1288,56968,306000000,1728000
1791129604.1277,4960,1288,57156,306000000,1728000
1791129604.1778,4960,1288,57031,306000000,1420800
1791129604.2279,4960,1288,57093,306000000,1728000
1791129604.2780,4960,1280,57000,306000000,1728000
1791129604.3281,4960,1280,57062,306000000,1728000
1791129604.3782,4960,1280,57281,306000000,1728000
1791129604.4282,4960,1280,57031,306000000,1728000
1791129604.4783,4960,1296,57218,306000000,1728000
1791129604.5284,4960,1296,57093,306000000,1728000
1791129604.5785,4960,1296,57156,306000000,1190400
1791129604.6286,4960,1296,57000,306000000,1728000
1791129604.6787,4960,1296,57031,306000000,1728000
1791129604.7288,4960,1296,56968,306000000,1728000
1791129604.7789,4960,1296,57093,306000000,1728000
1791129604.8290,4960,1296,57250,306000000,1728000
1791129604.8791,4960,1296,57062,306000000,1728000
1791129604.9292,4960,1288,57218,306000000,1728000
1791129604.9793,4960,1288,57000,306000000,1728000
1791129605.0294,4960,1296,57281,306000000,1728000
1791129605.0795,4960,1296,56968,306000000,1728000
1791129605.1296,4960,1296,57031,306000000,1728000
1791129605.1797,4960,1296,57000,306000000,1728000
1791129605.2297,4960,1296,57093,306000000,1728000
1791129605.2798,4960,1296,57250,306000000,1728000
1791129605.3299,4960,1296,57031,306000000,1728000
1791129605.3800,4960,1296,57187,306000000,1728000
1791129605.4301,4960,1296,57031,306000000,1728000
1791129605.4802,4960,1296,57125,306000000,1728000
1791129605.5303,4960,1288,56937,306000000,1728000
1791129605.5804,4960,1304,57093,306000000,1728000
1791129605.6305,4960,1304,57000,306000000,1728000
1791129605.6806,4960,1304,57156,306000000,1728000
1791129605.7307,4960,1304,57000,306000000,1728000
1791129605.7808,4960,1304,57125,306000000,1344000
1791129605.8309,4960,1296,57156,306000000,1728000
1791129605.8810,4960,1288,57031,306000000,1728000
1791129605.9311,4960,1296,57156,306000000,1728000
1791129605.9813,4960,1296,57000,306000000,1497600
1791129606.0313,4960,1296,57187,306000000,1190400
1791129606.0814,4960,1296,57156,306000000,1728000
1791129606.1315,4960,1304,57125,306000000,1497600
1791129606.1816,4960,1304,57031,306000000,1728000
1791129606.2317,4960,1304,57125,306000000,1728000
1791129606.2818,4960,1296,57187,306000000,1728000
1791129606.3320,4960,1296,57062,306000000,1728000
1791129606.3821,4960,1304,57218,306000000,1728000
1791129606.4322,4960,1296,57031,306000000,1728000
1791129606.4823,4960,1288,57093,306000000,1728000
1791129606.5324,4960,1288,57000,306000000,1728000
1791129606.5825,4960,1288,57031,306000000,1728000
1791129606.6326,4960,1288,57031,306000000,1728000
1791129606.6827,4960,1296,57062,306000000,1497600
1791129606.7328,4960,1304,57218,306000000,1728000
1791129606.7829,4960,1304,57031,306000000,1728000
1791129606.8330,4960,1304,57187,306000000,1728000
1791129606.8831,4960,1304,57031,306000000,1728000
1791129606.9332,4960,1304,57125,306000000,1420800
1791129606.9832,4960,1296,57000,306000000,1728000
1791129607.0334,4960,1296,57093,306000000,1420800
1791129607.0834,4960,1296,57031,306000000,1728000
1791129607.1335,4960,1296,57031,306000000,1344000
1791129607.1836,4960,1288,57187,306000000,1728000
1791129607.2337,4960,1296,57031,306000000,1728000
1791129607.2838,4960,1304,57156,306000000,1728000
1791129607.3339,4960,1304,57000,306000000,1728000
1791129607.3840,4960,1296,57125,306000000,1728000
1791129607.4341,4960,1288,57000,306000000,1728000
1791129607.4842,4960,1288,57031,306000000,1728000
1791129607.5343,4960,1288,56937,306000000,1728000
1791129607.5843,4960,1280,57031,306000000,1728000
1791129607.6344,4960,1280,57250,306000000,1728000
1791129607.6845,4960,1272,57062,306000000,1728000
1791129607.7346,4960,1280,57156,306000000,1728000
1791129607.7847,4960,1280,56968,306000000,1728000
1791129607.8348,4960,1296,57125,306000000,1728000
1791129607.8849,4960,1288,56968,306000000,1728000
1791129607.9350,4960,1288,57000,306000000,1728000
1791129607.9850,4960,1288,56906,306000000,1728000
1791129608.0351,4960,1288,57062,306000000,1728000
1791129608.0852,4960,1288,56843,306000000,1728000
1791129608.1353,4960,1280,57031,306000000,1728000
1791129608.1854,4960,1272,57187,306000000,1728000
1791129608.2355,4960,1272,56968,306000000,1728000
1791129608.2855,4960,1272,57000,306000000,1728000
1791129608.3356,4960,1272,57000,306000000,1728000
1791129608.3857,4960,1288,57000,306000000,1728000
1791129608.4358,4960,1288,56906,306000000,1728000
1791129608.4859,4960,1280,57093,306000000,1728000
1791129608.5360,4960,1272,56968,306000000,1728000
1791129608.5861,4960,1272,57000,306000000,1728000
1791129608.6362,4960,1272,57156,306000000,1728000
1791129608.6863,4960,1272,56906,306000000,1728000
1791129608.7364,4960,1272,57062,306000000,1728000
1791129608.7864,4960,1272,56968,306000000,1728000
1791129608.8365,4960,1264,57031,306000000,1728000
1791129608.8866,4960,1256,57000,306000000,1728000
1791129608.9367,4960,1272,57062,306000000,1728000
1791129608.9868,4960,1272,56937,306000000,1728000
1791129609.0369,4960,1272,57000,306000000,1728000
1791129609.0870,4960,1272,57187,306000000,1728000
1791129609.1371,4960,1272,56937,306000000,1728000
1791129609.1872,4960,1272,57125,306000000,1728000
1791129609.2372,4960,1264,56937,306000000,1728000
1791129609.2873,4960,1256,57031,306000000,1728000
1791129609.3374,4960,1264,56968,306000000,1728000
1791129609.3875,4960,1264,57062,306000000,1728000
1791129609.4376,4960,1264,56906,306000000,1728000
1791129609.4877,4960,1272,57000,306000000,1728000
1791129609.5378,4960,1272,57093,306000000,1728000
1791129609.5879,4960,1272,56937,306000000,1728000
1791129609.6380,4960,1280,57093,306000000,1728000
1791129609.6880,4960,1280,56906,306000000,1728000
1791129609.7381,4960,1280,57031,306000000,1728000
1791129609.7882,4960,1280,56968,306000000,1728000
1791129609.8383,4960,1280,57031,306000000,1728000
1791129609.8884,4960,1280,56843,306000000,1728000
1791129609.9385,4960,1272,56968,306000000,1728000
1791129609.9885,4960,1272,57156,306000000,1728000
1791129610.0386,4960,1280,56968,306000000,1420800
1791129610.0888,4960,1288,57156,306000000,1728000
1791129610.1389,4960,1280,57000,306000000,1728000
1791129610.1889,4960,1280,57000,306000000,1728000
1791129610.2391,4960,1280,56937,306000000,1728000
1791129610.2892,4960,1280,57031,306000000,1728000
1791129610.3393,4960,1272,56937,306000000,1728000
1791129610.3894,4960,1272,57000,306000000,1728000
1791129610.4394,4960,1272,56906,306000000,1728000
1791129610.4895,4960,1272,57000,306000000,1728000
1791129610.5396,4960,1272,57031,306000000,1728000
1791129610.5897,4960,1280,56906,306000000,1728000
1791129610.6398,4960,1288,57000,306000000,1728000
1791129610.6899,4960,1280,56843,306000000,1728000
1791129610.7400,4960,1280,57000,306000000,1728000
1791129610.7901,4960,1280,56843,306000000,1728000
1791129610.8402,4960,1280,57000,306000000,1728000
1791129610.8902,4960,1280,56875,306000000,1728000
1791129610.9403,4960,1280,56937,306000000,1728000
1791129610.9904,4960,1280,57062,306000000,1728000
1791129611.0405,4960,1280,56906,306000000,1728000
1791129611.0906,4960,1272,57062,306000000,1728000
1791129611.1407,4960,1280,56843,306000000,1728000
1791129611.1908,4960,1296,57062,306000000,1728000
1791129611.2409,4960,1288,56875,306000000,1728000
1791129611.2909,4960,1288,57000,306000000,1728000
1791129611.3411,4960,1280,56843,306000000,1728000
1791129611.3911,4960,1272,56812,306000000,1728000
1791129611.4412,4960,1272,57062,306000000,1728000
1791129611.4913,4960,1272,56875,306000000,1728000
1791129611.5414,4960,1264,57031,306000000,1728000
1791129611.5915,4960,1264,56906,306000000,1728000
1791129611.6416,4960,1272,56937,306000000,1728000
1791129611.6917,4960,1272,56875,306000000,1728000
1791129611.7418,4960,1288,56968,306000000,1651200
1791129611.7918,4960,1280,56937,306000000,1728000
1791129611.8419,4960,1280,56937,306000000,1728000
1791129611.8920,4960,1280,57000,306000000,1728000
1791129611.9421,4960,1280,56968,306000000,1728000
1791129611.9922,4960,1272,57031,306000000,1728000
1791129612.0423,4960,1272,56906,306000000,1728000
1791129612.0924,4960,1272,57000,306000000,1728000
1791129612.1424,4960,1272,56875,306000000,1728000
1791129612.1925,4960,1272,57000,306000000,1728000
1791129612.2426,4960,1272,56906,306000000,1728000
1791129612.2927,4960,1288,56875,306000000,1728000
1791129612.3428,4960,1288,57093,306000000,1728000
1791129612.3929,4960,1288,56906,306000000,1728000
1791129612.4430,4960,1280,57031,306000000,1728000
1791129612.4930,4960,1272,56812,306000000,1728000
1791129612.5431,4960,1272,56937,306000000,1728000
1791129612.5932,4960,1272,56875,306000000,1728000
1791129612.6433,4960,1280,56968,306000000,1728000
1791129612.6934,4960,1280,56843,306000000,1728000
1791129612.7435,4960,1280,56843,306000000,1728000
1791129612.7936,4960,1280,56906,306000000,1728000
1791129612.8437,4960,1288,56906,306000000,1728000
1791129612.8938,4960,1280,57000,306000000,1728000
1791129612.9439,4960,1280,56968,306000000,1728000
1791129612.9939,4960,1280,56906,306000000,1728000
1791129613.0440,4960,1280,56875,306000000,1728000
1791129613.0941,4960,1280,56906,306000000,1728000
1791129613.1442,4960,1272,56875,306000000,1728000
1791129613.1943,4960,1272,56968,306000000,1728000
1791129613.2443,4960,1272,56750,306000000,1728000
1791129613.2944,4960,1272,56875,306000000,1728000
1791129613.3445,4960,1272,57093,306000000,1728000
1791129613.3946,4960,1280,56968,306000000,1497600
1791129613.4447,4960,1288,57000,306000000,1728000
1791129613.4948,4960,1288,56843,306000000,1728000
1791129613.5449,4960,1288,56875,306000000,1728000
1791129613.5950,4960,1288,56812,306000000,1728000
1791129613.6451,4960,1288,56968,306000000,1728000
1791129613.6951,4960,1280,56781,306000000,1728000
1791129613.7452,4960,1280,56875,306000000,1728000
1791129613.7953,4960,1272,57031,306000000,1728000
1791129613.8454,4960,1280,56968,306000000,1728000
1791129613.8955,4960,1272,57000,306000000,1728000
1791129613.9456,4960,1280,56812,306000000,1728000
1791129613.9957,4960,1288,56968,306000000,1728000
1791129614.0458,4960,1288,56843,306000000,1728000
1791129614.0959,4960,1288,56906,306000000,1728000
1791129614.1460,4960,1280,56906,306000000,1728000
1791129614.1961,4960,1272,56843,306000000,1728000
1791129614.2461,4960,1272,57000,306000000,1728000
1791129614.2962,4960,1272,56875,306000000,1728000
1791129614.3463,4960,1272,57062,306000000,1728000
1791129614.3964,4960,1272,56750,306000000,1728000
1791129614.4465,4960,1272,56906,306000000,1728000
1791129614.4966,4960,1264,56875,306000000,1728000
1791129614.5467,4960,1280,56906,306000000,1728000
1791129614.5968,4960,1280,56750,306000000,1728000
1791129614.6469,4960,1280,56875,306000000,1728000
1791129614.6970,4960,1280,57031,306000000,1728000
1791129614.7471,4960,1280,56875,306000000,1728000
1791129614.7972,4960,1272,57000,306000000,1728000
1791129614.8473,4960,1272,56781,306000000,1728000
1791129614.8973,4960,1272,56906,306000000,1728000
1791129614.9474,4960,1272,56750,306000000,1728000
1791129614.9975,4960,1272,56843,306000000,1728000
1791129615.0476,4960,1272,56812,306000000,1267200
1791129615.0977,4960,1288,56906,306000000,1728000
1791129615.1478,4960,1280,56750,306000000,1728000
1791129615.1979,4960,1280,56875,306000000,1728000
1791129615.2479,4960,1280,57000,306000000,1728000
1791129615.2980,4960,1280,56812,306000000,1728000
1791129615.3481,4960,1280,56906,306000000,1728000
1791129615.3982,4960,1280,56812,306000000,1728000
1791129615.4483,4960,1272,56843,306000000,1728000
1791129615.4984,4960,1272,56781,306000000,1728000
1791129615.5484,4960,1272,56812,306000000,1728000
1791129615.5985,4960,1272,56750,306000000,1728000
1791129615.6486,4960,1280,56843,306000000,1728000
1791129615.6987,4960,1288,57000,306000000,1728000
1791129615.7488,4960,1288,56843,306000000,1728000
1791129615.7989,4960,1280,56937,306000000,1728000
1791129615.8490,4960,1272,56781,306000000,1728000
1791129615.8991,4960,1280,56875,306000000,1728000
1791129615.9491,4960,1280,56750,306000000,1728000
1791129615.9992,4960,1280,56781,306000000,1728000
1791129616.0493,4960,1272,56750,306000000,1728000
1791129616.0994,4960,1280,56781,306000000,1728000
1791129616.1495,4960,1280,56906,306000000,1728000
1791129616.1996,4960,1296,56781,306000000,1728000
1791129616.2497,4960,1312,56906,306000000,1728000
1791129616.2997,4960,1312,56843,306000000,1728000
1791129616.3498,4960,1320,56781,306000000,1728000
1791129616.3999,4960,1320,56718,306000000,1728000
1791129616.4500,4960,1328,56812,306000000,1728000
1791129616.5001,4960,1328,56625,306000000,1728000
1791129616.5502,4960,1320,56906,306000000,1728000
1791129616.6002,4960,1320,57031,306000000,1728000
1791129616.6504,4960,1312,56812,306000000,1728000
1791129616.7004,4960,1312,56968,306000000,1728000
1791129616.7505,4960,1320,56843,306000000,1728000
1791129616.8006,4960,1320,56906,306000000,1728000
1791129616.8507,4960,1312,56843,306000000,1728000
1791129616.9008,4960,1312,56843,306000000,1728000
1791129616.9509,4960,1312,56656,306000000,1728000
1791129617.0010,4960,1304,56812,306000000,1728000
1791129617.0511,4960,1296,57000,306000000,1728000
1791129617.1012,4960,1296,56750,306000000,1728000
1791129617.1513,4960,1288,56906,306000000,1728000
1791129617.2014,4960,1288,56718,306000000,1728000
1791129617.2514,4960,1288,56781,306000000,1728000
1791129617.3015,4960,1288,56718,306000000,1728000
1791129617.3516,4960,1296,56968,306000000,1728000
1791129617.4017,4960,1296,56750,306000000,1728000
1791129617.4518,4960,1296,56750,306000000,1728000
1791129617.5019,4960,1288,56656,306000000,1728000
1791129617.5520,4960,1280,56843,306000000,1728000
1791129617.6021,4960,1280,57000,306000000,1728000
1791129617.6522,4960,1280,56843,306000000,1728000
1791129617.7023,4960,1280,56937,306000000,1728000
1791129617.7523,4960,1280,56781,306000000,1728000
1791129617.8024,4960,1280,56843,306000000,1728000
1791129617.8525,4960,1280,56718,306000000,1728000
1791129617.9026,4960,1288,56937,306000000,1728000
1791129617.9527,4960,1288,56656,306000000,1728000
1791129618.0028,4960,1288,56781,306000000,1728000
1791129618.0529,4960,1280,56906,306000000,1728000
1791129618.1030,4960,1280,56750,306000000,1728000
1791129618.1531,4960,1280,56875,306000000,1728000
1791129618.2032,4960,1272,56656,306000000,1728000
1791129618.2532,4960,1280,56781,306000000,1728000
1791129618.3033,4960,1272,56750,306000000,1728000
1791129618.3534,4960,1272,56718,306000000,1728000
1791129618.4035,4960,1272,56656,306000000,1344000
1791129618.4536,4960,1280,56781,306000000,1728000
1791129618.5037,4960,1280,56937,306000000,1728000
1791129618.5538,4960,1280,56750,306000000,1728000
1791129618.6039,4960,1280,56750,306000000,1728000
1791129618.6539,4960,1272,56687,306000000,1728000
1791129618.7040,4960,1272,56812,306000000,1728000
1791129618.7541,4960,1272,56718,306000000,1728000
1791129618.8042,4960,1272,56750,306000000,1728000
1791129618.8543,4960,1272,56718,306000000,1728000
1791129618.9044,4960,1264,56812,306000000,1728000
1791129618.9545,4960,1264,56937,306000000,1728000
1791129619.0045,4960,1280,56750,306000000,1728000
1791129619.0547,4960,1280,56843,306000000,1728000
1791129619.1048,4960,1280,56718,306000000,1728000
1791129619.1548,4960,1280,56906,306000000,1728000
1791129619.2049,4960,1272,56750,306000000,1728000
1791129619.2550,4960,1280,56781,306000000,1728000
1791129619.3051,4960,1280,56750,306000000,1728000
1791129619.3552,4960,1280,56750,306000000,1728000
1791129619.4053,4960,1280,56843,306000000,1728000
1791129619.4553,4960,1280,56843,306000000,1728000
1791129619.5054,4960,1280,56906,306000000,1728000
1791129619.5555,4960,1288,56718,306000000,1267200
1791129619.6056,4960,1288,56843,306000000,1728000
1791129619.6557,4960,1280,56781,306000000,1728000
1791129619.7058,4960,1280,56906,306000000,1728000
1791129619.7559,4960,1280,56625,306000000,1728000
1791129619.8060,4960,1280,56812,306000000,1728000
1791129619.8561,4960,1280,56687,306000000,1728000
1791129619.9062,4960,1280,56625,306000000,1728000
1791129619.9563,4960,1280,56875,306000000,1728000
1791129620.0064,4960,1280,56687,306000000,1728000
1791129620.0565,4960,1280,56750,306000000,1728000
1791129620.1066,4960,1288,56812,306000000,1420800
1791129620.1567,4960,1288,56843,306000000,1728000
1791129620.2068,4960,1288,56656,306000000,1728000
1791129620.2568,4960,1280,56656,306000000,1728000
1791129620.3069,4960,1280,56687,306000000,1728000
1791129620.3570,4960,1280,56750,306000000,1728000
1791129620.4071,4960,1280,56812,306000000,1728000
1791129620.4572,4960,1280,56687,306000000,1420800
1791129620.5073,4960,1280,56750,306000000,1267200
1791129620.5574,4960,1280,56750,306000000,1728000
1791129620.6075,4960,1280,56718,306000000,1728000
1791129620.6576,4960,1280,56718,306000000,1728000
1791129620.7077,4960,1296,56781,306000000,1728000
1791129620.7578,4960,1296,56656,306000000,1728000
1791129620.8079,4960,1296,56625,306000000,1728000
1791129620.8580,4960,1296,56812,306000000,1728000
1791129620.9081,4960,1296,56656,306000000,1728000
1791129620.9582,4960,1296,56687,306000000,1728000
1791129621.0083,4960,1296,56656,306000000,1728000
1791129621.0583,4960,1296,56750,306000000,1728000
1791129621.1084,4960,1296,56656,306000000,1728000
1791129621.1585,4960,1288,56687,306000000,1728000
1791129621.2086,4960,1288,56593,306000000,1728000
1791129621.2587,4960,1304,56718,306000000,1344000
1791129621.3088,4960,1296,56906,306000000,1728000
1791129621.3589,4960,1288,56656,306000000,1728000
1791129621.4090,4960,1288,56781,306000000,1728000
1791129621.4591,4960,1288,56625,306000000,1728000
1791129621.5092,4960,1288,56656,306000000,1728000
1791129621.5593,4960,1280,56687,306000000,1728000
1791129621.6094,4960,1288,56687,306000000,1728000
1791129621.6595,4960,1288,56625,306000000,1728000
1791129621.7095,4960,1280,56687,306000000,1728000
1791129621.7596,4960,1280,56781,306000000,1728000
1791129621.8097,4960,1288,56562,306000000,1728000
1791129621.8598,4960,1280,56750,306000000,1728000
1791129621.9099,4960,1280,56593,306000000,1728000
1791129621.9600,4960,1272,56718,306000000,1728000
1791129622.0101,4960,1272,56625,306000000,1728000
1791129622.0602,4960,1272,56718,306000000,1728000
1791129622.1103,4960,1264,56593,306000000,1728000
1791129622.1604,4960,1264,56656,306000000,1728000
1791129622.2104,4960,1264,56625,306000000,1728000
1791129622.2605,4960,1264,56656,306000000,1728000
1791129622.3106,4960,1264,56843,306000000,1728000
1791129622.3607,4960,1280,56562,306000000,1728000
1791129622.4108,4960,1280,56718,306000000,1728000
1791129622.4609,4960,1280,56625,306000000,1728000
1791129622.5110,4960,1272,56687,306000000,1728000
1791129622.5611,4960,1272,56656,306000000,1728000
1791129622.6111,4960,1272,56718,306000000,1728000
1791129622.6612,4960,1264,56625,306000000,1728000
1791129622.7113,4960,1264,56687,306000000,1728000
1791129622.7614,4960,1264,56812,306000000,1728000
1791129622.8115,4960,1264,56593,306000000,1728000
1791129622.8616,4960,1264,56812,306000000,1344000
1791129622.9117,4960,1272,56687,306000000,1728000
1791129622.9618,4960,1280,56750,306000000,1728000
1791129623.0119,4960,1272,56625,306000000,1728000
1791129623.0620,4960,1272,56625,306000000,1728000
1791129623.1121,4960,1272,56625,306000000,1728000
1791129623.1622,4960,1272,56718,306000000,1728000
1791129623.2123,4960,1272,56718,306000000,1728000
1791129623.2624,4960,1272,56656,306000000,1728000
1791129623.3124,4960,1264,56718,306000000,1728000
1791129623.3625,4960,1264,56593,306000000,1728000
1791129623.4126,4960,1264,56718,306000000,1728000
1791129623.4627,4960,1272,56593,306000000,1728000
1791129623.5128,4960,1280,56656,306000000,1728000
1791129623.5629,4960,1280,56593,306000000,1728000
1791129623.6130,4960,1280,56625,306000000,1728000
1791129623.6631,4960,1280,56812,306000000,1728000
1791129623.7132,4960,1272,56593,306000000,1728000
1791129623.7633,4960,1272,56718,306000000,1728000
1791129623.8134,4960,1272,56625,306000000,1728000
1791129623.8634,4960,1264,56718,306000000,1728000
1791129623.9139,4960,1272,56593,306000000,1728000
1791129623.9640,4960,1272,56718,306000000,1728000
1791129624.0141,4960,1280,56531,306000000,1728000
1791129624.0642,4960,1288,56593,306000000,1728000
1791129624.1143,4960,1288,56906,306000000,1728000
1791129624.1644,4960,1280,56625,306000000,1728000
1791129624.2145,4960,1280,56781,306000000,1728000
1791129624.2646,4960,1272,56625,306000000,1728000
1791129624.3147,4960,1272,56687,306000000,1728000
1791129624.3648,4960,1264,56625,306000000,1728000
1791129624.4149,4960,1272,56718,306000000,1728000
1791129624.4649,4960,1272,56531,306000000,1728000
1791129624.5150,4960,1272,56562,306000000,1728000
1791129624.5651,4960,1272,56562,306000000,1728000
1791129624.6154,4960,1280,56593,306000000,1728000
1791129624.6655,4960,1280,56718,306000000,1728000
1791129624.7155,4960,1280,56593,306000000,1420800
1791129624.7656,4960,1280,56781,306000000,1728000
1791129624.8157,4960,1280,56562,306000000,1728000
1791129624.8658,4960,1280,56687,306000000,1728000
1791129624.9159,4960,1280,56625,306000000,1728000
1791129624.9660,4960,1280,56656,306000000,1728000
1791129625.0161,4960,1280,56687,306000000,1728000
1791129625.0662,4960,1280,56656,306000000,1190400
1791129625.1163,4960,1280,56718,306000000,1728000
1791129625.1664,4960,1296,56593,306000000,1728000
1791129625.2165,4960,1288,56718,306000000,1728000
1791129625.2666,4960,1288,56562,306000000,1728000
1791129625.3167,4960,1288,56718,306000000,1728000
1791129625.3668,4960,1288,56656,306000000,1728000
1791129625.4169,4960,1288,56718,306000000,1728000
1791129625.4670,4960,1280,56500,306000000,1728000
1791129625.5171,4960,1280,56656,306000000,1728000
1791129625.5672,4960,1280,56750,306000000,1728000
1791129625.6173,4960,1280,56625,306000000,1728000
1791129625.6674,4960,1280,56750,306000000,1728000
1791129625.7175,4960,1296,56593,306000000,1728000
1791129625.7676,4960,1296,56656,306000000,1728000
1791129625.8177,4960,1296,56562,306000000,1728000
1791129625.8677,4960,1296,56625,306000000,1728000
1791129625.9178,4960,1288,56812,306000000,1728000
1791129625.9679,4960,1288,56625,306000000,1728000
1791129626.0180,4960,1288,56718,306000000,1728000
1791129626.0681,4960,1288,56593,306000000,1728000
1791129626.1182,4960,1288,56750,306000000,1728000
1791129626.1683,4960,1296,56687,306000000,1728000
1791129626.2184,4960,1296,56625,306000000,1728000
1791129626.2685,4960,1304,56531,306000000,1728000
1791129626.3186,4960,1312,56625,306000000,1728000
1791129626.3687,4960,1304,56656,306000000,1728000
1791129626.4188,4960,1296,56625,306000000,1344000
1791129626.4689,4960,1296,56750,306000000,1728000
1791129626.5190,4960,1288,56656,306000000,1728000
1791129626.5691,4960,1288,56750,306000000,1728000
1791129626.6192,4960,1280,56687,306000000,1728000
1791129626.6693,4960,1280,56750,306000000,1728000
1791129626.7194,4960,1280,56562,306000000,1420800
1791129626.7695,4960,1280,56593,306000000,1420800
1791129626.8196,4960,1288,56531,306000000,1728000
1791129626.8697,4960,1296,56625,306000000,1420800
1791129626.9197,4960,1296,56562,306000000,1728000
1791129626.9698,4960,1288,56562,306000000,1267200
1791129627.0199,4960,1288,56687,306000000,1728000
1791129627.0700,4960,1288,56562,306000000,1728000
1791129627.1201,4960,1288,56687,306000000,1267200
1791129627.1702,4960,1288,56593,306000000,1728000
1791129627.2203,4960,1280,56625,306000000,1728000
1791129627.2704,4960,1280,56531,306000000,1728000
1791129627.3205,4960,1272,56718,306000000,1728000
1791129627.3706,4960,1288,56531,306000000,1420800
1791129627.4207,4960,1288,56625,306000000,1420800
1791129627.4708,4960,1288,56656,306000000,1113600
1791129627.5209,4960,1288,56562,306000000,1728000
1791129627.5710,4960,1288,56625,306000000,1728000
1791129627.6211,4960,1288,56562,306000000,1728000
1791129627.6712,4960,1280,56625,306000000,1728000
1791129627.7213,4960,1280,56562,306000000,1728000
1791129627.7714,4960,1280,56593,306000000,1728000
1791129627.8215,4960,1280,56593,306000000,1728000
1791129627.8716,4960,1280,56531,306000000,1728000
1791129627.9217,4960,1288,56656,306000000,1728000
1791129627.9718,4960,1296,56500,306000000,1728000
1791129628.0219,4960,1296,56687,306000000,1728000
1791129628.0720,4960,1296,56531,306000000,1728000
1791129628.1221,4960,1288,56593,306000000,1728000
1791129628.1722,4960,1288,56625,306000000,1420800
1791129628.2223,4960,1288,56625,306000000,1728000
1791129628.2724,4960,1288,56593,306000000,1728000
1791129628.3225,4960,1288,56625,306000000,1728000
1791129628.3726,4960,1280,56718,306000000,1728000
1791129628.4227,4960,1280,56468,306000000,1728000
1791129628.4728,4960,1288,56750,306000000,1728000
1791129628.5229,4960,1296,56531,306000000,1728000
1791129628.5730,4960,1296,56656,306000000,1728000
1791129628.6230,4960,1296,56500,306000000,1728000
1791129628.6731,4960,1296,56593,306000000,1497600
1791129628.7232,4960,1296,56531,306000000,1267200
1791129628.7733,4960,1288,56625,306000000,1728000
1791129628.8234,4960,1288,56750,306000000,1190400
1791129628.8735,4960,1288,56593,306000000,1728000
1791129628.9236,4960,1280,56687,306000000,1728000
1791129628.9737,4960,1280,56531,306000000,1728000
1791129629.0238,4960,1280,56718,306000000,1420800
1791129629.0739,4960,1296,56562,306000000,1190400
1791129629.1240,4960,1288,56625,306000000,1728000
1791129629.1741,4960,1296,56562,306000000,1344000
1791129629.2241,4960,1288,56562,306000000,1728000
1791129629.2742,4960,1288,56531,306000000,1728000
1791129629.3243,4960,1288,56593,306000000,1728000
1791129629.3744,4960,1288,56625,306000000,1728000
1791129629.4245,4960,1288,56500,306000000,1728000
1791129629.4746,4960,1288,56750,306000000,1267200
1791129629.5247,4960,1288,56562,306000000,1728000
1791129629.5748,4960,1288,56656,306000000,1344000
1791129629.6249,4960,1304,56687,306000000,1497600
1791129629.6750,4960,1304,56500,306000000,1344000
1791129629.7251,4960,1296,56531,306000000,1728000
1791129629.7752,4960,1296,56562,306000000,1728000
1791129629.8253,4960,1288,56750,306000000,1728000
1791129629.8754,4960,1288,56500,306000000,1728000
1791129629.9254,4960,1288,56718,306000000,1728000
1791129629.9755,4960,1288,56531,306000000,1728000
1791129630.0256,4960,1288,56562,306000000,1728000
1791129630.0757,4960,1288,56656,306000000,1728000
1791129630.1258,4960,1280,56625,306000000,1728000
1791129630.1759,4960,1296,56531,306000000,1728000
1791129630.2260,4960,1296,56593,306000000,1728000
1791129630.2761,4960,1288,56718,306000000,1728000
1791129630.3262,4960,1288,56562,306000000,1728000
1791129630.3763,4960,1288,56718,306000000,1728000
1791129630.4264,4960,1288,56500,306000000,1728000
1791129630.4765,4960,1288,56593,306000000,1728000
1791129630.5266,4960,1288,56531,306000000,1420800
1791129630.5767,4960,1280,56562,306000000,1728000
1791129630.6268,4960,1288,56500,306000000,1728000
1791129630.6769,4960,1280,56562,306000000,1728000
1791129630.7270,4960,1296,56781,306000000,1344000
1791129630.7771,4960,1296,56593,306000000,1728000
1791129630.8272,4960,1296,56656,306000000,1728000
1791129630.8773,4960,1288,56562,306000000,1728000
1791129630.9273,4960,1288,56593,306000000,1728000
1791129630.9774,4960,1280,56531,306000000,1728000
1791129631.0275,4960,1280,56625,306000000,1728000
1791129631.0776,4960,1280,56500,306000000,1728000
1791129631.1277,4960,1280,56562,306000000,1728000
1791129631.1777,4960,1280,56656,306000000,1728000
1791129631.2278,4960,1280,56531,306000000,1728000
1791129631.2779,4960,1288,56718,306000000,1728000
1791129631.3280,4960,1288,56562,306000000,1728000
1791129631.3781,4960,1288,56625,306000000,1728000
1791129631.4282,4960,1288,56500,306000000,1728000
1791129631.4783,4960,1280,56562,306000000,1728000
1791129631.5284,4960,1280,56500,306000000,1728000
1791129631.5785,4960,1272,56531,306000000,1728000
1791129631.6286,4960,1280,56500,306000000,1728000
1791129631.6787,4960,1272,56500,306000000,1728000
1791129631.7287,4960,1272,56656,306000000,1728000
1791129631.7788,4960,1272,56500,306000000,1728000
1791129631.8289,4960,1280,56625,306000000,1728000
1791129631.8791,4960,1288,56562,306000000,1728000
1791129631.9292,4960,1288,56500,306000000,1728000
1791129631.9792,4960,1280,56500,306000000,1728000
1791129632.0293,4960,1280,56531,306000000,1728000
1791129632.0794,4960,1272,56562,306000000,1728000
1791129632.1295,4960,1272,56562,306000000,1728000
1791129632.1796,4960,1272,56656,306000000,1728000
1791129632.2297,4960,1272,56531,306000000,1728000
1791129632.2798,4960,1272,56625,306000000,1728000
1791129632.3298,4960,1272,56500,306000000,1728000
1791129632.3799,4960,1272,56562,306000000,1728000
1791129632.4301,4960,1280,56500,306000000,1728000
1791129632.4801,4960,1280,56531,306000000,1728000
1791129632.5302,4960,1272,56500,306000000,1728000
1791129632.5803,4960,1272,56562,306000000,1728000
1791129632.6304,4960,1272,56625,306000000,1728000
1791129632.6805,4960,1272,56500,306000000,1728000
1791129632.7306,4960,1272,56562,306000000,1728000
1791129632.7807,4960,1264,56500,306000000,1728000
1791129632.8308,4960,1264,56531,306000000,1728000
1791129632.8809,4960,1264,56500,306000000,1728000
1791129632.9310,4960,1264,56562,306000000,1728000
1791129632.9811,4960,1280,56531,306000000,1728000
1791129633.0312,4960,1272,56500,306000000,1728000
1791129633.0813,4960,1272,56656,306000000,1728000
1791129633.1314,4960,1272,56500,306000000,1728000
1791129633.1815,4960,1272,56593,306000000,1728000
1791129633.2315,4960,1272,56531,306000000,1728000
1791129633.2816,4960,1264,56562,306000000,1728000
1791129633.3317,4960,1264,56468,306000000,1728000
1791129633.3818,4960,1264,56531,306000000,1728000
1791129633.4319,4960,1264,56500,306000000,1728000
1791129633.4820,4960,1264,56500,306000000,1728000
1791129633.5321,4960,1280,56625,306000000,1728000
1791129633.5822,4960,1280,56500,306000000,1728000
1791129633.6323,4960,1280,56625,306000000,1728000
1791129633.6824,4960,1272,56500,306000000,1728000
1791129633.7324,4960,1272,56593,306000000,1728000
1791129633.7825,4960,1272,56562,306000000,1728000
1791129633.8326,4960,1272,56500,306000000,1728000
1791129633.8827,4960,1272,56500,306000000,1728000
1791129633.9328,4960,1272,56500,306000000,1728000
1791129633.9829,4960,1272,56468,306000000,1728000
1791129634.0329,4960,1272,56437,306000000,1728000
1791129634.0831,4960,1280,56656,306000000,1728000
1791129634.1332,4960,1280,56500,306000000,1728000
1791129634.1833,4960,1280,56625,306000000,1728000
1791129634.2334,4960,1280,56468,306000000,1420800
1791129634.2835,4960,1288,56593,306000000,1728000
1791129634.3336,4960,1280,56562,306000000,1728000
1791129634.3837,4960,1280,56531,306000000,1728000
1791129634.4338,4960,1280,56468,306000000,1728000
1791129634.4839,4960,1280,56500,306000000,1728000
1791129634.5340,4960,1272,56593,306000000,1728000
1791129634.5840,4960,1272,56531,306000000,1728000
1791129634.6341,4960,1280,56625,306000000,1420800
1791129634.6842,4960,1288,56500,306000000,1728000
1791129634.7343,4960,1288,56562,306000000,1728000
1791129634.7844,4960,1288,56500,306000000,1420800
1791129634.8345,4960,1288,56500,306000000,1728000
1791129634.8846,4960,1280,56531,306000000,1728000
1791129634.9347,4960,1280,56562,306000000,1728000
1791129634.9848,4960,1280,56656,306000000,1728000
1791129635.0349,4960,1280,56500,306000000,1728000
1791129635.0850,4960,1280,56531,306000000,1497600
1791129635.1351,4960,1280,56500,306000000,1728000
1791129635.1851,4960,1288,56562,306000000,1420800
1791129635.2352,4960,1296,56500,306000000,1190400
1791129635.2853,4960,1288,56531,306000000,1728000
1791129635.3354,4960,1288,56500,306000000,1728000
1791129635.3855,4960,1280,56531,306000000,1728000
1791129635.4356,4960,1280,56625,306000000,1728000
1791129635.4857,4960,1288,56500,306000000,1728000
1791129635.5358,4960,1288,56656,306000000,1728000
1791129635.5859,4960,1288,56531,306000000,1497600
1791129635.6360,4960,1288,56562,306000000,1728000
1791129635.6861,4960,1288,56500,306000000,1728000
1791129635.7362,4960,1288,56531,306000000,1728000
1791129635.7863,4960,1296,56437,306000000,1728000
1791129635.8364,4960,1296,56500,306000000,1728000
1791129635.8865,4960,1288,56468,306000000,1728000
1791129635.9366,4960,1288,56500,306000000,1728000
1791129635.9867,4960,1288,56656,306000000,1728000
1791129636.0368,4960,1288,56468,306000000,1728000
1791129636.0869,4960,1288,56656,306000000,1728000
1791129636.1370,4960,1288,56500,306000000,1728000
1791129636.1871,4960,1288,56562,306000000,1728000
1791129636.2372,4960,1288,56500,306000000,1728000
1791129636.2873,4960,1288,56531,306000000,1728000
1791129636.3374,4960,1296,56437,306000000,1728000
1791129636.3875,4960,1296,56593,306000000,1728000
1791129636.4376,4960,1296,56687,306000000,1728000
1791129636.4876,4960,1288,56500,306000000,1728000
1791129636.5377,4960,1280,56593,306000000,1728000
1791129636.5878,4960,1280,56437,306000000,1728000
1791129636.6379,4960,1280,56500,306000000,1728000
1791129636.6880,4960,1280,56500,306000000,1728000
1791129636.7381,4960,1272,56500,306000000,1728000
1791129636.7882,4960,1272,56468,306000000,1728000
1791129636.8383,4960,1272,56531,306000000,1728000
1791129636.8884,4960,1280,56593,306000000,1728000
1791129636.9385,4960,1280,56531,306000000,1728000
1791129636.9886,4960,1280,56593,306000000,1728000
1791129637.0386,4960,1272,56437,306000000,1728000
1791129637.0887,4960,1264,56500,306000000,1728000
1791129637.1388,4960,1264,56437,306000000,1728000
1791129637.1889,4960,1264,56562,306000000,1728000
1791129637.2390,4960,1264,56531,306000000,1728000
1791129637.2890,4960,1264,56500,306000000,1728000
1791129637.3391,4960,1264,56625,306000000,1728000
1791129637.3892,4960,1272,56500,306000000,1728000
1791129637.4393,4960,1280,56562,306000000,1728000
1791129637.4894,4960,1288,56468,306000000,1728000
1791129637.5395,4960,1288,56500,306000000,1728000
1791129637.5896,4960,1280,56468,306000000,1728000
1791129637.6397,4960,1288,56531,306000000,1728000
1791129637.6897,4960,1296,56500,306000000,1728000
1791129637.7398,4960,1304,56500,306000000,1728000
1791129637.7899,4960,1312,56562,306000000,1728000
1791129637.8400,4960,1312,56500,306000000,1728000
1791129637.8901,4960,1312,56500,306000000,1728000
1791129637.9401,4960,1312,56500,306000000,1728000
1791129637.9902,4960,1320,56562,306000000,1728000
1791129638.0403,4960,1320,56468,306000000,1728000
1791129638.0904,4960,1320,56500,306000000,1728000
1791129638.1405,4960,1312,56406,306000000,1728000
1791129638.1906,4960,1312,56500,306000000,1728000
1791129638.2407,4960,1304,56656,306000000,1728000
1791129638.2908,4960,1296,56500,306000000,1728000
1791129638.3408,4960,1288,56593,306000000,1728000
1791129638.3909,4960,1288,56500,306000000,1728000
1791129638.4410,4960,1288,56562,306000000,1728000
1791129638.4911,4960,1288,56468,306000000,1728000
1791129638.5412,4960,1296,56500,306000000,1728000
1791129638.5913,4960,1296,56468,306000000,1728000
1791129638.6414,4960,1296,56437,306000000,1728000
1791129638.6915,4960,1288,56468,306000000,1728000
1791129638.7416,4960,1280,56500,306000000,1728000
1791129638.7916,4960,1280,56625,306000000,1728000
1791129638.8417,4960,1272,56437,306000000,1728000
1791129638.8918,4960,1272,56562,306000000,1728000
1791129638.9419,4960,1272,56500,306000000,1728000
1791129638.9920,4960,1272,56500,306000000,1728000
1791129639.0420,4960,1272,56500,306000000,1728000
1791129639.0921,4960,1272,56500,306000000,1728000
1791129639.1422,4960,1280,56437,306000000,1728000
1791129639.1923,4960,1280,56468,306000000,1728000
1791129639.2424,4960,1280,56500,306000000,1728000
1791129639.2925,4960,1272,56500,306000000,1728000
1791129639.3426,4960,1272,56500,306000000,1728000
1791129639.3927,4960,1272,56406,306000000,1728000
1791129639.4428,4960,1272,56468,306000000,1728000
1791129639.4928,4960,1272,56375,306000000,1728000
1791129639.5429,4960,1272,56500,306000000,1728000
1791129639.5930,4960,1264,56437,306000000,1728000
1791129639.6431,4960,1272,56500,306000000,1728000
1791129639.6932,4960,1280,56593,306000000,1728000
1791129639.7433,4960,1280,56500,306000000,1728000
1791129639.7934,4960,1280,56593,306000000,1728000
1791129639.8435,4960,1280,56437,306000000,1728000
1791129639.8935,4960,1272,56531,306000000,1728000
1791129639.9436,4960,1272,56437,306000000,1728000
1791129639.9937,4960,1272,56562,306000000,1728000
1791129640.0438,4960,1272,56468,306000000,1728000
1791129640.0939,4960,1264,56468,306000000,1728000
1791129640.1439,4960,1264,56593,306000000,1728000
1791129640.1941,4960,1272,56500,306000000,1497600
1791129640.2442,4960,1288,56531,306000000,1728000
1791129640.2942,4960,1280,56468,306000000,1728000
1791129640.3443,4960,1280,56500,306000000,1728000
1791129640.3944,4960,1272,56437,306000000,1728000
1791129640.4445,4960,1272,56468,306000000,1728000
1791129640.4946,4960,1272,56437,306000000,1728000
1791129640.5447,4960,1272,56468,306000000,1728000
1791129640.5948,4960,1272,56500,306000000,1728000
1791129640.6449,4960,1272,56437,306000000,1728000
1791129640.6949,4960,1272,56625,306000000,1113600
1791129640.7450,4960,1272,56437,306000000,1420800
1791129640.7951,4960,1280,56531,306000000,1728000
1791129640.8452,4960,1280,56406,306000000,1728000
1791129640.8953,4960,1280,56500,306000000,1728000
1791129640.9454,4960,1280,56468,306000000,1728000
1791129640.9955,4960,1280,56468,306000000,1728000
1791129641.0456,4960,1280,56406,306000000,1728000
1791129641.0957,4960,1272,56468,306000000,1728000
1791129641.1458,4960,1272,56531,306000000,1728000
1791129641.1959,4960,1264,56500,306000000,1728000
1791129641.2460,4960,1272,56500,306000000,1728000
1791129641.2960,4960,1272,56437,306000000,1728000
1791129641.3461,4960,1280,56500,306000000,1728000
1791129641.3962,4960,1280,56437,306000000,1728000
1791129641.4463,4960,1280,56468,306000000,1728000
1791129641.4964,4960,1280,56375,306000000,1728000
1791129641.5465,4960,1272,56437,306000000,1728000
1791129641.5966,4960,1272,56531,306000000,1728000
1791129641.6468,4960,1272,56500,306000000,1728000
1791129641.6969,4960,1272,56531,306000000,1728000
1791129641.7470,4960,1272,56468,306000000,1728000
1791129641.7971,4960,1264,56500,306000000,1728000
1791129641.8471,4960,1272,56343,306000000,1728000
1791129641.8972,4960,1280,56500,306000000,1728000
1791129641.9473,4960,1280,56406,306000000,1728000
1791129641.9974,4960,1280,56375,306000000,1728000
1791129642.0475,4960,1280,56531,306000000,1728000
1791129642.0976,4960,1280,56437,306000000,1728000
1791129642.1477,4960,1280,56500,306000000,1728000
1791129642.1978,4960,1280,56468,306000000,1728000
1791129642.2479,4960,1272,56531,306000000,1728000
1791129642.2979,4960,1272,56375,306000000,1728000
1791129642.3480,4960,1272,56500,306000000,1728000
1791129642.3981,4960,1272,56343,306000000,1728000
1791129642.4482,4960,1280,56500,306000000,1728000
1791129642.4983,4960,1288,56531,306000000,1728000
1791129642.5484,4960,1280,56500,306000000,1728000
1791129642.5985,4960,1272,56593,306000000,1728000
1791129642.6486,4960,1280,56406,306000000,1728000
1791129642.6986,4960,1280,56500,306000000,1728000
1791129642.7487,4960,1280,56406,306000000,1728000
1791129642.7988,4960,1272,56500,306000000,1728000
1791129642.8489,4960,1272,56437,306000000,1728000
1791129642.8989,4960,1272,56468,306000000,1728000
1791129642.9490,4960,1272,56593,306000000,1728000
1791129642.9991,4960,1272,56437,306000000,1420800
1791129643.0492,4960,1280,56593,306000000,1728000
1791129643.0993,4960,1280,56468,306000000,1728000
1791129643.1494,4960,1280,56437,306000000,1728000
1791129643.1994,4960,1280,56406,306000000,1728000
1791129643.2495,4960,1272,56500,306000000,1728000
1791129643.2996,4960,1272,56468,306000000,1728000
1791129643.3497,4960,1272,56406,306000000,1728000
1791129643.3998,4960,1272,56406,306000000,1728000
1791129643.4498,4960,1272,56500,306000000,1728000
1791129643.4999,4960,1272,56500,306000000,1728000
1791129643.5500,4960,1272,56437,306000000,1728000
1791129643.6001,4960,1288,56500,306000000,1728000
1791129643.6502,4960,1280,56468,306000000,1728000
1791129643.7003,4960,1280,56406,306000000,1728000
1791129643.7504,4960,1280,56437,306000000,1728000
1791129643.8005,4960,1280,56468,306000000,1728000
1791129643.8506,4960,1272,56375,306000000,1728000
1791129643.9007,4960,1272,56500,306000000,1728000
1791129643.9508,4960,1272,56500,306000000,1728000
1791129644.0008,4960,1272,56406,306000000,1728000
1791129644.0509,4960,1272,56562,306000000,1728000
1791129644.1010,4960,1272,56468,306000000,1344000
1791129644.1511,4960,1288,56500,306000000,1344000
1791129644.2012,4960,1288,56406,306000000,1728000
1791129644.2512,4960,1280,56500,306000000,1728000
1791129644.3013,4960,1280,56406,306000000,1728000
1791129644.3514,4960,1280,56468,306000000,1728000
1791129644.4015,4960,1272,56562,306000000,1728000
1791129644.4516,4960,1272,56437,306000000,1728000
1791129644.5017,4960,1272,56500,306000000,1728000
1791129644.5518,4960,1272,56437,306000000,1728000
1791129644.6018,4960,1272,56468,306000000,1728000
1791129644.6519,4960,1272,56375,306000000,1728000
1791129644.7020,4960,1288,56468,306000000,1728000
1791129644.7521,4960,1288,56375,306000000,1728000
1791129644.8022,4960,1272,56406,306000000,1728000
1791129644.8523,4960,1272,56562,306000000,1728000
1791129644.9024,4960,1272,56500,306000000,1728000
1791129644.9525,4960,1272,56531,306000000,1728000
1791129645.0025,4960,1272,56406,306000000,1728000
1791129645.0526,4960,1272,56500,306000000,1728000
1791129645.1027,4960,1272,56343,306000000,1728000
1791129645.1528,4960,1272,56500,306000000,1728000
1791129645.2029,4960,1264,56468,306000000,1728000
1791129645.2530,4960,1280,56468,306000000,1728000
1791129645.3031,4960,1280,56531,306000000,1728000
1791129645.3532,4960,1280,56468,306000000,1728000
1791129645.4033,4960,1280,56562,306000000,1728000
1791129645.4533,4960,1280,56437,306000000,1728000
1791129645.5034,4960,1280,56500,306000000,1728000
1791129645.5535,4960,1272,56406,306000000,1728000
1791129645.6036,4960,1280,56437,306000000,1728000
1791129645.6537,4960,1272,56375,306000000,1728000
1791129645.7038,4960,1272,56375,306000000,1728000
1791129645.7539,4960,1272,56437,306000000,1728000
1791129645.8040,4960,1280,56500,306000000,1344000
1791129645.8541,4960,1280,56500,306000000,1728000
1791129645.9042,4960,1280,56406,306000000,1728000
1791129645.9543,4960,1280,56500,306000000,1728000
1791129646.0043,4960,1280,56437,306000000,1728000
1791129646.0544,4960,1272,56500,306000000,1728000
1791129646.1045,4960,1264,56406,306000000,1728000
1791129646.1546,4960,1264,56500,306000000,1728000
1791129646.2047,4960,1264,56406,306000000,1728000
1791129646.2548,4960,1272,56437,306000000,1728000
1791129646.3049,4960,1272,56500,306000000,1728000
1791129646.3550,4960,1272,56437,306000000,1420800
1791129646.4051,4960,1288,56531,306000000,1728000
1791129646.4552,4960,1280,56406,306000000,1728000
1791129646.5053,4960,1272,56468,306000000,1728000
1791129646.5553,4960,1272,56437,306000000,1728000
1791129646.6054,4960,1272,56468,306000000,1728000
1791129646.6555,4960,1272,56281,306000000,1728000
1791129646.7056,4960,1272,56437,306000000,1728000
1791129646.7557,4960,1264,56500,306000000,1728000
1791129646.8058,4960,1264,56406,306000000,1728000
1791129646.8558,4960,1272,56468,306000000,1728000
1791129646.9059,4960,1280,56312,306000000,1728000
1791129646.9561,4960,1288,56437,306000000,1728000
1791129647.0061,4960,1288,56406,306000000,1728000
1791129647.0562,4960,1288,56468,306000000,1728000
1791129647.1063,4960,1280,56406,306000000,1728000
1791129647.1564,4960,1280,56437,306000000,1728000
1791129647.2065,4960,1280,56531,306000000,1728000
1791129647.2565,4960,1272,56406,306000000,1728000
1791129647.3066,4960,1272,56500,306000000,1728000
1791129647.3567,4960,1288,56343,306000000,1728000
1791129647.4069,4960,1304,56468,306000000,1728000
1791129647.4569,4960,1304,56343,306000000,1728000
1791129647.5071,4960,1312,56468,306000000,1267200
1791129647.5572,4960,1304,56406,306000000,1728000
1791129647.6073,4960,1296,56468,306000000,1728000
1791129647.6573,4960,1296,56500,306000000,1728000
1791129647.7074,4960,1296,56406,306000000,1728000
1791129647.7575,4960,1288,56531,306000000,1728000
1791129647.8076,4960,1288,56375,306000000,1728000
1791129647.8577,4960,1280,56500,306000000,1728000
1791129647.9078,4960,1288,56312,306000000,1728000
1791129647.9579,4960,1288,56468,306000000,1728000
1791129648.0080,4960,1280,56437,306000000,1420800
1791129648.0581,4960,1296,56406,306000000,1728000
1791129648.1081,4960,1296,56375,306000000,1728000
1791129648.1582,4960,1296,56312,306000000,1728000
1791129648.2083,4960,1288,56500,306000000,1728000
1791129648.2584,4960,1288,56375,306000000,1728000
1791129648.3085,4960,1280,56468,306000000,1728000
1791129648.3586,4960,1280,56437,306000000,1728000
1791129648.4087,4960,1280,56468,306000000,1728000
1791129648.4587,4960,1272,56343,306000000,1728000
1791129648.5088,4960,1272,56375,306000000,1728000
1791129648.5589,4960,1272,56375,306000000,1728000
1791129648.6090,4960,1280,56437,306000000,1728000
1791129648.6591,4960,1288,56531,306000000,1728000
1791129648.7091,4960,1280,56312,306000000,1728000
1791129648.7592,4960,1280,56468,306000000,1728000
1791129648.8093,4960,1280,56406,306000000,1728000
1791129648.8594,4960,1280,56500,306000000,1728000
1791129648.9095,4960,1272,56375,306000000,1728000
1791129648.9595,4960,1272,56437,306000000,1728000
1791129649.0096,4960,1272,56375,306000000,1728000
1791129649.0597,4960,1272,56343,306000000,1728000
1791129649.1098,4960,1272,56468,306000000,1728000
1791129649.1599,4960,1280,56437,306000000,1420800
1791129649.2100,4960,1288,56468,306000000,1728000
1791129649.2601,4960,1280,56375,306000000,1728000
1791129649.3102,4960,1272,56375,306000000,1728000
1791129649.3603,4960,1272,56312,306000000,1728000
1791129649.4103,4960,1272,56468,306000000,1728000
1791129649.4604,4960,1272,56281,306000000,1728000
1791129649.5105,4960,1272,56375,306000000,1728000
1791129649.5606,4960,1272,56562,306000000,1728000
1791129649.6107,4960,1272,56343,306000000,1728000
1791129649.6608,4960,1280,56437,306000000,1728000
1791129649.7109,4960,1280,56312,306000000,1728000
1791129649.7610,4960,1288,56343,306000000,1728000
1791129649.8111,4960,1280,56375,306000000,1728000
1791129649.8611,4960,1280,56343,306000000,1728000
1791129649.9112,4960,1280,56250,306000000,1728000
1791129649.9613,4960,1280,56343,306000000,1728000
1791129650.0114,4960,1280,56531,306000000,1728000
1791129650.0615,4960,1272,56312,306000000,1728000
1791129650.1116,4960,1272,56500,306000000,1728000
1791129650.1616,4960,1264,56312,306000000,1728000
1791129650.2117,4960,1264,56437,306000000,1728000
1791129650.2618,4960,1264,56250,306000000,1728000
1791129650.3119,4960,1280,56468,306000000,1728000
1791129650.3620,4960,1280,56343,306000000,1728000
1791129650.4121,4960,1272,56343,306000000,1728000
1791129650.4622,4960,1272,56250,306000000,1728000
1791129650.5123,4960,1272,56375,306000000,1728000
1791129650.5624,4960,1272,56468,306000000,1728000
1791129650.6125,4960,1272,56281,306000000,1728000
1791129650.6626,4960,1272,56468,306000000,1728000
1791129650.7126,4960,1272,56281,306000000,1728000
1791129650.7627,4960,1264,56500,306000000,1728000
1791129650.8128,4960,1264,56312,306000000,1728000
1791129650.8630,4960,1280,56406,306000000,1420800
1791129650.9130,4960,1280,56250,306000000,1728000
1791129650.9631,4960,1280,56343,306000000,1728000
1791129651.0132,4960,1280,56500,306000000,1728000
1791129651.0633,4960,1280,56375,306000000,1728000
1791129651.1134,4960,1280,56437,306000000,1728000
1791129651.1635,4960,1280,56343,306000000,1728000
1791129651.2136,4960,1272,56312,306000000,1728000
1791129651.2637,4960,1272,56218,306000000,1728000
1791129651.3138,4960,1272,56406,306000000,1728000
1791129651.3639,4960,1272,56312,306000000,1728000
1791129651.4140,4960,1288,56406,306000000,1728000
1791129651.4641,4960,1280,56500,306000000,1728000
1791129651.5142,4960,1280,56312,306000000,1728000
1791129651.5643,4960,1280,56468,306000000,1728000
1791129651.6144,4960,1280,56281,306000000,1728000
1791129651.6645,4960,1280,56406,306000000,1728000
1791129651.7146,4960,1280,56343,306000000,1728000
1791129651.7647,4960,1280,56437,306000000,1728000
1791129651.8148,4960,1280,56218,306000000,1728000
1791129651.8649,4960,1272,56375,306000000,1728000
1791129651.9150,4960,1272,56500,306000000,1728000
1791129651.9650,4960,1280,56343,306000000,1728000
1791129652.0151,4960,1288,56468,306000000,1728000
1791129652.0652,4960,1288,56281,306000000,1728000
1791129652.1153,4960,1288,56343,306000000,1728000
1791129652.1654,4960,1280,56375,306000000,1728000
1791129652.2155,4960,1280,56437,306000000,1728000
1791129652.2656,4960,1280,56343,306000000,1420800
1791129652.3157,4960,1280,56312,306000000,1728000
1791129652.3658,4960,1280,56437,306000000,1728000
1791129652.4159,4960,1280,56343,306000000,1728000
1791129652.4660,4960,1280,56437,306000000,1420800
1791129652.5161,4960,1288,56312,306000000,1728000
1791129652.5662,4960,1296,56406,306000000,1728000
1791129652.6163,4960,1288,56281,306000000,1728000
1791129652.6664,4960,1280,56343,306000000,1728000
1791129652.7165,4960,1280,56375,306000000,1728000
1791129652.7666,4960,1280,56375,306000000,1728000
1791129652.8167,4960,1280,56312,306000000,1728000
1791129652.8667,4960,1280,56437,306000000,1728000
1791129652.9168,4960,1280,56468,306000000,1728000
1791129652.9669,4960,1280,56437,306000000,1728000
1791129653.0170,4960,1280,56375,306000000,1728000
1791129653.0671,4960,1280,56312,306000000,1497600
1791129653.1172,4960,1288,56437,306000000,1728000
1791129653.1673,4960,1288,56312,306000000,1728000
1791129653.2174,4960,1280,56406,306000000,1728000
1791129653.2675,4960,1280,56281,306000000,1728000
1791129653.3176,4960,1280,56312,306000000,1728000
1791129653.3677,4960,1280,56468,306000000,1728000
1791129653.4178,4960,1280,56312,306000000,1728000
1791129653.4679,4960,1280,56437,306000000,1728000
1791129653.5180,4960,1272,56312,306000000,1728000
1791129653.5681,4960,1272,56343,306000000,1728000
1791129653.6182,4960,1280,56375,306000000,1728000
1791129653.6683,4960,1288,56437,306000000,1728000
1791129653.7184,4960,1288,56312,306000000,1728000
1791129653.7685,4960,1288,56312,306000000,1728000
1791129653.8186,4960,1288,56500,306000000,1728000
1791129653.8687,4960,1288,56343,306000000,1728000
1791129653.9187,4960,1280,56468,306000000,1728000
1791129653.9688,4960,1272,56312,306000000,1728000
1791129654.0189,4960,1272,56437,306000000,1728000
1791129654.0690,4960,1272,56343,306000000,1728000
1791129654.1191,4960,1272,56406,306000000,1728000
1791129654.1692,4960,1280,56312,306000000,1728000
1791129654.2193,4960,1288,56375,306000000,1728000
1791129654.2693,4960,1288,56500,306000000,1728000
1791129654.3194,4960,1288,56312,306000000,1728000
1791129654.3695,4960,1288,56406,306000000,1728000
1791129654.4196,4960,1288,56343,306000000,1728000
1791129654.4697,4960,1280,56500,306000000,1728000
1791129654.5198,4960,1280,56281,306000000,1728000
1791129654.5699,4960,1272,56375,306000000,1728000
1791129654.6200,4960,1272,56343,306000000,1728000
1791129654.6701,4960,1272,56375,306000000,1728000
1791129654.7202,4960,1272,56468,306000000,1728000
1791129654.7703,4960,1288,56375,306000000,1728000
1791129654.8204,4960,1280,56437,306000000,1728000
1791129654.8705,4960,1280,56250,306000000,1728000
1791129654.9206,4960,1280,56406,306000000,1728000
1791129654.9706,4960,1280,56250,306000000,1728000
1791129655.0207,4960,1280,56406,306000000,1728000
1791129655.0708,4960,1280,56375,306000000,1728000
1791129655.1209,4960,1272,56312,306000000,1728000
1791129655.1710,4960,1272,56281,306000000,1728000
1791129655.2211,4960,1272,56343,306000000,1728000
1791129655.2712,4960,1272,56500,306000000,1728000
1791129655.3213,4960,1280,56281,306000000,1728000
1791129655.3714,4960,1288,56406,306000000,1728000
1791129655.4214,4960,1288,56281,306000000,1728000
1791129655.4715,4960,1280,56468,306000000,1728000
1791129655.5216,4960,1280,56281,306000000,1728000
1791129655.5717,4960,1272,56343,306000000,1728000
1791129655.6218,4960,1272,56281,306000000,1728000
1791129655.6719,4960,1272,56312,306000000,1728000
1791129655.7219,4960,1272,56500,306000000,1728000
1791129655.7720,4960,1264,56343,306000000,1728000
1791129655.8221,4960,1264,56343,306000000,1728000
1791129655.8722,4960,1272,56281,306000000,1728000
1791129655.9223,4960,1280,56343,306000000,1728000
1791129655.9724,4960,1280,56281,306000000,1728000
1791129656.0225,4960,1280,56406,306000000,1728000
1791129656.0726,4960,1272,56218,306000000,1728000
1791129656.1226,4960,1264,56343,306000000,1728000
1791129656.1727,4960,1264,56468,306000000,1728000
1791129656.2228,4960,1264,56250,306000000,1728000
1791129656.2729,4960,1264,56375,306000000,1728000
1791129656.3230,4960,1264,56218,306000000,1728000
1791129656.3731,4960,1264,56437,306000000,1728000
1791129656.4232,4960,1272,56250,306000000,1420800
1791129656.4733,4960,1272,56375,306000000,1728000
1791129656.5234,4960,1272,56187,306000000,1728000
1791129656.5734,4960,1272,56312,306000000,1728000
1791129656.6235,4960,1272,56406,306000000,1728000
1791129656.6736,4960,1264,56281,306000000,1728000
1791129656.7237,4960,1264,56406,306000000,1728000
1791129656.7738,4960,1264,56281,306000000,1728000
1791129656.8239,4960,1264,56343,306000000,1728000
1791129656.8740,4960,1272,56312,306000000,1728000
1791129656.9241,4960,1264,56343,306000000,1728000
1791129656.9742,4960,1272,56281,306000000,1728000
1791129657.0243,4960,1288,56375,306000000,1728000
1791129657.0744,4960,1280,56500,306000000,1728000
1791129657.1245,4960,1280,56375,306000000,1728000
1791129657.1746,4960,1272,56468,306000000,1728000
1791129657.2246,4960,1272,56375,306000000,1728000
1791129657.2747,4960,1272,56375,306000000,1728000
1791129657.3248,4960,1272,56250,306000000,1728000
1791129657.3749,4960,1272,56406,306000000,1728000
1791129657.4250,4960,1272,56312,306000000,1728000
1791129657.4750,4960,1264,56250,306000000,1728000
1791129657.5251,4960,1272,56250,306000000,1728000
1791129657.5752,4960,1280,56312,306000000,1728000
1791129657.6253,4960,1280,56437,306000000,1728000
1791129657.6754,4960,1280,56312,306000000,1728000
1791129657.7255,4960,1280,56343,306000000,1728000
1791129657.7756,4960,1272,56250,306000000,1728000
1791129657.8257,4960,1272,56343,306000000,1728000
1791129657.8758,4960,1272,56375,306000000,1728000
1791129657.9259,4960,1272,56218,306000000,1728000
1791129657.9760,4960,1272,56281,306000000,1728000
1791129658.0260,4960,1272,56250,306000000,1728000
1791129658.0761,4960,1272,56406,306000000,1267200
1791129658.1262,4960,1280,56343,306000000,1728000
1791129658.1763,4960,1280,56375,306000000,1728000
1791129658.2264,4960,1280,56343,306000000,1728000
1791129658.2765,4960,1280,56312,306000000,1728000
1791129658.3266,4960,1272,56250,306000000,1728000
1791129658.3767,4960,1272,56250,306000000,1728000
1791129658.4267,4960,1272,56281,306000000,1728000
1791129658.4768,4960,1272,56281,306000000,1728000
1791129658.5269,4960,1272,56406,306000000,1728000
1791129658.5770,4960,1264,56281,306000000,1728000
1791129658.6271,4960,1264,56375,306000000,1728000
1791129658.6772,4960,1280,56250,306000000,1728000
1791129658.7273,4960,1280,56375,306000000,1728000
1791129658.7774,4960,1280,56250,306000000,1728000
1791129658.8275,4960,1280,56375,306000000,1728000
1791129658.8776,4960,1280,56187,306000000,1728000
1791129658.9277,4960,1280,56312,306000000,1728000
1791129658.9777,4960,1272,56468,306000000,1728000
1791129659.0278,4960,1272,56312,306000000,1728000
1791129659.0779,4960,1272,56343,306000000,1728000
1791129659.1280,4960,1272,56250,306000000,1728000
1791129659.1781,4960,1272,56406,306000000,1728000
1791129659.2282,4960,1280,56375,306000000,1344000
1791129659.2783,4960,1288,56343,306000000,1728000
1791129659.3284,4960,1280,56125,306000000,1728000
1791129659.3785,4960,1272,56218,306000000,1728000
1791129659.4286,4960,1272,56500,306000000,1728000
1791129659.4786,4960,1272,56375,306000000,1728000
1791129659.5287,4960,1272,56406,306000000,1728000
1791129659.5788,4960,1272,56281,306000000,1728000
1791129659.6289,4960,1272,56375,306000000,1728000
1791129659.6790,4960,1272,56218,306000000,1728000
1791129659.7291,4960,1264,56250,306000000,1728000
1791129659.7792,4960,1272,56187,306000000,1728000
1791129659.8293,4960,1280,56281,306000000,1728000
1791129659.8794,4960,1280,56218,306000000,1728000
1791129659.9295,4960,1272,56312,306000000,1728000
1791129659.9795,4960,1272,56468,306000000,1728000
1791129660.0296,4960,1272,56281,306000000,1728000
1791129660.0797,4960,1272,56312,306000000,1728000
1791129660.1298,4960,1272,56218,306000000,1728000
1791129660.1799,4960,1272,56406,306000000,1728000
1791129660.2300,4960,1272,56187,306000000,1728000
1791129660.2800,4960,1264,56312,306000000,1728000
1791129660.3301,4960,1272,56250,306000000,1728000
1791129660.3803,4960,1280,56343,306000000,1728000
1791129660.4303,4960,1280,56468,306000000,1728000
1791129660.4804,4960,1280,56187,306000000,1728000
1791129660.5305,4960,1280,56343,306000000,1728000
1791129660.5806,4960,1280,56281,306000000,1728000
1791129660.6307,4960,1272,56312,306000000,1728000
1791129660.6808,4960,1272,56281,306000000,1728000
1791129660.7309,4960,1272,56250,306000000,1728000
1791129660.7810,4960,1272,56187,306000000,1728000
1791129660.8311,4960,1280,56281,306000000,1728000
1791129660.8812,4960,1280,56406,306000000,1728000
1791129660.9313,4960,1296,56250,306000000,1728000
1791129660.9814,4960,1288,56343,306000000,1728000
1791129661.0314,4960,1280,56218,306000000,1728000
1791129661.0815,4960,1280,56312,306000000,1728000
1791129661.1316,4960,1280,56156,306000000,1728000
1791129661.1817,4960,1280,56343,306000000,1728000
1791129661.2318,4960,1280,56218,306000000,1728000
1791129661.2819,4960,1280,56250,306000000,1728000
1791129661.3319,4960,1280,56406,306000000,1728000
1791129661.3820,4960,1272,56281,306000000,1728000
1791129661.4321,4960,1272,56375,306000000,1420800
1791129661.4822,4960,1288,56312,306000000,1728000
1791129661.5323,4960,1288,56281,306000000,1728000
1791129661.5824,4960,1280,56312,306000000,1728000
1791129661.6325,4960,1280,56250,306000000,1728000
1791129661.6826,4960,1280,56218,306000000,1728000
1791129661.7327,4960,1280,56281,306000000,1728000
1791129661.7828,4960,1280,56375,306000000,1728000
1791129661.8329,4960,1280,56250,306000000,1728000
1791129661.8830,4960,1272,56406,306000000,1728000
1791129661.9331,4960,1272,56125,306000000,1728000
1791129661.9832,4960,1272,56343,306000000,1728000
1791129662.0333,4960,1280,56187,306000000,1728000
1791129662.0834,4960,1280,56375,306000000,1728000
1791129662.1335,4960,1280,56156,306000000,1728000
1791129662.1836,4960,1280,56218,306000000,1728000
1791129662.2337,4960,1280,56187,306000000,1728000
1791129662.2837,4960,1272,56250,306000000,1728000
1791129662.3338,4960,1272,56312,306000000,1728000
1791129662.3839,4960,1272,56218,306000000,1728000
1791129662.4340,4960,1272,56343,306000000,1728000
1791129662.4841,4960,1272,56218,306000000,1728000
1791129662.5342,4960,1272,56312,306000000,1728000
1791129662.5843,4960,1280,56218,306000000,1728000
1791129662.6344,4960,1280,56250,306000000,1728000
1791129662.6845,4960,1280,56125,306000000,1728000
1791129662.7346,4960,1280,56187,306000000,1728000
1791129662.7846,4960,1272,56375,306000000,1728000
1791129662.8347,4960,1272,56218,306000000,1728000
1791129662.8848,4960,1272,56312,306000000,1728000
1791129662.9349,4960,1272,56218,306000000,1728000
1791129662.9850,4960,1272,56250,306000000,1728000
1791129663.0351,4960,1272,56218,306000000,1728000
1791129663.0851,4960,1272,56218,306000000,1728000
1791129663.1352,4960,1272,56375,306000000,1728000
1791129663.1853,4960,1288,56250,306000000,1728000
1791129663.2354,4960,1288,56343,306000000,1728000
1791129663.2855,4960,1288,56156,306000000,1728000
1791129663.3356,4960,1288,56312,306000000,1728000
1791129663.3856,4960,1288,56125,306000000,1728000
1791129663.4357,4960,1272,56250,306000000,1728000
1791129663.4858,4960,1288,56187,306000000,1728000
1791129663.5359,4960,1296,56156,306000000,1728000
1791129663.5860,4960,1304,56125,306000000,1728000
1791129663.6361,4960,1304,56218,306000000,1728000
1791129663.6862,4960,1312,56406,306000000,1728000
1791129663.7363,4952,1328,56187,306000000,1728000
1791129663.7864,4952,1328,56312,306000000,1728000
1791129663.8364,4960,1320,56187,306000000,1728000
1791129663.8865,4960,1320,56250,306000000,1728000
1791129663.9366,4960,1312,56218,306000000,1728000
1791129663.9867,4960,1312,56218,306000000,1728000
1791129664.0368,4960,1312,56187,306000000,1728000
1791129664.0869,4960,1304,56187,306000000,1728000
1791129664.1370,4960,1304,56375,306000000,1728000
1791129664.1870,4960,1304,56250,306000000,1728000
1791129664.2371,4960,1304,56343,306000000,1728000
1791129664.2872,4960,1312,56187,306000000,1344000
1791129664.3373,4960,1304,56218,306000000,1728000
1791129664.3874,4960,1296,56125,306000000,1728000
1791129664.4375,4960,1288,56218,306000000,1728000
1791129664.4876,4960,1288,56125,306000000,1728000
1791129664.5377,4960,1288,56218,306000000,1728000
1791129664.5878,4960,1280,56093,306000000,1728000
1791129664.6379,4960,1280,56187,306000000,1728000
1791129664.6879,4960,1280,56375,306000000,1728000
1791129664.7380,4960,1272,56125,306000000,1728000
1791129664.7881,4960,1272,56312,306000000,1190400
1791129664.8382,4960,1288,56156,306000000,1728000
1791129664.8883,4960,1280,56312,306000000,1728000
1791129664.9384,4960,1280,56187,306000000,1728000
1791129664.9885,4960,1272,56187,306000000,1728000
1791129665.0386,4960,1272,56156,306000000,1728000
1791129665.0887,4960,1272,56218,306000000,1728000
1791129665.1387,4960,1272,56406,306000000,1728000
1791129665.1888,4960,1264,56218,306000000,1728000
1791129665.2389,4960,1264,56281,306000000,1728000
1791129665.2890,4960,1264,56187,306000000,1728000
1791129665.3391,4960,1264,56218,306000000,1728000
1791129665.3892,4960,1280,56156,306000000,1728000
1791129665.4393,4960,1280,56187,306000000,1728000
1791129665.4893,4960,1280,56187,306000000,1728000
1791129665.5394,4960,1272,56250,306000000,1728000
1791129665.5895,4960,1272,56375,306000000,1728000
1791129665.6396,4960,1272,56187,306000000,1728000
1791129665.6897,4960,1264,56281,306000000,1728000
1791129665.7398,4960,1264,56187,306000000,1728000
1791129665.7899,4960,1264,56312,306000000,1728000
1791129665.8400,4960,1264,56187,306000000,1728000
1791129665.8901,4960,1264,56125,306000000,1728000
1791129665.9402,4960,1272,56031,306000000,1728000
1791129665.9903,4960,1280,56156,306000000,1728000
1791129666.0404,4960,1272,56312,306000000,1728000
1791129666.0905,4960,1264,56218,306000000,1728000
1791129666.1406,4960,1264,56281,306000000,1728000
1791129666.1906,4960,1264,56187,306000000,1728000
1791129666.2407,4960,1264,56250,306000000,1728000
1791129666.2908,4960,1264,56156,306000000,1728000
1791129666.3409,4960,1264,56218,306000000,1728000
1791129666.3910,4960,1264,56093,306000000,1728000
1791129666.4411,4960,1264,56156,306000000,1728000
1791129666.4912,4960,1272,56343,306000000,1344000
1791129666.5413,4960,1280,56187,306000000,1728000
1791129666.5914,4960,1280,56281,306000000,1728000
1791129666.6415,4960,1272,56250,306000000,1728000
1791129666.6916,4960,1272,56218,306000000,1728000
1791129666.7417,4960,1272,56156,306000000,1728000
1791129666.7918,4960,1272,56218,306000000,1728000
1791129666.8419,4960,1272,56062,306000000,1728000
1791129666.8919,4960,1272,56187,306000000,1728000
1791129666.9420,4960,1272,56062,306000000,1728000
1791129666.9921,4960,1272,56125,306000000,1728000
1791129667.0422,4960,1280,56343,306000000,1728000
1791129667.0923,4960,1288,56093,306000000,1728000
1791129667.1424,4960,1280,56312,306000000,1728000
1791129667.1925,4960,1280,56125,306000000,1728000
1791129667.2426,4960,1280,56281,306000000,1728000
1791129667.2927,4960,1272,56093,306000000,1728000
1791129667.3428,4960,1272,56250,306000000,1728000
1791129667.3929,4960,1280,56062,306000000,1728000
1791129667.4430,4960,1280,56156,306000000,1728000
1791129667.4930,4960,1272,56281,306000000,1728000
1791129667.5431,4960,1264,56156,306000000,1728000
1791129667.5932,4960,1272,56218,306000000,1344000
1791129667.6433,4960,1280,56093,306000000,1728000
1791129667.6934,4960,1280,56187,306000000,1728000
1791129667.7435,4960,1272,56062,306000000,1728000
1791129667.7936,4960,1272,56218,306000000,1728000
1791129667.8437,4960,1264,56093,306000000,1728000
1791129667.8938,4960,1264,56156,306000000,1728000
1791129667.9439,4960,1264,56406,306000000,1728000
1791129667.9940,4960,1264,56156,306000000,1728000
1791129668.0441,4960,1264,56250,306000000,1728000
1791129668.0942,4960,1264,56125,306000000,1728000
1791129668.1443,4960,1264,56281,306000000,1728000
1791129668.1944,4960,1272,56093,306000000,1728000
1791129668.2445,4960,1272,56187,306000000,1728000
1791129668.2945,4960,1264,56125,306000000,1728000
1791129668.3446,4960,1264,56156,306000000,1728000
1791129668.3947,4960,1264,56343,306000000,1728000
1791129668.4448,4960,1264,56156,306000000,1728000
1791129668.4949,4960,1264,56187,306000000,1728000
1791129668.5450,4960,1264,56093,306000000,1728000
1791129668.5951,4960,1264,56250,306000000,1728000
1791129668.6451,4960,1264,56187,306000000,1728000
1791129668.6953,4960,1256,56250,306000000,1728000
1791129668.7454,4960,1272,56125,306000000,1728000
1791129668.7955,4960,1272,56093,306000000,1728000
1791129668.8455,4960,1272,56375,306000000,1728000
1791129668.8957,4960,1272,56093,306000000,1728000
1791129668.9457,4960,1264,56218,306000000,1728000
1791129668.9958,4960,1264,56125,306000000,1728000
1791129669.0459,4960,1264,56187,306000000,1728000
1791129669.0960,4960,1264,56031,306000000,1728000
1791129669.1461,4960,1264,56218,306000000,1728000
1791129669.1962,4960,1264,56031,306000000,1728000
1791129669.2463,4960,1264,56156,306000000,1728000
1791129669.2964,4960,1272,56125,306000000,1728000
1791129669.3465,4960,1280,56062,306000000,1728000
1791129669.3966,4960,1280,56250,306000000,1728000
1791129669.4466,4960,1272,56156,306000000,1728000
1791129669.4967,4960,1272,56187,306000000,1728000
1791129669.5468,4960,1272,56093,306000000,1728000
1791129669.5969,4960,1272,56250,306000000,1728000
1791129669.6470,4960,1272,56093,306000000,1728000
1791129669.6971,4960,1272,56156,306000000,1728000
1791129669.7472,4960,1272,56031,306000000,1728000
1791129669.7972,4960,1272,56093,306000000,1728000
1791129669.8473,4960,1272,56343,306000000,1728000
1791129669.8975,4960,1280,56125,306000000,1728000
1791129669.9475,4960,1280,56218,306000000,1728000
1791129669.9976,4960,1280,56125,306000000,1728000
1791129670.0477,4960,1272,56093,306000000,1728000
1791129670.0978,4960,1272,56125,306000000,1728000
1791129670.1479,4960,1272,56093,306000000,1728000
1791129670.1980,4960,1272,56062,306000000,1728000
1791129670.2481,4960,1272,56093,306000000,1728000
1791129670.2982,4960,1272,56250,306000000,1728000
1791129670.3482,4960,1272,56156,306000000,1728000
1791129670.3983,4960,1280,56156,306000000,1728000
1791129670.4485,4960,1288,56156,306000000,1728000
1791129670.4986,4960,1280,56187,306000000,1728000
1791129670.5486,4960,1280,56031,306000000,1728000
1791129670.5987,4960,1272,56125,306000000,1728000
1791129670.6488,4960,1272,56125,306000000,1728000
1791129670.6989,4960,1272,56125,306000000,1728000
1791129670.7490,4960,1272,56250,306000000,1728000
1791129670.7991,4960,1272,56093,306000000,1728000
1791129670.8491,4960,1264,56187,306000000,1728000
1791129670.8992,4960,1264,56093,306000000,1728000
1791129670.9493,4960,1272,56156,306000000,1728000
1791129670.9994,4960,1288,56062,306000000,1728000
1791129671.0495,4960,1280,56187,306000000,1728000
1791129671.0996,4960,1280,56125,306000000,1728000
1791129671.1497,4960,1280,56125,306000000,1728000
1791129671.1998,4960,1280,56218,306000000,1728000
1791129671.2499,4960,1272,56156,306000000,1728000
1791129671.3000,4960,1272,56125,306000000,1728000
1791129671.3501,4960,1272,56062,306000000,1728000
1791129671.4001,4960,1272,56125,306000000,1728000
1791129671.4502,4960,1272,56125,306000000,1728000
1791129671.5003,4960,1272,56281,306000000,1728000
1791129671.5504,4960,1288,56093,306000000,1728000
1791129671.6005,4960,1280,56093,306000000,1728000
1791129671.6506,4960,1280,56125,306000000,1728000
1791129671.7007,4960,1272,56093,306000000,1728000
1791129671.7508,4960,1272,56156,306000000,1728000
1791129671.8008,4960,1272,56031,306000000,1728000
1791129671.8509,4960,1272,56187,306000000,1728000
1791129671.9010,4960,1272,56031,306000000,1728000
1791129671.9511,4960,1272,56125,306000000,1728000
1791129672.0011,4960,1272,56031,306000000,1728000
1791129672.0512,4960,1272,56187,306000000,1420800
1791129672.1013,4960,1280,56062,306000000,1728000
1791129672.1523,4960,1280,56093,306000000,1728000
1791129672.2024,4960,1280,56250,306000000,1728000
1791129672.2525,4960,1280,56125,306000000,1728000
1791129672.3026,4960,1280,56218,306000000,1728000
1791129672.3527,4960,1280,56031,306000000,1420800
1791129672.4028,4960,1272,56156,306000000,1267200
1791129672.4529,4960,1272,56062,306000000,1267200
1791129672.5030,4960,1272,56218,306000000,1267200
1791129672.5531,4960,1272,56062,306000000,1728000
1791129672.6032,4960,1272,56125,306000000,1728000
1791129672.6533,4960,1280,56281,306000000,1728000
1791129672.7034,4960,1280,56187,306000000,1728000
1791129672.7535,4960,1280,56375,306000000,1728000
1791129672.8036,4960,1280,56062,306000000,1728000
1791129672.8537,4960,1280,56125,306000000,1728000
1791129672.9038,4960,1272,56031,306000000,1728000
1791129672.9539,4960,1272,56125,306000000,1728000
1791129673.0040,4960,1272,56031,306000000,1728000
1791129673.0541,4960,1272,56125,306000000,1728000
1791129673.1042,4960,1272,56312,306000000,1728000
1791129673.1543,4960,1272,56062,306000000,1728000
1791129673.2044,4960,1280,56218,306000000,1728000
1791129673.2545,4960,1288,56031,306000000,1267200
1791129673.3046,4960,1288,56187,306000000,1728000
1791129673.3547,4960,1280,56000,306000000,1728000
1791129673.4048,4960,1280,56156,306000000,1728000
1791129673.4549,4960,1280,56031,306000000,1728000
1791129673.5050,4960,1280,56093,306000000,1728000
1791129673.5551,4960,1280,56281,306000000,1728000
1791129673.6052,4960,1280,56156,306000000,1728000
1791129673.6552,4960,1280,56187,306000000,1728000
1791129673.7053,4960,1280,56062,306000000,1728000
1791129673.7554,4960,1288,56125,306000000,1420800
1791129673.8055,4960,1288,56031,306000000,1728000
1791129673.8556,4960,1288,56062,306000000,1728000
1791129673.9057,4960,1280,56093,306000000,1728000
1791129673.9558,4960,1288,56062,306000000,1728000
1791129674.0059,4960,1288,56093,306000000,1728000
1791129674.0560,4960,1280,56125,306000000,1728000
1791129674.1061,4960,1280,56250,306000000,1728000
1791129674.1562,4960,1280,56062,306000000,1728000
1791129674.2063,4960,1280,56281,306000000,1728000
1791129674.2564,4960,1280,56093,306000000,1728000
1791129674.3065,4960,1288,56187,306000000,1497600
1791129674.3566,4960,1296,56031,306000000,1728000
1791129674.4067,4960,1296,56125,306000000,1420800
1791129674.4568,4960,1288,56125,306000000,1728000
1791129674.5069,4960,1288,56093,306000000,1728000
1791129674.5570,4960,1280,56218,306000000,1728000
1791129674.6071,4960,1280,56156,306000000,1728000
1791129674.6572,4960,1280,56250,306000000,1728000
1791129674.7072,4960,1280,56031,306000000,1728000
1791129674.7573,4960,1280,56125,306000000,1728000
1791129674.8074,4960,1280,56031,306000000,1728000
1791129674.8575,4960,1288,56093,306000000,1728000
1791129674.9076,4960,1296,55968,306000000,1728000
1791129674.9577,4960,1296,56062,306000000,1728000
1791129675.0078,4960,1296,56250,306000000,1728000
1791129675.0579,4960,1296,56093,306000000,1728000
1791129675.1080,4960,1296,56187,306000000,1344000
1791129675.1581,4960,1288,56031,306000000,1728000
1791129675.2082,4960,1280,56125,306000000,1728000
1791129675.2583,4960,1288,56031,306000000,1420800
1791129675.3084,4960,1280,56031,306000000,1728000
1791129675.3585,4960,1272,56062,306000000,1728000
1791129675.4086,4960,1280,56062,306000000,1728000
1791129675.4587,4960,1288,56281,306000000,1728000
1791129675.5088,4960,1288,56062,306000000,1728000
1791129675.5588,4960,1296,56312,306000000,1420800
1791129675.6089,4960,1288,56093,306000000,1728000
1791129675.6590,4960,1288,56125,306000000,1728000
1791129675.7091,4960,1288,56031,306000000,1728000
1791129675.7592,4960,1288,56156,306000000,1190400
1791129675.8093,4960,1288,56031,306000000,1344000
1791129675.8594,4960,1280,56125,306000000,1344000
1791129675.9095,4960,1280,56281,306000000,1728000
1791129675.9596,4960,1280,56062,306000000,1728000
1791129676.0097,4960,1288,56312,306000000,1728000
1791129676.0598,4960,1288,56062,306000000,1728000
1791129676.1099,4960,1288,56250,306000000,1728000
1791129676.1600,4960,1288,56031,306000000,1728000
1791129676.2101,4960,1288,56156,306000000,1728000
1791129676.2602,4960,1296,56031,306000000,1728000
1791129676.3103,4960,1288,56062,306000000,1728000
1791129676.3603,4960,1288,56062,306000000,1728000
1791129676.4104,4960,1288,56093,306000000,1728000
1791129676.4605,4960,1288,56312,306000000,1728000
1791129676.5106,4960,1288,56093,306000000,1728000
1791129676.5607,4960,1304,56187,306000000,1728000
1791129676.6108,4960,1304,56125,306000000,1728000
1791129676.6609,4960,1304,56156,306000000,1728000
1791129676.7110,4960,1304,56031,306000000,1728000
1791129676.7611,4960,1296,56093,306000000,1728000
1791129676.8112,4960,1296,56062,306000000,1728000
1791129676.8613,4960,1296,56031,306000000,1420800
1791129676.9114,4960,1288,56156,306000000,1267200
1791129676.9615,4960,1288,56031,306000000,1267200
1791129677.0116,4960,1280,56281,306000000,1728000
1791129677.0617,4960,1280,56031,306000000,1728000
1791129677.1118,4960,1296,56062,306000000,1728000
1791129677.1619,4960,1296,56031,306000000,1728000
1791129677.2120,4960,1296,56125,306000000,1728000
1791129677.2621,4960,1288,56093,306000000,1728000
1791129677.3122,4960,1288,56125,306000000,1728000
1791129677.3623,4960,1288,56312,306000000,1728000
1791129677.4123,4960,1288,56031,306000000,1728000
1791129677.4624,4960,1288,56187,306000000,1728000
1791129677.5125,4960,1288,56000,306000000,1728000
1791129677.5626,4960,1280,56125,306000000,1728000
1791129677.6127,4960,1288,56062,306000000,1728000
1791129677.6628,4960,1296,56093,306000000,1497600
1791129677.7129,4960,1304,56031,306000000,1728000
1791129677.7630,4960,1304,56125,306000000,1267200
1791129677.8131,4960,1288,56187,306000000,1728000
1791129677.8632,4960,1296,56031,306000000,1728000
1791129677.9133,4960,1288,56218,306000000,1728000
1791129677.9634,4960,1288,56031,306000000,1728000
1791129678.0135,4960,1288,56250,306000000,1728000
1791129678.0636,4960,1288,56031,306000000,1728000
1791129678.1136,4960,1280,56250,306000000,1728000
1791129678.1637,4960,1280,56093,306000000,1728000
1791129678.2138,4960,1288,56031,306000000,1497600
1791129678.2639,4960,1296,56187,306000000,1728000
1791129678.3140,4960,1296,56031,306000000,1728000
1791129678.3641,4960,1288,56250,306000000,1728000
1791129678.4142,4960,1280,56031,306000000,1728000
1791129678.4643,4960,1280,56218,306000000,1728000
1791129678.5144,4960,1280,56031,306000000,1728000
1791129678.5645,4960,1280,56093,306000000,1728000
1791129678.6146,4960,1280,56031,306000000,1728000
1791129678.6647,4960,1280,56125,306000000,1728000
1791129678.7147,4960,1280,56031,306000000,1728000
1791129678.7648,4960,1288,56031,306000000,1728000
1791129678.8149,4960,1296,56250,306000000,1267200
1791129678.8650,4960,1288,56062,306000000,1728000
1791129678.9151,4960,1288,56250,306000000,1728000
1791129678.9652,4960,1288,56031,306000000,1728000
1791129679.0153,4960,1280,56156,306000000,1728000
1791129679.0654,4960,1280,56125,306000000,1728000
1791129679.1155,4960,1280,56156,306000000,1728000
1791129679.1656,4960,1280,56000,306000000,1728000
1791129679.2157,4960,1280,56031,306000000,1728000
1791129679.2658,4960,1280,56218,306000000,1728000
1791129679.3159,4960,1288,56062,306000000,1728000
1791129679.3660,4960,1296,56156,306000000,1728000
1791129679.4161,4960,1296,56031,306000000,1728000
1791129679.4662,4960,1288,56125,306000000,1420800
1791129679.5163,4960,1288,56000,306000000,1728000
1791129679.5664,4960,1288,56093,306000000,1420800
1791129679.6165,4960,1288,55968,306000000,1420800
1791129679.6666,4960,1280,56031,306000000,1728000
1791129679.7167,4960,1280,56156,306000000,1728000
1791129679.7667,4960,1280,56000,306000000,1344000
1791129679.8168,4960,1272,56156,306000000,1728000
1791129679.8669,4960,1280,56062,306000000,1728000
1791129679.9170,4960,1288,56093,306000000,1728000
1791129679.9671,4960,1288,56062,306000000,1728000
1791129680.0172,4960,1288,55968,306000000,1728000
1791129680.0673,4960,1288,56031,306000000,1728000
1791129680.1174,4960,1280,56062,306000000,1728000
1791129680.1675,4960,1280,56250,306000000,1728000
1791129680.2176,4960,1280,56062,306000000,1728000
1791129680.2677,4960,1280,56125,306000000,1728000
1791129680.3178,4960,1280,56062,306000000,1728000
1791129680.3679,4960,1272,56156,306000000,1728000
1791129680.4180,4960,1280,56031,306000000,1728000
1791129680.4681,4960,1288,56156,306000000,1728000
1791129680.5182,4960,1288,56031,306000000,1728000
1791129680.5682,4960,1288,56125,306000000,1728000
1791129680.6183,4960,1288,56125,306000000,1728000
1791129680.6684,4960,1296,55968,306000000,1728000
1791129680.7185,4960,1296,56093,306000000,1728000
1791129680.7686,4960,1296,56062,306000000,1728000
1791129680.8187,4960,1296,56156,306000000,1344000
1791129680.8688,4960,1288,56031,306000000,1728000
1791129680.9189,4960,1288,56093,306000000,1728000
1791129680.9689,4960,1288,56031,306000000,1728000
1791129681.0190,4960,1304,56093,306000000,1728000
1791129681.0691,4960,1304,56156,306000000,1728000
1791129681.1192,4960,1304,56062,306000000,1344000
1791129681.1693,4960,1304,56218,306000000,1267200
1791129681.2194,4960,1304,56031,306000000,1420800
1791129681.2695,4960,1304,56125,306000000,1728000
1791129681.3196,4960,1296,55968,306000000,1728000
1791129681.3697,4960,1296,56125,306000000,1728000
1791129681.4198,4960,1288,56000,306000000,1728000
1791129681.4699,4960,1288,56062,306000000,1728000
1791129681.5200,4960,1288,56031,306000000,1728000
1791129681.5701,4960,1296,56093,306000000,1728000
1791129681.6202,4960,1304,56187,306000000,1728000
1791129681.6703,4960,1296,56000,306000000,1728000
1791129681.7204,4960,1312,56218,306000000,1728000
1791129681.7704,4960,1304,56062,306000000,1728000
1791129681.8205,4960,1304,56031,306000000,1728000
1791129681.8706,4960,1304,56218,306000000,1267200
1791129681.9207,4960,1304,56093,306000000,1728000
1791129681.9708,4960,1296,56000,306000000,1728000
1791129682.0209,4960,1296,56093,306000000,1728000
1791129682.0710,4960,1296,56218,306000000,1190400
1791129682.1211,4960,1304,55968,306000000,1728000
1791129682.1712,4960,1296,56156,306000000,1728000
1791129682.2213,4960,1296,56031,306000000,1728000
1791129682.2714,4960,1296,56250,306000000,1728000
1791129682.3215,4960,1288,56031,306000000,1728000
1791129682.3716,4960,1288,56093,306000000,1728000
1791129682.4217,4960,1288,56031,306000000,1728000
1791129682.4718,4960,1288,56031,306000000,1728000
1791129682.5219,4960,1288,56156,306000000,1728000
1791129682.5720,4960,1288,55968,306000000,1728000
1791129682.6221,4960,1288,56093,306000000,1728000
1791129682.6721,4960,1304,56031,306000000,1497600
1791129682.7222,4960,1304,56125,306000000,1728000
1791129682.7723,4960,1304,56000,306000000,1728000
1791129682.8224,4960,1304,56031,306000000,1728000
1791129682.8725,4960,1296,55968,306000000,1728000
1791129682.9226,4960,1296,56031,306000000,1728000
1791129682.9727,4960,1288,56093,306000000,1728000
1791129683.0228,4960,1288,56093,306000000,1728000
1791129683.0729,4960,1288,56218,306000000,1728000
1791129683.1230,4960,1288,55968,306000000,1728000
1791129683.1731,4960,1288,56093,306000000,1728000
1791129683.2232,4960,1296,56031,306000000,1574400
1791129683.2733,4960,1296,56031,306000000,1728000
1791129683.3234,4960,1296,56000,306000000,1497600
1791129683.3735,4960,1296,56062,306000000,1420800
1791129683.4236,4960,1296,56031,306000000,1728000
1791129683.4737,4960,1296,56000,306000000,1728000
1791129683.5238,4960,1288,56125,306000000,1728000
1791129683.5739,4960,1288,56000,306000000,1728000
1791129683.6240,4960,1280,56093,306000000,1728000
1791129683.6741,4960,1280,56031,306000000,1728000
1791129683.7242,4960,1280,56062,306000000,1728000
1791129683.7743,4960,1288,55968,306000000,1728000
1791129683.8244,4960,1296,56031,306000000,1728000
1791129683.8744,4960,1296,55968,306000000,1728000
1791129683.9245,4960,1288,56031,306000000,1728000
1791129683.9746,4960,1288,56093,306000000,1190400
1791129684.0247,4960,1288,56031,306000000,1728000
1791129684.0748,4960,1288,56156,306000000,1267200
1791129684.1249,4960,1288,56062,306000000,1267200
1791129684.1750,4960,1280,56031,306000000,1267200
1791129684.2251,4960,1280,55968,306000000,1344000
1791129684.2752,4960,1272,56031,306000000,1728000
1791129684.3253,4960,1280,56031,306000000,1728000
1791129684.3755,4960,1288,56031,306000000,1728000
1791129684.4256,4960,1288,56000,306000000,1728000
1791129684.4757,4960,1288,55906,306000000,1728000
1791129684.5258,4960,1288,56093,306000000,1728000
1791129684.5758,4960,1280,55937,306000000,1728000
1791129684.6259,4960,1280,56093,306000000,1728000
1791129684.6760,4960,1280,56000,306000000,1728000
1791129684.7261,4960,1280,56000,306000000,1420800
1791129684.7762,4960,1280,55968,306000000,1728000
1791129684.8263,4960,1280,56062,306000000,1728000
1791129684.8764,4960,1280,56093,306000000,1728000
1791129684.9265,4960,1288,55968,306000000,1728000
1791129684.9766,4960,1288,56125,306000000,1728000
1791129685.0267,4960,1288,56000,306000000,1728000
1791129685.0768,4960,1288,56156,306000000,1728000
1791129685.1269,4960,1288,55937,306000000,1728000
1791129685.1770,4960,1288,56062,306000000,1728000
1791129685.2271,4960,1280,56000,306000000,1728000
1791129685.2772,4960,1280,56031,306000000,1728000
1791129685.3273,4960,1280,55968,306000000,1728000
1791129685.3774,4960,1280,56062,306000000,1728000
1791129685.4275,4960,1280,56093,306000000,1728000
1791129685.4776,4960,1296,56000,306000000,1728000
1791129685.5277,4960,1296,56093,306000000,1728000
1791129685.5778,4960,1280,56093,306000000,1728000
1791129685.6279,4960,1272,56312,306000000,1728000
1791129685.6780,4960,1264,56562,306000000,1728000
1791129685.7281,4960,1256,56281,306000000,1728000
1791129685.7782,4960,1248,56281,306000000,1728000
1791129685.8283,4960,1240,56375,306000000,1728000
1791129685.8783,4960,1240,56500,306000000,1728000
1791129685.9284,4960,1232,56281,306000000,1728000
1791129685.9785,4960,1232,56562,306000000,1728000
1791129686.0286,4960,1240,56250,306000000,1728000
1791129686.0787,4960,1240,56000,306000000,1728000
1791129686.1288,4960,1232,56125,306000000,1728000
1791129686.1789,4960,1232,56125,306000000,1728000
1791129686.2290,4960,1224,55906,306000000,1728000
1791129686.2791,4960,1224,56000,306000000,1728000
1791129686.3291,4960,1216,56125,306000000,1728000
1791129686.3792,4960,1216,56031,306000000,1728000
1791129686.4293,4960,1216,56156,306000000,1728000
1791129686.4794,4960,1216,55906,306000000,1728000
1791129686.5295,4960,1216,56125,306000000,1728000
1791129686.5796,4960,1224,56031,306000000,1728000
1791129686.6297,4960,1224,56031,306000000,1728000
1791129686.6797,4960,1224,56281,306000000,1728000
1791129686.7298,4960,1216,56000,306000000,1728000
1791129686.7799,4960,1216,56093,306000000,1728000
1791129686.8300,4960,1216,56031,306000000,1728000
1791129686.8800,4960,1216,56187,306000000,1728000
1791129686.9301,4960,1208,56250,306000000,1728000
1791129686.9802,4960,1208,56031,306000000,1728000
1791129687.0302,4960,1208,55968,306000000,1728000
1791129687.0803,4960,1208,56031,306000000,1728000
1791129687.1304,4960,1216,56031,306000000,1728000
1791129687.1805,4960,1224,56156,306000000,1728000
1791129687.2306,4960,1216,56281,306000000,1728000
1791129687.2807,4960,1216,56031,306000000,1728000
1791129687.3307,4960,1216,56218,306000000,1728000
1791129687.3808,4960,1208,56000,306000000,1728000
1791129687.4309,4960,1208,56125,306000000,1728000
1791129687.4810,4960,1208,56125,306000000,1728000
1791129687.5311,4960,1208,56093,306000000,1728000
1791129687.5811,4960,1208,56000,306000000,1728000
1791129687.6312,4960,1208,56125,306000000,1728000
1791129687.6813,4960,1216,56093,306000000,1728000
1791129687.7314,4960,1224,56031,306000000,1728000
1791129687.7815,4960,1216,56218,306000000,1728000
1791129687.8316,4960,1216,56031,306000000,1728000
1791129687.8817,4960,1216,56093,306000000,1728000
1791129687.9318,4960,1216,55937,306000000,1728000
1791129687.9819,4960,1216,56031,306000000,1728000
1791129688.0319,4960,1208,56218,306000000,1728000
1791129688.0820,4960,1216,56062,306000000,1728000
1791129688.1321,4960,1224,55906,306000000,1728000
1791129688.1822,4960,1224,56093,306000000,1728000
1791129688.2323,4960,1240,56187,306000000,1728000
1791129688.2824,4960,1248,56062,306000000,1728000
1791129688.3325,4960,1264,56406,306000000,1728000
1791129688.3826,4960,1264,56031,306000000,1728000
1791129688.4327,4960,1264,56062,306000000,1728000
1791129688.4827,4960,1256,55937,306000000,1728000
1791129688.5328,4960,1240,56031,306000000,1728000
