1791120970.7892,4976,984,55531,306000000,1728000
1791120970.8392,4968,1040,55687,306000000,1728000
1791120970.8893,4968,1096,56125,306000000,1728000
1791120970.9394,4968,1104,55625,306000000,1728000
1791120970.9895,4968,1120,55562,306000000,1728000
1791120971.0395,4968,1120,55593,306000000,1728000
1791120971.0896,4968,1144,55687,306000000,1728000
1791120971.1397,4968,1160,55656,306000000,1728000
1791120971.1898,4968,1160,55781,306000000,1728000
1791120971.2399,4968,1176,55656,306000000,1728000
1791120971.2900,4968,1184,55656,306000000,1728000
1791120971.3401,4968,1184,55562,306000000,1728000
1791120971.3902,4968,1184,55687,306000000,1728000
1791120971.4403,4968,1184,55687,306000000,1728000
1791120971.4904,4968,1184,55656,306000000,1728000
1791120971.5405,4968,1192,55750,306000000,1728000
1791120971.5907,4968,1192,55656,306000000,1728000
1791120971.6408,4968,1200,55687,306000000,1728000
1791120971.6909,4968,1208,55718,306000000,1728000
1791120971.7410,4968,1208,55656,1020000000,1728000
1791120971.7911,4968,1208,55687,306000000,1728000
1791120971.8412,4968,1208,55656,306000000,1728000
1791120971.8913,4968,1208,55593,306000000,1728000
1791120971.9414,4968,1208,55625,306000000,1728000
1791120971.9914,4968,1216,55750,306000000,1728000
1791120972.0415,4960,1240,55593,306000000,1728000
1791120972.0916,4960,1256,55718,306000000,1344000
1791120972.1417,4960,1264,55656,306000000,1728000
1791120972.1918,4960,1272,55781,306000000,1728000
1791120972.2419,4960,1288,55593,306000000,1728000
1791120972.2920,4960,1304,55656,306000000,1728000
1791120972.3421,4960,1296,55531,306000000,1728000
1791120972.3922,4960,1304,55750,306000000,1728000
1791120972.4422,4960,1336,55781,306000000,1728000
1791120972.4923,4960,1328,55593,306000000,1728000
1791120972.5424,4960,1320,55750,306000000,1728000
1791120972.5925,4960,1312,55656,306000000,1728000
1791120972.6426,4960,1304,55718,306000000,1728000
1791120972.6927,4960,1304,55656,306000000,1728000
1791120972.7428,4960,1296,55687,306000000,1728000
1791120972.7929,4960,1312,55593,306000000,1728000
1791120972.8430,4960,1312,55687,306000000,1036800
1791120972.8931,4960,1304,55593,306000000,1728000
1791120972.9431,4960,1296,55625,306000000,1728000
1791120972.9932,4960,1296,55812,306000000,1728000
1791120973.0433,4960,1288,55562,306000000,1728000
1791120973.0934,4960,1280,55718,306000000,1728000
1791120973.1435,4960,1280,55656,306000000,1728000
1791120973.1936,4960,1280,55750,306000000,883200
1791120973.2437,4960,1280,55562,306000000,1728000
1791120973.2938,4960,1288,55656,306000000,1190400
1791120973.3439,4960,1296,55562,306000000,1728000
1791120973.3940,4960,1304,55625,306000000,1728000
1791120973.4441,4960,1296,55781,306000000,960000
1791120973.4942,4960,1296,55718,306000000,960000
1791120973.5442,4960,1288,55750,306000000,1728000
1791120973.5943,4960,1280,55593,306000000,1728000
1791120973.6444,4960,1272,55750,306000000,1728000
1791120973.6945,4960,1272,55687,306000000,883200
1791120973.7446,4960,1272,55656,306000000,1728000
1791120973.7947,4960,1272,55562,306000000,806400
1791120973.8448,4960,1272,55656,306000000,1728000
1791120973.8949,4960,1264,55812,306000000,1420800
1791120973.9450,4960,1264,55593,306000000,1728000
1791120973.9951,4960,1264,55718,306000000,1728000
1791120974.0452,4960,1264,55593,306000000,1728000
1791120974.0953,4960,1264,55718,306000000,1728000
1791120974.1454,4960,1264,55562,306000000,806400
1791120974.1954,4960,1256,55687,306000000,960000
1791120974.2455,4960,1248,55625,306000000,1728000
1791120974.2956,4960,1248,55625,306000000,1728000
1791120974.3457,4960,1256,55718,306000000,1728000
1791120974.3958,4960,1256,55625,306000000,1728000
1791120974.4459,4960,1264,55718,306000000,1728000
1791120974.4960,4960,1280,55656,306000000,1728000
1791120974.5461,4960,1272,55750,306000000,1728000
1791120974.5962,4960,1272,55531,306000000,1728000
1791120974.6463,4960,1272,55656,306000000,1728000
1791120974.6964,4960,1272,55593,306000000,1728000
1791120974.7465,4960,1272,55625,306000000,883200
1791120974.7966,4960,1264,55750,306000000,1728000
1791120974.8467,4960,1256,55625,306000000,1728000
1791120974.8968,4960,1248,55812,306000000,1728000
1791120974.9469,4960,1256,55593,306000000,1728000
1791120974.9970,4960,1256,55718,306000000,1728000
1791120975.0471,4960,1272,55593,306000000,1420800
1791120975.0972,4960,1272,55656,306000000,1728000
1791120975.1473,4960,1272,55593,306000000,1728000
1791120975.1974,4960,1264,55750,306000000,1728000
1791120975.2475,4960,1264,55593,306000000,1728000
1791120975.2976,4960,1264,55656,306000000,1728000
1791120975.3477,4960,1272,55843,306000000,1728000
1791120975.3978,4960,1280,55687,306000000,883200
1791120975.4479,4960,1272,55625,306000000,1728000
1791120975.4980,4960,1264,55562,306000000,1728000
1791120975.5480,4960,1264,55656,306000000,1728000
1791120975.5981,4960,1280,55531,306000000,1728000
1791120975.6482,4960,1288,55687,306000000,1728000
1791120975.6983,4960,1280,55562,306000000,1728000
1791120975.7484,4960,1280,55687,306000000,1728000
1791120975.7985,4960,1272,55812,306000000,1728000
1791120975.8486,4960,1272,55656,306000000,1728000
1791120975.8987,4960,1264,55843,306000000,1728000
1791120975.9488,4960,1264,55625,306000000,1728000
1791120975.9989,4960,1264,55625,306000000,960000
1791120976.0490,4960,1264,55562,306000000,1728000
1791120976.0991,4960,1264,55687,306000000,729600
1791120976.1492,4960,1272,55593,306000000,1113600
1791120976.1993,4960,1280,55687,306000000,1036800
1791120976.2494,4960,1272,55750,306000000,1728000
1791120976.2994,4960,1272,55562,306000000,1728000
1791120976.3495,4960,1264,55750,306000000,1728000
1791120976.3996,4960,1280,55562,306000000,1728000
1791120976.4497,4960,1280,55656,306000000,1728000
1791120976.4998,4960,1272,55562,306000000,806400
1791120976.5499,4960,1264,55687,306000000,1728000
1791120976.6000,4960,1256,55562,306000000,1728000
1791120976.6501,4960,1248,55687,306000000,1728000
1791120976.7002,4960,1272,55812,306000000,1728000
1791120976.7503,4960,1288,55656,306000000,1728000
1791120976.8004,4960,1296,55812,306000000,1728000
1791120976.8505,4960,1296,55625,306000000,1728000
1791120976.9005,4960,1296,55750,306000000,1728000
1791120976.9506,4960,1296,55656,306000000,960000
1791120977.0007,4960,1288,55687,306000000,1728000
1791120977.0508,4960,1280,55562,306000000,806400
1791120977.1009,4960,1280,55656,306000000,1728000
1791120977.1510,4960,1272,55843,306000000,1728000
1791120977.2011,4960,1280,55656,306000000,883200
1791120977.2512,4960,1280,55843,306000000,1344000
1791120977.3013,4960,1296,55687,306000000,1728000
1791120977.3514,4960,1288,55812,306000000,1728000
1791120977.4021,4960,1296,55593,306000000,1267200
1791120977.4522,4960,1304,55718,306000000,1728000
1791120977.5023,4960,1296,55593,306000000,1728000
1791120977.5524,4960,1288,55687,306000000,1728000
1791120977.6025,4960,1288,55593,306000000,1728000
1791120977.6526,4960,1280,55625,306000000,1728000
1791120977.7027,4960,1280,55781,306000000,1728000
1791120977.7527,4960,1280,55625,306000000,1728000
1791120977.8028,4960,1288,55718,306000000,1267200
1791120977.8530,4960,1296,55531,306000000,1036800
1791120977.9031,4960,1288,55750,306000000,1728000
1791120977.9531,4960,1280,55531,306000000,1728000
1791120978.0032,4960,1272,55687,306000000,1728000
1791120978.0540,4960,1272,55562,306000000,1728000
1791120978.1041,4960,1272,55687,306000000,1728000
1791120978.1542,4960,1272,55593,306000000,1728000
1791120978.2043,4960,1272,55625,306000000,806400
1791120978.2544,4960,1264,55718,306000000,1728000
1791120978.3045,4960,1264,55625,306000000,729600
1791120978.3546,4960,1264,55750,306000000,1728000
1791120978.4047,4960,1280,55593,306000000,1728000
1791120978.4548,4960,1288,55656,306000000,1728000
1791120978.5049,4960,1280,55625,306000000,1728000
1791120978.5550,4960,1272,55687,306000000,1728000
1791120978.6051,4960,1264,55593,306000000,1728000
1791120978.6551,4960,1264,55593,306000000,1728000
1791120978.7052,4960,1256,55843,306000000,1728000
1791120978.7553,4960,1256,55593,306000000,1728000
1791120978.8054,4960,1256,55718,306000000,1728000
1791120978.8554,4960,1248,55656,306000000,1728000
1791120978.9055,4960,1248,55625,306000000,1728000
1791120978.9556,4960,1264,55531,306000000,1267200
1791120979.0057,4960,1256,55687,306000000,1728000
1791120979.0558,4960,1256,55531,306000000,1728000
1791120979.1059,4960,1248,55656,306000000,1728000
1791120979.1560,4960,1248,55593,306000000,1728000
1791120979.2061,4960,1248,55625,306000000,1728000
1791120979.2562,4960,1256,55750,306000000,1728000
1791120979.3063,4960,1256,55625,306000000,806400
1791120979.3564,4960,1256,55781,306000000,1728000
1791120979.4065,4960,1248,55593,306000000,1728000
1791120979.4566,4960,1256,55656,306000000,1728000
1791120979.5067,4960,1256,55562,306000000,1344000
1791120979.5568,4960,1272,55687,306000000,1728000
1791120979.6069,4960,1264,55531,306000000,1728000
1791120979.6570,4960,1264,55625,306000000,1728000
1791120979.7070,4960,1256,55718,306000000,1728000
1791120979.7571,4960,1256,55593,306000000,1728000
1791120979.8072,4960,1256,55718,306000000,1728000
1791120979.8573,4960,1248,55531,306000000,1728000
1791120979.9074,4960,1248,55687,306000000,1728000
1791120979.9575,4960,1240,55562,306000000,1728000
1791120980.0075,4960,1240,55687,306000000,1728000
1791120980.0576,4960,1248,55562,306000000,1728000
1791120980.1077,4960,1256,55531,306000000,1728000
1791120980.1578,4960,1256,55687,306000000,1728000
1791120980.2079,4960,1248,55656,306000000,1728000
1791120980.2580,4960,1248,55687,306000000,1728000
1791120980.3081,4968,1248,55593,306000000,1728000
1791120980.3581,4968,1240,55656,306000000,806400
1791120980.4082,4968,1240,55531,306000000,729600
1791120980.4583,4968,1248,55625,306000000,1728000
1791120980.5084,4960,1256,55593,306000000,1728000
1791120980.5585,4960,1248,55593,306000000,1728000
1791120980.6086,4960,1256,55750,306000000,1267200
1791120980.6587,4960,1264,55562,306000000,1728000
1791120980.7088,4960,1256,55687,306000000,1728000
1791120980.7589,4960,1256,55625,306000000,1728000
1791120980.8090,4960,1248,55625,306000000,1728000
1791120980.8591,4960,1248,55531,306000000,1728000
1791120980.9091,4960,1248,55687,306000000,729600
1791120980.9592,4960,1248,55562,306000000,1728000
1791120981.0093,4960,1240,55656,306000000,1728000
1791120981.0594,4960,1248,55750,306000000,1728000
1791120981.1095,4960,1240,55625,306000000,1728000
1791120981.1596,4968,1240,55656,306000000,1728000
1791120981.2096,4960,1248,55562,306000000,1728000
1791120981.2597,4960,1248,55750,306000000,729600
1791120981.3098,4968,1248,55531,306000000,806400
1791120981.3599,4960,1248,55593,306000000,1728000
1791120981.4100,4968,1248,55531,306000000,1728000
1791120981.4600,4968,1248,55625,306000000,1728000
1791120981.5101,4960,1248,55531,306000000,1267200
1791120981.5602,4968,1248,55593,306000000,1728000
1791120981.6103,4968,1248,55718,306000000,1728000
1791120981.6604,4968,1248,55531,306000000,729600
1791120981.7104,4968,1248,55593,306000000,1728000
1791120981.7605,4960,1256,55625,306000000,1344000
1791120981.8106,4960,1256,55562,306000000,1728000
1791120981.8607,4960,1256,55531,306000000,1728000
1791120981.9108,4968,1240,55625,306000000,1728000
1791120981.9609,4968,1240,55718,306000000,1728000
1791120982.0110,4968,1240,55531,306000000,1728000
1791120982.0611,4968,1240,55781,306000000,1728000
1791120982.1111,4968,1240,55562,306000000,1728000
1791120982.1612,4968,1240,55687,306000000,1728000
1791120982.2113,4968,1232,55625,306000000,1728000
1791120982.2614,4968,1232,55625,306000000,1728000
1791120982.3115,4960,1240,55593,306000000,1728000
1791120982.3616,4960,1248,55656,306000000,1728000
1791120982.4117,4960,1248,55562,306000000,1728000
1791120982.4618,4960,1248,55593,306000000,1728000
1791120982.5118,4968,1240,55750,306000000,1728000
1791120982.5620,4960,1248,55625,306000000,1728000
1791120982.6120,4960,1248,55656,306000000,1728000
1791120982.6621,4960,1248,55531,306000000,806400
1791120982.7122,4960,1248,55656,306000000,1728000
1791120982.7623,4960,1240,55531,306000000,1728000
1791120982.8124,4960,1240,55625,306000000,1728000
1791120982.8625,4960,1248,55500,306000000,1420800
1791120982.9126,4960,1248,55593,306000000,1728000
1791120982.9637,4960,1256,55531,306000000,1728000
1791120983.0138,4960,1248,55531,306000000,1728000
1791120983.0638,4960,1248,55656,306000000,806400
1791120983.1139,4960,1248,55562,306000000,1728000
1791120983.1640,4960,1248,55625,306000000,1728000
1791120983.2141,4960,1240,55593,306000000,1728000
1791120983.2642,4960,1240,55531,306000000,1728000
1791120983.3143,4968,1240,55531,306000000,1728000
1791120983.3643,4960,1240,55625,306000000,1728000
1791120983.4144,4960,1248,55531,306000000,1728000
1791120983.4645,4960,1256,55562,306000000,1728000
1791120983.5146,4960,1256,55625,306000000,1728000
1791120983.5647,4960,1256,55562,306000000,1190400
1791120983.6148,4960,1256,55687,306000000,1728000
1791120983.6649,4960,1256,55531,306000000,1728000
1791120983.7150,4960,1256,55593,306000000,1728000
1791120983.7651,4960,1248,55562,306000000,1728000
1791120983.8152,4960,1248,55625,306000000,1728000
1791120983.8652,4960,1240,55531,306000000,1728000
1791120983.9153,4968,1240,55562,306000000,1728000
1791120983.9654,4968,1240,55718,306000000,1113600
1791120984.0155,4960,1248,55593,306000000,729600
1791120984.0656,4960,1248,55656,306000000,1728000
1791120984.1157,4960,1248,55531,306000000,1728000
1791120984.1658,4960,1248,55625,306000000,1728000
1791120984.2159,4960,1240,55468,306000000,1728000
1791120984.2660,4968,1240,55656,306000000,1728000
1791120984.3160,4968,1240,55562,306000000,729600
1791120984.3661,4968,1240,55625,306000000,729600
1791120984.4162,4968,1240,55625,306000000,1728000
1791120984.4663,4968,1240,55500,306000000,1728000
1791120984.5164,4968,1232,55562,306000000,1190400
1791120984.5665,4960,1248,55562,306000000,1728000
1791120984.6166,4960,1256,55625,306000000,1728000
1791120984.6666,4960,1256,55562,306000000,806400
1791120984.7167,4960,1256,55531,306000000,1728000
1791120984.7668,4960,1240,55531,306000000,1728000
1791120984.8169,4960,1248,55656,306000000,1728000
1791120984.8670,4960,1248,55687,306000000,1728000
1791120984.9171,4960,1248,55562,306000000,1728000
1791120984.9672,4968,1240,55656,306000000,1728000
1791120985.0172,4968,1240,55562,306000000,1728000
1791120985.0673,4968,1240,55718,306000000,1728000
1791120985.1174,4960,1256,55531,306000000,1728000
1791120985.1675,4968,1248,55593,306000000,1728000
1791120985.2176,4968,1240,55562,306000000,1728000
1791120985.2677,4968,1240,55625,306000000,1728000
1791120985.3178,4960,1248,55531,306000000,1728000
1791120985.3679,4960,1256,55531,306000000,1728000
1791120985.4179,4960,1256,55656,306000000,1728000
1791120985.4680,4960,1264,55593,306000000,1728000
1791120985.5181,4960,1256,55687,306000000,1728000
1791120985.5689,4960,1256,55531,306000000,1728000
1791120985.6190,4960,1264,55750,306000000,1728000
1791120985.6691,4960,1272,55500,306000000,1267200
1791120985.7192,4960,1272,55531,306000000,729600
1791120985.7693,4960,1272,55500,306000000,1728000
1791120985.8193,4960,1264,55531,306000000,1728000
1791120985.8694,4960,1256,55625,306000000,1728000
1791120985.9195,4960,1256,55531,306000000,1728000
1791120985.9696,4960,1248,55656,306000000,1728000
1791120986.0196,4960,1248,55562,306000000,883200
1791120986.0697,4960,1248,55656,306000000,1728000
1791120986.1198,4960,1240,55468,306000000,1728000
1791120986.1699,4960,1248,55593,306000000,1728000
1791120986.2200,4960,1256,55531,306000000,1728000
1791120986.2701,4960,1264,55531,306000000,1728000
1791120986.3202,4960,1264,55531,306000000,1728000
1791120986.3703,4960,1256,55531,306000000,1728000
1791120986.4203,4960,1256,55625,306000000,1728000
1791120986.4704,4960,1256,55468,306000000,1728000
1791120986.5205,4960,1248,55656,306000000,1728000
1791120986.5706,4960,1248,55531,306000000,1728000
1791120986.6207,4960,1248,55593,306000000,1728000
1791120986.6708,4960,1256,55531,306000000,1728000
1791120986.7209,4960,1256,55531,306000000,1728000
1791120986.7710,4960,1256,55500,306000000,1344000
1791120986.8211,4960,1272,55531,306000000,1728000
1791120986.8712,4960,1264,55656,306000000,1728000
1791120986.9213,4960,1264,55593,306000000,1728000
1791120986.9714,4960,1264,55687,306000000,1728000
1791120987.0214,4960,1256,55500,306000000,1728000
1791120987.0715,4960,1256,55687,306000000,1728000
1791120987.1216,4960,1248,55531,306000000,1728000
1791120987.1717,4960,1248,55531,306000000,1728000
1791120987.2218,4960,1248,55593,306000000,1728000
1791120987.2718,4960,1256,55593,306000000,1728000
1791120987.3219,4960,1256,55656,306000000,1728000
1791120987.3720,4960,1264,55593,306000000,1728000
1791120987.4221,4960,1272,55656,306000000,1728000
1791120987.4722,4960,1264,55531,306000000,1728000
1791120987.5223,4960,1264,55531,306000000,1728000
1791120987.5724,4960,1256,55531,306000000,1728000
1791120987.6224,4960,1256,55593,306000000,1728000
1791120987.6726,4960,1264,55500,306000000,1728000
1791120987.7226,4960,1256,55562,306000000,1728000
1791120987.7727,4960,1256,55625,306000000,1728000
1791120987.8228,4960,1256,55531,306000000,1728000
1791120987.8729,4960,1248,55562,306000000,1728000
1791120987.9230,4960,1264,55500,306000000,1420800
1791120987.9731,4960,1264,55593,306000000,1728000
1791120988.0232,4960,1264,55531,306000000,1728000
1791120988.0733,4960,1256,55625,306000000,1728000
1791120988.1233,4960,1256,55562,306000000,1728000
1791120988.1734,4960,1256,55593,306000000,1728000
1791120988.2235,4960,1256,55687,306000000,1728000
1791120988.2736,4960,1256,55531,306000000,1728000
1791120988.3237,4960,1256,55625,306000000,1728000
1791120988.3738,4960,1248,55531,306000000,1728000
1791120988.4238,4960,1256,55625,306000000,1728000
1791120988.4739,4960,1256,55500,306000000,1728000
1791120988.5240,4960,1256,55625,306000000,1728000
1791120988.5741,4960,1256,55531,306000000,1728000
1791120988.6242,4960,1256,55593,306000000,1728000
1791120988.6743,4960,1248,55593,306000000,1728000
1791120988.7244,4960,1256,55531,306000000,1728000
1791120988.7745,4960,1264,55593,306000000,1728000
1791120988.8246,4960,1256,55593,306000000,1728000
1791120988.8746,4960,1248,55625,306000000,1728000
1791120988.9247,4960,1248,55500,306000000,1728000
1791120988.9748,4960,1256,55562,306000000,1728000
1791120989.0249,4960,1256,55468,306000000,1728000
1791120989.0750,4960,1264,55531,306000000,1728000
1791120989.1251,4960,1272,55625,306000000,1728000
1791120989.1752,4960,1264,55468,306000000,1728000
1791120989.2252,4960,1256,55625,306000000,1728000
1791120989.2753,4960,1264,55531,306000000,1728000
1791120989.3254,4960,1256,55625,306000000,1728000
1791120989.3755,4960,1256,55468,306000000,1728000
1791120989.4255,4960,1256,55593,306000000,1728000
1791120989.4756,4960,1248,55500,306000000,1728000
1791120989.5257,4960,1248,55562,306000000,1728000
1791120989.5758,4960,1248,55437,306000000,1728000
1791120989.6259,4960,1256,55625,306000000,1728000
1791120989.6760,4960,1256,55656,306000000,1728000
1791120989.7261,4960,1264,55531,306000000,1728000
1791120989.7762,4960,1264,55625,306000000,1728000
1791120989.8263,4960,1256,55531,306000000,1728000
1791120989.8763,4960,1256,55562,306000000,1728000
1791120989.9264,4960,1256,55531,306000000,1728000
1791120989.9765,4960,1248,55593,306000000,1728000
1791120990.0266,4960,1248,55531,306000000,1728000
1791120990.0766,4960,1248,55500,306000000,1728000
1791120990.1267,4960,1248,55718,306000000,1728000
1791120990.1768,4960,1264,55562,306000000,1344000
1791120990.2269,4960,1256,55625,306000000,1728000
1791120990.2770,4960,1256,55531,306000000,1728000
1791120990.3271,4960,1256,55531,306000000,1728000
1791120990.3772,4960,1248,55437,306000000,1728000
1791120990.4273,4960,1248,55593,306000000,1728000
1791120990.4773,4960,1248,55593,306000000,1728000
1791120990.5274,4960,1256,55531,306000000,1728000
1791120990.5775,4960,1256,55562,306000000,1728000
1791120990.6276,4960,1256,55531,306000000,1728000
1791120990.6777,4960,1256,55625,306000000,1190400
1791120990.7278,4960,1264,55562,306000000,1728000
1791120990.7779,4960,1272,55593,306000000,1728000
1791120990.8280,4960,1272,55500,306000000,1728000
1791120990.8780,4960,1264,55625,306000000,1728000
1791120990.9281,4960,1256,55531,306000000,1728000
1791120990.9782,4960,1256,55531,306000000,1728000
1791120991.0283,4960,1248,55656,306000000,1728000
1791120991.0784,4960,1248,55531,306000000,1728000
1791120991.1284,4960,1248,55656,306000000,1728000
1791120991.1785,4960,1240,55531,306000000,1728000
1791120991.2286,4960,1240,55531,306000000,1728000
1791120991.2787,4960,1248,55468,306000000,1728000
1791120991.3288,4960,1256,55562,306000000,1728000
1791120991.3789,4960,1256,55500,306000000,1728000
1791120991.4290,4960,1248,55531,306000000,1728000
1791120991.4791,4960,1256,55593,306000000,1728000
1791120991.5291,4960,1248,55500,306000000,1728000
1791120991.5792,4960,1248,55593,306000000,1728000
1791120991.6293,4960,1248,55531,306000000,1728000
1791120991.6794,4960,1240,55562,306000000,1728000
1791120991.7295,4960,1248,55468,306000000,1728000
1791120991.7796,4960,1248,55562,306000000,1190400
1791120991.8297,4960,1248,55531,306000000,1728000
1791120991.8798,4960,1256,55531,306000000,1728000
1791120991.9299,4960,1256,55593,306000000,1728000
1791120991.9800,4960,1256,55531,306000000,1728000
1791120992.0301,4960,1256,55625,306000000,1728000
1791120992.0801,4960,1248,55531,306000000,1728000
1791120992.1302,4960,1248,55593,306000000,1728000
1791120992.1803,4960,1248,55625,306000000,1728000
1791120992.2304,4960,1248,55562,306000000,1728000
1791120992.2805,4968,1240,55500,306000000,1728000
1791120992.3305,4968,1240,55531,306000000,1728000
1791120992.3806,4960,1256,55531,306000000,1728000
1791120992.4307,4960,1256,55531,306000000,1728000
1791120992.4808,4960,1256,55656,306000000,1728000
1791120992.5309,4960,1256,55531,306000000,1728000
1791120992.5810,4960,1264,55625,306000000,1728000
1791120992.6311,4960,1264,55500,306000000,1728000
1791120992.6812,4960,1256,55656,306000000,1728000
1791120992.7313,4960,1256,55500,306000000,1728000
1791120992.7814,4960,1256,55593,306000000,1728000
1791120992.8315,4960,1264,55531,306000000,1728000
1791120992.8816,4960,1256,55531,306000000,1728000
1791120992.9317,4960,1256,55687,306000000,1728000
1791120992.9818,4960,1272,55500,306000000,1728000
1791120993.0318,4960,1264,55656,306000000,1728000
1791120993.0819,4960,1272,55562,306000000,1728000
1791120993.1320,4960,1264,55625,306000000,1728000
1791120993.1821,4960,1264,55500,306000000,1728000
1791120993.2322,4960,1256,55531,306000000,1728000
1791120993.2823,4968,1256,55468,306000000,1728000
1791120993.3323,4968,1240,55531,306000000,1728000
1791120993.3824,4968,1240,55625,306000000,1728000
1791120993.4325,4968,1240,55531,306000000,1728000
1791120993.4826,4960,1256,55593,306000000,1728000
1791120993.5327,4960,1280,55500,306000000,1728000
1791120993.5828,4960,1304,55593,306000000,1728000
1791120993.6329,4960,1320,55593,306000000,1728000
1791120993.6830,4960,1312,55562,306000000,1728000
1791120993.7330,4960,1304,55500,306000000,1728000
1791120993.7831,4960,1296,55562,306000000,1728000
1791120993.8332,4960,1296,55687,306000000,1728000
1791120993.8833,4960,1288,55531,306000000,1728000
1791120993.9334,4960,1296,55687,306000000,1728000
1791120993.9835,4960,1288,55531,306000000,1728000
1791120994.0336,4960,1288,55593,306000000,1728000
1791120994.0837,4960,1296,55500,306000000,1344000
1791120994.1338,4960,1296,55593,306000000,1728000
1791120994.1839,4960,1288,55500,306000000,1728000
1791120994.2340,4960,1280,55531,306000000,1728000
1791120994.2840,4960,1264,55656,306000000,1728000
1791120994.3341,4960,1272,55562,306000000,1728000
1791120994.3842,4960,1264,55656,306000000,1728000
1791120994.4343,4960,1264,55531,306000000,1728000
1791120994.4844,4960,1264,55531,306000000,1728000
1791120994.5344,4960,1264,55500,306000000,1728000
1791120994.5845,4960,1264,55531,306000000,1728000
1791120994.6346,4960,1272,55531,306000000,1190400
1791120994.6847,4960,1280,55531,306000000,1728000
1791120994.7348,4960,1272,55625,306000000,1728000
1791120994.7849,4960,1272,55500,306000000,1728000
1791120994.8350,4960,1264,55656,306000000,1728000
1791120994.8851,4960,1272,55531,306000000,1728000
1791120994.9352,4960,1264,55656,306000000,1728000
1791120994.9853,4960,1256,55468,306000000,1728000
1791120995.0354,4960,1264,55562,306000000,1728000
1791120995.0854,4960,1272,55500,306000000,1728000
1791120995.1355,4960,1264,55562,306000000,1728000
1791120995.1856,4960,1264,55531,306000000,1728000
1791120995.2357,4960,1272,55531,306000000,1728000
1791120995.2858,4960,1272,55625,306000000,1728000
1791120995.3359,4960,1264,55562,306000000,1728000
1791120995.3860,4960,1264,55625,306000000,1728000
1791120995.4360,4960,1264,55562,306000000,1728000
1791120995.4861,4960,1248,55531,306000000,1728000
1791120995.5362,4960,1248,55562,306000000,1728000
1791120995.5863,4960,1256,55531,306000000,1728000
1791120995.6364,4960,1248,55531,306000000,1728000
1791120995.6864,4960,1248,55562,306000000,1728000
1791120995.7365,4960,1256,55687,306000000,1728000
1791120995.7866,4960,1264,55562,306000000,1728000
1791120995.8367,4960,1264,55625,306000000,1728000
1791120995.8869,4960,1264,55500,306000000,1113600
1791120995.9370,4960,1264,55531,306000000,1728000
1791120995.9870,4960,1256,55468,306000000,1728000
1791120996.0371,4960,1256,55593,306000000,1728000
1791120996.0872,4960,1248,55593,306000000,1728000
1791120996.1373,4960,1248,55531,306000000,1728000
1791120996.1874,4960,1248,55656,306000000,1728000
1791120996.2374,4960,1248,55531,306000000,1728000
1791120996.2875,4960,1248,55625,306000000,1190400
1791120996.3376,4960,1256,55531,306000000,1497600
1791120996.3877,4960,1256,55562,306000000,1728000
1791120996.4378,4960,1256,55531,306000000,1728000
1791120996.4879,4960,1248,55562,306000000,1728000
1791120996.5380,4960,1248,55531,306000000,1728000
1791120996.5880,4960,1248,55531,306000000,1728000
1791120996.6381,4960,1248,55625,306000000,1728000
1791120996.6882,4960,1248,55531,306000000,1728000
1791120996.7383,4960,1248,55625,306000000,1728000
1791120996.7884,4960,1248,55531,306000000,1728000
1791120996.8385,4968,1248,55562,306000000,1728000
1791120996.8886,4960,1256,55468,306000000,1728000
1791120996.9387,4960,1272,55562,306000000,1728000
1791120996.9888,4960,1264,55531,306000000,1728000
1791120997.0388,4960,1272,55593,306000000,1728000
1791120997.0889,4960,1272,55687,306000000,1728000
1791120997.1390,4960,1264,55562,306000000,1728000
1791120997.1891,4960,1264,55625,306000000,1728000
1791120997.2392,4960,1264,55531,306000000,1728000
1791120997.2893,4960,1264,55562,306000000,1728000
1791120997.3394,4960,1264,55437,306000000,1728000
1791120997.3894,4960,1256,55593,306000000,1728000
1791120997.4395,4960,1272,55437,306000000,1728000
1791120997.4896,4960,1272,55531,306000000,1728000
1791120997.5397,4960,1264,55687,306000000,1728000
1791120997.5898,4960,1272,55500,306000000,1728000
1791120997.6399,4960,1264,55625,306000000,1728000
1791120997.6900,4960,1256,55531,306000000,1728000
1791120997.7400,4960,1256,55656,306000000,1728000
1791120997.7901,4968,1248,55531,306000000,1728000
1791120997.8402,4960,1256,55562,306000000,1728000
1791120997.8903,4960,1256,55468,306000000,1728000
1791120997.9404,4960,1256,55562,306000000,1728000
1791120997.9905,4960,1264,55437,306000000,1728000
1791120998.0406,4960,1280,55531,306000000,1728000
1791120998.0907,4960,1272,55656,306000000,1728000
1791120998.1407,4960,1272,55562,306000000,1728000
1791120998.1908,4960,1272,55593,306000000,1728000
1791120998.2409,4960,1264,55531,306000000,1728000
1791120998.2910,4968,1256,55593,306000000,1728000
1791120998.3411,4968,1256,55531,306000000,1728000
1791120998.3912,4968,1256,55531,306000000,1728000
1791120998.4412,4968,1256,55656,306000000,1728000
1791120998.4913,4960,1256,55531,306000000,1728000
1791120998.5414,4960,1256,55593,306000000,1728000
1791120998.5915,4960,1272,55500,306000000,1728000
1791120998.6416,4960,1272,55656,306000000,1728000
1791120998.6917,4960,1264,55468,306000000,1728000
1791120998.7417,4960,1264,55531,306000000,1728000
1791120998.7918,4960,1264,55468,306000000,1728000
1791120998.8419,4960,1264,55531,306000000,1728000
1791120998.8920,4960,1264,55500,306000000,1728000
1791120998.9421,4968,1256,55531,306000000,1728000
1791120998.9922,4960,1264,55625,306000000,1728000
1791120999.0423,4960,1256,55500,306000000,1728000
1791120999.0923,4960,1256,55656,306000000,1728000
1791120999.1425,4960,1264,55500,306000000,1728000
1791120999.1926,4968,1264,55562,306000000,1728000
1791120999.2426,4960,1264,55468,306000000,1728000
1791120999.2927,4960,1264,55593,306000000,1728000
1791120999.3428,4960,1264,55531,306000000,1728000
1791120999.3929,4968,1256,55531,306000000,1728000
1791120999.4430,4960,1264,55625,306000000,1728000
1791120999.4931,4960,1264,55531,306000000,1728000
1791120999.5431,4960,1264,55625,306000000,1728000
1791120999.5932,4968,1248,55500,306000000,1728000
1791120999.6433,4960,1256,55531,306000000,1190400
1791120999.6934,4960,1272,55468,306000000,1728000
1791120999.7435,4960,1264,55562,306000000,1728000
1791120999.7936,4960,1264,55500,306000000,1728000
1791120999.8436,4960,1264,55593,306000000,1728000
1791120999.8937,4960,1256,55656,306000000,1728000
1791120999.9438,4960,1256,55531,306000000,1728000
1791120999.9939,4960,1256,55625,306000000,1728000
1791121000.0440,4960,1256,55531,306000000,1728000
1791121000.0941,4960,1256,55531,306000000,1728000
1791121000.1442,4960,1256,55531,306000000,1728000
1791121000.1943,4968,1248,55531,306000000,1728000
1791121000.2444,4960,1264,55531,306000000,1728000
1791121000.2944,4960,1264,55500,306000000,1728000
1791121000.3445,4960,1264,55656,306000000,1728000
1791121000.3946,4960,1256,55531,306000000,1728000
1791121000.4447,4960,1256,55625,306000000,1728000
1791121000.4948,4960,1256,55531,306000000,1728000
1791121000.5449,4960,1248,55562,306000000,1728000
1791121000.5949,4960,1248,55531,306000000,1728000
1791121000.6450,4968,1248,55562,306000000,1728000
1791121000.6951,4968,1248,55437,306000000,1728000
1791121000.7452,4968,1248,55531,306000000,1728000
1791121000.7953,4960,1248,55531,306000000,1190400
1791121000.8454,4960,1256,55500,306000000,1728000
1791121000.8955,4960,1256,55625,306000000,1036800
1791121000.9456,4968,1256,55468,306000000,1728000
1791121000.9957,4968,1256,55562,306000000,1728000
1791121001.0458,4960,1256,55531,306000000,1728000
1791121001.0959,4960,1256,55531,306000000,1728000
1791121001.1459,4960,1256,55468,306000000,1728000
1791121001.1960,4960,1256,55531,306000000,1728000
1791121001.2461,4960,1248,55625,306000000,1728000
1791121001.2962,4968,1248,55562,306000000,1728000
1791121001.3463,4960,1256,55656,306000000,1728000
1791121001.3964,4960,1264,55437,306000000,1728000
1791121001.4465,4960,1272,55562,306000000,1728000
1791121001.4966,4960,1256,55406,306000000,1728000
1791121001.5467,4960,1264,55531,306000000,1728000
1791121001.5967,4960,1264,55500,306000000,1728000
1791121001.6468,4960,1256,55531,306000000,1728000
1791121001.6969,4960,1256,55468,306000000,1728000
1791121001.7470,4968,1248,55531,306000000,1728000
1791121001.7971,4968,1248,55593,306000000,1728000
1791121001.8472,4968,1248,55531,306000000,1728000
1791121001.8973,4968,1248,55656,306000000,1728000
1791121001.9474,4960,1264,55468,306000000,1728000
1791121001.9975,4960,1264,55531,306000000,1728000
1791121002.0476,4960,1264,55531,306000000,1728000
1791121002.0977,4960,1264,55500,306000000,1728000
1791121002.1478,4960,1264,55468,306000000,1728000
1791121002.1978,4968,1256,55531,306000000,1728000
1791121002.2479,4960,1256,55718,306000000,1728000
1791121002.2980,4960,1256,55562,306000000,1728000
1791121002.3481,4960,1248,55656,306000000,1728000
1791121002.3982,4960,1248,55500,306000000,1728000
1791121002.4483,4968,1248,55562,306000000,1728000
1791121002.4984,4960,1256,55531,306000000,1497600
1791121002.5484,4960,1256,55593,306000000,1728000
1791121002.5985,4960,1256,55468,306000000,1728000
1791121002.6486,4960,1256,55593,306000000,1728000
1791121002.6987,4968,1248,55593,306000000,1728000
1791121002.7488,4968,1240,55437,306000000,1728000
1791121002.7989,4960,1248,55656,306000000,1728000
1791121002.8490,4960,1248,55531,306000000,1728000
1791121002.8991,4960,1256,55562,306000000,1728000
1791121002.9491,4960,1256,55468,306000000,1728000
1791121002.9992,4960,1256,55531,306000000,1728000
1791121003.0493,4960,1272,55531,306000000,1728000
1791121003.0994,4960,1272,55500,306000000,1728000
1791121003.1495,4960,1272,55593,306000000,1728000
1791121003.1996,4960,1264,55531,306000000,1728000
1791121003.2497,4960,1264,55625,306000000,1728000
1791121003.2998,4960,1256,55500,306000000,1728000
1791121003.3499,4968,1248,55562,306000000,1728000
1791121003.3999,4968,1248,55531,306000000,1728000
1791121003.4500,4968,1240,55562,306000000,1728000
1791121003.5001,4968,1240,55500,306000000,1728000
1791121003.5502,4968,1240,55531,306000000,1728000
1791121003.6003,4960,1256,55468,306000000,1728000
1791121003.6504,4960,1272,55531,306000000,1728000
1791121003.7004,4960,1288,55656,306000000,1728000
1791121003.7505,4960,1296,55437,306000000,1728000
1791121003.8006,4960,1304,55531,306000000,1728000
1791121003.8507,4960,1296,55531,306000000,1728000
1791121003.9008,4960,1296,55562,306000000,1728000
1791121003.9509,4960,1288,55500,306000000,1728000
1791121004.0010,4960,1288,55531,306000000,1728000
1791121004.0510,4960,1280,55531,306000000,1728000
1791121004.1011,4960,1280,55562,306000000,1728000
1791121004.1512,4960,1304,55562,306000000,1728000
1791121004.2013,4960,1304,55531,306000000,1728000
1791121004.2514,4960,1296,55625,306000000,1728000
1791121004.3015,4960,1288,55531,306000000,1728000
1791121004.3516,4960,1288,55593,306000000,1728000
1791121004.4017,4960,1280,55531,306000000,1728000
1791121004.4517,4960,1272,55531,306000000,1728000
1791121004.5018,4960,1272,55468,306000000,1728000
1791121004.5519,4960,1264,55531,306000000,1728000
1791121004.6020,4960,1264,55656,306000000,1728000
1791121004.6520,4960,1256,55500,306000000,1728000
1791121004.7021,4960,1264,55593,306000000,1728000
1791121004.7522,4960,1272,55562,306000000,1728000
1791121004.8023,4960,1264,55500,306000000,1728000
1791121004.8524,4960,1264,55468,306000000,1728000
1791121004.9025,4960,1256,55531,306000000,1728000
1791121004.9526,4960,1256,55531,306000000,1728000
1791121005.0027,4960,1256,55500,306000000,1728000
1791121005.0528,4960,1256,55562,306000000,1728000
1791121005.1029,4960,1256,55531,306000000,1728000
1791121005.1530,4960,1256,55593,306000000,1728000
1791121005.2031,4960,1256,55500,306000000,1728000
1791121005.2532,4960,1264,55531,306000000,1267200
1791121005.3033,4960,1272,55437,306000000,883200
1791121005.3534,4960,1264,55531,306000000,1728000
1791121005.4034,4960,1272,55437,306000000,1728000
1791121005.4535,4960,1272,55531,306000000,1728000
1791121005.5036,4960,1272,55531,306000000,1728000
1791121005.5537,4960,1264,55531,306000000,1728000
1791121005.6038,4960,1256,55625,306000000,1728000
1791121005.6539,4960,1248,55562,306000000,1728000
1791121005.7039,4960,1248,55562,306000000,1728000
1791121005.7540,4960,1248,55468,306000000,1728000
1791121005.8041,4960,1256,55531,306000000,1728000
1791121005.8542,4960,1272,55468,306000000,1344000
1791121005.9043,4960,1272,55562,306000000,1728000
1791121005.9543,4960,1264,55625,306000000,1728000
1791121006.0044,4960,1264,55531,306000000,1728000
1791121006.0545,4960,1256,55625,306000000,1728000
1791121006.1046,4960,1256,55562,306000000,1728000
1791121006.1547,4960,1256,55625,306000000,1267200
1791121006.2048,4960,1256,55531,306000000,1728000
1791121006.2549,4960,1256,55531,306000000,1728000
1791121006.3050,4960,1256,55406,306000000,1728000
1791121006.3550,4960,1256,55531,306000000,1728000
1791121006.4051,4960,1264,55531,306000000,1728000
1791121006.4553,4960,1264,55531,306000000,1728000
1791121006.5053,4960,1264,55593,306000000,1728000
1791121006.5554,4960,1264,55468,306000000,1728000
1791121006.6055,4960,1264,55562,306000000,1728000
1791121006.6556,4960,1256,55531,306000000,1728000
1791121006.7057,4960,1256,55593,306000000,1728000
1791121006.7558,4960,1256,55500,306000000,1728000
1791121006.8058,4960,1256,55593,306000000,1728000
1791121006.8559,4960,1248,55562,306000000,1728000
1791121006.9060,4960,1248,55531,306000000,1728000
1791121006.9561,4960,1256,55593,306000000,1728000
1791121007.0062,4960,1264,55531,306000000,1728000
1791121007.0563,4960,1264,55562,306000000,1728000
1791121007.1064,4960,1256,55468,306000000,1728000
1791121007.1564,4960,1256,55593,306000000,1728000
1791121007.2065,4960,1256,55531,306000000,1728000
1791121007.2566,4960,1256,55531,306000000,1728000
1791121007.3067,4960,1248,55468,306000000,1728000
1791121007.3568,4960,1248,55437,306000000,1728000
1791121007.4069,4960,1256,55625,306000000,1728000
1791121007.4570,4968,1248,55468,306000000,1728000
1791121007.5071,4960,1248,55531,306000000,1728000
1791121007.5572,4960,1256,55531,306000000,1728000
1791121007.6073,4960,1256,55562,306000000,1728000
1791121007.6574,4960,1256,55375,306000000,1728000
1791121007.7074,4960,1256,55531,306000000,1728000
1791121007.7575,4960,1256,55500,306000000,1728000
1791121007.8076,4960,1248,55500,306000000,1728000
1791121007.8577,4960,1248,55593,306000000,1728000
1791121007.9078,4968,1248,55406,306000000,1728000
1791121007.9579,4968,1240,55656,306000000,1728000
1791121008.0079,4968,1240,55437,306000000,1728000
1791121008.0580,4960,1248,55562,306000000,1728000
1791121008.1081,4960,1256,55500,306000000,1728000
1791121008.1582,4960,1256,55531,306000000,1728000
1791121008.2083,4960,1264,55468,306000000,1728000
1791121008.2584,4960,1256,55468,306000000,1728000
1791121008.3085,4960,1264,55531,306000000,1728000
1791121008.3586,4960,1264,55406,306000000,1728000
1791121008.4087,4960,1256,55562,306000000,1728000
1791121008.4588,4960,1256,55468,306000000,1728000
1791121008.5089,4960,1256,55531,306000000,1728000
1791121008.5590,4960,1256,55437,306000000,1728000
1791121008.6091,4960,1256,55531,306000000,1728000
1791121008.6592,4960,1272,55468,306000000,1728000
1791121008.7092,4960,1264,55500,306000000,1728000
1791121008.7593,4960,1264,55656,306000000,1728000
1791121008.8094,4960,1264,55437,306000000,1728000
1791121008.8595,4960,1256,55531,306000000,883200
1791121008.9096,4960,1256,55375,306000000,1728000
1791121008.9597,4960,1248,55500,306000000,1728000
1791121009.0097,4960,1248,55437,306000000,1728000
1791121009.0598,4960,1248,55468,306000000,1728000
1791121009.1099,4960,1248,55500,306000000,1728000
1791121009.1600,4960,1256,55468,306000000,1728000
1791121009.2101,4960,1264,55625,306000000,1728000
1791121009.2602,4960,1272,55437,306000000,1728000
1791121009.3103,4960,1264,55562,306000000,1728000
1791121009.3604,4960,1264,55500,306000000,1728000
1791121009.4105,4960,1256,55593,306000000,1728000
1791121009.4605,4960,1256,55500,306000000,1728000
1791121009.5106,4968,1256,55531,306000000,1728000
1791121009.5607,4960,1248,55468,306000000,1728000
1791121009.6108,4960,1248,55531,306000000,1728000
1791121009.6609,4960,1256,55593,306000000,1728000
1791121009.7110,4968,1248,55531,306000000,1728000
1791121009.7611,4960,1264,55593,306000000,1728000
1791121009.8112,4960,1264,55500,306000000,1728000
1791121009.8622,4960,1256,55625,306000000,1728000
1791121009.9123,4960,1256,55500,306000000,1728000
1791121009.9623,4960,1256,55562,306000000,1728000
1791121010.0124,4968,1248,55468,306000000,1728000
1791121010.0625,4968,1248,55531,306000000,1728000
1791121010.1126,4960,1248,55437,306000000,1728000
1791121010.1627,4960,1248,55500,306000000,1728000
1791121010.2127,4960,1248,55406,306000000,1728000
1791121010.2628,4960,1256,55406,306000000,1190400
1791121010.3129,4960,1272,55562,306000000,1728000
1791121010.3631,4960,1272,55406,306000000,1728000
1791121010.4132,4960,1264,55593,306000000,1728000
1791121010.4633,4960,1256,55468,306000000,1728000
1791121010.5133,4960,1256,55500,306000000,1728000
1791121010.5634,4960,1256,55406,306000000,1728000
1791121010.6135,4960,1256,55500,306000000,1728000
1791121010.6636,4968,1248,55406,306000000,1728000
1791121010.7137,4968,1248,55468,306000000,1728000
1791121010.7637,4960,1248,55593,306000000,1728000
1791121010.8138,4968,1256,55437,306000000,1728000
1791121010.8639,4960,1264,55531,306000000,1728000
1791121010.9140,4960,1256,55468,306000000,1728000
1791121010.9641,4960,1256,55531,306000000,1728000
1791121011.0142,4960,1256,55343,306000000,1728000
1791121011.0643,4960,1256,55500,306000000,1728000
1791121011.1143,4960,1256,55406,306000000,1728000
1791121011.1645,4960,1248,55531,306000000,1728000
1791121011.2145,4960,1256,55562,306000000,1728000
1791121011.2646,4960,1256,55406,306000000,1728000
1791121011.3147,4960,1256,55656,306000000,960000
1791121011.3648,4968,1248,55500,306000000,1728000
1791121011.4149,4960,1256,55562,306000000,1728000
1791121011.4650,4960,1272,55500,306000000,1728000
1791121011.5151,4960,1264,55468,306000000,1728000
1791121011.5651,4960,1264,55406,306000000,1728000
1791121011.6152,4960,1264,55531,306000000,1728000
1791121011.6653,4960,1264,55562,306000000,1728000
1791121011.7154,4960,1256,55406,306000000,1728000
1791121011.7655,4960,1256,55593,306000000,1728000
1791121011.8155,4968,1256,55468,306000000,1728000
1791121011.8656,4968,1256,55500,306000000,1728000
1791121011.9157,4968,1248,55406,306000000,1728000
1791121011.9658,4968,1256,55562,306000000,1728000
1791121012.0159,4960,1264,55468,306000000,1728000
1791121012.0659,4960,1264,55500,306000000,1728000
1791121012.1160,4960,1256,55593,306000000,1728000
1791121012.1661,4968,1256,55468,306000000,1728000
1791121012.2162,4968,1256,55656,306000000,1728000
1791121012.2663,4968,1256,55500,306000000,1728000
1791121012.3164,4960,1256,55562,306000000,1728000
1791121012.3665,4960,1256,55406,306000000,1728000
1791121012.4166,4960,1256,55500,306000000,1728000
1791121012.4667,4960,1248,55500,306000000,1728000
1791121012.5168,4960,1256,55531,306000000,1728000
1791121012.5669,4960,1272,55437,306000000,1497600
1791121012.6169,4960,1264,55468,306000000,1728000
1791121012.6671,4960,1272,55531,306000000,1728000
1791121012.7171,4960,1264,55437,306000000,1728000
1791121012.7672,4960,1256,55625,306000000,1728000
1791121012.8173,4960,1256,55406,306000000,1728000
1791121012.8674,4968,1256,55500,306000000,1728000
1791121012.9175,4968,1256,55437,306000000,1728000
1791121012.9676,4960,1256,55500,306000000,1728000
1791121013.0177,4960,1256,55625,306000000,1728000
1791121013.0677,4960,1256,55437,306000000,1728000
1791121013.1178,4960,1256,55562,306000000,1728000
1791121013.1679,4960,1264,55437,306000000,1728000
1791121013.2180,4960,1264,55562,306000000,1728000
1791121013.2681,4960,1264,55468,306000000,1728000
1791121013.3182,4960,1264,55531,306000000,1728000
1791121013.3683,4960,1264,55406,306000000,1728000
1791121013.4184,4960,1264,55562,306000000,1728000
1791121013.4685,4960,1256,55406,306000000,1728000
1791121013.5186,4960,1256,55500,306000000,1728000
1791121013.5686,4960,1256,55562,306000000,1728000
1791121013.6187,4960,1256,55437,306000000,1728000
1791121013.6688,4960,1272,55593,306000000,1728000
1791121013.7189,4960,1272,55500,306000000,1728000
1791121013.7690,4960,1272,55531,306000000,1728000
1791121013.8191,4960,1272,55468,306000000,1728000
1791121013.8692,4960,1264,55531,306000000,1728000
1791121013.9193,4960,1264,55437,306000000,1728000
1791121013.9693,4960,1264,55468,306000000,1728000
1791121014.0194,4960,1264,55562,306000000,1728000
1791121014.0695,4960,1256,55468,306000000,1728000
1791121014.1196,4960,1256,55531,306000000,1728000
1791121014.1697,4960,1248,55468,306000000,1728000
1791121014.2198,4960,1256,55562,306000000,1728000
1791121014.2699,4960,1264,55312,306000000,1728000
1791121014.3200,4960,1264,55531,306000000,1728000
1791121014.3701,4960,1256,55406,306000000,1728000
1791121014.4202,4960,1264,55531,306000000,1728000
1791121014.4703,4960,1264,55562,306000000,1728000
1791121014.5204,4960,1264,55406,306000000,1728000
1791121014.5704,4960,1256,55562,306000000,1728000
1791121014.6205,4960,1248,55500,306000000,1728000
1791121014.6706,4960,1248,55531,306000000,1728000
1791121014.7207,4968,1248,55437,306000000,1728000
1791121014.7708,4960,1256,55531,306000000,1267200
1791121014.8209,4960,1272,55375,306000000,1728000
1791121014.8710,4960,1272,55531,306000000,1728000
1791121014.9210,4960,1264,55625,306000000,1728000
1791121014.9711,4960,1264,55500,306000000,1728000
1791121015.0212,4960,1264,55531,306000000,1728000
1791121015.0713,4960,1264,55468,306000000,1728000
1791121015.1214,4960,1264,55562,306000000,1728000
1791121015.1714,4960,1256,55437,306000000,1728000
1791121015.2215,4968,1248,55437,306000000,1728000
1791121015.2716,4960,1248,55343,306000000,1728000
1791121015.3217,4960,1256,55468,306000000,1728000
1791121015.3718,4960,1272,55406,306000000,1728000
1791121015.4219,4960,1280,55500,306000000,1728000
1791121015.4719,4960,1272,55531,306000000,1728000
1791121015.5220,4960,1264,55437,306000000,1728000
1791121015.5721,4960,1264,55562,306000000,1728000
1791121015.6222,4960,1256,55406,306000000,1728000
1791121015.6723,4960,1256,55437,306000000,1728000
1791121015.7224,4968,1248,55437,306000000,1728000
1791121015.7724,4960,1248,55531,306000000,1728000
1791121015.8225,4968,1240,55531,306000000,1728000
1791121015.8726,4968,1240,55437,306000000,1728000
1791121015.9227,4960,1256,55531,306000000,1728000
1791121015.9728,4960,1264,55500,306000000,1728000
1791121016.0228,4960,1280,55593,306000000,1728000
1791121016.0729,4960,1288,55406,306000000,1728000
1791121016.1230,4960,1296,55468,306000000,1728000
1791121016.1731,4960,1304,55406,306000000,1728000
1791121016.2232,4960,1304,55500,306000000,1728000
1791121016.2746,4960,1296,55500,306000000,1728000
1791121016.3247,4960,1304,55468,306000000,960000
1791121016.3748,4960,1296,55500,306000000,1728000
1791121016.4249,4960,1296,55500,306000000,1190400
1791121016.4750,4960,1304,55562,306000000,1344000
1791121016.5251,4960,1304,55437,306000000,1728000
1791121016.5752,4960,1304,55531,306000000,1728000
1791121016.6253,4960,1304,55406,306000000,1728000
1791121016.6754,4960,1296,55437,306000000,1728000
1791121016.7255,4960,1288,55375,306000000,1728000
1791121016.7755,4960,1288,55500,306000000,806400
1791121016.8256,4960,1280,55406,306000000,1728000
1791121016.8757,4960,1280,55531,306000000,1728000
1791121016.9258,4960,1264,55468,306000000,1728000
1791121016.9759,4960,1264,55437,306000000,1728000
1791121017.0260,4960,1264,55312,306000000,1420800
1791121017.0761,4960,1280,55531,306000000,1728000
1791121017.1262,4960,1280,55562,306000000,1728000
1791121017.1762,4960,1272,55375,306000000,1728000
1791121017.2263,4960,1280,55500,306000000,1728000
1791121017.2764,4960,1280,55375,306000000,1728000
1791121017.3265,4960,1272,55500,306000000,1728000
1791121017.3766,4960,1272,55531,306000000,1728000
1791121017.4267,4960,1272,55468,306000000,1728000
1791121017.4768,4960,1272,55531,306000000,1728000
1791121017.5269,4960,1272,55468,306000000,1728000
1791121017.5770,4960,1272,55531,306000000,1728000
1791121017.6271,4960,1280,55468,306000000,729600
1791121017.6771,4960,1272,55531,306000000,1728000
1791121017.7272,4960,1272,55468,306000000,1728000
1791121017.7773,4960,1264,55468,306000000,1728000
1791121017.8274,4960,1264,55531,306000000,1728000
1791121017.8774,4960,1256,55437,306000000,1728000
1791121017.9275,4960,1256,55593,306000000,1728000
1791121017.9776,4960,1256,55468,306000000,1728000
1791121018.0277,4960,1264,55500,306000000,1728000
1791121018.0778,4960,1256,55406,306000000,1728000
1791121018.1278,4960,1256,55500,306000000,1728000
1791121018.1779,4960,1264,55375,306000000,1728000
1791121018.2280,4960,1264,55531,306000000,1728000
1791121018.2781,4960,1256,55468,306000000,1728000
1791121018.3282,4960,1264,55437,306000000,1728000
1791121018.3783,4960,1256,55531,306000000,1728000
1791121018.4284,4960,1256,55437,306000000,1728000
1791121018.4785,4960,1264,55562,306000000,1728000
1791121018.5286,4960,1264,55406,306000000,1728000
1791121018.5787,4960,1256,55500,306000000,1728000
1791121018.6287,4960,1256,55406,306000000,1728000
1791121018.6788,4968,1256,55468,306000000,1728000
1791121018.7289,4960,1272,55375,306000000,1728000
1791121018.7790,4960,1264,55437,306000000,1728000
1791121018.8291,4960,1264,55500,306000000,1728000
1791121018.8792,4960,1264,55437,306000000,1728000
1791121018.9293,4960,1256,55562,306000000,1728000
1791121018.9793,4960,1256,55500,306000000,1728000
1791121019.0294,4960,1256,55500,306000000,1728000
1791121019.0795,4960,1256,55375,306000000,1728000
1791121019.1296,4960,1256,55562,306000000,1728000
1791121019.1797,4968,1256,55406,306000000,1728000
1791121019.2297,4968,1248,55437,306000000,1728000
1791121019.2798,4960,1256,55593,306000000,1728000
1791121019.3299,4968,1264,55531,306000000,1728000
1791121019.3800,4968,1264,55500,306000000,1728000
1791121019.4301,4968,1264,55406,306000000,1728000
1791121019.4802,4968,1264,55500,306000000,1728000
1791121019.5303,4960,1264,55375,306000000,1728000
1791121019.5804,4960,1264,55500,306000000,1728000
1791121019.6305,4960,1272,55406,306000000,1728000
1791121019.6805,4968,1264,55375,306000000,1728000
1791121019.7306,4968,1256,55531,306000000,1728000
1791121019.7807,4968,1256,55437,306000000,1728000
1791121019.8308,4968,1256,55500,306000000,1728000
1791121019.8809,4960,1264,55281,306000000,1728000
1791121019.9310,4960,1256,55406,306000000,1728000
1791121019.9810,4968,1248,55406,306000000,1728000
1791121020.0311,4960,1256,55468,306000000,1728000
1791121020.0812,4960,1256,55406,306000000,1728000
1791121020.1313,4960,1256,55500,306000000,1728000
1791121020.1814,4960,1256,55531,306000000,1728000
1791121020.2314,4960,1256,55375,306000000,1728000
1791121020.2815,4960,1248,55531,306000000,1728000
1791121020.3316,4968,1248,55406,306000000,1728000
1791121020.3817,4960,1256,55531,306000000,1728000
1791121020.4318,4960,1272,55281,306000000,1728000
1791121020.4819,4960,1264,55500,306000000,1728000
1791121020.5320,4960,1272,55406,306000000,1190400
1791121020.5821,4960,1272,55500,306000000,1728000
1791121020.6322,4960,1264,55562,306000000,1728000
1791121020.6823,4960,1264,55437,306000000,1728000
1791121020.7324,4960,1264,55500,306000000,1728000
1791121020.7825,4960,1256,55468,306000000,1728000
1791121020.8325,4968,1256,55468,306000000,1728000
1791121020.8826,4968,1256,55343,306000000,1728000
1791121020.9327,4960,1256,55468,306000000,1728000
1791121020.9828,4960,1272,55406,306000000,883200
1791121021.0329,4960,1272,55468,306000000,1728000
1791121021.0830,4960,1264,55562,306000000,1728000
1791121021.1331,4960,1264,55437,306000000,1728000
1791121021.1832,4960,1272,55531,306000000,1728000
1791121021.2333,4960,1264,55468,306000000,1728000
1791121021.2833,4968,1248,55531,306000000,1728000
1791121021.3334,4960,1256,55375,306000000,1728000
1791121021.3835,4968,1256,55437,306000000,1728000
1791121021.4336,4960,1256,55406,306000000,1728000
1791121021.4837,4960,1264,55437,306000000,1728000
1791121021.5338,4960,1272,55406,306000000,1728000
1791121021.5839,4960,1280,55468,306000000,1728000
1791121021.6340,4960,1272,55531,306000000,1728000
1791121021.6841,4960,1264,55437,306000000,1728000
1791121021.7341,4960,1264,55531,306000000,1728000
1791121021.7842,4960,1256,55312,306000000,1728000
1791121021.8343,4968,1248,55531,306000000,1728000
1791121021.8844,4960,1256,55437,306000000,1728000
1791121021.9345,4968,1248,55500,306000000,1728000
1791121021.9845,4968,1248,55406,306000000,1728000
1791121022.0346,4960,1248,55437,306000000,1728000
1791121022.0847,4960,1256,55531,306000000,1728000
1791121022.1348,4960,1264,55406,306000000,1728000
1791121022.1849,4960,1272,55531,306000000,1728000
1791121022.2350,4960,1264,55531,306000000,1728000
1791121022.2851,4960,1264,55437,306000000,1728000
1791121022.3351,4960,1264,55343,306000000,1728000
1791121022.3852,4968,1256,55468,306000000,1728000
1791121022.4353,4968,1256,55437,306000000,1728000
1791121022.4854,4968,1256,55437,306000000,1728000
1791121022.5355,4968,1248,55593,306000000,1728000
1791121022.5856,4968,1248,55406,306000000,1728000
1791121022.6357,4960,1264,55593,306000000,1728000
1791121022.6858,4960,1264,55437,306000000,1728000
1791121022.7358,4960,1264,55531,306000000,1728000
1791121022.7859,4960,1264,55406,306000000,1728000
1791121022.8360,4960,1264,55437,306000000,1728000
1791121022.8861,4960,1256,55375,306000000,1728000
1791121022.9362,4960,1256,55437,306000000,1728000
1791121022.9863,4960,1256,55343,306000000,1728000
1791121023.0363,4960,1248,55437,306000000,1728000
1791121023.0864,4960,1248,55531,306000000,1728000
1791121023.1365,4968,1248,55500,306000000,1728000
1791121023.1866,4960,1248,55500,306000000,1420800
1791121023.2367,4960,1264,55375,306000000,1728000
1791121023.2868,4960,1256,55437,306000000,1728000
1791121023.3369,4960,1256,55375,306000000,1728000
1791121023.3870,4960,1256,55500,306000000,1728000
1791121023.4371,4960,1248,55500,306000000,1728000
1791121023.4871,4960,1248,55375,306000000,1728000
1791121023.5372,4960,1248,55562,306000000,1728000
1791121023.5873,4960,1248,55406,306000000,1728000
1791121023.6374,4960,1248,55500,306000000,1728000
1791121023.6875,4960,1256,55343,306000000,1728000
1791121023.7376,4960,1256,55531,306000000,1728000
1791121023.7877,4960,1272,55406,306000000,1728000
1791121023.8378,4960,1272,55437,306000000,1728000
1791121023.8879,4960,1264,55375,306000000,1728000
1791121023.9380,4960,1264,55437,306000000,1728000
1791121023.9881,4960,1256,55593,306000000,1728000
1791121024.0382,4960,1256,55500,306000000,1728000
1791121024.0882,4960,1256,55531,306000000,1728000
1791121024.1383,4960,1248,55375,306000000,1728000
1791121024.1884,4960,1248,55468,306000000,1728000
1791121024.2385,4960,1248,55437,306000000,1728000
1791121024.2886,4960,1248,55468,306000000,1190400
1791121024.3387,4960,1264,55375,306000000,883200
1791121024.3888,4960,1264,55312,306000000,1728000
1791121024.4388,4960,1256,55531,306000000,1728000
1791121024.4889,4960,1264,55468,306000000,1728000
1791121024.5390,4960,1256,55500,306000000,1728000
1791121024.5891,4968,1256,55437,306000000,1728000
1791121024.6392,4960,1264,55468,306000000,1728000
1791121024.6893,4960,1272,55406,306000000,1728000
1791121024.7394,4960,1264,55437,306000000,1728000
1791121024.7895,4960,1256,55343,306000000,1728000
1791121024.8396,4960,1264,55406,306000000,1113600
1791121024.8897,4960,1272,55562,306000000,1728000
1791121024.9398,4960,1272,55468,306000000,1728000
1791121024.9898,4960,1264,55531,306000000,1728000
1791121025.0399,4960,1264,55437,306000000,1728000
1791121025.0900,4960,1256,55468,306000000,1728000
1791121025.1401,4960,1256,55437,306000000,1728000
1791121025.1902,4960,1256,55437,306000000,1728000
1791121025.2403,4960,1256,55343,306000000,1728000
1791121025.2903,4960,1248,55437,306000000,1728000
1791121025.3404,4968,1248,55593,306000000,1728000
1791121025.3905,4960,1256,55500,306000000,1728000
1791121025.4406,4960,1272,55500,306000000,1728000
1791121025.4907,4960,1272,55406,306000000,1728000
1791121025.5408,4960,1272,55500,306000000,1728000
1791121025.5909,4960,1264,55343,306000000,1728000
1791121025.6410,4960,1264,55312,306000000,1728000
1791121025.6911,4960,1272,55406,306000000,1728000
1791121025.7412,4960,1264,55531,306000000,1728000
1791121025.7913,4960,1264,55531,306000000,1728000
1791121025.8414,4960,1264,55375,306000000,1728000
1791121025.8915,4960,1256,55500,306000000,1728000
1791121025.9416,4960,1256,55343,306000000,1728000
1791121025.9917,4960,1264,55500,306000000,1728000
1791121026.0418,4960,1272,55343,306000000,1728000
1791121026.0918,4960,1272,55531,306000000,1728000
1791121026.1419,4960,1264,55468,306000000,1728000
1791121026.1920,4960,1256,55468,306000000,1728000
1791121026.2421,4960,1256,55593,306000000,1728000
1791121026.2922,4960,1256,55437,306000000,1728000
1791121026.3423,4960,1256,55531,306000000,1728000
1791121026.3924,4960,1256,55406,306000000,1728000
1791121026.4425,4960,1256,55531,306000000,1728000
1791121026.4926,4960,1256,55375,306000000,1728000
1791121026.5426,4960,1248,55500,306000000,1267200
1791121026.5927,4960,1264,55406,306000000,1728000
1791121026.6428,4960,1256,55437,306000000,1728000
1791121026.6929,4960,1256,55312,306000000,1190400
1791121026.7431,4960,1256,55375,306000000,1728000
1791121026.7931,4960,1256,55500,306000000,1728000
1791121026.8432,4960,1256,55375,306000000,1728000
1791121026.8933,4960,1256,55531,306000000,1728000
1791121026.9434,4960,1248,55375,306000000,1728000
1791121026.9935,4960,1248,55468,306000000,1728000
1791121027.0436,4960,1248,55406,306000000,1728000
1791121027.0936,4960,1248,55437,306000000,1728000
1791121027.1437,4960,1256,55375,306000000,1728000
1791121027.1938,4960,1256,55375,306000000,1728000
1791121027.2439,4960,1264,55531,306000000,1728000
1791121027.2940,4960,1264,55406,306000000,1728000
1791121027.3441,4960,1264,55531,306000000,1728000
1791121027.3942,4960,1256,55406,306000000,1728000
1791121027.4442,4960,1256,55437,306000000,1728000
1791121027.4943,4960,1248,55375,306000000,1728000
1791121027.5447,4968,1240,55500,306000000,1728000
1791121027.5948,4960,1248,55343,306000000,1728000
1791121027.6449,4968,1248,55468,306000000,1728000
1791121027.6950,4960,1264,55531,306000000,1344000
1791121027.7451,4960,1272,55437,306000000,1728000
1791121027.7952,4960,1264,55468,306000000,1728000
1791121027.8452,4960,1256,55343,306000000,1728000
1791121027.8953,4960,1256,55375,306000000,1728000
1791121027.9454,4960,1256,55343,306000000,1728000
1791121027.9955,4960,1256,55500,306000000,1728000
1791121028.0456,4960,1248,55406,306000000,1728000
1791121028.0956,4960,1248,55437,306000000,1728000
1791121028.1457,4968,1248,55531,306000000,1728000
1791121028.1958,4960,1248,55468,306000000,1728000
1791121028.2459,4960,1272,55531,306000000,1113600
1791121028.2960,4960,1272,55375,306000000,1728000
1791121028.3461,4960,1272,55437,306000000,1728000
1791121028.3962,4960,1264,55437,306000000,1728000
1791121028.4463,4960,1264,55437,306000000,1728000
1791121028.4964,4960,1256,55406,306000000,1728000
1791121028.5464,4960,1256,55375,306000000,1728000
1791121028.5965,4960,1256,55250,306000000,1728000
1791121028.6466,4960,1248,55343,306000000,1728000
1791121028.6967,4960,1248,55531,306000000,1728000
1791121028.7468,4960,1256,55437,306000000,1728000
1791121028.7969,4960,1272,55468,306000000,1728000
1791121028.8470,4960,1272,55406,306000000,1728000
1791121028.8971,4960,1272,55437,306000000,1728000
1791121028.9472,4960,1264,55437,306000000,1728000
1791121028.9973,4960,1264,55375,306000000,1728000
1791121029.0473,4960,1264,55375,306000000,1728000
1791121029.0974,4960,1264,55343,306000000,1728000
1791121029.1475,4960,1256,55468,306000000,1728000
1791121029.1976,4960,1256,55343,306000000,1728000
1791121029.2477,4960,1256,55531,306000000,1728000
1791121029.2978,4960,1256,55312,306000000,1728000
1791121029.3479,4960,1264,55500,306000000,1728000
1791121029.3980,4960,1272,55375,306000000,1728000
1791121029.4481,4960,1272,55531,306000000,1728000
1791121029.4981,4960,1264,55406,306000000,1728000
1791121029.5482,4960,1264,55375,306000000,1728000
1791121029.5983,4960,1256,55531,306000000,1728000
1791121029.6484,4960,1256,55406,306000000,1728000
1791121029.6985,4960,1256,55500,306000000,1728000
1791121029.7486,4960,1256,55250,306000000,1728000
1791121029.7987,4960,1256,55531,306000000,1728000
1791121029.8487,4960,1256,55343,306000000,1728000
1791121029.8989,4960,1256,55406,306000000,1190400
1791121029.9490,4960,1272,55343,306000000,960000
1791121029.9991,4960,1264,55406,306000000,1728000
1791121030.0491,4960,1264,55531,306000000,1728000
1791121030.0992,4960,1264,55375,306000000,1728000
1791121030.1493,4960,1264,55531,306000000,1728000
1791121030.1994,4960,1264,55375,306000000,1728000
1791121030.2495,4960,1264,55437,306000000,1728000
1791121030.2996,4960,1256,55343,306000000,1728000
1791121030.3497,4960,1256,55406,306000000,1728000
1791121030.3997,4960,1256,55281,306000000,1728000
1791121030.4498,4968,1248,55468,306000000,1728000
1791121030.4999,4960,1264,55375,306000000,1728000
1791121030.5500,4960,1264,55437,306000000,1728000
1791121030.6001,4960,1264,55531,306000000,1728000
1791121030.6502,4960,1264,55343,306000000,1728000
1791121030.7003,4960,1264,55500,306000000,1728000
1791121030.7504,4960,1256,55343,306000000,1728000
1791121030.8005,4960,1264,55437,306000000,1728000
1791121030.8506,4960,1256,55343,306000000,1728000
1791121030.9007,4960,1264,55343,306000000,1728000
1791121030.9508,4960,1264,55531,306000000,1728000
1791121031.0008,4960,1264,55375,306000000,1728000
1791121031.0509,4960,1272,55531,306000000,1267200
1791121031.1010,4960,1272,55375,306000000,1728000
1791121031.1511,4960,1272,55468,306000000,1728000
1791121031.2012,4960,1264,55312,306000000,1728000
1791121031.2513,4960,1256,55406,306000000,1728000
1791121031.3014,4960,1264,55406,306000000,1728000
1791121031.3515,4960,1264,55312,306000000,1728000
1791121031.4016,4960,1256,55343,306000000,1728000
1791121031.4517,4960,1256,55343,306000000,1728000
1791121031.5017,4968,1256,55500,306000000,1728000
1791121031.5518,4968,1256,55375,306000000,1728000
1791121031.6019,4960,1264,55531,306000000,1497600
1791121031.6520,4960,1264,55406,306000000,1728000
1791121031.7021,4960,1264,55437,306000000,1728000
1791121031.7522,4968,1264,55375,306000000,1728000
1791121031.8023,4968,1256,55437,306000000,1728000
1791121031.8524,4960,1264,55375,306000000,1728000
1791121031.9025,4968,1248,55343,306000000,1728000
1791121031.9526,4968,1256,55500,306000000,1728000
1791121032.0026,4960,1256,55468,306000000,1728000
1791121032.0527,4960,1256,55468,306000000,1728000
1791121032.1028,4968,1256,55375,306000000,1728000
1791121032.1529,4960,1288,55406,306000000,1728000
1791121032.2030,4960,1304,55375,306000000,1728000
1791121032.2531,4960,1312,55406,306000000,1728000
1791121032.3032,4960,1312,55343,306000000,1728000
1791121032.3533,4960,1304,55406,306000000,1728000
1791121032.4033,4960,1304,55500,306000000,1728000
1791121032.4534,4960,1304,55375,306000000,1728000
1791121032.5035,4960,1296,55500,306000000,1728000
1791121032.5536,4960,1288,55343,306000000,1728000
1791121032.6036,4960,1288,55437,306000000,1728000
1791121032.6537,4960,1280,55375,306000000,1728000
1791121032.7038,4960,1280,55343,306000000,1728000
1791121032.7539,4960,1288,55312,306000000,960000
1791121032.8040,4960,1288,55500,306000000,1728000
1791121032.8541,4960,1280,55531,306000000,1190400
1791121032.9042,4960,1280,55406,306000000,1728000
1791121032.9543,4960,1272,55468,306000000,1728000
1791121033.0044,4960,1272,55375,306000000,1728000
1791121033.0544,4960,1264,55500,306000000,1728000
1791121033.1045,4960,1256,55343,306000000,1728000
1791121033.1546,4960,1248,55437,306000000,1728000
1791121033.2047,4960,1248,55375,306000000,1728000
1791121033.2548,4960,1248,55437,306000000,1190400
1791121033.3049,4960,1264,55531,306000000,1728000
1791121033.3549,4960,1264,55281,306000000,1728000
1791121033.4050,4960,1264,55531,306000000,1728000
1791121033.4551,4960,1264,55312,306000000,1728000
1791121033.5052,4960,1264,55468,306000000,1728000
1791121033.5553,4960,1256,55343,306000000,1728000
1791121033.6054,4960,1256,55437,306000000,1728000
1791121033.6554,4960,1248,55312,306000000,1728000
1791121033.7055,4960,1256,55375,306000000,1728000
1791121033.7556,4968,1248,55500,306000000,1728000
1791121033.8057,4960,1248,55406,306000000,1728000
1791121033.8558,4960,1256,55500,306000000,1728000
1791121033.9059,4960,1272,55437,306000000,1728000
1791121033.9560,4960,1272,55468,306000000,1728000
1791121034.0061,4960,1264,55343,306000000,1728000
1791121034.0562,4960,1264,55468,306000000,1728000
1791121034.1063,4960,1264,55406,306000000,1728000
1791121034.1564,4960,1256,55468,306000000,1728000
1791121034.2064,4960,1256,55375,306000000,1728000
1791121034.2565,4960,1256,55343,306000000,1728000
1791121034.3066,4960,1256,55531,306000000,1728000
1791121034.3567,4968,1248,55406,306000000,1728000
1791121034.4068,4960,1256,55531,306000000,1728000
1791121034.4569,4960,1264,55312,306000000,1728000
1791121034.5070,4960,1264,55406,306000000,1728000
1791121034.5571,4960,1256,55281,306000000,1728000
1791121034.6072,4960,1248,55437,306000000,1728000
1791121034.6572,4960,1256,55375,306000000,1728000
1791121034.7073,4960,1256,55437,306000000,1728000
1791121034.7574,4960,1248,55500,306000000,1728000
1791121034.8075,4968,1248,55406,306000000,1728000
1791121034.8576,4960,1248,55531,306000000,1728000
1791121034.9077,4960,1256,55375,306000000,1728000
1791121034.9578,4960,1272,55437,306000000,1728000
1791121035.0079,4960,1272,55312,306000000,1728000
1791121035.0580,4960,1272,55468,306000000,1728000
1791121035.1080,4960,1264,55437,306000000,1728000
1791121035.1581,4960,1256,55437,306000000,1728000
1791121035.2082,4960,1264,55531,306000000,1728000
1791121035.2583,4960,1256,55375,306000000,1728000
1791121035.3084,4960,1256,55500,306000000,1728000
1791121035.3584,4968,1248,55343,306000000,1728000
1791121035.4085,4968,1248,55500,306000000,1728000
1791121035.4586,4968,1240,55312,306000000,1728000
1791121035.5087,4968,1248,55437,306000000,1728000
1791121035.5588,4960,1256,55375,306000000,1728000
1791121035.6089,4960,1256,55437,306000000,1728000
1791121035.6590,4960,1248,55531,306000000,1728000
1791121035.7091,4960,1248,55406,306000000,1728000
1791121035.7592,4960,1248,55500,306000000,1728000
1791121035.8093,4960,1248,55343,306000000,1728000
1791121035.8594,4960,1248,55468,306000000,1728000
1791121035.9094,4960,1248,55312,306000000,1728000
1791121035.9595,4960,1256,55500,306000000,1728000
1791121036.0096,4960,1256,55312,306000000,1728000
1791121036.0597,4960,1264,55343,306000000,1267200
1791121036.1098,4960,1272,55312,306000000,1728000
1791121036.1599,4960,1272,55406,306000000,1728000
1791121036.2100,4960,1264,55468,306000000,1728000
1791121036.2601,4960,1264,55312,306000000,1728000
1791121036.3102,4960,1264,55437,306000000,1728000
1791121036.3603,4960,1256,55406,306000000,1728000
1791121036.4104,4960,1256,55406,306000000,1728000
1791121036.4604,4960,1248,55312,306000000,1728000
1791121036.5105,4960,1248,55468,306000000,1728000
1791121036.5606,4960,1248,55468,306000000,1728000
1791121036.6107,4960,1240,55375,306000000,1190400
1791121036.6608,4960,1256,55500,306000000,1728000
1791121036.7109,4960,1256,55375,306000000,1728000
1791121036.7610,4960,1256,55468,306000000,1728000
1791121036.8110,4960,1256,55343,306000000,1728000
1791121036.8611,4960,1248,55468,306000000,1728000
1791121036.9112,4960,1248,55343,306000000,1728000
1791121036.9613,4960,1248,55375,306000000,1728000
1791121037.0114,4960,1256,55312,306000000,1728000
1791121037.0615,4960,1248,55375,306000000,1728000
1791121037.1116,4960,1248,55531,306000000,1728000
1791121037.1617,4960,1248,55343,306000000,1728000
1791121037.2118,4960,1264,55437,306000000,1728000
1791121037.2618,4960,1264,55375,306000000,1728000
1791121037.3119,4960,1256,55468,306000000,1728000
1791121037.3620,4960,1256,55312,306000000,1728000
1791121037.4121,4968,1256,55531,306000000,1728000
1791121037.4622,4960,1248,55281,306000000,1728000
1791121037.5123,4960,1256,55343,306000000,1728000
1791121037.5624,4960,1256,55531,306000000,1728000
1791121037.6124,4968,1248,55375,306000000,1728000
1791121037.6625,4960,1248,55437,306000000,1728000
1791121037.7126,4960,1256,55281,306000000,1728000
1791121037.7627,4960,1264,55437,306000000,1728000
1791121037.8128,4960,1272,55312,306000000,1728000
1791121037.8629,4960,1272,55406,306000000,1728000
1791121037.9130,4960,1264,55218,306000000,1728000
1791121037.9631,4960,1256,55312,306000000,1728000
1791121038.0132,4960,1264,55531,306000000,1728000
1791121038.0633,4960,1264,55406,306000000,1728000
1791121038.1134,4960,1264,55500,306000000,1728000
1791121038.1634,4960,1264,55343,306000000,1728000
1791121038.2135,4960,1256,55468,306000000,1728000
1791121038.2636,4960,1256,55312,306000000,1728000
1791121038.3137,4960,1256,55406,306000000,1728000
1791121038.3638,4960,1264,55437,306000000,1728000
1791121038.4139,4960,1256,55437,306000000,1728000
1791121038.4640,4960,1256,55531,306000000,1728000
1791121038.5141,4960,1248,55343,306000000,1728000
1791121038.5641,4960,1248,55531,306000000,1728000
1791121038.6142,4960,1256,55343,306000000,1728000
1791121038.6643,4960,1256,55500,306000000,1728000
1791121038.7144,4960,1256,55343,306000000,1728000
1791121038.7645,4960,1248,55406,306000000,1728000
1791121038.8146,4960,1248,55281,306000000,1728000
1791121038.8647,4960,1248,55437,306000000,1728000
1791121038.9148,4960,1264,55375,306000000,1728000
1791121038.9649,4960,1264,55312,306000000,1728000
1791121039.0150,4960,1264,55500,306000000,1190400
1791121039.0651,4960,1264,55343,306000000,1728000
1791121039.1152,4960,1264,55375,306000000,1728000
1791121039.1652,4960,1264,55343,306000000,1728000
1791121039.2153,4960,1256,55437,306000000,1728000
1791121039.2654,4960,1256,55343,306000000,1728000
1791121039.3155,4960,1256,55375,306000000,1728000
1791121039.3656,4960,1248,55531,306000000,1728000
1791121039.4157,4960,1248,55312,306000000,1190400
1791121039.4657,4960,1264,55468,306000000,1728000
1791121039.5158,4960,1264,55312,306000000,1728000
1791121039.5659,4960,1264,55531,306000000,1728000
1791121039.6160,4960,1256,55250,306000000,1728000
1791121039.6661,4960,1256,55406,306000000,1728000
1791121039.7162,4960,1256,55343,306000000,1728000
1791121039.7663,4960,1248,55406,306000000,1728000
1791121039.8163,4960,1248,55312,306000000,1728000
1791121039.8664,4960,1256,55406,306000000,1728000
1791121039.9165,4960,1248,55468,306000000,1728000
1791121039.9666,4960,1248,55312,306000000,1728000
1791121040.0167,4960,1264,55468,306000000,1728000
1791121040.0668,4960,1272,55343,306000000,1728000
1791121040.1169,4960,1264,55437,306000000,1728000
1791121040.1669,4960,1264,55312,306000000,1728000
1791121040.2170,4960,1264,55406,306000000,1728000
1791121040.2671,4960,1264,55250,306000000,1728000
1791121040.3171,4960,1256,55375,306000000,1728000
1791121040.3672,4960,1256,55468,306000000,1728000
1791121040.4173,4960,1256,55343,306000000,1728000
1791121040.4674,4960,1256,55468,306000000,1728000
1791121040.5175,4960,1248,55343,306000000,1728000
1791121040.5676,4960,1256,55437,306000000,1728000
1791121040.6177,4960,1264,55375,306000000,1728000
1791121040.6677,4960,1256,55375,306000000,1728000
1791121040.7178,4960,1256,55312,306000000,1728000
1791121040.7679,4960,1256,55375,306000000,1728000
1791121040.8180,4960,1256,55468,306000000,1728000
1791121040.8681,4960,1248,55375,306000000,1728000
1791121040.9182,4960,1248,55468,306000000,1728000
1791121040.9682,4960,1248,55375,306000000,1728000
1791121041.0183,4960,1248,55437,306000000,1728000
1791121041.0684,4960,1248,55375,306000000,1728000
1791121041.1185,4960,1264,55437,306000000,1728000
1791121041.1686,4960,1272,55343,306000000,1728000
1791121041.2187,4960,1272,55343,306000000,1728000
1791121041.2688,4960,1264,55437,306000000,1728000
1791121041.3189,4960,1264,55375,306000000,1728000
1791121041.3690,4960,1256,55468,306000000,1728000
1791121041.4191,4960,1256,55375,306000000,1728000
1791121041.4691,4960,1256,55437,306000000,1728000
1791121041.5192,4960,1256,55312,306000000,1728000
1791121041.5693,4960,1248,55343,306000000,1728000
1791121041.6194,4960,1248,55312,306000000,1728000
1791121041.6695,4960,1256,55406,306000000,1728000
1791121041.7196,4960,1264,55437,306000000,1728000
1791121041.7697,4960,1264,55343,306000000,1728000
1791121041.8198,4960,1256,55562,306000000,1728000
1791121041.8698,4960,1256,55343,306000000,1728000
1791121041.9199,4960,1256,55468,306000000,1728000
1791121041.9700,4960,1248,55375,306000000,1728000
1791121042.0201,4968,1248,55281,306000000,1728000
1791121042.0702,4968,1248,55343,306000000,1728000
1791121042.1203,4960,1256,55468,306000000,1728000
1791121042.1704,4960,1248,55531,306000000,1728000
1791121042.2205,4960,1256,55375,306000000,1190400
1791121042.2706,4960,1264,55468,306000000,1728000
1791121042.3206,4960,1264,55375,306000000,1728000
1791121042.3707,4960,1256,55406,306000000,1728000
1791121042.4208,4960,1256,55343,306000000,1728000
1791121042.4709,4968,1256,55437,306000000,1728000
1791121042.5210,4968,1256,55375,306000000,1728000
1791121042.5711,4968,1248,55312,306000000,1728000
1791121042.6211,4968,1248,55468,306000000,1728000
1791121042.6712,4960,1256,55343,306000000,1728000
1791121042.7213,4968,1248,55468,306000000,1728000
1791121042.7714,4968,1248,55343,306000000,1728000
1791121042.8215,4960,1264,55468,306000000,1728000
1791121042.8716,4960,1272,55312,306000000,1728000
1791121042.9217,4960,1272,55437,306000000,1728000
1791121042.9718,4960,1264,55281,306000000,1728000
1791121043.0219,4960,1256,55406,306000000,1728000
1791121043.0719,4960,1264,55375,306000000,1728000
1791121043.1220,4960,1264,55343,306000000,1728000
1791121043.1721,4960,1264,55500,306000000,1728000
1791121043.2222,4960,1264,55343,306000000,1728000
1791121043.2723,4960,1256,55531,306000000,1728000
1791121043.3224,4960,1256,55375,306000000,1728000
1791121043.3725,4960,1264,55406,306000000,1728000
1791121043.4226,4960,1264,55281,306000000,1728000
1791121043.4727,4960,1264,55375,306000000,1728000
1791121043.5228,4960,1256,55312,306000000,1728000
1791121043.5728,4960,1256,55343,306000000,1728000
1791121043.6229,4960,1256,55500,306000000,1728000
1791121043.6730,4960,1256,55281,306000000,1728000
1791121043.7231,4960,1248,55437,306000000,1728000
1791121043.7732,4960,1248,55312,306000000,1728000
1791121043.8233,4960,1248,55437,306000000,1728000
1791121043.8734,4960,1248,55281,306000000,1728000
1791121043.9234,4960,1256,55437,306000000,1344000
1791121043.9735,4960,1264,55312,306000000,1728000
1791121044.0236,4960,1264,55343,306000000,1728000
1791121044.0737,4960,1256,55500,306000000,1728000
1791121044.1238,4960,1256,55281,306000000,1728000
1791121044.1739,4960,1264,55406,306000000,1728000
1791121044.2240,4960,1256,55406,306000000,1728000
1791121044.2741,4960,1256,55437,306000000,1728000
1791121044.3242,4960,1256,55343,306000000,1728000
1791121044.3742,4960,1256,55406,306000000,1728000
1791121044.4243,4960,1256,55343,306000000,1728000
1791121044.4744,4960,1264,55375,306000000,1728000
1791121044.5245,4960,1272,55531,306000000,1728000
1791121044.5746,4960,1264,55312,306000000,1728000
1791121044.6247,4960,1256,55500,306000000,1728000
1791121044.6748,4960,1256,55281,306000000,1728000
1791121044.7249,4960,1256,55375,306000000,1728000
1791121044.7750,4960,1256,55281,306000000,1728000
1791121044.8251,4960,1248,55406,306000000,1728000
1791121044.8751,4960,1248,55250,306000000,1728000
1791121044.9252,4960,1248,55375,306000000,1728000
1791121044.9753,4960,1248,55531,306000000,1728000
1791121045.0254,4960,1248,55343,306000000,1728000
1791121045.0755,4960,1264,55468,306000000,1728000
1791121045.1256,4960,1256,55281,306000000,1728000
1791121045.1757,4960,1256,55406,306000000,1190400
1791121045.2258,4960,1256,55375,306000000,1728000
1791121045.2759,4960,1256,55437,306000000,1728000
1791121045.3260,4960,1256,55343,306000000,1728000
1791121045.3761,4960,1248,55375,306000000,1728000
1791121045.4261,4960,1248,55531,306000000,1728000
1791121045.4762,4960,1248,55312,306000000,1728000
1791121045.5263,4960,1248,55500,306000000,1728000
1791121045.5764,4960,1248,55406,306000000,1728000
1791121045.6265,4960,1264,55406,306000000,1344000
1791121045.6766,4960,1256,55281,306000000,1728000
1791121045.7267,4960,1256,55406,306000000,1728000
1791121045.7768,4960,1256,55343,306000000,1728000
1791121045.8268,4960,1248,55375,306000000,1728000
1791121045.8769,4960,1248,55281,306000000,1728000
1791121045.9270,4960,1248,55375,306000000,1728000
1791121045.9771,4960,1248,55531,306000000,1728000
1791121046.0272,4960,1248,55375,306000000,1728000
1791121046.0773,4960,1248,55500,306000000,1728000
1791121046.1274,4960,1248,55343,306000000,1728000
1791121046.1775,4960,1256,55468,306000000,1728000
1791121046.2276,4960,1264,55250,306000000,1728000
1791121046.2777,4960,1264,55437,306000000,1728000
1791121046.3277,4960,1264,55312,306000000,1728000
1791121046.3778,4960,1264,55343,306000000,1728000
1791121046.4279,4960,1264,55468,306000000,1728000
1791121046.4780,4960,1264,55312,306000000,1728000
1791121046.5281,4968,1256,55531,306000000,1728000
1791121046.5782,4968,1256,55343,306000000,1728000
1791121046.6283,4968,1256,55375,306000000,1728000
1791121046.6783,4968,1248,55312,306000000,1728000
1791121046.7284,4960,1256,55343,306000000,1728000
1791121046.7785,4960,1264,55281,306000000,1728000
1791121046.8286,4960,1272,55437,306000000,1728000
1791121046.8787,4968,1256,55500,306000000,1728000
1791121046.9288,4968,1256,55250,306000000,1728000
1791121046.9789,4968,1248,55468,306000000,1728000
1791121047.0289,4968,1256,55343,306000000,1728000
1791121047.0791,4968,1256,55468,306000000,1728000
1791121047.1292,4968,1248,55375,306000000,1728000
1791121047.1793,4968,1248,55375,306000000,1728000
1791121047.2294,4968,1248,55281,306000000,1728000
1791121047.2795,4960,1264,55312,306000000,1267200
1791121047.3296,4960,1272,55531,306000000,1728000
1791121047.3796,4960,1264,55281,306000000,1728000
1791121047.4297,4960,1264,55406,306000000,1728000
1791121047.4798,4960,1264,55375,306000000,1728000
1791121047.5299,4968,1256,55468,306000000,1728000
1791121047.5800,4968,1256,55343,306000000,1728000
1791121047.6301,4968,1256,55312,306000000,1728000
1791121047.6801,4960,1256,55250,306000000,1728000
1791121047.7302,4960,1256,55375,306000000,1728000
1791121047.7803,4960,1256,55531,306000000,1728000
1791121047.8304,4960,1256,55375,306000000,1728000
1791121047.8805,4960,1264,55500,306000000,1728000
1791121047.9306,4968,1256,55281,306000000,1728000
1791121047.9807,4960,1264,55500,306000000,1728000
1791121048.0307,4960,1264,55250,306000000,1728000
1791121048.0808,4960,1264,55375,306000000,1728000
1791121048.1309,4960,1256,55250,306000000,1728000
1791121048.1810,4968,1256,55406,306000000,1728000
1791121048.2311,4960,1256,55281,306000000,1728000
1791121048.2812,4960,1264,55312,306000000,1728000
1791121048.3313,4960,1264,55468,306000000,1728000
1791121048.3814,4960,1264,55343,306000000,1728000
1791121048.4315,4960,1272,55406,306000000,1728000
1791121048.4816,4960,1272,55343,306000000,1728000
1791121048.5317,4960,1264,55375,306000000,1728000
1791121048.5818,4960,1264,55312,306000000,1728000
1791121048.6318,4960,1264,55312,306000000,1728000
1791121048.6819,4960,1256,55343,306000000,1728000
1791121048.7320,4960,1256,55343,306000000,1728000
1791121048.7821,4960,1264,55468,306000000,1728000
1791121048.8322,4960,1264,55281,306000000,1728000
1791121048.8823,4960,1264,55468,306000000,1728000
1791121048.9323,4960,1264,55343,306000000,1728000
1791121048.9824,4960,1272,55406,306000000,1344000
1791121049.0325,4960,1272,55281,306000000,1728000
1791121049.0826,4960,1264,55437,306000000,1728000
1791121049.1327,4960,1264,55312,306000000,1728000
1791121049.1828,4960,1256,55312,306000000,1728000
1791121049.2329,4960,1256,55500,306000000,1728000
1791121049.2831,4960,1256,55375,306000000,1113600
1791121049.3332,4960,1256,55406,306000000,1728000
1791121049.3833,4960,1256,55312,306000000,1728000
1791121049.4333,4960,1256,55437,306000000,1728000
1791121049.4834,4960,1256,55312,306000000,1728000
1791121049.5335,4960,1264,55437,306000000,1728000
1791121049.5836,4960,1264,55281,306000000,1728000
1791121049.6337,4960,1264,55343,306000000,1728000
1791121049.6838,4960,1256,55468,306000000,1728000
1791121049.7339,4960,1256,55312,306000000,1728000
1791121049.7839,4960,1256,55468,306000000,1728000
1791121049.8340,4960,1248,55343,306000000,1728000
1791121049.8841,4960,1248,55375,306000000,1728000
1791121049.9342,4960,1248,55312,306000000,1728000
1791121049.9843,4960,1248,55343,306000000,1728000
1791121050.0343,4960,1248,55343,306000000,1728000
1791121050.0844,4960,1256,55343,306000000,1728000
1791121050.1345,4960,1256,55437,306000000,1728000
1791121050.1846,4960,1256,55281,306000000,1728000
1791121050.2347,4960,1248,55468,306000000,1728000
1791121050.2848,4968,1240,55343,306000000,1728000
1791121050.3349,4968,1248,55468,306000000,960000
1791121050.3849,4960,1256,55406,306000000,1728000
1791121050.4350,4960,1256,55437,306000000,1728000
1791121050.4851,4960,1256,55312,306000000,1728000
1791121050.5352,4968,1248,55312,306000000,1728000
1791121050.5853,4968,1248,55281,306000000,1728000
1791121050.6353,4960,1256,55281,306000000,1728000
1791121050.6855,4960,1264,55437,306000000,1728000
1791121050.7355,4960,1256,55343,306000000,1728000
1791121050.7856,4960,1256,55406,306000000,1728000
1791121050.8357,4960,1256,55281,306000000,1728000
1791121050.8858,4960,1248,55500,306000000,1728000
1791121050.9359,4960,1248,55343,306000000,1728000
1791121050.9860,4968,1240,55406,306000000,1728000
1791121051.0360,4968,1240,55281,306000000,1728000
1791121051.0861,4968,1240,55312,306000000,1728000
1791121051.1362,4968,1240,55437,306000000,1728000
1791121051.1863,4960,1256,55281,306000000,1728000
1791121051.2364,4960,1256,55437,306000000,1728000
1791121051.2865,4960,1248,55312,306000000,1728000
1791121051.3366,4960,1256,55375,306000000,1728000
1791121051.3867,4960,1264,55281,306000000,1728000
1791121051.4368,4960,1264,55406,306000000,1728000
1791121051.4869,4960,1264,55343,306000000,1728000
1791121051.5370,4960,1256,55281,306000000,1728000
1791121051.5871,4960,1288,55531,306000000,1728000
1791121051.6372,4960,1296,55281,306000000,1728000
1791121051.6872,4960,1312,55500,306000000,1728000
1791121051.7373,4960,1312,55437,306000000,1113600
1791121051.7874,4960,1320,55468,306000000,1267200
1791121051.8375,4960,1312,55343,306000000,1728000
1791121051.8876,4960,1312,55375,306000000,1728000
1791121051.9377,4960,1304,55406,306000000,1728000
1791121051.9878,4960,1296,55375,306000000,1728000
1791121052.0379,4960,1288,55531,306000000,1728000
1791121052.0880,4960,1280,55281,306000000,1728000
1791121052.1380,4960,1280,55468,306000000,1728000
1791121052.1881,4960,1280,55281,306000000,1728000
1791121052.2382,4960,1272,55437,306000000,1728000
1791121052.2883,4960,1264,55312,306000000,1728000
1791121052.3384,4960,1272,55406,306000000,1728000
1791121052.3885,4960,1280,55250,306000000,1728000
1791121052.4386,4960,1272,55375,306000000,1728000
1791121052.4887,4960,1272,55468,306000000,1728000
1791121052.5388,4960,1272,55343,306000000,1728000
1791121052.5888,4960,1272,55468,306000000,1728000
1791121052.6389,4960,1264,55312,306000000,1728000
1791121052.6890,4960,1264,55468,306000000,1728000
1791121052.7391,4960,1256,55218,306000000,1728000
1791121052.7892,4960,1248,55406,306000000,1728000
1791121052.8393,4960,1248,55281,306000000,1728000
1791121052.8894,4960,1256,55343,306000000,1267200
1791121052.9395,4960,1264,55250,306000000,1113600
1791121052.9896,4960,1288,55375,306000000,1190400
1791121053.0397,4960,1296,55531,306000000,1728000
1791121053.0897,4960,1288,55312,306000000,1728000
1791121053.1398,4960,1288,55406,306000000,1728000
1791121053.1899,4960,1280,55281,306000000,1728000
1791121053.2400,4960,1272,55406,306000000,1728000
1791121053.2901,4960,1264,55343,306000000,1728000
1791121053.3402,4960,1272,55406,306000000,1728000
1791121053.3903,4960,1288,55250,306000000,1728000
1791121053.4404,4960,1312,55343,306000000,1728000
1791121053.4905,4960,1336,55593,306000000,1728000
1791121053.5406,4960,1368,55343,306000000,1728000
1791121053.5907,4960,1384,55500,306000000,1728000
1791121053.6408,4960,1384,55343,306000000,1728000
1791121053.6909,4960,1384,55437,306000000,1728000
1791121053.7410,4960,1400,55312,306000000,1728000
1791121053.7911,4960,1432,55437,306000000,1728000
1791121053.8412,4952,1480,55812,306000000,1728000
1791121053.8913,4952,1496,55437,306000000,1190400
1791121053.9414,4952,1472,55437,306000000,1190400
1791121053.9915,4960,1448,55375,306000000,1728000
1791121054.0416,4960,1424,55500,306000000,1728000
1791121054.0917,4960,1400,55312,306000000,1728000
1791121054.1418,4960,1392,55437,306000000,1728000
1791121054.1919,4960,1384,55375,306000000,1728000
1791121054.2420,4960,1368,55437,306000000,1728000
1791121054.2921,4960,1352,55343,306000000,1728000
1791121054.3422,4960,1336,55406,306000000,1728000
1791121054.3923,4960,1328,55531,306000000,1728000
1791121054.4424,4960,1328,55343,306000000,1728000
1791121054.4925,4960,1320,55500,306000000,1728000
1791121054.5425,4960,1312,55437,306000000,1728000
1791121054.5926,4960,1296,55468,306000000,1728000
1791121054.6427,4960,1296,55343,306000000,1728000
1791121054.6928,4960,1296,55437,306000000,1728000
1791121054.7429,4960,1288,55312,306000000,1728000
1791121054.7930,4960,1288,55343,306000000,1728000
1791121054.8431,4960,1280,55312,306000000,1728000
1791121054.8932,4960,1280,55437,306000000,1728000
1791121054.9433,4960,1280,55468,306000000,1728000
1791121054.9934,4960,1288,55375,306000000,1728000
1791121055.0435,4960,1288,55437,306000000,1728000
1791121055.0936,4960,1280,55343,306000000,1728000
1791121055.1437,4960,1272,55437,306000000,1728000
1791121055.1938,4960,1272,55281,306000000,1728000
1791121055.2438,4960,1264,55343,306000000,1728000
1791121055.2939,4960,1256,55156,306000000,1728000
1791121055.3446,4960,1256,55375,306000000,1728000
1791121055.3946,4960,1256,55531,306000000,1728000
1791121055.4447,4960,1256,55312,306000000,1728000
1791121055.4948,4960,1248,55500,306000000,1728000
1791121055.5449,4960,1264,55343,306000000,1728000
1791121055.5950,4960,1264,55375,306000000,1728000
1791121055.6450,4960,1264,55125,306000000,1728000
1791121055.6951,4960,1264,55437,306000000,1728000
1791121055.7452,4960,1264,55406,306000000,1728000
1791121055.7953,4960,1256,55406,306000000,1728000
1791121055.8453,4960,1256,55500,306000000,1728000
1791121055.8954,4960,1248,55343,306000000,1728000
1791121055.9455,4960,1248,55500,306000000,1728000
1791121055.9956,4960,1248,55343,306000000,1728000
1791121056.0457,4960,1248,55406,306000000,1728000
1791121056.0958,4960,1264,55406,306000000,1728000
1791121056.1458,4960,1272,55375,306000000,1728000
1791121056.1959,4960,1272,55312,306000000,1728000
1791121056.2460,4960,1264,55281,306000000,1728000
1791121056.2961,4960,1264,55468,306000000,1728000
1791121056.3462,4960,1264,55343,306000000,1728000
1791121056.3963,4960,1264,55468,306000000,1728000
1791121056.4463,4960,1256,55250,306000000,1728000
1791121056.4964,4960,1256,55468,306000000,1728000
1791121056.5465,4968,1248,55250,306000000,1728000
1791121056.5966,4968,1248,55375,306000000,1728000
1791121056.6467,4960,1256,55312,306000000,1420800
1791121056.6968,4960,1264,55343,306000000,1728000
1791121056.7469,4960,1264,55468,306000000,1728000
1791121056.7969,4968,1248,55437,306000000,1728000
1791121056.8470,4968,1248,55437,306000000,1728000
1791121056.8971,4968,1248,55312,306000000,1728000
1791121056.9472,4968,1248,55406,306000000,1728000
1791121056.9973,4968,1248,55312,306000000,1728000
1791121057.0474,4968,1248,55343,306000000,1728000
1791121057.0975,4968,1248,55343,306000000,1728000
1791121057.1476,4960,1248,55437,306000000,1728000
1791121057.1976,4960,1248,55281,306000000,1728000
1791121057.2477,4960,1264,55281,306000000,1728000
1791121057.2978,4960,1256,55468,306000000,1728000
1791121057.3479,4960,1264,55343,306000000,1728000
1791121057.3980,4960,1256,55468,306000000,1728000
1791121057.4481,4960,1248,55375,306000000,1728000
1791121057.4982,4960,1248,55406,306000000,1728000
1791121057.5483,4960,1240,55375,306000000,1728000
1791121057.5983,4960,1240,55375,306000000,1728000
1791121057.6484,4960,1240,55312,306000000,1728000
1791121057.6985,4960,1240,55375,306000000,1728000
1791121057.7486,4960,1240,55500,306000000,1113600
1791121057.7987,4960,1256,55281,306000000,1728000
1791121057.8488,4960,1264,55437,306000000,1728000
1791121057.8988,4960,1256,55218,306000000,1728000
1791121057.9489,4960,1248,55312,306000000,1728000
1791121057.9990,4960,1248,55281,306000000,1728000
1791121058.0491,4960,1248,55343,306000000,1728000
1791121058.0992,4968,1248,55406,306000000,1728000
1791121058.1493,4968,1240,55343,306000000,1728000
1791121058.1993,4968,1240,55500,306000000,1728000
1791121058.2494,4960,1240,55375,306000000,1728000
1791121058.2995,4960,1240,55437,306000000,1728000
1791121058.3496,4960,1256,55375,306000000,1728000
1791121058.3997,4960,1256,55406,306000000,1728000
1791121058.4498,4960,1248,55250,306000000,1728000
1791121058.4999,4960,1248,55375,306000000,1728000
1791121058.5500,4960,1248,55281,306000000,1728000
1791121058.6000,4960,1248,55375,306000000,1728000
1791121058.6501,4960,1248,55531,306000000,1728000
1791121058.7002,4960,1248,55281,306000000,1728000
1791121058.7503,4960,1248,55406,306000000,1728000
1791121058.8004,4960,1248,55250,306000000,1728000
1791121058.8505,4960,1248,55437,306000000,960000
1791121058.9010,4960,1256,55281,306000000,1728000
1791121058.9511,4960,1272,55375,306000000,883200
1791121059.0012,4960,1272,55250,306000000,1728000
1791121059.0513,4960,1264,55468,306000000,806400
1791121059.1014,4960,1264,55187,306000000,1728000
1791121059.1515,4960,1264,55281,306000000,1728000
1791121059.2016,4960,1264,55406,306000000,1728000
1791121059.2516,4960,1264,55312,306000000,806400
1791121059.3017,4960,1264,55437,306000000,1728000
1791121059.3518,4960,1264,55343,306000000,1728000
1791121059.4019,4960,1264,55375,306000000,1728000
1791121059.4520,4960,1272,55343,306000000,1728000
1791121059.5021,4960,1288,55406,306000000,1728000
1791121059.5522,4960,1280,55281,306000000,1728000
1791121059.6023,4960,1272,55406,306000000,1728000
1791121059.6524,4960,1272,55500,306000000,1728000
1791121059.7025,4960,1272,55250,306000000,1728000
1791121059.7526,4960,1264,55468,306000000,1728000
1791121059.8029,4960,1264,55343,306000000,1728000
1791121059.8530,4960,1264,55406,306000000,1728000
1791121059.9031,4960,1256,55375,306000000,1728000
1791121059.9531,4960,1256,55406,306000000,1728000
1791121060.0032,4960,1256,55343,306000000,1267200
1791121060.0533,4960,1264,55468,306000000,1728000
1791121060.1034,4960,1264,55468,306000000,1728000
1791121060.1535,4960,1256,55343,306000000,1728000
1791121060.2036,4960,1256,55500,306000000,1728000
1791121060.2537,4960,1256,55312,306000000,1728000
1791121060.3037,4960,1248,55281,306000000,1728000
1791121060.3538,4960,1248,55250,306000000,1728000
1791121060.4039,4960,1248,55406,306000000,1728000
1791121060.4540,4968,1248,55312,306000000,1728000
1791121060.5041,4960,1248,55343,306000000,1728000
1791121060.5542,4968,1248,55281,306000000,1113600
1791121060.6043,4960,1256,55343,306000000,1728000
1791121060.6544,4960,1256,55500,306000000,1728000
1791121060.7045,4960,1264,55312,306000000,1728000
1791121060.7545,4960,1256,55468,306000000,1728000
1791121060.8046,4960,1256,55281,306000000,1728000
1791121060.8547,4960,1248,55343,306000000,1728000
1791121060.9048,4960,1240,55250,306000000,1728000
1791121060.9549,4960,1240,55468,306000000,1728000
1791121061.0050,4960,1240,55468,306000000,1728000
1791121061.0551,4960,1248,55406,306000000,1728000
1791121061.1051,4968,1240,55406,306000000,1728000
1791121061.1552,4960,1248,55312,306000000,1728000
1791121061.2053,4960,1256,55500,306000000,1728000
1791121061.2554,4960,1256,55312,306000000,1728000
1791121061.3055,4960,1256,55375,306000000,1728000
1791121061.3556,4960,1256,55281,306000000,1728000
1791121061.4057,4968,1248,55343,306000000,1728000
1791121061.4558,4960,1256,55343,306000000,1728000
1791121061.5059,4960,1256,55343,306000000,1728000
1791121061.5559,4960,1248,55468,306000000,1728000
1791121061.6060,4960,1256,55375,306000000,1728000
1791121061.6561,4960,1248,55406,306000000,1728000
1791121061.7062,4960,1256,55343,306000000,1267200
1791121061.7563,4960,1264,55437,306000000,1728000
1791121061.8064,4960,1256,55250,306000000,1728000
1791121061.8565,4960,1256,55312,306000000,1728000
1791121061.9066,4960,1248,55343,306000000,1728000
1791121061.9566,4960,1248,55343,306000000,1728000
1791121062.0067,4968,1248,55468,306000000,1728000
1791121062.0568,4968,1248,55312,306000000,1728000
1791121062.1069,4968,1240,55406,306000000,1728000
1791121062.1570,4968,1240,55312,306000000,1728000
1791121062.2070,4968,1240,55375,306000000,1728000
1791121062.2571,4968,1248,55312,306000000,1728000
1791121062.3072,4960,1256,55406,306000000,1728000
1791121062.3573,4968,1256,55218,306000000,1728000
1791121062.4074,4968,1256,55281,306000000,1728000
1791121062.4575,4968,1248,55375,306000000,1728000
1791121062.5076,4968,1248,55343,306000000,1728000
1791121062.5577,4968,1248,55437,306000000,1728000
1791121062.6078,4968,1248,55281,306000000,1728000
1791121062.6579,4968,1248,55406,306000000,1728000
1791121062.7079,4968,1248,55312,306000000,1728000
1791121062.7580,4968,1248,55406,306000000,1728000
1791121062.8081,4968,1248,55250,306000000,1728000
1791121062.8582,4960,1256,55281,306000000,1728000
1791121062.9083,4960,1256,55500,306000000,1728000
1791121062.9584,4960,1256,55218,306000000,1728000
1791121063.0085,4968,1248,55406,306000000,1728000
1791121063.0585,4968,1248,55343,306000000,1728000
1791121063.1086,4968,1248,55375,306000000,1728000
1791121063.1587,4968,1248,55250,306000000,1728000
1791121063.2088,4968,1240,55437,306000000,1728000
1791121063.2589,4968,1240,55218,306000000,1728000
1791121063.3089,4968,1240,55406,306000000,1728000
1791121063.3590,4960,1240,55281,306000000,1190400
1791121063.4091,4960,1256,55312,306000000,1728000
1791121063.4592,4960,1256,55437,306000000,1728000
1791121063.5093,4960,1248,55375,306000000,1728000
1791121063.5594,4960,1248,55375,306000000,1728000
1791121063.6095,4960,1248,55187,306000000,1728000
1791121063.6596,4960,1248,55312,306000000,1728000
1791121063.7097,4960,1248,55312,306000000,1728000
1791121063.7597,4960,1240,55343,306000000,1728000
1791121063.8098,4960,1240,55531,306000000,1728000
1791121063.8599,4960,1240,55281,306000000,1728000
1791121063.9100,4968,1240,55500,306000000,1728000
1791121063.9601,4960,1248,55281,306000000,1728000
1791121064.0102,4960,1256,55437,306000000,1728000
1791121064.0602,4960,1256,55312,306000000,1728000
1791121064.1103,4960,1256,55375,306000000,1728000
1791121064.1604,4960,1248,55250,306000000,1728000
1791121064.2105,4960,1248,55312,306000000,1728000
1791121064.2606,4960,1248,55468,306000000,1728000
1791121064.3106,4960,1248,55343,306000000,1728000
1791121064.3607,4960,1248,55468,306000000,1728000
1791121064.4108,4960,1248,55312,306000000,1728000
1791121064.4609,4960,1248,55468,306000000,1728000
1791121064.5110,4960,1256,55281,306000000,1728000
1791121064.5611,4960,1264,55375,306000000,1728000
1791121064.6112,4960,1264,55156,306000000,1728000
1791121064.6613,4960,1256,55375,306000000,1728000
1791121064.7114,4960,1256,55250,306000000,1728000
1791121064.7614,4960,1256,55312,306000000,1728000
1791121064.8115,4968,1248,55437,306000000,1728000
1791121064.8616,4960,1256,55281,306000000,1728000
1791121064.9117,4960,1256,55468,306000000,1728000
1791121064.9618,4960,1248,55250,306000000,1728000
1791121065.0119,4968,1248,55406,306000000,1728000
1791121065.0620,4960,1256,55281,306000000,1728000
1791121065.1121,4960,1256,55375,306000000,1728000
1791121065.1621,4960,1256,55281,306000000,1728000
1791121065.2122,4960,1248,55343,306000000,1728000
1791121065.2623,4960,1248,55500,306000000,1728000
1791121065.3124,4960,1248,55250,306000000,1728000
1791121065.3625,4968,1248,55406,306000000,1728000
1791121065.4126,4960,1248,55343,306000000,1728000
1791121065.4627,4960,1256,55281,306000000,1728000
1791121065.5127,4960,1248,55218,306000000,1728000
1791121065.5628,4960,1248,55375,306000000,1728000
1791121065.6129,4960,1256,55250,306000000,1728000
1791121065.6631,4960,1264,55343,306000000,1728000
1791121065.7132,4960,1264,55406,306000000,1728000
1791121065.7633,4960,1264,55281,306000000,1728000
1791121065.8134,4960,1256,55406,306000000,1728000
1791121065.8635,4960,1256,55312,306000000,1728000
1791121065.9135,4960,1256,55406,306000000,1728000
1791121065.9636,4960,1248,55281,306000000,1728000
1791121066.0137,4960,1248,55437,306000000,1728000
1791121066.0638,4960,1256,55281,306000000,1728000
1791121066.1139,4968,1248,55312,306000000,1728000
1791121066.1640,4968,1240,55468,306000000,1728000
1791121066.2141,4960,1256,55406,306000000,1728000
1791121066.2641,4960,1264,55375,306000000,1728000
1791121066.3142,4960,1264,55187,306000000,1728000
1791121066.3643,4960,1256,55437,306000000,1728000
1791121066.4144,4968,1248,55281,306000000,1728000
1791121066.4645,4968,1248,55406,306000000,1728000
1791121066.5146,4960,1248,55218,306000000,1728000
1791121066.5646,4968,1240,55375,306000000,1728000
1791121066.6147,4968,1240,55500,306000000,1728000
1791121066.6648,4968,1240,55281,306000000,1728000
1791121066.7149,4968,1240,55468,306000000,1728000
1791121066.7650,4960,1256,55187,306000000,1728000
1791121066.8151,4960,1264,55406,306000000,1728000
1791121066.8652,4968,1256,55250,306000000,1728000
1791121066.9153,4968,1248,55406,306000000,1728000
1791121066.9653,4968,1248,55312,306000000,1728000
1791121067.0154,4968,1248,55281,306000000,1728000
1791121067.0655,4968,1240,55218,306000000,1728000
1791121067.1156,4968,1240,55312,306000000,1728000
1791121067.1657,4968,1240,55531,306000000,1728000
1791121067.2157,4968,1240,55250,306000000,1728000
1791121067.2658,4968,1240,55343,306000000,1728000
1791121067.3159,4960,1248,55281,306000000,1728000
1791121067.3660,4960,1256,55406,306000000,1728000
1791121067.4161,4960,1256,55250,306000000,1728000
1791121067.4662,4960,1256,55375,306000000,1728000
1791121067.5163,4960,1256,55250,306000000,1728000
1791121067.5663,4960,1248,55312,306000000,1728000
1791121067.6164,4960,1248,55468,306000000,1728000
1791121067.6665,4960,1248,55218,306000000,1728000
1791121067.7166,4968,1232,55406,306000000,1728000
1791121067.7667,4968,1240,55156,306000000,1728000
1791121067.8168,4968,1240,55343,306000000,1728000
1791121067.8668,4960,1248,55250,306000000,1728000
1791121067.9169,4960,1256,55312,306000000,1728000
1791121067.9671,4960,1256,55187,306000000,1728000
1791121068.0171,4960,1256,55281,306000000,1728000
1791121068.0672,4960,1256,55406,306000000,1728000
1791121068.1173,4960,1248,55281,306000000,1728000
1791121068.1674,4960,1248,55375,306000000,1728000
1791121068.2175,4960,1248,55281,306000000,1728000
1791121068.2676,4960,1248,55343,306000000,1728000
1791121068.3176,4960,1248,55250,306000000,1728000
1791121068.3677,4960,1248,55375,306000000,1728000
1791121068.4178,4960,1256,55250,306000000,1728000
1791121068.4679,4960,1264,55343,306000000,1728000
1791121068.5180,4960,1264,55468,306000000,1728000
1791121068.5681,4960,1264,55281,306000000,1728000
1791121068.6182,4960,1264,55375,306000000,1728000
1791121068.6683,4960,1264,55281,306000000,1728000
1791121068.7183,4960,1248,55406,306000000,1728000
1791121068.7684,4960,1248,55250,306000000,1728000
1791121068.8185,4960,1248,55375,306000000,1728000
1791121068.8686,4960,1240,55218,306000000,1728000
1791121068.9187,4960,1248,55406,306000000,1728000
1791121068.9688,4960,1256,55500,306000000,1728000
1791121069.0189,4960,1272,55343,306000000,1728000
1791121069.0689,4960,1272,55437,306000000,1036800
1791121069.1191,4960,1264,55156,306000000,1728000
1791121069.1691,4960,1264,55406,306000000,1728000
1791121069.2192,4960,1264,55343,306000000,1728000
1791121069.2693,4960,1264,55312,306000000,1728000
1791121069.3194,4960,1256,55218,306000000,1728000
1791121069.3695,4960,1256,55406,306000000,1728000
1791121069.4196,4960,1256,55218,306000000,1728000
1791121069.4696,4960,1256,55250,306000000,1728000
1791121069.5197,4960,1264,55406,306000000,1728000
1791121069.5698,4960,1272,55218,306000000,1728000
1791121069.6199,4960,1272,55343,306000000,1728000
1791121069.6700,4960,1272,55250,306000000,1728000
1791121069.7201,4960,1264,55406,306000000,1728000
1791121069.7702,4960,1264,55281,306000000,1728000
1791121069.8202,4960,1264,55343,306000000,1728000
1791121069.8703,4960,1264,55281,306000000,1728000
1791121069.9204,4960,1264,55250,306000000,1728000
1791121069.9705,4960,1264,55406,306000000,1728000
1791121070.0206,4960,1256,55250,306000000,1728000
1791121070.0706,4960,1256,55531,306000000,1728000
1791121070.1207,4960,1256,55343,306000000,1728000
1791121070.1708,4960,1256,55406,306000000,1728000
1791121070.2209,4960,1256,55281,306000000,1728000
1791121070.2710,4960,1264,55343,306000000,1728000
1791121070.3211,4960,1264,55187,306000000,1728000
1791121070.3712,4960,1264,55406,306000000,1728000
1791121070.4212,4960,1264,55437,306000000,1728000
1791121070.4713,4960,1256,55250,306000000,1728000
1791121070.5214,4968,1248,55468,306000000,1728000
1791121070.5715,4968,1248,55281,306000000,1728000
1791121070.6216,4968,1248,55375,306000000,1728000
1791121070.6717,4960,1264,55187,306000000,1728000
1791121070.7218,4960,1264,55312,306000000,1728000
1791121070.7719,4960,1264,55250,306000000,1728000
1791121070.8219,4960,1256,55312,306000000,1728000
1791121070.8720,4960,1256,55468,306000000,1728000
1791121070.9221,4960,1264,55343,306000000,1728000
1791121070.9722,4960,1256,55500,306000000,1728000
1791121071.0223,4960,1256,55312,306000000,1728000
1791121071.0723,4960,1256,55312,306000000,1728000
1791121071.1224,4960,1248,55281,306000000,1728000
1791121071.1725,4968,1248,55375,306000000,1728000
1791121071.2226,4960,1256,55312,306000000,1344000
1791121071.2727,4960,1264,55312,306000000,1728000
1791121071.3228,4960,1264,55468,306000000,1728000
1791121071.3729,4960,1256,55312,306000000,1728000
1791121071.4229,4960,1256,55437,306000000,1728000
1791121071.4730,4960,1256,55250,306000000,1728000
1791121071.5231,4960,1248,55343,306000000,1728000
1791121071.5732,4960,1248,55281,306000000,1728000
1791121071.6233,4960,1248,55343,306000000,1728000
1791121071.6734,4960,1248,55250,306000000,1728000
1791121071.7234,4960,1248,55250,306000000,1728000
1791121071.7735,4968,1248,55187,306000000,1728000
1791121071.8236,4960,1256,55343,306000000,1728000
1791121071.8737,4960,1256,55375,306000000,1728000
1791121071.9238,4960,1256,55250,306000000,1728000
1791121071.9739,4960,1248,55343,306000000,1728000
1791121072.0240,4960,1256,55281,306000000,1728000
1791121072.0740,4960,1256,55343,306000000,1728000
1791121072.1241,4968,1248,55250,306000000,1728000
1791121072.1742,4968,1248,55375,306000000,1728000
1791121072.2243,4968,1248,55218,306000000,1728000
1791121072.2744,4968,1248,55281,306000000,1728000
1791121072.3245,4968,1248,55468,306000000,1728000
1791121072.3746,4960,1256,55312,306000000,1420800
1791121072.4247,4960,1264,55406,306000000,1728000
1791121072.4747,4960,1256,55281,306000000,1728000
1791121072.5248,4968,1256,55375,306000000,1728000
1791121072.5754,4968,1248,55281,306000000,1728000
1791121072.6255,4968,1248,55312,306000000,1728000
1791121072.6756,4968,1248,55250,306000000,1728000
1791121072.7256,4968,1240,55312,306000000,1728000
1791121072.7757,4968,1248,55437,306000000,1728000
1791121072.8258,4968,1240,55281,306000000,1728000
1791121072.8759,4968,1240,55312,306000000,1728000
1791121072.9260,4960,1256,55187,306000000,1267200
1791121072.9761,4960,1264,55281,306000000,1036800
1791121073.0262,4960,1264,55218,306000000,960000
1791121073.0763,4960,1256,55343,306000000,1728000
1791121073.1264,4960,1256,55218,306000000,1728000
1791121073.1765,4960,1256,55281,306000000,1728000
1791121073.2266,4968,1256,55468,306000000,1728000
1791121073.2767,4960,1256,55343,306000000,1728000
1791121073.3268,4960,1256,55468,306000000,1728000
1791121073.3769,4968,1256,55312,306000000,1728000
1791121073.4270,4960,1256,55406,306000000,1728000
1791121073.4770,4960,1272,55281,306000000,1728000
1791121073.5271,4960,1280,55406,306000000,806400
1791121073.5772,4960,1272,55250,306000000,806400
1791121073.6273,4960,1272,55406,306000000,1728000
1791121073.6774,4960,1264,55343,306000000,1036800
1791121073.7275,4960,1256,55312,306000000,1728000
1791121073.7776,4960,1264,55500,306000000,1728000
1791121073.8277,4960,1256,55343,306000000,1728000
1791121073.8778,4968,1256,55437,306000000,1728000
1791121073.9279,4968,1256,55281,306000000,1728000
1791121073.9780,4968,1256,55375,306000000,1728000
1791121074.0281,4960,1264,55218,306000000,1728000
1791121074.0782,4960,1280,55281,306000000,883200
1791121074.1283,4960,1272,55250,306000000,1728000
1791121074.1783,4960,1272,55343,306000000,1728000
1791121074.2284,4960,1264,55468,306000000,1728000
1791121074.2785,4960,1264,55406,306000000,1267200
1791121074.3286,4968,1256,55343,306000000,1728000
1791121074.3787,4960,1264,55187,306000000,1728000
1791121074.4288,4960,1264,55343,306000000,1728000
1791121074.4789,4960,1264,55312,306000000,1728000
1791121074.5290,4960,1272,55343,306000000,1728000
1791121074.5791,4960,1272,55218,306000000,1728000
1791121074.6292,4960,1272,55281,306000000,1728000
1791121074.6793,4960,1296,55468,306000000,1728000
1791121074.7294,4960,1304,55312,306000000,1728000
1791121074.7795,4960,1312,55312,306000000,1728000
1791121074.8295,4960,1312,55250,306000000,1728000
1791121074.8796,4960,1312,55312,306000000,1728000
1791121074.9297,4960,1304,55218,306000000,1728000
1791121074.9798,4960,1304,55343,306000000,1728000
1791121075.0299,4960,1304,55281,306000000,1728000
1791121075.0800,4960,1296,55281,306000000,1728000
1791121075.1301,4960,1288,55437,306000000,1728000
1791121075.1802,4960,1296,55281,306000000,960000
1791121075.2303,4960,1288,55437,306000000,1728000
1791121075.2804,4960,1288,55312,306000000,1728000
1791121075.3304,4960,1280,55406,306000000,1728000
1791121075.3805,4960,1272,55187,306000000,1728000
1791121075.4306,4960,1272,55468,306000000,1728000
1791121075.4807,4960,1272,55250,306000000,1728000
1791121075.5308,4960,1264,55375,306000000,1728000
1791121075.5809,4960,1272,55437,306000000,1728000
1791121075.6310,4960,1264,55187,306000000,1728000
1791121075.6810,4960,1264,55468,306000000,1728000
1791121075.7311,4960,1272,55312,306000000,1420800
1791121075.7812,4960,1264,55312,306000000,1728000
1791121075.8313,4960,1264,55187,306000000,1728000
1791121075.8814,4960,1264,55406,306000000,1728000
1791121075.9315,4960,1272,55250,306000000,1728000
1791121075.9816,4960,1264,55437,306000000,1728000
1791121076.0317,4960,1256,55468,306000000,1728000
1791121076.0817,4960,1256,55250,306000000,1728000
1791121076.1318,4960,1248,55437,306000000,1728000
1791121076.1819,4968,1240,55343,306000000,1728000
1791121076.2320,4960,1248,55375,306000000,1728000
1791121076.2821,4960,1256,55218,306000000,1728000
1791121076.3322,4960,1256,55343,306000000,1728000
1791121076.3823,4960,1256,55312,306000000,1728000
1791121076.4323,4968,1256,55437,306000000,1728000
1791121076.4824,4968,1240,55250,306000000,1728000
1791121076.5325,4968,1240,55250,306000000,1728000
1791121076.5826,4968,1240,55500,306000000,1728000
1791121076.6327,4968,1240,55250,306000000,1728000
1791121076.6828,4968,1240,55375,306000000,1728000
1791121076.7329,4968,1240,55281,306000000,1728000
1791121076.7829,4960,1240,55343,306000000,1728000
1791121076.8330,4960,1248,55281,306000000,1728000
1791121076.8831,4960,1256,55437,306000000,1728000
1791121076.9332,4960,1248,55218,306000000,1728000
1791121076.9833,4960,1240,55343,306000000,1728000
1791121077.0334,4968,1240,55406,306000000,1728000
1791121077.0835,4968,1240,55250,306000000,1728000
1791121077.1335,4968,1240,55468,306000000,1728000
1791121077.1836,4968,1240,55218,306000000,1728000
1791121077.2337,4968,1240,55312,306000000,1728000
1791121077.2838,4960,1248,55187,306000000,1728000
1791121077.3339,4960,1240,55312,306000000,1728000
1791121077.3840,4960,1248,55250,306000000,1728000
1791121077.4340,4960,1264,55218,306000000,1728000
1791121077.4841,4960,1264,55468,306000000,1728000
1791121077.5342,4960,1264,55343,306000000,1728000
1791121077.5843,4960,1256,55406,306000000,1728000
1791121077.6344,4960,1248,55218,306000000,1728000
1791121077.6845,4960,1256,55343,306000000,1728000
1791121077.7346,4960,1248,55187,306000000,1728000
1791121077.7846,4960,1248,55312,306000000,883200
1791121077.8347,4960,1248,55218,306000000,1728000
1791121077.8848,4960,1240,55375,306000000,1728000
1791121077.9349,4960,1256,55437,306000000,1190400
1791121077.9850,4960,1272,55312,306000000,1728000
1791121078.0351,4960,1264,55375,306000000,1728000
1791121078.0852,4960,1256,55281,306000000,1728000
1791121078.1353,4960,1264,55343,306000000,1728000
1791121078.1854,4960,1264,55218,306000000,1728000
1791121078.2355,4960,1264,55281,306000000,1728000
1791121078.2856,4960,1256,55281,306000000,1728000
1791121078.3356,4960,1256,55312,306000000,1728000
1791121078.3857,4960,1256,55468,306000000,1728000
1791121078.4358,4968,1248,55343,306000000,1728000
1791121078.4859,4960,1248,55375,306000000,1113600
1791121078.5360,4960,1264,55281,306000000,1728000
1791121078.5861,4960,1264,55343,306000000,1728000
1791121078.6362,4960,1264,55218,306000000,1728000
1791121078.6862,4960,1264,55375,306000000,1728000
1791121078.7363,4960,1264,55250,306000000,1728000
1791121078.7864,4960,1264,55312,306000000,1728000
1791121078.8365,4960,1264,55187,306000000,1728000
1791121078.8866,4960,1256,55343,306000000,1728000
1791121078.9367,4968,1256,55437,306000000,1728000
1791121078.9868,4968,1256,55281,306000000,1728000
1791121079.0368,4960,1256,55437,306000000,1728000
1791121079.0869,4960,1272,55156,306000000,1267200
1791121079.1370,4960,1272,55250,306000000,1728000
1791121079.1871,4960,1264,55250,306000000,1728000
1791121079.2372,4960,1264,55406,306000000,1728000
1791121079.2873,4960,1256,55156,306000000,1728000
1791121079.3374,4960,1248,55250,306000000,1728000
1791121079.3875,4968,1248,55437,306000000,1728000
1791121079.4375,4960,1248,55312,306000000,1728000
1791121079.4876,4960,1248,55375,306000000,1728000
1791121079.5377,4960,1256,55250,306000000,1728000
1791121079.5878,4960,1256,55343,306000000,1728000
1791121079.6379,4960,1256,55250,306000000,1728000
1791121079.6880,4960,1264,55375,306000000,1728000
1791121079.7381,4960,1256,55187,306000000,1728000
1791121079.7881,4960,1264,55281,306000000,1728000
1791121079.8382,4960,1264,55468,306000000,1728000
1791121079.8883,4960,1256,55281,306000000,1728000
1791121079.9384,4960,1256,55375,306000000,1728000
1791121079.9885,4960,1256,55218,306000000,1728000
1791121080.0385,4960,1256,55343,306000000,1728000
1791121080.0886,4960,1256,55250,306000000,1728000
1791121080.1387,4960,1248,55343,306000000,1728000
1791121080.1888,4960,1256,55156,306000000,1728000
1791121080.2389,4960,1264,55343,306000000,1728000
1791121080.2890,4960,1264,55437,306000000,1728000
1791121080.3391,4960,1264,55250,306000000,1728000
1791121080.3891,4960,1256,55468,306000000,1728000
1791121080.4392,4960,1256,55218,306000000,1728000
1791121080.4893,4960,1256,55281,306000000,1728000
1791121080.5394,4960,1256,55218,306000000,1728000
1791121080.5894,4960,1248,55250,306000000,1728000
1791121080.6395,4960,1248,55218,306000000,1728000
1791121080.6896,4960,1248,55187,306000000,1728000
1791121080.7397,4960,1256,55437,306000000,1728000
1791121080.7898,4960,1264,55250,306000000,883200
1791121080.8399,4960,1264,55437,306000000,1728000
1791121080.8900,4960,1256,55156,306000000,1728000
1791121080.9401,4960,1256,55312,306000000,1728000
1791121080.9901,4960,1256,55093,306000000,1728000
1791121081.0402,4960,1256,55281,306000000,1728000
1791121081.0903,4960,1256,55156,306000000,1728000
1791121081.1404,4960,1256,55343,306000000,1728000
1791121081.1905,4968,1248,55156,306000000,1728000
1791121081.2406,4968,1248,55281,306000000,1728000
1791121081.2907,4960,1256,55437,306000000,1190400
1791121081.3408,4960,1272,55312,306000000,1728000
1791121081.3909,4960,1272,55375,306000000,1728000
1791121081.4409,4960,1264,55187,306000000,1728000
1791121081.4911,4960,1264,55375,306000000,1728000
1791121081.5411,4960,1264,55281,306000000,1728000
1791121081.5912,4960,1256,55187,306000000,1728000
1791121081.6413,4960,1256,55187,306000000,1728000
1791121081.6914,4960,1256,55343,306000000,1728000
1791121081.7415,4960,1264,55437,306000000,1728000
1791121081.7915,4960,1256,55312,306000000,1728000
1791121081.8416,4960,1264,55437,306000000,1728000
1791121081.8917,4960,1272,55187,306000000,1267200
1791121081.9418,4960,1272,55250,306000000,1728000
1791121081.9919,4960,1264,55156,306000000,1728000
1791121082.0420,4960,1256,55281,306000000,1728000
1791121082.0921,4968,1256,55187,306000000,1728000
1791121082.1422,4968,1248,55281,306000000,1728000
1791121082.1923,4968,1248,55406,306000000,1728000
1791121082.2424,4968,1248,55250,306000000,1728000
1791121082.2925,4968,1248,55406,306000000,1728000
1791121082.3425,4968,1248,55281,306000000,1728000
1791121082.3926,4968,1248,55281,306000000,1728000
1791121082.4427,4968,1256,55218,306000000,1728000
1791121082.4928,4960,1256,55375,306000000,1728000
1791121082.5429,4968,1256,55218,306000000,1728000
1791121082.5930,4968,1256,55312,306000000,1728000
1791121082.6431,4960,1256,55375,306000000,1728000
1791121082.6932,4968,1248,55281,306000000,1728000
1791121082.7432,4968,1248,55312,306000000,1728000
1791121082.7933,4968,1248,55218,306000000,1728000
1791121082.8434,4968,1248,55343,306000000,1728000
1791121082.8935,4968,1248,55250,306000000,1728000
1791121082.9436,4968,1240,55343,306000000,1728000
1791121082.9937,4960,1248,55187,306000000,1728000
1791121083.0438,4960,1264,55187,306000000,1728000
1791121083.0939,4960,1256,55468,306000000,1728000
1791121083.1440,4960,1256,55281,306000000,1728000
1791121083.1940,4968,1256,55406,306000000,1728000
1791121083.2441,4968,1248,55250,306000000,1728000
1791121083.2942,4968,1248,55375,306000000,1728000
1791121083.3443,4968,1248,55218,306000000,1728000
1791121083.3944,4968,1248,55312,306000000,1728000
1791121083.4445,4968,1240,55156,306000000,1728000
1791121083.4946,4968,1240,55250,306000000,1728000
1791121083.5446,4968,1248,55156,306000000,1190400
1791121083.5947,4960,1256,55312,306000000,1497600
1791121083.6448,4960,1248,55437,306000000,1728000
1791121083.6949,4960,1248,55187,306000000,1728000
1791121083.7450,4960,1248,55312,306000000,1728000
1791121083.7951,4960,1248,55218,306000000,1728000
1791121083.8452,4968,1248,55312,306000000,1728000
1791121083.8953,4960,1248,55187,306000000,1728000
1791121083.9454,4960,1248,55250,306000000,1728000
1791121083.9954,4968,1248,55218,306000000,1728000
1791121084.0455,4968,1248,55250,306000000,1728000
1791121084.0956,4968,1240,55468,306000000,1728000
1791121084.1457,4960,1256,55281,306000000,1728000
1791121084.1958,4960,1256,55218,306000000,1728000
1791121084.2459,4960,1256,55187,306000000,1728000
1791121084.2960,4960,1248,55281,306000000,1728000
1791121084.3460,4960,1248,55187,306000000,1728000
1791121084.3961,4960,1248,55281,306000000,1728000
1791121084.4462,4960,1248,55250,306000000,1728000
1791121084.4963,4960,1248,55281,306000000,1728000
1791121084.5464,4960,1240,55406,306000000,1728000
1791121084.5965,4960,1240,55218,306000000,1728000
1791121084.6465,4968,1240,55281,306000000,1728000
1791121084.6966,4960,1256,55156,306000000,1728000
1791121084.7467,4960,1264,55312,306000000,1728000
1791121084.7968,4960,1256,55218,306000000,1728000
1791121084.8469,4960,1256,55281,306000000,1728000
1791121084.8970,4960,1248,55218,306000000,1728000
1791121084.9471,4960,1248,55281,306000000,1728000
1791121084.9972,4960,1248,55437,306000000,1728000
1791121085.0473,4960,1248,55343,306000000,1728000
1791121085.0973,4960,1248,55343,306000000,1728000
1791121085.1474,4960,1256,55250,306000000,1728000
1791121085.1975,4960,1256,55250,306000000,1728000
1791121085.2476,4960,1264,55250,306000000,1728000
1791121085.2977,4960,1272,55250,306000000,1728000
1791121085.3478,4960,1264,55125,306000000,1728000
1791121085.3979,4960,1264,55218,306000000,1728000
1791121085.4480,4960,1264,55343,306000000,1728000
1791121085.4981,4960,1256,55187,306000000,1728000
1791121085.5481,4960,1256,55406,306000000,1728000
1791121085.5982,4960,1248,55187,306000000,1728000
1791121085.6483,4960,1248,55312,306000000,1728000
1791121085.6984,4968,1248,55218,306000000,1728000
1791121085.7485,4968,1248,55250,306000000,1728000
1791121085.7986,4968,1248,55125,306000000,1728000
1791121085.8487,4960,1256,55218,306000000,1728000
1791121085.8988,4960,1256,55187,306000000,1728000
1791121085.9489,4960,1256,55218,306000000,1728000
1791121085.9989,4960,1248,55375,306000000,1728000
1791121086.0490,4960,1248,55156,306000000,1728000
1791121086.0991,4960,1248,55281,306000000,1728000
1791121086.1492,4960,1248,55218,306000000,1728000
1791121086.1993,4968,1248,55218,306000000,1728000
1791121086.2494,4968,1248,55125,306000000,1728000
1791121086.2995,4968,1248,55250,306000000,1728000
1791121086.3495,4968,1248,55156,306000000,1728000
1791121086.3996,4960,1256,55250,306000000,883200
1791121086.4497,4960,1256,55406,306000000,1728000
1791121086.4998,4960,1256,55218,306000000,1728000
1791121086.5499,4960,1256,55250,306000000,1728000
1791121086.6000,4960,1264,55218,306000000,1728000
1791121086.6501,4960,1264,55312,306000000,1728000
1791121086.7002,4960,1264,55187,306000000,1728000
1791121086.7503,4960,1256,55250,306000000,960000
1791121086.8004,4960,1256,55125,306000000,1728000
1791121086.8505,4960,1256,55218,306000000,1728000
1791121086.9006,4960,1256,55437,306000000,1728000
1791121086.9506,4960,1272,55250,306000000,1728000
1791121087.0007,4960,1272,55250,306000000,1728000
1791121087.0508,4960,1272,55125,306000000,1728000
1791121087.1009,4960,1272,55281,306000000,1728000
1791121087.1510,4960,1256,55218,306000000,1728000
1791121087.2011,4960,1256,55218,306000000,1728000
1791121087.2511,4960,1256,55250,306000000,1728000
1791121087.3012,4960,1264,55187,306000000,1728000
1791121087.3513,4960,1264,55375,306000000,1728000
1791121087.4014,4960,1256,55218,306000000,1728000
1791121087.4515,4960,1256,55343,306000000,1728000
1791121087.5016,4960,1264,55187,306000000,1728000
1791121087.5516,4960,1272,55312,306000000,1728000
1791121087.6017,4960,1272,55156,306000000,1728000
1791121087.6518,4960,1264,55312,306000000,1728000
1791121087.7019,4960,1264,55093,306000000,1728000
1791121087.7520,4960,1256,55218,306000000,1728000
1791121087.8021,4960,1256,55500,306000000,1728000
1791121087.8522,4960,1256,55187,306000000,1728000
1791121087.9022,4960,1256,55343,306000000,1728000
1791121087.9523,4960,1248,55125,306000000,1728000
1791121088.0024,4960,1248,55281,306000000,1728000
1791121088.0525,4960,1256,55156,306000000,1728000
1791121088.1026,4960,1256,55250,306000000,1728000
1791121088.1527,4960,1256,55187,306000000,1728000
1791121088.2028,4960,1256,55218,306000000,1728000
1791121088.2529,4960,1264,55156,306000000,1728000
1791121088.3029,4960,1256,55281,306000000,1728000
1791121088.3530,4960,1256,55250,306000000,1728000
1791121088.4031,4960,1256,55218,306000000,1728000
1791121088.4532,4960,1248,55343,306000000,1728000
1791121088.5033,4960,1248,55187,306000000,1728000
1791121088.5534,4960,1248,55312,306000000,1728000
1791121088.6035,4960,1256,55125,306000000,1728000
1791121088.6536,4960,1256,55250,306000000,1728000
1791121088.7036,4960,1256,55281,306000000,1728000
1791121088.7537,4960,1256,55250,306000000,1728000
1791121088.8038,4960,1248,55312,306000000,1728000
1791121088.8539,4960,1248,55187,306000000,1728000
1791121088.9040,4960,1248,55312,306000000,1728000
1791121088.9540,4960,1248,55187,306000000,1728000
1791121089.0041,4960,1248,55281,306000000,1728000
1791121089.0542,4960,1248,55125,306000000,1728000
1791121089.1043,4960,1248,55187,306000000,1728000
1791121089.1544,4960,1256,55156,306000000,1728000
1791121089.2045,4960,1264,55218,306000000,1728000
1791121089.2546,4960,1264,55375,306000000,1728000
1791121089.3047,4960,1256,55218,306000000,1728000
1791121089.3548,4960,1248,55312,306000000,1728000
1791121089.4048,4960,1256,55187,306000000,1728000
1791121089.4549,4960,1248,55312,306000000,1728000
1791121089.5050,4960,1248,55187,306000000,1728000
1791121089.5551,4960,1248,55187,306000000,1728000
1791121089.6051,4960,1248,55125,306000000,1728000
1791121089.6552,4960,1248,55156,306000000,1728000
1791121089.7053,4960,1248,55437,306000000,1728000
1791121089.7554,4960,1256,55250,306000000,1728000
1791121089.8055,4960,1264,55250,306000000,1728000
1791121089.8556,4960,1256,55187,306000000,1728000
1791121089.9057,4968,1256,55218,306000000,1728000
1791121089.9558,4968,1256,55250,306000000,1728000
1791121090.0058,4968,1248,55218,306000000,1728000
1791121090.0559,4960,1248,55187,306000000,1728000
1791121090.1060,4968,1248,55218,306000000,1728000
1791121090.1561,4968,1248,55375,306000000,1728000
1791121090.2062,4968,1240,55250,306000000,1728000
1791121090.2563,4960,1240,55250,306000000,1728000
1791121090.3064,4960,1256,55156,306000000,1728000
1791121090.3565,4960,1264,55281,306000000,1728000
1791121090.4066,4960,1256,55156,306000000,1728000
1791121090.4566,4960,1256,55218,306000000,1728000
1791121090.5067,4960,1248,55218,306000000,1728000
1791121090.5568,4960,1256,55281,306000000,1728000
1791121090.6069,4960,1248,55218,306000000,1728000
1791121090.6570,4960,1248,55187,306000000,1728000
1791121090.7071,4960,1248,55187,306000000,1728000
1791121090.7571,4960,1248,55156,306000000,1728000
1791121090.8072,4968,1240,55250,306000000,1728000
1791121090.8573,4960,1256,55250,306000000,1113600
1791121090.9074,4960,1256,55250,306000000,1728000
1791121090.9575,4960,1256,55187,306000000,1728000
1791121091.0076,4960,1256,55218,306000000,1728000
1791121091.0577,4960,1256,55187,306000000,1728000
1791121091.1078,4960,1256,55218,306000000,1728000
1791121091.1579,4960,1256,55375,306000000,1728000
1791121091.2080,4960,1248,55187,306000000,1728000
1791121091.2580,4960,1248,55281,306000000,1728000
1791121091.3081,4960,1248,55250,306000000,1728000
1791121091.3582,4960,1248,55281,306000000,1728000
1791121091.4083,4960,1256,55156,306000000,1728000
1791121091.4584,4960,1272,55250,306000000,1728000
1791121091.5085,4960,1264,55187,306000000,1728000
1791121091.5586,4960,1256,55312,306000000,1728000
1791121091.6086,4960,1256,55406,306000000,1728000
1791121091.6587,4960,1256,55281,306000000,1728000
1791121091.7088,4960,1256,55375,306000000,1728000
1791121091.7589,4960,1248,55187,306000000,1728000
1791121091.8090,4960,1248,55312,306000000,1728000
1791121091.8591,4960,1248,55125,306000000,1728000
1791121091.9091,4960,1256,55218,306000000,1728000
1791121091.9593,4960,1256,55156,306000000,1267200
1791121092.0094,4960,1264,55218,306000000,1728000
1791121092.0594,4960,1256,55281,306000000,1728000
1791121092.1095,4960,1256,55218,306000000,1728000
1791121092.1596,4960,1256,55312,306000000,1728000
1791121092.2097,4960,1256,55250,306000000,1728000
1791121092.2598,4960,1264,55312,306000000,1728000
1791121092.3099,4960,1256,55187,306000000,1728000
1791121092.3599,4960,1256,55250,306000000,1728000
1791121092.4100,4960,1256,55187,306000000,1728000
1791121092.4601,4960,1256,55187,306000000,1728000
1791121092.5102,4960,1248,55468,306000000,1113600
1791121092.5603,4960,1264,55218,306000000,1728000
1791121092.6104,4960,1264,55281,306000000,1728000
1791121092.6604,4960,1256,55218,306000000,1728000
1791121092.7105,4960,1256,55343,306000000,1728000
1791121092.7606,4960,1256,55156,306000000,1728000
1791121092.8107,4960,1248,55250,306000000,1728000
1791121092.8608,4960,1248,55156,306000000,1728000
1791121092.9109,4960,1248,55218,306000000,1728000
1791121092.9609,4960,1248,55156,306000000,1728000
1791121093.0110,4960,1248,55218,306000000,1728000
1791121093.0611,4960,1248,55343,306000000,1728000
1791121093.1112,4960,1256,55156,306000000,1344000
1791121093.1613,4960,1256,55218,306000000,1728000
1791121093.2114,4960,1248,55187,306000000,1728000
1791121093.2615,4960,1248,55250,306000000,1728000
1791121093.3116,4968,1240,55187,306000000,1728000
1791121093.3616,4968,1248,55281,306000000,1728000
1791121093.4117,4960,1248,55062,306000000,1728000
1791121093.4618,4960,1248,55250,306000000,1728000
1791121093.5119,4960,1248,55375,306000000,1728000
1791121093.5620,4960,1248,55125,306000000,1728000
1791121093.6121,4960,1248,55343,306000000,1728000
1791121093.6622,4960,1248,55187,306000000,1728000
1791121093.7122,4960,1248,55250,306000000,1728000
1791121093.7623,4960,1256,55125,306000000,1728000
1791121093.8124,4960,1256,55281,306000000,1728000
1791121093.8625,4960,1256,55125,306000000,1728000
1791121093.9126,4960,1256,55250,306000000,1728000
1791121093.9627,4960,1256,55312,306000000,1728000
1791121094.0127,4960,1256,55187,306000000,1728000
1791121094.0628,4960,1256,55218,306000000,1728000
1791121094.1129,4960,1248,55187,306000000,1728000
1791121094.1630,4968,1248,55218,306000000,1728000
1791121094.2131,4960,1256,55125,306000000,1728000
1791121094.2632,4960,1264,55250,306000000,1728000
1791121094.3133,4960,1264,55218,306000000,1728000
1791121094.3633,4960,1256,55218,306000000,1728000
1791121094.4134,4960,1256,55281,306000000,1728000
1791121094.4635,4960,1256,55218,306000000,1728000
1791121094.5136,4960,1248,55218,306000000,1728000
1791121094.5637,4960,1248,55062,306000000,1728000
1791121094.6138,4960,1248,55281,306000000,1728000
1791121094.6638,4968,1248,55218,306000000,1728000
1791121094.7139,4968,1240,55187,306000000,1728000
1791121094.7640,4968,1248,55187,306000000,1728000
1791121094.8141,4960,1256,55156,306000000,883200
1791121094.8642,4960,1256,55343,306000000,1728000
1791121094.9143,4960,1256,55156,306000000,1728000
1791121094.9644,4968,1248,55281,306000000,1728000
1791121095.0145,4960,1248,55156,306000000,1728000
1791121095.0646,4960,1248,55250,306000000,1728000
1791121095.1146,4960,1248,55218,306000000,1728000
1791121095.1647,4968,1248,55218,306000000,1728000
1791121095.2148,4968,1248,55187,306000000,1728000
1791121095.2649,4968,1248,55218,306000000,1728000
1791121095.3150,4968,1248,55187,306000000,1190400
1791121095.3651,4960,1256,55187,306000000,1728000
1791121095.4152,4960,1264,55312,306000000,1728000
1791121095.4653,4960,1256,55218,306000000,1728000
1791121095.5153,4960,1248,55281,306000000,1728000
1791121095.5654,4960,1248,55125,306000000,1728000
1791121095.6155,4968,1248,55187,306000000,1728000
1791121095.6656,4968,1248,55187,306000000,1728000
1791121095.7157,4968,1248,55218,306000000,1728000
1791121095.7658,4968,1240,55125,306000000,1728000
1791121095.8159,4960,1240,55187,306000000,1728000
1791121095.8659,4960,1240,55312,306000000,1728000
1791121095.9160,4960,1256,55187,306000000,1728000
1791121095.9661,4960,1256,55250,306000000,1728000
1791121096.0162,4960,1256,55125,306000000,1728000
1791121096.0663,4960,1248,55250,306000000,1728000
1791121096.1164,4960,1248,55187,306000000,1728000
1791121096.1665,4960,1256,55187,306000000,1728000
1791121096.2166,4960,1248,55187,306000000,1728000
1791121096.2667,4960,1248,55156,306000000,1728000
1791121096.3168,4960,1256,55312,306000000,1728000
1791121096.3668,4960,1256,55187,306000000,1728000
1791121096.4169,4960,1248,55312,306000000,1728000
1791121096.4670,4960,1264,55156,306000000,1728000
1791121096.5171,4960,1264,55187,306000000,1728000
1791121096.5672,4960,1264,55187,306000000,1728000
1791121096.6173,4960,1264,55156,306000000,1728000
1791121096.6674,4960,1256,55156,306000000,1728000
1791121096.7175,4960,1248,55187,306000000,1728000
1791121096.7675,4960,1248,55343,306000000,1728000
1791121096.8176,4960,1248,55218,306000000,1728000
1791121096.8677,4960,1248,55250,306000000,1728000
1791121096.9178,4960,1248,55093,306000000,1728000
1791121096.9679,4960,1240,55281,306000000,1728000
1791121097.0180,4960,1248,55156,306000000,1728000
1791121097.0681,4960,1256,55218,306000000,1728000
1791121097.1182,4960,1256,55187,306000000,1728000
1791121097.1682,4960,1256,55281,306000000,1728000
1791121097.2183,4960,1256,55312,306000000,1728000
1791121097.2684,4960,1256,55187,306000000,1728000
1791121097.3185,4960,1248,55281,306000000,1728000
1791121097.3686,4960,1248,55125,306000000,1728000
1791121097.4187,4960,1248,55187,306000000,1728000
1791121097.4688,4960,1248,55187,306000000,1728000
1791121097.5189,4960,1248,55218,306000000,1728000
1791121097.5690,4960,1248,55156,306000000,1728000
1791121097.6191,4960,1248,55218,306000000,1728000
1791121097.6692,4968,1232,55312,306000000,1728000
1791121097.7193,4968,1232,55187,306000000,1728000
1791121097.7693,4968,1224,55281,306000000,1728000
1791121097.8194,4968,1224,55093,306000000,1728000
1791121097.8695,4968,1216,55218,306000000,1728000
1791121097.9196,4968,1216,55156,306000000,1728000
1791121097.9696,4968,1216,55281,306000000,1728000
1791121098.0197,4968,1208,55125,306000000,1728000
1791121098.0698,4968,1208,55218,306000000,1728000
1791121098.1199,4968,1208,55125,306000000,1728000
1791121098.1700,4968,1224,55187,306000000,1728000
1791121098.2201,4968,1224,55281,306000000,1728000
1791121098.2702,4968,1216,55156,306000000,1728000
1791121098.3203,4968,1216,55250,306000000,1728000
1791121098.3703,4968,1216,55093,306000000,1728000
1791121098.4204,4968,1208,55187,306000000,1728000
1791121098.4705,4968,1208,55125,306000000,1728000
1791121098.5206,4968,1208,55312,306000000,1728000
1791121098.5707,4968,1208,55125,306000000,1728000
1791121098.6208,4968,1208,55156,306000000,1728000
1791121098.6708,4968,1208,55281,306000000,1728000
1791121098.7209,4968,1216,55187,306000000,1728000
1791121098.7711,4968,1216,55250,306000000,1728000
1791121098.8212,4968,1216,55218,306000000,1728000
1791121098.8712,4968,1216,55156,306000000,1728000
1791121098.9213,4968,1208,55093,306000000,1728000
1791121098.9714,4968,1208,55218,306000000,1728000
1791121099.0215,4968,1208,55062,306000000,1728000
1791121099.0715,4968,1208,55218,306000000,1728000
1791121099.1216,4968,1208,55343,306000000,1728000
1791121099.1717,4968,1200,55187,306000000,1728000
1791121099.2218,4968,1200,55281,306000000,1728000
1791121099.2719,4968,1216,55218,306000000,1728000
1791121099.3220,4968,1216,55250,306000000,1728000
1791121099.3721,4968,1216,55156,306000000,1728000
1791121099.4222,4968,1216,55218,306000000,1728000
1791121099.4722,4968,1208,55156,306000000,1728000
1791121099.5223,4968,1208,55218,306000000,1728000
1791121099.5724,4968,1208,55250,306000000,1728000
1791121099.6225,4968,1208,55156,306000000,1728000
1791121099.6726,4968,1208,55218,306000000,1728000
1791121099.7227,4968,1200,55156,306000000,1728000
1791121099.7727,4968,1200,55218,306000000,1728000
1791121099.8228,4968,1216,55156,306000000,1728000
1791121099.8729,4968,1216,55156,306000000,1728000
1791121099.9230,4968,1216,55156,306000000,1728000
1791121099.9731,4968,1208,55187,306000000,1728000
1791121100.0232,4968,1208,55250,306000000,1728000
1791121100.0733,4968,1208,55187,306000000,1728000
1791121100.1234,4968,1224,55250,306000000,1728000
1791121100.1735,4968,1232,55187,306000000,1728000
1791121100.2236,4960,1232,55281,306000000,1728000
1791121100.2737,4960,1240,55093,306000000,1728000
1791121100.3238,4960,1248,55218,306000000,1728000
1791121100.3738,4960,1272,55156,306000000,1728000
1791121100.4239,4960,1272,55250,306000000,1728000
1791121100.4740,4960,1264,55343,306000000,1728000
1791121100.5241,4960,1240,55125,306000000,1728000
1791121100.5742,4968,1216,55281,306000000,1728000
