1791120810.7951,4976,992,59156,306000000,1728000
1791120810.8451,4968,1048,59437,306000000,1728000
1791120810.8952,4968,1112,59937,306000000,1728000
1791120810.9453,4968,1136,59531,306000000,1728000
1791120810.9954,4968,1144,59312,306000000,1728000
1791120811.0455,4968,1144,59187,306000000,1728000
1791120811.0956,4968,1160,59250,306000000,1728000
1791120811.1457,4968,1176,59375,306000000,1728000
1791120811.1958,4968,1176,59375,306000000,1728000
1791120811.2459,4968,1184,59281,306000000,1728000
1791120811.2960,4968,1192,59187,306000000,1728000
1791120811.3461,4968,1192,59250,306000000,1728000
1791120811.3961,4968,1192,59218,306000000,1728000
1791120811.4462,4968,1200,59406,306000000,1728000
1791120811.4963,4968,1216,59343,306000000,1728000
1791120811.5464,4960,1216,59281,306000000,1728000
1791120811.5965,4960,1224,59156,306000000,1728000
1791120811.6466,4960,1224,59218,306000000,1728000
1791120811.6967,4960,1224,59218,306000000,1728000
1791120811.7468,4968,1216,59187,1020000000,1728000
1791120811.7969,4960,1216,59312,306000000,1728000
1791120811.8470,4968,1216,59156,306000000,1728000
1791120811.8971,4960,1216,59312,306000000,1728000
1791120811.9472,4960,1216,59093,306000000,1728000
1791120811.9973,4960,1240,59250,306000000,1728000
1791120812.0474,4960,1264,59187,306000000,1728000
1791120812.0975,4960,1280,59187,306000000,1728000
1791120812.1476,4960,1304,59125,306000000,1728000
1791120812.1977,4960,1304,59125,306000000,1728000
1791120812.2478,4960,1312,59093,306000000,1728000
1791120812.2979,4960,1312,59187,306000000,1728000
1791120812.3480,4960,1320,59312,306000000,1728000
1791120812.3981,4960,1344,59156,306000000,1728000
1791120812.4482,4960,1336,59250,306000000,1728000
1791120812.4983,4960,1336,59125,306000000,1728000
1791120812.5484,4960,1336,59218,306000000,1728000
1791120812.5985,4960,1344,59062,306000000,1728000
1791120812.6486,4960,1344,59125,306000000,1728000
1791120812.6987,4960,1336,59125,306000000,1190400
1791120812.7488,4960,1328,59187,306000000,1728000
1791120812.7989,4960,1320,59125,306000000,1728000
1791120812.8490,4960,1320,59218,306000000,1344000
1791120812.8991,4960,1320,59312,306000000,1728000
1791120812.9492,4960,1312,59156,306000000,1728000
1791120812.9992,4960,1312,59156,306000000,1728000
1791120813.0493,4960,1312,59031,306000000,1728000
1791120813.0994,4960,1312,59187,306000000,1190400
1791120813.1495,4960,1320,59187,306000000,1728000
1791120813.1996,4960,1328,59125,306000000,1728000
1791120813.2497,4960,1328,59125,306000000,1344000
1791120813.2998,4960,1328,59125,306000000,1728000
1791120813.3499,4960,1312,59250,306000000,1728000
1791120813.4000,4960,1312,59093,306000000,1728000
1791120813.4501,4960,1312,59156,306000000,1728000
1791120813.5002,4960,1312,59125,306000000,1728000
1791120813.5503,4960,1304,59187,306000000,1728000
1791120813.6004,4960,1304,59093,306000000,1190400
1791120813.6505,4960,1296,59125,306000000,1728000
1791120813.7006,4960,1320,59062,306000000,1728000
1791120813.7507,4960,1328,59125,306000000,1190400
1791120813.8008,4960,1320,59281,306000000,1728000
1791120813.8509,4960,1312,59062,306000000,1728000
1791120813.9010,4960,1312,59187,306000000,1190400
1791120813.9511,4960,1304,59062,306000000,1113600
1791120814.0012,4960,1288,59093,306000000,1190400
1791120814.0513,4960,1288,59093,306000000,1728000
1791120814.1014,4960,1280,59093,306000000,1728000
1791120814.1515,4960,1280,59031,306000000,1728000
1791120814.2016,4960,1296,59062,306000000,1728000
1791120814.2517,4960,1304,59250,306000000,1728000
1791120814.3018,4960,1304,59125,306000000,1728000
1791120814.3519,4960,1304,59187,306000000,1728000
1791120814.4020,4960,1304,59031,306000000,1728000
1791120814.4521,4960,1304,59062,306000000,1728000
1791120814.5022,4960,1304,59062,306000000,1728000
1791120814.5523,4960,1304,59156,306000000,1728000
1791120814.6024,4960,1304,59000,306000000,1728000
1791120814.6524,4960,1304,59062,306000000,1728000
1791120814.7025,4960,1304,59250,306000000,1728000
1791120814.7526,4960,1304,59031,306000000,1728000
1791120814.8027,4960,1312,59125,306000000,1728000
1791120814.8528,4960,1320,59031,306000000,1728000
1791120814.9029,4960,1312,59093,306000000,1728000
1791120814.9530,4960,1312,59031,306000000,1728000
1791120815.0031,4960,1312,59093,306000000,1267200
1791120815.0532,4960,1312,59000,306000000,1267200
1791120815.1033,4960,1312,59062,306000000,1267200
1791120815.1534,4960,1304,59000,306000000,1728000
1791120815.2035,4960,1304,59031,306000000,1190400
1791120815.2536,4960,1304,59187,306000000,1728000
1791120815.3037,4960,1296,59000,306000000,1728000
1791120815.3538,4960,1304,59093,306000000,1267200
1791120815.4039,4960,1320,59031,306000000,1728000
1791120815.4540,4960,1312,59062,306000000,1728000
1791120815.5041,4960,1304,59000,306000000,1728000
1791120815.5542,4960,1304,59093,306000000,1728000
1791120815.6043,4960,1304,59000,306000000,1728000
1791120815.6544,4960,1304,59031,306000000,1728000
1791120815.7045,4960,1296,59187,306000000,1728000
1791120815.7546,4960,1296,59031,306000000,1728000
1791120815.8047,4960,1296,59031,306000000,1190400
1791120815.8548,4960,1288,59031,306000000,1728000
1791120815.9049,4960,1288,59062,306000000,1728000
1791120815.9550,4960,1304,58968,306000000,1728000
1791120816.0051,4960,1304,59031,306000000,1728000
1791120816.0552,4960,1296,58937,306000000,1728000
1791120816.1052,4960,1296,58968,306000000,1728000
1791120816.1553,4960,1296,59125,306000000,1113600
1791120816.2054,4960,1296,58968,306000000,1420800
1791120816.2555,4960,1304,59031,306000000,1728000
1791120816.3056,4960,1304,58968,306000000,1728000
1791120816.3557,4960,1312,59093,306000000,1420800
1791120816.4058,4960,1312,58937,306000000,1728000
1791120816.4559,4960,1304,58968,306000000,1728000
1791120816.5060,4960,1320,58968,306000000,1728000
1791120816.5561,4960,1320,58937,306000000,1728000
1791120816.6062,4960,1320,59156,306000000,1728000
1791120816.6563,4960,1320,58968,306000000,1728000
1791120816.7064,4960,1320,59000,306000000,1267200
1791120816.7565,4960,1312,58937,306000000,1728000
1791120816.8066,4960,1304,59000,306000000,1728000
1791120816.8567,4960,1304,59000,306000000,1728000
1791120816.9068,4960,1304,59062,306000000,1344000
1791120816.9569,4960,1312,58937,306000000,1728000
1791120817.0070,4960,1304,58968,306000000,1728000
1791120817.0571,4960,1312,59156,306000000,1728000
1791120817.1072,4960,1320,58968,306000000,1728000
1791120817.1573,4960,1320,59093,306000000,1267200
1791120817.2074,4960,1304,58937,306000000,1728000
1791120817.2575,4960,1312,59031,306000000,1728000
1791120817.3076,4960,1320,58937,306000000,1267200
1791120817.3577,4960,1312,59062,306000000,1728000
1791120817.4078,4960,1296,58875,306000000,1728000
1791120817.4579,4960,1296,58937,306000000,1728000
1791120817.5080,4960,1288,59000,306000000,1728000
1791120817.5581,4960,1288,58937,306000000,1728000
1791120817.6082,4960,1288,59093,306000000,1728000
1791120817.6583,4960,1312,58875,306000000,1651200
1791120817.7084,4960,1320,58968,306000000,1574400
1791120817.7585,4960,1320,58937,306000000,1728000
1791120817.8085,4960,1312,58968,306000000,1728000
1791120817.8586,4960,1320,58906,306000000,1267200
1791120817.9087,4960,1312,58937,306000000,1728000
1791120817.9588,4960,1312,58843,306000000,1267200
1791120818.0089,4960,1304,58968,306000000,1728000
1791120818.0590,4960,1304,59031,306000000,1728000
1791120818.1091,4960,1304,58937,306000000,1267200
1791120818.1592,4960,1312,58968,306000000,1728000
1791120818.2093,4960,1312,58906,306000000,1728000
1791120818.2594,4960,1312,58968,306000000,1728000
1791120818.3095,4960,1320,58937,306000000,1728000
1791120818.3596,4960,1320,59000,306000000,1728000
1791120818.4097,4960,1312,58906,306000000,1728000
1791120818.4598,4960,1312,59000,306000000,1728000
1791120818.5099,4960,1312,59093,306000000,1728000
1791120818.5600,4960,1312,58937,306000000,1728000
1791120818.6101,4960,1304,58968,306000000,1728000
1791120818.6602,4960,1304,58937,306000000,1728000
1791120818.7103,4960,1312,58937,306000000,1344000
1791120818.7604,4960,1312,58937,306000000,1728000
1791120818.8105,4960,1304,58968,306000000,1728000
1791120818.8606,4960,1304,58875,306000000,1267200
1791120818.9107,4960,1296,58937,306000000,1728000
1791120818.9607,4960,1288,59062,306000000,1728000
1791120819.0108,4960,1288,58937,306000000,1728000
1791120819.0609,4960,1288,58937,306000000,1728000
1791120819.1110,4960,1280,58906,306000000,1728000
1791120819.1611,4960,1280,59000,306000000,1728000
1791120819.2112,4960,1272,58812,306000000,1728000
1791120819.2613,4960,1280,58968,306000000,1190400
1791120819.3114,4960,1288,58812,306000000,1728000
1791120819.3615,4960,1288,58906,306000000,1728000
1791120819.4115,4960,1280,58968,306000000,1728000
1791120819.4616,4960,1280,58906,306000000,1728000
1791120819.5117,4960,1280,59000,306000000,1728000
1791120819.5618,4960,1264,58843,306000000,1728000
1791120819.6119,4960,1272,58875,306000000,960000
1791120819.6619,4960,1264,58875,306000000,1728000
1791120819.7121,4960,1264,58937,306000000,1728000
1791120819.7621,4960,1264,58750,306000000,1728000
1791120819.8122,4960,1264,58906,306000000,1728000
1791120819.8623,4960,1280,58843,306000000,1113600
1791120819.9124,4960,1272,58812,306000000,1728000
1791120819.9625,4960,1272,58968,306000000,1728000
1791120820.0126,4960,1264,58781,306000000,1728000
1791120820.0627,4960,1264,58937,306000000,1728000
1791120820.1128,4960,1264,58812,306000000,1728000
1791120820.1628,4960,1256,58937,306000000,1190400
1791120820.2129,4960,1256,58843,306000000,1728000
1791120820.2630,4960,1248,58906,306000000,1728000
1791120820.3131,4960,1256,58750,306000000,1728000
1791120820.3632,4960,1256,58781,306000000,1267200
1791120820.4133,4960,1264,58968,306000000,1420800
1791120820.4634,4960,1272,58843,306000000,1728000
1791120820.5134,4960,1264,58875,306000000,1728000
1791120820.5635,4960,1264,58843,306000000,1728000
1791120820.6136,4960,1256,58937,306000000,1728000
1791120820.6637,4960,1264,58812,306000000,1728000
1791120820.7138,4960,1256,58875,306000000,1728000
1791120820.7639,4960,1264,58812,306000000,1190400
1791120820.8140,4960,1264,58812,306000000,1728000
1791120820.8640,4960,1256,59031,306000000,1728000
1791120820.9141,4960,1256,58781,306000000,1113600
1791120820.9642,4960,1272,58875,306000000,1728000
1791120821.0143,4960,1272,58781,306000000,1728000
1791120821.0644,4960,1272,58812,306000000,1728000
1791120821.1145,4960,1256,58843,306000000,1728000
1791120821.1646,4960,1264,58812,306000000,1728000
1791120821.2146,4960,1256,58750,306000000,1728000
1791120821.2647,4960,1256,58781,306000000,1728000
1791120821.3148,4960,1264,58937,306000000,1728000
1791120821.3649,4960,1264,58843,306000000,1728000
1791120821.4151,4960,1272,58937,306000000,1728000
1791120821.4651,4960,1272,58781,306000000,1728000
1791120821.5152,4960,1280,58812,306000000,1728000
1791120821.5654,4960,1288,58718,306000000,1728000
1791120821.6155,4960,1288,58843,306000000,1728000
1791120821.6655,4960,1288,58750,306000000,1728000
1791120821.7156,4960,1280,58781,306000000,1728000
1791120821.7657,4960,1280,58937,306000000,1728000
1791120821.8158,4960,1288,58812,306000000,1728000
1791120821.8659,4960,1272,58781,306000000,1728000
1791120821.9160,4960,1272,58718,306000000,1728000
1791120821.9661,4960,1280,58906,306000000,1728000
1791120822.0162,4960,1280,58781,306000000,1728000
1791120822.0663,4960,1280,58875,306000000,1728000
1791120822.1164,4960,1296,58656,306000000,1728000
1791120822.1664,4960,1296,58750,306000000,1728000
1791120822.2165,4960,1296,58718,306000000,1728000
1791120822.2666,4960,1296,58781,306000000,1728000
1791120822.3167,4960,1288,58937,306000000,1728000
1791120822.3668,4960,1288,58750,306000000,1728000
1791120822.4169,4960,1296,58843,306000000,1728000
1791120822.4670,4960,1288,58718,306000000,1728000
1791120822.5171,4960,1280,58812,306000000,1728000
1791120822.5672,4960,1280,58718,306000000,1728000
1791120822.6173,4960,1280,58781,306000000,1190400
1791120822.6674,4960,1288,58656,306000000,1344000
1791120822.7175,4960,1288,58718,306000000,1728000
1791120822.7676,4960,1288,58906,306000000,1728000
1791120822.8177,4960,1288,58750,306000000,1728000
1791120822.8677,4960,1280,58750,306000000,1728000
1791120822.9178,4960,1280,58687,306000000,1728000
1791120822.9679,4960,1280,58843,306000000,1728000
1791120823.0180,4960,1272,58718,306000000,1728000
1791120823.0681,4960,1272,58781,306000000,1728000
1791120823.1181,4960,1280,58625,306000000,1728000
1791120823.1682,4960,1272,58781,306000000,1728000
1791120823.2183,4960,1280,58875,306000000,1728000
1791120823.2684,4960,1288,58625,306000000,1728000
1791120823.3185,4960,1280,58781,306000000,1728000
1791120823.3686,4960,1280,58656,306000000,1728000
1791120823.4187,4960,1280,58781,306000000,1728000
1791120823.4688,4960,1288,58593,306000000,1728000
1791120823.5189,4960,1280,58781,306000000,1728000
1791120823.5690,4960,1280,58562,306000000,1728000
1791120823.6191,4960,1280,58687,306000000,1728000
1791120823.6691,4960,1280,58906,306000000,1728000
1791120823.7192,4960,1280,58718,306000000,1728000
1791120823.7693,4960,1288,58781,306000000,1728000
1791120823.8194,4960,1296,58625,306000000,1728000
1791120823.8695,4960,1288,58750,306000000,1728000
1791120823.9196,4960,1288,58593,306000000,1728000
1791120823.9697,4960,1288,58750,306000000,1728000
1791120824.0197,4960,1280,58593,306000000,1728000
1791120824.0698,4960,1272,58750,306000000,1728000
1791120824.1199,4960,1280,58843,306000000,1728000
1791120824.1700,4960,1280,58687,306000000,1728000
1791120824.2201,4960,1272,58750,306000000,1728000
1791120824.2702,4960,1272,58656,306000000,1728000
1791120824.3203,4960,1280,58687,306000000,1728000
1791120824.3704,4960,1288,58718,306000000,1728000
1791120824.4205,4960,1280,58812,306000000,1728000
1791120824.4706,4960,1296,58562,306000000,1728000
1791120824.5207,4960,1296,58625,306000000,1728000
1791120824.5707,4960,1288,58500,306000000,1728000
1791120824.6208,4960,1288,58625,306000000,1728000
1791120824.6709,4960,1288,58687,306000000,1728000
1791120824.7210,4960,1288,58593,306000000,1728000
1791120824.7711,4960,1280,58687,306000000,1728000
1791120824.8212,4960,1280,58531,306000000,1728000
1791120824.8712,4960,1288,58718,306000000,1344000
1791120824.9214,4960,1304,58593,306000000,1728000
1791120824.9715,4960,1288,58656,306000000,1728000
1791120825.0215,4960,1296,58625,306000000,1728000
1791120825.0716,4960,1296,58656,306000000,1728000
1791120825.1217,4960,1296,58781,306000000,1728000
1791120825.1718,4960,1288,58593,306000000,1728000
1791120825.2219,4960,1288,58718,306000000,1728000
1791120825.2720,4960,1288,58625,306000000,1728000
1791120825.3220,4960,1288,58718,306000000,1728000
1791120825.3721,4960,1280,58593,306000000,1728000
1791120825.4222,4960,1288,58656,306000000,1728000
1791120825.4723,4960,1304,58531,306000000,1728000
1791120825.5224,4960,1304,58625,306000000,1728000
1791120825.5725,4960,1296,58750,306000000,1728000
1791120825.6226,4960,1288,58593,306000000,1728000
1791120825.6727,4960,1288,58718,306000000,1728000
1791120825.7228,4960,1288,58531,306000000,1728000
1791120825.7728,4960,1288,58656,306000000,1728000
1791120825.8229,4960,1280,58593,306000000,1728000
1791120825.8730,4960,1288,58593,306000000,1728000
1791120825.9231,4960,1288,58593,306000000,1728000
1791120825.9732,4960,1280,58687,306000000,1728000
1791120826.0233,4960,1288,58656,306000000,1420800
1791120826.0734,4960,1288,58625,306000000,1728000
1791120826.1235,4960,1288,58718,306000000,1728000
1791120826.1735,4960,1280,58531,306000000,1728000
1791120826.2236,4960,1288,58718,306000000,1728000
1791120826.2737,4960,1280,58500,306000000,1728000
1791120826.3238,4960,1280,58656,306000000,1728000
1791120826.3739,4960,1280,58500,306000000,1728000
1791120826.4239,4960,1280,58562,306000000,1728000
1791120826.4740,4960,1280,58781,306000000,1728000
1791120826.5241,4960,1280,58593,306000000,1728000
1791120826.5742,4960,1296,58625,306000000,1728000
1791120826.6243,4960,1304,58531,306000000,1728000
1791120826.6744,4960,1296,58718,306000000,1728000
1791120826.7245,4960,1288,58500,306000000,1728000
1791120826.7746,4960,1296,58562,306000000,1728000
1791120826.8247,4960,1296,58531,306000000,1728000
1791120826.8748,4960,1288,58500,306000000,1728000
1791120826.9248,4960,1288,58500,306000000,1728000
1791120826.9749,4960,1288,58562,306000000,1728000
1791120827.0250,4960,1288,58718,306000000,1728000
1791120827.0750,4960,1288,58437,306000000,1728000
1791120827.1251,4960,1296,58625,306000000,1267200
1791120827.1752,4960,1304,58500,306000000,1728000
1791120827.2253,4960,1296,58531,306000000,1728000
1791120827.2754,4960,1296,58437,306000000,1728000
1791120827.3255,4960,1296,58531,306000000,1728000
1791120827.3756,4960,1288,58437,306000000,1728000
1791120827.4256,4960,1280,58531,306000000,1728000
1791120827.4757,4960,1280,58593,306000000,1728000
1791120827.5258,4960,1288,58468,306000000,1728000
1791120827.5759,4960,1304,58593,306000000,1728000
1791120827.6260,4960,1312,58468,306000000,1728000
1791120827.6761,4960,1328,58531,306000000,1728000
1791120827.7262,4960,1336,58468,306000000,1728000
1791120827.7763,4960,1328,58531,306000000,1728000
1791120827.8264,4960,1336,58437,306000000,1728000
1791120827.8765,4960,1336,58562,306000000,1728000
1791120827.9266,4960,1336,58718,306000000,1728000
1791120827.9766,4960,1328,58500,306000000,1728000
1791120828.0267,4960,1320,58562,306000000,1728000
1791120828.0768,4960,1320,58531,306000000,1728000
1791120828.1269,4960,1320,58562,306000000,1728000
1791120828.1770,4960,1304,58468,306000000,1728000
1791120828.2271,4960,1312,58593,306000000,1344000
1791120828.2772,4960,1320,58437,306000000,1728000
1791120828.3273,4960,1312,58562,306000000,1728000
1791120828.3773,4960,1304,58656,306000000,1728000
1791120828.4274,4960,1304,58437,306000000,1728000
1791120828.4775,4960,1296,58562,306000000,1728000
1791120828.5276,4960,1296,58468,306000000,1728000
1791120828.5777,4960,1304,58531,306000000,1728000
1791120828.6278,4960,1304,58531,306000000,1728000
1791120828.6779,4960,1304,58562,306000000,1728000
1791120828.7280,4960,1296,58437,306000000,1728000
1791120828.7781,4960,1296,58500,306000000,1728000
1791120828.8282,4960,1312,58625,306000000,1728000
1791120828.8783,4960,1312,58437,306000000,1728000
1791120828.9284,4960,1304,58625,306000000,1728000
1791120828.9784,4960,1304,58437,306000000,1728000
1791120829.0285,4960,1304,58656,306000000,1728000
1791120829.0786,4960,1296,58437,306000000,1728000
1791120829.1287,4960,1296,58437,306000000,1728000
1791120829.1788,4960,1296,58406,306000000,1728000
1791120829.2289,4960,1296,58437,306000000,1728000
1791120829.2789,4960,1288,58375,306000000,1728000
1791120829.3290,4960,1288,58437,306000000,1728000
1791120829.3791,4960,1304,58468,306000000,1420800
1791120829.4292,4960,1304,58500,306000000,1728000
1791120829.4793,4960,1304,58531,306000000,1728000
1791120829.5294,4960,1296,58437,306000000,1728000
1791120829.5795,4960,1296,58593,306000000,1728000
1791120829.6296,4960,1304,58437,306000000,1728000
1791120829.6797,4960,1304,58406,306000000,1728000
1791120829.7298,4960,1296,58406,306000000,1728000
1791120829.7798,4960,1296,58406,306000000,1728000
1791120829.8299,4960,1296,58406,306000000,1728000
1791120829.8800,4960,1296,58406,306000000,1728000
1791120829.9301,4960,1304,58468,306000000,1728000
1791120829.9802,4960,1304,58406,306000000,1728000
1791120830.0303,4960,1304,58531,306000000,1728000
1791120830.0804,4960,1288,58343,306000000,1728000
1791120830.1304,4960,1288,58406,306000000,1728000
1791120830.1805,4960,1288,58437,306000000,1728000
1791120830.2306,4960,1280,58437,306000000,1728000
1791120830.2807,4960,1280,58562,306000000,1728000
1791120830.3308,4960,1280,58437,306000000,1728000
1791120830.3808,4960,1280,58531,306000000,1728000
1791120830.4309,4960,1280,58437,306000000,1728000
1791120830.4810,4960,1280,58531,306000000,1728000
1791120830.5311,4960,1296,58343,306000000,1728000
1791120830.5812,4960,1296,58375,306000000,1728000
1791120830.6313,4960,1296,58312,306000000,1728000
1791120830.6813,4960,1296,58437,306000000,1728000
1791120830.7314,4960,1296,58531,306000000,1728000
1791120830.7815,4960,1288,58437,306000000,1728000
1791120830.8316,4960,1288,58437,306000000,1728000
1791120830.8817,4960,1280,58437,306000000,1728000
1791120830.9318,4960,1288,58500,306000000,1728000
1791120830.9819,4960,1288,58343,306000000,1728000
1791120831.0320,4960,1288,58437,306000000,1728000
1791120831.0821,4960,1296,58312,306000000,1728000
1791120831.1321,4960,1296,58375,306000000,1728000
1791120831.1822,4960,1288,58562,306000000,1728000
1791120831.2323,4960,1288,58375,306000000,1728000
1791120831.2824,4960,1288,58500,306000000,1728000
1791120831.3325,4960,1288,58375,306000000,1728000
1791120831.3825,4960,1280,58468,306000000,1728000
1791120831.4326,4960,1280,58312,306000000,1728000
1791120831.4827,4960,1280,58406,306000000,1728000
1791120831.5328,4960,1288,58312,306000000,1728000
1791120831.5829,4960,1280,58406,306000000,1728000
1791120831.6330,4960,1304,58312,306000000,1344000
1791120831.6831,4960,1304,58375,306000000,1728000
1791120831.7332,4960,1304,58468,306000000,1728000
1791120831.7832,4960,1296,58437,306000000,1728000
1791120831.8333,4960,1296,58437,306000000,1728000
1791120831.8834,4960,1296,58343,306000000,1728000
1791120831.9335,4960,1296,58406,306000000,1728000
1791120831.9836,4960,1288,58281,306000000,1728000
1791120832.0337,4960,1288,58375,306000000,1728000
1791120832.0837,4960,1288,58406,306000000,1728000
1791120832.1338,4960,1296,58375,306000000,1113600
1791120832.1839,4960,1296,58468,306000000,1728000
1791120832.2340,4960,1296,58281,306000000,1728000
1791120832.2841,4960,1296,58406,306000000,1728000
1791120832.3342,4960,1296,58312,306000000,1728000
1791120832.3843,4960,1288,58406,306000000,1728000
1791120832.4343,4960,1288,58406,306000000,1728000
1791120832.4844,4960,1288,58375,306000000,1728000
1791120832.5345,4960,1280,58281,306000000,1728000
1791120832.5846,4960,1280,58343,306000000,1728000
1791120832.6346,4960,1280,58375,306000000,1728000
1791120832.6848,4960,1288,58312,306000000,1728000
1791120832.7349,4960,1296,58406,306000000,1728000
1791120832.7849,4960,1296,58343,306000000,1728000
1791120832.8351,4960,1296,58406,306000000,1728000
1791120832.8851,4960,1288,58312,306000000,1728000
1791120832.9352,4960,1288,58312,306000000,1728000
1791120832.9853,4960,1288,58343,306000000,1728000
1791120833.0354,4960,1288,58312,306000000,1728000
1791120833.0855,4960,1288,58343,306000000,1728000
1791120833.1356,4960,1280,58312,306000000,1728000
1791120833.1856,4960,1280,58406,306000000,1728000
1791120833.2357,4960,1288,58281,306000000,1728000
1791120833.2858,4960,1288,58375,306000000,1344000
1791120833.3359,4960,1296,58312,306000000,1728000
1791120833.3860,4960,1296,58343,306000000,1728000
1791120833.4361,4960,1296,58281,306000000,1728000
1791120833.4861,4960,1296,58281,306000000,1728000
1791120833.5362,4960,1296,58406,306000000,1728000
1791120833.5863,4960,1288,58312,306000000,1728000
1791120833.6364,4960,1288,58437,306000000,1728000
1791120833.6865,4960,1288,58281,306000000,1190400
1791120833.7366,4960,1288,58343,306000000,1728000
1791120833.7867,4960,1288,58250,306000000,1728000
1791120833.8368,4960,1296,58375,306000000,1728000
1791120833.8869,4960,1296,58281,306000000,1728000
1791120833.9369,4960,1296,58281,306000000,1728000
1791120833.9871,4960,1296,58281,306000000,1728000
1791120834.0372,4960,1288,58281,306000000,1728000
1791120834.0872,4960,1288,58375,306000000,1728000
1791120834.1373,4960,1296,58281,306000000,1728000
1791120834.1874,4960,1296,58343,306000000,1728000
1791120834.2375,4960,1288,58343,306000000,1728000
1791120834.2876,4960,1280,58250,306000000,1728000
1791120834.3376,4960,1288,58250,306000000,1728000
1791120834.3877,4960,1288,58281,306000000,1728000
1791120834.4378,4960,1296,58218,306000000,1728000
1791120834.4879,4960,1296,58281,306000000,1728000
1791120834.5380,4960,1296,58375,306000000,1728000
1791120834.5881,4960,1288,58187,306000000,1728000
1791120834.6382,4960,1288,58343,306000000,1728000
1791120834.6883,4960,1288,58250,306000000,1728000
1791120834.7384,4960,1296,58281,306000000,1728000
1791120834.7885,4960,1288,58187,306000000,1728000
1791120834.8385,4960,1288,58250,306000000,1728000
1791120834.8886,4960,1288,58250,306000000,1728000
1791120834.9387,4960,1288,58281,306000000,1728000
1791120834.9888,4960,1296,58406,306000000,1728000
1791120835.0389,4960,1296,58250,306000000,1728000
1791120835.0890,4960,1296,58343,306000000,1728000
1791120835.1391,4960,1288,58218,306000000,1728000
1791120835.1891,4960,1288,58312,306000000,1728000
1791120835.2392,4960,1288,58218,306000000,1728000
1791120835.2893,4960,1288,58250,306000000,1728000
1791120835.3394,4960,1288,58156,306000000,1728000
1791120835.3895,4960,1280,58218,306000000,1728000
1791120835.4396,4960,1280,58375,306000000,1728000
1791120835.4896,4960,1288,58343,306000000,1728000
1791120835.5397,4960,1296,58281,306000000,1728000
1791120835.5898,4960,1296,58250,306000000,1728000
1791120835.6399,4960,1296,58343,306000000,1344000
1791120835.6900,4960,1296,58218,306000000,1728000
1791120835.7401,4960,1296,58187,306000000,1728000
1791120835.7902,4960,1296,58281,306000000,1728000
1791120835.8403,4960,1296,58281,306000000,1728000
1791120835.8904,4960,1296,58375,306000000,1728000
1791120835.9405,4960,1304,58156,306000000,1728000
1791120835.9906,4960,1296,58312,306000000,1728000
1791120836.0406,4960,1288,58250,306000000,1728000
1791120836.0907,4960,1304,58343,306000000,1344000
1791120836.1408,4960,1312,58187,306000000,1728000
1791120836.1909,4960,1304,58343,306000000,1728000
1791120836.2410,4960,1296,58187,306000000,1728000
1791120836.2911,4960,1304,58218,306000000,1728000
1791120836.3412,4960,1296,58250,306000000,1728000
1791120836.3913,4960,1296,58218,306000000,1728000
1791120836.4414,4960,1296,58406,306000000,1728000
1791120836.4914,4960,1296,58187,306000000,1728000
1791120836.5415,4960,1296,58250,306000000,1728000
1791120836.5916,4960,1288,58218,306000000,1728000
1791120836.6417,4960,1296,58312,306000000,1728000
1791120836.6918,4960,1304,58062,306000000,1728000
1791120836.7419,4960,1296,58187,306000000,1728000
1791120836.7920,4960,1296,58125,306000000,1728000
1791120836.8421,4960,1288,58218,306000000,1728000
1791120836.8922,4960,1288,58218,306000000,1728000
1791120836.9422,4960,1296,58125,306000000,1728000
1791120836.9923,4960,1312,58312,306000000,1728000
1791120837.0424,4960,1320,58187,306000000,1728000
1791120837.0925,4960,1328,58250,306000000,1728000
1791120837.1426,4960,1336,58187,306000000,1728000
1791120837.1927,4960,1336,58218,306000000,1728000
1791120837.2428,4960,1344,58125,306000000,1728000
1791120837.2929,4960,1336,58187,306000000,1728000
1791120837.3430,4960,1336,58281,306000000,1728000
1791120837.3931,4960,1336,58187,306000000,1728000
1791120837.4431,4960,1328,58218,306000000,1728000
1791120837.4932,4960,1320,58187,306000000,1728000
1791120837.5433,4960,1320,58281,306000000,1728000
1791120837.5934,4960,1320,58093,306000000,1728000
1791120837.6435,4960,1312,58218,306000000,1728000
1791120837.6936,4960,1304,58156,306000000,1728000
1791120837.7436,4960,1304,58218,306000000,1728000
1791120837.7938,4960,1312,58218,306000000,1728000
1791120837.8439,4960,1304,58218,306000000,1728000
1791120837.8939,4960,1304,58187,306000000,1728000
1791120837.9440,4960,1296,58156,306000000,1728000
1791120837.9941,4960,1288,58250,306000000,1728000
1791120838.0442,4960,1288,58125,306000000,1728000
1791120838.0943,4960,1280,58218,306000000,1728000
1791120838.1444,4960,1280,58125,306000000,1728000
1791120838.1945,4960,1280,58187,306000000,1728000
1791120838.2445,4960,1280,58218,306000000,1728000
1791120838.2946,4960,1280,58125,306000000,1728000
1791120838.3447,4960,1288,58281,306000000,1728000
1791120838.3948,4960,1296,58156,306000000,1728000
1791120838.4449,4960,1288,58093,306000000,1728000
1791120838.4950,4960,1280,58093,306000000,1728000
1791120838.5451,4960,1280,58125,306000000,1728000
1791120838.5952,4960,1280,58062,306000000,1728000
1791120838.6453,4960,1280,58125,306000000,1728000
1791120838.6954,4960,1280,58250,306000000,1728000
1791120838.7454,4960,1288,58093,306000000,1728000
1791120838.7955,4960,1280,58250,306000000,1728000
1791120838.8456,4960,1288,58093,306000000,1728000
1791120838.8957,4960,1296,58156,306000000,1728000
1791120838.9458,4960,1304,58125,306000000,1728000
1791120838.9959,4960,1304,58125,306000000,1728000
1791120839.0460,4960,1304,58093,306000000,1728000
1791120839.0961,4960,1296,58093,306000000,1728000
1791120839.1462,4960,1296,58250,306000000,1728000
1791120839.1962,4960,1296,58062,306000000,1728000
1791120839.2463,4960,1288,58218,306000000,1728000
1791120839.2964,4960,1288,58125,306000000,1728000
1791120839.3465,4960,1288,58218,306000000,1728000
1791120839.3966,4960,1288,58093,306000000,1728000
1791120839.4467,4960,1288,58156,306000000,1267200
1791120839.4968,4960,1296,58093,306000000,1728000
1791120839.5468,4960,1288,58062,306000000,1728000
1791120839.5969,4960,1288,58125,306000000,1728000
1791120839.6471,4960,1280,58093,306000000,1728000
1791120839.6971,4960,1280,58187,306000000,1728000
1791120839.7472,4960,1280,58062,306000000,1728000
1791120839.7973,4960,1280,58187,306000000,1728000
1791120839.8474,4960,1280,58093,306000000,1728000
1791120839.8975,4960,1280,58125,306000000,1728000
1791120839.9476,4960,1280,58031,306000000,1728000
1791120839.9977,4960,1288,58062,306000000,1728000
1791120840.0478,4960,1288,58093,306000000,1728000
1791120840.0979,4960,1288,58125,306000000,1728000
1791120840.1479,4960,1288,58187,306000000,1728000
1791120840.1980,4960,1280,58156,306000000,1728000
1791120840.2481,4960,1280,58187,306000000,1728000
1791120840.2982,4960,1280,58093,306000000,1728000
1791120840.3483,4960,1272,58125,306000000,1728000
1791120840.3984,4960,1272,58125,306000000,1728000
1791120840.4484,4960,1280,58156,306000000,1728000
1791120840.4985,4960,1272,58031,306000000,1728000
1791120840.5486,4960,1280,58062,306000000,1728000
1791120840.5987,4960,1296,58156,306000000,1728000
1791120840.6488,4960,1296,58000,306000000,1728000
1791120840.6989,4960,1288,58156,306000000,1728000
1791120840.7490,4960,1296,58031,306000000,1728000
1791120840.7991,4960,1296,58093,306000000,1728000
1791120840.8492,4960,1288,58000,306000000,1728000
1791120840.8993,4960,1296,58031,306000000,1728000
1791120840.9494,4960,1296,58031,306000000,1728000
1791120840.9995,4960,1296,58093,306000000,1728000
1791120841.0496,4960,1296,58187,306000000,1728000
1791120841.0997,4960,1296,58031,306000000,1344000
1791120841.1498,4960,1304,58156,306000000,1728000
1791120841.1999,4960,1304,58093,306000000,1728000
1791120841.2500,4960,1304,58093,306000000,1728000
1791120841.3000,4960,1304,58093,306000000,1728000
1791120841.3501,4960,1296,58031,306000000,1728000
1791120841.4002,4960,1296,58031,306000000,1728000
1791120841.4503,4960,1296,58093,306000000,1728000
1791120841.5004,4960,1296,58125,306000000,1728000
1791120841.5505,4960,1288,58031,306000000,1728000
1791120841.6006,4960,1288,58093,306000000,1728000
1791120841.6507,4960,1296,58062,306000000,1728000
1791120841.7008,4960,1304,58156,306000000,1728000
1791120841.7509,4960,1296,58000,306000000,1728000
1791120841.8009,4960,1296,58031,306000000,1728000
1791120841.8510,4960,1296,57968,306000000,1728000
1791120841.9011,4960,1296,58093,306000000,1728000
1791120841.9513,4960,1296,58031,306000000,1728000
1791120842.0013,4960,1296,58093,306000000,1728000
1791120842.0514,4960,1296,58125,306000000,1728000
1791120842.1015,4960,1288,58031,306000000,1728000
1791120842.1516,4960,1288,58093,306000000,1728000
1791120842.2017,4960,1288,57968,306000000,1728000
1791120842.2518,4960,1296,58218,306000000,1728000
1791120842.3019,4960,1296,58031,306000000,1728000
1791120842.3520,4960,1296,58000,306000000,1728000
1791120842.4020,4960,1304,57968,306000000,1728000
1791120842.4521,4960,1296,58062,306000000,1728000
1791120842.5022,4960,1288,58187,306000000,1728000
1791120842.5523,4960,1288,58031,306000000,1728000
1791120842.6024,4960,1288,58093,306000000,1728000
1791120842.6525,4960,1280,58000,306000000,1728000
1791120842.7025,4960,1288,58125,306000000,1728000
1791120842.7526,4960,1288,58000,306000000,1728000
1791120842.8027,4960,1296,58000,306000000,1497600
1791120842.8528,4960,1288,58000,306000000,1728000
1791120842.9029,4960,1296,58031,306000000,1728000
1791120842.9530,4960,1296,58125,306000000,1728000
1791120843.0031,4960,1296,58000,306000000,1728000
1791120843.0532,4960,1288,58156,306000000,1728000
1791120843.1033,4960,1296,57968,306000000,1728000
1791120843.1534,4960,1288,58031,306000000,1728000
1791120843.2035,4960,1288,58031,306000000,1728000
1791120843.2535,4960,1280,58000,306000000,1728000
1791120843.3036,4960,1280,57968,306000000,1728000
1791120843.3537,4960,1288,57968,306000000,1728000
1791120843.4038,4960,1296,58125,306000000,1728000
1791120843.4539,4960,1288,57968,306000000,1728000
1791120843.5040,4960,1288,58031,306000000,1728000
1791120843.5541,4960,1280,58000,306000000,1728000
1791120843.6042,4960,1280,58000,306000000,1728000
1791120843.6543,4960,1288,57937,306000000,1728000
1791120843.7044,4960,1288,57937,306000000,1728000
1791120843.7544,4960,1280,57937,306000000,1728000
1791120843.8045,4960,1280,58000,306000000,1728000
1791120843.8546,4960,1280,58062,306000000,1728000
1791120843.9047,4960,1288,57968,306000000,1728000
1791120843.9548,4960,1304,58093,306000000,1497600
1791120844.0049,4960,1296,57968,306000000,1728000
1791120844.0550,4960,1304,58031,306000000,1728000
1791120844.1051,4960,1296,57937,306000000,1728000
1791120844.1552,4960,1296,58000,306000000,1728000
1791120844.2052,4960,1288,57937,306000000,1728000
1791120844.2553,4960,1296,58000,306000000,1728000
1791120844.3054,4960,1296,57875,306000000,1728000
1791120844.3555,4960,1288,57906,306000000,1728000
1791120844.4056,4960,1280,58062,306000000,1728000
1791120844.4556,4960,1288,57968,306000000,1728000
1791120844.5057,4960,1296,57968,306000000,1728000
1791120844.5558,4960,1288,57968,306000000,1728000
1791120844.6059,4960,1288,58031,306000000,1728000
1791120844.6560,4960,1288,57937,306000000,1728000
1791120844.7061,4960,1280,57968,306000000,1728000
1791120844.7562,4960,1280,58062,306000000,1728000
1791120844.8063,4960,1280,58000,306000000,1728000
1791120844.8563,4960,1280,58031,306000000,1728000
1791120844.9064,4960,1272,57968,306000000,1728000
1791120844.9565,4960,1272,58093,306000000,1728000
1791120845.0066,4960,1280,57906,306000000,1728000
1791120845.0567,4960,1280,57968,306000000,1728000
1791120845.1068,4960,1288,57937,306000000,1728000
1791120845.1569,4960,1288,58062,306000000,1728000
1791120845.2069,4960,1288,57906,306000000,1728000
1791120845.2570,4960,1280,58031,306000000,1728000
1791120845.3072,4960,1280,58000,306000000,1728000
1791120845.3573,4960,1280,57968,306000000,1728000
1791120845.4074,4960,1272,57968,306000000,1728000
1791120845.4575,4960,1272,57875,306000000,1728000
1791120845.5075,4960,1280,58031,306000000,1728000
1791120845.5576,4960,1272,57937,306000000,1728000
1791120845.6077,4960,1280,58031,306000000,1728000
1791120845.6578,4960,1296,57875,306000000,1728000
1791120845.7079,4960,1288,57937,306000000,1728000
1791120845.7580,4960,1288,58000,306000000,1728000
1791120845.8081,4960,1288,57875,306000000,1728000
1791120845.8581,4960,1296,58062,306000000,1728000
1791120845.9082,4960,1288,57875,306000000,1728000
1791120845.9583,4960,1280,57968,306000000,1728000
1791120846.0084,4960,1288,57843,306000000,1344000
1791120846.0585,4960,1288,57937,306000000,1728000
1791120846.1086,4960,1288,57812,306000000,1728000
1791120846.1587,4960,1288,57968,306000000,1728000
1791120846.2088,4960,1304,58000,306000000,1728000
1791120846.2589,4960,1304,57906,306000000,1728000
1791120846.3090,4960,1296,57968,306000000,1728000
1791120846.3591,4960,1296,57906,306000000,1728000
1791120846.4092,4960,1296,57968,306000000,1728000
1791120846.4592,4960,1296,57875,306000000,1728000
1791120846.5093,4960,1296,57968,306000000,1728000
1791120846.5594,4960,1288,57843,306000000,1728000
1791120846.6095,4960,1288,57968,306000000,1728000
1791120846.6596,4960,1296,57968,306000000,1728000
1791120846.7097,4960,1296,57968,306000000,1728000
1791120846.7598,4960,1296,58000,306000000,1344000
1791120846.8099,4960,1296,57906,306000000,1728000
1791120846.8599,4960,1296,57968,306000000,1728000
1791120846.9100,4960,1296,57906,306000000,1728000
1791120846.9601,4960,1288,57968,306000000,1728000
1791120847.0102,4960,1296,57875,306000000,1728000
1791120847.0603,4960,1296,57875,306000000,1728000
1791120847.1104,4960,1296,57906,306000000,1728000
1791120847.1605,4960,1288,57875,306000000,1728000
1791120847.2106,4960,1288,57968,306000000,1728000
1791120847.2606,4960,1288,57906,306000000,1728000
1791120847.3107,4960,1296,57968,306000000,1420800
1791120847.3608,4960,1296,57906,306000000,1728000
1791120847.4109,4960,1288,57968,306000000,1728000
1791120847.4610,4960,1288,57843,306000000,1728000
1791120847.5111,4960,1288,57875,306000000,1728000
1791120847.5611,4960,1288,57906,306000000,1728000
1791120847.6112,4960,1280,57812,306000000,1728000
1791120847.6613,4960,1280,57968,306000000,1728000
1791120847.7114,4960,1280,57875,306000000,1728000
1791120847.7615,4960,1280,57906,306000000,1728000
1791120847.8116,4960,1280,57875,306000000,1728000
1791120847.8617,4960,1296,57906,306000000,1728000
1791120847.9118,4960,1296,57906,306000000,1728000
1791120847.9619,4960,1296,57875,306000000,1728000
1791120848.0119,4960,1288,57875,306000000,1728000
1791120848.0620,4960,1296,57906,306000000,1728000
1791120848.1121,4960,1296,57968,306000000,1728000
1791120848.1622,4960,1288,57906,306000000,1728000
1791120848.2123,4960,1288,57968,306000000,1728000
1791120848.2624,4960,1288,57843,306000000,1728000
1791120848.3125,4960,1288,57843,306000000,1728000
1791120848.3626,4960,1280,57781,306000000,1728000
1791120848.4126,4960,1288,57968,306000000,1497600
1791120848.4628,4960,1296,57750,306000000,1728000
1791120848.5128,4960,1288,57781,306000000,1728000
1791120848.5629,4960,1280,57968,306000000,1728000
1791120848.6130,4960,1280,57875,306000000,1728000
1791120848.6631,4960,1280,57937,306000000,1728000
1791120848.7132,4960,1296,57906,306000000,1728000
1791120848.7632,4960,1304,57843,306000000,1728000
1791120848.8133,4960,1312,57812,306000000,1728000
1791120848.8634,4960,1320,57937,306000000,1728000
1791120848.9135,4960,1328,57875,306000000,1728000
1791120848.9636,4960,1328,57843,306000000,1728000
1791120849.0137,4960,1328,57937,306000000,1728000
1791120849.0638,4960,1328,57812,306000000,1728000
1791120849.1139,4960,1336,57968,306000000,1728000
1791120849.1640,4960,1336,57843,306000000,1728000
1791120849.2141,4960,1320,57843,306000000,1728000
1791120849.2641,4960,1320,57843,306000000,1728000
1791120849.3142,4960,1320,57812,306000000,1728000
1791120849.3643,4960,1312,57781,306000000,1728000
1791120849.4144,4960,1312,57812,306000000,1728000
1791120849.4645,4960,1304,57968,306000000,1728000
1791120849.5146,4960,1304,57875,306000000,1344000
1791120849.5647,4960,1320,57906,306000000,1728000
1791120849.6147,4960,1312,57875,306000000,1728000
1791120849.6648,4960,1304,57875,306000000,1728000
1791120849.7149,4960,1304,57843,306000000,1728000
1791120849.7650,4960,1304,57906,306000000,1728000
1791120849.8151,4960,1296,57750,306000000,1728000
1791120849.8651,4960,1288,57781,306000000,1728000
1791120849.9152,4960,1288,57812,306000000,1728000
1791120849.9653,4960,1296,57843,306000000,1728000
1791120850.0154,4960,1288,57906,306000000,1728000
1791120850.0655,4960,1288,57812,306000000,1728000
1791120850.1156,4960,1304,57906,306000000,1728000
1791120850.1657,4960,1312,57781,306000000,1728000
1791120850.2158,4960,1304,57843,306000000,1728000
1791120850.2659,4960,1304,57781,306000000,1728000
1791120850.3160,4960,1304,57875,306000000,1728000
1791120850.3661,4960,1296,57781,306000000,1728000
1791120850.4162,4960,1296,57812,306000000,1728000
1791120850.4662,4960,1288,57906,306000000,1728000
1791120850.5163,4960,1296,57812,306000000,1728000
1791120850.5664,4960,1288,57843,306000000,1728000
1791120850.6165,4960,1288,57781,306000000,1728000
1791120850.6666,4960,1296,57843,306000000,1344000
1791120850.7167,4960,1304,57718,306000000,1728000
1791120850.7668,4960,1304,57812,306000000,1728000
1791120850.8169,4960,1296,57781,306000000,1728000
1791120850.8670,4960,1296,57843,306000000,1728000
1791120850.9171,4960,1296,57812,306000000,1728000
1791120850.9671,4960,1288,57812,306000000,1728000
1791120851.0172,4960,1280,57906,306000000,1728000
1791120851.0673,4960,1280,57812,306000000,1728000
1791120851.1174,4960,1272,57781,306000000,1728000
1791120851.1675,4960,1280,57781,306000000,1728000
1791120851.2176,4960,1296,57781,306000000,1728000
1791120851.2677,4960,1304,57781,306000000,1728000
1791120851.3177,4960,1296,57750,306000000,1728000
1791120851.3678,4960,1296,57937,306000000,1728000
1791120851.4179,4960,1296,57718,306000000,1728000
1791120851.4680,4960,1296,57875,306000000,1728000
1791120851.5181,4960,1288,57718,306000000,1728000
1791120851.5682,4960,1288,57812,306000000,1728000
1791120851.6183,4960,1280,57718,306000000,1728000
1791120851.6684,4960,1272,57750,306000000,1728000
1791120851.7184,4960,1280,57656,306000000,1728000
1791120851.7685,4960,1280,57750,306000000,1728000
1791120851.8187,4960,1288,57843,306000000,1728000
1791120851.8688,4960,1288,57812,306000000,1728000
1791120851.9188,4960,1296,57843,306000000,1728000
1791120851.9689,4960,1288,57750,306000000,1728000
1791120852.0190,4960,1288,57812,306000000,1728000
1791120852.0691,4960,1288,57656,306000000,1728000
1791120852.1192,4960,1288,57781,306000000,1728000
1791120852.1693,4960,1288,57687,306000000,1113600
1791120852.2194,4960,1280,57781,306000000,1728000
1791120852.2695,4960,1288,57906,306000000,1728000
1791120852.3196,4960,1296,57718,306000000,1728000
1791120852.3697,4960,1296,57843,306000000,1728000
1791120852.4198,4960,1296,57656,306000000,1728000
1791120852.4699,4960,1296,57843,306000000,1728000
1791120852.5199,4960,1296,57718,306000000,1728000
1791120852.5700,4960,1280,57812,306000000,1728000
1791120852.6201,4960,1280,57687,306000000,1728000
1791120852.6702,4960,1288,57718,306000000,1728000
1791120852.7203,4960,1272,57843,306000000,1728000
1791120852.7704,4960,1272,57812,306000000,1728000
1791120852.8205,4960,1280,57906,306000000,1728000
1791120852.8706,4960,1280,57750,306000000,1728000
1791120852.9207,4960,1280,57750,306000000,1728000
1791120852.9708,4960,1280,57687,306000000,1728000
1791120853.0208,4960,1280,57750,306000000,1728000
1791120853.0709,4960,1280,57718,306000000,1728000
1791120853.1210,4960,1280,57812,306000000,1728000
1791120853.1711,4960,1280,57687,306000000,1728000
1791120853.2212,4960,1288,57718,306000000,1728000
1791120853.2713,4960,1280,57875,306000000,1728000
1791120853.3218,4960,1280,57593,306000000,1728000
1791120853.3718,4960,1280,57781,306000000,1728000
1791120853.4219,4960,1280,57593,306000000,1728000
1791120853.4720,4960,1288,57875,306000000,1728000
1791120853.5221,4960,1296,57625,306000000,1728000
1791120853.5722,4960,1288,57656,306000000,1728000
1791120853.6223,4960,1280,57656,306000000,1728000
1791120853.6724,4960,1280,57750,306000000,1728000
1791120853.7225,4960,1288,57906,306000000,1728000
1791120853.7725,4960,1280,57625,306000000,1728000
1791120853.8226,4960,1280,57750,306000000,1728000
1791120853.8727,4960,1280,57718,306000000,1728000
1791120853.9228,4960,1280,57781,306000000,1728000
1791120853.9729,4960,1272,57625,306000000,1728000
1791120854.0230,4960,1288,57750,306000000,1728000
1791120854.0731,4960,1296,57593,306000000,1728000
1791120854.1232,4960,1288,57656,306000000,1728000
1791120854.1733,4960,1288,57843,306000000,1728000
1791120854.2234,4960,1288,57656,306000000,1728000
1791120854.2735,4960,1288,57750,306000000,1728000
1791120854.3236,4960,1280,57750,306000000,1728000
1791120854.3737,4960,1280,57781,306000000,1728000
1791120854.4237,4960,1280,57625,306000000,1728000
1791120854.4738,4960,1280,57718,306000000,1728000
1791120854.5239,4960,1272,57562,306000000,1728000
1791120854.5740,4960,1288,57656,306000000,1728000
1791120854.6241,4960,1296,57625,306000000,1728000
1791120854.6742,4960,1288,57656,306000000,1728000
1791120854.7243,4960,1280,57781,306000000,1728000
1791120854.7744,4960,1288,57625,306000000,1728000
1791120854.8245,4960,1288,57750,306000000,1728000
1791120854.8746,4960,1272,57593,306000000,1728000
1791120854.9247,4960,1280,57718,306000000,1728000
1791120854.9747,4960,1280,57562,306000000,1728000
1791120855.0248,4960,1280,57687,306000000,1728000
1791120855.0749,4960,1280,57625,306000000,1728000
1791120855.1250,4960,1280,57625,306000000,1728000
1791120855.1751,4960,1296,57718,306000000,1728000
1791120855.2252,4960,1288,57625,306000000,1728000
1791120855.2753,4960,1296,57718,306000000,1728000
1791120855.3254,4960,1296,57625,306000000,1728000
1791120855.3755,4960,1296,57687,306000000,1728000
1791120855.4256,4960,1288,57562,306000000,1728000
1791120855.4756,4960,1280,57656,306000000,1728000
1791120855.5257,4960,1288,57625,306000000,1728000
1791120855.5758,4960,1288,57656,306000000,1728000
1791120855.6259,4960,1280,57687,306000000,1728000
1791120855.6760,4960,1280,57625,306000000,1728000
1791120855.7261,4960,1296,57750,306000000,1344000
1791120855.7762,4960,1296,57531,306000000,1728000
1791120855.8263,4960,1296,57625,306000000,1728000
1791120855.8764,4960,1288,57562,306000000,1728000
1791120855.9264,4960,1288,57656,306000000,1728000
1791120855.9765,4960,1288,57531,306000000,1728000
1791120856.0266,4960,1280,57656,306000000,1728000
1791120856.0767,4960,1280,57656,306000000,1728000
1791120856.1268,4960,1288,57625,306000000,1728000
1791120856.1769,4960,1280,57656,306000000,1728000
1791120856.2270,4960,1280,57593,306000000,1344000
1791120856.2771,4960,1304,57718,306000000,1728000
1791120856.3272,4960,1304,57593,306000000,1728000
1791120856.3773,4960,1296,57625,306000000,1728000
1791120856.4274,4960,1296,57593,306000000,1728000
1791120856.4775,4960,1304,57562,306000000,1728000
1791120856.5275,4960,1288,57687,306000000,1728000
1791120856.5776,4960,1296,57562,306000000,1728000
1791120856.6277,4960,1296,57781,306000000,1728000
1791120856.6778,4960,1288,57562,306000000,1728000
1791120856.7279,4960,1280,57718,306000000,1728000
1791120856.7780,4960,1288,57500,306000000,1728000
1791120856.8281,4960,1296,57562,306000000,1728000
1791120856.8782,4960,1296,57500,306000000,1728000
1791120856.9282,4960,1288,57687,306000000,1728000
1791120856.9783,4960,1288,57500,306000000,1728000
1791120857.0284,4960,1280,57687,306000000,1728000
1791120857.0785,4960,1280,57687,306000000,1728000
1791120857.1286,4960,1280,57593,306000000,1728000
1791120857.1786,4960,1280,57656,306000000,1728000
1791120857.2287,4960,1272,57531,306000000,1728000
1791120857.2788,4960,1280,57656,306000000,1728000
1791120857.3289,4960,1288,57562,306000000,1728000
1791120857.3790,4960,1288,57687,306000000,1497600
1791120857.4291,4960,1296,57593,306000000,1728000
1791120857.4792,4960,1296,57593,306000000,1728000
1791120857.5293,4960,1288,57625,306000000,1728000
1791120857.5794,4960,1296,57531,306000000,1728000
1791120857.6295,4960,1288,57656,306000000,1728000
1791120857.6796,4960,1288,57593,306000000,1728000
1791120857.7297,4960,1288,57625,306000000,1728000
1791120857.7798,4960,1280,57593,306000000,1728000
1791120857.8298,4960,1280,57562,306000000,1728000
1791120857.8799,4960,1288,57531,306000000,1728000
1791120857.9300,4960,1288,57687,306000000,1728000
1791120857.9801,4960,1296,57687,306000000,1728000
1791120858.0302,4960,1296,57500,306000000,1728000
1791120858.0803,4960,1296,57687,306000000,1728000
1791120858.1304,4960,1296,57562,306000000,1728000
1791120858.1805,4960,1288,57531,306000000,1728000
1791120858.2305,4960,1288,57468,306000000,1728000
1791120858.2806,4960,1288,57593,306000000,1728000
1791120858.3307,4960,1288,57468,306000000,1728000
1791120858.3808,4960,1280,57468,306000000,1728000
1791120858.4309,4960,1288,57718,306000000,1728000
1791120858.4810,4960,1288,57562,306000000,1728000
1791120858.5311,4960,1296,57593,306000000,1113600
1791120858.5812,4960,1288,57531,306000000,1728000
1791120858.6313,4960,1288,57562,306000000,1728000
1791120858.6814,4960,1288,57468,306000000,1728000
1791120858.7314,4960,1288,57593,306000000,1728000
1791120858.7815,4960,1280,57468,306000000,1728000
1791120858.8316,4960,1280,57531,306000000,1728000
1791120858.8817,4960,1280,57500,306000000,1728000
1791120858.9318,4960,1272,57500,306000000,1728000
1791120858.9818,4960,1280,57531,306000000,1728000
1791120859.0319,4960,1280,57468,306000000,1728000
1791120859.0820,4960,1288,57625,306000000,1728000
1791120859.1321,4960,1288,57437,306000000,1728000
1791120859.1822,4960,1288,57531,306000000,1728000
1791120859.2323,4960,1288,57500,306000000,1728000
1791120859.2823,4960,1288,57531,306000000,1728000
1791120859.3324,4960,1280,57593,306000000,1728000
1791120859.3825,4960,1288,57531,306000000,1728000
1791120859.4326,4960,1288,57656,306000000,1728000
1791120859.4827,4960,1288,57468,306000000,1728000
1791120859.5328,4960,1280,57500,306000000,1728000
1791120859.5829,4960,1280,57468,306000000,1728000
1791120859.6330,4960,1296,57531,306000000,1728000
1791120859.6831,4960,1304,57468,306000000,1728000
1791120859.7332,4960,1288,57625,306000000,1728000
1791120859.7832,4960,1288,57593,306000000,1728000
1791120859.8333,4960,1288,57500,306000000,1728000
1791120859.8834,4960,1280,57593,306000000,1728000
1791120859.9335,4960,1280,57531,306000000,1728000
1791120859.9836,4960,1288,57625,306000000,1728000
1791120860.0337,4960,1288,57468,306000000,1728000
1791120860.0837,4960,1280,57468,306000000,1728000
1791120860.1338,4960,1280,57468,306000000,1728000
1791120860.1839,4960,1288,57437,306000000,1267200
1791120860.2340,4960,1296,57468,306000000,1728000
1791120860.2841,4960,1288,57468,306000000,1728000
1791120860.3342,4960,1288,57562,306000000,1728000
1791120860.3843,4960,1296,57468,306000000,1728000
1791120860.4344,4960,1296,57562,306000000,1728000
1791120860.4845,4960,1296,57406,306000000,1728000
1791120860.5346,4960,1288,57437,306000000,1728000
1791120860.5847,4960,1288,57468,306000000,1344000
1791120860.6348,4960,1296,57468,306000000,1728000
1791120860.6849,4960,1288,57500,306000000,1728000
1791120860.7350,4960,1296,57468,306000000,1420800
1791120860.7851,4960,1304,57593,306000000,1728000
1791120860.8352,4960,1304,57468,306000000,1728000
1791120860.8853,4960,1296,57593,306000000,1728000
1791120860.9353,4960,1296,57406,306000000,1728000
1791120860.9854,4960,1296,57531,306000000,1728000
1791120861.0355,4960,1296,57468,306000000,1728000
1791120861.0856,4960,1288,57500,306000000,1728000
1791120861.1357,4960,1288,57468,306000000,1728000
1791120861.1858,4960,1288,57562,306000000,1728000
1791120861.2359,4960,1288,57562,306000000,1728000
1791120861.2860,4960,1288,57468,306000000,1344000
1791120861.3361,4960,1296,57500,306000000,1728000
1791120861.3862,4960,1296,57468,306000000,1728000
1791120861.4363,4960,1304,57562,306000000,1728000
1791120861.4864,4960,1296,57500,306000000,1728000
1791120861.5365,4960,1296,57468,306000000,1728000
1791120861.5866,4960,1288,57468,306000000,1728000
1791120861.6367,4960,1288,57500,306000000,1728000
1791120861.6868,4960,1288,57406,306000000,1728000
1791120861.7369,4960,1288,57531,306000000,1728000
1791120861.7869,4960,1296,57562,306000000,1728000
1791120861.8371,4960,1288,57500,306000000,1728000
1791120861.8871,4960,1296,57500,306000000,1728000
1791120861.9372,4960,1296,57468,306000000,1728000
1791120861.9873,4960,1296,57500,306000000,1728000
1791120862.0374,4960,1288,57406,306000000,1728000
1791120862.0879,4960,1280,57562,306000000,1728000
1791120862.1379,4960,1280,57406,306000000,1728000
1791120862.1880,4960,1280,57468,306000000,1728000
1791120862.2381,4960,1280,57468,306000000,1728000
1791120862.2882,4960,1280,57437,306000000,1728000
1791120862.3383,4960,1280,57468,306000000,1728000
1791120862.3883,4960,1280,57437,306000000,1728000
1791120862.4384,4960,1296,57500,306000000,1728000
1791120862.4885,4960,1296,57406,306000000,1728000
1791120862.5386,4960,1296,57468,306000000,1728000
1791120862.5887,4960,1296,57406,306000000,1728000
1791120862.6388,4960,1288,57468,306000000,1728000
1791120862.6889,4960,1288,57500,306000000,1728000
1791120862.7390,4960,1288,57500,306000000,1728000
1791120862.7891,4960,1280,57468,306000000,1728000
1791120862.8392,4960,1280,57468,306000000,1728000
1791120862.8892,4960,1280,57468,306000000,1728000
1791120862.9393,4960,1280,57437,306000000,1728000
1791120862.9894,4960,1288,57468,306000000,1728000
1791120863.0395,4960,1296,57593,306000000,1728000
1791120863.0896,4960,1288,57468,306000000,1728000
1791120863.1397,4960,1296,57531,306000000,1728000
1791120863.1898,4960,1312,57468,306000000,1728000
1791120863.2399,4960,1320,57468,306000000,1728000
1791120863.2900,4960,1320,57406,306000000,1728000
1791120863.3400,4960,1328,57500,306000000,1728000
1791120863.3901,4960,1328,57343,306000000,1728000
1791120863.4402,4960,1328,57468,306000000,1728000
1791120863.4903,4960,1336,57437,306000000,1728000
1791120863.5404,4960,1336,57468,306000000,1728000
1791120863.5905,4960,1336,57343,306000000,1728000
1791120863.6406,4960,1328,57375,306000000,1728000
1791120863.6907,4960,1328,57468,306000000,1728000
1791120863.7408,4960,1320,57468,306000000,1728000
1791120863.7909,4960,1312,57500,306000000,1728000
1791120863.8410,4960,1312,57375,306000000,1728000
1791120863.8911,4960,1312,57437,306000000,1728000
1791120863.9412,4960,1304,57406,306000000,1728000
1791120863.9912,4960,1296,57468,306000000,1728000
1791120864.0413,4960,1296,57406,306000000,1728000
1791120864.0914,4960,1304,57406,306000000,1728000
1791120864.1415,4960,1304,57500,306000000,1728000
1791120864.1916,4960,1296,57375,306000000,1728000
1791120864.2417,4960,1296,57468,306000000,1728000
1791120864.2918,4960,1288,57406,306000000,1728000
1791120864.3418,4960,1288,57468,306000000,1728000
1791120864.3919,4960,1296,57343,306000000,1728000
1791120864.4420,4960,1296,57437,306000000,1728000
1791120864.4921,4960,1304,57406,306000000,1728000
1791120864.5422,4960,1296,57437,306000000,1728000
1791120864.5923,4960,1288,57468,306000000,1728000
1791120864.6424,4960,1296,57406,306000000,1267200
1791120864.6925,4960,1304,57468,306000000,1728000
1791120864.7426,4960,1296,57375,306000000,1728000
1791120864.7926,4960,1296,57468,306000000,1728000
1791120864.8427,4960,1296,57343,306000000,1728000
1791120864.8928,4960,1288,57468,306000000,1728000
1791120864.9429,4960,1280,57406,306000000,1728000
1791120864.9930,4960,1280,57375,306000000,1728000
1791120865.0431,4960,1280,57500,306000000,1728000
1791120865.0931,4960,1272,57375,306000000,1728000
1791120865.1432,4960,1280,57468,306000000,1728000
1791120865.1933,4960,1280,57437,306000000,1728000
1791120865.2434,4960,1288,57437,306000000,1728000
1791120865.2935,4960,1288,57312,306000000,1728000
1791120865.3436,4960,1288,57468,306000000,1728000
1791120865.3937,4960,1288,57343,306000000,1728000
1791120865.4437,4960,1280,57343,306000000,1728000
1791120865.4938,4960,1280,57468,306000000,1728000
1791120865.5439,4960,1288,57406,306000000,1728000
1791120865.5940,4960,1288,57468,306000000,1728000
1791120865.6441,4960,1280,57343,306000000,1728000
1791120865.6942,4960,1280,57437,306000000,1728000
1791120865.7443,4960,1280,57281,306000000,1728000
1791120865.7944,4960,1288,57468,306000000,1728000
1791120865.8445,4960,1288,57343,306000000,1728000
1791120865.8946,4960,1288,57375,306000000,1728000
1791120865.9446,4960,1288,57500,306000000,1728000
1791120865.9947,4960,1288,57375,306000000,1728000
1791120866.0448,4960,1280,57406,306000000,1728000
1791120866.0949,4960,1280,57406,306000000,1728000
1791120866.1449,4960,1288,57437,306000000,1728000
1791120866.1951,4960,1288,57281,306000000,1728000
1791120866.2451,4960,1280,57437,306000000,1728000
1791120866.2952,4960,1280,57375,306000000,1728000
1791120866.3453,4960,1288,57406,306000000,1728000
1791120866.3954,4960,1288,57375,306000000,1728000
1791120866.4455,4960,1288,57312,306000000,1728000
1791120866.4956,4960,1296,57375,306000000,1728000
1791120866.5457,4960,1296,57250,306000000,1267200
1791120866.5958,4960,1288,57468,306000000,1728000
1791120866.6459,4960,1288,57281,306000000,1728000
1791120866.6960,4960,1288,57468,306000000,1728000
1791120866.7461,4960,1288,57343,306000000,1728000
1791120866.7962,4960,1280,57312,306000000,1728000
1791120866.8463,4960,1280,57281,306000000,1728000
1791120866.8964,4960,1288,57375,306000000,1728000
1791120866.9465,4960,1296,57406,306000000,1728000
1791120866.9966,4960,1288,57437,306000000,1728000
1791120867.0466,4960,1288,57437,306000000,1728000
1791120867.0967,4960,1288,57281,306000000,1728000
1791120867.1468,4960,1288,57343,306000000,1728000
1791120867.1969,4960,1280,57343,306000000,1728000
1791120867.2470,4960,1280,57312,306000000,1728000
1791120867.2970,4960,1280,57312,306000000,1728000
1791120867.3471,4960,1280,57343,306000000,1728000
1791120867.3972,4960,1280,57468,306000000,1728000
1791120867.4473,4960,1280,57281,306000000,1728000
1791120867.4974,4960,1296,57437,306000000,1728000
1791120867.5475,4960,1288,57343,306000000,1728000
1791120867.5976,4960,1288,57406,306000000,1728000
1791120867.6477,4960,1288,57281,306000000,1728000
1791120867.6978,4960,1296,57312,306000000,1728000
1791120867.7479,4960,1280,57281,306000000,1728000
1791120867.7980,4960,1280,57250,306000000,1728000
1791120867.8481,4960,1288,57468,306000000,1728000
1791120867.8982,4960,1288,57343,306000000,1728000
1791120867.9482,4960,1280,57437,306000000,1728000
1791120867.9983,4960,1288,57343,306000000,1728000
1791120868.0484,4960,1304,57437,306000000,1728000
1791120868.0985,4960,1304,57312,306000000,1728000
1791120868.1486,4960,1288,57312,306000000,1728000
1791120868.1987,4960,1288,57250,306000000,1728000
1791120868.2488,4960,1296,57375,306000000,1728000
1791120868.2989,4960,1288,57468,306000000,1728000
1791120868.3490,4960,1288,57281,306000000,1728000
1791120868.3990,4960,1288,57343,306000000,1728000
1791120868.4491,4960,1288,57281,306000000,1728000
1791120868.4992,4960,1288,57375,306000000,1728000
1791120868.5493,4960,1280,57375,306000000,1728000
1791120868.5994,4960,1296,57343,306000000,1344000
1791120868.6495,4960,1304,57281,306000000,1728000
1791120868.6996,4960,1296,57281,306000000,1728000
1791120868.7497,4960,1296,57312,306000000,1728000
1791120868.7997,4960,1288,57281,306000000,1728000
1791120868.8498,4960,1288,57406,306000000,1728000
1791120868.8999,4960,1288,57312,306000000,1728000
1791120868.9500,4960,1288,57375,306000000,1728000
1791120869.0001,4960,1288,57250,306000000,1728000
1791120869.0501,4960,1288,57375,306000000,1728000
1791120869.1002,4960,1288,57250,306000000,1728000
1791120869.1503,4960,1288,57312,306000000,1728000
1791120869.2004,4960,1296,57250,306000000,1728000
1791120869.2505,4960,1296,57250,306000000,1728000
1791120869.3006,4960,1288,57406,306000000,1728000
1791120869.3506,4960,1280,57312,306000000,1728000
1791120869.4007,4960,1280,57406,306000000,1728000
1791120869.4508,4960,1280,57218,306000000,1728000
1791120869.5009,4960,1280,57406,306000000,1728000
1791120869.5510,4960,1280,57218,306000000,1728000
1791120869.6010,4960,1280,57250,306000000,1728000
1791120869.6512,4960,1288,57156,306000000,1728000
1791120869.7013,4960,1296,57250,306000000,1728000
1791120869.7514,4960,1296,57437,306000000,1728000
1791120869.8014,4960,1296,57250,306000000,1728000
1791120869.8515,4960,1296,57375,306000000,1728000
1791120869.9016,4960,1296,57250,306000000,1728000
1791120869.9517,4960,1288,57312,306000000,1728000
1791120870.0018,4960,1288,57250,306000000,1728000
1791120870.0518,4960,1288,57281,306000000,1728000
1791120870.1019,4960,1288,57187,306000000,1728000
1791120870.1520,4960,1280,57250,306000000,1728000
1791120870.2021,4960,1288,57375,306000000,1728000
1791120870.2522,4960,1288,57187,306000000,1728000
1791120870.3023,4960,1296,57468,306000000,1728000
1791120870.3524,4960,1296,57156,306000000,1728000
1791120870.4025,4960,1296,57281,306000000,1728000
1791120870.4525,4960,1296,57187,306000000,1728000
1791120870.5026,4960,1288,57312,306000000,1728000
1791120870.5527,4960,1280,57250,306000000,1728000
1791120870.6028,4960,1280,57218,306000000,1728000
1791120870.6529,4960,1288,57375,306000000,1728000
1791120870.7030,4960,1280,57281,306000000,1728000
1791120870.7531,4960,1280,57343,306000000,1728000
1791120870.8032,4960,1280,57218,306000000,1190400
1791120870.8533,4960,1288,57281,306000000,1497600
1791120870.9034,4960,1288,57218,306000000,1728000
1791120870.9534,4960,1288,57250,306000000,1728000
1791120871.0035,4960,1288,57125,306000000,1728000
1791120871.0536,4960,1280,57312,306000000,1728000
1791120871.1037,4960,1280,57375,306000000,1728000
1791120871.1538,4960,1288,57281,306000000,1728000
1791120871.2039,4960,1280,57343,306000000,1728000
1791120871.2539,4960,1280,57218,306000000,1728000
1791120871.3040,4960,1280,57281,306000000,1728000
1791120871.3541,4960,1280,57312,306000000,1728000
1791120871.4042,4960,1288,57250,306000000,1728000
1791120871.4543,4960,1288,57218,306000000,1728000
1791120871.5043,4960,1288,57250,306000000,1728000
1791120871.5544,4960,1280,57343,306000000,1728000
1791120871.6045,4960,1288,57312,306000000,1728000
1791120871.6546,4960,1280,57406,306000000,1728000
1791120871.7047,4960,1288,57250,306000000,1728000
1791120871.7548,4960,1280,57312,306000000,1728000
1791120871.8048,4960,1280,57125,306000000,1728000
1791120871.8549,4960,1280,57281,306000000,1728000
1791120871.9050,4960,1272,57250,306000000,1728000
1791120871.9551,4960,1280,57250,306000000,1344000
1791120872.0052,4960,1296,57125,306000000,1728000
1791120872.0552,4960,1288,57250,306000000,1728000
1791120872.1053,4960,1288,57406,306000000,1728000
1791120872.1554,4960,1288,57281,306000000,1728000
1791120872.2055,4960,1288,57250,306000000,1728000
1791120872.2556,4960,1288,57156,306000000,1728000
1791120872.3056,4960,1288,57281,306000000,1728000
1791120872.3557,4960,1280,57250,306000000,1728000
1791120872.4058,4960,1280,57250,306000000,1728000
1791120872.4558,4960,1280,57343,306000000,1728000
1791120872.5059,4960,1280,57281,306000000,1728000
1791120872.5561,4960,1288,57281,306000000,1728000
1791120872.6061,4960,1296,57218,306000000,1728000
1791120872.6562,4960,1296,57343,306000000,1728000
1791120872.7064,4960,1296,57187,306000000,1344000
1791120872.7565,4960,1288,57250,306000000,1728000
1791120872.8066,4960,1296,57156,306000000,1728000
1791120872.8566,4960,1288,57250,306000000,1728000
1791120872.9067,4960,1288,57156,306000000,1728000
1791120872.9568,4960,1288,57125,306000000,1728000
1791120873.0069,4960,1288,57281,306000000,1728000
1791120873.0570,4960,1296,57187,306000000,1728000
1791120873.1071,4960,1296,57343,306000000,1728000
1791120873.1572,4960,1296,57187,306000000,1728000
1791120873.2072,4960,1296,57250,306000000,1728000
1791120873.2573,4960,1296,57156,306000000,1728000
1791120873.3074,4960,1296,57218,306000000,1728000
1791120873.3575,4960,1288,57093,306000000,1728000
1791120873.4076,4960,1296,57125,306000000,1728000
1791120873.4576,4960,1296,57312,306000000,1728000
1791120873.5077,4960,1288,57156,306000000,1728000
1791120873.5578,4960,1288,57281,306000000,1728000
1791120873.6079,4960,1288,57156,306000000,1728000
1791120873.6580,4960,1296,57250,306000000,1728000
1791120873.7081,4960,1296,57250,306000000,1728000
1791120873.7582,4960,1296,57187,306000000,1728000
1791120873.8083,4960,1288,57187,306000000,1728000
1791120873.8584,4960,1288,57218,306000000,1728000
1791120873.9084,4960,1288,57312,306000000,1728000
1791120873.9585,4960,1288,57218,306000000,1728000
1791120874.0086,4960,1280,57250,306000000,1728000
1791120874.0587,4960,1288,57187,306000000,1728000
1791120874.1088,4960,1288,57156,306000000,1728000
1791120874.1589,4960,1288,57125,306000000,1728000
1791120874.2090,4960,1296,57250,306000000,1728000
1791120874.2591,4960,1296,57093,306000000,1728000
1791120874.3091,4960,1288,57250,306000000,1728000
1791120874.3592,4960,1296,57375,306000000,1728000
1791120874.4093,4960,1288,57156,306000000,1728000
1791120874.4594,4960,1280,57312,306000000,1728000
1791120874.5095,4960,1280,57156,306000000,1728000
1791120874.5596,4960,1280,57218,306000000,1728000
1791120874.6096,4960,1280,57125,306000000,1728000
1791120874.6597,4960,1280,57218,306000000,1728000
1791120874.7098,4960,1280,57218,306000000,1728000
1791120874.7599,4960,1304,57156,306000000,1728000
1791120874.8100,4960,1296,57250,306000000,1728000
1791120874.8601,4960,1304,57187,306000000,1728000
1791120874.9102,4960,1296,57250,306000000,1728000
1791120874.9603,4960,1296,57218,306000000,1728000
1791120875.0104,4960,1288,57281,306000000,1728000
1791120875.0605,4960,1288,57062,306000000,1728000
1791120875.1105,4960,1296,57156,306000000,1728000
1791120875.1606,4960,1288,57125,306000000,1728000
1791120875.2107,4960,1280,57187,306000000,1728000
1791120875.2608,4960,1288,57281,306000000,1728000
1791120875.3109,4960,1296,57156,306000000,1728000
1791120875.3610,4960,1304,57281,306000000,1728000
1791120875.4111,4960,1296,57156,306000000,1728000
1791120875.4612,4960,1296,57218,306000000,1728000
1791120875.5112,4960,1296,57156,306000000,1728000
1791120875.5613,4960,1288,57187,306000000,1728000
1791120875.6114,4960,1288,57218,306000000,1728000
1791120875.6615,4960,1288,57156,306000000,1728000
1791120875.7115,4960,1288,57312,306000000,1728000
1791120875.7616,4960,1288,57093,306000000,1728000
1791120875.8117,4960,1288,57281,306000000,1728000
1791120875.8618,4960,1296,57187,306000000,1728000
1791120875.9119,4960,1312,57250,306000000,1728000
1791120875.9620,4960,1304,57062,306000000,1728000
1791120876.0121,4960,1304,57156,306000000,1728000
1791120876.0622,4960,1304,57156,306000000,1728000
1791120876.1123,4960,1304,57156,306000000,1728000
1791120876.1624,4960,1296,57156,306000000,1728000
1791120876.2125,4960,1296,57125,306000000,1728000
1791120876.2626,4960,1296,57187,306000000,1728000
1791120876.3127,4960,1296,57125,306000000,1267200
1791120876.3627,4960,1296,57187,306000000,1728000
1791120876.4128,4960,1288,57093,306000000,1728000
1791120876.4629,4960,1304,57187,306000000,1728000
1791120876.5130,4960,1304,57062,306000000,1728000
1791120876.5631,4960,1296,57187,306000000,1728000
1791120876.6132,4960,1296,57031,306000000,1728000
1791120876.6633,4960,1304,57125,306000000,1728000
1791120876.7134,4960,1304,57218,306000000,1728000
1791120876.7635,4960,1296,57062,306000000,1728000
1791120876.8136,4960,1296,57187,306000000,1344000
1791120876.8637,4960,1296,57093,306000000,1728000
1791120876.9138,4960,1296,57250,306000000,1728000
1791120876.9639,4960,1288,57062,306000000,1344000
1791120877.0140,4960,1304,57187,306000000,1728000
1791120877.0641,4960,1304,57031,306000000,1728000
1791120877.1142,4960,1296,57093,306000000,1728000
1791120877.1643,4960,1288,57187,306000000,1728000
1791120877.2144,4960,1288,57125,306000000,1728000
1791120877.2645,4960,1288,57281,306000000,1728000
1791120877.3145,4960,1288,57125,306000000,1728000
1791120877.3646,4960,1280,57125,306000000,1728000
1791120877.4147,4960,1280,57062,306000000,1728000
1791120877.4648,4960,1280,57125,306000000,1728000
1791120877.5149,4960,1280,57031,306000000,1728000
1791120877.5650,4960,1288,57062,306000000,1728000
1791120877.6151,4960,1288,57187,306000000,1728000
1791120877.6651,4960,1296,57062,306000000,1728000
1791120877.7152,4960,1288,57281,306000000,1728000
1791120877.7653,4960,1280,57062,306000000,1728000
1791120877.8154,4960,1288,57187,306000000,1728000
1791120877.8655,4960,1288,57125,306000000,1728000
1791120877.9156,4960,1288,57093,306000000,1728000
1791120877.9657,4960,1288,57000,306000000,1728000
1791120878.0158,4960,1288,57156,306000000,1728000
1791120878.0659,4960,1288,57093,306000000,1728000
1791120878.1160,4960,1296,57031,306000000,1728000
1791120878.1661,4960,1296,57187,306000000,1728000
1791120878.2162,4960,1296,57125,306000000,1728000
1791120878.2663,4960,1288,57156,306000000,1728000
1791120878.3163,4960,1288,57062,306000000,1728000
1791120878.3664,4960,1288,57156,306000000,1728000
1791120878.4165,4960,1288,57031,306000000,1728000
1791120878.4666,4960,1280,57125,306000000,1728000
1791120878.5167,4960,1280,57031,306000000,1728000
1791120878.5668,4960,1288,57125,306000000,1728000
1791120878.6169,4960,1288,57156,306000000,1728000
1791120878.6670,4960,1296,57062,306000000,1728000
1791120878.7171,4960,1296,57156,306000000,1728000
1791120878.7672,4960,1296,57031,306000000,1728000
1791120878.8173,4960,1296,57125,306000000,1728000
1791120878.8674,4960,1304,57031,306000000,1190400
1791120878.9175,4960,1296,57093,306000000,1728000
1791120878.9676,4960,1296,56968,306000000,1728000
1791120879.0177,4960,1296,57187,306000000,1728000
1791120879.0678,4960,1296,57156,306000000,1728000
1791120879.1179,4960,1288,57062,306000000,1728000
1791120879.1680,4960,1296,57125,306000000,1728000
1791120879.2181,4960,1304,57062,306000000,1728000
1791120879.2682,4960,1312,57187,306000000,1728000
1791120879.3183,4960,1304,57062,306000000,1728000
1791120879.3683,4960,1304,57062,306000000,1728000
1791120879.4184,4960,1296,57031,306000000,1728000
1791120879.4685,4960,1288,57062,306000000,1728000
1791120879.5186,4960,1288,57156,306000000,1728000
1791120879.5687,4960,1288,57031,306000000,1728000
1791120879.6188,4960,1280,57218,306000000,1728000
1791120879.6689,4960,1280,57031,306000000,1728000
1791120879.7189,4960,1288,57062,306000000,1728000
1791120879.7690,4960,1288,57000,306000000,1728000
1791120879.8192,4960,1296,57031,306000000,1728000
1791120879.8692,4960,1296,57062,306000000,1728000
1791120879.9193,4960,1304,57062,306000000,1728000
1791120879.9694,4960,1304,57125,306000000,1728000
1791120880.0195,4960,1304,57031,306000000,1728000
1791120880.0696,4960,1296,57187,306000000,1728000
1791120880.1197,4960,1296,57062,306000000,1728000
1791120880.1698,4960,1296,57187,306000000,1728000
1791120880.2198,4960,1296,57031,306000000,1728000
1791120880.2699,4960,1288,57000,306000000,1728000
1791120880.3200,4960,1288,57000,306000000,1728000
1791120880.3701,4960,1304,57031,306000000,1267200
1791120880.4202,4960,1296,57156,306000000,1728000
1791120880.4703,4960,1296,57156,306000000,1728000
1791120880.5204,4960,1296,57125,306000000,1728000
1791120880.5705,4960,1296,57031,306000000,1728000
1791120880.6206,4960,1296,57125,306000000,1728000
1791120880.6706,4960,1288,57093,306000000,1728000
1791120880.7207,4960,1288,57000,306000000,1728000
1791120880.7708,4960,1288,57000,306000000,1728000
1791120880.8209,4960,1288,57093,306000000,1728000
1791120880.8710,4960,1280,57000,306000000,1728000
1791120880.9211,4960,1304,57000,306000000,1728000
1791120880.9712,4960,1304,57000,306000000,1728000
1791120881.0213,4960,1304,57000,306000000,1728000
1791120881.0714,4960,1296,57156,306000000,1728000
1791120881.1214,4960,1296,57093,306000000,1728000
1791120881.1715,4960,1296,57093,306000000,1728000
1791120881.2216,4960,1296,57031,306000000,1728000
1791120881.2717,4960,1288,57093,306000000,1728000
1791120881.3218,4960,1288,56937,306000000,1728000
1791120881.3719,4960,1288,57125,306000000,1728000
1791120881.4219,4960,1280,57218,306000000,1728000
1791120881.4720,4960,1296,57000,306000000,1728000
1791120881.5221,4960,1296,57125,306000000,1728000
1791120881.5722,4960,1288,57093,306000000,1728000
1791120881.6223,4960,1288,57031,306000000,1728000
1791120881.6724,4960,1288,57000,306000000,1728000
1791120881.7225,4960,1288,57031,306000000,1728000
1791120881.7725,4960,1280,57000,306000000,1728000
1791120881.8226,4960,1288,57000,306000000,1728000
1791120881.8727,4960,1296,57125,306000000,1728000
1791120881.9228,4960,1312,57000,306000000,1728000
1791120881.9729,4960,1320,57062,306000000,1728000
1791120882.0230,4960,1336,57093,306000000,1651200
1791120882.0731,4960,1344,57093,306000000,1728000
1791120882.1232,4960,1336,56968,306000000,1728000
1791120882.1733,4960,1336,57000,306000000,1728000
1791120882.2234,4960,1328,57000,306000000,1728000
1791120882.2734,4960,1328,57000,306000000,1728000
1791120882.3235,4960,1320,57156,306000000,1728000
1791120882.3736,4960,1320,56937,306000000,1728000
1791120882.4237,4960,1320,57093,306000000,1728000
1791120882.4738,4960,1304,57062,306000000,1728000
1791120882.5239,4960,1304,57125,306000000,1728000
1791120882.5740,4960,1312,56968,306000000,1728000
1791120882.6241,4960,1312,57062,306000000,1728000
1791120882.6742,4960,1312,57000,306000000,1728000
1791120882.7242,4960,1312,57031,306000000,1728000
1791120882.7743,4960,1304,57156,306000000,1728000
1791120882.8244,4960,1304,56937,306000000,1728000
1791120882.8745,4960,1304,57125,306000000,1728000
1791120882.9246,4960,1304,57000,306000000,1728000
1791120882.9747,4960,1304,57062,306000000,1420800
1791120883.0248,4960,1296,56937,306000000,1728000
1791120883.0748,4960,1304,57000,306000000,1420800
1791120883.1249,4960,1304,57000,306000000,1728000
1791120883.1751,4960,1312,57031,306000000,1728000
1791120883.2252,4960,1304,56968,306000000,1728000
1791120883.2753,4960,1304,57000,306000000,1728000
1791120883.3253,4960,1304,57062,306000000,1728000
1791120883.3754,4960,1304,57000,306000000,1728000
1791120883.4255,4960,1296,57093,306000000,1728000
1791120883.4756,4960,1296,56937,306000000,1728000
1791120883.5257,4960,1296,57031,306000000,1728000
1791120883.5757,4960,1288,57000,306000000,1728000
1791120883.6258,4960,1280,57000,306000000,1728000
1791120883.6759,4960,1288,56968,306000000,1728000
1791120883.7260,4960,1304,57000,306000000,1036800
1791120883.7761,4960,1288,57000,306000000,1728000
1791120883.8262,4960,1288,56937,306000000,1728000
1791120883.8763,4960,1288,57031,306000000,1728000
1791120883.9264,4960,1288,56937,306000000,1728000
1791120883.9764,4960,1288,57000,306000000,1728000
1791120884.0265,4960,1288,56937,306000000,1728000
1791120884.0766,4960,1288,57062,306000000,1728000
1791120884.1267,4960,1280,56968,306000000,1728000
1791120884.1768,4960,1272,56968,306000000,1728000
1791120884.2269,4960,1280,57093,306000000,1344000
1791120884.2770,4960,1296,56937,306000000,1728000
1791120884.3271,4960,1288,57062,306000000,1728000
1791120884.3772,4960,1288,56937,306000000,1344000
1791120884.4273,4960,1288,57125,306000000,1728000
1791120884.4774,4960,1288,56968,306000000,1728000
1791120884.5275,4960,1280,57000,306000000,1728000
1791120884.5776,4960,1280,56906,306000000,1728000
1791120884.6276,4960,1288,57031,306000000,1728000
1791120884.6777,4960,1280,57062,306000000,1728000
1791120884.7278,4960,1272,57000,306000000,1728000
1791120884.7779,4960,1280,57062,306000000,1728000
1791120884.8280,4960,1296,56937,306000000,1728000
1791120884.8781,4960,1288,57062,306000000,1728000
1791120884.9282,4960,1288,56968,306000000,1728000
1791120884.9783,4960,1288,57031,306000000,1728000
1791120885.0284,4960,1296,56937,306000000,1728000
1791120885.0785,4960,1296,57000,306000000,1728000
1791120885.1285,4960,1288,57125,306000000,1728000
1791120885.1786,4960,1288,56968,306000000,1728000
1791120885.2287,4960,1288,57031,306000000,1728000
1791120885.2788,4960,1280,56937,306000000,1728000
1791120885.3289,4960,1280,57000,306000000,1728000
1791120885.3790,4960,1288,56968,306000000,1190400
1791120885.4291,4960,1296,57031,306000000,1728000
1791120885.4792,4960,1288,56906,306000000,1728000
1791120885.5293,4960,1288,57000,306000000,1728000
1791120885.5793,4960,1288,57062,306000000,1728000
1791120885.6294,4960,1280,57031,306000000,1728000
1791120885.6795,4960,1280,57031,306000000,1728000
1791120885.7296,4960,1272,56968,306000000,1728000
1791120885.7797,4960,1272,57031,306000000,1728000
1791120885.8298,4960,1272,56937,306000000,1728000
1791120885.8798,4960,1280,56968,306000000,1728000
1791120885.9299,4960,1272,56843,306000000,1728000
1791120885.9800,4960,1288,56968,306000000,1728000
1791120886.0301,4960,1288,56937,306000000,1728000
1791120886.0802,4960,1288,56968,306000000,1728000
1791120886.1303,4960,1288,57062,306000000,1420800
1791120886.1804,4960,1288,56875,306000000,1728000
1791120886.2305,4960,1296,57031,306000000,1728000
1791120886.2806,4960,1288,56906,306000000,1728000
1791120886.3307,4960,1288,56968,306000000,1728000
1791120886.3808,4960,1288,56843,306000000,1728000
1791120886.4309,4960,1296,56906,306000000,1728000
1791120886.4810,4960,1288,56906,306000000,1728000
1791120886.5311,4960,1296,56937,306000000,1728000
1791120886.5812,4960,1296,57000,306000000,1728000
1791120886.6313,4960,1296,57000,306000000,1728000
1791120886.6814,4960,1296,57000,306000000,1728000
1791120886.7314,4960,1288,56843,306000000,1728000
1791120886.7815,4960,1296,57093,306000000,1728000
1791120886.8316,4960,1288,56906,306000000,1728000
1791120886.8817,4960,1280,57000,306000000,1728000
1791120886.9318,4960,1288,56906,306000000,1728000
1791120886.9818,4960,1288,57000,306000000,1728000
1791120887.0319,4960,1288,57062,306000000,1728000
1791120887.0820,4960,1304,56968,306000000,1728000
1791120887.1322,4960,1304,57031,306000000,1728000
1791120887.1822,4960,1304,56937,306000000,1728000
1791120887.2323,4960,1296,56968,306000000,1728000
1791120887.2824,4960,1288,56906,306000000,1728000
1791120887.3325,4960,1288,56968,306000000,1728000
1791120887.3826,4960,1288,56906,306000000,1728000
1791120887.4326,4960,1280,56968,306000000,1728000
1791120887.4827,4960,1288,57125,306000000,1728000
1791120887.5328,4960,1280,56906,306000000,1728000
1791120887.5829,4960,1280,57000,306000000,1344000
1791120887.6330,4960,1288,56968,306000000,1728000
1791120887.6831,4960,1296,57062,306000000,1728000
1791120887.7331,4960,1288,56750,306000000,1728000
1791120887.7832,4960,1288,57000,306000000,1728000
1791120887.8333,4960,1288,56968,306000000,1728000
1791120887.8834,4960,1288,56937,306000000,1728000
1791120887.9335,4960,1280,57031,306000000,1728000
1791120887.9835,4960,1272,56906,306000000,1728000
1791120888.0336,4960,1280,57031,306000000,1728000
1791120888.0837,4960,1280,56875,306000000,1728000
1791120888.1338,4960,1288,57000,306000000,1728000
1791120888.1839,4960,1296,56937,306000000,1728000
1791120888.2340,4960,1296,56968,306000000,1728000
1791120888.2841,4960,1296,56843,306000000,1728000
1791120888.3342,4960,1304,56968,306000000,1344000
1791120888.3843,4960,1296,56812,306000000,1728000
1791120888.4344,4960,1296,56968,306000000,1728000
1791120888.4845,4960,1296,57031,306000000,1728000
1791120888.5346,4960,1296,56843,306000000,1728000
1791120888.5846,4960,1288,57031,306000000,1267200
1791120888.6348,4960,1288,56781,306000000,1344000
1791120888.6849,4960,1288,56937,306000000,1728000
1791120888.7350,4960,1296,56906,306000000,1728000
1791120888.7851,4960,1312,56906,306000000,1728000
1791120888.8351,4960,1304,56843,306000000,1190400
1791120888.8853,4960,1296,56906,306000000,1728000
1791120888.9354,4960,1296,57000,306000000,1728000
1791120888.9854,4960,1304,56937,306000000,1728000
1791120889.0355,4960,1288,56968,306000000,1728000
1791120889.0856,4960,1288,56843,306000000,1728000
1791120889.1357,4960,1304,56968,306000000,1728000
1791120889.1858,4960,1304,56875,306000000,1728000
1791120889.2359,4960,1296,56937,306000000,1728000
1791120889.2860,4960,1304,56875,306000000,1728000
1791120889.3361,4960,1320,56906,306000000,1420800
1791120889.3862,4960,1320,57000,306000000,1728000
1791120889.4363,4960,1312,56968,306000000,1728000
1791120889.4864,4960,1304,57000,306000000,1728000
1791120889.5365,4960,1304,56875,306000000,1728000
1791120889.5866,4960,1304,57062,306000000,1036800
1791120889.6367,4960,1296,56937,306000000,1728000
1791120889.6868,4960,1296,56968,306000000,1728000
1791120889.7369,4960,1296,56875,306000000,1728000
1791120889.7870,4960,1296,56906,306000000,1728000
1791120889.8371,4960,1296,56968,306000000,1728000
1791120889.8873,4960,1312,56875,306000000,1728000
1791120889.9374,4960,1304,57000,306000000,1728000
1791120889.9875,4960,1304,56875,306000000,1728000
1791120890.0376,4960,1304,56968,306000000,1344000
1791120890.0877,4960,1296,56875,306000000,1728000
1791120890.1378,4960,1296,56937,306000000,1728000
1791120890.1879,4960,1304,56875,306000000,1728000
1791120890.2380,4960,1304,56906,306000000,1728000
1791120890.2880,4960,1304,56750,306000000,1728000
1791120890.3381,4960,1296,56906,306000000,1728000
1791120890.3882,4960,1296,56968,306000000,1728000
1791120890.4383,4960,1312,56875,306000000,1728000
1791120890.4884,4960,1312,57000,306000000,1728000
1791120890.5385,4960,1312,56875,306000000,1190400
1791120890.5886,4960,1304,56937,306000000,1728000
1791120890.6387,4960,1304,56812,306000000,1728000
1791120890.6888,4960,1304,56968,306000000,1344000
1791120890.7389,4960,1304,56781,306000000,1113600
1791120890.7891,4960,1304,56906,306000000,1267200
1791120890.8392,4960,1296,56968,306000000,1728000
1791120890.8893,4960,1296,56875,306000000,1728000
1791120890.9393,4960,1296,57000,306000000,1728000
1791120890.9895,4960,1304,56812,306000000,1728000
1791120891.0395,4960,1304,57000,306000000,1728000
1791120891.0896,4960,1296,56843,306000000,1728000
1791120891.1399,4960,1296,56937,306000000,1728000
1791120891.1899,4960,1312,56843,306000000,1344000
1791120891.2400,4960,1304,56812,306000000,1113600
1791120891.2901,4960,1304,56968,306000000,1728000
1791120891.3402,4960,1296,56781,306000000,1728000
1791120891.3903,4960,1296,56875,306000000,1728000
1791120891.4404,4960,1296,56781,306000000,1728000
1791120891.4905,4960,1296,57000,306000000,1728000
1791120891.5406,4960,1296,56875,306000000,1728000
1791120891.5907,4960,1304,56812,306000000,1728000
1791120891.6408,4960,1304,56781,306000000,1728000
1791120891.6909,4960,1304,56843,306000000,1344000
1791120891.7410,4960,1296,56781,306000000,1728000
1791120891.7911,4960,1296,56968,306000000,1728000
1791120891.8412,4960,1296,57000,306000000,1728000
1791120891.8913,4960,1296,56750,306000000,1267200
1791120891.9413,4960,1288,56968,306000000,1728000
1791120891.9914,4960,1296,56906,306000000,1728000
1791120892.0415,4960,1296,56968,306000000,1728000
1791120892.0916,4960,1304,56781,306000000,1728000
1791120892.1417,4960,1304,56875,306000000,1728000
1791120892.1918,4960,1304,56781,306000000,1728000
1791120892.2419,4960,1312,56875,306000000,1344000
1791120892.2920,4960,1304,56937,306000000,1728000
1791120892.3421,4960,1312,56812,306000000,1728000
1791120892.3922,4960,1304,56843,306000000,1728000
1791120892.4423,4960,1304,56812,306000000,1728000
1791120892.4924,4960,1304,56906,306000000,1344000
1791120892.5425,4960,1304,56750,306000000,1728000
1791120892.5926,4960,1296,56906,306000000,1728000
1791120892.6427,4960,1296,56750,306000000,1420800
1791120892.6928,4960,1312,56875,306000000,1728000
1791120892.7429,4960,1312,56906,306000000,1420800
1791120892.7930,4960,1304,56812,306000000,1728000
1791120892.8431,4960,1304,56906,306000000,1728000
1791120892.8932,4960,1304,56812,306000000,1344000
1791120892.9432,4960,1296,56875,306000000,1113600
1791120892.9933,4960,1296,56750,306000000,1728000
1791120893.0434,4960,1288,56843,306000000,1728000
1791120893.0935,4960,1296,56781,306000000,1728000
1791120893.1436,4960,1296,56906,306000000,1728000
1791120893.1936,4960,1296,56906,306000000,1344000
1791120893.2437,4960,1304,56843,306000000,1728000
1791120893.2938,4960,1312,56937,306000000,1728000
1791120893.3439,4960,1312,56843,306000000,1728000
1791120893.3940,4960,1312,56906,306000000,1728000
1791120893.4441,4960,1312,56812,306000000,1267200
1791120893.4942,4960,1304,56875,306000000,1728000
1791120893.5443,4960,1304,56843,306000000,1728000
1791120893.5944,4960,1304,56843,306000000,1728000
1791120893.6445,4960,1304,56906,306000000,1728000
1791120893.6946,4960,1296,56843,306000000,1728000
1791120893.7446,4960,1296,56937,306000000,1728000
1791120893.7947,4960,1304,56875,306000000,1728000
1791120893.8448,4960,1304,56906,306000000,1728000
1791120893.8949,4960,1304,56750,306000000,1728000
1791120893.9450,4960,1304,56937,306000000,1728000
1791120893.9951,4960,1304,56750,306000000,1728000
1791120894.0452,4960,1296,56781,306000000,1728000
1791120894.0953,4960,1296,56750,306000000,1728000
1791120894.1454,4960,1288,56843,306000000,1728000
1791120894.1955,4960,1296,56937,306000000,1728000
1791120894.2455,4960,1296,56843,306000000,1344000
1791120894.2956,4960,1304,56875,306000000,1728000
1791120894.3457,4960,1304,56812,306000000,1728000
1791120894.3958,4960,1312,56875,306000000,1728000
1791120894.4459,4960,1312,56781,306000000,1728000
1791120894.4960,4960,1312,56812,306000000,1728000
1791120894.5461,4960,1312,56812,306000000,1728000
1791120894.5961,4960,1304,56812,306000000,1728000
1791120894.6462,4960,1296,56968,306000000,1728000
1791120894.6963,4960,1296,56812,306000000,1728000
1791120894.7464,4960,1296,56937,306000000,1344000
1791120894.7965,4960,1296,56781,306000000,1728000
1791120894.8466,4960,1288,56937,306000000,1728000
1791120894.8966,4960,1288,56843,306000000,1728000
1791120894.9467,4960,1304,56812,306000000,1728000
1791120894.9968,4960,1304,56812,306000000,1728000
1791120895.0469,4960,1304,56843,306000000,1190400
1791120895.0970,4960,1296,56906,306000000,1728000
1791120895.1471,4960,1288,56781,306000000,1728000
1791120895.1972,4960,1288,56937,306000000,1728000
1791120895.2473,4960,1288,56750,306000000,1728000
1791120895.2973,4960,1296,56843,306000000,1728000
1791120895.3474,4960,1296,56812,306000000,1728000
1791120895.3975,4960,1296,56812,306000000,1728000
1791120895.4476,4960,1304,56750,306000000,1190400
1791120895.4977,4960,1312,56843,306000000,1728000
1791120895.5478,4960,1312,56968,306000000,1728000
1791120895.5979,4960,1312,56718,306000000,1728000
1791120895.6480,4960,1312,56968,306000000,1344000
1791120895.6981,4960,1304,56750,306000000,1728000
1791120895.7481,4960,1296,56781,306000000,1728000
1791120895.7983,4960,1304,56750,306000000,1728000
1791120895.8483,4960,1304,56812,306000000,1728000
1791120895.8984,4960,1296,56781,306000000,1728000
1791120895.9485,4960,1288,56843,306000000,1728000
1791120895.9986,4960,1288,56687,306000000,1728000
1791120896.0487,4960,1304,56718,306000000,1728000
1791120896.0988,4960,1304,56843,306000000,1344000
1791120896.1489,4960,1296,56718,306000000,1728000
1791120896.1990,4960,1288,56937,306000000,1728000
1791120896.2491,4960,1296,56750,306000000,1728000
1791120896.2992,4960,1296,56812,306000000,1728000
1791120896.3493,4960,1296,56718,306000000,1728000
1791120896.3994,4960,1296,56750,306000000,1728000
1791120896.4495,4960,1296,56718,306000000,1728000
1791120896.4996,4960,1296,56781,306000000,1728000
1791120896.5497,4960,1296,56875,306000000,1728000
1791120896.5998,4960,1296,56750,306000000,1728000
1791120896.6499,4960,1304,56812,306000000,1728000
1791120896.7000,4960,1304,56687,306000000,1420800
1791120896.7501,4960,1304,56843,306000000,1267200
1791120896.8002,4960,1296,56718,306000000,1728000
1791120896.8503,4960,1296,56781,306000000,1728000
1791120896.9004,4960,1296,56781,306000000,1728000
1791120896.9505,4960,1296,56750,306000000,1728000
1791120897.0006,4960,1288,56875,306000000,1728000
1791120897.0507,4960,1288,56718,306000000,1420800
1791120897.1008,4960,1296,56843,306000000,1728000
1791120897.1509,4960,1304,56687,306000000,1728000
1791120897.2010,4960,1304,56875,306000000,1728000
1791120897.2511,4960,1304,56656,306000000,1728000
1791120897.3012,4960,1304,56750,306000000,1344000
1791120897.3512,4960,1304,56718,306000000,1190400
1791120897.4013,4960,1304,56781,306000000,1728000
1791120897.4514,4960,1296,56843,306000000,1728000
1791120897.5015,4960,1296,56656,306000000,1728000
1791120897.5516,4960,1296,56875,306000000,1728000
1791120897.6017,4960,1296,56687,306000000,1728000
1791120897.6518,4960,1288,56812,306000000,1728000
1791120897.7019,4960,1304,56656,306000000,1728000
1791120897.7520,4960,1312,56843,306000000,1728000
1791120897.8021,4960,1312,56750,306000000,1190400
1791120897.8522,4960,1304,56781,306000000,1728000
1791120897.9023,4960,1304,56875,306000000,1728000
1791120897.9524,4960,1296,56781,306000000,1728000
1791120898.0025,4960,1296,56843,306000000,1728000
1791120898.0525,4960,1296,56687,306000000,1728000
1791120898.1026,4960,1296,56875,306000000,1728000
1791120898.1527,4960,1296,56718,306000000,1728000
1791120898.2028,4960,1288,56687,306000000,1728000
1791120898.2529,4960,1296,56718,306000000,1728000
1791120898.3030,4960,1304,56812,306000000,1728000
1791120898.3531,4960,1304,56656,306000000,1728000
1791120898.4032,4960,1312,56750,306000000,1728000
1791120898.4533,4960,1304,56812,306000000,1728000
1791120898.5034,4960,1296,56718,306000000,1728000
1791120898.5535,4960,1296,56812,306000000,1728000
1791120898.6036,4960,1296,56687,306000000,1728000
1791120898.6536,4960,1296,56750,306000000,1728000
1791120898.7037,4960,1296,56625,306000000,1728000
1791120898.7538,4960,1280,56750,306000000,1728000
1791120898.8039,4960,1288,56812,306000000,1728000
1791120898.8540,4960,1296,56750,306000000,1728000
1791120898.9041,4960,1296,56843,306000000,1728000
1791120898.9542,4960,1288,56656,306000000,1728000
1791120899.0043,4960,1296,56875,306000000,1728000
1791120899.0543,4960,1296,56750,306000000,1728000
1791120899.1044,4960,1280,56812,306000000,1728000
1791120899.1545,4960,1288,56750,306000000,1728000
1791120899.2046,4960,1288,56812,306000000,1728000
1791120899.2547,4960,1280,56718,306000000,1728000
1791120899.3048,4960,1280,56718,306000000,1728000
1791120899.3548,4960,1280,56781,306000000,1728000
1791120899.4049,4960,1296,56750,306000000,1728000
1791120899.4551,4960,1296,56812,306000000,1728000
1791120899.5052,4960,1296,56718,306000000,1728000
1791120899.5553,4960,1296,56718,306000000,1728000
1791120899.6054,4960,1296,56593,306000000,1728000
1791120899.6554,4960,1296,56781,306000000,1728000
1791120899.7055,4960,1288,56687,306000000,1728000
1791120899.7556,4960,1288,56656,306000000,1728000
1791120899.8057,4960,1288,56843,306000000,1728000
1791120899.8558,4960,1280,56687,306000000,1728000
1791120899.9059,4960,1280,56781,306000000,1728000
1791120899.9560,4960,1288,56625,306000000,1728000
1791120900.0061,4960,1296,56718,306000000,1728000
1791120900.0562,4960,1288,56625,306000000,1728000
1791120900.1062,4960,1288,56656,306000000,1728000
1791120900.1563,4960,1288,56625,306000000,1728000
1791120900.2064,4960,1280,56656,306000000,1728000
1791120900.2565,4960,1280,56750,306000000,1728000
1791120900.3066,4960,1280,56687,306000000,1728000
1791120900.3567,4960,1280,56718,306000000,1728000
1791120900.4068,4960,1280,56656,306000000,1344000
1791120900.4569,4960,1280,56750,306000000,1728000
1791120900.5070,4960,1288,56625,306000000,1344000
1791120900.5571,4960,1296,56687,306000000,1728000
1791120900.6072,4960,1296,56531,306000000,1728000
1791120900.6573,4960,1288,56656,306000000,1728000
1791120900.7074,4960,1288,56750,306000000,1728000
1791120900.7575,4960,1288,56687,306000000,1728000
1791120900.8076,4960,1288,56812,306000000,1728000
1791120900.8577,4960,1280,56625,306000000,1728000
1791120900.9078,4960,1280,56687,306000000,1728000
1791120900.9578,4960,1280,56593,306000000,1728000
1791120901.0079,4960,1280,56718,306000000,1728000
1791120901.0580,4960,1280,56562,306000000,1728000
1791120901.1081,4960,1288,56718,306000000,1728000
1791120901.1582,4960,1288,56656,306000000,1728000
1791120901.2083,4960,1288,56656,306000000,1728000
1791120901.2584,4960,1280,56718,306000000,1728000
1791120901.3085,4960,1280,56656,306000000,1728000
1791120901.3585,4960,1288,56750,306000000,1728000
1791120901.4086,4960,1280,56656,306000000,1728000
1791120901.4587,4960,1288,56718,306000000,1728000
1791120901.5088,4960,1280,56656,306000000,1344000
1791120901.5589,4960,1280,56687,306000000,1728000
1791120901.6090,4960,1288,56718,306000000,1728000
1791120901.6591,4960,1288,56718,306000000,1420800
1791120901.7092,4960,1288,56781,306000000,1728000
1791120901.7593,4960,1296,56625,306000000,1728000
1791120901.8093,4960,1288,56750,306000000,1728000
1791120901.8594,4960,1280,56687,306000000,1728000
1791120901.9095,4960,1288,56718,306000000,1728000
1791120901.9596,4960,1288,56593,306000000,1728000
1791120902.0097,4960,1288,56718,306000000,1728000
1791120902.0597,4960,1280,56593,306000000,1728000
1791120902.1098,4960,1280,56593,306000000,1728000
1791120902.1599,4960,1280,56750,306000000,1728000
1791120902.2100,4960,1288,56593,306000000,1728000
1791120902.2601,4960,1288,56781,306000000,1728000
1791120902.3102,4960,1288,56625,306000000,1728000
1791120902.3603,4960,1288,56687,306000000,1728000
1791120902.4104,4960,1288,56656,306000000,1728000
1791120902.4605,4960,1280,56687,306000000,1728000
1791120902.5106,4960,1288,56687,306000000,1728000
1791120902.5607,4960,1288,56593,306000000,1728000
1791120902.6107,4960,1280,56781,306000000,1728000
1791120902.6608,4960,1280,56718,306000000,1728000
1791120902.7109,4960,1280,56718,306000000,1728000
1791120902.7610,4960,1280,56656,306000000,1728000
1791120902.8111,4960,1288,56718,306000000,1728000
1791120902.8612,4960,1288,56593,306000000,1728000
1791120902.9113,4960,1288,56625,306000000,1728000
1791120902.9613,4960,1288,56625,306000000,1728000
1791120903.0114,4960,1280,56687,306000000,1728000
1791120903.0615,4960,1280,56687,306000000,1728000
1791120903.1116,4960,1280,56625,306000000,1728000
1791120903.1617,4960,1280,56750,306000000,1728000
1791120903.2118,4960,1272,56687,306000000,1728000
1791120903.2618,4960,1280,56718,306000000,1728000
1791120903.3119,4960,1280,56593,306000000,1728000
1791120903.3620,4960,1288,56625,306000000,1728000
1791120903.4121,4960,1288,56687,306000000,1728000
1791120903.4622,4960,1280,56687,306000000,1728000
1791120903.5123,4960,1280,56781,306000000,1728000
1791120903.5624,4960,1280,56656,306000000,1728000
1791120903.6125,4960,1280,56687,306000000,1728000
1791120903.6626,4960,1280,56656,306000000,1728000
1791120903.7126,4960,1272,56781,306000000,1728000
1791120903.7627,4960,1280,56593,306000000,1728000
1791120903.8128,4960,1272,56531,306000000,1728000
1791120903.8629,4960,1280,56593,306000000,1728000
1791120903.9130,4960,1296,56687,306000000,1728000
1791120903.9631,4960,1288,56687,306000000,1728000
1791120904.0132,4960,1304,56593,306000000,1728000
1791120904.0633,4960,1312,56781,306000000,1728000
1791120904.1133,4960,1320,56625,306000000,1728000
1791120904.1634,4960,1328,56687,306000000,1728000
1791120904.2135,4960,1328,56531,306000000,1728000
1791120904.2636,4960,1336,56625,306000000,1728000
1791120904.3137,4960,1328,56562,306000000,1728000
1791120904.3638,4960,1328,56687,306000000,1728000
1791120904.4138,4960,1320,56531,306000000,1728000
1791120904.4639,4960,1320,56656,306000000,1728000
1791120904.5140,4960,1328,56750,306000000,1728000
1791120904.5641,4960,1328,56625,306000000,1728000
1791120904.6142,4960,1328,56687,306000000,1728000
1791120904.6643,4960,1312,56593,306000000,1728000
1791120904.7155,4960,1312,56718,306000000,1728000
1791120904.7656,4960,1312,56656,306000000,1728000
1791120904.8157,4960,1312,56593,306000000,1728000
1791120904.8658,4960,1296,56562,306000000,1728000
1791120904.9159,4960,1296,56625,306000000,1728000
1791120904.9660,4960,1296,56593,306000000,1728000
1791120905.0161,4960,1304,56656,306000000,1728000
1791120905.0662,4960,1304,56625,306000000,1728000
1791120905.1162,4960,1296,56593,306000000,1728000
1791120905.1663,4960,1296,56687,306000000,1728000
1791120905.2164,4960,1296,56562,306000000,1728000
1791120905.2665,4960,1288,56656,306000000,1728000
1791120905.3165,4960,1288,56562,306000000,1728000
1791120905.3666,4960,1288,56656,306000000,1728000
1791120905.4167,4960,1280,56562,306000000,1728000
1791120905.4668,4960,1280,56593,306000000,1728000
1791120905.5169,4960,1280,56718,306000000,1728000
1791120905.5670,4960,1288,56562,306000000,1728000
1791120905.6171,4960,1288,56656,306000000,1728000
1791120905.6671,4960,1288,56593,306000000,1728000
1791120905.7172,4960,1288,56625,306000000,1728000
1791120905.7673,4960,1288,56625,306000000,1728000
1791120905.8174,4960,1288,56656,306000000,1728000
1791120905.8675,4960,1288,56625,306000000,1728000
1791120905.9176,4960,1280,56625,306000000,1728000
1791120905.9677,4960,1280,56687,306000000,1728000
1791120906.0177,4960,1280,56562,306000000,1728000
1791120906.0678,4960,1280,56718,306000000,1728000
1791120906.1179,4960,1280,56562,306000000,1728000
1791120906.1680,4960,1288,56656,306000000,1728000
1791120906.2181,4960,1288,56500,306000000,1728000
1791120906.2682,4960,1280,56625,306000000,1728000
1791120906.3183,4960,1280,56531,306000000,1728000
1791120906.3683,4960,1288,56593,306000000,1728000
1791120906.4184,4960,1288,56687,306000000,1728000
1791120906.4685,4960,1280,56562,306000000,1728000
1791120906.5186,4960,1280,56718,306000000,1728000
1791120906.5687,4960,1280,56562,306000000,1728000
1791120906.6188,4960,1288,56656,306000000,1728000
1791120906.6689,4960,1288,56562,306000000,1728000
1791120906.7190,4960,1296,56656,306000000,1728000
1791120906.7691,4960,1296,56500,306000000,1728000
1791120906.8192,4960,1296,56656,306000000,1728000
1791120906.8692,4960,1296,56750,306000000,1728000
1791120906.9193,4960,1288,56593,306000000,1728000
1791120906.9694,4960,1280,56718,306000000,1728000
1791120907.0195,4960,1280,56562,306000000,1728000
1791120907.0696,4960,1280,56750,306000000,1728000
1791120907.1196,4960,1272,56468,306000000,1728000
1791120907.1697,4960,1280,56593,306000000,1728000
1791120907.2198,4960,1280,56531,306000000,1728000
1791120907.2699,4960,1288,56562,306000000,1344000
1791120907.3200,4960,1288,56531,306000000,1728000
1791120907.3701,4960,1288,56531,306000000,1728000
1791120907.4202,4960,1288,56687,306000000,1728000
1791120907.4703,4960,1280,56531,306000000,1728000
1791120907.5203,4960,1280,56625,306000000,1728000
1791120907.5704,4960,1280,56562,306000000,1728000
1791120907.6205,4960,1288,56656,306000000,1728000
1791120907.6706,4960,1280,56531,306000000,1728000
1791120907.7207,4960,1288,56562,306000000,1728000
1791120907.7708,4960,1280,56531,306000000,1344000
1791120907.8209,4960,1288,56531,306000000,1728000
1791120907.8710,4960,1296,56687,306000000,1728000
1791120907.9211,4960,1288,56593,306000000,1728000
1791120907.9711,4960,1280,56687,306000000,1728000
1791120908.0212,4960,1288,56562,306000000,1728000
1791120908.0713,4960,1288,56593,306000000,1728000
1791120908.1214,4960,1288,56531,306000000,1728000
1791120908.1715,4960,1280,56625,306000000,1728000
1791120908.2216,4960,1280,56531,306000000,1728000
1791120908.2717,4960,1288,56531,306000000,1728000
1791120908.3217,4960,1280,56687,306000000,1728000
1791120908.3718,4960,1288,56562,306000000,1728000
1791120908.4219,4960,1288,56625,306000000,1728000
1791120908.4720,4960,1296,56531,306000000,1344000
1791120908.5221,4960,1288,56656,306000000,1728000
1791120908.5722,4960,1288,56562,306000000,1728000
1791120908.6223,4960,1296,56625,306000000,1420800
1791120908.6724,4960,1296,56593,306000000,1728000
1791120908.7225,4960,1288,56562,306000000,1728000
1791120908.7726,4960,1288,56625,306000000,1728000
1791120908.8227,4960,1288,56593,306000000,1728000
1791120908.8728,4960,1288,56687,306000000,1728000
1791120908.9229,4960,1288,56593,306000000,1420800
1791120908.9730,4960,1288,56687,306000000,1728000
1791120909.0230,4960,1296,56500,306000000,1728000
1791120909.0731,4960,1288,56531,306000000,1728000
1791120909.1232,4960,1288,56531,306000000,1728000
1791120909.1733,4960,1280,56656,306000000,1728000
1791120909.2234,4960,1288,56687,306000000,1728000
1791120909.2734,4960,1288,56500,306000000,1728000
1791120909.3235,4960,1280,56750,306000000,1728000
1791120909.3736,4960,1280,56500,306000000,1728000
1791120909.4237,4960,1280,56656,306000000,1728000
1791120909.4738,4960,1288,56562,306000000,1728000
1791120909.5239,4960,1304,56625,306000000,1728000
1791120909.5740,4960,1288,56531,306000000,1728000
1791120909.6241,4960,1296,56687,306000000,1728000
1791120909.6742,4960,1304,56531,306000000,1728000
1791120909.7243,4960,1296,56500,306000000,1728000
1791120909.7744,4960,1288,56625,306000000,1728000
1791120909.8245,4960,1296,56500,306000000,1728000
1791120909.8746,4960,1296,56656,306000000,1344000
1791120909.9247,4960,1288,56500,306000000,1728000
1791120909.9748,4960,1288,56625,306000000,1728000
1791120910.0249,4960,1288,56531,306000000,1728000
1791120910.0750,4960,1304,56562,306000000,1728000
1791120910.1251,4960,1304,56468,306000000,1728000
1791120910.1752,4960,1296,56562,306000000,1728000
1791120910.2253,4960,1296,56750,306000000,1728000
1791120910.2754,4960,1304,56562,306000000,1728000
1791120910.3255,4960,1296,56687,306000000,1344000
1791120910.3756,4960,1288,56531,306000000,1728000
1791120910.4257,4960,1296,56531,306000000,1728000
1791120910.4758,4960,1296,56500,306000000,1728000
1791120910.5259,4960,1296,56593,306000000,1420800
1791120910.5760,4960,1296,56500,306000000,1728000
1791120910.6261,4960,1296,56562,306000000,1728000
1791120910.6762,4960,1312,56687,306000000,1728000
1791120910.7263,4960,1312,56500,306000000,1728000
1791120910.7764,4960,1312,56687,306000000,1728000
1791120910.8265,4960,1304,56500,306000000,1728000
1791120910.8766,4960,1296,56531,306000000,1728000
1791120910.9266,4960,1296,56500,306000000,1728000
1791120910.9767,4960,1296,56625,306000000,1728000
1791120911.0268,4960,1288,56468,306000000,1728000
1791120911.0769,4960,1288,56562,306000000,1728000
1791120911.1270,4960,1288,56625,306000000,1728000
1791120911.1771,4960,1296,56500,306000000,1420800
1791120911.2272,4960,1296,56593,306000000,1728000
1791120911.2773,4960,1296,56500,306000000,1728000
1791120911.3274,4960,1296,56656,306000000,1728000
1791120911.3775,4960,1288,56593,306000000,1728000
1791120911.4275,4960,1288,56593,306000000,1728000
1791120911.4776,4960,1288,56500,306000000,1728000
1791120911.5277,4960,1288,56531,306000000,1728000
1791120911.5778,4960,1280,56593,306000000,1728000
1791120911.6278,4960,1280,56500,306000000,1728000
1791120911.6779,4960,1280,56625,306000000,1728000
1791120911.7280,4960,1288,56500,306000000,1728000
1791120911.7781,4960,1296,56593,306000000,1728000
1791120911.8282,4960,1296,56531,306000000,1728000
1791120911.8783,4960,1288,56500,306000000,1728000
1791120911.9284,4960,1288,56468,306000000,1728000
1791120911.9785,4960,1288,56500,306000000,1728000
1791120912.0286,4960,1288,56625,306000000,1728000
1791120912.0786,4960,1280,56500,306000000,1728000
1791120912.1287,4960,1280,56656,306000000,1728000
1791120912.1788,4960,1280,56500,306000000,1728000
1791120912.2289,4960,1272,56656,306000000,1728000
1791120912.2790,4960,1280,56500,306000000,1344000
1791120912.3291,4960,1288,56593,306000000,1728000
1791120912.3792,4960,1280,56437,306000000,1728000
1791120912.4293,4960,1280,56562,306000000,1728000
1791120912.4794,4960,1288,56531,306000000,1728000
1791120912.5295,4960,1288,56531,306000000,1728000
1791120912.5796,4960,1280,56593,306000000,1728000
1791120912.6297,4960,1280,56500,306000000,1728000
1791120912.6798,4960,1288,56531,306000000,1728000
1791120912.7299,4960,1288,56562,306000000,1728000
1791120912.7800,4960,1288,56531,306000000,1728000
1791120912.8301,4960,1288,56500,306000000,1728000
1791120912.8802,4960,1304,56500,306000000,1728000
1791120912.9303,4960,1304,56437,306000000,1728000
1791120912.9804,4960,1288,56562,306000000,1728000
1791120913.0305,4960,1288,56562,306000000,1728000
1791120913.0806,4960,1288,56531,306000000,1728000
1791120913.1307,4960,1296,56625,306000000,1344000
1791120913.1808,4960,1288,56531,306000000,1728000
1791120913.2309,4960,1296,56500,306000000,1190400
1791120913.2810,4960,1280,56500,306000000,1728000
1791120913.3310,4960,1280,56531,306000000,1728000
1791120913.3811,4960,1288,56406,306000000,1728000
1791120913.4312,4960,1296,56500,306000000,1728000
1791120913.4813,4960,1296,56500,306000000,1728000
1791120913.5314,4960,1288,56500,306000000,1728000
1791120913.5815,4960,1296,56562,306000000,1344000
1791120913.6316,4960,1288,56500,306000000,1728000
1791120913.6817,4960,1288,56531,306000000,1728000
1791120913.7328,4960,1288,56500,306000000,1728000
1791120913.7829,4960,1296,56500,306000000,1344000
1791120913.8330,4960,1296,56500,306000000,1344000
1791120913.8831,4960,1296,56500,306000000,1190400
1791120913.9331,4960,1288,56656,306000000,1728000
1791120913.9832,4960,1304,56531,306000000,1420800
1791120914.0333,4960,1304,56437,306000000,1728000
1791120914.0834,4960,1304,56500,306000000,1190400
1791120914.1335,4960,1296,56562,306000000,1728000
1791120914.1836,4960,1296,56500,306000000,1728000
1791120914.2336,4960,1296,56500,306000000,1728000
1791120914.2837,4960,1304,56500,306000000,1728000
1791120914.3338,4960,1304,56562,306000000,1728000
1791120914.3839,4960,1304,56562,306000000,1728000
1791120914.4340,4960,1288,56531,306000000,1728000
1791120914.4841,4960,1288,56468,306000000,1728000
1791120914.5342,4960,1304,56500,306000000,1728000
1791120914.5842,4960,1304,56593,306000000,1728000
1791120914.6343,4960,1304,56500,306000000,1728000
1791120914.6871,4960,1296,56593,306000000,1728000
1791120914.7372,4960,1296,56500,306000000,1344000
1791120914.7873,4960,1304,56562,306000000,1267200
1791120914.8374,4960,1304,56437,306000000,1728000
1791120914.8874,4960,1296,56625,306000000,1728000
1791120914.9375,4960,1296,56437,306000000,1728000
1791120914.9876,4960,1296,56562,306000000,1728000
1791120915.0377,4960,1296,56593,306000000,1728000
1791120915.0878,4960,1296,56500,306000000,1728000
1791120915.1379,4960,1304,56625,306000000,1728000
1791120915.1880,4960,1304,56500,306000000,1728000
1791120915.2381,4960,1304,56562,306000000,1728000
1791120915.2881,4960,1296,56500,306000000,1728000
1791120915.3382,4960,1288,56625,306000000,1728000
1791120915.3883,4960,1296,56500,306000000,1728000
1791120915.4384,4960,1296,56500,306000000,1728000
1791120915.4885,4960,1288,56656,306000000,1728000
1791120915.5386,4960,1280,56500,306000000,1728000
1791120915.5887,4960,1288,56656,306000000,1728000
1791120915.6388,4960,1296,56562,306000000,1420800
1791120915.6888,4960,1304,56593,306000000,1728000
1791120915.7389,4960,1296,56500,306000000,1728000
1791120915.7890,4960,1296,56593,306000000,1728000
1791120915.8391,4960,1304,56468,306000000,1728000
1791120915.8892,4960,1304,56531,306000000,1728000
1791120915.9393,4960,1296,56500,306000000,1728000
1791120915.9893,4960,1296,56500,306000000,1728000
1791120916.0394,4960,1296,56562,306000000,1036800
1791120916.0895,4960,1296,56500,306000000,1267200
1791120916.1396,4960,1288,56593,306000000,1728000
1791120916.1897,4960,1288,56437,306000000,1728000
1791120916.2398,4960,1304,56593,306000000,1728000
1791120916.2899,4960,1312,56500,306000000,1728000
1791120916.3400,4960,1304,56562,306000000,1728000
1791120916.3901,4960,1304,56437,306000000,1728000
1791120916.4401,4960,1304,56468,306000000,1728000
1791120916.4902,4960,1304,56625,306000000,1728000
1791120916.5403,4960,1296,56593,306000000,1344000
1791120916.5904,4960,1296,56625,306000000,1728000
1791120916.6405,4960,1296,56468,306000000,1728000
1791120916.6906,4960,1296,56562,306000000,1728000
1791120916.7407,4960,1296,56500,306000000,1728000
1791120916.7907,4960,1304,56500,306000000,1497600
1791120916.8408,4960,1312,56468,306000000,1728000
1791120916.8909,4960,1312,56500,306000000,1728000
1791120916.9410,4960,1312,56593,306000000,1728000
1791120916.9911,4960,1312,56500,306000000,1267200
1791120917.0411,4960,1312,56562,306000000,1728000
1791120917.0912,4960,1304,56562,306000000,1728000
1791120917.1413,4960,1304,56500,306000000,1728000
1791120917.1914,4960,1304,56468,306000000,1728000
1791120917.2415,4960,1296,56500,306000000,1728000
1791120917.2915,4960,1296,56468,306000000,1728000
1791120917.3416,4960,1304,56468,306000000,1728000
1791120917.3917,4960,1312,56562,306000000,1728000
1791120917.4418,4960,1312,56500,306000000,1728000
1791120917.4919,4960,1312,56593,306000000,1728000
1791120917.5420,4960,1304,56468,306000000,1728000
1791120917.5921,4960,1304,56562,306000000,1728000
1791120917.6422,4960,1304,56437,306000000,1728000
1791120917.6922,4960,1304,56468,306000000,1344000
1791120917.7423,4960,1296,56500,306000000,1728000
1791120917.7924,4960,1296,56500,306000000,1728000
1791120917.8425,4960,1296,56656,306000000,1728000
1791120917.8926,4960,1312,56468,306000000,1728000
1791120917.9427,4960,1312,56562,306000000,1728000
1791120917.9928,4960,1304,56500,306000000,1728000
1791120918.0429,4960,1304,56500,306000000,1728000
1791120918.0929,4960,1304,56500,306000000,1728000
1791120918.1431,4960,1304,56562,306000000,1728000
1791120918.1932,4960,1296,56468,306000000,1728000
1791120918.2432,4960,1296,56593,306000000,1728000
1791120918.2933,4960,1296,56687,306000000,1728000
1791120918.3434,4960,1296,56500,306000000,1728000
1791120918.3935,4960,1288,56656,306000000,1728000
1791120918.4436,4960,1296,56500,306000000,1728000
1791120918.4936,4960,1304,56562,306000000,1728000
1791120918.5437,4960,1304,56406,306000000,1728000
1791120918.5938,4960,1304,56500,306000000,1728000
1791120918.6439,4960,1296,56375,306000000,1728000
1791120918.6940,4960,1296,56500,306000000,1728000
1791120918.7441,4960,1296,56437,306000000,1728000
1791120918.7942,4960,1296,56500,306000000,1728000
1791120918.8442,4960,1288,56562,306000000,1728000
1791120918.8943,4960,1296,56500,306000000,1728000
1791120918.9444,4960,1296,56500,306000000,1728000
1791120918.9945,4960,1304,56437,306000000,1728000
1791120919.0446,4960,1312,56531,306000000,1728000
1791120919.0947,4960,1304,56500,306000000,1728000
1791120919.1448,4960,1304,56500,306000000,1728000
1791120919.1948,4960,1304,56406,306000000,1344000
1791120919.2449,4960,1296,56406,306000000,1728000
1791120919.2950,4960,1288,56593,306000000,1728000
1791120919.3451,4960,1288,56406,306000000,1728000
1791120919.3952,4960,1296,56593,306000000,1036800
1791120919.4453,4960,1280,56500,306000000,1728000
1791120919.4954,4960,1280,56500,306000000,1728000
1791120919.5454,4960,1288,56437,306000000,1728000
1791120919.5955,4960,1304,56500,306000000,1190400
1791120919.6456,4960,1296,56406,306000000,1728000
1791120919.6957,4960,1288,56437,306000000,1728000
1791120919.7458,4960,1296,56531,306000000,1728000
1791120919.7959,4960,1296,56437,306000000,1728000
1791120919.8460,4960,1288,56687,306000000,1728000
1791120919.8960,4960,1288,56437,306000000,1728000
1791120919.9461,4960,1296,56500,306000000,1728000
1791120919.9962,4960,1296,56500,306000000,1728000
1791120920.0463,4960,1296,56500,306000000,1728000
1791120920.0964,4960,1296,56500,306000000,1728000
1791120920.1465,4960,1304,56468,306000000,1728000
1791120920.1966,4960,1312,56531,306000000,1728000
1791120920.2467,4960,1312,56437,306000000,1728000
1791120920.2967,4960,1312,56562,306000000,1728000
1791120920.3468,4960,1304,56437,306000000,1728000
1791120920.3969,4960,1296,56531,306000000,1728000
1791120920.4470,4960,1296,56406,306000000,1728000
1791120920.4971,4960,1296,56531,306000000,1728000
1791120920.5472,4960,1296,56437,306000000,1190400
1791120920.5973,4960,1288,56468,306000000,1728000
1791120920.6473,4960,1288,56406,306000000,1344000
1791120920.6974,4960,1296,56468,306000000,1728000
1791120920.7475,4960,1304,56531,306000000,1728000
1791120920.7976,4960,1296,56406,306000000,1728000
1791120920.8483,4960,1296,56562,306000000,1728000
1791120920.8984,4960,1296,56437,306000000,1344000
1791120920.9485,4960,1304,56500,306000000,1728000
1791120920.9986,4960,1296,56468,306000000,1728000
1791120921.0487,4960,1296,56468,306000000,1728000
1791120921.0988,4960,1296,56468,306000000,1036800
1791120921.1489,4960,1296,56437,306000000,1728000
1791120921.1990,4960,1288,56593,306000000,1728000
1791120921.2491,4960,1296,56500,306000000,1728000
1791120921.2992,4960,1304,56593,306000000,1113600
1791120921.3492,4960,1304,56437,306000000,1344000
1791120921.3993,4960,1296,56500,306000000,1728000
1791120921.4494,4960,1296,56437,306000000,1728000
1791120921.4995,4960,1296,56437,306000000,1728000
1791120921.5496,4960,1288,56406,306000000,1728000
1791120921.5997,4960,1288,56500,306000000,1728000
1791120921.6498,4960,1288,56593,306000000,1728000
1791120921.6999,4960,1288,56375,306000000,1728000
1791120921.7500,4960,1288,56562,306000000,1728000
1791120921.8001,4960,1280,56437,306000000,1728000
1791120921.8502,4960,1296,56562,306000000,1728000
1791120921.9003,4960,1296,56468,306000000,1728000
1791120921.9504,4960,1296,56437,306000000,1728000
1791120922.0005,4960,1288,56406,306000000,1728000
1791120922.0506,4960,1296,56500,306000000,1728000
1791120922.1007,4960,1296,56562,306000000,1728000
1791120922.1508,4960,1296,56406,306000000,1267200
1791120922.2009,4960,1296,56593,306000000,1728000
1791120922.2509,4960,1296,56500,306000000,1728000
1791120922.3010,4960,1296,56531,306000000,1728000
1791120922.3511,4960,1296,56468,306000000,1190400
1791120922.4012,4960,1304,56500,306000000,1728000
1791120922.4513,4960,1304,56406,306000000,1728000
1791120922.5014,4960,1304,56468,306000000,1728000
1791120922.5515,4960,1304,56562,306000000,1728000
1791120922.6015,4960,1296,56500,306000000,1728000
1791120922.6516,4960,1296,56531,306000000,1728000
1791120922.7017,4960,1296,56343,306000000,1728000
1791120922.7518,4960,1288,56500,306000000,1728000
1791120922.8019,4960,1288,56406,306000000,1728000
1791120922.8519,4960,1288,56468,306000000,1728000
1791120922.9020,4960,1288,56312,306000000,1420800
1791120922.9521,4960,1304,56468,306000000,1728000
1791120923.0022,4960,1312,56406,306000000,1728000
1791120923.0523,4960,1304,56406,306000000,1728000
1791120923.1024,4960,1304,56500,306000000,1728000
1791120923.1525,4960,1304,56468,306000000,1728000
1791120923.2026,4960,1296,56500,306000000,1728000
1791120923.2527,4960,1288,56375,306000000,1728000
1791120923.3028,4960,1288,56468,306000000,1728000
1791120923.3529,4960,1288,56437,306000000,1728000
1791120923.4029,4960,1280,56468,306000000,1728000
1791120923.4530,4960,1288,56437,306000000,1728000
1791120923.5031,4960,1296,56375,306000000,1344000
1791120923.5532,4960,1296,56500,306000000,1728000
1791120923.6033,4960,1296,56406,306000000,1728000
1791120923.6534,4960,1288,56500,306000000,1728000
1791120923.7035,4960,1288,56375,306000000,1728000
1791120923.7536,4960,1288,56500,306000000,1728000
1791120923.8037,4960,1288,56343,306000000,1728000
1791120923.8537,4960,1280,56500,306000000,1728000
1791120923.9038,4960,1272,56468,306000000,1728000
1791120923.9539,4960,1272,56375,306000000,1728000
1791120924.0040,4960,1272,56531,306000000,1728000
1791120924.0541,4960,1288,56406,306000000,1344000
1791120924.1042,4960,1296,56500,306000000,1728000
1791120924.1543,4960,1288,56437,306000000,1728000
1791120924.2044,4960,1288,56437,306000000,1728000
1791120924.2545,4960,1288,56406,306000000,1728000
1791120924.3046,4960,1288,56406,306000000,1728000
1791120924.3547,4960,1280,56281,306000000,1728000
1791120924.4047,4960,1280,56437,306000000,1728000
1791120924.4548,4960,1280,56500,306000000,1728000
1791120924.5049,4960,1280,56406,306000000,1728000
1791120924.5550,4960,1288,56500,306000000,1728000
1791120924.6051,4960,1288,56437,306000000,1728000
1791120924.6552,4960,1296,56500,306000000,1728000
1791120924.7053,4960,1296,56375,306000000,1728000
1791120924.7553,4960,1288,56406,306000000,1728000
1791120924.8054,4960,1288,56343,306000000,1728000
1791120924.8555,4960,1288,56437,306000000,1728000
1791120924.9056,4960,1288,56406,306000000,1728000
1791120924.9557,4960,1288,56437,306000000,1728000
1791120925.0058,4960,1280,56500,306000000,1728000
1791120925.0559,4960,1288,56406,306000000,1728000
1791120925.1060,4960,1288,56437,306000000,1728000
1791120925.1560,4960,1288,56406,306000000,1728000
1791120925.2061,4960,1296,56437,306000000,1267200
1791120925.2562,4960,1288,56343,306000000,1728000
1791120925.3063,4960,1296,56375,306000000,1728000
1791120925.3564,4960,1288,56531,306000000,1728000
1791120925.4065,4960,1280,56406,306000000,1728000
1791120925.4566,4960,1280,56500,306000000,1728000
1791120925.5067,4960,1280,56406,306000000,1728000
1791120925.5567,4960,1280,56468,306000000,1728000
1791120925.6068,4960,1272,56312,306000000,1728000
1791120925.6569,4960,1272,56468,306000000,1728000
1791120925.7070,4960,1264,56437,306000000,1267200
1791120925.7571,4960,1280,56468,306000000,1728000
1791120925.8072,4960,1280,56281,306000000,1728000
1791120925.8573,4960,1280,56375,306000000,1728000
1791120925.9074,4960,1272,56500,306000000,1728000
1791120925.9574,4960,1272,56312,306000000,1728000
1791120926.0075,4960,1272,56437,306000000,1728000
1791120926.0576,4960,1264,56437,306000000,1728000
1791120926.1077,4960,1272,56437,306000000,1728000
1791120926.1578,4960,1280,56375,306000000,1728000
1791120926.2079,4960,1280,56406,306000000,1728000
1791120926.2580,4960,1272,56343,306000000,1728000
1791120926.3081,4960,1288,56375,306000000,1728000
1791120926.3582,4960,1288,56500,306000000,1728000
1791120926.4083,4960,1280,56343,306000000,1728000
1791120926.4584,4960,1280,56500,306000000,1728000
1791120926.5085,4960,1288,56343,306000000,1728000
1791120926.5586,4960,1288,56406,306000000,1728000
1791120926.6087,4960,1288,56375,306000000,1728000
1791120926.6588,4960,1280,56406,306000000,1728000
1791120926.7088,4960,1280,56312,306000000,1728000
1791120926.7589,4960,1280,56406,306000000,1728000
1791120926.8090,4960,1272,56500,306000000,1728000
1791120926.8591,4960,1288,56375,306000000,1728000
1791120926.9092,4960,1296,56500,306000000,1728000
1791120926.9592,4960,1288,56343,306000000,1728000
1791120927.0093,4960,1280,56406,306000000,1728000
1791120927.0594,4960,1288,56343,306000000,1728000
1791120927.1095,4960,1288,56406,306000000,1728000
1791120927.1596,4960,1288,56312,306000000,1728000
1791120927.2097,4960,1288,56375,306000000,1728000
1791120927.2598,4960,1288,56593,306000000,1728000
1791120927.3099,4960,1280,56343,306000000,1728000
1791120927.3599,4960,1280,56500,306000000,1728000
1791120927.4100,4960,1288,56312,306000000,1728000
1791120927.4601,4960,1296,56437,306000000,1728000
1791120927.5102,4960,1296,56281,306000000,1728000
1791120927.5603,4960,1288,56406,306000000,1728000
1791120927.6104,4960,1288,56375,306000000,1728000
1791120927.6605,4960,1288,56406,306000000,1728000
1791120927.7106,4960,1280,56500,306000000,1728000
1791120927.7606,4960,1280,56343,306000000,1728000
1791120927.8107,4960,1280,56468,306000000,1728000
1791120927.8608,4960,1280,56375,306000000,1728000
1791120927.9109,4960,1272,56406,306000000,1728000
1791120927.9610,4960,1280,56218,306000000,1728000
1791120928.0111,4960,1296,56437,306000000,1036800
1791120928.0612,4960,1288,56312,306000000,1728000
1791120928.1112,4960,1288,56343,306000000,1728000
1791120928.1614,4960,1296,56281,306000000,1728000
1791120928.2114,4960,1288,56343,306000000,1728000
1791120928.2615,4960,1288,56468,306000000,1728000
1791120928.3116,4960,1288,56343,306000000,1728000
1791120928.3617,4960,1288,56437,306000000,1728000
1791120928.4117,4960,1280,56312,306000000,1728000
1791120928.4618,4960,1280,56312,306000000,1728000
1791120928.5119,4960,1288,56375,306000000,1728000
1791120928.5620,4960,1296,56406,306000000,1728000
1791120928.6121,4960,1288,56312,306000000,1728000
1791120928.6622,4960,1288,56406,306000000,1728000
1791120928.7123,4960,1288,56406,306000000,1728000
1791120928.7624,4960,1280,56312,306000000,1728000
1791120928.8124,4960,1280,56406,306000000,1728000
1791120928.8625,4960,1280,56250,306000000,1728000
1791120928.9126,4960,1288,56375,306000000,1728000
1791120928.9627,4960,1280,56281,306000000,1728000
1791120929.0128,4960,1280,56312,306000000,1728000
1791120929.0628,4960,1280,56218,306000000,1728000
1791120929.1129,4960,1288,56312,306000000,1728000
1791120929.1631,4960,1296,56406,306000000,1344000
1791120929.2132,4960,1288,56343,306000000,1728000
1791120929.2633,4960,1288,56406,306000000,1728000
1791120929.3134,4960,1296,56343,306000000,1728000
1791120929.3635,4960,1288,56406,306000000,1728000
1791120929.4136,4960,1288,56281,306000000,1728000
1791120929.4637,4960,1288,56437,306000000,1728000
1791120929.5138,4960,1288,56281,306000000,1728000
1791120929.5638,4960,1280,56343,306000000,1728000
1791120929.6139,4960,1280,56500,306000000,1728000
1791120929.6640,4960,1288,56343,306000000,1113600
1791120929.7141,4960,1288,56500,306000000,1728000
1791120929.7642,4960,1288,56312,306000000,1728000
1791120929.8143,4960,1288,56437,306000000,1728000
1791120929.8644,4960,1280,56343,306000000,1728000
1791120929.9145,4960,1280,56406,306000000,1728000
1791120929.9645,4960,1280,56281,306000000,1728000
1791120930.0146,4960,1280,56343,306000000,1728000
1791120930.0647,4960,1280,56500,306000000,1728000
1791120930.1148,4960,1272,56281,306000000,1728000
1791120930.1649,4960,1280,56437,306000000,1728000
1791120930.2150,4960,1296,56250,306000000,1420800
1791120930.2651,4960,1304,56406,306000000,1728000
1791120930.3152,4960,1296,56281,306000000,1728000
1791120930.3653,4960,1296,56343,306000000,1728000
1791120930.4153,4960,1288,56250,306000000,1728000
1791120930.4654,4960,1280,56375,306000000,1728000
1791120930.5155,4960,1280,56250,306000000,1728000
1791120930.5656,4960,1280,56312,306000000,1728000
1791120930.6157,4960,1280,56468,306000000,1728000
1791120930.6658,4960,1280,56187,306000000,1728000
1791120930.7158,4960,1280,56375,306000000,1728000
1791120930.7659,4960,1288,56218,306000000,1728000
1791120930.8160,4960,1296,56406,306000000,1728000
1791120930.8661,4960,1288,56250,306000000,1728000
1791120930.9162,4960,1296,56406,306000000,1728000
1791120930.9663,4960,1312,56281,306000000,1728000
1791120931.0164,4960,1320,56312,306000000,1728000
1791120931.0664,4960,1320,56406,306000000,1728000
1791120931.1165,4960,1328,56250,306000000,1728000
1791120931.1666,4960,1328,56343,306000000,1728000
1791120931.2167,4960,1328,56218,306000000,1728000
1791120931.2668,4960,1328,56281,306000000,1728000
1791120931.3169,4960,1320,56250,306000000,1420800
1791120931.3670,4960,1336,56281,306000000,1574400
1791120931.4171,4960,1328,56218,306000000,1728000
1791120931.4671,4960,1320,56312,306000000,1728000
1791120931.5172,4960,1312,56500,306000000,1728000
1791120931.5673,4960,1312,56312,306000000,1728000
1791120931.6174,4960,1304,56375,306000000,1728000
1791120931.6675,4960,1304,56250,306000000,1728000
1791120931.7176,4960,1296,56375,306000000,1728000
1791120931.7677,4960,1296,56250,306000000,1728000
1791120931.8177,4960,1296,56375,306000000,1728000
1791120931.8678,4960,1296,56281,306000000,1728000
1791120931.9179,4960,1304,56343,306000000,1728000
1791120931.9680,4960,1304,56437,306000000,1728000
1791120932.0181,4960,1304,56281,306000000,1728000
1791120932.0682,4960,1304,56406,306000000,1728000
1791120932.1183,4960,1288,56250,306000000,1728000
1791120932.1684,4960,1288,56343,306000000,1728000
1791120932.2185,4960,1288,56218,306000000,1728000
1791120932.2686,4960,1288,56312,306000000,1728000
1791120932.3187,4960,1288,56281,306000000,1728000
1791120932.3688,4960,1288,56343,306000000,1728000
1791120932.4188,4960,1288,56500,306000000,1728000
1791120932.4689,4960,1296,56343,306000000,1728000
1791120932.5190,4960,1288,56437,306000000,1728000
1791120932.5691,4960,1288,56312,306000000,1728000
1791120932.6192,4960,1288,56406,306000000,1728000
1791120932.6693,4960,1280,56281,306000000,1728000
1791120932.7194,4960,1280,56281,306000000,1728000
1791120932.7695,4960,1280,56281,306000000,1728000
1791120932.8195,4960,1280,56312,306000000,1728000
1791120932.8696,4960,1272,56156,306000000,1728000
1791120932.9197,4960,1280,56312,306000000,1728000
1791120932.9698,4960,1280,56437,306000000,1728000
1791120933.0199,4960,1280,56375,306000000,1728000
1791120933.0700,4960,1280,56343,306000000,1728000
1791120933.1201,4960,1288,56187,306000000,1728000
1791120933.1701,4960,1288,56375,306000000,1728000
1791120933.2202,4960,1280,56218,306000000,1728000
1791120933.2703,4960,1288,56375,306000000,1728000
1791120933.3204,4960,1296,56218,306000000,1728000
1791120933.3705,4960,1288,56281,306000000,1728000
1791120933.4206,4960,1288,56468,306000000,1728000
1791120933.4707,4960,1288,56218,306000000,1728000
1791120933.5208,4960,1288,56343,306000000,1728000
1791120933.5709,4960,1288,56281,306000000,1420800
1791120933.6210,4960,1296,56312,306000000,1728000
1791120933.6711,4960,1304,56250,306000000,1728000
1791120933.7211,4960,1296,56343,306000000,1728000
1791120933.7712,4960,1296,56281,306000000,1728000
1791120933.8213,4960,1288,56281,306000000,1728000
1791120933.8714,4960,1288,56437,306000000,1728000
1791120933.9215,4960,1288,56250,306000000,1728000
1791120933.9715,4960,1280,56437,306000000,1728000
1791120934.0216,4960,1280,56218,306000000,1728000
1791120934.0717,4960,1280,56375,306000000,1728000
1791120934.1218,4960,1288,56250,306000000,1728000
1791120934.1719,4960,1296,56406,306000000,1267200
1791120934.2220,4960,1288,56156,306000000,1728000
1791120934.2721,4960,1288,56312,306000000,1728000
1791120934.3222,4960,1288,56500,306000000,1728000
1791120934.3723,4960,1288,56343,306000000,1728000
1791120934.4224,4960,1288,56437,306000000,1728000
1791120934.4725,4960,1288,56250,306000000,1728000
1791120934.5225,4960,1288,56375,306000000,1728000
1791120934.5726,4960,1288,56250,306000000,1728000
1791120934.6227,4960,1288,56343,306000000,1728000
1791120934.6728,4960,1280,56156,306000000,1728000
1791120934.7229,4960,1296,56218,306000000,1728000
1791120934.7730,4960,1296,56437,306000000,1728000
1791120934.8230,4960,1288,56218,306000000,1728000
1791120934.8731,4960,1288,56406,306000000,1728000
1791120934.9232,4960,1288,56250,306000000,1728000
1791120934.9733,4960,1288,56312,306000000,1728000
1791120935.0234,4960,1288,56250,306000000,1728000
1791120935.0735,4960,1280,56343,306000000,1728000
1791120935.1235,4960,1280,56218,306000000,1728000
1791120935.1736,4960,1280,56250,306000000,1728000
1791120935.2237,4960,1272,56250,306000000,1728000
1791120935.2738,4960,1288,56343,306000000,1728000
1791120935.3239,4960,1296,56437,306000000,1728000
1791120935.3740,4960,1296,56250,306000000,1728000
1791120935.4241,4960,1296,56375,306000000,1728000
1791120935.4742,4960,1288,56218,306000000,1728000
1791120935.5243,4960,1288,56343,306000000,1728000
1791120935.5744,4960,1288,56218,306000000,1728000
1791120935.6245,4960,1288,56312,306000000,1728000
1791120935.6746,4960,1280,56187,306000000,1728000
1791120935.7246,4960,1280,56218,306000000,1728000
1791120935.7747,4960,1280,56500,306000000,1728000
1791120935.8248,4960,1280,56312,306000000,1728000
1791120935.8749,4960,1288,56437,306000000,1728000
1791120935.9250,4960,1288,56250,306000000,1728000
1791120935.9751,4960,1280,56375,306000000,1728000
1791120936.0252,4960,1272,56250,306000000,1728000
1791120936.0753,4960,1280,56281,306000000,1728000
1791120936.1253,4960,1280,56218,306000000,1728000
1791120936.1754,4960,1272,56312,306000000,1728000
1791120936.2255,4960,1272,56375,306000000,1728000
1791120936.2756,4960,1272,56281,306000000,1728000
1791120936.3257,4960,1264,56437,306000000,1728000
1791120936.3758,4960,1272,56250,306000000,1728000
1791120936.4259,4960,1288,56281,306000000,1728000
1791120936.4760,4960,1288,56250,306000000,1728000
1791120936.5261,4960,1280,56250,306000000,1728000
1791120936.5762,4960,1280,56156,306000000,1728000
1791120936.6262,4960,1288,56343,306000000,1728000
1791120936.6763,4960,1280,56406,306000000,1728000
1791120936.7264,4960,1272,56281,306000000,1728000
1791120936.7765,4960,1272,56406,306000000,1728000
1791120936.8266,4960,1272,56156,306000000,1728000
1791120936.8767,4960,1272,56281,306000000,1728000
1791120936.9268,4960,1280,56156,306000000,1728000
1791120936.9769,4960,1288,56343,306000000,1728000
1791120937.0269,4960,1288,56156,306000000,1728000
1791120937.0770,4960,1280,56156,306000000,1728000
1791120937.1272,4960,1280,56437,306000000,1728000
1791120937.1773,4960,1280,56250,306000000,1728000
1791120937.2273,4960,1280,56343,306000000,1728000
1791120937.2774,4960,1272,56218,306000000,1728000
1791120937.3275,4960,1280,56312,306000000,1728000
1791120937.3776,4960,1288,56343,306000000,1728000
1791120937.4277,4960,1272,56343,306000000,1728000
1791120937.4778,4960,1272,56093,306000000,1728000
1791120937.5279,4960,1288,56218,306000000,1728000
1791120937.5780,4960,1288,56187,306000000,1728000
1791120937.6281,4960,1288,56218,306000000,1728000
1791120937.6781,4960,1280,56312,306000000,1728000
1791120937.7282,4960,1280,56187,306000000,1728000
1791120937.7783,4960,1272,56218,306000000,1728000
1791120937.8284,4960,1272,56218,306000000,1728000
1791120937.8785,4960,1272,56281,306000000,1728000
1791120937.9286,4960,1272,56250,306000000,1728000
1791120937.9787,4960,1264,56187,306000000,1728000
1791120938.0287,4960,1264,56187,306000000,1728000
1791120938.0788,4960,1280,56218,306000000,1728000
1791120938.1289,4960,1280,56375,306000000,1728000
1791120938.1790,4960,1272,56218,306000000,1728000
1791120938.2291,4960,1272,56312,306000000,1728000
1791120938.2792,4960,1280,56281,306000000,1728000
1791120938.3293,4960,1280,56343,306000000,1728000
1791120938.3794,4960,1272,56156,306000000,1267200
1791120938.4295,4960,1280,56218,306000000,1728000
1791120938.4796,4960,1288,56156,306000000,1728000
1791120938.5297,4960,1280,56218,306000000,1728000
1791120938.5798,4960,1280,56375,306000000,1728000
1791120938.6299,4960,1288,56250,306000000,1344000
1791120938.6800,4960,1304,56406,306000000,1728000
1791120938.7300,4960,1296,56218,306000000,1728000
1791120938.7801,4960,1288,56312,306000000,1728000
1791120938.8302,4960,1288,56218,306000000,1728000
1791120938.8803,4960,1288,56281,306000000,1728000
1791120938.9304,4960,1280,56187,306000000,1728000
1791120938.9805,4960,1280,56281,306000000,1728000
1791120939.0305,4960,1272,56343,306000000,1728000
1791120939.0806,4960,1272,56218,306000000,1728000
1791120939.1307,4960,1272,56375,306000000,1728000
1791120939.1808,4960,1272,56187,306000000,1728000
1791120939.2312,4960,1280,56281,306000000,1728000
1791120939.2813,4960,1280,56187,306000000,1728000
1791120939.3314,4960,1280,56343,306000000,1728000
1791120939.3815,4960,1272,56218,306000000,1728000
1791120939.4316,4960,1280,56250,306000000,1728000
1791120939.4816,4960,1280,56281,306000000,1728000
1791120939.5317,4960,1272,56187,306000000,1728000
1791120939.5818,4960,1272,56343,306000000,1728000
1791120939.6319,4960,1272,56281,306000000,1728000
1791120939.6820,4960,1264,56375,306000000,1728000
1791120939.7321,4960,1264,56187,306000000,1344000
1791120939.7822,4960,1280,56281,306000000,1728000
1791120939.8323,4960,1280,56250,306000000,1728000
1791120939.8824,4960,1272,56156,306000000,1728000
1791120939.9325,4960,1280,56218,306000000,1728000
1791120939.9826,4960,1280,56187,306000000,1728000
1791120940.0326,4960,1280,56375,306000000,1728000
1791120940.0827,4960,1272,56156,306000000,1728000
1791120940.1328,4960,1272,56312,306000000,1728000
1791120940.1829,4960,1272,56187,306000000,1728000
1791120940.2330,4960,1272,56375,306000000,1728000
1791120940.2831,4960,1272,56156,306000000,1344000
1791120940.3332,4960,1288,56312,306000000,1728000
1791120940.3833,4960,1288,56250,306000000,1728000
1791120940.4334,4960,1288,56250,306000000,1344000
1791120940.4835,4960,1288,56343,306000000,1728000
1791120940.5336,4960,1288,56156,306000000,1728000
1791120940.5837,4960,1280,56281,306000000,1728000
1791120940.6338,4960,1280,56218,306000000,1728000
1791120940.6838,4960,1280,56250,306000000,1728000
1791120940.7339,4960,1280,56218,306000000,1728000
1791120940.7840,4960,1272,56281,306000000,1728000
1791120940.8341,4960,1280,56125,306000000,1728000
1791120940.8842,4960,1288,56218,306000000,1728000
1791120940.9343,4960,1288,56312,306000000,1728000
1791120940.9844,4960,1280,56250,306000000,1728000
1791120941.0345,4960,1288,56406,306000000,1728000
1791120941.0845,4960,1288,56218,306000000,1728000
1791120941.1346,4960,1280,56343,306000000,1728000
1791120941.1847,4960,1280,56156,306000000,1728000
1791120941.2348,4960,1280,56250,306000000,1728000
1791120941.2849,4960,1280,56187,306000000,1728000
1791120941.3350,4960,1280,56218,306000000,1728000
1791120941.3850,4960,1272,56312,306000000,1728000
1791120941.4351,4960,1288,56125,306000000,1728000
1791120941.4852,4960,1296,56343,306000000,1728000
1791120941.5353,4960,1296,56250,306000000,1728000
1791120941.5854,4960,1296,56343,306000000,1728000
1791120941.6355,4960,1296,56156,306000000,1728000
1791120941.6856,4960,1288,56250,306000000,1728000
1791120941.7357,4960,1288,56156,306000000,1728000
1791120941.7858,4960,1288,56250,306000000,1728000
1791120941.8358,4960,1288,56375,306000000,1728000
1791120941.8859,4960,1280,56250,306000000,1728000
1791120941.9360,4960,1272,56375,306000000,1728000
1791120941.9861,4960,1280,56250,306000000,1728000
1791120942.0362,4960,1288,56218,306000000,1728000
1791120942.0863,4960,1280,56125,306000000,1728000
1791120942.1363,4960,1280,56343,306000000,1728000
1791120942.1864,4960,1280,56218,306000000,1728000
1791120942.2365,4960,1272,56250,306000000,1728000
1791120942.2866,4960,1272,56125,306000000,1728000
1791120942.3366,4960,1272,56156,306000000,1728000
1791120942.3867,4960,1272,56375,306000000,1728000
1791120942.4368,4960,1272,56156,306000000,1728000
1791120942.4869,4960,1272,56312,306000000,1344000
1791120942.5370,4960,1280,56093,306000000,1728000
1791120942.5871,4960,1296,56281,306000000,1036800
1791120942.6372,4960,1296,56125,306000000,1728000
1791120942.6873,4960,1288,56281,306000000,1728000
1791120942.7373,4960,1288,56156,306000000,1728000
1791120942.7874,4960,1288,56187,306000000,1728000
1791120942.8375,4960,1280,56312,306000000,1728000
1791120942.8876,4960,1280,56187,306000000,1728000
1791120942.9376,4960,1280,56281,306000000,1728000
1791120942.9877,4960,1288,56156,306000000,1728000
1791120943.0378,4960,1280,56281,306000000,1728000
1791120943.0879,4960,1272,56156,306000000,1728000
1791120943.1380,4960,1288,56218,306000000,1728000
1791120943.1881,4960,1296,56156,306000000,1728000
1791120943.2382,4960,1296,56250,306000000,1728000
1791120943.2882,4960,1288,56375,306000000,1728000
1791120943.3383,4960,1288,56218,306000000,1728000
1791120943.3884,4960,1280,56187,306000000,1728000
1791120943.4385,4960,1280,56187,306000000,1728000
1791120943.4886,4960,1280,56250,306000000,1728000
1791120943.5387,4960,1288,56218,306000000,1728000
1791120943.5888,4960,1288,56187,306000000,1728000
1791120943.6389,4960,1280,56093,306000000,1728000
1791120943.6890,4960,1288,56156,306000000,1728000
1791120943.7391,4960,1296,56375,306000000,1728000
1791120943.7892,4960,1288,56218,306000000,1728000
1791120943.8393,4960,1288,56250,306000000,1728000
1791120943.8893,4960,1280,56156,306000000,1728000
1791120943.9394,4960,1280,56250,306000000,1728000
1791120943.9895,4960,1272,56187,306000000,1728000
1791120944.0396,4960,1272,56281,306000000,1728000
1791120944.0897,4960,1272,56250,306000000,1728000
1791120944.1397,4960,1272,56218,306000000,1728000
1791120944.1898,4960,1272,56343,306000000,1728000
1791120944.2399,4960,1280,56218,306000000,1344000
1791120944.2900,4960,1288,56281,306000000,1728000
1791120944.3401,4960,1288,56156,306000000,1728000
1791120944.3902,4960,1280,56250,306000000,1728000
1791120944.4403,4960,1280,56156,306000000,1728000
1791120944.4903,4960,1280,56156,306000000,1728000
1791120944.5404,4960,1280,56187,306000000,1728000
1791120944.5905,4960,1280,56156,306000000,1728000
1791120944.6406,4960,1280,56031,306000000,1728000
1791120944.6907,4960,1280,56156,306000000,1728000
1791120944.7408,4960,1280,56281,306000000,1728000
1791120944.7909,4960,1288,56187,306000000,1728000
1791120944.8410,4960,1296,56250,306000000,1728000
1791120944.8911,4960,1296,56156,306000000,1728000
1791120944.9411,4960,1296,56218,306000000,1728000
1791120944.9912,4960,1288,56187,306000000,1728000
1791120945.0413,4960,1280,56125,306000000,1728000
1791120945.0914,4960,1288,56156,306000000,1728000
1791120945.1415,4960,1280,56187,306000000,1728000
1791120945.1916,4960,1272,56375,306000000,1728000
1791120945.2417,4960,1280,56187,306000000,1728000
1791120945.2917,4960,1272,56250,306000000,1728000
1791120945.3418,4960,1272,56250,306000000,1728000
1791120945.3920,4960,1288,56281,306000000,1728000
1791120945.4420,4960,1296,56125,306000000,1728000
1791120945.4921,4960,1288,56218,306000000,1728000
1791120945.5422,4960,1288,56093,306000000,1728000
1791120945.5923,4960,1296,56156,306000000,1728000
1791120945.6424,4960,1296,56281,306000000,1728000
1791120945.6925,4960,1296,56187,306000000,1728000
1791120945.7426,4960,1288,56218,306000000,1728000
1791120945.7927,4960,1288,56125,306000000,1728000
1791120945.8428,4960,1288,56250,306000000,1728000
1791120945.8929,4960,1288,56125,306000000,1728000
1791120945.9430,4960,1296,56218,306000000,1497600
1791120945.9931,4960,1296,56031,306000000,1728000
1791120946.0432,4960,1296,56187,306000000,1728000
1791120946.0933,4960,1296,56343,306000000,1728000
1791120946.1434,4960,1288,56187,306000000,1728000
1791120946.1935,4960,1280,56281,306000000,1728000
1791120946.2435,4960,1280,56125,306000000,1728000
1791120946.2936,4960,1280,56281,306000000,1728000
1791120946.3437,4960,1272,56125,306000000,1728000
1791120946.3938,4960,1272,56218,306000000,1728000
1791120946.4439,4960,1272,56125,306000000,1728000
1791120946.4940,4960,1280,56218,306000000,1728000
1791120946.5441,4960,1288,56281,306000000,1728000
1791120946.5942,4960,1288,56125,306000000,1728000
1791120946.6443,4960,1288,56343,306000000,1728000
1791120946.6944,4960,1280,56187,306000000,1728000
1791120946.7445,4960,1288,56218,306000000,1728000
1791120946.7946,4960,1280,56093,306000000,1728000
1791120946.8447,4960,1280,56218,306000000,1728000
1791120946.8948,4960,1280,56156,306000000,1728000
1791120946.9448,4960,1280,56125,306000000,1728000
1791120946.9949,4960,1280,56031,306000000,1728000
1791120947.0451,4960,1288,56187,306000000,1113600
1791120947.0952,4960,1288,56343,306000000,1728000
1791120947.1453,4960,1288,56093,306000000,1728000
1791120947.1953,4960,1288,56281,306000000,1728000
1791120947.2454,4960,1280,56125,306000000,1728000
1791120947.2955,4960,1280,56250,306000000,1728000
1791120947.3456,4960,1288,56156,306000000,1728000
1791120947.3957,4960,1280,56250,306000000,1728000
1791120947.4458,4960,1272,56062,306000000,1728000
1791120947.4958,4960,1280,56218,306000000,1728000
1791120947.5459,4960,1280,56250,306000000,1728000
1791120947.5960,4960,1280,56156,306000000,1728000
1791120947.6462,4960,1296,56187,306000000,1728000
1791120947.6963,4960,1296,56062,306000000,1728000
1791120947.7464,4960,1288,56250,306000000,1728000
1791120947.7964,4960,1288,56093,306000000,1728000
1791120947.8465,4960,1288,56156,306000000,1728000
1791120947.8966,4960,1288,56125,306000000,1728000
1791120947.9467,4960,1288,56093,306000000,1728000
1791120947.9968,4960,1280,56312,306000000,1728000
1791120948.0469,4960,1280,56125,306000000,1728000
1791120948.0970,4960,1280,56250,306000000,1728000
1791120948.1471,4960,1280,56093,306000000,1344000
1791120948.1973,4960,1288,56156,306000000,1728000
1791120948.2473,4960,1296,56093,306000000,1728000
1791120948.2974,4960,1296,56218,306000000,1728000
1791120948.3475,4960,1288,56125,306000000,1728000
1791120948.3976,4960,1288,56187,306000000,1728000
1791120948.4477,4960,1280,56343,306000000,1728000
1791120948.4978,4960,1280,56125,306000000,1728000
1791120948.5478,4960,1280,56156,306000000,1728000
1791120948.5979,4960,1272,56093,306000000,1728000
1791120948.6480,4960,1280,56218,306000000,1728000
1791120948.6981,4960,1288,56093,306000000,1344000
1791120948.7482,4960,1304,56156,306000000,1113600
1791120948.7983,4960,1296,56062,306000000,1728000
1791120948.8484,4960,1288,56093,306000000,1728000
1791120948.8985,4960,1288,56312,306000000,1728000
1791120948.9486,4960,1288,56062,306000000,1728000
1791120948.9986,4960,1280,56281,306000000,1728000
1791120949.0487,4960,1280,56062,306000000,1728000
1791120949.0988,4960,1280,56187,306000000,1728000
1791120949.1489,4960,1280,56031,306000000,1728000
1791120949.1989,4960,1272,56218,306000000,1728000
1791120949.2490,4960,1280,56125,306000000,1728000
1791120949.2991,4960,1288,56156,306000000,1420800
1791120949.3492,4960,1288,56093,306000000,1728000
1791120949.3993,4960,1288,56156,306000000,1728000
1791120949.4494,4960,1288,56312,306000000,1728000
1791120949.4995,4960,1288,56031,306000000,1728000
1791120949.5495,4960,1288,56125,306000000,1728000
1791120949.5996,4960,1280,56125,306000000,1728000
1791120949.6497,4960,1280,56187,306000000,1728000
1791120949.6998,4960,1296,56125,306000000,1728000
1791120949.7499,4960,1288,56187,306000000,1728000
1791120949.8000,4960,1288,56125,306000000,1728000
1791120949.8501,4960,1296,56093,306000000,1728000
1791120949.9002,4960,1304,56281,306000000,1728000
1791120949.9503,4960,1296,56125,306000000,1728000
1791120950.0004,4960,1288,56250,306000000,1728000
1791120950.0504,4960,1288,56062,306000000,1728000
1791120950.1005,4960,1288,56250,306000000,1728000
1791120950.1506,4960,1288,56125,306000000,1728000
1791120950.2007,4960,1280,56156,306000000,1728000
1791120950.2508,4960,1280,56031,306000000,1728000
1791120950.3008,4960,1280,56125,306000000,1728000
1791120950.3509,4960,1280,56281,306000000,1728000
1791120950.4010,4960,1288,56093,306000000,1728000
1791120950.4511,4960,1296,56062,306000000,1728000
1791120950.5011,4960,1296,56093,306000000,1728000
1791120950.5512,4960,1280,56250,306000000,1728000
1791120950.6013,4960,1280,56093,306000000,1728000
1791120950.6514,4960,1280,56187,306000000,1728000
1791120950.7015,4960,1288,56000,306000000,1267200
1791120950.7516,4960,1288,56156,306000000,1728000
1791120950.8017,4960,1280,56250,306000000,1728000
1791120950.8518,4960,1280,56093,306000000,1728000
1791120950.9019,4960,1280,56093,306000000,1728000
1791120950.9520,4960,1288,56031,306000000,1728000
1791120951.0021,4960,1288,56218,306000000,1728000
1791120951.0521,4960,1288,56031,306000000,1728000
1791120951.1022,4960,1288,56250,306000000,1728000
1791120951.1523,4960,1280,56031,306000000,1728000
1791120951.2024,4960,1280,56125,306000000,1728000
1791120951.2525,4960,1280,56281,306000000,1728000
1791120951.3025,4960,1272,56093,306000000,1728000
1791120951.3526,4960,1272,56218,306000000,1728000
1791120951.4027,4960,1272,56031,306000000,1728000
1791120951.4528,4960,1272,56125,306000000,1728000
1791120951.5029,4960,1280,56062,306000000,1728000
1791120951.5530,4960,1280,56031,306000000,1267200
1791120951.6031,4960,1280,56000,306000000,1728000
1791120951.6532,4960,1280,56187,306000000,1728000
1791120951.7032,4960,1280,56000,306000000,1728000
1791120951.7533,4960,1280,56156,306000000,1728000
1791120951.8034,4960,1280,56281,306000000,1728000
1791120951.8535,4960,1272,56031,306000000,1728000
1791120951.9036,4960,1272,56187,306000000,1728000
1791120951.9537,4960,1272,56031,306000000,1728000
1791120952.0038,4960,1272,56093,306000000,1728000
1791120952.0539,4960,1264,56031,306000000,1728000
1791120952.1040,4960,1280,56156,306000000,1728000
1791120952.1541,4960,1288,56031,306000000,1728000
1791120952.2041,4960,1280,56062,306000000,1728000
1791120952.2542,4960,1280,56250,306000000,1728000
1791120952.3043,4960,1280,56031,306000000,1728000
1791120952.3544,4960,1280,56156,306000000,1728000
1791120952.4045,4960,1272,56062,306000000,1728000
1791120952.4546,4960,1272,56156,306000000,1728000
1791120952.5046,4960,1272,56031,306000000,1728000
1791120952.5547,4960,1264,56125,306000000,1728000
1791120952.6048,4960,1264,56000,306000000,1728000
1791120952.6549,4960,1280,56093,306000000,1267200
1791120952.7050,4960,1280,56250,306000000,1728000
1791120952.7551,4960,1280,56093,306000000,1728000
1791120952.8052,4960,1288,56250,306000000,1728000
1791120952.8553,4960,1288,56031,306000000,1728000
1791120952.9054,4960,1288,56125,306000000,1728000
1791120952.9554,4960,1280,56093,306000000,1728000
1791120953.0055,4960,1280,56031,306000000,1728000
1791120953.0556,4960,1272,55968,306000000,1728000
1791120953.1056,4960,1272,56093,306000000,1728000
1791120953.1557,4960,1272,56250,306000000,1728000
1791120953.2058,4960,1280,56093,306000000,1497600
1791120953.2559,4960,1280,56125,306000000,1728000
1791120953.3060,4960,1280,56031,306000000,1728000
1791120953.3561,4960,1280,56125,306000000,1728000
1791120953.4062,4960,1288,56031,306000000,1728000
1791120953.4562,4960,1280,56093,306000000,1728000
1791120953.5063,4960,1272,56000,306000000,1728000
1791120953.5564,4960,1280,56031,306000000,1728000
1791120953.6065,4960,1272,56250,306000000,1728000
1791120953.6566,4960,1280,56031,306000000,1728000
1791120953.7066,4960,1272,56156,306000000,1728000
1791120953.7567,4960,1280,56062,306000000,1728000
1791120953.8068,4960,1296,56062,306000000,1728000
1791120953.8569,4960,1288,56031,306000000,1728000
1791120953.9071,4960,1288,56062,306000000,1728000
1791120953.9571,4960,1296,56031,306000000,1728000
1791120954.0072,4960,1288,56062,306000000,1728000
1791120954.0573,4960,1288,55968,306000000,1728000
1791120954.1074,4960,1280,56062,306000000,1728000
1791120954.1575,4960,1280,56062,306000000,1728000
1791120954.2076,4960,1288,56093,306000000,1728000
1791120954.2576,4960,1280,56125,306000000,1728000
1791120954.3077,4960,1280,56093,306000000,1728000
1791120954.3578,4960,1296,56093,306000000,1344000
1791120954.4079,4960,1296,56031,306000000,1728000
1791120954.4580,4960,1288,56125,306000000,1728000
1791120954.5081,4960,1280,56031,306000000,1728000
1791120954.5582,4960,1288,56031,306000000,1728000
1791120954.6083,4960,1280,56062,306000000,1728000
1791120954.6583,4960,1272,56000,306000000,1728000
1791120954.7084,4960,1280,56156,306000000,1728000
1791120954.7585,4960,1280,55968,306000000,1728000
1791120954.8086,4960,1280,56062,306000000,1728000
1791120954.8587,4960,1280,55968,306000000,1728000
1791120954.9088,4960,1296,56062,306000000,1728000
1791120954.9588,4960,1296,56031,306000000,1728000
1791120955.0089,4960,1296,56031,306000000,1728000
1791120955.0590,4960,1296,56187,306000000,1728000
1791120955.1091,4960,1288,56031,306000000,1728000
1791120955.1592,4960,1288,56125,306000000,1728000
1791120955.2092,4960,1288,56031,306000000,1728000
1791120955.2593,4960,1280,56125,306000000,1728000
1791120955.3094,4960,1280,56000,306000000,1728000
1791120955.3595,4960,1280,56062,306000000,1728000
1791120955.4096,4960,1280,56000,306000000,1728000
1791120955.4597,4960,1288,56000,306000000,1728000
1791120955.5098,4960,1296,56250,306000000,1728000
1791120955.5599,4960,1296,56031,306000000,1728000
1791120955.6100,4960,1288,56093,306000000,1728000
1791120955.6601,4960,1280,56000,306000000,1728000
1791120955.7101,4960,1288,56093,306000000,1728000
1791120955.7602,4960,1288,55906,306000000,1728000
1791120955.8103,4960,1272,56093,306000000,1728000
1791120955.8604,4960,1288,55968,306000000,1728000
1791120955.9105,4960,1288,56062,306000000,1728000
1791120955.9606,4960,1296,56187,306000000,1728000
1791120956.0107,4960,1296,56093,306000000,1728000
1791120956.0608,4960,1296,56093,306000000,1728000
1791120956.1109,4960,1296,56031,306000000,1728000
1791120956.1609,4960,1296,56062,306000000,1728000
1791120956.2110,4960,1288,56000,306000000,1728000
1791120956.2611,4960,1288,56062,306000000,1728000
1791120956.3112,4960,1280,56000,306000000,1728000
1791120956.3613,4960,1280,56031,306000000,1728000
1791120956.4114,4960,1280,55937,306000000,1728000
1791120956.4614,4960,1272,56000,306000000,1728000
1791120956.5115,4960,1272,56218,306000000,1728000
1791120956.5616,4960,1272,56031,306000000,1728000
1791120956.6117,4960,1280,56062,306000000,1728000
1791120956.6618,4960,1280,56000,306000000,1728000
1791120956.7119,4960,1280,56031,306000000,1728000
1791120956.7620,4960,1272,56031,306000000,1728000
1791120956.8120,4960,1272,56062,306000000,1728000
1791120956.8621,4960,1272,55937,306000000,1728000
1791120956.9122,4960,1280,56000,306000000,1728000
1791120956.9623,4960,1272,56031,306000000,1728000
1791120957.0124,4960,1272,55968,306000000,1728000
1791120957.0625,4960,1280,56093,306000000,1728000
1791120957.1125,4960,1280,55968,306000000,1728000
1791120957.1627,4960,1288,56062,306000000,1344000
1791120957.2127,4960,1288,55937,306000000,1728000
1791120957.2628,4960,1288,55968,306000000,1728000
1791120957.3129,4960,1288,55937,306000000,1728000
1791120957.3630,4960,1288,55968,306000000,1728000
1791120957.4131,4960,1280,56062,306000000,1728000
1791120957.4631,4960,1280,56000,306000000,1728000
1791120957.5132,4960,1280,56125,306000000,1728000
1791120957.5633,4960,1272,56031,306000000,1728000
1791120957.6134,4960,1264,56125,306000000,1728000
1791120957.6635,4968,1256,56000,306000000,1728000
1791120957.7136,4960,1264,56000,306000000,1728000
1791120957.7636,4960,1256,55937,306000000,1728000
1791120957.8137,4968,1248,56031,306000000,1728000
1791120957.8638,4968,1248,56062,306000000,1728000
1791120957.9139,4960,1248,55937,306000000,1728000
1791120957.9640,4960,1248,56156,306000000,1728000
1791120958.0141,4968,1240,56000,306000000,1728000
1791120958.0641,4968,1232,56125,306000000,1728000
1791120958.1142,4968,1232,56000,306000000,1728000
1791120958.1643,4968,1224,55937,306000000,1728000
1791120958.2144,4968,1224,56031,306000000,1728000
1791120958.2645,4960,1232,56062,306000000,1728000
1791120958.3146,4968,1232,56156,306000000,1728000
1791120958.3646,4968,1232,56031,306000000,1728000
1791120958.4147,4968,1224,56125,306000000,1728000
1791120958.4648,4968,1224,56031,306000000,1728000
1791120958.5149,4968,1224,56031,306000000,1728000
1791120958.5650,4968,1216,55937,306000000,1728000
1791120958.6150,4968,1216,56062,306000000,1728000
1791120958.6651,4968,1216,56031,306000000,1728000
1791120958.7152,4968,1216,55968,306000000,1728000
1791120958.7653,4968,1216,55906,306000000,1728000
1791120958.8154,4968,1224,56031,306000000,1728000
1791120958.8655,4968,1224,56062,306000000,1728000
1791120958.9156,4968,1224,56031,306000000,1728000
1791120958.9657,4968,1232,56062,306000000,1728000
1791120959.0158,4968,1224,56000,306000000,1728000
1791120959.0658,4968,1224,56000,306000000,1728000
1791120959.1159,4968,1224,55906,306000000,1728000
1791120959.1660,4968,1216,56031,306000000,1728000
1791120959.2161,4968,1216,55968,306000000,1728000
1791120959.2661,4968,1216,55937,306000000,1728000
1791120959.3162,4968,1216,56156,306000000,1728000
1791120959.3663,4968,1224,56031,306000000,1728000
1791120959.4164,4968,1224,56093,306000000,1728000
1791120959.4665,4968,1224,56000,306000000,1728000
1791120959.5166,4968,1224,55968,306000000,1728000
1791120959.5667,4968,1216,56000,306000000,1728000
1791120959.6167,4968,1216,56031,306000000,1728000
1791120959.6668,4968,1216,55968,306000000,1728000
1791120959.7169,4968,1216,56031,306000000,1728000
1791120959.7670,4968,1216,56125,306000000,1728000
1791120959.8171,4968,1208,56031,306000000,1728000
1791120959.8672,4968,1208,56031,306000000,1728000
1791120959.9173,4968,1216,55968,306000000,1728000
1791120959.9674,4960,1248,56093,306000000,1728000
1791120960.0175,4960,1256,56000,306000000,1728000
1791120960.0676,4960,1256,56000,306000000,1728000
1791120960.1176,4960,1256,55906,306000000,1728000
1791120960.1677,4960,1264,56000,306000000,1728000
1791120960.2178,4960,1272,56093,306000000,1728000
1791120960.2679,4960,1272,55906,306000000,1728000
1791120960.3179,4960,1264,56062,306000000,1728000
1791120960.3680,4968,1248,55937,306000000,1728000
1791120960.4181,4968,1224,56031,306000000,1728000
