1791138822.9242,4952,1384,56843,1020000000,1728000
1791138822.9742,4952,1440,56812,1020000000,1728000
1791138823.0243,4952,1488,57218,1020000000,1728000
1791138823.0744,4952,1496,56843,1020000000,1728000
1791138823.1244,4952,1504,56531,1020000000,1728000
1791138823.1745,4952,1512,56750,1020000000,1728000
1791138823.2246,4952,1520,56562,1020000000,1728000
1791138823.2746,4952,1520,56437,1020000000,1728000
1791138823.3247,4952,1528,56500,1020000000,1728000
1791138823.3747,4952,1544,56656,1020000000,1728000
1791138823.4248,4952,1544,56500,1020000000,1728000
1791138823.4749,4952,1560,56875,1020000000,1728000
1791138823.5250,4952,1568,56625,1020000000,1728000
1791138823.5750,4952,1560,56562,1020000000,1728000
1791138823.6251,4952,1568,57000,1020000000,1728000
1791138823.6752,4944,1576,56531,1020000000,1728000
1791138823.7253,4952,1568,56531,1020000000,1728000
1791138823.7753,4952,1568,56531,1020000000,1728000
1791138823.8254,4952,1560,56593,1020000000,1728000
1791138823.8755,4952,1568,56750,1020000000,1728000
1791138823.9256,4944,1584,57000,1020000000,1728000
1791138823.9756,4944,1584,56625,1020000000,1728000
1791138824.0257,4944,1632,56625,1020000000,1728000
1791138824.0758,4944,1712,56656,1020000000,1728000
1791138824.1258,4944,1752,56687,1020000000,1728000
1791138824.1759,4936,1808,56625,1020000000,1728000
1791138824.2260,4936,1848,56656,1020000000,1728000
1791138824.2761,4936,1888,56843,1020000000,1728000
1791138824.3261,4936,1920,56937,1020000000,1728000
1791138824.3762,4936,1952,56812,1020000000,1728000
1791138824.4263,4936,1984,56906,1020000000,1728000
1791138824.4764,4928,2024,57031,1020000000,1728000
1791138824.5265,4928,2032,56937,1020000000,1728000
1791138824.5766,4928,2056,57031,1020000000,1728000
1791138824.6266,4928,2072,57062,1020000000,1728000
1791138824.6767,4928,2096,56843,1020000000,1728000
1791138824.7268,4928,2104,57031,1020000000,1728000
1791138824.7769,4928,2104,57093,1020000000,1728000
1791138824.8270,4928,2112,56875,1020000000,1728000
1791138824.8770,4928,2120,57156,1020000000,1728000
1791138824.9271,4928,2120,57187,1020000000,1728000
1791138824.9772,4928,2112,56937,1020000000,1728000
1791138825.0273,4928,2136,57125,1020000000,1728000
1791138825.0773,4928,2128,56937,1020000000,1728000
1791138825.1274,4928,2128,56937,1020000000,1728000
1791138825.1775,4928,2136,57000,1020000000,1728000
1791138825.2276,4928,2144,56937,1020000000,1728000
1791138825.2776,4928,2144,57031,1020000000,1728000
1791138825.3277,4928,2144,57062,1020000000,1728000
1791138825.3778,4928,2136,57031,1020000000,1728000
1791138825.4279,4928,2144,57031,1020000000,1728000
1791138825.4779,4928,2152,57031,1020000000,1728000
1791138825.5280,4928,2144,57000,1020000000,1728000
1791138825.5781,4928,2160,57031,1020000000,1728000
1791138825.6282,4928,2152,57062,1020000000,1728000
1791138825.6782,4928,2160,57156,1020000000,1728000
1791138825.7283,4928,2144,57031,1020000000,1728000
1791138825.7784,4928,2160,57093,1020000000,1728000
1791138825.8285,4928,2144,57250,1020000000,1728000
1791138825.8785,4928,2152,57031,1020000000,1728000
1791138825.9286,4928,2144,57187,1020000000,1728000
1791138825.9787,4928,2136,57187,1020000000,1728000
1791138826.0287,4928,2144,57343,1020000000,1728000
1791138826.0788,4928,2152,57156,1020000000,1728000
1791138826.1289,4928,2136,57187,1020000000,1728000
1791138826.1790,4928,2072,57250,1020000000,1728000
1791138826.2291,4928,2064,57062,1020000000,1728000
1791138826.2791,4928,2088,57187,1020000000,1728000
1791138826.3293,4928,2096,57406,1020000000,1728000
1791138826.3793,4928,2104,57281,1020000000,1728000
1791138826.4294,4928,2112,57343,1020000000,1728000
1791138826.4795,4928,2120,57562,1020000000,1728000
1791138826.5296,4928,2136,57031,1020000000,1728000
1791138826.5796,4928,2136,57312,1020000000,1728000
1791138826.6301,4928,2144,57125,1020000000,1728000
1791138826.6801,4928,2144,57156,1020000000,1728000
1791138826.7302,4928,2152,57218,1020000000,1728000
1791138826.7803,4928,2160,57125,1020000000,1728000
1791138826.8304,4928,2144,57156,1020000000,1728000
1791138826.8804,4928,2152,57218,1020000000,1728000
1791138826.9305,4928,2152,57156,1020000000,1728000
1791138826.9806,4928,2152,57250,1020000000,1728000
1791138827.0307,4928,2160,57250,1020000000,1728000
1791138827.0808,4928,2152,57156,1020000000,1728000
1791138827.1308,4928,2152,57187,1020000000,1728000
1791138827.1809,4928,2152,57218,1020000000,1728000
1791138827.2310,4928,2168,57281,1020000000,1728000
1791138827.2810,4928,2160,57250,1020000000,1728000
1791138827.3311,4928,2152,57218,1020000000,1728000
1791138827.3812,4928,2152,57375,1020000000,1728000
1791138827.4313,4928,2160,57218,1020000000,1728000
1791138827.4813,4928,2152,57343,1020000000,1728000
1791138827.5314,4928,2160,57406,1020000000,1728000
1791138827.5815,4928,2152,57500,1020000000,1728000
1791138827.6316,4928,2152,57343,1020000000,1728000
1791138827.6817,4928,2152,57437,1020000000,1728000
1791138827.7317,4928,2168,57562,1020000000,1728000
1791138827.7818,4928,2168,57375,1020000000,1728000
1791138827.8319,4928,2168,57500,1020000000,1728000
1791138827.8820,4928,2176,57625,1020000000,1728000
1791138827.9320,4928,2176,57437,1020000000,1728000
1791138827.9821,4928,2176,57531,1020000000,1728000
1791138828.0322,4928,2168,57562,1020000000,1728000
1791138828.0822,4928,2176,57218,1020000000,1728000
1791138828.1323,4928,2176,57468,1020000000,1728000
1791138828.1824,4928,2168,57187,1020000000,1728000
1791138828.2324,4928,2168,57281,1020000000,1728000
1791138828.2825,4928,2192,57531,1020000000,1728000
1791138828.3326,4928,2192,57281,1020000000,1728000
1791138828.3827,4928,2192,57250,1020000000,1728000
1791138828.4328,4928,2184,57625,1020000000,1728000
1791138828.4828,4928,2184,57281,1020000000,1728000
1791138828.5329,4928,2176,57281,1020000000,1728000
1791138828.5830,4928,2176,57468,1020000000,1728000
1791138828.6330,4928,2168,57312,1020000000,1728000
1791138828.6831,4928,2176,57406,1020000000,1728000
1791138828.7332,4928,2160,57437,1020000000,1728000
1791138828.7832,4928,2168,57343,1020000000,1728000
1791138828.8333,4928,2184,57281,1020000000,1728000
1791138828.8834,4928,2184,57468,1020000000,1728000
1791138828.9335,4928,2184,57375,1020000000,1728000
1791138828.9835,4928,2184,57406,1020000000,1728000
1791138829.0336,4928,2184,57437,1020000000,1728000
1791138829.0837,4928,2192,57593,1020000000,1728000
1791138829.1337,4928,2184,57406,1020000000,1728000
1791138829.1838,4928,2184,57531,1020000000,1728000
1791138829.2339,4928,2184,57562,1020000000,1728000
1791138829.2839,4928,2192,57468,1020000000,1728000
1791138829.3340,4928,2176,57500,1020000000,1728000
1791138829.3841,4928,2200,57593,1020000000,1728000
1791138829.4342,4928,2184,57687,1020000000,1728000
1791138829.4842,4928,2184,57531,1020000000,1728000
1791138829.5343,4928,2184,57625,1020000000,1728000
1791138829.5844,4928,2184,57750,1020000000,1728000
1791138829.6345,4928,2176,57531,1020000000,1728000
1791138829.6845,4928,2176,57656,1020000000,1728000
1791138829.7346,4928,2176,57281,1020000000,1728000
1791138829.7847,4928,2144,57312,1020000000,1728000
1791138829.8347,4928,2088,57562,1020000000,1728000
1791138829.8848,4928,2056,57218,1020000000,1728000
1791138829.9349,4928,2080,57281,1020000000,1728000
1791138829.9850,4928,2088,57593,1020000000,1728000
1791138830.0350,4928,2104,57406,1020000000,1728000
1791138830.0851,4928,2096,57375,1020000000,1728000
1791138830.1352,4928,2112,57718,1020000000,1728000
1791138830.1852,4928,2104,57375,1020000000,1728000
1791138830.2353,4928,2104,57375,1020000000,1728000
1791138830.2853,4928,2112,57687,1020000000,1728000
1791138830.3354,4928,2120,57375,1020000000,1728000
1791138830.3855,4928,2128,57437,1020000000,1728000
1791138830.4356,4928,2128,57625,1020000000,1728000
1791138830.4856,4928,2136,57312,1020000000,1728000
1791138830.5357,4928,2144,57500,1020000000,1728000
1791138830.5858,4928,2152,57562,1020000000,1728000
1791138830.6358,4928,2144,57468,1020000000,1728000
1791138830.6859,4928,2152,57500,1020000000,1728000
1791138830.7360,4928,2160,57593,1020000000,1728000
1791138830.7860,4928,2168,57656,1020000000,1728000
1791138830.8361,4928,2160,57531,1020000000,1728000
1791138830.8862,4928,2160,57562,1020000000,1728000
1791138830.9363,4928,2160,57625,1020000000,1728000
1791138830.9863,4928,2168,57531,1020000000,1728000
1791138831.0364,4928,2176,57625,1020000000,1728000
1791138831.0865,4928,2176,57687,1020000000,1728000
1791138831.1366,4928,2176,57562,1020000000,1728000
1791138831.1866,4928,2168,57593,1020000000,1728000
1791138831.2367,4928,2168,57781,1020000000,1728000
1791138831.2868,4928,2152,57375,1020000000,1728000
1791138831.3368,4928,2160,57718,1020000000,1728000
1791138831.3869,4928,2160,57750,1020000000,1728000
1791138831.4370,4928,2160,57468,1020000000,1728000
1791138831.4870,4928,2160,57718,1020000000,1728000
1791138831.5371,4928,2160,57750,1020000000,1728000
1791138831.5872,4928,2176,57437,1020000000,1728000
1791138831.6373,4928,2184,57531,1020000000,1728000
1791138831.6873,4928,2168,57750,1020000000,1728000
1791138831.7374,4928,2168,57562,1020000000,1728000
1791138831.7875,4928,2160,57562,1020000000,1728000
1791138831.8375,4928,2160,57875,1020000000,1728000
1791138831.8876,4928,2160,57531,1020000000,1728000
1791138831.9377,4928,2160,57593,1020000000,1728000
1791138831.9877,4928,2152,57531,1020000000,1728000
1791138832.0378,4928,2152,57531,1020000000,1728000
1791138832.0879,4928,2160,57687,1020000000,1728000
1791138832.1380,4928,2168,57687,1020000000,1728000
1791138832.1880,4928,2168,57531,1020000000,1728000
1791138832.2381,4928,2176,57593,1020000000,1728000
1791138832.2882,4928,2160,57718,1020000000,1728000
1791138832.3382,4928,2168,57531,1020000000,1728000
1791138832.3883,4928,2160,57687,1020000000,1728000
1791138832.4384,4928,2160,57687,1020000000,1728000
1791138832.4884,4928,2160,57562,1020000000,1728000
1791138832.5385,4928,2160,57562,1020000000,1728000
1791138832.5886,4928,2160,57718,1020000000,1728000
1791138832.6386,4928,2168,57843,1020000000,1728000
1791138832.6887,4928,2168,57593,1020000000,1728000
1791138832.7388,4928,2160,57750,1020000000,1728000
1791138832.7889,4928,2152,57781,1020000000,1728000
1791138832.8389,4928,2160,57687,1020000000,1728000
1791138832.8890,4928,2152,57750,1020000000,1728000
1791138832.9392,4928,2184,57812,1020000000,1728000
1791138832.9893,4920,2200,57718,1020000000,1728000
1791138833.0394,4920,2208,57812,1020000000,1728000
1791138833.0895,4928,2168,57937,714000000,1728000
1791138833.1396,4928,2120,57531,714000000,1728000
1791138833.1897,4928,2088,57718,714000000,1728000
1791138833.2398,4928,2048,57750,714000000,1728000
1791138833.2899,4928,2000,57406,714000000,1728000
1791138833.3399,4936,1960,57437,612000000,1728000
1791138833.3900,4936,1920,57687,612000000,1728000
1791138833.4401,4936,1880,57375,612000000,1728000
1791138833.4902,4936,1824,57343,612000000,1728000
1791138833.5403,4944,1768,57156,612000000,1728000
1791138833.5903,4944,1712,57375,510000000,1728000
1791138833.6404,4944,1664,57156,510000000,1728000
1791138833.6905,4944,1656,57312,510000000,1728000
1791138833.7406,4944,1664,57218,510000000,1728000
1791138833.7907,4944,1656,57218,510000000,1728000
1791138833.8408,4944,1632,57218,510000000,1728000
1791138833.8909,4944,1624,57187,408000000,1728000
1791138833.9410,4944,1600,57250,408000000,1728000
1791138833.9911,4944,1576,57156,408000000,1728000
1791138834.0412,4952,1552,57281,408000000,1728000
1791138834.0913,4952,1528,57125,408000000,1728000
1791138834.1414,4952,1512,57156,408000000,1728000
1791138834.1914,4952,1488,57156,408000000,1728000
1791138834.2415,4952,1464,57187,408000000,1728000
1791138834.2916,4952,1456,57062,408000000,1728000
1791138834.3417,4952,1448,57156,408000000,1728000
1791138834.3918,4952,1440,57187,408000000,1728000
1791138834.4428,4952,1424,57156,408000000,1728000
1791138834.4928,4952,1416,57250,408000000,1728000
1791138834.5429,4952,1416,57062,408000000,1036800
1791138834.5930,4952,1400,57187,408000000,1728000
1791138834.6431,4952,1392,57125,408000000,1113600
1791138834.6931,4952,1384,57125,408000000,1113600
1791138834.7432,4952,1376,57031,408000000,1113600
1791138834.7933,4952,1368,57031,408000000,1113600
1791138834.8434,4952,1368,57000,408000000,1344000
1791138834.8934,4952,1376,57062,408000000,1728000
1791138834.9435,4952,1368,57187,408000000,1728000
1791138834.9936,4952,1368,57062,408000000,1728000
1791138835.0437,4952,1360,57156,408000000,1728000
1791138835.0938,4952,1360,57031,408000000,1728000
1791138835.1438,4952,1344,57031,408000000,1728000
1791138835.1939,4952,1344,56968,408000000,1728000
1791138835.2440,4960,1336,57125,408000000,1728000
1791138835.2941,4960,1336,57000,408000000,1728000
1791138835.3442,4960,1336,57062,408000000,1728000
1791138835.3942,4952,1336,57156,408000000,1728000
1791138835.4443,4952,1344,57000,408000000,1036800
1791138835.4944,4960,1336,57093,408000000,1728000
1791138835.5445,4952,1344,57000,408000000,1728000
1791138835.5946,4960,1336,57031,408000000,1728000
1791138835.6447,4960,1336,57000,408000000,1728000
1791138835.6948,4960,1328,57062,408000000,1728000
1791138835.7449,4960,1336,56937,408000000,1728000
1791138835.7949,4960,1328,57000,408000000,1728000
1791138835.8450,4960,1320,57093,408000000,1728000
1791138835.8951,4960,1328,57000,408000000,1728000
1791138835.9452,4960,1320,57156,408000000,1728000
1791138835.9953,4952,1336,56937,408000000,1420800
1791138836.0454,4960,1336,57031,408000000,1728000
1791138836.0955,4960,1328,56906,408000000,1728000
1791138836.1455,4960,1336,57000,408000000,1728000
1791138836.1956,4960,1336,57000,408000000,1728000
1791138836.2457,4960,1336,57000,408000000,1728000
1791138836.2958,4960,1336,57093,306000000,1728000
1791138836.3459,4960,1328,57000,306000000,1728000
1791138836.3960,4960,1320,57031,306000000,1728000
1791138836.4460,4960,1312,56968,306000000,1728000
1791138836.4961,4960,1312,57000,306000000,1728000
1791138836.5462,4960,1320,56906,306000000,1728000
1791138836.5963,4960,1320,56937,306000000,1728000
1791138836.6464,4960,1312,56937,306000000,1728000
1791138836.6965,4960,1304,57000,306000000,1728000
1791138836.7465,4960,1296,57000,306000000,1728000
1791138836.7966,4960,1296,56906,306000000,1728000
1791138836.8467,4960,1288,57031,306000000,1728000
1791138836.8968,4960,1280,56937,306000000,1728000
1791138836.9469,4960,1280,57000,306000000,1728000
1791138836.9969,4960,1280,56937,306000000,1728000
1791138837.0470,4960,1272,57000,306000000,1728000
1791138837.0971,4960,1280,56843,306000000,1728000
1791138837.1472,4960,1288,57000,306000000,1728000
1791138837.1973,4960,1280,57062,306000000,1728000
1791138837.2474,4960,1280,56906,306000000,1728000
1791138837.2975,4960,1272,57062,306000000,1728000
1791138837.3476,4960,1272,56875,306000000,1728000
1791138837.3976,4960,1272,57000,306000000,1728000
1791138837.4477,4960,1272,56812,306000000,1728000
1791138837.4978,4960,1264,57000,306000000,1728000
1791138837.5479,4960,1264,56906,306000000,1728000
1791138837.5980,4960,1264,56968,306000000,1728000
1791138837.6481,4960,1272,56875,306000000,1728000
1791138837.6981,4960,1280,56875,306000000,1728000
1791138837.7482,4960,1272,57062,306000000,1728000
1791138837.7983,4960,1272,56843,306000000,1728000
1791138837.8484,4960,1272,57062,306000000,1728000
1791138837.8985,4960,1264,56843,306000000,1728000
1791138837.9485,4960,1264,56937,306000000,1728000
1791138837.9986,4960,1272,56875,306000000,1728000
1791138838.0487,4960,1272,56906,306000000,1728000
1791138838.0988,4960,1264,56843,306000000,883200
1791138838.1489,4960,1264,56906,306000000,1728000
1791138838.1990,4960,1264,57000,306000000,1190400
1791138838.2491,4960,1272,56906,306000000,1728000
1791138838.2992,4960,1280,57000,306000000,1728000
1791138838.3492,4960,1264,56781,306000000,1728000
1791138838.3993,4960,1264,56968,306000000,1728000
1791138838.4494,4960,1264,56812,306000000,1728000
1791138838.4995,4960,1256,56968,306000000,1728000
1791138838.5496,4960,1256,56812,306000000,1728000
1791138838.5997,4960,1256,56937,306000000,1728000
1791138838.6497,4960,1256,57000,306000000,1728000
1791138838.6998,4960,1256,56906,306000000,1728000
1791138838.7499,4960,1256,57031,306000000,806400
1791138838.8000,4960,1272,56906,306000000,1728000
1791138838.8501,4960,1272,56968,306000000,1728000
1791138838.9002,4960,1264,56875,306000000,1728000
1791138838.9503,4960,1264,56937,306000000,1728000
1791138839.0004,4960,1264,56875,306000000,1728000
1791138839.0505,4960,1264,56875,306000000,1728000
1791138839.1005,4960,1264,56906,306000000,1728000
1791138839.1506,4960,1256,56875,306000000,1728000
1791138839.2007,4960,1264,56937,306000000,1728000
1791138839.2508,4960,1256,56781,306000000,1728000
1791138839.3009,4960,1264,56875,306000000,1728000
1791138839.3510,4960,1272,56812,306000000,1344000
1791138839.4010,4960,1272,56937,306000000,1728000
1791138839.4511,4960,1272,56718,306000000,1728000
1791138839.5012,4960,1264,56843,306000000,1728000
1791138839.5513,4960,1264,56937,306000000,1728000
1791138839.6014,4960,1264,56718,306000000,1728000
1791138839.6515,4960,1256,57000,306000000,1728000
1791138839.7015,4960,1256,56875,306000000,1728000
1791138839.7516,4960,1256,56937,306000000,1728000
1791138839.8017,4960,1256,56781,306000000,1728000
1791138839.8518,4960,1256,56875,306000000,1728000
1791138839.9019,4960,1264,56781,306000000,1113600
1791138839.9520,4960,1272,56875,306000000,1728000
1791138840.0020,4960,1264,57000,306000000,1728000
1791138840.0521,4960,1264,56812,306000000,1728000
1791138840.1022,4960,1264,56906,306000000,1728000
1791138840.1523,4960,1264,56750,306000000,1728000
1791138840.2024,4960,1264,56781,306000000,1728000
1791138840.2525,4960,1256,56781,306000000,1728000
1791138840.3025,4960,1256,56781,306000000,1728000
1791138840.3526,4960,1256,56750,306000000,1728000
1791138840.4027,4960,1256,56812,306000000,1728000
1791138840.4528,4960,1264,56968,306000000,1728000
1791138840.5029,4960,1272,56843,306000000,1728000
1791138840.5530,4960,1272,56875,306000000,1728000
1791138840.6031,4960,1272,56750,306000000,1728000
1791138840.6531,4960,1264,56906,306000000,1728000
1791138840.7032,4960,1264,56781,306000000,1728000
1791138840.7533,4960,1264,56843,306000000,1728000
1791138840.8034,4960,1264,56687,306000000,1728000
1791138840.8535,4960,1264,56875,306000000,1728000
1791138840.9036,4960,1256,56718,306000000,1728000
1791138840.9536,4960,1264,56750,306000000,1728000
1791138841.0037,4960,1272,56906,306000000,1728000
1791138841.0538,4960,1280,56656,306000000,1728000
1791138841.1039,4960,1280,57000,306000000,1728000
1791138841.1540,4960,1280,56718,306000000,1728000
1791138841.2041,4960,1272,56843,306000000,1728000
1791138841.2542,4960,1264,56656,306000000,1728000
1791138841.3043,4960,1264,56750,306000000,1728000
1791138841.3543,4960,1264,56718,306000000,1728000
1791138841.4044,4960,1264,56750,306000000,1728000
1791138841.4545,4960,1264,56843,306000000,1728000
1791138841.5046,4960,1264,56687,306000000,1728000
1791138841.5547,4960,1264,56937,306000000,1728000
1791138841.6048,4960,1272,56750,306000000,1728000
1791138841.6549,4960,1272,56750,306000000,806400
1791138841.7049,4960,1264,56750,306000000,960000
1791138841.7550,4960,1264,56750,306000000,960000
1791138841.8051,4960,1264,56625,306000000,729600
1791138841.8551,4960,1264,56718,306000000,1728000
1791138841.9052,4960,1256,56781,306000000,1728000
1791138841.9553,4960,1248,56750,306000000,1728000
1791138842.0053,4960,1248,56937,306000000,1728000
1791138842.0554,4960,1248,56687,306000000,1728000
1791138842.1055,4960,1248,56781,306000000,1113600
1791138842.1556,4960,1256,56593,306000000,1728000
1791138842.2057,4960,1256,56718,306000000,1728000
1791138842.2558,4960,1256,56562,306000000,1728000
1791138842.3059,4960,1256,56718,306000000,1728000
1791138842.3559,4960,1256,56812,306000000,1728000
1791138842.4060,4960,1256,56718,306000000,1728000
1791138842.4561,4960,1256,56906,306000000,1728000
1791138842.5062,4960,1264,56656,306000000,1728000
1791138842.5563,4960,1256,56781,306000000,1728000
1791138842.6063,4960,1256,56625,306000000,1728000
1791138842.6564,4960,1256,56718,306000000,1728000
1791138842.7065,4960,1264,56625,306000000,1267200
1791138842.7566,4960,1264,56750,306000000,1728000
1791138842.8067,4960,1264,56937,306000000,1728000
1791138842.8568,4960,1256,56750,306000000,1728000
1791138842.9069,4960,1256,56875,306000000,1728000
1791138842.9569,4960,1256,56687,306000000,1728000
1791138843.0070,4960,1248,56812,306000000,1728000
1791138843.0571,4960,1248,56750,306000000,1728000
1791138843.1072,4960,1256,56750,306000000,1728000
1791138843.1573,4960,1264,56656,306000000,1728000
1791138843.2074,4960,1280,56750,306000000,1728000
1791138843.2575,4960,1304,56593,306000000,1728000
1791138843.3075,4960,1312,56656,306000000,1728000
1791138843.3576,4960,1312,56781,306000000,1728000
1791138843.4077,4960,1304,56718,306000000,1728000
1791138843.4578,4960,1312,56812,306000000,1728000
1791138843.5079,4960,1312,56656,306000000,1728000
1791138843.5580,4960,1312,56750,306000000,1728000
1791138843.6080,4960,1304,56656,306000000,1728000
1791138843.6581,4960,1296,56781,306000000,1728000
1791138843.7082,4960,1296,56625,306000000,1728000
1791138843.7583,4960,1288,56656,306000000,1728000
1791138843.8083,4960,1288,56812,306000000,1728000
1791138843.8584,4960,1296,56625,306000000,1728000
1791138843.9085,4960,1296,56781,306000000,1728000
1791138843.9586,4960,1296,56687,306000000,1728000
1791138844.0087,4960,1288,56750,306000000,1728000
1791138844.0587,4960,1288,56687,306000000,1728000
1791138844.1088,4960,1280,56718,306000000,1728000
1791138844.1589,4960,1272,56687,306000000,1728000
1791138844.2090,4960,1272,56687,306000000,1728000
1791138844.2591,4960,1264,56875,306000000,1728000
1791138844.3092,4960,1272,56687,306000000,1728000
1791138844.3593,4960,1272,56781,306000000,1267200
1791138844.4094,4960,1280,56687,306000000,1728000
1791138844.4594,4960,1280,56750,306000000,1728000
1791138844.5095,4960,1280,56593,306000000,1728000
1791138844.5596,4960,1272,56687,306000000,1728000
1791138844.6097,4960,1272,56562,306000000,1728000
1791138844.6598,4960,1272,56656,306000000,1728000
1791138844.7099,4960,1280,56812,306000000,1728000
1791138844.7600,4960,1272,56562,306000000,1728000
1791138844.8100,4960,1280,56687,306000000,1728000
1791138844.8601,4960,1280,56593,306000000,1728000
1791138844.9102,4960,1280,56812,306000000,1728000
1791138844.9603,4960,1288,56562,306000000,883200
1791138845.0104,4960,1288,56750,306000000,1728000
1791138845.0605,4960,1280,56562,306000000,1728000
1791138845.1105,4960,1280,56562,306000000,960000
1791138845.1606,4960,1272,56843,306000000,729600
1791138845.2107,4960,1264,56656,306000000,806400
1791138845.2608,4960,1264,56750,306000000,806400
1791138845.3108,4960,1264,56593,306000000,729600
1791138845.3609,4960,1264,56687,306000000,1728000
1791138845.4110,4960,1264,56562,306000000,1728000
1791138845.4611,4960,1264,56656,306000000,1728000
1791138845.5112,4960,1272,56656,306000000,1420800
1791138845.5613,4960,1272,56562,306000000,1728000
1791138845.6114,4960,1272,56562,306000000,1728000
1791138845.6614,4960,1272,56625,306000000,1728000
1791138845.7115,4960,1264,56687,306000000,1728000
1791138845.7616,4960,1256,56562,306000000,1728000
1791138845.8117,4960,1264,56656,306000000,1728000
1791138845.8618,4960,1264,56593,306000000,1728000
1791138845.9119,4960,1264,56656,306000000,1728000
1791138845.9619,4960,1264,56562,306000000,1728000
1791138846.0120,4960,1264,56656,306000000,1728000
1791138846.0621,4960,1272,56593,306000000,1728000
1791138846.1122,4960,1272,56625,306000000,1728000
1791138846.1623,4960,1272,56750,306000000,1728000
1791138846.2124,4960,1272,56531,306000000,1728000
1791138846.2625,4960,1264,56656,306000000,1728000
1791138846.3125,4960,1264,56562,306000000,1728000
1791138846.3626,4960,1264,56656,306000000,1728000
1791138846.4127,4960,1256,56593,306000000,1728000
1791138846.4628,4960,1264,56625,306000000,1728000
1791138846.5129,4960,1264,56562,306000000,1728000
1791138846.5629,4960,1256,56562,306000000,1728000
1791138846.6130,4960,1264,56687,306000000,1728000
1791138846.6631,4960,1272,56656,306000000,1728000
1791138846.7132,4960,1272,56625,306000000,1728000
1791138846.7633,4960,1272,56562,306000000,1728000
1791138846.8134,4960,1272,56593,306000000,1728000
1791138846.8635,4960,1280,56593,306000000,1728000
1791138846.9136,4960,1280,56562,306000000,1728000
1791138846.9636,4960,1272,56500,306000000,1728000
1791138847.0137,4960,1272,56593,306000000,1728000
1791138847.0638,4960,1272,56718,306000000,1728000
1791138847.1139,4960,1264,56593,306000000,1728000
1791138847.1640,4960,1264,56812,306000000,1728000
1791138847.2141,4960,1280,56562,306000000,1728000
1791138847.2642,4960,1280,56593,306000000,1728000
1791138847.3143,4960,1272,56531,306000000,1728000
1791138847.3644,4960,1264,56625,306000000,1728000
1791138847.4144,4960,1264,56593,306000000,1728000
1791138847.4645,4960,1264,56562,306000000,1728000
1791138847.5146,4960,1264,56781,306000000,1728000
1791138847.5647,4960,1264,56593,306000000,1728000
1791138847.6148,4960,1272,56781,306000000,1728000
1791138847.6649,4960,1272,56500,306000000,1728000
1791138847.7150,4960,1272,56656,306000000,1113600
1791138847.7650,4960,1280,56562,306000000,960000
1791138847.8151,4960,1280,56656,306000000,1728000
1791138847.8652,4960,1272,56500,306000000,1728000
1791138847.9153,4960,1272,56562,306000000,1728000
1791138847.9654,4960,1272,56531,306000000,1728000
1791138848.0155,4960,1272,56531,306000000,1728000
1791138848.0655,4960,1272,56593,306000000,1728000
1791138848.1156,4960,1264,56593,306000000,1728000
1791138848.1657,4960,1264,56625,306000000,1728000
1791138848.2158,4960,1264,56500,306000000,1728000
1791138848.2659,4960,1264,56625,306000000,1113600
1791138848.3160,4960,1272,56437,306000000,1728000
1791138848.3661,4960,1280,56593,306000000,1728000
1791138848.4162,4960,1272,56500,306000000,1728000
1791138848.4662,4960,1272,56593,306000000,1728000
1791138848.5163,4960,1272,56750,306000000,1728000
1791138848.5664,4960,1264,56531,306000000,883200
1791138848.6165,4960,1264,56625,306000000,960000
1791138848.6666,4960,1264,56500,306000000,960000
1791138848.7166,4960,1256,56562,306000000,883200
1791138848.7667,4960,1256,56500,306000000,883200
1791138848.8168,4960,1256,56531,306000000,1728000
1791138848.8669,4960,1264,56437,306000000,1267200
1791138848.9169,4960,1264,56500,306000000,1728000
1791138848.9670,4960,1264,56718,306000000,1728000
1791138849.0171,4960,1256,56562,306000000,1728000
1791138849.0672,4960,1256,56625,306000000,1728000
1791138849.1173,4960,1256,56531,306000000,1728000
1791138849.1674,4960,1256,56562,306000000,1728000
1791138849.2175,4960,1264,56468,306000000,1728000
1791138849.2676,4960,1256,56531,306000000,1728000
1791138849.3176,4960,1256,56500,306000000,1728000
1791138849.3677,4960,1256,56562,306000000,1728000
1791138849.4178,4960,1264,56718,306000000,1497600
1791138849.4679,4960,1272,56531,306000000,1728000
1791138849.5180,4960,1264,56656,306000000,1728000
1791138849.5681,4960,1264,56500,306000000,1728000
1791138849.6182,4960,1264,56562,306000000,1728000
1791138849.6683,4960,1264,56500,306000000,1728000
1791138849.7184,4960,1264,56500,306000000,1728000
1791138849.7684,4960,1264,56500,306000000,1728000
1791138849.8185,4960,1264,56500,306000000,1728000
1791138849.8686,4960,1264,56593,306000000,1728000
1791138849.9187,4960,1264,56500,306000000,1728000
1791138849.9688,4960,1264,56593,306000000,1728000
1791138850.0189,4960,1272,56500,306000000,1728000
1791138850.0690,4960,1272,56593,306000000,1728000
1791138850.1190,4960,1272,56468,306000000,1728000
1791138850.1691,4960,1272,56562,306000000,1728000
1791138850.2192,4960,1264,56468,306000000,1728000
1791138850.2693,4960,1264,56500,306000000,1728000
1791138850.3194,4960,1264,56500,306000000,1728000
1791138850.3695,4960,1264,56406,306000000,1728000
1791138850.4196,4960,1264,56593,306000000,1728000
1791138850.4696,4960,1264,56500,306000000,1728000
1791138850.5197,4960,1264,56593,306000000,1728000
1791138850.5698,4960,1280,56531,306000000,1728000
1791138850.6199,4960,1280,56500,306000000,1728000
1791138850.6700,4960,1272,56468,306000000,1728000
1791138850.7201,4960,1272,56468,306000000,1728000
1791138850.7702,4960,1272,56437,306000000,1728000
1791138850.8202,4960,1264,56531,306000000,1728000
1791138850.8703,4960,1264,56656,306000000,1728000
1791138850.9204,4960,1264,56468,306000000,1728000
1791138850.9705,4960,1264,56531,306000000,1728000
1791138851.0206,4960,1264,56500,306000000,1728000
1791138851.0706,4960,1264,56562,306000000,1728000
1791138851.1207,4960,1280,56468,306000000,1728000
1791138851.1708,4960,1280,56500,306000000,1728000
1791138851.2209,4960,1272,56437,306000000,1728000
1791138851.2710,4960,1272,56562,306000000,1728000
1791138851.3211,4960,1272,56656,306000000,1728000
1791138851.3712,4960,1272,56437,306000000,1728000
1791138851.4213,4960,1264,56500,306000000,1728000
1791138851.4713,4960,1272,56500,306000000,1728000
1791138851.5214,4960,1272,56531,306000000,1728000
1791138851.5715,4960,1264,56437,306000000,1728000
1791138851.6216,4960,1264,56500,306000000,1728000
1791138851.6717,4960,1272,56468,306000000,1728000
1791138851.7218,4960,1280,56468,306000000,1728000
1791138851.7719,4960,1272,56625,306000000,1728000
1791138851.8220,4960,1264,56500,306000000,1728000
1791138851.8720,4960,1264,56500,306000000,1728000
1791138851.9221,4960,1264,56437,306000000,1728000
1791138851.9722,4960,1264,56562,306000000,1728000
1791138852.0223,4960,1256,56468,306000000,883200
1791138852.0723,4960,1256,56562,306000000,1728000
1791138852.1224,4960,1264,56406,306000000,1728000
1791138852.1725,4960,1264,56468,306000000,806400
1791138852.2226,4960,1272,56625,306000000,1113600
1791138852.2727,4960,1264,56531,306000000,883200
1791138852.3227,4960,1264,56531,306000000,883200
1791138852.3728,4960,1256,56468,306000000,1728000
1791138852.4229,4960,1264,56593,306000000,1728000
1791138852.4730,4960,1264,56500,306000000,1728000
1791138852.5231,4960,1264,56468,306000000,1728000
1791138852.5732,4960,1264,56406,306000000,1728000
1791138852.6232,4960,1256,56500,306000000,1728000
1791138852.6733,4960,1256,56468,306000000,1728000
1791138852.7234,4960,1256,56500,306000000,1728000
1791138852.7735,4960,1256,56500,306000000,1728000
1791138852.8236,4960,1272,56406,306000000,1728000
1791138852.8737,4960,1272,56562,306000000,1728000
1791138852.9238,4960,1272,56437,306000000,1728000
1791138852.9738,4960,1272,56531,306000000,1728000
1791138853.0239,4960,1272,56406,306000000,1728000
1791138853.0740,4960,1264,56437,306000000,1728000
1791138853.1241,4960,1264,56406,306000000,1728000
1791138853.1742,4960,1264,56468,306000000,1728000
1791138853.2243,4960,1264,56468,306000000,1728000
1791138853.2743,4960,1264,56406,306000000,1728000
1791138853.3245,4960,1272,56500,306000000,1267200
1791138853.3746,4960,1280,56500,306000000,883200
1791138853.4247,4960,1272,56500,306000000,883200
1791138853.4747,4960,1272,56468,306000000,960000
1791138853.5248,4960,1272,56468,306000000,1728000
1791138853.5749,4960,1272,56437,306000000,1728000
1791138853.6250,4960,1272,56468,306000000,1728000
1791138853.6751,4960,1272,56500,306000000,1728000
1791138853.7252,4960,1272,56406,306000000,1728000
1791138853.7753,4960,1272,56531,306000000,960000
1791138853.8253,4960,1264,56500,306000000,1728000
1791138853.8754,4960,1272,56500,306000000,1190400
1791138853.9255,4960,1288,56500,306000000,1728000
1791138853.9756,4960,1280,56500,306000000,1728000
1791138854.0257,4960,1280,56500,306000000,1728000
1791138854.0758,4960,1280,56500,306000000,1728000
1791138854.1258,4960,1272,56562,306000000,1728000
1791138854.1759,4960,1272,56468,306000000,1728000
1791138854.2260,4960,1280,56625,306000000,1728000
1791138854.2761,4960,1280,56375,306000000,1728000
1791138854.3262,4960,1280,56500,306000000,1728000
1791138854.3763,4960,1280,56500,306000000,1728000
1791138854.4263,4960,1272,56406,306000000,1728000
1791138854.4764,4960,1280,56343,306000000,1728000
1791138854.5265,4960,1288,56500,306000000,1728000
1791138854.5766,4960,1280,56593,306000000,1728000
1791138854.6267,4960,1280,56500,306000000,1728000
1791138854.6768,4960,1280,56500,306000000,1728000
1791138854.7269,4960,1272,56406,306000000,1728000
1791138854.7770,4960,1280,56500,306000000,1728000
1791138854.8271,4960,1280,56500,306000000,1728000
1791138854.8771,4960,1272,56500,306000000,1728000
1791138854.9272,4960,1272,56468,306000000,1728000
1791138854.9773,4960,1264,56500,306000000,1728000
1791138855.0274,4960,1288,56437,306000000,1267200
1791138855.0775,4960,1288,56406,306000000,1728000
1791138855.1276,4960,1288,56500,306000000,1728000
1791138855.1777,4960,1280,56468,306000000,1728000
1791138855.2278,4960,1272,56500,306000000,1190400
1791138855.2779,4960,1272,56437,306000000,1728000
1791138855.3279,4960,1264,56406,306000000,1728000
1791138855.3780,4960,1272,56468,306000000,1728000
1791138855.4281,4960,1264,56500,306000000,1728000
1791138855.4782,4960,1288,56437,306000000,1728000
1791138855.5283,4960,1296,56437,306000000,1728000
1791138855.5784,4960,1312,56531,306000000,1728000
1791138855.6284,4960,1320,56437,306000000,1728000
1791138855.6785,4960,1328,56500,306000000,1728000
1791138855.7286,4960,1320,56468,306000000,1728000
1791138855.7787,4960,1312,56468,306000000,1728000
1791138855.8288,4960,1312,56375,306000000,1728000
1791138855.8789,4960,1304,56468,306000000,1728000
1791138855.9290,4960,1296,56343,306000000,1728000
1791138855.9791,4960,1296,56500,306000000,806400
1791138856.0292,4960,1296,56500,306000000,1728000
1791138856.0793,4960,1296,56406,306000000,1728000
1791138856.1294,4960,1296,56500,306000000,1344000
1791138856.1795,4960,1304,56500,306000000,1728000
1791138856.2296,4960,1304,56500,306000000,1728000
1791138856.2797,4960,1304,56406,306000000,1728000
1791138856.3298,4960,1296,56468,306000000,1728000
1791138856.3799,4960,1288,56406,306000000,1728000
1791138856.4300,4960,1280,56406,306000000,1728000
1791138856.4801,4960,1280,56593,306000000,1728000
1791138856.5302,4960,1288,56437,306000000,1728000
1791138856.5803,4960,1280,56562,306000000,1728000
1791138856.6304,4960,1280,56500,306000000,1728000
1791138856.6805,4960,1280,56531,306000000,1728000
1791138856.7306,4960,1296,56343,306000000,1728000
1791138856.7806,4960,1296,56375,306000000,1728000
1791138856.8307,4960,1296,56375,306000000,1728000
1791138856.8808,4960,1288,56406,306000000,1728000
1791138856.9309,4960,1280,56562,306000000,1728000
1791138856.9810,4960,1280,56437,306000000,1728000
1791138857.0311,4960,1272,56468,306000000,1728000
1791138857.0811,4960,1272,56437,306000000,1728000
1791138857.1312,4960,1264,56531,306000000,1728000
1791138857.1813,4960,1272,56406,306000000,1728000
1791138857.2314,4960,1272,56468,306000000,1728000
1791138857.2815,4960,1288,56375,306000000,1728000
1791138857.3316,4960,1288,56406,306000000,1728000
1791138857.3817,4960,1288,56406,306000000,1728000
1791138857.4318,4960,1288,56437,306000000,1728000
1791138857.4819,4960,1288,56500,306000000,1728000
1791138857.5319,4960,1280,56375,306000000,1728000
1791138857.5820,4960,1288,56500,306000000,1728000
1791138857.6321,4960,1280,56500,306000000,1728000
1791138857.6822,4960,1288,56500,306000000,1728000
1791138857.7323,4960,1288,56437,306000000,1728000
1791138857.7824,4960,1280,56468,306000000,1728000
1791138857.8325,4960,1296,56343,306000000,1728000
1791138857.8826,4960,1304,56437,306000000,883200
1791138857.9327,4960,1296,56500,306000000,1728000
1791138857.9827,4960,1288,56375,306000000,883200
1791138858.0328,4960,1288,56500,306000000,1728000
1791138858.0829,4960,1288,56375,306000000,960000
1791138858.1330,4960,1280,56500,306000000,1728000
1791138858.1831,4960,1280,56406,306000000,1728000
1791138858.2332,4960,1288,56437,306000000,960000
1791138858.2833,4960,1280,56343,306000000,1036800
1791138858.3334,4960,1272,56406,306000000,1036800
1791138858.3835,4960,1280,56468,306000000,1267200
1791138858.4336,4960,1288,56343,306000000,1728000
1791138858.4836,4960,1288,56500,306000000,1036800
1791138858.5337,4960,1288,56437,306000000,1728000
1791138858.5838,4960,1288,56406,306000000,1728000
1791138858.6339,4960,1280,56468,306000000,1728000
1791138858.6840,4960,1280,56437,306000000,1728000
1791138858.7341,4960,1280,56343,306000000,806400
1791138858.7842,4960,1280,56468,306000000,960000
1791138858.8343,4960,1272,56500,306000000,1728000
1791138858.8844,4960,1272,56375,306000000,1728000
1791138858.9345,4960,1272,56437,306000000,1728000
1791138858.9846,4960,1288,56406,306000000,1728000
1791138859.0347,4960,1288,56500,306000000,1728000
1791138859.0847,4960,1288,56406,306000000,1728000
1791138859.1348,4960,1280,56437,306000000,1728000
1791138859.1849,4960,1280,56343,306000000,1728000
1791138859.2350,4960,1272,56500,306000000,1728000
1791138859.2851,4960,1280,56562,306000000,1728000
1791138859.3352,4960,1280,56343,306000000,1728000
1791138859.3853,4960,1280,56500,306000000,960000
1791138859.4354,4960,1280,56375,306000000,1728000
1791138859.4855,4960,1280,56437,306000000,1728000
1791138859.5356,4960,1288,56406,306000000,1728000
1791138859.5857,4960,1304,56437,306000000,883200
1791138859.6358,4960,1296,56343,306000000,1036800
1791138859.6859,4960,1296,56406,306000000,1036800
1791138859.7360,4960,1288,56312,306000000,1728000
1791138859.7861,4960,1288,56375,306000000,1728000
1791138859.8361,4960,1280,56500,306000000,1728000
1791138859.8862,4960,1288,56468,306000000,1728000
1791138859.9363,4960,1288,56500,306000000,1728000
1791138859.9864,4960,1288,56406,306000000,960000
1791138860.0365,4960,1280,56437,306000000,1728000
1791138860.0866,4960,1280,56312,306000000,1728000
1791138860.1367,4960,1288,56375,306000000,1728000
1791138860.1868,4960,1296,56343,306000000,1728000
1791138860.2369,4960,1296,56406,306000000,1728000
1791138860.2870,4960,1288,56437,306000000,960000
1791138860.3371,4960,1280,56406,306000000,1728000
1791138860.3872,4960,1280,56468,306000000,1728000
1791138860.4373,4960,1272,56375,306000000,1728000
1791138860.4873,4960,1272,56468,306000000,1728000
1791138860.5375,4960,1272,56343,306000000,960000
1791138860.5875,4960,1272,56406,306000000,1728000
1791138860.6376,4960,1280,56312,306000000,1728000
1791138860.6877,4960,1288,56375,306000000,1728000
1791138860.7378,4960,1288,56468,306000000,1728000
1791138860.7879,4960,1288,56343,306000000,1728000
1791138860.8380,4960,1288,56500,306000000,1728000
1791138860.8881,4960,1288,56406,306000000,1728000
1791138860.9382,4960,1280,56343,306000000,1728000
1791138860.9883,4960,1272,56250,306000000,1728000
1791138861.0384,4960,1280,56406,306000000,1728000
1791138861.0884,4960,1272,56343,306000000,1728000
1791138861.1385,4960,1264,56468,306000000,1728000
1791138861.1886,4960,1272,56500,306000000,1728000
1791138861.2387,4960,1280,56281,306000000,960000
1791138861.2888,4960,1280,56406,306000000,1728000
1791138861.3389,4960,1280,56437,306000000,1728000
1791138861.3890,4960,1280,56468,306000000,883200
1791138861.4391,4960,1272,56375,306000000,883200
1791138861.4891,4960,1264,56375,306000000,883200
1791138861.5392,4960,1264,56375,306000000,1728000
1791138861.5893,4960,1264,56406,306000000,883200
1791138861.6394,4960,1264,56437,306000000,1728000
1791138861.6894,4960,1256,56343,306000000,1728000
1791138861.7395,4960,1264,56437,306000000,1190400
1791138861.7896,4960,1280,56343,306000000,1728000
1791138861.8397,4960,1280,56437,306000000,1728000
1791138861.8898,4960,1280,56343,306000000,960000
1791138861.9399,4960,1280,56375,306000000,1728000
1791138861.9900,4960,1280,56375,306000000,1728000
1791138862.0401,4960,1280,56375,306000000,960000
1791138862.0902,4960,1280,56343,306000000,1036800
1791138862.1403,4960,1272,56406,306000000,1728000
1791138862.1912,4960,1272,56468,306000000,1728000
1791138862.2413,4960,1272,56343,306000000,1728000
1791138862.2914,4960,1264,56406,306000000,883200
1791138862.3415,4960,1280,56375,306000000,1344000
1791138862.3916,4960,1280,56375,306000000,1728000
1791138862.4417,4960,1272,56375,306000000,1728000
1791138862.4918,4960,1272,56375,306000000,960000
1791138862.5419,4960,1272,56312,306000000,960000
1791138862.5920,4960,1264,56375,306000000,1728000
1791138862.6421,4960,1264,56500,306000000,1728000
1791138862.6921,4960,1264,56312,306000000,1728000
1791138862.7422,4960,1264,56406,306000000,1728000
1791138862.7923,4960,1272,56343,306000000,1728000
1791138862.8424,4960,1264,56406,306000000,1728000
1791138862.8925,4960,1280,56343,306000000,1728000
1791138862.9426,4960,1288,56375,306000000,960000
1791138862.9927,4960,1280,56281,306000000,806400
1791138863.0428,4960,1280,56343,306000000,729600
1791138863.0929,4960,1272,56468,306000000,1728000
1791138863.1431,4960,1272,56375,306000000,1728000
1791138863.1932,4960,1272,56375,306000000,1728000
1791138863.2434,4960,1272,56281,306000000,1728000
1791138863.2935,4960,1272,56437,306000000,960000
1791138863.3436,4960,1264,56343,306000000,960000
1791138863.3937,4960,1272,56406,306000000,1728000
1791138863.4438,4960,1280,56343,306000000,1420800
1791138863.4939,4960,1288,56406,306000000,1728000
1791138863.5440,4960,1288,56437,306000000,1036800
1791138863.5941,4960,1280,56406,306000000,1728000
1791138863.6442,4960,1288,56500,306000000,1728000
1791138863.6943,4960,1296,56312,306000000,1728000
1791138863.7444,4960,1288,56468,306000000,1728000
1791138863.7944,4960,1288,56312,306000000,1728000
1791138863.8445,4960,1288,56500,306000000,960000
1791138863.8946,4960,1288,56250,306000000,1728000
1791138863.9447,4960,1288,56375,306000000,1728000
1791138863.9948,4960,1296,56468,306000000,1267200
1791138864.0449,4960,1312,56312,306000000,1728000
1791138864.0950,4960,1304,56500,306000000,1728000
1791138864.1451,4960,1304,56343,306000000,883200
1791138864.1952,4960,1296,56437,306000000,1728000
1791138864.2453,4960,1296,56343,306000000,1036800
1791138864.2954,4960,1296,56468,306000000,1728000
1791138864.3455,4960,1296,56312,306000000,1728000
1791138864.3956,4960,1296,56375,306000000,1728000
1791138864.4457,4960,1296,56281,306000000,806400
1791138864.4958,4960,1288,56343,306000000,1728000
1791138864.5459,4960,1288,56437,306000000,1113600
1791138864.5959,4960,1304,56312,306000000,1497600
1791138864.6460,4960,1304,56437,306000000,1728000
1791138864.6961,4960,1304,56250,306000000,960000
1791138864.7462,4960,1296,56437,306000000,1728000
1791138864.7963,4960,1288,56343,306000000,1728000
1791138864.8464,4960,1288,56312,306000000,1728000
1791138864.8965,4960,1288,56250,306000000,1728000
1791138864.9466,4960,1288,56312,306000000,1728000
1791138864.9967,4960,1280,56500,306000000,960000
1791138865.0468,4960,1288,56312,306000000,1728000
1791138865.0969,4960,1288,56375,306000000,1728000
1791138865.1470,4960,1296,56312,306000000,1344000
1791138865.1971,4960,1296,56375,306000000,1728000
1791138865.2472,4960,1296,56312,306000000,1728000
1791138865.2973,4960,1288,56437,306000000,1728000
1791138865.3474,4960,1288,56281,306000000,1036800
1791138865.3975,4960,1296,56406,306000000,1728000
1791138865.4476,4960,1296,56468,306000000,1728000
1791138865.4977,4960,1288,56343,306000000,883200
1791138865.5478,4960,1288,56437,306000000,1728000
1791138865.5979,4960,1280,56250,306000000,1728000
1791138865.6480,4960,1280,56406,306000000,1728000
1791138865.6981,4960,1288,56281,306000000,1190400
1791138865.7482,4960,1288,56437,306000000,1728000
1791138865.7983,4960,1288,56312,306000000,1728000
1791138865.8483,4960,1288,56343,306000000,1728000
1791138865.8984,4960,1288,56468,306000000,1728000
1791138865.9485,4960,1280,56343,306000000,1728000
1791138865.9986,4960,1280,56437,306000000,1728000
1791138866.0487,4960,1264,56250,306000000,806400
1791138866.0988,4960,1264,56406,306000000,729600
1791138866.1488,4960,1264,56281,306000000,1728000
1791138866.1989,4960,1256,56406,306000000,1728000
1791138866.2490,4960,1264,56281,306000000,1728000
1791138866.2991,4960,1272,56343,306000000,1728000
1791138866.3492,4960,1264,56468,306000000,1728000
1791138866.3992,4960,1256,56312,306000000,1728000
1791138866.4493,4960,1256,56500,306000000,1728000
1791138866.4994,4960,1248,56312,306000000,1728000
1791138866.5495,4960,1248,56375,306000000,1728000
1791138866.5996,4960,1248,56343,306000000,1728000
1791138866.6497,4960,1248,56375,306000000,1728000
1791138866.6998,4960,1248,56281,306000000,1728000
1791138866.7498,4960,1248,56281,306000000,729600
1791138866.7999,4960,1256,56218,306000000,1728000
1791138866.8500,4960,1264,56343,306000000,1728000
1791138866.9001,4960,1256,56437,306000000,1113600
1791138866.9502,4960,1256,56281,306000000,883200
1791138867.0003,4960,1248,56406,306000000,1728000
1791138867.0503,4960,1248,56312,306000000,1728000
1791138867.1004,4960,1248,56343,306000000,1728000
1791138867.1505,4960,1256,56312,306000000,1728000
1791138867.2006,4960,1248,56281,306000000,1728000
1791138867.2507,4960,1248,56187,306000000,1728000
1791138867.3007,4960,1248,56281,306000000,1728000
1791138867.3508,4960,1256,56468,306000000,1728000
1791138867.4009,4960,1264,56312,306000000,729600
1791138867.4510,4960,1264,56343,306000000,1728000
1791138867.5011,4960,1264,56218,306000000,1728000
1791138867.5512,4960,1248,56343,306000000,1728000
1791138867.6013,4960,1248,56281,306000000,1728000
1791138867.6513,4960,1248,56312,306000000,883200
1791138867.7014,4960,1248,56281,306000000,729600
1791138867.7515,4960,1240,56218,306000000,883200
1791138867.8016,4960,1248,56468,306000000,883200
1791138867.8517,4960,1248,56312,306000000,1728000
1791138867.9018,4960,1248,56375,306000000,1728000
1791138867.9518,4960,1264,56218,306000000,1728000
1791138868.0019,4960,1264,56343,306000000,883200
1791138868.0520,4960,1256,56250,306000000,1113600
1791138868.1021,4960,1256,56312,306000000,1728000
1791138868.1522,4960,1264,56250,306000000,1728000
1791138868.2023,4960,1264,56281,306000000,1728000
1791138868.2524,4960,1256,56468,306000000,1728000
1791138868.3025,4960,1256,56218,306000000,883200
1791138868.3526,4960,1256,56343,306000000,1728000
1791138868.4027,4960,1256,56156,306000000,806400
1791138868.4528,4960,1264,56312,306000000,1728000
1791138868.5029,4960,1272,56250,306000000,1344000
1791138868.5530,4960,1280,56343,306000000,1036800
1791138868.6031,4960,1280,56218,306000000,1190400
1791138868.6532,4960,1280,56312,306000000,1728000
1791138868.7033,4960,1272,56375,306000000,1728000
1791138868.7534,4960,1272,56218,306000000,1728000
1791138868.8035,4960,1272,56500,306000000,1728000
1791138868.8536,4960,1264,56312,306000000,1728000
1791138868.9037,4960,1264,56281,306000000,1728000
1791138868.9538,4960,1272,56218,306000000,960000
1791138869.0039,4960,1264,56375,306000000,1728000
1791138869.0540,4960,1288,56218,306000000,1190400
1791138869.1041,4960,1288,56281,306000000,1113600
1791138869.1542,4960,1288,56250,306000000,1728000
1791138869.2043,4960,1288,56281,306000000,1728000
1791138869.2544,4960,1288,56375,306000000,1113600
1791138869.3045,4960,1288,56281,306000000,1728000
1791138869.3546,4960,1288,56343,306000000,1728000
1791138869.4047,4960,1280,56218,306000000,1036800
1791138869.4549,4960,1288,56375,306000000,960000
1791138869.5049,4960,1280,56187,306000000,1728000
1791138869.5550,4960,1288,56281,306000000,960000
1791138869.6051,4960,1296,56218,306000000,1728000
1791138869.6552,4960,1304,56375,306000000,1113600
1791138869.7053,4960,1304,56406,306000000,1728000
1791138869.7555,4960,1304,56281,306000000,1728000
1791138869.8056,4960,1304,56343,306000000,1036800
1791138869.8557,4960,1296,56187,306000000,1728000
1791138869.9058,4960,1296,56406,306000000,1036800
1791138869.9559,4960,1288,56218,306000000,1728000
1791138870.0060,4960,1296,56281,306000000,1728000
1791138870.0560,4960,1288,56250,306000000,960000
1791138870.1061,4960,1288,56281,306000000,1036800
1791138870.1562,4960,1288,56437,306000000,1728000
1791138870.2063,4960,1304,56250,306000000,1728000
1791138870.2564,4960,1296,56250,306000000,1728000
1791138870.3065,4960,1304,56218,306000000,1728000
1791138870.3566,4960,1296,56343,306000000,1728000
1791138870.4067,4960,1296,56156,306000000,1036800
1791138870.4568,4960,1288,56250,306000000,1728000
1791138870.5069,4960,1288,56187,306000000,960000
1791138870.5570,4960,1280,56218,306000000,729600
1791138870.6071,4960,1280,56437,306000000,806400
1791138870.6571,4960,1272,56250,306000000,883200
1791138870.7072,4960,1272,56312,306000000,1728000
1791138870.7573,4960,1288,56187,306000000,1497600
1791138870.8074,4960,1288,56312,306000000,1728000
1791138870.8575,4960,1280,56218,306000000,1728000
1791138870.9076,4960,1280,56312,306000000,1728000
1791138870.9577,4960,1272,56250,306000000,1728000
1791138871.0078,4960,1280,56281,306000000,1728000
1791138871.0579,4960,1272,56437,306000000,1728000
1791138871.1080,4960,1288,56218,306000000,1728000
1791138871.1581,4960,1296,56468,306000000,1574400
1791138871.2082,4960,1304,56312,306000000,1728000
1791138871.2582,4960,1304,56250,306000000,1728000
1791138871.3083,4960,1312,56250,306000000,1728000
1791138871.3584,4960,1304,56281,306000000,960000
1791138871.4085,4960,1296,56187,306000000,806400
1791138871.4586,4960,1296,56343,306000000,806400
1791138871.5086,4960,1288,56125,306000000,1728000
1791138871.5587,4960,1288,56250,306000000,1728000
1791138871.6088,4960,1288,56375,306000000,1728000
1791138871.6589,4960,1272,56250,306000000,1728000
1791138871.7090,4960,1264,56312,306000000,806400
1791138871.7591,4960,1264,56281,306000000,1728000
1791138871.8092,4960,1264,56406,306000000,1728000
1791138871.8593,4960,1272,56281,306000000,1267200
1791138871.9094,4960,1280,56312,306000000,1728000
1791138871.9595,4960,1280,56250,306000000,1728000
1791138872.0096,4960,1280,56312,306000000,960000
1791138872.0597,4960,1272,56375,306000000,1728000
1791138872.1098,4960,1272,56281,306000000,1728000
1791138872.1599,4960,1272,56343,306000000,1728000
1791138872.2100,4960,1272,56218,306000000,1728000
1791138872.2601,4960,1272,56281,306000000,1728000
1791138872.3102,4960,1272,56187,306000000,1728000
1791138872.3603,4960,1272,56281,306000000,1728000
1791138872.4104,4960,1280,56187,306000000,1728000
1791138872.4605,4960,1280,56250,306000000,1036800
1791138872.5106,4960,1280,56406,306000000,960000
1791138872.5607,4960,1280,56218,306000000,1728000
1791138872.6108,4960,1280,56375,306000000,960000
1791138872.6608,4960,1280,56218,306000000,1036800
1791138872.7109,4960,1280,56343,306000000,1728000
1791138872.7610,4960,1280,56156,306000000,1728000
1791138872.8111,4960,1280,56312,306000000,1036800
1791138872.8612,4960,1280,56187,306000000,1728000
1791138872.9113,4960,1280,56218,306000000,1728000
1791138872.9614,4960,1288,56406,306000000,1728000
1791138873.0115,4960,1304,56218,306000000,1728000
1791138873.0616,4960,1296,56406,306000000,1728000
1791138873.1117,4960,1296,56156,306000000,1728000
1791138873.1617,4960,1288,56281,306000000,1728000
1791138873.2118,4960,1288,56125,306000000,1728000
1791138873.2619,4960,1280,56343,306000000,1728000
1791138873.3120,4960,1272,56125,306000000,1728000
1791138873.3621,4960,1264,56281,306000000,1728000
1791138873.4121,4960,1264,56375,306000000,883200
1791138873.4622,4960,1256,56250,306000000,1728000
1791138873.5124,4960,1264,56312,306000000,1190400
1791138873.5625,4960,1272,56156,306000000,1728000
1791138873.6126,4960,1272,56375,306000000,1728000
1791138873.6626,4960,1272,56156,306000000,883200
1791138873.7127,4960,1264,56187,306000000,1728000
1791138873.7628,4960,1264,56187,306000000,806400
1791138873.8129,4960,1264,56187,306000000,806400
1791138873.8630,4960,1264,56187,306000000,806400
1791138873.9130,4960,1256,56250,306000000,806400
1791138873.9631,4960,1256,56312,306000000,1728000
1791138874.0132,4960,1256,56218,306000000,1728000
1791138874.0633,4960,1256,56343,306000000,1728000
1791138874.1134,4960,1264,56218,306000000,1344000
1791138874.1634,4960,1256,56281,306000000,1728000
1791138874.2135,4960,1264,56187,306000000,1728000
1791138874.2636,4960,1256,56250,306000000,1728000
1791138874.3137,4960,1256,56156,306000000,1728000
1791138874.3638,4960,1256,56187,306000000,1728000
1791138874.4139,4960,1248,56375,306000000,1728000
1791138874.4639,4960,1240,56250,306000000,1728000
1791138874.5140,4960,1240,56250,306000000,1728000
1791138874.5641,4960,1240,56187,306000000,1728000
1791138874.6142,4960,1248,56218,306000000,1728000
1791138874.6643,4960,1248,56187,306000000,1728000
1791138874.7144,4960,1248,56218,306000000,1728000
1791138874.7644,4960,1248,56218,306000000,729600
1791138874.8145,4960,1256,56281,306000000,1728000
1791138874.8646,4960,1240,56343,306000000,1728000
1791138874.9147,4960,1256,56312,306000000,1728000
1791138874.9648,4960,1256,56218,306000000,1728000
1791138875.0149,4960,1248,56218,306000000,1728000
1791138875.0649,4960,1248,56281,306000000,1728000
1791138875.1151,4960,1248,56250,306000000,1728000
1791138875.1651,4960,1256,56281,306000000,1728000
1791138875.2152,4960,1264,56062,306000000,1728000
1791138875.2653,4960,1264,56281,306000000,1728000
1791138875.3154,4960,1256,56312,306000000,1728000
1791138875.3655,4960,1256,56125,306000000,729600
1791138875.4156,4960,1248,56312,306000000,729600
1791138875.4657,4960,1248,56156,306000000,1728000
1791138875.5157,4960,1248,56281,306000000,1728000
1791138875.5658,4960,1240,56187,306000000,1728000
1791138875.6159,4960,1240,56250,306000000,1728000
1791138875.6660,4960,1240,56156,306000000,1728000
1791138875.7161,4960,1240,56187,306000000,1728000
1791138875.7662,4960,1240,56375,306000000,1728000
1791138875.8163,4960,1248,56250,306000000,1728000
1791138875.8663,4960,1248,56250,306000000,1728000
1791138875.9164,4960,1248,56156,306000000,1728000
1791138875.9665,4960,1248,56250,306000000,1728000
1791138876.0166,4960,1248,56125,306000000,1728000
1791138876.0666,4960,1240,56218,306000000,1728000
1791138876.1167,4960,1240,56156,306000000,1728000
1791138876.1668,4960,1240,56218,306000000,1728000
1791138876.2169,4960,1240,56093,306000000,806400
1791138876.2670,4960,1240,56156,306000000,1728000
1791138876.3171,4960,1240,56375,306000000,1728000
1791138876.3671,4960,1256,56218,306000000,1728000
1791138876.4172,4960,1256,56250,306000000,1728000
1791138876.4673,4960,1256,56125,306000000,1728000
1791138876.5174,4960,1256,56312,306000000,1728000
1791138876.5675,4960,1248,56156,306000000,1728000
1791138876.6175,4960,1240,56187,306000000,883200
1791138876.6676,4960,1240,56187,306000000,1728000
1791138876.7177,4960,1248,56218,306000000,1728000
1791138876.7678,4960,1248,56312,306000000,1728000
1791138876.8179,4960,1248,56218,306000000,1728000
1791138876.8680,4960,1256,56281,306000000,1113600
1791138876.9181,4960,1272,56062,306000000,1728000
1791138876.9682,4960,1272,56250,306000000,1728000
1791138877.0183,4960,1272,56187,306000000,1728000
1791138877.0684,4960,1272,56250,306000000,1728000
1791138877.1184,4960,1272,56031,306000000,960000
1791138877.1685,4960,1272,56187,306000000,1728000
1791138877.2186,4960,1264,56312,306000000,1728000
1791138877.2687,4960,1272,56156,306000000,1728000
1791138877.3188,4960,1272,56218,306000000,1728000
1791138877.3689,4960,1264,56125,306000000,1728000
1791138877.4190,4960,1256,56250,306000000,1728000
1791138877.4691,4960,1272,56062,306000000,1728000
1791138877.5192,4960,1264,56250,306000000,1728000
1791138877.5692,4960,1256,56187,306000000,1728000
1791138877.6193,4960,1256,56218,306000000,1728000
1791138877.6694,4960,1248,56218,306000000,1728000
1791138877.7195,4960,1248,56125,306000000,1728000
1791138877.7696,4960,1240,56250,306000000,1728000
1791138877.8196,4960,1240,56093,306000000,1728000
1791138877.8697,4960,1248,56250,306000000,1728000
1791138877.9198,4960,1256,56156,306000000,1728000
1791138877.9699,4960,1248,56187,306000000,1728000
1791138878.0200,4960,1256,56156,306000000,1113600
1791138878.0701,4960,1264,56187,306000000,1728000
1791138878.1202,4960,1264,56250,306000000,1728000
1791138878.1703,4960,1264,56156,306000000,1728000
1791138878.2204,4960,1264,56218,306000000,1728000
1791138878.2704,4960,1264,56062,306000000,1728000
1791138878.3205,4960,1264,56187,306000000,1728000
1791138878.3706,4960,1264,56125,306000000,1728000
1791138878.4207,4960,1256,56218,306000000,1728000
1791138878.4708,4960,1256,56156,306000000,1728000
1791138878.5209,4960,1256,56187,306000000,1728000
1791138878.5710,4960,1264,56093,306000000,1344000
1791138878.6211,4960,1264,56125,306000000,1728000
1791138878.6711,4960,1264,56218,306000000,1728000
1791138878.7212,4960,1272,56125,306000000,1728000
1791138878.7713,4960,1264,56218,306000000,1728000
1791138878.8214,4960,1264,56125,306000000,1728000
1791138878.8715,4960,1256,56281,306000000,1728000
1791138878.9216,4960,1256,56156,306000000,1728000
1791138878.9716,4960,1256,56218,306000000,1728000
1791138879.0217,4960,1256,56062,306000000,1728000
1791138879.0718,4960,1256,56125,306000000,1728000
1791138879.1219,4960,1264,56250,306000000,1728000
1791138879.1720,4960,1272,56093,306000000,883200
1791138879.2221,4960,1264,56281,306000000,1728000
1791138879.2722,4960,1272,56125,306000000,1728000
1791138879.3223,4960,1272,56250,306000000,1728000
1791138879.3723,4960,1264,56093,306000000,1728000
1791138879.4224,4960,1272,56125,306000000,883200
1791138879.4725,4960,1264,56031,306000000,1728000
1791138879.5226,4960,1264,56218,306000000,1728000
1791138879.5727,4960,1264,56343,306000000,1728000
1791138879.6228,4960,1272,56156,306000000,1728000
1791138879.6729,4960,1272,56218,306000000,1728000
1791138879.7230,4960,1280,56156,306000000,1420800
1791138879.7731,4960,1280,56187,306000000,1728000
1791138879.8232,4960,1280,56093,306000000,1728000
1791138879.8732,4960,1280,56156,306000000,1728000
1791138879.9233,4960,1280,56125,306000000,1728000
1791138879.9734,4960,1280,56125,306000000,1728000
1791138880.0235,4960,1280,56281,306000000,1728000
1791138880.0736,4960,1280,56062,306000000,1728000
1791138880.1237,4960,1280,56218,306000000,1728000
1791138880.1738,4960,1280,56062,306000000,1728000
1791138880.2239,4960,1280,56187,306000000,1728000
1791138880.2740,4960,1288,56062,306000000,1728000
1791138880.3241,4960,1296,56187,306000000,1728000
1791138880.3742,4960,1288,56031,306000000,1728000
1791138880.4242,4960,1296,56187,306000000,960000
1791138880.4743,4960,1288,56312,306000000,960000
1791138880.5244,4960,1280,56125,306000000,960000
1791138880.5744,4960,1280,56250,306000000,1728000
1791138880.6245,4960,1272,56062,306000000,1728000
1791138880.6746,4960,1272,56125,306000000,1728000
1791138880.7247,4960,1264,56031,306000000,1728000
1791138880.7748,4960,1264,56125,306000000,1728000
1791138880.8249,4960,1272,56062,306000000,1728000
1791138880.8750,4960,1280,56093,306000000,1728000
1791138880.9251,4960,1272,56031,306000000,1728000
1791138880.9751,4960,1272,56125,306000000,1728000
1791138881.0252,4960,1272,56218,306000000,1728000
1791138881.0753,4960,1272,56031,306000000,1728000
1791138881.1254,4960,1272,56250,306000000,1728000
1791138881.1755,4960,1256,56156,306000000,1728000
1791138881.2256,4960,1256,56156,306000000,1728000
1791138881.2756,4960,1256,56062,306000000,1728000
1791138881.3257,4960,1256,56156,306000000,1728000
1791138881.3758,4960,1264,56031,306000000,1728000
1791138881.4259,4960,1272,56062,306000000,1728000
1791138881.4760,4960,1272,56187,306000000,1728000
1791138881.5261,4960,1264,56062,306000000,1728000
1791138881.5762,4960,1264,56093,306000000,1728000
1791138881.6263,4960,1264,56125,306000000,1728000
1791138881.6764,4960,1256,56187,306000000,1728000
1791138881.7264,4960,1256,56031,306000000,1728000
1791138881.7765,4960,1256,56125,306000000,1728000
1791138881.8266,4960,1256,56062,306000000,1728000
1791138881.8767,4960,1256,56062,306000000,1728000
1791138881.9268,4960,1256,56312,306000000,1113600
1791138881.9769,4960,1272,56093,306000000,1728000
1791138882.0273,4960,1272,56218,306000000,1728000
1791138882.0774,4960,1272,56031,306000000,1728000
1791138882.1275,4960,1272,56218,306000000,1728000
1791138882.1775,4960,1272,56093,306000000,1728000
1791138882.2276,4960,1272,56062,306000000,1728000
1791138882.2777,4960,1272,56031,306000000,1728000
1791138882.3278,4960,1264,56156,306000000,1728000
1791138882.3779,4960,1272,56281,306000000,1728000
1791138882.4280,4960,1264,56031,306000000,1728000
1791138882.4780,4960,1264,56250,306000000,1728000
1791138882.5281,4960,1280,56093,306000000,1728000
1791138882.5782,4960,1272,56125,306000000,1728000
1791138882.6283,4960,1272,56062,306000000,1728000
1791138882.6784,4960,1272,56062,306000000,1728000
1791138882.7285,4960,1264,56031,306000000,1728000
1791138882.7786,4960,1264,56187,306000000,1728000
1791138882.8286,4960,1264,56250,306000000,1728000
1791138882.8787,4960,1256,56093,306000000,1728000
1791138882.9288,4960,1256,56187,306000000,1728000
1791138882.9789,4960,1256,56031,306000000,1728000
1791138883.0290,4960,1256,56125,306000000,1728000
1791138883.0791,4960,1272,56062,306000000,1420800
1791138883.1292,4960,1272,56031,306000000,1728000
1791138883.1792,4960,1272,56000,306000000,1728000
1791138883.2293,4960,1272,56031,306000000,1728000
1791138883.2794,4960,1272,56031,306000000,1728000
1791138883.3295,4960,1264,56000,306000000,1728000
1791138883.3796,4960,1264,56125,306000000,1728000
1791138883.4304,4960,1264,56062,306000000,1728000
1791138883.4805,4960,1272,56281,306000000,1728000
1791138883.5306,4960,1264,56062,306000000,1728000
1791138883.5807,4960,1264,56093,306000000,1728000
1791138883.6308,4960,1280,56125,306000000,1728000
1791138883.6809,4960,1288,56125,306000000,1728000
1791138883.7309,4960,1280,56031,306000000,1728000
1791138883.7810,4960,1272,56125,306000000,1728000
1791138883.8311,4960,1264,56218,306000000,883200
1791138883.8812,4960,1264,56031,306000000,883200
1791138883.9313,4960,1256,56125,306000000,1728000
1791138883.9813,4960,1256,56031,306000000,883200
1791138884.0314,4960,1256,56187,306000000,1728000
1791138884.0815,4960,1248,56031,306000000,1728000
1791138884.1316,4960,1248,56125,306000000,1728000
1791138884.1817,4960,1256,56031,306000000,1728000
1791138884.2318,4960,1264,56062,306000000,1728000
1791138884.2819,4960,1264,56218,306000000,1728000
1791138884.3319,4960,1256,56031,306000000,1728000
1791138884.3820,4960,1256,56031,306000000,1728000
1791138884.4321,4960,1256,56031,306000000,1728000
1791138884.4822,4960,1256,56062,306000000,1728000
1791138884.5323,4960,1256,56031,306000000,1728000
1791138884.5824,4960,1248,56093,306000000,1728000
1791138884.6324,4960,1256,56031,306000000,1728000
1791138884.6825,4960,1256,56062,306000000,1728000
1791138884.7326,4960,1256,56218,306000000,1728000
1791138884.7827,4960,1272,56093,306000000,1728000
1791138884.8328,4960,1272,56250,306000000,1728000
1791138884.8829,4960,1272,56031,306000000,1728000
1791138884.9330,4960,1264,56125,306000000,1728000
1791138884.9833,4960,1264,55968,306000000,1728000
1791138885.0334,4960,1264,56125,306000000,1728000
1791138885.0835,4960,1264,56093,306000000,1728000
1791138885.1336,4960,1264,56062,306000000,1728000
1791138885.1837,4960,1256,56156,306000000,1728000
1791138885.2337,4960,1256,56125,306000000,1728000
1791138885.2838,4960,1256,56125,306000000,1190400
1791138885.3339,4960,1272,56031,306000000,1728000
1791138885.3840,4960,1264,56093,306000000,1728000
1791138885.4341,4960,1272,56031,306000000,1728000
1791138885.4842,4960,1272,56125,306000000,1728000
1791138885.5343,4960,1272,56062,306000000,1728000
1791138885.5844,4960,1264,56062,306000000,1728000
1791138885.6344,4960,1272,55937,306000000,1728000
1791138885.6845,4960,1264,56031,306000000,1728000
1791138885.7346,4960,1264,56187,306000000,1728000
1791138885.7847,4960,1256,56031,306000000,1728000
1791138885.8348,4960,1256,56125,306000000,1113600
1791138885.8849,4960,1264,56093,306000000,1728000
1791138885.9350,4960,1264,56125,306000000,1728000
1791138885.9850,4960,1264,56031,306000000,1728000
1791138886.0351,4960,1264,56062,306000000,1728000
1791138886.0852,4960,1264,56000,306000000,1728000
1791138886.1353,4960,1264,56031,306000000,1728000
1791138886.1854,4960,1256,56218,306000000,1728000
1791138886.2355,4960,1256,55968,306000000,1728000
1791138886.2855,4960,1256,56125,306000000,1728000
1791138886.3356,4960,1256,56031,306000000,1728000
1791138886.3857,4960,1256,56125,306000000,1728000
1791138886.4358,4960,1264,56031,306000000,1728000
1791138886.4859,4960,1272,56093,306000000,1728000
1791138886.5360,4960,1272,55937,306000000,1728000
1791138886.5861,4960,1272,56062,306000000,1728000
1791138886.6362,4960,1272,56250,306000000,1728000
1791138886.6862,4960,1264,56031,306000000,1728000
1791138886.7363,4960,1264,56125,306000000,1728000
1791138886.7864,4960,1264,56000,306000000,1728000
1791138886.8365,4960,1256,56062,306000000,1728000
1791138886.8866,4960,1264,56031,306000000,1728000
1791138886.9366,4960,1256,56031,306000000,1728000
1791138886.9867,4960,1264,55937,306000000,1420800
1791138887.0368,4960,1264,56031,306000000,1728000
1791138887.0869,4960,1264,56218,306000000,1728000
1791138887.1370,4960,1264,56031,306000000,1728000
1791138887.1870,4960,1264,56156,306000000,806400
1791138887.2371,4960,1264,56031,306000000,1728000
1791138887.2874,4960,1264,56062,306000000,729600
1791138887.3375,4960,1256,56000,306000000,883200
1791138887.3875,4960,1256,56125,306000000,883200
1791138887.4376,4960,1256,56062,306000000,883200
1791138887.4877,4960,1248,56062,306000000,883200
1791138887.5378,4960,1256,56187,306000000,1728000
1791138887.5879,4960,1272,56062,306000000,1728000
1791138887.6379,4960,1264,56156,306000000,1728000
1791138887.6880,4960,1264,56000,306000000,1728000
1791138887.7381,4960,1264,56031,306000000,1728000
1791138887.7882,4960,1264,55968,306000000,1728000
1791138887.8383,4960,1256,56156,306000000,1728000
1791138887.8883,4960,1256,55968,306000000,1728000
1791138887.9384,4960,1256,56062,306000000,1728000
1791138887.9885,4960,1256,56031,306000000,1728000
1791138888.0386,4960,1264,56093,306000000,1728000
1791138888.0887,4960,1264,56125,306000000,1728000
1791138888.1387,4960,1280,56000,306000000,806400
1791138888.1888,4960,1272,56031,306000000,1728000
1791138888.2389,4960,1264,55968,306000000,1728000
1791138888.2890,4960,1264,56031,306000000,1728000
1791138888.3391,4960,1264,56031,306000000,1728000
1791138888.3892,4960,1264,56000,306000000,1728000
1791138888.4392,4960,1264,55906,306000000,1728000
1791138888.4893,4960,1256,56031,306000000,1728000
1791138888.5394,4960,1256,56156,306000000,1728000
1791138888.5895,4960,1256,55937,306000000,1728000
1791138888.6396,4960,1256,56031,306000000,1728000
1791138888.6897,4960,1272,55968,306000000,1728000
1791138888.7397,4960,1264,56093,306000000,1728000
1791138888.7898,4960,1264,55906,306000000,1728000
1791138888.8399,4960,1272,55968,306000000,1728000
1791138888.8900,4960,1264,55937,306000000,1728000
1791138888.9400,4960,1264,56031,306000000,1728000
1791138888.9901,4960,1264,56218,306000000,1728000
1791138889.0402,4960,1264,56000,306000000,1728000
1791138889.0903,4960,1256,56093,306000000,1728000
1791138889.1404,4960,1256,56031,306000000,1728000
1791138889.1905,4960,1256,56062,306000000,1728000
1791138889.2406,4960,1272,56031,306000000,1728000
1791138889.2906,4960,1272,56031,306000000,1728000
1791138889.3407,4960,1264,55968,306000000,1728000
1791138889.3908,4960,1264,56062,306000000,1728000
1791138889.4409,4960,1264,56187,306000000,1728000
1791138889.4910,4960,1264,56000,306000000,1728000
1791138889.5411,4960,1264,56062,306000000,1728000
1791138889.5912,4960,1264,55968,306000000,1728000
1791138889.6412,4960,1264,56125,306000000,1728000
1791138889.6913,4960,1256,56000,306000000,1728000
1791138889.7414,4960,1256,56031,306000000,1728000
1791138889.7915,4960,1264,55937,306000000,1267200
1791138889.8416,4960,1272,56031,306000000,1728000
1791138889.8917,4960,1264,56125,306000000,1728000
1791138889.9418,4960,1264,56031,306000000,1728000
1791138889.9918,4960,1264,56187,306000000,1728000
1791138890.0419,4960,1264,55968,306000000,1728000
1791138890.0920,4960,1264,56093,306000000,1728000
1791138890.1421,4960,1256,56000,306000000,1728000
1791138890.1922,4960,1256,56031,306000000,1728000
1791138890.2423,4960,1256,56000,306000000,1728000
1791138890.2923,4960,1248,56000,306000000,1728000
1791138890.3424,4960,1264,55843,306000000,1728000
1791138890.3925,4960,1272,56000,306000000,1728000
1791138890.4426,4960,1264,56031,306000000,1728000
1791138890.4927,4960,1256,55906,306000000,1728000
1791138890.5428,4960,1264,56031,306000000,1728000
1791138890.5929,4960,1256,55968,306000000,1728000
1791138890.6429,4960,1264,56093,306000000,1728000
1791138890.6930,4960,1264,55968,306000000,1728000
1791138890.7431,4960,1272,55968,306000000,1728000
1791138890.7932,4960,1280,55906,306000000,1728000
1791138890.8433,4960,1296,55968,306000000,1113600
1791138890.8934,4960,1304,56125,306000000,1420800
1791138890.9435,4960,1320,55968,306000000,960000
1791138890.9935,4960,1312,56062,306000000,1728000
1791138891.0436,4960,1304,56000,306000000,1728000
1791138891.0937,4960,1312,56031,306000000,1728000
1791138891.1438,4960,1304,55937,306000000,806400
1791138891.1939,4960,1296,56062,306000000,1728000
1791138891.2440,4960,1288,55968,306000000,1728000
1791138891.2941,4960,1288,55937,306000000,1728000
1791138891.3442,4960,1288,56156,306000000,1728000
1791138891.3943,4960,1288,55906,306000000,1728000
1791138891.4444,4960,1280,56031,306000000,1190400
1791138891.4945,4960,1288,55937,306000000,1728000
1791138891.5446,4960,1288,56062,306000000,1728000
1791138891.5947,4960,1280,55937,306000000,1728000
1791138891.6448,4960,1280,55968,306000000,1728000
1791138891.6948,4960,1280,55937,306000000,1728000
1791138891.7449,4960,1280,55968,306000000,1728000
1791138891.7950,4960,1280,56187,306000000,1728000
1791138891.8451,4960,1280,55968,306000000,1728000
1791138891.8952,4960,1272,56062,306000000,1728000
1791138891.9453,4960,1272,56000,306000000,1728000
1791138891.9953,4960,1264,56031,306000000,1728000
1791138892.0454,4960,1280,55937,306000000,1728000
1791138892.0955,4960,1288,56031,306000000,1728000
1791138892.1456,4960,1280,56000,306000000,1728000
1791138892.1957,4960,1280,55968,306000000,1728000
1791138892.2458,4960,1288,56062,306000000,1728000
1791138892.2958,4960,1288,55937,306000000,1728000
1791138892.3459,4960,1280,56125,306000000,1728000
1791138892.3960,4960,1272,55968,306000000,1728000
1791138892.4461,4960,1272,56031,306000000,1728000
1791138892.4962,4960,1272,55906,306000000,1728000
1791138892.5463,4960,1280,56000,306000000,883200
1791138892.5964,4960,1288,55906,306000000,1113600
1791138892.6465,4960,1288,56031,306000000,1728000
1791138892.6966,4960,1288,55843,306000000,1728000
1791138892.7466,4960,1288,56000,306000000,1728000
1791138892.7967,4960,1288,55968,306000000,1728000
1791138892.8468,4960,1288,55906,306000000,1728000
1791138892.8969,4960,1288,56031,306000000,1728000
1791138892.9470,4960,1288,56031,306000000,1728000
1791138892.9971,4960,1288,56031,306000000,1728000
1791138893.0472,4960,1288,55906,306000000,1728000
1791138893.0973,4960,1280,55968,306000000,1728000
1791138893.1474,4960,1288,55843,306000000,1728000
1791138893.1975,4960,1304,55875,306000000,1728000
1791138893.2475,4960,1296,56031,306000000,1728000
1791138893.2976,4960,1304,55968,306000000,1036800
1791138893.3477,4960,1296,56031,306000000,1728000
1791138893.3978,4960,1288,55906,306000000,1728000
1791138893.4479,4960,1280,56031,306000000,1728000
1791138893.4980,4960,1280,55968,306000000,1728000
1791138893.5481,4960,1280,55968,306000000,1036800
1791138893.5981,4960,1280,55937,306000000,1728000
1791138893.6482,4960,1280,55937,306000000,1728000
1791138893.6983,4960,1280,55968,306000000,1728000
1791138893.7484,4960,1296,55968,306000000,1728000
1791138893.7985,4960,1288,56031,306000000,1728000
1791138893.8486,4960,1288,55906,306000000,1113600
1791138893.8987,4960,1288,56000,306000000,1728000
1791138893.9488,4960,1288,55906,306000000,1036800
1791138893.9989,4960,1288,55968,306000000,1036800
1791138894.0489,4960,1280,55875,306000000,1728000
1791138894.0990,4960,1272,56031,306000000,1728000
1791138894.1491,4960,1272,56093,306000000,1728000
1791138894.1992,4960,1264,55968,306000000,1728000
1791138894.2493,4960,1272,56125,306000000,1267200
1791138894.2994,4960,1288,55968,306000000,1728000
1791138894.3495,4960,1280,55968,306000000,1728000
1791138894.3996,4960,1280,55968,306000000,1728000
1791138894.4497,4960,1280,55968,306000000,1728000
1791138894.4998,4960,1280,55875,306000000,1728000
1791138894.5498,4960,1280,56000,306000000,1728000
1791138894.5999,4960,1272,56125,306000000,1728000
1791138894.6500,4960,1272,55906,306000000,1728000
1791138894.7001,4960,1272,56031,306000000,1728000
1791138894.7502,4960,1264,55906,306000000,1728000
1791138894.8002,4960,1272,56000,306000000,1728000
1791138894.8503,4960,1272,56000,306000000,1728000
1791138894.9004,4960,1280,56000,306000000,1728000
1791138894.9505,4960,1272,55875,306000000,1728000
1791138895.0006,4960,1264,55906,306000000,1728000
1791138895.0507,4960,1264,55843,306000000,1728000
1791138895.1008,4960,1264,55906,306000000,1728000
1791138895.1508,4960,1272,55968,306000000,1728000
1791138895.2009,4960,1272,55875,306000000,1728000
1791138895.2510,4960,1272,56031,306000000,1728000
1791138895.3011,4960,1272,55968,306000000,1728000
1791138895.3512,4960,1272,55937,306000000,1728000
1791138895.4013,4960,1280,55812,306000000,1728000
1791138895.4513,4960,1288,55875,306000000,1728000
1791138895.5014,4960,1280,55906,306000000,1728000
1791138895.5515,4960,1272,55937,306000000,1728000
1791138895.6016,4960,1264,56031,306000000,1728000
1791138895.6517,4960,1264,55937,306000000,1728000
1791138895.7017,4960,1264,56000,306000000,1728000
1791138895.7518,4960,1264,55937,306000000,1728000
1791138895.8019,4960,1264,56000,306000000,1728000
1791138895.8520,4960,1256,55906,306000000,1728000
1791138895.9021,4960,1256,55937,306000000,1728000
1791138895.9521,4960,1272,55937,306000000,1728000
1791138896.0022,4960,1272,56031,306000000,1728000
1791138896.0523,4960,1272,56062,306000000,1728000
1791138896.1024,4960,1264,55968,306000000,1728000
1791138896.1525,4960,1264,56000,306000000,1728000
1791138896.2026,4960,1264,55937,306000000,1728000
1791138896.2527,4960,1264,56000,306000000,1728000
1791138896.3028,4960,1264,55875,306000000,1728000
1791138896.3529,4960,1256,55937,306000000,1728000
1791138896.4029,4960,1264,55937,306000000,1728000
1791138896.4530,4960,1256,55937,306000000,1728000
1791138896.5031,4960,1264,56062,306000000,1267200
1791138896.5532,4960,1264,55937,306000000,1728000
1791138896.6033,4960,1264,56031,306000000,1728000
1791138896.6534,4960,1264,55937,306000000,1728000
1791138896.7035,4960,1264,56031,306000000,1728000
1791138896.7536,4960,1264,55906,306000000,1728000
1791138896.8036,4960,1264,56031,306000000,960000
1791138896.8537,4960,1264,55937,306000000,1728000
1791138896.9038,4960,1264,55937,306000000,1728000
1791138896.9539,4960,1264,56031,306000000,729600
1791138897.0039,4960,1256,55968,306000000,1728000
1791138897.0540,4960,1256,56031,306000000,1113600
1791138897.1041,4960,1264,55968,306000000,1344000
1791138897.1542,4960,1264,56031,306000000,883200
1791138897.2043,4960,1256,55937,306000000,1728000
1791138897.2543,4960,1256,55937,306000000,1728000
1791138897.3044,4960,1256,55906,306000000,1728000
1791138897.3545,4960,1256,56031,306000000,1728000
1791138897.4046,4960,1256,55937,306000000,1728000
1791138897.4547,4960,1256,56000,306000000,1728000
1791138897.5047,4960,1256,56000,306000000,1728000
1791138897.5548,4960,1248,55906,306000000,1728000
1791138897.6049,4960,1248,55968,306000000,1728000
1791138897.6550,4960,1256,55906,306000000,1344000
1791138897.7051,4960,1264,56000,306000000,1728000
1791138897.7552,4960,1256,55937,306000000,1728000
1791138897.8053,4960,1256,55906,306000000,1728000
1791138897.8553,4960,1256,55781,306000000,1728000
1791138897.9054,4960,1256,55937,306000000,1728000
1791138897.9555,4960,1256,56062,306000000,1728000
1791138898.0056,4960,1256,55937,306000000,1728000
1791138898.0557,4960,1256,55875,306000000,1728000
1791138898.1058,4960,1256,55843,306000000,1728000
1791138898.1558,4960,1248,55968,306000000,1728000
1791138898.2059,4960,1264,55843,306000000,1728000
1791138898.2560,4960,1272,55843,306000000,1728000
1791138898.3061,4960,1264,55875,306000000,1728000
1791138898.3562,4960,1272,55875,306000000,1728000
1791138898.4063,4960,1272,55937,306000000,1728000
1791138898.4564,4960,1264,55843,306000000,1728000
1791138898.5064,4960,1264,56031,306000000,1728000
1791138898.5565,4960,1264,55843,306000000,1728000
1791138898.6066,4960,1264,55906,306000000,1728000
1791138898.6567,4960,1264,55875,306000000,1728000
1791138898.7068,4960,1256,55906,306000000,1728000
1791138898.7568,4960,1264,55812,306000000,1728000
1791138898.8070,4960,1264,55937,306000000,1728000
1791138898.8571,4960,1264,55937,306000000,1728000
1791138898.9072,4960,1264,55812,306000000,1728000
1791138898.9573,4960,1264,56031,306000000,1728000
1791138899.0073,4960,1264,55843,306000000,1728000
1791138899.0574,4960,1264,56000,306000000,1728000
1791138899.1075,4960,1256,55812,306000000,1728000
1791138899.1576,4960,1256,55968,306000000,1728000
1791138899.2077,4960,1256,55906,306000000,1728000
1791138899.2578,4960,1256,55937,306000000,1728000
1791138899.3079,4960,1256,56062,306000000,1728000
1791138899.3579,4960,1272,55906,306000000,1728000
1791138899.4080,4960,1272,56000,306000000,1728000
1791138899.4581,4960,1264,55937,306000000,1728000
1791138899.5082,4960,1264,55937,306000000,1728000
1791138899.5583,4960,1272,55843,306000000,1728000
1791138899.6084,4960,1264,55906,306000000,1728000
1791138899.6585,4960,1264,55875,306000000,1728000
1791138899.7085,4960,1272,55937,306000000,1728000
1791138899.7586,4960,1264,56000,306000000,1728000
1791138899.8087,4960,1264,55812,306000000,1728000
1791138899.8588,4960,1272,55968,306000000,1728000
1791138899.9089,4960,1280,55875,306000000,729600
1791138899.9590,4960,1280,55968,306000000,1728000
1791138900.0091,4960,1280,55781,306000000,1728000
1791138900.0592,4960,1272,55875,306000000,1728000
1791138900.1093,4960,1272,55781,306000000,1728000
1791138900.1593,4960,1272,55875,306000000,1728000
1791138900.2094,4960,1264,55812,306000000,1728000
1791138900.2595,4960,1264,55875,306000000,1728000
1791138900.3096,4960,1272,56031,306000000,1728000
1791138900.3596,4960,1272,55875,306000000,1728000
1791138900.4097,4960,1264,55937,306000000,1728000
1791138900.4598,4960,1280,55843,306000000,1728000
1791138900.5099,4960,1280,56000,306000000,883200
1791138900.5600,4960,1280,55843,306000000,729600
1791138900.6100,4960,1272,55843,306000000,1728000
1791138900.6601,4960,1272,55937,306000000,1728000
1791138900.7102,4960,1280,55812,306000000,1728000
1791138900.7603,4960,1272,55968,306000000,1728000
1791138900.8104,4960,1264,55843,306000000,1728000
1791138900.8605,4960,1264,55968,306000000,1728000
1791138900.9106,4960,1264,55843,306000000,1728000
1791138900.9606,4960,1264,55937,306000000,1728000
1791138901.0107,4960,1272,55843,306000000,1344000
1791138901.0608,4960,1272,55875,306000000,1728000
1791138901.1109,4960,1264,55843,306000000,1728000
1791138901.1610,4960,1264,55875,306000000,1728000
1791138901.2111,4960,1264,56000,306000000,1728000
1791138901.2612,4960,1264,55906,306000000,1728000
1791138901.3113,4960,1288,56031,306000000,1728000
1791138901.3614,4960,1328,55843,306000000,1728000
1791138901.4115,4960,1352,55937,306000000,1728000
1791138901.4616,4960,1352,55875,306000000,1728000
1791138901.5117,4960,1352,55906,306000000,1728000
1791138901.5618,4960,1352,55937,306000000,1267200
1791138901.6119,4960,1352,55843,306000000,1728000
1791138901.6620,4960,1344,56031,306000000,1728000
1791138901.7121,4960,1344,55906,306000000,1728000
1791138901.7622,4960,1344,55906,306000000,1728000
1791138901.8123,4960,1352,55843,306000000,1728000
1791138901.8624,4960,1352,55906,306000000,1728000
1791138901.9125,4960,1352,55875,306000000,1728000
1791138901.9626,4960,1344,55937,306000000,1728000
1791138902.0127,4960,1336,55875,306000000,1728000
1791138902.0627,4960,1320,55906,306000000,1728000
1791138902.1128,4960,1320,56000,306000000,1728000
1791138902.1629,4960,1320,55968,306000000,1728000
1791138902.2130,4960,1312,56000,306000000,1728000
1791138902.2631,4960,1304,55875,306000000,1728000
1791138902.3132,4960,1296,55906,306000000,1728000
1791138902.3633,4960,1296,55843,306000000,1728000
1791138902.4133,4960,1288,55843,306000000,1728000
1791138902.4634,4960,1288,55906,306000000,1728000
1791138902.5135,4960,1280,56031,306000000,1728000
1791138902.5636,4960,1280,56031,306000000,1728000
1791138902.6137,4960,1272,55937,306000000,1728000
1791138902.6638,4960,1280,56031,306000000,1728000
1791138902.7139,4960,1288,55781,306000000,1728000
1791138902.7640,4960,1288,55937,306000000,1728000
1791138902.8140,4960,1280,55843,306000000,1728000
1791138902.8641,4960,1280,55906,306000000,1728000
1791138902.9142,4960,1280,55906,306000000,1728000
1791138902.9643,4960,1280,55812,306000000,1728000
1791138903.0144,4960,1272,56031,306000000,1728000
1791138903.0645,4960,1272,55812,306000000,1728000
1791138903.1145,4960,1272,55937,306000000,1728000
1791138903.1646,4960,1272,55906,306000000,1728000
1791138903.2147,4960,1272,55937,306000000,1113600
1791138903.2648,4960,1280,55843,306000000,1420800
1791138903.3149,4960,1280,55937,306000000,1728000
1791138903.3650,4960,1280,55875,306000000,1728000
1791138903.4150,4960,1272,55843,306000000,883200
1791138903.4651,4960,1272,55812,306000000,883200
1791138903.5152,4960,1264,55875,306000000,1728000
1791138903.5653,4960,1264,55937,306000000,883200
1791138903.6154,4960,1264,55843,306000000,883200
1791138903.6654,4960,1256,56000,306000000,1728000
1791138903.7155,4960,1256,55843,306000000,1728000
1791138903.7656,4960,1256,55937,306000000,1113600
1791138903.8157,4960,1264,55843,306000000,1728000
1791138903.8658,4960,1264,55843,306000000,1728000
1791138903.9159,4960,1264,55781,306000000,1728000
1791138903.9660,4960,1264,55875,306000000,1728000
1791138904.0160,4960,1264,56000,306000000,1728000
1791138904.0661,4960,1256,55875,306000000,1728000
1791138904.1162,4960,1256,56031,306000000,1728000
1791138904.1663,4960,1256,55812,306000000,1728000
1791138904.2164,4960,1256,55812,306000000,1728000
1791138904.2664,4960,1248,55812,306000000,1728000
1791138904.3165,4960,1248,55843,306000000,1728000
1791138904.3667,4960,1264,55812,306000000,1267200
1791138904.4167,4960,1264,55906,306000000,1728000
1791138904.4668,4960,1264,55937,306000000,1728000
1791138904.5169,4960,1264,55906,306000000,1728000
1791138904.5670,4960,1272,55968,306000000,1728000
1791138904.6171,4960,1264,55843,306000000,1728000
1791138904.6672,4960,1272,55906,306000000,1728000
1791138904.7172,4960,1256,55875,306000000,1728000
1791138904.7673,4960,1264,55906,306000000,1728000
1791138904.8174,4960,1264,55812,306000000,1728000
1791138904.8675,4960,1256,55812,306000000,1728000
1791138904.9176,4960,1272,56000,306000000,1344000
1791138904.9677,4960,1272,55875,306000000,1728000
1791138905.0178,4960,1264,56000,306000000,1728000
1791138905.0679,4960,1272,55781,306000000,1728000
1791138905.1179,4960,1272,55843,306000000,1728000
1791138905.1680,4960,1264,55812,306000000,1728000
1791138905.2181,4960,1256,55843,306000000,1728000
1791138905.2682,4960,1256,55781,306000000,1728000
1791138905.3183,4960,1256,55812,306000000,1728000
1791138905.3684,4960,1264,55937,306000000,1728000
1791138905.4184,4960,1256,55843,306000000,1728000
1791138905.4685,4960,1256,55937,306000000,1728000
1791138905.5186,4960,1272,55875,306000000,1728000
1791138905.5687,4960,1272,55843,306000000,1728000
1791138905.6188,4960,1272,55875,306000000,1728000
1791138905.6689,4960,1264,55906,306000000,1728000
1791138905.7190,4960,1264,55781,306000000,1728000
1791138905.7691,4960,1264,55875,306000000,1728000
1791138905.8192,4960,1264,56031,306000000,1728000
1791138905.8692,4960,1264,55812,306000000,1728000
1791138905.9193,4960,1256,55875,306000000,1728000
1791138905.9694,4960,1256,55812,306000000,1728000
1791138906.0195,4960,1256,55906,306000000,1728000
1791138906.0696,4960,1272,55781,306000000,1344000
1791138906.1197,4960,1272,55906,306000000,1728000
1791138906.1698,4960,1264,55812,306000000,1728000
1791138906.2198,4960,1264,55843,306000000,1728000
1791138906.2699,4960,1264,55968,306000000,1728000
1791138906.3200,4960,1264,55937,306000000,1728000
1791138906.3701,4960,1264,55875,306000000,1728000
1791138906.4202,4960,1264,55843,306000000,1728000
1791138906.4703,4960,1264,56031,306000000,1728000
1791138906.5203,4960,1256,55781,306000000,1728000
1791138906.5704,4960,1256,55781,306000000,1728000
1791138906.6205,4960,1272,55937,306000000,1420800
1791138906.6706,4960,1272,55875,306000000,1728000
1791138906.7207,4960,1272,55968,306000000,1728000
1791138906.7707,4960,1264,55781,306000000,883200
1791138906.8208,4960,1264,55968,306000000,729600
1791138906.8709,4960,1264,55843,306000000,729600
1791138906.9210,4960,1264,55875,306000000,960000
1791138906.9710,4960,1264,55843,306000000,729600
1791138907.0211,4960,1264,55812,306000000,1728000
1791138907.0712,4960,1256,55781,306000000,1728000
1791138907.1213,4960,1256,55875,306000000,1728000
1791138907.1714,4960,1264,55750,306000000,1728000
1791138907.2215,4960,1272,55781,306000000,1728000
1791138907.2715,4960,1264,55968,306000000,1728000
1791138907.3216,4960,1264,55843,306000000,1728000
1791138907.3717,4960,1264,55937,306000000,1728000
1791138907.4218,4960,1256,55750,306000000,1728000
1791138907.4719,4960,1264,55906,306000000,1728000
1791138907.5220,4960,1264,55812,306000000,1728000
1791138907.5720,4960,1264,55812,306000000,1728000
1791138907.6221,4960,1272,55843,306000000,1728000
1791138907.6722,4960,1272,55812,306000000,1728000
1791138907.7223,4960,1272,55937,306000000,1728000
1791138907.7724,4960,1280,55843,306000000,1728000
1791138907.8225,4960,1272,55968,306000000,1728000
1791138907.8726,4960,1272,55812,306000000,1728000
1791138907.9227,4960,1264,55843,306000000,1728000
1791138907.9727,4960,1264,55750,306000000,1728000
1791138908.0228,4960,1264,55781,306000000,1728000
1791138908.0729,4960,1264,55781,306000000,1728000
1791138908.1230,4960,1264,55843,306000000,1728000
1791138908.1731,4960,1256,55968,306000000,1728000
1791138908.2231,4960,1256,55843,306000000,1728000
1791138908.2732,4960,1264,56000,306000000,1728000
1791138908.3233,4960,1280,55875,306000000,1728000
1791138908.3734,4960,1272,55843,306000000,1728000
1791138908.4235,4960,1272,55781,306000000,1728000
1791138908.4736,4960,1272,55906,306000000,1728000
1791138908.5236,4960,1272,55781,306000000,1728000
1791138908.5737,4960,1264,55781,306000000,1728000
1791138908.6238,4960,1272,55937,306000000,1728000
1791138908.6739,4960,1264,55812,306000000,1728000
1791138908.7240,4960,1272,55906,306000000,1728000
1791138908.7741,4960,1272,55750,306000000,1728000
1791138908.8241,4960,1272,55875,306000000,1728000
1791138908.8743,4960,1288,55750,306000000,1728000
1791138908.9243,4960,1280,55937,306000000,1728000
1791138908.9744,4960,1280,55812,306000000,1728000
1791138909.0245,4960,1280,55875,306000000,1728000
1791138909.0746,4960,1272,55875,306000000,1728000
1791138909.1247,4960,1272,55875,306000000,1728000
1791138909.1748,4960,1264,55906,306000000,1728000
1791138909.2248,4960,1264,55875,306000000,1728000
1791138909.2749,4960,1264,55875,306000000,1728000
1791138909.3250,4960,1264,55781,306000000,1728000
1791138909.3751,4960,1264,55843,306000000,1190400
1791138909.4252,4960,1280,55843,306000000,1728000
1791138909.4752,4960,1272,55843,306000000,1728000
1791138909.5253,4960,1272,55968,306000000,1728000
1791138909.5754,4960,1272,55875,306000000,1728000
1791138909.6255,4960,1272,55906,306000000,1728000
1791138909.6756,4960,1264,55906,306000000,1728000
1791138909.7257,4960,1264,55937,306000000,1728000
1791138909.7757,4960,1264,55750,306000000,1728000
1791138909.8258,4960,1256,55875,306000000,1728000
1791138909.8759,4960,1256,55843,306000000,1728000
1791138909.9260,4960,1256,55843,306000000,1728000
1791138909.9761,4960,1272,55875,306000000,1728000
1791138910.0262,4960,1280,55781,306000000,1728000
1791138910.0763,4960,1272,55937,306000000,1728000
1791138910.1264,4960,1272,55843,306000000,960000
1791138910.1764,4960,1272,55843,306000000,1728000
1791138910.2265,4960,1264,55750,306000000,883200
1791138910.2766,4960,1264,55718,306000000,1728000
1791138910.3267,4960,1264,55718,306000000,883200
1791138910.3767,4960,1256,55812,306000000,729600
1791138910.4268,4960,1256,55937,306000000,729600
1791138910.4769,4960,1248,55781,306000000,806400
1791138910.5270,4960,1264,55906,306000000,960000
1791138910.5771,4960,1264,55781,306000000,1728000
1791138910.6272,4960,1264,55812,306000000,1728000
1791138910.6773,4960,1264,55812,306000000,1728000
1791138910.7274,4960,1264,55812,306000000,1728000
1791138910.7775,4960,1264,55812,306000000,1728000
1791138910.8275,4960,1264,55812,306000000,1728000
1791138910.8776,4960,1264,55718,306000000,1728000
1791138910.9277,4960,1256,55781,306000000,1728000
1791138910.9778,4960,1256,55937,306000000,1728000
1791138911.0279,4960,1256,55750,306000000,1728000
1791138911.0780,4960,1264,55968,306000000,1728000
1791138911.1280,4960,1272,55718,306000000,1728000
1791138911.1781,4960,1272,55843,306000000,1728000
1791138911.2282,4960,1272,55687,306000000,1728000
1791138911.2783,4960,1272,55843,306000000,1728000
1791138911.3284,4960,1264,55718,306000000,1728000
1791138911.3785,4960,1264,55843,306000000,1728000
1791138911.4286,4960,1264,55906,306000000,1728000
1791138911.4786,4960,1264,55812,306000000,1728000
1791138911.5287,4960,1264,55968,306000000,1728000
1791138911.5788,4960,1264,55781,306000000,1728000
1791138911.6289,4960,1264,55843,306000000,1728000
1791138911.6790,4960,1280,55750,306000000,1728000
1791138911.7291,4960,1272,55781,306000000,1728000
1791138911.7792,4960,1272,55656,306000000,1728000
1791138911.8293,4960,1272,55812,306000000,1728000
1791138911.8794,4960,1272,55937,306000000,1728000
1791138911.9294,4960,1264,55750,306000000,1728000
1791138911.9795,4960,1264,55875,306000000,1728000
1791138912.0296,4960,1272,55750,306000000,1728000
1791138912.0797,4960,1264,55843,306000000,1728000
1791138912.1298,4960,1272,55718,306000000,1728000
1791138912.1798,4960,1272,55843,306000000,1728000
1791138912.2299,4960,1296,55718,306000000,1728000
1791138912.2800,4960,1296,55781,306000000,1728000
1791138912.3301,4960,1296,55875,306000000,1728000
1791138912.3802,4960,1296,55718,306000000,1728000
1791138912.4303,4960,1288,55875,306000000,1728000
1791138912.4804,4960,1288,55718,306000000,1728000
1791138912.5305,4960,1288,55843,306000000,960000
1791138912.5805,4960,1280,55750,306000000,1728000
1791138912.6306,4960,1280,55812,306000000,1728000
1791138912.6807,4960,1280,55781,306000000,1728000
1791138912.7308,4960,1272,55843,306000000,1728000
1791138912.7809,4960,1288,55906,306000000,1728000
1791138912.8310,4960,1296,55781,306000000,1728000
1791138912.8811,4960,1296,55906,306000000,1036800
1791138912.9312,4960,1296,55812,306000000,1036800
1791138912.9813,4960,1288,55843,306000000,1728000
1791138913.0314,4960,1288,55750,306000000,1728000
1791138913.0815,4960,1288,55812,306000000,1728000
1791138913.1316,4960,1288,55687,306000000,1728000
1791138913.1816,4960,1288,55781,306000000,1036800
1791138913.2317,4960,1280,55625,306000000,1728000
1791138913.2818,4960,1280,55750,306000000,1728000
1791138913.3319,4960,1272,55875,306000000,1728000
1791138913.3820,4960,1280,55906,306000000,1728000
1791138913.4321,4960,1288,55875,306000000,1728000
1791138913.4822,4960,1280,55843,306000000,1728000
1791138913.5323,4960,1288,55781,306000000,1728000
1791138913.5824,4960,1280,55812,306000000,1728000
1791138913.6325,4960,1280,55875,306000000,1728000
1791138913.6826,4960,1280,55781,306000000,1728000
1791138913.7326,4960,1304,55781,306000000,1497600
1791138913.7827,4960,1312,55906,306000000,1728000
1791138913.8328,4960,1320,55687,306000000,1728000
1791138913.8829,4960,1320,55875,306000000,1344000
1791138913.9330,4960,1328,55781,306000000,1728000
1791138913.9831,4960,1328,55875,306000000,960000
1791138914.0332,4960,1320,55781,306000000,1728000
1791138914.0832,4960,1320,55781,306000000,1036800
1791138914.1333,4960,1312,55781,306000000,1728000
1791138914.1834,4960,1304,55781,306000000,1728000
1791138914.2335,4960,1296,55937,306000000,1728000
1791138914.2836,4960,1296,55718,306000000,1728000
1791138914.3337,4960,1288,55906,306000000,1728000
1791138914.3837,4960,1288,55781,306000000,1728000
1791138914.4338,4960,1288,55812,306000000,1728000
1791138914.4839,4960,1304,55718,306000000,1728000
1791138914.5340,4960,1296,55750,306000000,1728000
1791138914.5841,4960,1296,55781,306000000,1728000
1791138914.6342,4960,1296,55843,306000000,1728000
1791138914.6843,4960,1288,55937,306000000,1728000
1791138914.7343,4960,1280,55812,306000000,1728000
1791138914.7844,4960,1280,55843,306000000,1728000
1791138914.8345,4960,1272,55781,306000000,1728000
1791138914.8846,4960,1272,55875,306000000,1728000
1791138914.9347,4960,1280,55750,306000000,1728000
1791138914.9848,4960,1272,55812,306000000,1728000
1791138915.0349,4960,1288,55656,306000000,1497600
1791138915.0850,4960,1280,55781,306000000,1728000
1791138915.1350,4960,1280,55906,306000000,1728000
1791138915.1851,4960,1272,55750,306000000,1728000
1791138915.2352,4960,1272,55812,306000000,1728000
1791138915.2853,4960,1272,55718,306000000,1728000
1791138915.3354,4960,1264,55812,306000000,1728000
1791138915.3855,4960,1264,55718,306000000,1728000
1791138915.4356,4960,1264,55750,306000000,1728000
1791138915.4856,4960,1256,55750,306000000,1728000
1791138915.5357,4960,1248,55781,306000000,1728000
1791138915.5858,4960,1264,55968,306000000,1728000
1791138915.6359,4960,1264,55812,306000000,1728000
1791138915.6860,4960,1264,55906,306000000,1728000
1791138915.7361,4960,1264,55718,306000000,1728000
1791138915.7862,4960,1264,55906,306000000,1728000
1791138915.8363,4960,1256,55687,306000000,1728000
1791138915.8864,4960,1256,55781,306000000,1728000
1791138915.9364,4960,1256,55750,306000000,1728000
1791138915.9865,4960,1248,55843,306000000,1728000
1791138916.0366,4960,1240,55812,306000000,1728000
1791138916.0867,4960,1248,55781,306000000,1728000
1791138916.1368,4960,1256,55843,306000000,1728000
1791138916.1869,4960,1264,55750,306000000,1728000
1791138916.2370,4960,1264,55875,306000000,1728000
1791138916.2871,4960,1264,55656,306000000,1728000
1791138916.3371,4960,1272,55812,306000000,1728000
1791138916.3872,4960,1256,55656,306000000,1728000
1791138916.4373,4960,1264,55812,306000000,1728000
1791138916.4874,4960,1272,55968,306000000,1728000
1791138916.5375,4960,1264,55750,306000000,1728000
1791138916.5875,4960,1264,55906,306000000,1728000
1791138916.6376,4960,1264,55625,306000000,1728000
1791138916.6877,4960,1264,55968,306000000,806400
1791138916.7378,4960,1272,55718,306000000,1728000
1791138916.7879,4960,1272,55843,306000000,883200
1791138916.8379,4960,1264,55750,306000000,883200
1791138916.8880,4960,1264,55750,306000000,1728000
1791138916.9381,4960,1272,55781,306000000,806400
1791138916.9882,4960,1264,55875,306000000,883200
1791138917.0382,4960,1264,55875,306000000,729600
1791138917.0883,4960,1256,55718,306000000,883200
1791138917.1384,4960,1256,55906,306000000,1728000
1791138917.1885,4960,1256,55687,306000000,1728000
1791138917.2386,4960,1264,55812,306000000,1728000
1791138917.2887,4960,1272,55718,306000000,1728000
1791138917.3387,4960,1272,55781,306000000,1728000
1791138917.3888,4960,1264,55718,306000000,1728000
1791138917.4389,4960,1264,55687,306000000,1728000
1791138917.4890,4960,1264,55937,306000000,1728000
1791138917.5391,4960,1264,55718,306000000,1728000
1791138917.5892,4960,1264,55812,306000000,1728000
1791138917.6393,4960,1264,55687,306000000,1728000
1791138917.6894,4960,1264,55781,306000000,1728000
1791138917.7395,4960,1264,55687,306000000,1728000
1791138917.7895,4960,1264,55718,306000000,1190400
1791138917.8396,4960,1272,55750,306000000,1728000
1791138917.8897,4960,1272,55750,306000000,1728000
1791138917.9398,4960,1272,55937,306000000,1728000
1791138917.9899,4960,1272,55687,306000000,1728000
1791138918.0405,4960,1264,55843,306000000,1728000
1791138918.0906,4960,1264,55750,306000000,1728000
1791138918.1407,4960,1272,55843,306000000,1728000
1791138918.1907,4960,1272,55656,306000000,1728000
1791138918.2408,4960,1264,55781,306000000,1728000
1791138918.2909,4960,1256,55593,306000000,1728000
1791138918.3410,4960,1256,55812,306000000,1728000
1791138918.3911,4960,1272,55656,306000000,1420800
1791138918.4412,4960,1272,55687,306000000,1728000
1791138918.4913,4960,1264,55875,306000000,1728000
1791138918.5413,4960,1264,55718,306000000,1728000
1791138918.5914,4960,1264,55875,306000000,1728000
1791138918.6415,4960,1264,55718,306000000,1728000
1791138918.6916,4960,1256,55687,306000000,1728000
1791138918.7417,4960,1256,55750,306000000,1728000
1791138918.7918,4960,1256,55750,306000000,1728000
1791138918.8419,4960,1256,55718,306000000,1728000
1791138918.8919,4960,1256,55718,306000000,1728000
1791138918.9420,4960,1264,55875,306000000,1728000
1791138918.9921,4960,1272,55718,306000000,1728000
1791138919.0422,4960,1264,55812,306000000,1728000
1791138919.0923,4960,1264,55750,306000000,1728000
1791138919.1424,4960,1264,55750,306000000,1728000
1791138919.1924,4960,1264,55625,306000000,1728000
1791138919.2425,4960,1264,55781,306000000,1728000
1791138919.2926,4960,1264,55750,306000000,1728000
1791138919.3427,4960,1256,55781,306000000,1728000
1791138919.3928,4960,1264,55906,306000000,1728000
1791138919.4428,4960,1264,55718,306000000,1728000
1791138919.4930,4960,1280,55937,306000000,1267200
1791138919.5431,4960,1280,55687,306000000,1728000
1791138919.5932,4960,1272,55781,306000000,1728000
1791138919.6432,4960,1272,55687,306000000,1728000
1791138919.6933,4960,1272,55812,306000000,1728000
1791138919.7434,4960,1264,55656,306000000,1728000
1791138919.7935,4960,1264,55687,306000000,1728000
1791138919.8436,4960,1264,55875,306000000,1728000
1791138919.8937,4960,1264,55781,306000000,1728000
1791138919.9437,4960,1264,55781,306000000,1728000
1791138919.9938,4960,1264,55718,306000000,1728000
1791138920.0439,4960,1272,55750,306000000,1728000
1791138920.0940,4960,1288,55750,306000000,1728000
1791138920.1441,4960,1288,55843,306000000,1728000
1791138920.1942,4960,1280,55687,306000000,1728000
1791138920.2443,4960,1272,55687,306000000,1728000
1791138920.2944,4960,1280,55875,306000000,729600
1791138920.3444,4960,1272,55687,306000000,729600
1791138920.3945,4960,1272,55906,306000000,883200
1791138920.4446,4960,1272,55750,306000000,883200
1791138920.4947,4960,1264,55750,306000000,883200
1791138920.5447,4960,1264,55687,306000000,1728000
1791138920.5948,4960,1264,55781,306000000,1267200
1791138920.6449,4960,1280,55687,306000000,1728000
1791138920.6950,4960,1272,55781,306000000,1728000
1791138920.7451,4960,1272,55812,306000000,1728000
1791138920.7952,4960,1272,55687,306000000,1728000
1791138920.8452,4960,1272,55781,306000000,1728000
1791138920.8953,4960,1272,55656,306000000,1728000
1791138920.9454,4960,1272,55875,306000000,1728000
1791138920.9955,4960,1264,55718,306000000,1728000
1791138921.0456,4960,1264,55781,306000000,1728000
1791138921.0956,4960,1256,55625,306000000,1728000
1791138921.1457,4960,1264,55812,306000000,1728000
1791138921.1958,4960,1264,55718,306000000,883200
1791138921.2459,4960,1264,55687,306000000,1728000
1791138921.2960,4960,1264,55812,306000000,1728000
1791138921.3461,4960,1264,55687,306000000,1728000
1791138921.3962,4960,1272,55812,306000000,1728000
1791138921.4463,4960,1264,55625,306000000,1728000
1791138921.4964,4960,1256,55750,306000000,1728000
1791138921.5464,4960,1256,55687,306000000,1728000
1791138921.5965,4960,1256,55687,306000000,1728000
1791138921.6466,4960,1256,55625,306000000,1728000
1791138921.6967,4960,1264,55781,306000000,1190400
1791138921.7468,4960,1272,55906,306000000,1420800
1791138921.7969,4960,1272,55687,306000000,1728000
1791138921.8469,4960,1272,55843,306000000,1728000
1791138921.8970,4960,1264,55687,306000000,1728000
1791138921.9471,4960,1264,55781,306000000,1728000
1791138921.9972,4960,1256,55625,306000000,1728000
1791138922.0473,4960,1256,55750,306000000,1728000
1791138922.0974,4960,1256,55687,306000000,1728000
1791138922.1474,4960,1256,55625,306000000,1728000
1791138922.1975,4960,1256,55812,306000000,1728000
1791138922.2476,4960,1256,55718,306000000,1728000
1791138922.2977,4960,1264,55781,306000000,1728000
1791138922.3478,4960,1264,55687,306000000,1728000
1791138922.3979,4960,1264,55718,306000000,1728000
1791138922.4479,4960,1264,55656,306000000,1728000
1791138922.4980,4960,1256,55750,306000000,1728000
1791138922.5481,4960,1256,55687,306000000,1728000
1791138922.5982,4960,1256,55656,306000000,1728000
1791138922.6483,4960,1256,55812,306000000,1728000
1791138922.6984,4960,1256,55718,306000000,1728000
1791138922.7484,4960,1256,55750,306000000,1728000
1791138922.7985,4960,1256,55687,306000000,1728000
1791138922.8486,4960,1272,55687,306000000,1728000
1791138922.8987,4960,1272,55656,306000000,1728000
1791138922.9488,4960,1272,55750,306000000,1728000
1791138922.9989,4960,1280,55656,306000000,1728000
1791138923.0490,4960,1280,55718,306000000,1728000
1791138923.0991,4960,1272,55781,306000000,1728000
1791138923.1491,4960,1272,55656,306000000,1728000
1791138923.1992,4960,1264,55937,306000000,1728000
1791138923.2493,4960,1264,55687,306000000,1728000
1791138923.2994,4960,1264,55812,306000000,1728000
1791138923.3494,4960,1264,55625,306000000,1728000
1791138923.3995,4960,1264,55781,306000000,1420800
1791138923.4496,4960,1272,55625,306000000,1728000
1791138923.4997,4960,1272,55750,306000000,1728000
1791138923.5498,4960,1272,55812,306000000,1728000
1791138923.5999,4960,1272,55781,306000000,1728000
1791138923.6500,4960,1264,55812,306000000,1728000
1791138923.7000,4960,1264,55718,306000000,1728000
1791138923.7501,4960,1264,55687,306000000,1728000
1791138923.8002,4960,1264,55593,306000000,883200
1791138923.8503,4960,1256,55781,306000000,883200
1791138923.9003,4960,1256,55656,306000000,883200
1791138923.9504,4960,1256,55718,306000000,1728000
1791138924.0005,4960,1272,55843,306000000,1728000
1791138924.0506,4960,1264,55718,306000000,1728000
1791138924.1007,4960,1264,55781,306000000,1728000
1791138924.1508,4960,1264,55625,306000000,1728000
1791138924.2009,4960,1264,55687,306000000,1728000
1791138924.2510,4960,1256,55593,306000000,1728000
1791138924.3010,4960,1256,55718,306000000,1728000
1791138924.3511,4960,1256,55656,306000000,1728000
1791138924.4012,4960,1256,55718,306000000,1728000
1791138924.4513,4960,1248,55812,306000000,1728000
1791138924.5014,4960,1264,55718,306000000,1728000
1791138924.5515,4960,1280,55875,306000000,1728000
1791138924.6016,4960,1280,55687,306000000,1728000
1791138924.6517,4960,1272,55718,306000000,1728000
1791138924.7017,4960,1272,55656,306000000,1728000
1791138924.7518,4960,1272,55718,306000000,1728000
1791138924.8019,4960,1272,55656,306000000,1728000
1791138924.8520,4960,1264,55718,306000000,1728000
1791138924.9021,4960,1264,55843,306000000,1728000
1791138924.9522,4960,1264,55718,306000000,1728000
1791138925.0023,4960,1256,55718,306000000,1728000
1791138925.0523,4960,1264,55656,306000000,1728000
1791138925.1024,4960,1272,55843,306000000,1728000
1791138925.1525,4960,1272,55656,306000000,1728000
1791138925.2026,4960,1272,55781,306000000,1728000
1791138925.2527,4960,1272,55593,306000000,1728000
1791138925.3028,4960,1264,55687,306000000,1728000
1791138925.3529,4960,1264,55687,306000000,1728000
1791138925.4030,4960,1264,55687,306000000,1728000
1791138925.4530,4960,1264,55875,306000000,1728000
1791138925.5031,4960,1264,55718,306000000,1728000
1791138925.5532,4960,1264,55812,306000000,1728000
1791138925.6033,4960,1256,55687,306000000,1728000
1791138925.6534,4960,1272,55687,306000000,1728000
1791138925.7035,4960,1272,55625,306000000,1728000
1791138925.7535,4960,1272,55781,306000000,1728000
1791138925.8036,4960,1272,55656,306000000,1728000
1791138925.8537,4960,1264,55718,306000000,1728000
1791138925.9038,4960,1264,55843,306000000,1728000
1791138925.9539,4960,1264,55687,306000000,1728000
1791138926.0039,4960,1256,55781,306000000,1728000
1791138926.0540,4960,1256,55625,306000000,1728000
1791138926.1041,4960,1256,55687,306000000,1728000
1791138926.1542,4960,1256,55687,306000000,1728000
1791138926.2043,4960,1264,55718,306000000,1190400
1791138926.2544,4960,1264,55656,306000000,1728000
1791138926.3044,4960,1264,55593,306000000,1728000
1791138926.3545,4960,1264,55843,306000000,1728000
1791138926.4046,4960,1264,55656,306000000,1728000
1791138926.4547,4960,1264,55875,306000000,1728000
1791138926.5048,4960,1264,55687,306000000,1728000
1791138926.5549,4960,1256,55781,306000000,1728000
1791138926.6049,4960,1256,55656,306000000,1728000
1791138926.6551,4960,1256,55687,306000000,1728000
1791138926.7051,4960,1256,55687,306000000,1728000
1791138926.7552,4960,1264,55656,306000000,1420800
1791138926.8053,4960,1272,55843,306000000,1728000
1791138926.8554,4960,1272,55625,306000000,1728000
1791138926.9055,4960,1272,55843,306000000,1728000
1791138926.9556,4960,1264,55687,306000000,1728000
1791138927.0057,4960,1264,55687,306000000,1728000
1791138927.0557,4960,1264,55625,306000000,1728000
1791138927.1058,4960,1264,55781,306000000,1728000
1791138927.1559,4960,1264,55625,306000000,1728000
1791138927.2060,4960,1264,55718,306000000,960000
1791138927.2561,4960,1256,55781,306000000,960000
1791138927.3061,4960,1264,55656,306000000,1190400
1791138927.3562,4960,1272,55750,306000000,1728000
1791138927.4063,4960,1272,55656,306000000,1728000
1791138927.4564,4960,1272,55843,306000000,1728000
1791138927.5065,4960,1264,55593,306000000,1728000
1791138927.5566,4960,1264,55781,306000000,1728000
1791138927.6066,4960,1256,55625,306000000,1728000
1791138927.6567,4960,1256,55750,306000000,1728000
1791138927.7068,4960,1248,55812,306000000,1728000
1791138927.7569,4960,1248,55656,306000000,1728000
1791138927.8070,4960,1248,55812,306000000,1728000
1791138927.8571,4960,1248,55656,306000000,1190400
1791138927.9071,4960,1264,55687,306000000,1728000
1791138927.9572,4960,1264,55656,306000000,1728000
1791138928.0073,4960,1264,55750,306000000,1728000
1791138928.0574,4960,1264,55656,306000000,1728000
1791138928.1075,4960,1264,55687,306000000,1728000
1791138928.1576,4960,1264,55812,306000000,1728000
1791138928.2077,4960,1264,55593,306000000,1728000
1791138928.2577,4960,1264,55812,306000000,1728000
1791138928.3078,4960,1264,55625,306000000,1728000
1791138928.3579,4960,1256,55843,306000000,1728000
1791138928.4080,4960,1256,55625,306000000,1113600
1791138928.4581,4960,1264,55656,306000000,1728000
1791138928.5082,4960,1264,55625,306000000,1728000
1791138928.5583,4960,1264,55750,306000000,1728000
1791138928.6083,4960,1264,55593,306000000,1728000
1791138928.6584,4960,1272,55625,306000000,1728000
1791138928.7085,4960,1272,55750,306000000,1728000
1791138928.7586,4960,1272,55593,306000000,1728000
1791138928.8087,4960,1256,55656,306000000,1728000
1791138928.8588,4960,1264,55593,306000000,1728000
1791138928.9088,4960,1264,55687,306000000,1728000
1791138928.9589,4960,1256,55593,306000000,1728000
1791138929.0090,4960,1272,55687,306000000,1344000
1791138929.0591,4960,1280,55625,306000000,1728000
1791138929.1092,4960,1272,55656,306000000,1728000
1791138929.1593,4960,1272,55781,306000000,1728000
1791138929.2094,4960,1272,55656,306000000,1728000
1791138929.2595,4960,1256,55781,306000000,1728000
1791138929.3095,4960,1256,55656,306000000,1728000
1791138929.3596,4960,1256,55687,306000000,1728000
1791138929.4097,4960,1264,55687,306000000,1728000
1791138929.4598,4960,1256,55687,306000000,1728000
1791138929.5099,4960,1256,55562,306000000,1728000
1791138929.5599,4960,1264,55656,306000000,1728000
1791138929.6101,4960,1272,55750,306000000,1728000
1791138929.6601,4960,1272,55625,306000000,1728000
1791138929.7102,4960,1264,55812,306000000,1728000
1791138929.7603,4960,1264,55656,306000000,1728000
1791138929.8104,4960,1264,55625,306000000,1728000
1791138929.8605,4960,1264,55593,306000000,1728000
1791138929.9106,4960,1256,55656,306000000,1728000
1791138929.9606,4960,1256,55562,306000000,1728000
1791138930.0107,4960,1256,55687,306000000,1728000
1791138930.0608,4960,1256,55781,306000000,1728000
1791138930.1109,4960,1264,55687,306000000,1344000
1791138930.1610,4960,1264,55781,306000000,1728000
1791138930.2111,4960,1264,55625,306000000,1728000
1791138930.2611,4960,1264,55687,306000000,1728000
1791138930.3112,4960,1256,55562,306000000,1728000
1791138930.3613,4960,1256,55656,306000000,1728000
1791138930.4114,4960,1256,55593,306000000,883200
1791138930.4615,4960,1264,55656,306000000,729600
1791138930.5115,4960,1264,55781,306000000,729600
1791138930.5616,4960,1264,55687,306000000,729600
1791138930.6117,4960,1248,55687,306000000,883200
1791138930.6618,4960,1264,55625,306000000,1728000
1791138930.7119,4960,1272,55750,306000000,1728000
1791138930.7620,4960,1272,55562,306000000,1728000
1791138930.8120,4960,1264,55687,306000000,1728000
1791138930.8621,4960,1264,55625,306000000,1728000
1791138930.9122,4960,1264,55718,306000000,1728000
1791138930.9623,4960,1256,55781,306000000,1728000
1791138931.0124,4960,1256,55593,306000000,1728000
1791138931.0624,4960,1264,55781,306000000,1728000
1791138931.1125,4960,1256,55593,306000000,1728000
1791138931.1626,4960,1256,55718,306000000,1728000
1791138931.2127,4960,1256,55593,306000000,1728000
1791138931.2628,4960,1272,55750,306000000,1497600
1791138931.3129,4960,1272,55625,306000000,1728000
1791138931.3630,4960,1272,55687,306000000,1728000
1791138931.4131,4960,1272,55781,306000000,1728000
1791138931.4631,4960,1272,55625,306000000,1728000
1791138931.5132,4960,1272,55843,306000000,1728000
1791138931.5633,4960,1264,55718,306000000,1728000
1791138931.6134,4960,1272,55812,306000000,1728000
1791138931.6635,4960,1264,55656,306000000,1728000
1791138931.7136,4960,1256,55718,306000000,1728000
1791138931.7636,4960,1256,55562,306000000,1728000
1791138931.8137,4960,1272,55656,306000000,1728000
1791138931.8638,4960,1272,55593,306000000,1728000
1791138931.9139,4960,1272,55625,306000000,1728000
1791138931.9640,4960,1272,55843,306000000,1728000
1791138932.0141,4960,1272,55593,306000000,1728000
1791138932.0642,4960,1272,55750,306000000,1728000
1791138932.1143,4960,1272,55531,306000000,1728000
1791138932.1644,4960,1264,55718,306000000,1728000
1791138932.2145,4960,1264,55656,306000000,1728000
1791138932.2645,4960,1256,55687,306000000,1728000
1791138932.3146,4960,1256,55593,306000000,1728000
1791138932.3647,4960,1264,55625,306000000,1728000
1791138932.4148,4960,1272,55750,306000000,883200
1791138932.4649,4960,1272,55687,306000000,1728000
1791138932.5151,4960,1272,55781,306000000,1728000
1791138932.5652,4960,1272,55718,306000000,960000
1791138932.6152,4960,1272,55750,306000000,1728000
1791138932.6653,4960,1264,55562,306000000,1728000
1791138932.7154,4960,1264,55656,306000000,1728000
1791138932.7655,4960,1264,55625,306000000,1728000
1791138932.8156,4960,1272,55562,306000000,1728000
1791138932.8657,4960,1272,55750,306000000,1728000
1791138932.9158,4960,1280,55562,306000000,1728000
1791138932.9659,4960,1288,55718,306000000,1728000
1791138933.0159,4960,1296,55687,306000000,1728000
1791138933.0660,4960,1288,55750,306000000,1728000
1791138933.1161,4960,1288,55531,306000000,1728000
1791138933.1662,4960,1280,55718,306000000,1728000
1791138933.2163,4960,1288,55625,306000000,1728000
1791138933.2664,4960,1280,55687,306000000,1728000
1791138933.3164,4960,1280,55781,306000000,1728000
1791138933.3665,4960,1280,55687,306000000,1728000
1791138933.4166,4960,1280,55781,306000000,1728000
1791138933.4667,4960,1280,55718,306000000,1190400
1791138933.5168,4960,1296,55687,306000000,1036800
1791138933.5669,4960,1288,55656,306000000,1728000
1791138933.6170,4960,1288,55781,306000000,1728000
1791138933.6671,4960,1288,55656,306000000,1728000
1791138933.7172,4960,1280,55656,306000000,1728000
1791138933.7673,4960,1280,55750,306000000,806400
1791138933.8174,4960,1280,55625,306000000,1728000
1791138933.8675,4960,1280,55781,306000000,1728000
1791138933.9175,4960,1272,55687,306000000,1728000
1791138933.9676,4960,1272,55812,306000000,1728000
1791138934.0177,4960,1272,55593,306000000,1113600
1791138934.0678,4960,1280,55718,306000000,1728000
1791138934.1179,4960,1288,55593,306000000,1728000
1791138934.1680,4960,1288,55625,306000000,960000
1791138934.2181,4960,1288,55562,306000000,1728000
1791138934.2682,4960,1288,55625,306000000,1728000
1791138934.3183,4960,1288,55687,306000000,1728000
1791138934.3684,4960,1280,55625,306000000,1728000
1791138934.4185,4960,1280,55718,306000000,1728000
1791138934.4686,4960,1280,55593,306000000,1728000
1791138934.5187,4960,1280,55718,306000000,806400
1791138934.5688,4960,1272,55656,306000000,1728000
1791138934.6189,4960,1288,55625,306000000,1344000
1791138934.6690,4960,1288,55593,306000000,1728000
1791138934.7191,4960,1288,55625,306000000,1728000
1791138934.7692,4960,1296,55812,306000000,960000
1791138934.8193,4960,1296,55625,306000000,960000
1791138934.8694,4960,1288,55718,306000000,1728000
1791138934.9194,4960,1288,55656,306000000,1036800
1791138934.9695,4960,1288,55750,306000000,1728000
1791138935.0196,4960,1296,55593,306000000,1728000
1791138935.0697,4960,1296,55718,306000000,1728000
1791138935.1198,4960,1288,55593,306000000,1728000
1791138935.1699,4960,1296,55656,306000000,1728000
1791138935.2200,4960,1312,55812,306000000,1728000
1791138935.2701,4960,1304,55625,306000000,1728000
1791138935.3202,4960,1296,55750,306000000,1728000
1791138935.3703,4960,1296,55593,306000000,1728000
1791138935.4204,4960,1296,55656,306000000,1728000
1791138935.4705,4960,1288,55562,306000000,1728000
1791138935.5205,4960,1288,55750,306000000,1728000
1791138935.5706,4960,1288,55656,306000000,1728000
1791138935.6207,4960,1288,55625,306000000,1036800
1791138935.6708,4960,1280,55750,306000000,1728000
1791138935.7209,4960,1288,55656,306000000,1728000
1791138935.7710,4960,1296,55687,306000000,960000
1791138935.8211,4960,1296,55593,306000000,1728000
1791138935.8712,4960,1288,55718,306000000,1728000
1791138935.9213,4960,1288,55593,306000000,1728000
1791138935.9714,4960,1288,55750,306000000,1728000
1791138936.0214,4960,1280,55625,306000000,1728000
1791138936.0715,4960,1280,55750,306000000,1728000
1791138936.1216,4960,1272,55750,306000000,1728000
1791138936.1717,4960,1272,55656,306000000,1728000
1791138936.2218,4960,1272,55750,306000000,1728000
1791138936.2718,4960,1280,55656,306000000,1728000
1791138936.3219,4960,1288,55750,306000000,1497600
1791138936.3720,4960,1280,55625,306000000,1728000
1791138936.4221,4960,1264,55718,306000000,1190400
1791138936.4722,4960,1248,55625,306000000,1728000
1791138936.5222,4960,1248,55718,306000000,1728000
1791138936.5723,4960,1240,55750,306000000,1728000
1791138936.6224,4960,1240,55656,306000000,1728000
1791138936.6724,4960,1232,55875,306000000,1728000
1791138936.7225,4960,1232,55656,306000000,1728000
1791138936.7726,4960,1224,55687,306000000,1728000
1791138936.8227,4960,1224,55656,306000000,1728000
1791138936.8728,4960,1240,55750,306000000,1728000
1791138936.9229,4960,1232,55875,306000000,1728000
1791138936.9729,4960,1232,55656,306000000,1728000
1791138937.0230,4960,1232,55687,306000000,1728000
1791138937.0731,4960,1224,55625,306000000,1728000
1791138937.1232,4960,1224,55718,306000000,1728000
1791138937.1733,4960,1224,55625,306000000,1728000
1791138937.2233,4960,1224,55812,306000000,1728000
1791138937.2734,4960,1216,55593,306000000,1728000
1791138937.3235,4960,1216,55625,306000000,1728000
1791138937.3736,4960,1216,55625,306000000,1728000
1791138937.4237,4960,1224,55812,306000000,1728000
1791138937.4738,4960,1232,55875,306000000,1728000
1791138937.5239,4960,1224,55656,306000000,1728000
1791138937.5740,4960,1224,55812,306000000,1728000
1791138937.6241,4960,1224,55625,306000000,1728000
1791138937.6741,4960,1224,55750,306000000,1728000
1791138937.7242,4960,1216,55937,306000000,1728000
1791138937.7743,4960,1216,55687,306000000,1728000
1791138937.8244,4960,1216,55656,306000000,1728000
1791138937.8745,4960,1216,55656,306000000,1728000
1791138937.9246,4960,1216,55718,306000000,1728000
1791138937.9747,4960,1224,55687,306000000,1728000
1791138938.0248,4960,1224,55843,306000000,1728000
1791138938.0749,4960,1224,55625,306000000,1728000
1791138938.1250,4960,1224,55718,306000000,1728000
1791138938.1750,4960,1224,55593,306000000,1728000
1791138938.2251,4960,1216,55656,306000000,1728000
1791138938.2752,4960,1216,55906,306000000,1728000
1791138938.3253,4960,1216,55718,306000000,1728000
1791138938.3754,4960,1216,55593,306000000,1728000
1791138938.4255,4960,1216,55656,306000000,1728000
1791138938.4756,4960,1216,55750,306000000,1728000
1791138938.5256,4960,1224,55750,306000000,1728000
1791138938.5758,4960,1232,55812,306000000,1728000
1791138938.6258,4960,1224,55593,306000000,1728000
1791138938.6759,4960,1224,55750,306000000,1728000
1791138938.7260,4960,1224,55593,306000000,1728000
1791138938.7761,4960,1224,55718,306000000,1728000
1791138938.8262,4960,1224,55843,306000000,1728000
1791138938.8763,4960,1240,55625,306000000,1728000
1791138938.9264,4960,1248,55781,306000000,1728000
1791138938.9765,4960,1248,55593,306000000,1728000
1791138939.0266,4960,1248,55812,306000000,1728000
1791138939.0767,4960,1264,55906,306000000,1728000
1791138939.1268,4960,1280,56031,306000000,1728000
1791138939.1768,4960,1288,55875,306000000,1728000
1791138939.2269,4960,1280,55625,306000000,1728000
1791138939.2770,4960,1272,55625,306000000,1728000
1791138939.3271,4960,1248,55687,306000000,1728000
1791138939.3772,4960,1224,55531,306000000,1728000
