1791127894.6482,4968,984,55250,306000000,1728000
1791127894.6983,4968,1040,55687,306000000,1728000
1791127894.7484,4968,1104,55531,306000000,1728000
1791127894.7985,4968,1112,55375,306000000,1728000
1791127894.8485,4968,1120,55312,306000000,1728000
1791127894.8986,4968,1128,55312,306000000,1728000
1791127894.9487,4960,1136,55343,306000000,1728000
1791127894.9988,4960,1144,55281,306000000,1728000
1791127895.0489,4960,1152,55281,306000000,1728000
1791127895.0990,4960,1160,55250,306000000,1728000
1791127895.1491,4960,1176,55468,306000000,1728000
1791127895.1992,4960,1184,55312,306000000,1728000
1791127895.2493,4960,1184,55531,306000000,1728000
1791127895.2993,4960,1184,55312,306000000,1728000
1791127895.3494,4960,1184,55437,306000000,1728000
1791127895.3995,4960,1192,55468,306000000,1728000
1791127895.4496,4960,1192,55375,306000000,1728000
1791127895.4997,4960,1192,55500,306000000,1728000
1791127895.5498,4960,1192,55343,306000000,1728000
1791127895.5999,4960,1192,55468,1020000000,1728000
1791127895.6500,4960,1200,55437,306000000,1728000
1791127895.7001,4960,1216,55406,306000000,1728000
1791127895.7502,4960,1208,55312,306000000,1728000
1791127895.8003,4960,1216,55406,306000000,1728000
1791127895.8503,4960,1224,55281,306000000,1728000
1791127895.9004,4960,1248,55250,306000000,1728000
1791127895.9505,4960,1264,55250,306000000,1420800
1791127896.0006,4960,1280,55281,306000000,1728000
1791127896.0507,4960,1288,55468,306000000,1267200
1791127896.1008,4960,1288,55343,306000000,1728000
1791127896.1509,4960,1296,55343,306000000,1728000
1791127896.2010,4960,1304,55250,306000000,1728000
1791127896.2511,4960,1320,55281,306000000,1728000
1791127896.3012,4960,1320,55312,306000000,1728000
1791127896.3513,4960,1320,55406,306000000,1728000
1791127896.4014,4960,1312,55281,306000000,1728000
1791127896.4515,4960,1304,55250,306000000,1728000
1791127896.5015,4960,1304,55218,306000000,1728000
1791127896.5516,4960,1304,55312,306000000,1728000
1791127896.6017,4960,1304,55375,306000000,1728000
1791127896.6518,4960,1296,55343,306000000,1728000
1791127896.7019,4960,1296,55406,306000000,1728000
1791127896.7520,4960,1304,55250,306000000,1728000
1791127896.8021,4960,1312,55343,306000000,1728000
1791127896.8522,4960,1304,55218,306000000,1728000
1791127896.9023,4960,1304,55281,306000000,1728000
1791127896.9524,4960,1304,55312,306000000,1728000
1791127897.0025,4960,1296,55312,306000000,1728000
1791127897.0526,4960,1296,55437,306000000,1728000
1791127897.1026,4960,1296,55343,306000000,1728000
1791127897.1527,4960,1288,55406,306000000,1728000
1791127897.2028,4960,1280,55250,306000000,1728000
1791127897.2529,4960,1288,55406,306000000,1728000
1791127897.3030,4960,1288,55281,306000000,1728000
1791127897.3531,4960,1296,55312,306000000,1728000
1791127897.4032,4960,1296,55281,306000000,1728000
1791127897.4532,4960,1296,55343,306000000,1728000
1791127897.5033,4960,1288,55531,306000000,1728000
1791127897.5534,4960,1288,55281,306000000,1728000
1791127897.6035,4960,1288,55406,306000000,1728000
1791127897.6536,4960,1288,55343,306000000,1728000
1791127897.7037,4960,1288,55406,306000000,1728000
1791127897.7538,4960,1280,55281,306000000,1728000
1791127897.8038,4960,1280,55343,306000000,1728000
1791127897.8539,4960,1280,55250,306000000,1728000
1791127897.9040,4960,1288,55281,306000000,1728000
1791127897.9541,4960,1288,55500,306000000,1728000
1791127898.0042,4960,1296,55375,306000000,1728000
1791127898.0543,4960,1288,55406,306000000,1728000
1791127898.1044,4960,1280,55250,306000000,1728000
1791127898.1544,4960,1280,55406,306000000,1728000
1791127898.2045,4960,1280,55187,306000000,1728000
1791127898.2546,4960,1272,55250,306000000,1728000
1791127898.3047,4960,1280,55218,306000000,1728000
1791127898.3548,4960,1272,55281,306000000,1728000
1791127898.4048,4960,1272,55468,306000000,1728000
1791127898.4549,4960,1280,55281,306000000,1728000
1791127898.5050,4960,1296,55468,306000000,1728000
1791127898.5551,4960,1288,55343,306000000,1728000
1791127898.6052,4960,1288,55312,306000000,1728000
1791127898.6553,4960,1280,55312,306000000,1728000
1791127898.7054,4960,1280,55312,306000000,1728000
1791127898.7555,4960,1280,55187,306000000,1728000
1791127898.8056,4960,1280,55312,306000000,1728000
1791127898.8556,4960,1272,55250,306000000,1728000
1791127898.9057,4960,1280,55375,306000000,1728000
1791127898.9558,4960,1280,55343,306000000,1728000
1791127899.0059,4960,1288,55343,306000000,1728000
1791127899.0560,4960,1288,55406,306000000,1728000
1791127899.1061,4960,1288,55250,306000000,1728000
1791127899.1562,4960,1288,55312,306000000,1728000
1791127899.2062,4960,1280,55187,306000000,1728000
1791127899.2563,4960,1280,55281,306000000,1728000
1791127899.3064,4960,1280,55250,306000000,1728000
1791127899.3565,4960,1272,55281,306000000,1728000
1791127899.4066,4960,1280,55437,306000000,1728000
1791127899.4566,4960,1272,55281,306000000,1728000
1791127899.5067,4960,1272,55406,306000000,1728000
1791127899.5568,4960,1280,55250,306000000,1728000
1791127899.6069,4960,1296,55312,306000000,1728000
1791127899.6570,4960,1288,55281,306000000,1728000
1791127899.7071,4960,1280,55343,306000000,1728000
1791127899.7572,4960,1288,55312,306000000,1728000
1791127899.8072,4960,1280,55312,306000000,1728000
1791127899.8573,4960,1272,55375,306000000,1728000
1791127899.9074,4960,1280,55218,306000000,1728000
1791127899.9574,4960,1272,55375,306000000,1728000
1791127900.0075,4960,1272,55218,306000000,1728000
1791127900.0576,4960,1272,55281,306000000,1728000
1791127900.1077,4960,1272,55343,306000000,1728000
1791127900.1578,4960,1280,55343,306000000,1728000
1791127900.2079,4960,1280,55187,306000000,1728000
1791127900.2580,4960,1288,55437,306000000,1728000
1791127900.3080,4960,1280,55437,306000000,1728000
1791127900.3581,4960,1280,55312,306000000,1728000
1791127900.4082,4960,1280,55312,306000000,1728000
1791127900.4583,4960,1280,55250,306000000,1728000
1791127900.5084,4960,1272,55375,306000000,1728000
1791127900.5585,4960,1280,55250,306000000,1728000
1791127900.6086,4960,1272,55312,306000000,1728000
1791127900.6587,4960,1272,55218,306000000,1728000
1791127900.7088,4960,1288,55312,306000000,1728000
1791127900.7588,4960,1288,55468,306000000,1728000
1791127900.8089,4960,1288,55406,306000000,1728000
1791127900.8590,4960,1288,55468,306000000,1728000
1791127900.9091,4960,1288,55281,306000000,1728000
1791127900.9592,4960,1280,55343,306000000,1728000
1791127901.0093,4960,1280,55218,306000000,1728000
1791127901.0594,4960,1280,55281,306000000,1728000
1791127901.1094,4960,1272,55250,306000000,1728000
1791127901.1595,4960,1280,55406,306000000,1728000
1791127901.2096,4960,1280,55187,306000000,1036800
1791127901.2597,4960,1288,55281,306000000,1267200
1791127901.3098,4960,1288,55375,306000000,1728000
1791127901.3599,4960,1288,55281,306000000,1728000
1791127901.4100,4960,1280,55406,306000000,1728000
1791127901.4600,4960,1272,55343,306000000,1728000
1791127901.5101,4960,1272,55281,306000000,1728000
1791127901.5602,4960,1264,55218,306000000,1728000
1791127901.6103,4960,1264,55281,306000000,1728000
1791127901.6604,4960,1280,55250,306000000,1728000
1791127901.7105,4960,1296,55281,306000000,1728000
1791127901.7605,4960,1312,55468,306000000,1728000
1791127901.8106,4960,1320,55281,306000000,1574400
1791127901.8607,4960,1328,55343,306000000,1728000
1791127901.9108,4960,1328,55281,306000000,1728000
1791127901.9609,4960,1320,55281,306000000,1728000
1791127902.0110,4960,1320,55156,306000000,1728000
1791127902.0611,4960,1320,55437,306000000,1728000
1791127902.1111,4960,1320,55218,306000000,1728000
1791127902.1612,4960,1304,55281,306000000,1728000
1791127902.2113,4960,1304,55375,306000000,1728000
1791127902.2614,4960,1304,55312,306000000,1728000
1791127902.3115,4960,1296,55406,306000000,1728000
1791127902.3616,4960,1296,55312,306000000,1728000
1791127902.4117,4960,1312,55406,306000000,1728000
1791127902.4618,4960,1312,55281,306000000,1728000
1791127902.5118,4960,1296,55312,306000000,1728000
1791127902.5619,4960,1296,55218,306000000,1728000
1791127902.6120,4960,1296,55375,306000000,1728000
1791127902.6621,4960,1288,55437,306000000,1728000
1791127902.7122,4960,1280,55312,306000000,1728000
1791127902.7623,4960,1288,55343,306000000,1728000
1791127902.8124,4960,1280,55343,306000000,1728000
1791127902.8624,4960,1280,55281,306000000,1728000
1791127902.9125,4960,1280,55281,306000000,1344000
1791127902.9626,4960,1296,55312,306000000,1497600
1791127903.0127,4960,1296,55250,306000000,1728000
1791127903.0628,4960,1288,55312,306000000,1728000
1791127903.1129,4960,1288,55406,306000000,1728000
1791127903.1630,4960,1288,55312,306000000,1728000
1791127903.2131,4960,1280,55312,306000000,1728000
1791127903.2632,4960,1280,55281,306000000,1728000
1791127903.3132,4960,1272,55406,306000000,1728000
1791127903.3633,4960,1272,55250,306000000,1728000
1791127903.4134,4960,1272,55312,306000000,1728000
1791127903.4635,4960,1272,55187,306000000,1728000
1791127903.5136,4960,1280,55375,306000000,1728000
1791127903.5637,4960,1288,55218,306000000,1728000
1791127903.6138,4960,1280,55250,306000000,1728000
1791127903.6639,4960,1280,55375,306000000,1728000
1791127903.7140,4960,1280,55218,306000000,1728000
1791127903.7640,4960,1280,55312,306000000,1728000
1791127903.8141,4960,1272,55343,306000000,1728000
1791127903.8642,4960,1280,55312,306000000,1728000
1791127903.9143,4960,1280,55281,306000000,1728000
1791127903.9644,4960,1272,55312,306000000,1728000
1791127904.0145,4960,1272,55250,306000000,1728000
1791127904.0646,4960,1280,55343,306000000,1267200
1791127904.1147,4960,1280,55437,306000000,1728000
1791127904.1648,4960,1280,55343,306000000,1728000
1791127904.2149,4960,1280,55406,306000000,1728000
1791127904.2650,4960,1272,55281,306000000,1728000
1791127904.3151,4960,1272,55375,306000000,1728000
1791127904.3652,4960,1272,55375,306000000,1728000
1791127904.4152,4960,1264,55375,306000000,1728000
1791127904.4653,4960,1272,55312,306000000,1728000
1791127904.5154,4960,1264,55281,306000000,1728000
1791127904.5655,4960,1264,55437,306000000,1728000
1791127904.6156,4960,1272,55281,306000000,1728000
1791127904.6657,4960,1288,55343,306000000,1728000
1791127904.7158,4960,1280,55218,306000000,1728000
1791127904.7659,4960,1288,55281,306000000,1728000
1791127904.8160,4960,1288,55312,306000000,1728000
1791127904.8660,4960,1280,55312,306000000,1728000
1791127904.9161,4960,1280,55343,306000000,1728000
1791127904.9662,4960,1280,55375,306000000,1728000
1791127905.0163,4960,1272,55375,306000000,1728000
1791127905.0664,4960,1272,55218,306000000,1728000
1791127905.1165,4960,1272,55406,306000000,1728000
1791127905.1665,4960,1272,55281,306000000,1267200
1791127905.2167,4960,1288,55343,306000000,1728000
1791127905.2667,4960,1280,55281,306000000,1728000
1791127905.3168,4960,1280,55406,306000000,1728000
1791127905.3669,4960,1280,55250,306000000,1728000
1791127905.4170,4960,1280,55281,306000000,1728000
1791127905.4671,4960,1272,55437,306000000,1728000
1791127905.5172,4960,1272,55312,306000000,1728000
1791127905.5672,4960,1272,55375,306000000,1728000
1791127905.6173,4960,1272,55281,306000000,1728000
1791127905.6674,4960,1272,55375,306000000,1728000
1791127905.7175,4960,1272,55187,306000000,1728000
1791127905.7676,4960,1280,55250,306000000,1728000
1791127905.8177,4960,1280,55250,306000000,1728000
1791127905.8678,4960,1280,55312,306000000,1728000
1791127905.9179,4960,1280,55250,306000000,1728000
1791127905.9680,4960,1272,55343,306000000,1728000
1791127906.0180,4960,1280,55375,306000000,1728000
1791127906.0681,4960,1272,55250,306000000,1728000
1791127906.1182,4960,1272,55406,306000000,1728000
1791127906.1683,4960,1280,55281,306000000,1728000
1791127906.2184,4960,1280,55406,306000000,1728000
1791127906.2685,4960,1280,55281,306000000,1728000
1791127906.3186,4960,1280,55343,306000000,1344000
1791127906.3687,4960,1288,55281,306000000,1728000
1791127906.4187,4960,1280,55343,306000000,1728000
1791127906.4688,4960,1272,55468,306000000,1728000
1791127906.5189,4960,1280,55312,306000000,1728000
1791127906.5690,4960,1280,55343,306000000,1728000
1791127906.6191,4960,1272,55343,306000000,1728000
1791127906.6691,4960,1272,55375,306000000,1728000
1791127906.7192,4960,1280,55281,306000000,1728000
1791127906.7693,4960,1272,55343,306000000,1728000
1791127906.8194,4960,1272,55281,306000000,1728000
1791127906.8695,4960,1280,55281,306000000,1267200
1791127906.9196,4960,1288,55437,306000000,1728000
1791127906.9697,4960,1280,55250,306000000,1728000
1791127907.0198,4960,1280,55312,306000000,1728000
1791127907.0699,4960,1280,55312,306000000,1728000
1791127907.1200,4960,1272,55406,306000000,1728000
1791127907.1701,4960,1272,55375,306000000,1728000
1791127907.2201,4960,1272,55281,306000000,1728000
1791127907.2702,4960,1272,55187,306000000,1728000
1791127907.3203,4960,1272,55281,306000000,1728000
1791127907.3704,4960,1272,55406,306000000,1728000
1791127907.4205,4960,1280,55250,306000000,1728000
1791127907.4706,4960,1280,55343,306000000,1728000
1791127907.5207,4960,1280,55312,306000000,1728000
1791127907.5707,4960,1280,55281,306000000,1728000
1791127907.6208,4960,1280,55312,306000000,1728000
1791127907.6709,4960,1272,55281,306000000,1728000
1791127907.7210,4960,1280,55312,306000000,1728000
1791127907.7711,4960,1272,55312,306000000,1728000
1791127907.8212,4960,1272,55375,306000000,1728000
1791127907.8712,4960,1272,55281,306000000,1728000
1791127907.9213,4960,1264,55312,306000000,1728000
1791127907.9714,4960,1272,55250,306000000,1728000
1791127908.0216,4960,1288,55375,306000000,1728000
1791127908.0717,4960,1280,55218,306000000,1728000
1791127908.1217,4960,1280,55281,306000000,1267200
1791127908.1718,4960,1280,55343,306000000,1728000
1791127908.2219,4960,1272,55406,306000000,1728000
1791127908.2720,4960,1272,55468,306000000,1728000
1791127908.3221,4960,1280,55312,306000000,1728000
1791127908.3721,4960,1272,55437,306000000,1728000
1791127908.4222,4960,1272,55218,306000000,1728000
1791127908.4723,4960,1272,55375,306000000,1728000
1791127908.5224,4960,1272,55312,306000000,1728000
1791127908.5725,4960,1280,55406,306000000,1267200
1791127908.6226,4960,1280,55281,306000000,1728000
1791127908.6727,4960,1280,55375,306000000,1728000
1791127908.7228,4960,1272,55375,306000000,1728000
1791127908.7728,4960,1272,55281,306000000,1728000
1791127908.8229,4960,1280,55375,306000000,1728000
1791127908.8730,4960,1272,55218,306000000,1728000
1791127908.9231,4960,1272,55437,306000000,1728000
1791127908.9732,4960,1280,55250,306000000,1728000
1791127909.0233,4960,1272,55250,306000000,1728000
1791127909.0733,4960,1272,55250,306000000,1728000
1791127909.1234,4960,1288,55343,306000000,1420800
1791127909.1735,4960,1288,55218,306000000,1728000
1791127909.2236,4960,1280,55406,306000000,1728000
1791127909.2737,4960,1280,55437,306000000,1728000
1791127909.3238,4960,1280,55250,306000000,1728000
1791127909.3738,4960,1280,55343,306000000,1728000
1791127909.4239,4960,1280,55218,306000000,1728000
1791127909.4740,4960,1272,55312,306000000,1728000
1791127909.5241,4960,1272,55281,306000000,1728000
1791127909.5741,4960,1272,55375,306000000,1728000
1791127909.6242,4960,1272,55312,306000000,1728000
1791127909.6743,4960,1280,55343,306000000,1728000
1791127909.7244,4960,1288,55437,306000000,1728000
1791127909.7745,4960,1288,55312,306000000,1728000
1791127909.8246,4960,1280,55343,306000000,1728000
1791127909.8747,4960,1280,55281,306000000,1728000
1791127909.9248,4960,1280,55343,306000000,1728000
1791127909.9748,4960,1272,55218,306000000,1728000
1791127910.0249,4960,1272,55375,306000000,1728000
1791127910.0750,4960,1280,55281,306000000,1728000
1791127910.1251,4960,1272,55312,306000000,1728000
1791127910.1752,4960,1272,55468,306000000,1728000
1791127910.2253,4960,1280,55312,306000000,1728000
1791127910.2754,4960,1280,55375,306000000,1728000
1791127910.3255,4960,1280,55312,306000000,1728000
1791127910.3756,4960,1280,55343,306000000,1728000
1791127910.4257,4960,1272,55218,306000000,1728000
1791127910.4757,4960,1272,55281,306000000,1728000
1791127910.5258,4960,1272,55343,306000000,1728000
1791127910.5759,4960,1264,55343,306000000,1728000
1791127910.6260,4960,1272,55343,306000000,1728000
1791127910.6761,4960,1272,55281,306000000,1728000
1791127910.7262,4960,1264,55437,306000000,1728000
1791127910.7763,4960,1272,55281,306000000,1728000
1791127910.8264,4960,1288,55312,306000000,1728000
1791127910.8765,4960,1280,55281,306000000,1728000
1791127910.9266,4960,1280,55343,306000000,1728000
1791127910.9767,4960,1280,55281,306000000,1728000
1791127911.0268,4960,1280,55343,306000000,1728000
1791127911.0768,4960,1272,55437,306000000,1728000
1791127911.1269,4960,1280,55281,306000000,1728000
1791127911.1770,4960,1272,55406,306000000,1728000
1791127911.2271,4960,1272,55312,306000000,1728000
1791127911.2772,4960,1272,55343,306000000,1728000
1791127911.3273,4960,1272,55187,306000000,1267200
1791127911.3774,4960,1280,55312,306000000,1728000
1791127911.4275,4960,1272,55343,306000000,1728000
1791127911.4775,4960,1280,55343,306000000,1728000
1791127911.5276,4960,1296,55500,306000000,1728000
1791127911.5777,4960,1304,55281,306000000,1728000
1791127911.6278,4960,1312,55468,306000000,1728000
1791127911.6779,4960,1312,55281,306000000,1728000
1791127911.7280,4960,1312,55375,306000000,1728000
1791127911.7781,4960,1312,55281,306000000,1728000
1791127911.8281,4960,1312,55343,306000000,1728000
1791127911.8782,4960,1312,55343,306000000,1113600
1791127911.9283,4960,1328,55312,306000000,1728000
1791127911.9784,4960,1320,55312,306000000,1728000
1791127912.0285,4960,1320,55312,306000000,1728000
1791127912.0786,4960,1320,55531,306000000,1728000
1791127912.1287,4960,1304,55343,306000000,1728000
1791127912.1787,4960,1304,55406,306000000,1728000
1791127912.2288,4960,1296,55281,306000000,1728000
1791127912.2789,4960,1296,55375,306000000,1728000
1791127912.3290,4960,1288,55312,306000000,1728000
1791127912.3791,4960,1288,55343,306000000,1728000
1791127912.4292,4960,1288,55312,306000000,1728000
1791127912.4793,4960,1296,55281,306000000,1267200
1791127912.5294,4960,1296,55437,306000000,1728000
1791127912.5794,4960,1304,55343,306000000,1728000
1791127912.6295,4960,1288,55406,306000000,1728000
1791127912.6796,4960,1288,55343,306000000,1728000
1791127912.7297,4960,1288,55406,306000000,1728000
1791127912.7798,4960,1288,55281,306000000,1728000
1791127912.8299,4960,1280,55312,306000000,1728000
1791127912.8800,4960,1280,55281,306000000,1728000
1791127912.9301,4960,1280,55281,306000000,1728000
1791127912.9801,4960,1272,55468,306000000,1728000
1791127913.0302,4960,1288,55312,306000000,1497600
1791127913.0803,4960,1288,55437,306000000,1728000
1791127913.1304,4960,1280,55281,306000000,1728000
1791127913.1805,4960,1288,55343,306000000,1728000
1791127913.2306,4960,1280,55250,306000000,1728000
1791127913.2807,4960,1280,55406,306000000,1728000
1791127913.3308,4960,1280,55250,306000000,1728000
1791127913.3808,4960,1280,55406,306000000,1728000
1791127913.4309,4960,1272,55406,306000000,1728000
1791127913.4810,4960,1272,55312,306000000,1728000
1791127913.5311,4960,1280,55437,306000000,1728000
1791127913.5812,4960,1272,55312,306000000,1728000
1791127913.6313,4960,1288,55375,306000000,1728000
1791127913.6814,4960,1288,55281,306000000,1728000
1791127913.7315,4960,1288,55281,306000000,1728000
1791127913.7816,4960,1280,55250,306000000,1728000
1791127913.8316,4960,1280,55281,306000000,1728000
1791127913.8817,4960,1280,55406,306000000,1728000
1791127913.9318,4960,1280,55312,306000000,1728000
1791127913.9819,4960,1272,55437,306000000,1728000
1791127914.0320,4960,1272,55312,306000000,1728000
1791127914.0821,4960,1272,55281,306000000,1728000
1791127914.1322,4960,1272,55343,306000000,1728000
1791127914.1823,4960,1288,55343,306000000,1728000
1791127914.2324,4960,1280,55343,306000000,1728000
1791127914.2824,4960,1272,55375,306000000,1728000
1791127914.3325,4960,1280,55468,306000000,1728000
1791127914.3826,4960,1272,55343,306000000,1728000
1791127914.4327,4960,1272,55437,306000000,1728000
1791127914.4828,4960,1272,55406,306000000,1728000
1791127914.5328,4960,1272,55406,306000000,1728000
1791127914.5829,4960,1272,55375,306000000,1728000
1791127914.6330,4960,1272,55343,306000000,1728000
1791127914.6831,4960,1272,55218,306000000,1190400
1791127914.7332,4960,1280,55375,306000000,1728000
1791127914.7833,4960,1280,55468,306000000,1728000
1791127914.8333,4960,1280,55312,306000000,1728000
1791127914.8834,4960,1272,55375,306000000,1728000
1791127914.9335,4960,1272,55312,306000000,1728000
1791127914.9836,4960,1280,55375,306000000,1728000
1791127915.0337,4960,1272,55218,306000000,1728000
1791127915.0838,4960,1272,55468,306000000,1728000
1791127915.1339,4960,1272,55375,306000000,1728000
1791127915.1839,4960,1272,55343,306000000,1728000
1791127915.2340,4960,1264,55437,306000000,1728000
1791127915.2841,4960,1280,55312,306000000,1728000
1791127915.3342,4960,1288,55343,306000000,1728000
1791127915.3843,4960,1280,55281,306000000,1728000
1791127915.4344,4960,1272,55437,306000000,1728000
1791127915.4845,4960,1280,55218,306000000,1728000
1791127915.5345,4960,1280,55312,306000000,1728000
1791127915.5846,4960,1272,55250,306000000,1728000
1791127915.6347,4960,1272,55312,306000000,1728000
1791127915.6848,4960,1264,55187,306000000,1728000
1791127915.7349,4960,1264,55312,306000000,1728000
1791127915.7850,4960,1264,55343,306000000,1728000
1791127915.8351,4960,1272,55343,306000000,1267200
1791127915.8852,4960,1272,55375,306000000,1728000
1791127915.9353,4960,1280,55250,306000000,1728000
1791127915.9853,4960,1280,55281,306000000,1728000
1791127916.0354,4960,1280,55187,306000000,1728000
1791127916.0855,4960,1272,55250,306000000,1728000
1791127916.1356,4960,1272,55250,306000000,1728000
1791127916.1857,4960,1272,55250,306000000,1728000
1791127916.2358,4960,1272,55437,306000000,1728000
1791127916.2858,4960,1264,55218,306000000,1728000
1791127916.3359,4960,1264,55343,306000000,1728000
1791127916.3860,4960,1272,55343,306000000,1728000
1791127916.4361,4960,1280,55375,306000000,1728000
1791127916.4862,4960,1280,55250,306000000,1728000
1791127916.5363,4960,1272,55343,306000000,1728000
1791127916.5864,4960,1272,55250,306000000,1728000
1791127916.6364,4960,1272,55281,306000000,1728000
1791127916.6865,4960,1272,55375,306000000,1728000
1791127916.7366,4960,1264,55218,306000000,1728000
1791127916.7867,4960,1264,55312,306000000,1728000
1791127916.8368,4960,1272,55281,306000000,1728000
1791127916.8869,4960,1256,55250,306000000,1728000
1791127916.9369,4960,1272,55218,306000000,1728000
1791127916.9872,4960,1280,55312,306000000,1728000
1791127917.0373,4960,1280,55156,306000000,1728000
1791127917.0873,4960,1280,55312,306000000,1728000
1791127917.1374,4960,1280,55500,306000000,1728000
1791127917.1875,4960,1272,55250,306000000,1728000
1791127917.2376,4960,1272,55375,306000000,1728000
1791127917.2877,4960,1272,55312,306000000,1728000
1791127917.3377,4960,1264,55437,306000000,1728000
1791127917.3878,4960,1264,55250,306000000,1728000
1791127917.4379,4960,1272,55343,306000000,1728000
1791127917.4880,4960,1264,55312,306000000,1728000
1791127917.5381,4960,1280,55343,306000000,1728000
1791127917.5882,4960,1280,55375,306000000,1728000
1791127917.6383,4960,1288,55281,306000000,1728000
1791127917.6883,4960,1280,55406,306000000,1728000
1791127917.7384,4960,1272,55343,306000000,1728000
1791127917.7885,4960,1272,55406,306000000,1728000
1791127917.8386,4960,1272,55218,306000000,1728000
1791127917.8886,4960,1272,55343,306000000,1728000
1791127917.9387,4960,1272,55187,306000000,1728000
1791127917.9888,4960,1272,55250,306000000,1728000
1791127918.0389,4960,1264,55437,306000000,1728000
1791127918.0890,4960,1280,55312,306000000,1728000
1791127918.1391,4960,1280,55500,306000000,1728000
1791127918.1891,4960,1272,55312,306000000,1728000
1791127918.2392,4960,1280,55343,306000000,1728000
1791127918.2893,4960,1272,55218,306000000,1728000
1791127918.3394,4960,1272,55312,306000000,1728000
1791127918.3895,4960,1272,55312,306000000,1728000
1791127918.4396,4960,1272,55343,306000000,1728000
1791127918.4896,4960,1272,55281,306000000,1728000
1791127918.5397,4960,1272,55187,306000000,1728000
1791127918.5898,4960,1280,55312,306000000,1728000
1791127918.6399,4960,1280,55218,306000000,1728000
1791127918.6900,4960,1288,55343,306000000,1728000
1791127918.7401,4960,1288,55250,306000000,1728000
1791127918.7902,4960,1288,55281,306000000,1728000
1791127918.8402,4960,1280,55312,306000000,1728000
1791127918.8903,4960,1272,55312,306000000,1728000
1791127918.9404,4960,1280,55250,306000000,1728000
1791127918.9905,4960,1272,55281,306000000,1728000
1791127919.0406,4960,1272,55468,306000000,1728000
1791127919.0906,4960,1272,55218,306000000,1728000
1791127919.1407,4960,1264,55312,306000000,1728000
1791127919.1908,4960,1272,55250,306000000,1728000
1791127919.2409,4960,1280,55343,306000000,1728000
1791127919.2910,4960,1280,55218,306000000,1728000
1791127919.3411,4960,1272,55312,306000000,1728000
1791127919.3912,4960,1280,55218,306000000,1728000
1791127919.4413,4960,1272,55343,306000000,1728000
1791127919.4913,4960,1272,55375,306000000,1728000
1791127919.5414,4960,1272,55312,306000000,1728000
1791127919.5915,4960,1272,55437,306000000,1728000
1791127919.6416,4960,1272,55250,306000000,1728000
1791127919.6917,4960,1272,55406,306000000,1728000
1791127919.7418,4960,1272,55250,306000000,1728000
1791127919.7919,4960,1288,55375,306000000,1728000
1791127919.8420,4960,1288,55312,306000000,1728000
1791127919.8920,4960,1288,55281,306000000,1728000
1791127919.9421,4960,1280,55406,306000000,1728000
1791127919.9922,4960,1280,55250,306000000,1728000
1791127920.0423,4960,1288,55500,306000000,1728000
1791127920.0924,4960,1288,55312,306000000,1728000
1791127920.1424,4960,1280,55312,306000000,1728000
1791127920.1925,4960,1280,55250,306000000,1728000
1791127920.2426,4960,1280,55343,306000000,1728000
1791127920.2927,4960,1280,55187,306000000,1728000
1791127920.3428,4960,1288,55375,306000000,1728000
1791127920.3929,4960,1288,55375,306000000,1728000
1791127920.4430,4960,1288,55250,306000000,1728000
1791127920.4930,4960,1280,55406,306000000,1728000
1791127920.5431,4960,1288,55343,306000000,1728000
1791127920.5932,4960,1280,55312,306000000,1728000
1791127920.6433,4960,1280,55250,306000000,1728000
1791127920.6934,4960,1280,55281,306000000,1728000
1791127920.7435,4960,1280,55312,306000000,1728000
1791127920.7935,4960,1280,55312,306000000,1728000
1791127920.8436,4960,1272,55156,306000000,1267200
1791127920.8937,4960,1288,55281,306000000,1728000
1791127920.9438,4960,1288,55343,306000000,1728000
1791127920.9939,4960,1280,55250,306000000,1728000
1791127921.0440,4960,1272,55312,306000000,1728000
1791127921.0940,4960,1272,55187,306000000,1728000
1791127921.1441,4960,1264,55281,306000000,1728000
1791127921.1942,4960,1264,55218,306000000,1728000
1791127921.2443,4960,1280,55312,306000000,1728000
1791127921.2944,4960,1288,55437,306000000,1728000
1791127921.3445,4960,1296,55281,306000000,1728000
1791127921.3946,4960,1304,55468,306000000,1728000
1791127921.4447,4960,1320,55250,306000000,1728000
1791127921.4947,4960,1320,55343,306000000,1728000
1791127921.5448,4960,1320,55187,306000000,1728000
1791127921.5949,4960,1320,55250,306000000,1728000
1791127921.6450,4960,1320,55218,306000000,1728000
1791127921.6951,4960,1312,55281,306000000,1728000
1791127921.7452,4960,1304,55437,306000000,1728000
1791127921.7952,4960,1304,55250,306000000,1728000
1791127921.8453,4960,1304,55406,306000000,1728000
1791127921.8954,4960,1296,55218,306000000,1728000
1791127921.9455,4960,1288,55437,306000000,1728000
1791127921.9956,4960,1304,55187,306000000,1728000
1791127922.0457,4960,1304,55250,306000000,1728000
1791127922.0958,4960,1296,55250,306000000,1728000
1791127922.1459,4960,1296,55281,306000000,1728000
1791127922.1959,4960,1288,55218,306000000,1728000
1791127922.2460,4960,1280,55218,306000000,1728000
1791127922.2961,4960,1288,55375,306000000,1728000
1791127922.3462,4960,1280,55281,306000000,1728000
1791127922.3963,4960,1280,55437,306000000,1728000
1791127922.4463,4960,1280,55250,306000000,1728000
1791127922.4964,4960,1280,55250,306000000,1728000
1791127922.5465,4960,1280,55218,306000000,1420800
1791127922.5966,4960,1288,55437,306000000,1728000
1791127922.6467,4960,1288,55187,306000000,1728000
1791127922.6968,4960,1280,55312,306000000,1728000
1791127922.7469,4960,1280,55437,306000000,1728000
1791127922.7970,4960,1280,55250,306000000,1728000
1791127922.8470,4960,1272,55281,306000000,1728000
1791127922.8971,4960,1272,55218,306000000,1728000
1791127922.9472,4960,1280,55375,306000000,1728000
1791127922.9973,4960,1280,55250,306000000,1728000
1791127923.0474,4960,1272,55250,306000000,1728000
1791127923.0975,4960,1280,55281,306000000,1728000
1791127923.1476,4960,1288,55281,306000000,1728000
1791127923.1977,4960,1280,55437,306000000,1728000
1791127923.2478,4960,1280,55343,306000000,1728000
1791127923.2979,4960,1280,55343,306000000,1728000
1791127923.3479,4960,1280,55250,306000000,1728000
1791127923.3980,4960,1272,55312,306000000,1728000
1791127923.4481,4960,1280,55281,306000000,1728000
1791127923.4982,4960,1272,55187,306000000,1728000
1791127923.5483,4960,1264,55281,306000000,1728000
1791127923.5983,4960,1272,55218,306000000,1728000
1791127923.6484,4960,1272,55468,306000000,1267200
1791127923.6985,4960,1280,55281,306000000,1344000
1791127923.7486,4960,1280,55406,306000000,1728000
1791127923.7987,4960,1280,55187,306000000,1728000
1791127923.8488,4960,1272,55250,306000000,1728000
1791127923.8989,4960,1272,55281,306000000,1728000
1791127923.9490,4960,1272,55375,306000000,1728000
1791127923.9991,4960,1272,55250,306000000,1728000
1791127924.0492,4960,1264,55281,306000000,1728000
1791127924.0992,4960,1272,55406,306000000,1728000
1791127924.1493,4960,1272,55218,306000000,1728000
1791127924.1994,4960,1264,55312,306000000,1728000
1791127924.2495,4960,1280,55250,306000000,1728000
1791127924.2996,4960,1280,55312,306000000,1728000
1791127924.3497,4960,1272,55156,306000000,1728000
1791127924.3998,4960,1280,55312,306000000,1728000
1791127924.4498,4960,1280,55187,306000000,1728000
1791127924.4999,4960,1272,55312,306000000,1728000
1791127924.5500,4960,1272,55375,306000000,1728000
1791127924.6001,4960,1272,55218,306000000,1728000
1791127924.6502,4960,1264,55281,306000000,1728000
1791127924.7003,4960,1272,55312,306000000,1728000
1791127924.7504,4960,1272,55343,306000000,1728000
1791127924.8005,4960,1280,55218,306000000,1344000
1791127924.8506,4960,1288,55250,306000000,1728000
1791127924.9007,4960,1296,55312,306000000,1728000
1791127924.9507,4960,1280,55343,306000000,1728000
1791127925.0008,4960,1280,55437,306000000,1728000
1791127925.0509,4960,1288,55281,306000000,1728000
1791127925.1010,4960,1280,55312,306000000,1728000
1791127925.1511,4960,1280,55312,306000000,1728000
1791127925.2011,4960,1280,55437,306000000,1728000
1791127925.2512,4960,1280,55312,306000000,1728000
1791127925.3013,4960,1280,55281,306000000,1728000
1791127925.3514,4960,1288,55218,306000000,1728000
1791127925.4015,4960,1296,55375,306000000,1728000
1791127925.4516,4960,1288,55250,306000000,1728000
1791127925.5017,4960,1288,55218,306000000,1728000
1791127925.5518,4960,1288,55437,306000000,1728000
1791127925.6019,4960,1288,55281,306000000,1728000
1791127925.6519,4960,1280,55343,306000000,1728000
1791127925.7020,4960,1280,55218,306000000,1728000
1791127925.7521,4960,1280,55281,306000000,1728000
1791127925.8022,4960,1272,55343,306000000,1728000
1791127925.8523,4960,1272,55312,306000000,1728000
1791127925.9024,4960,1280,55218,306000000,1728000
1791127925.9525,4960,1288,55343,306000000,1728000
1791127926.0026,4960,1280,55406,306000000,1728000
1791127926.0526,4960,1280,55218,306000000,1728000
1791127926.1027,4960,1280,55375,306000000,1728000
1791127926.1528,4960,1272,55250,306000000,1728000
1791127926.2029,4960,1280,55281,306000000,1728000
1791127926.2530,4960,1280,55312,306000000,1728000
1791127926.3031,4960,1280,55343,306000000,1728000
1791127926.3532,4960,1280,55218,306000000,1728000
1791127926.4033,4960,1280,55281,306000000,1728000
1791127926.4534,4960,1280,55437,306000000,1344000
1791127926.5035,4960,1288,55312,306000000,1728000
1791127926.5535,4960,1296,55343,306000000,1728000
1791127926.6036,4960,1296,55312,306000000,1728000
1791127926.6537,4960,1288,55343,306000000,1728000
1791127926.7038,4960,1288,55156,306000000,1728000
1791127926.7539,4960,1288,55312,306000000,1728000
1791127926.8040,4960,1272,55125,306000000,1728000
1791127926.8541,4960,1280,55250,306000000,1728000
1791127926.9041,4960,1280,55468,306000000,1728000
1791127926.9542,4960,1272,55250,306000000,1728000
1791127927.0043,4960,1272,55406,306000000,1344000
1791127927.0544,4960,1296,55218,306000000,1728000
1791127927.1045,4960,1288,55406,306000000,1728000
1791127927.1546,4960,1280,55281,306000000,1728000
1791127927.2047,4960,1280,55281,306000000,1728000
1791127927.2547,4960,1280,55250,306000000,1728000
1791127927.3048,4960,1280,55312,306000000,1728000
1791127927.3549,4960,1280,55437,306000000,1728000
1791127927.4050,4960,1280,55250,306000000,1728000
1791127927.4551,4960,1280,55312,306000000,1728000
1791127927.5052,4960,1272,55312,306000000,1728000
1791127927.5553,4960,1272,55437,306000000,1728000
1791127927.6054,4960,1280,55312,306000000,1728000
1791127927.6555,4960,1280,55281,306000000,1728000
1791127927.7056,4960,1280,55218,306000000,1728000
1791127927.7557,4960,1272,55437,306000000,1728000
1791127927.8057,4960,1272,55437,306000000,1728000
1791127927.8558,4960,1280,55218,306000000,1728000
1791127927.9059,4960,1272,55406,306000000,1728000
1791127927.9560,4960,1272,55281,306000000,1728000
1791127928.0061,4960,1272,55375,306000000,1728000
1791127928.0562,4960,1280,55281,306000000,1728000
1791127928.1062,4960,1272,55281,306000000,1728000
1791127928.1563,4960,1280,55218,306000000,1267200
1791127928.2064,4960,1288,55343,306000000,1728000
1791127928.2565,4960,1288,55250,306000000,1728000
1791127928.3066,4960,1280,55250,306000000,1728000
1791127928.3567,4960,1280,55500,306000000,1728000
1791127928.4068,4960,1272,55187,306000000,1728000
1791127928.4569,4960,1280,55406,306000000,1728000
1791127928.5070,4960,1280,55281,306000000,1728000
1791127928.5570,4960,1272,55343,306000000,1728000
1791127928.6071,4960,1272,55218,306000000,1728000
1791127928.6572,4960,1280,55406,306000000,1728000
1791127928.7073,4960,1288,55250,306000000,1344000
1791127928.7574,4960,1288,55312,306000000,1728000
1791127928.8075,4960,1288,55343,306000000,1728000
1791127928.8576,4960,1288,55218,306000000,1728000
1791127928.9077,4960,1280,55406,306000000,1728000
1791127928.9578,4960,1280,55250,306000000,1728000
1791127929.0078,4960,1280,55406,306000000,1728000
1791127929.0579,4960,1280,55250,306000000,1728000
1791127929.1080,4960,1272,55375,306000000,1728000
1791127929.1581,4960,1272,55250,306000000,1728000
1791127929.2082,4960,1272,55250,306000000,1728000
1791127929.2583,4960,1272,55406,306000000,1728000
1791127929.3084,4960,1280,55343,306000000,1728000
1791127929.3585,4960,1288,55437,306000000,1728000
1791127929.4085,4960,1280,55218,306000000,1728000
1791127929.4586,4960,1272,55375,306000000,1728000
1791127929.5087,4960,1272,55187,306000000,1728000
1791127929.5588,4960,1272,55343,306000000,1728000
1791127929.6088,4960,1264,55187,306000000,1728000
1791127929.6589,4960,1272,55312,306000000,1728000
1791127929.7090,4960,1264,55468,306000000,1728000
1791127929.7590,4960,1264,55343,306000000,1728000
1791127929.8091,4960,1272,55406,306000000,1728000
1791127929.8592,4960,1280,55343,306000000,1420800
1791127929.9093,4960,1280,55437,306000000,1728000
1791127929.9594,4960,1280,55250,306000000,1728000
1791127930.0095,4960,1280,55281,306000000,1728000
1791127930.0595,4960,1272,55250,306000000,1728000
1791127930.1096,4960,1272,55250,306000000,1728000
1791127930.1597,4960,1280,55437,306000000,1728000
1791127930.2098,4960,1272,55375,306000000,1728000
1791127930.2599,4960,1272,55437,306000000,1728000
1791127930.3100,4960,1280,55312,306000000,1728000
1791127930.3601,4960,1280,55500,306000000,1728000
1791127930.4102,4960,1280,55187,306000000,1728000
1791127930.4603,4960,1288,55375,306000000,1728000
1791127930.5103,4960,1288,55218,306000000,1728000
1791127930.5604,4960,1280,55312,306000000,1728000
1791127930.6105,4960,1280,55468,306000000,1728000
1791127930.6606,4960,1280,55218,306000000,1728000
1791127930.7107,4960,1272,55406,306000000,1728000
1791127930.7608,4960,1272,55281,306000000,1728000
1791127930.8109,4960,1272,55406,306000000,1728000
1791127930.8610,4960,1272,55218,306000000,1728000
1791127930.9111,4960,1264,55375,306000000,1728000
1791127930.9612,4960,1288,55218,306000000,1728000
1791127931.0113,4960,1296,55281,306000000,1728000
1791127931.0613,4960,1280,55437,306000000,1728000
1791127931.1114,4960,1280,55281,306000000,1728000
1791127931.1615,4960,1280,55343,306000000,1728000
1791127931.2116,4960,1272,55281,306000000,1728000
1791127931.2617,4960,1280,55343,306000000,1728000
1791127931.3117,4960,1280,55250,306000000,1728000
1791127931.3618,4960,1272,55312,306000000,1728000
1791127931.4119,4960,1272,55343,306000000,1728000
1791127931.4620,4960,1272,55375,306000000,1728000
1791127931.5121,4960,1272,55187,306000000,1728000
1791127931.5622,4960,1288,55281,306000000,1728000
1791127931.6123,4960,1288,55437,306000000,1728000
1791127931.6624,4960,1288,55250,306000000,1728000
1791127931.7125,4960,1280,55343,306000000,1728000
1791127931.7625,4960,1272,55250,306000000,1728000
1791127931.8126,4960,1272,55250,306000000,1728000
1791127931.8627,4960,1272,55281,306000000,1728000
1791127931.9128,4960,1272,55375,306000000,1728000
1791127931.9628,4960,1264,55343,306000000,1728000
1791127932.0129,4960,1272,55281,306000000,1728000
1791127932.0630,4960,1264,55437,306000000,1267200
1791127932.1132,4960,1280,55406,306000000,1728000
1791127932.1632,4960,1280,55437,306000000,1728000
1791127932.2133,4960,1280,55187,306000000,1728000
1791127932.2634,4960,1280,55406,306000000,1728000
1791127932.3135,4960,1280,55375,306000000,1728000
1791127932.3636,4960,1280,55312,306000000,1728000
1791127932.4137,4960,1280,55250,306000000,1728000
1791127932.4638,4960,1280,55250,306000000,1728000
1791127932.5139,4960,1280,55500,306000000,1728000
1791127932.5640,4960,1280,55218,306000000,1728000
1791127932.6141,4960,1272,55437,306000000,1728000
1791127932.6641,4960,1296,55250,306000000,1267200
1791127932.7142,4960,1288,55375,306000000,1728000
1791127932.7643,4960,1280,55218,306000000,1728000
1791127932.8144,4960,1280,55343,306000000,1728000
1791127932.8645,4960,1272,55250,306000000,1728000
1791127932.9146,4960,1272,55281,306000000,1728000
1791127932.9646,4960,1272,55468,306000000,1728000
1791127933.0147,4960,1272,55218,306000000,1728000
1791127933.0648,4960,1264,55343,306000000,1728000
1791127933.1149,4960,1272,55218,306000000,1728000
1791127933.1650,4960,1272,55281,306000000,1728000
1791127933.2152,4960,1272,55187,306000000,1574400
1791127933.2653,4960,1272,55406,306000000,1728000
1791127933.3154,4960,1272,55281,306000000,1728000
1791127933.3655,4960,1264,55312,306000000,1728000
1791127933.4156,4960,1288,55250,306000000,1728000
1791127933.4657,4960,1296,55343,306000000,1728000
1791127933.5157,4960,1304,55375,306000000,1728000
1791127933.5658,4960,1320,55281,306000000,1728000
1791127933.6159,4960,1320,55406,306000000,1728000
1791127933.6660,4960,1320,55218,306000000,1728000
1791127933.7161,4960,1320,55312,306000000,1728000
1791127933.7662,4960,1328,55281,306000000,1728000
1791127933.8163,4960,1336,55343,306000000,1728000
1791127933.8664,4960,1320,55281,306000000,1728000
1791127933.9164,4960,1320,55343,306000000,1728000
1791127933.9665,4960,1312,55500,306000000,1728000
1791127934.0166,4960,1312,55250,306000000,1728000
1791127934.0667,4960,1304,55375,306000000,1728000
1791127934.1167,4960,1296,55281,306000000,1728000
1791127934.1668,4960,1296,55218,306000000,1728000
1791127934.2169,4960,1296,55281,306000000,1728000
1791127934.2670,4960,1288,55281,306000000,1728000
1791127934.3171,4960,1296,55312,306000000,1497600
1791127934.3672,4960,1296,55312,306000000,1728000
1791127934.4173,4960,1288,55437,306000000,1728000
1791127934.4673,4960,1288,55312,306000000,1728000
1791127934.5174,4960,1288,55468,306000000,1728000
1791127934.5675,4960,1280,55218,306000000,1728000
1791127934.6176,4960,1280,55343,306000000,1728000
1791127934.6677,4960,1280,55250,306000000,1728000
1791127934.7178,4960,1272,55281,306000000,1728000
1791127934.7678,4960,1280,55250,306000000,1728000
1791127934.8179,4960,1280,55281,306000000,1728000
1791127934.8680,4960,1280,55468,306000000,1728000
1791127934.9181,4960,1288,55343,306000000,1728000
1791127934.9682,4960,1288,55375,306000000,1728000
1791127935.0183,4960,1288,55281,306000000,1728000
1791127935.0684,4960,1280,55281,306000000,1728000
1791127935.1185,4960,1288,55281,306000000,1728000
1791127935.1685,4960,1288,55281,306000000,1728000
1791127935.2186,4960,1280,55250,306000000,1728000
1791127935.2687,4960,1280,55312,306000000,1728000
1791127935.3188,4960,1280,55468,306000000,1728000
1791127935.3689,4960,1280,55281,306000000,1728000
1791127935.4190,4960,1280,55406,306000000,1267200
1791127935.4691,4960,1288,55250,306000000,1267200
1791127935.5192,4960,1288,55375,306000000,1728000
1791127935.5692,4960,1280,55281,306000000,1728000
1791127935.6193,4960,1280,55406,306000000,1728000
1791127935.6694,4960,1280,55250,306000000,1728000
1791127935.7195,4960,1280,55281,306000000,1728000
1791127935.7696,4960,1280,55468,306000000,1728000
1791127935.8196,4960,1288,55281,306000000,1728000
1791127935.8697,4960,1280,55500,306000000,1728000
1791127935.9198,4960,1272,55343,306000000,1728000
1791127935.9699,4960,1280,55406,306000000,1728000
1791127936.0200,4960,1288,55218,306000000,1728000
1791127936.0701,4960,1288,55406,306000000,1728000
1791127936.1202,4960,1288,55250,306000000,1728000
1791127936.1703,4960,1280,55406,306000000,1728000
1791127936.2203,4960,1280,55437,306000000,1728000
1791127936.2704,4960,1272,55312,306000000,1728000
1791127936.3205,4960,1272,55406,306000000,1728000
1791127936.3706,4960,1272,55218,306000000,1728000
1791127936.4207,4960,1272,55437,306000000,1728000
1791127936.4707,4960,1272,55312,306000000,1728000
1791127936.5208,4960,1264,55312,306000000,1728000
1791127936.5709,4960,1280,55281,306000000,1728000
1791127936.6210,4960,1288,55406,306000000,1728000
1791127936.6711,4960,1280,55531,306000000,1728000
1791127936.7212,4960,1280,55281,306000000,1728000
1791127936.7713,4960,1280,55437,306000000,1728000
1791127936.8214,4960,1280,55375,306000000,1728000
1791127936.8715,4960,1280,55437,306000000,1728000
1791127936.9216,4960,1272,55281,306000000,1728000
1791127936.9716,4960,1272,55312,306000000,1728000
1791127937.0217,4960,1272,55375,306000000,1728000
1791127937.0718,4960,1264,55406,306000000,1728000
1791127937.1219,4960,1280,55250,306000000,1728000
1791127937.1720,4960,1288,55281,306000000,1728000
1791127937.2221,4960,1280,55468,306000000,1728000
1791127937.2721,4960,1280,55281,306000000,1728000
1791127937.3222,4960,1280,55437,306000000,1728000
1791127937.3723,4960,1272,55218,306000000,1728000
1791127937.4224,4960,1272,55375,306000000,1728000
1791127937.4725,4960,1272,55250,306000000,1728000
1791127937.5226,4960,1272,55312,306000000,1728000
1791127937.5726,4960,1272,55312,306000000,1728000
1791127937.6227,4960,1272,55312,306000000,1728000
1791127937.6728,4960,1288,55500,306000000,1728000
1791127937.7229,4960,1288,55281,306000000,1728000
1791127937.7730,4960,1280,55437,306000000,1728000
1791127937.8231,4960,1288,55281,306000000,1728000
1791127937.8732,4960,1280,55312,306000000,1728000
1791127937.9233,4960,1280,55281,306000000,1728000
1791127937.9733,4960,1280,55406,306000000,1728000
1791127938.0234,4960,1280,55312,306000000,1728000
1791127938.0735,4960,1272,55281,306000000,1728000
1791127938.1236,4960,1272,55468,306000000,1728000
1791127938.1737,4960,1264,55281,306000000,1728000
1791127938.2237,4960,1272,55468,306000000,1728000
1791127938.2739,4960,1288,55281,306000000,1267200
1791127938.3239,4960,1272,55375,306000000,1728000
1791127938.3740,4960,1280,55218,306000000,1728000
1791127938.4241,4960,1280,55343,306000000,1728000
1791127938.4742,4960,1280,55218,306000000,1728000
1791127938.5243,4960,1272,55375,306000000,1728000
1791127938.5743,4960,1272,55437,306000000,1728000
1791127938.6244,4960,1272,55406,306000000,1728000
1791127938.6745,4960,1264,55437,306000000,1728000
1791127938.7246,4960,1272,55281,306000000,1728000
1791127938.7747,4960,1272,55437,306000000,1113600
1791127938.8248,4960,1280,55250,306000000,1728000
1791127938.8749,4960,1280,55343,306000000,1728000
1791127938.9249,4960,1280,55281,306000000,1728000
1791127938.9750,4960,1280,55375,306000000,1728000
1791127939.0251,4960,1272,55437,306000000,1728000
1791127939.0752,4960,1272,55343,306000000,1728000
1791127939.1252,4960,1280,55406,306000000,1728000
1791127939.1753,4960,1272,55250,306000000,1728000
1791127939.2254,4960,1272,55312,306000000,1728000
1791127939.2755,4960,1272,55281,306000000,1728000
1791127939.3256,4960,1272,55281,306000000,1728000
1791127939.3756,4960,1280,55312,306000000,1728000
1791127939.4257,4960,1288,55406,306000000,1728000
1791127939.4758,4960,1280,55468,306000000,1728000
1791127939.5259,4960,1272,55218,306000000,1728000
1791127939.5760,4960,1280,55437,306000000,1728000
1791127939.6261,4960,1280,55281,306000000,1728000
1791127939.6762,4960,1272,55437,306000000,1728000
1791127939.7263,4960,1272,55312,306000000,1728000
1791127939.7764,4960,1280,55312,306000000,1728000
1791127939.8265,4960,1280,55312,306000000,1728000
1791127939.8766,4960,1272,55218,306000000,1728000
1791127939.9267,4960,1280,55218,306000000,1267200
1791127939.9767,4960,1280,55281,306000000,1728000
1791127940.0268,4960,1280,55437,306000000,1728000
1791127940.0769,4960,1280,55312,306000000,1728000
1791127940.1270,4960,1272,55437,306000000,1728000
1791127940.1771,4960,1272,55250,306000000,1728000
1791127940.2272,4960,1272,55375,306000000,1728000
1791127940.2772,4960,1272,55250,306000000,1728000
1791127940.3273,4960,1264,55343,306000000,1728000
1791127940.3774,4960,1272,55281,306000000,1728000
1791127940.4275,4960,1264,55250,306000000,1728000
1791127940.4776,4960,1264,55406,306000000,1728000
1791127940.5277,4960,1280,55218,306000000,1728000
1791127940.5778,4960,1280,55468,306000000,1728000
1791127940.6279,4960,1272,55312,306000000,1728000
1791127940.6780,4960,1272,55343,306000000,1728000
1791127940.7280,4960,1272,55218,306000000,1728000
1791127940.7781,4960,1272,55312,306000000,1728000
1791127940.8282,4960,1272,55156,306000000,1728000
1791127940.8783,4960,1272,55250,306000000,1728000
1791127940.9284,4960,1272,55406,306000000,1728000
1791127940.9785,4960,1272,55250,306000000,1728000
1791127941.0286,4960,1288,55406,306000000,1728000
1791127941.0787,4960,1296,55312,306000000,1728000
1791127941.1288,4960,1296,55312,306000000,1344000
1791127941.1788,4960,1296,55281,306000000,1728000
1791127941.2289,4960,1288,55375,306000000,1728000
1791127941.2790,4960,1288,55250,306000000,1728000
1791127941.3291,4960,1288,55312,306000000,1728000
1791127941.3792,4960,1288,55406,306000000,1728000
1791127941.4293,4960,1280,55312,306000000,1728000
1791127941.4794,4960,1288,55343,306000000,1728000
1791127941.5294,4960,1280,55250,306000000,1728000
1791127941.5795,4960,1280,55375,306000000,1728000
1791127941.6297,4960,1296,55250,306000000,1728000
1791127941.6797,4960,1296,55375,306000000,1728000
1791127941.7298,4960,1288,55250,306000000,1728000
1791127941.7799,4960,1288,55343,306000000,1728000
1791127941.8300,4960,1288,55468,306000000,1728000
1791127941.8800,4960,1280,55343,306000000,1728000
1791127941.9301,4960,1280,55437,306000000,1728000
1791127941.9802,4960,1288,55343,306000000,1728000
1791127942.0303,4960,1280,55343,306000000,1728000
1791127942.0804,4960,1280,55187,306000000,1728000
1791127942.1304,4960,1280,55406,306000000,1728000
1791127942.1805,4960,1296,55250,306000000,1728000
1791127942.2306,4960,1288,55375,306000000,1728000
1791127942.2807,4960,1288,55343,306000000,1728000
1791127942.3308,4960,1288,55187,306000000,1728000
1791127942.3809,4960,1280,55468,306000000,1728000
1791127942.4310,4960,1280,55218,306000000,1728000
1791127942.4811,4960,1280,55375,306000000,1728000
1791127942.5311,4960,1272,55218,306000000,1728000
1791127942.5812,4960,1272,55343,306000000,1728000
1791127942.6313,4960,1280,55250,306000000,1728000
1791127942.6814,4960,1280,55375,306000000,1728000
1791127942.7315,4960,1288,55218,306000000,1728000
1791127942.7816,4960,1288,55281,306000000,1728000
1791127942.8317,4960,1288,55406,306000000,1728000
1791127942.8818,4960,1280,55250,306000000,1728000
1791127942.9319,4960,1280,55406,306000000,1728000
1791127942.9819,4960,1280,55218,306000000,1728000
1791127943.0320,4960,1280,55343,306000000,1728000
1791127943.0821,4960,1272,55281,306000000,1728000
1791127943.1322,4960,1272,55281,306000000,1728000
1791127943.1823,4960,1272,55250,306000000,1728000
1791127943.2323,4960,1272,55281,306000000,1728000
1791127943.2824,4960,1280,55406,306000000,1728000
1791127943.3325,4960,1288,55281,306000000,1728000
1791127943.3826,4960,1280,55437,306000000,1728000
1791127943.4327,4960,1280,55218,306000000,1728000
1791127943.4828,4960,1280,55281,306000000,1728000
1791127943.5328,4960,1272,55250,306000000,1728000
1791127943.5829,4960,1272,55312,306000000,1728000
1791127943.6330,4960,1272,55312,306000000,1728000
1791127943.6831,4960,1272,55250,306000000,1728000
1791127943.7332,4960,1264,55531,306000000,1728000
1791127943.7833,4960,1272,55218,306000000,1728000
1791127943.8334,4960,1280,55406,306000000,1728000
1791127943.8835,4960,1288,55312,306000000,1728000
1791127943.9336,4960,1280,55218,306000000,1728000
1791127943.9837,4960,1280,55312,306000000,1728000
1791127944.0337,4960,1272,55343,306000000,1728000
1791127944.0838,4960,1272,55156,306000000,1728000
1791127944.1339,4960,1272,55281,306000000,1728000
1791127944.1840,4960,1272,55468,306000000,1728000
1791127944.2341,4960,1264,55343,306000000,1728000
1791127944.2842,4960,1272,55437,306000000,1728000
1791127944.3343,4960,1272,55250,306000000,1728000
1791127944.3843,4960,1272,55312,306000000,1728000
1791127944.4344,4960,1280,55187,306000000,1728000
1791127944.4845,4960,1280,55312,306000000,1728000
1791127944.5346,4960,1272,55250,306000000,1728000
1791127944.5847,4960,1272,55218,306000000,1728000
1791127944.6348,4960,1272,55468,306000000,1728000
1791127944.6849,4960,1272,55250,306000000,1728000
1791127944.7350,4960,1272,55437,306000000,1728000
1791127944.7851,4960,1272,55250,306000000,1728000
1791127944.8351,4960,1272,55281,306000000,1728000
1791127944.8852,4960,1272,55312,306000000,1728000
1791127944.9353,4960,1272,55343,306000000,1267200
1791127944.9854,4960,1288,55218,306000000,1344000
1791127945.0355,4960,1280,55281,306000000,1728000
1791127945.0856,4960,1280,55437,306000000,1728000
1791127945.1357,4960,1280,55281,306000000,1728000
1791127945.1858,4960,1288,55437,306000000,1728000
1791127945.2358,4960,1280,55312,306000000,1728000
1791127945.2859,4960,1272,55375,306000000,1728000
1791127945.3360,4960,1272,55218,306000000,1728000
1791127945.3861,4960,1272,55312,306000000,1728000
1791127945.4362,4960,1272,55281,306000000,1728000
1791127945.4863,4960,1272,55343,306000000,1267200
1791127945.5364,4960,1288,55187,306000000,1728000
1791127945.5865,4960,1280,55312,306000000,1728000
1791127945.6365,4960,1280,55406,306000000,1728000
1791127945.6866,4960,1280,55281,306000000,1728000
1791127945.7367,4960,1272,55375,306000000,1728000
1791127945.7868,4960,1272,55250,306000000,1728000
1791127945.8369,4960,1280,55312,306000000,1728000
1791127945.8869,4960,1272,55250,306000000,1728000
1791127945.9370,4960,1272,55281,306000000,1728000
1791127945.9871,4960,1272,55125,306000000,1728000
1791127946.0372,4960,1272,55281,306000000,1728000
1791127946.0873,4960,1280,55500,306000000,1728000
1791127946.1374,4960,1288,55281,306000000,1728000
1791127946.1875,4960,1280,55468,306000000,1728000
1791127946.2375,4960,1280,55218,306000000,1728000
1791127946.2876,4960,1280,55343,306000000,1728000
1791127946.3377,4960,1272,55187,306000000,1728000
1791127946.3878,4960,1272,55281,306000000,1728000
1791127946.4378,4960,1280,55218,306000000,1728000
1791127946.4879,4960,1280,55343,306000000,1728000
1791127946.5380,4960,1272,55375,306000000,1728000
1791127946.5881,4960,1272,55343,306000000,1728000
1791127946.6382,4960,1280,55468,306000000,1728000
1791127946.6883,4960,1288,55218,306000000,1728000
1791127946.7384,4960,1280,55343,306000000,1728000
1791127946.7884,4960,1280,55156,306000000,1728000
1791127946.8385,4960,1288,55406,306000000,1728000
1791127946.8886,4960,1280,55187,306000000,1728000
1791127946.9387,4960,1280,55312,306000000,1728000
1791127946.9888,4960,1280,55500,306000000,1728000
1791127947.0388,4960,1280,55312,306000000,1728000
1791127947.0889,4960,1272,55468,306000000,1728000
1791127947.1390,4960,1280,55281,306000000,1728000
1791127947.1891,4960,1288,55375,306000000,1728000
1791127947.2393,4960,1288,55281,306000000,1728000
1791127947.2893,4960,1288,55343,306000000,1728000
1791127947.3394,4960,1288,55218,306000000,1728000
1791127947.3895,4960,1280,55187,306000000,1728000
1791127947.4396,4960,1280,55531,306000000,1728000
1791127947.4896,4960,1280,55250,306000000,1728000
1791127947.5397,4960,1272,55437,306000000,1728000
1791127947.5898,4960,1272,55187,306000000,1728000
1791127947.6398,4960,1272,55281,306000000,1728000
1791127947.6899,4960,1264,55281,306000000,1728000
1791127947.7400,4960,1272,55343,306000000,1728000
1791127947.7901,4960,1288,55218,306000000,1728000
1791127947.8402,4960,1280,55312,306000000,1728000
1791127947.8903,4960,1272,55187,306000000,1728000
1791127947.9404,4960,1272,55406,306000000,1728000
1791127947.9904,4960,1272,55468,306000000,1728000
1791127948.0405,4960,1272,55250,306000000,1728000
1791127948.0906,4960,1264,55406,306000000,1728000
1791127948.1407,4960,1272,55218,306000000,1728000
1791127948.1907,4960,1264,55250,306000000,1728000
1791127948.2408,4960,1264,55218,306000000,1728000
1791127948.2909,4960,1264,55406,306000000,1420800
1791127948.3410,4960,1272,55187,306000000,1728000
1791127948.3911,4960,1272,55281,306000000,1728000
1791127948.4412,4960,1272,55468,306000000,1728000
1791127948.4913,4960,1264,55281,306000000,1728000
1791127948.5414,4960,1288,55343,306000000,1728000
1791127948.5915,4960,1304,55187,306000000,1728000
1791127948.6415,4960,1312,55312,306000000,1728000
1791127948.6916,4960,1320,55250,306000000,1728000
1791127948.7417,4960,1328,55343,306000000,1728000
1791127948.7918,4960,1328,55187,306000000,1728000
1791127948.8419,4960,1320,55281,306000000,1728000
1791127948.8920,4952,1328,55406,306000000,1728000
1791127948.9421,4952,1336,55343,306000000,1728000
1791127948.9922,4960,1320,55406,306000000,1728000
1791127949.0422,4960,1320,55281,306000000,1728000
1791127949.0923,4960,1312,55406,306000000,1728000
1791127949.1424,4960,1312,55187,306000000,1728000
1791127949.1925,4960,1304,55312,306000000,1728000
1791127949.2426,4960,1304,55156,306000000,1728000
1791127949.2927,4960,1304,55343,306000000,1728000
1791127949.3427,4960,1304,55468,306000000,1728000
1791127949.3928,4960,1296,55312,306000000,1728000
1791127949.4429,4960,1296,55437,306000000,1728000
1791127949.4930,4960,1304,55187,306000000,1728000
1791127949.5431,4960,1304,55406,306000000,1728000
1791127949.5932,4960,1296,55375,306000000,1728000
1791127949.6433,4960,1288,55343,306000000,1728000
1791127949.6933,4960,1288,55187,306000000,1728000
1791127949.7434,4960,1288,55281,306000000,1728000
1791127949.7935,4960,1280,55500,306000000,1728000
1791127949.8436,4960,1288,55218,306000000,1728000
1791127949.8937,4960,1288,55375,306000000,1728000
1791127949.9438,4960,1280,55218,306000000,1728000
1791127949.9939,4960,1280,55343,306000000,1728000
1791127950.0440,4960,1296,55187,306000000,1728000
1791127950.0941,4960,1288,55406,306000000,1728000
1791127950.1441,4960,1280,55312,306000000,1728000
1791127950.1942,4960,1280,55406,306000000,1728000
1791127950.2443,4960,1280,55250,306000000,1728000
1791127950.2944,4960,1280,55281,306000000,1728000
1791127950.3445,4960,1280,55375,306000000,1728000
1791127950.3946,4960,1272,55281,306000000,1728000
1791127950.4446,4960,1272,55343,306000000,1728000
1791127950.4947,4960,1272,55187,306000000,1728000
1791127950.5448,4960,1272,55281,306000000,1728000
1791127950.5949,4960,1288,55250,306000000,1728000
1791127950.6450,4960,1288,55281,306000000,1728000
1791127950.6951,4960,1280,55218,306000000,1728000
1791127950.7452,4960,1280,55281,306000000,1728000
1791127950.7952,4960,1280,55437,306000000,1728000
1791127950.8453,4960,1272,55218,306000000,1728000
1791127950.8954,4960,1280,55281,306000000,1728000
1791127950.9455,4960,1280,55218,306000000,1728000
1791127950.9956,4960,1272,55406,306000000,1728000
1791127951.0457,4960,1272,55250,306000000,1728000
1791127951.0958,4960,1272,55375,306000000,1728000
1791127951.1458,4960,1288,55218,306000000,1728000
1791127951.1959,4960,1288,55281,306000000,1728000
1791127951.2460,4960,1288,55437,306000000,1728000
1791127951.2961,4960,1280,55250,306000000,1728000
1791127951.3462,4960,1280,55281,306000000,1728000
1791127951.3963,4960,1280,55281,306000000,1728000
1791127951.4463,4960,1272,55343,306000000,1728000
1791127951.4964,4960,1272,55187,306000000,1728000
1791127951.5465,4960,1272,55281,306000000,1728000
1791127951.5966,4960,1272,55218,306000000,1728000
1791127951.6466,4960,1264,55218,306000000,1728000
1791127951.6967,4960,1280,55343,306000000,1728000
1791127951.7468,4960,1280,55281,306000000,1728000
1791127951.7969,4960,1272,55437,306000000,1728000
1791127951.8470,4960,1272,55281,306000000,1728000
1791127951.8971,4960,1280,55375,306000000,1728000
1791127951.9472,4960,1272,55218,306000000,1728000
1791127951.9972,4960,1272,55281,306000000,1728000
1791127952.0473,4960,1272,55187,306000000,1728000
1791127952.0974,4960,1272,55250,306000000,1728000
1791127952.1475,4960,1272,55500,306000000,1728000
1791127952.1976,4960,1272,55218,306000000,1728000
1791127952.2477,4960,1280,55375,306000000,1728000
1791127952.2978,4960,1288,55281,306000000,1728000
1791127952.3478,4960,1280,55343,306000000,1728000
1791127952.3979,4960,1280,55218,306000000,1728000
1791127952.4480,4960,1272,55312,306000000,1728000
1791127952.4981,4960,1272,55281,306000000,1728000
1791127952.5482,4960,1272,55281,306000000,1728000
1791127952.5983,4960,1264,55250,306000000,1728000
1791127952.6483,4960,1264,55281,306000000,1728000
1791127952.6984,4960,1272,55437,306000000,1728000
1791127952.7485,4960,1272,55281,306000000,1728000
1791127952.7986,4960,1272,55343,306000000,1420800
1791127952.8487,4960,1280,55156,306000000,1728000
1791127952.8988,4960,1280,55312,306000000,1728000
1791127952.9489,4960,1280,55156,306000000,1728000
1791127952.9990,4960,1280,55250,306000000,1728000
1791127953.0491,4960,1280,55218,306000000,1728000
1791127953.0992,4960,1280,55281,306000000,1728000
1791127953.1492,4960,1272,55500,306000000,1728000
1791127953.1993,4960,1272,55187,306000000,1728000
1791127953.2494,4960,1272,55312,306000000,1728000
1791127953.2995,4960,1272,55250,306000000,1728000
1791127953.3496,4960,1272,55375,306000000,1267200
1791127953.3997,4960,1288,55250,306000000,1728000
1791127953.4498,4960,1280,55218,306000000,1728000
1791127953.4998,4960,1280,55187,306000000,1728000
1791127953.5499,4960,1280,55250,306000000,1728000
1791127953.6000,4960,1280,55406,306000000,1728000
1791127953.6501,4960,1272,55250,306000000,1728000
1791127953.7002,4960,1272,55312,306000000,1728000
1791127953.7502,4960,1272,55281,306000000,1728000
1791127953.8003,4960,1272,55312,306000000,1728000
1791127953.8504,4960,1272,55250,306000000,1728000
1791127953.9005,4960,1272,55281,306000000,1267200
1791127953.9506,4960,1280,55156,306000000,1497600
1791127954.0007,4960,1280,55281,306000000,1728000
1791127954.0508,4960,1280,55406,306000000,1728000
1791127954.1008,4960,1280,55187,306000000,1728000
1791127954.1509,4960,1272,55406,306000000,1728000
1791127954.2010,4960,1272,55187,306000000,1728000
1791127954.2511,4960,1272,55375,306000000,1728000
1791127954.3012,4960,1272,55312,306000000,1728000
1791127954.3512,4960,1272,55187,306000000,1728000
1791127954.4013,4960,1280,55156,306000000,1728000
1791127954.4514,4960,1272,55218,306000000,1728000
1791127954.5015,4960,1280,55406,306000000,1728000
1791127954.5516,4960,1288,55250,306000000,1728000
1791127954.6017,4960,1280,55250,306000000,1728000
1791127954.6518,4960,1280,55187,306000000,1728000
1791127954.7018,4960,1280,55312,306000000,1728000
1791127954.7519,4960,1280,55187,306000000,1728000
1791127954.8020,4960,1264,55312,306000000,1728000
1791127954.8521,4960,1272,55187,306000000,1728000
1791127954.9022,4960,1272,55312,306000000,1728000
1791127954.9522,4960,1264,55218,306000000,1728000
1791127955.0023,4960,1272,55250,306000000,1728000
1791127955.0524,4960,1272,55250,306000000,1728000
1791127955.1025,4960,1280,55218,306000000,1728000
1791127955.1526,4960,1280,55343,306000000,1728000
1791127955.2027,4960,1280,55187,306000000,1728000
1791127955.2528,4960,1280,55343,306000000,1728000
1791127955.3029,4960,1272,55187,306000000,1728000
1791127955.3529,4960,1280,55187,306000000,1728000
1791127955.4031,4960,1272,55250,306000000,1728000
1791127955.4531,4960,1264,55250,306000000,1728000
1791127955.5032,4960,1264,55375,306000000,1728000
1791127955.5533,4960,1264,55281,306000000,1728000
1791127955.6034,4960,1264,55375,306000000,1344000
1791127955.6535,4960,1280,55250,306000000,1728000
1791127955.7036,4960,1272,55250,306000000,1728000
1791127955.7537,4960,1272,55218,306000000,1728000
1791127955.8037,4960,1272,55250,306000000,1728000
1791127955.8538,4960,1272,55218,306000000,1728000
1791127955.9039,4960,1264,55187,306000000,1728000
1791127955.9540,4960,1272,55437,306000000,1728000
1791127956.0041,4960,1272,55218,306000000,1728000
1791127956.0542,4960,1272,55281,306000000,1728000
1791127956.1042,4960,1272,55281,306000000,1728000
1791127956.1543,4960,1272,55406,306000000,1728000
1791127956.2044,4960,1280,55250,306000000,1267200
1791127956.2545,4960,1280,55281,306000000,1728000
1791127956.3046,4960,1280,55218,306000000,1728000
1791127956.3547,4960,1272,55156,306000000,1728000
1791127956.4048,4960,1280,55375,306000000,1728000
1791127956.4548,4960,1272,55250,306000000,1728000
1791127956.5049,4960,1272,55281,306000000,1728000
1791127956.5550,4960,1272,55218,306000000,1728000
1791127956.6051,4960,1272,55343,306000000,1728000
1791127956.6552,4960,1264,55250,306000000,1728000
1791127956.7053,4960,1272,55250,306000000,1728000
1791127956.7554,4960,1280,55218,306000000,1420800
1791127956.8054,4960,1272,55250,306000000,1728000
1791127956.8555,4960,1280,55468,306000000,1728000
1791127956.9056,4960,1280,55250,306000000,1728000
1791127956.9557,4960,1272,55406,306000000,1728000
1791127957.0058,4960,1280,55281,306000000,1728000
1791127957.0559,4960,1280,55406,306000000,1728000
1791127957.1059,4960,1272,55343,306000000,1728000
1791127957.1560,4960,1272,55343,306000000,1728000
1791127957.2061,4960,1272,55156,306000000,1728000
1791127957.2562,4960,1280,55250,306000000,1728000
1791127957.3063,4960,1280,55187,306000000,1728000
1791127957.3564,4960,1288,55250,306000000,1728000
1791127957.4064,4960,1288,55375,306000000,1728000
1791127957.4565,4960,1280,55187,306000000,1728000
1791127957.5066,4960,1280,55375,306000000,1728000
1791127957.5567,4960,1280,55156,306000000,1728000
1791127957.6068,4960,1272,55281,306000000,1728000
1791127957.6569,4960,1272,55250,306000000,1728000
1791127957.7069,4960,1272,55343,306000000,1728000
1791127957.7570,4960,1272,55250,306000000,1728000
1791127957.8071,4960,1264,55250,306000000,1728000
1791127957.8572,4960,1280,55375,306000000,1728000
1791127957.9073,4960,1288,55187,306000000,1728000
1791127957.9574,4960,1280,55312,306000000,1728000
1791127958.0075,4960,1280,55218,306000000,1728000
1791127958.0576,4960,1280,55250,306000000,1728000
1791127958.1076,4960,1280,55218,306000000,1728000
1791127958.1577,4960,1280,55218,306000000,1728000
1791127958.2078,4960,1272,55218,306000000,1728000
1791127958.2579,4960,1280,55250,306000000,1728000
1791127958.3080,4960,1280,55375,306000000,1728000
1791127958.3580,4960,1272,55187,306000000,1728000
1791127958.4081,4960,1280,55312,306000000,1728000
1791127958.4583,4960,1288,55281,306000000,1728000
1791127958.5083,4960,1280,55281,306000000,1728000
1791127958.5584,4960,1288,55125,306000000,1728000
1791127958.6085,4960,1280,55250,306000000,1728000
1791127958.6586,4960,1272,55250,306000000,1728000
1791127958.7086,4960,1272,55250,306000000,1728000
1791127958.7587,4960,1264,55343,306000000,1728000
1791127958.8088,4960,1264,55125,306000000,1728000
1791127958.8588,4960,1272,55375,306000000,1728000
1791127958.9089,4960,1272,55218,306000000,1728000
1791127958.9590,4960,1280,55343,306000000,1728000
1791127959.0092,4960,1288,55156,306000000,1728000
1791127959.0592,4960,1296,55281,306000000,1728000
1791127959.1093,4960,1296,55187,306000000,1728000
1791127959.1594,4960,1288,55281,306000000,1728000
1791127959.2095,4960,1288,55343,306000000,1728000
1791127959.2596,4960,1288,55218,306000000,1728000
1791127959.3097,4960,1280,55375,306000000,1728000
1791127959.3597,4960,1280,55312,306000000,1728000
1791127959.4098,4960,1280,55281,306000000,1728000
1791127959.4599,4960,1280,55187,306000000,1728000
1791127959.5100,4960,1272,55281,306000000,1267200
1791127959.5601,4960,1288,55156,306000000,1267200
1791127959.6102,4960,1288,55281,306000000,1728000
1791127959.6603,4960,1288,55250,306000000,1728000
1791127959.7104,4960,1280,55218,306000000,1728000
1791127959.7605,4960,1280,55375,306000000,1728000
1791127959.8105,4960,1280,55156,306000000,1728000
1791127959.8606,4960,1280,55406,306000000,1728000
1791127959.9107,4960,1272,55156,306000000,1728000
1791127959.9608,4960,1272,55312,306000000,1728000
1791127960.0109,4960,1264,55156,306000000,1728000
1791127960.0610,4960,1272,55281,306000000,1728000
1791127960.1111,4960,1288,55125,306000000,1420800
1791127960.1612,4960,1280,55218,306000000,1728000
1791127960.2112,4960,1280,55375,306000000,1728000
1791127960.2613,4960,1280,55250,306000000,1728000
1791127960.3114,4960,1280,55281,306000000,1728000
1791127960.3615,4960,1280,55187,306000000,1728000
1791127960.4116,4960,1280,55281,306000000,1728000
1791127960.4617,4960,1280,55250,306000000,1728000
1791127960.5117,4960,1272,55281,306000000,1728000
1791127960.5618,4960,1272,55218,306000000,1728000
1791127960.6119,4960,1272,55281,306000000,1728000
1791127960.6620,4960,1280,55312,306000000,1728000
1791127960.7121,4960,1288,55281,306000000,1728000
1791127960.7622,4960,1288,55312,306000000,1728000
1791127960.8123,4960,1288,55187,306000000,1728000
1791127960.8623,4960,1280,55250,306000000,1728000
1791127960.9124,4960,1280,55187,306000000,1728000
1791127960.9625,4960,1280,55281,306000000,1728000
1791127961.0126,4960,1272,55187,306000000,1728000
1791127961.0626,4960,1280,55281,306000000,1728000
1791127961.1127,4960,1272,55375,306000000,1728000
1791127961.1628,4960,1272,55218,306000000,1728000
1791127961.2129,4960,1280,55375,306000000,1728000
1791127961.2630,4960,1288,55218,306000000,1728000
1791127961.3131,4960,1288,55375,306000000,1728000
1791127961.3632,4960,1280,55250,306000000,1728000
1791127961.4133,4960,1280,55281,306000000,1728000
1791127961.4633,4960,1272,55156,306000000,1728000
1791127961.5134,4960,1272,55281,306000000,1728000
1791127961.5635,4960,1272,55312,306000000,1728000
1791127961.6136,4960,1272,55187,306000000,1728000
1791127961.6637,4960,1272,55343,306000000,1728000
1791127961.7138,4960,1272,55218,306000000,1728000
1791127961.7639,4960,1280,55281,306000000,1728000
1791127961.8140,4960,1288,55187,306000000,1728000
1791127961.8640,4960,1288,55312,306000000,1728000
1791127961.9141,4960,1280,55187,306000000,1728000
1791127961.9642,4960,1272,55281,306000000,1728000
1791127962.0143,4960,1272,55250,306000000,1728000
1791127962.0643,4960,1272,55281,306000000,1728000
1791127962.1144,4960,1272,55312,306000000,1728000
1791127962.1645,4960,1272,55218,306000000,1728000
1791127962.2146,4960,1280,55281,306000000,1728000
1791127962.2647,4960,1272,55187,306000000,1728000
1791127962.3148,4960,1272,55281,306000000,1728000
1791127962.3649,4960,1288,55156,306000000,1728000
1791127962.4150,4960,1280,55250,306000000,1728000
1791127962.4650,4960,1280,55343,306000000,1728000
1791127962.5151,4960,1280,55218,306000000,1728000
1791127962.5652,4960,1280,55343,306000000,1728000
1791127962.6153,4960,1272,55218,306000000,1728000
1791127962.6654,4960,1272,55281,306000000,1728000
1791127962.7155,4960,1272,55187,306000000,1728000
1791127962.7655,4960,1256,55218,306000000,1728000
1791127962.8156,4960,1264,55218,306000000,1728000
1791127962.8657,4960,1264,55250,306000000,1728000
1791127962.9158,4960,1272,55156,306000000,1728000
1791127962.9659,4960,1272,55218,306000000,1728000
1791127963.0160,4960,1280,55312,306000000,1728000
1791127963.0661,4960,1280,55218,306000000,1728000
1791127963.1162,4960,1272,55343,306000000,1728000
1791127963.1662,4960,1280,55281,306000000,1728000
1791127963.2163,4960,1272,55312,306000000,1728000
1791127963.2664,4960,1264,55250,306000000,1728000
1791127963.3165,4960,1272,55250,306000000,1728000
1791127963.3665,4960,1272,55218,306000000,1728000
1791127963.4166,4960,1264,55281,306000000,1728000
1791127963.4667,4960,1280,55343,306000000,1728000
1791127963.5168,4960,1288,55250,306000000,1728000
1791127963.5669,4960,1280,55343,306000000,1728000
1791127963.6170,4960,1272,55250,306000000,1728000
1791127963.6671,4960,1280,55312,306000000,1728000
1791127963.7171,4960,1280,55187,306000000,1728000
1791127963.7672,4960,1272,55250,306000000,1728000
1791127963.8173,4960,1272,55218,306000000,1728000
1791127963.8674,4960,1280,55218,306000000,1728000
1791127963.9175,4960,1272,55343,306000000,1728000
1791127963.9675,4960,1264,55218,306000000,1728000
1791127964.0176,4960,1280,55281,306000000,1728000
1791127964.0677,4960,1280,55187,306000000,1728000
1791127964.1178,4960,1280,55312,306000000,1728000
1791127964.1679,4960,1280,55125,306000000,1728000
1791127964.2180,4960,1280,55218,306000000,1728000
1791127964.2681,4960,1280,55187,306000000,1728000
1791127964.3182,4960,1280,55156,306000000,1728000
1791127964.3682,4960,1280,55375,306000000,1728000
1791127964.4183,4960,1280,55218,306000000,1728000
1791127964.4684,4960,1280,55250,306000000,1728000
1791127964.5185,4960,1280,55281,306000000,1728000
1791127964.5686,4960,1280,55281,306000000,1728000
1791127964.6187,4960,1296,55218,306000000,1728000
1791127964.6688,4960,1288,55281,306000000,1728000
1791127964.7188,4960,1288,55218,306000000,1728000
1791127964.7689,4960,1288,55218,306000000,1728000
1791127964.8190,4960,1288,55375,306000000,1728000
1791127964.8691,4960,1288,55218,306000000,1728000
1791127964.9192,4960,1280,55343,306000000,1728000
1791127964.9693,4960,1280,55187,306000000,1728000
1791127965.0193,4960,1280,55312,306000000,1728000
1791127965.0694,4960,1272,55250,306000000,1728000
1791127965.1195,4960,1280,55281,306000000,1728000
1791127965.1696,4960,1296,55156,306000000,1267200
1791127965.2197,4960,1288,55343,306000000,1728000
1791127965.2698,4960,1280,55343,306000000,1728000
1791127965.3199,4960,1280,55187,306000000,1728000
1791127965.3699,4960,1280,55312,306000000,1728000
1791127965.4200,4960,1272,55250,306000000,1728000
1791127965.4701,4960,1272,55250,306000000,1728000
1791127965.5202,4960,1280,55218,306000000,1728000
1791127965.5702,4960,1272,55343,306000000,1728000
1791127965.6203,4960,1272,55218,306000000,1728000
1791127965.6704,4960,1272,55187,306000000,1728000
1791127965.7205,4960,1288,55156,306000000,1728000
1791127965.7706,4960,1288,55156,306000000,1728000
1791127965.8207,4960,1280,55281,306000000,1728000
1791127965.8708,4960,1280,55281,306000000,1728000
1791127965.9208,4960,1272,55406,306000000,1728000
1791127965.9709,4960,1272,55218,306000000,1728000
1791127966.0210,4960,1272,55281,306000000,1728000
1791127966.0711,4960,1272,55187,306000000,1728000
1791127966.1211,4960,1272,55250,306000000,1728000
1791127966.1713,4960,1272,55125,306000000,1728000
1791127966.2214,4960,1272,55250,306000000,1728000
1791127966.2715,4960,1288,55406,306000000,1728000
1791127966.3216,4960,1288,55281,306000000,1728000
1791127966.3717,4960,1288,55406,306000000,1728000
1791127966.4218,4960,1288,55312,306000000,1728000
1791127966.4718,4960,1280,55343,306000000,1728000
1791127966.5219,4960,1280,55281,306000000,1728000
1791127966.5720,4960,1272,55343,306000000,1728000
1791127966.6221,4960,1272,55218,306000000,1728000
1791127966.6722,4960,1272,55281,306000000,1728000
1791127966.7223,4960,1272,55312,306000000,1728000
1791127966.7723,4960,1272,55187,306000000,1728000
1791127966.8224,4960,1280,55343,306000000,1728000
1791127966.8725,4960,1280,55281,306000000,1728000
1791127966.9226,4960,1280,55187,306000000,1728000
1791127966.9727,4960,1280,55218,306000000,1728000
1791127967.0228,4960,1272,55281,306000000,1728000
1791127967.0728,4960,1272,55187,306000000,1728000
1791127967.1229,4960,1280,55312,306000000,1728000
1791127967.1730,4960,1272,55375,306000000,1728000
1791127967.2231,4960,1272,55250,306000000,1728000
1791127967.2731,4960,1272,55375,306000000,1728000
1791127967.3232,4960,1272,55250,306000000,1728000
1791127967.3733,4960,1272,55312,306000000,1728000
1791127967.4234,4960,1288,55218,306000000,1728000
1791127967.4735,4960,1280,55281,306000000,1728000
1791127967.5236,4960,1280,55156,306000000,1728000
1791127967.5737,4960,1272,55218,306000000,1728000
1791127967.6237,4960,1272,55406,306000000,1728000
1791127967.6738,4960,1272,55218,306000000,1728000
1791127967.7239,4960,1272,55343,306000000,1728000
1791127967.7740,4960,1264,55156,306000000,1728000
1791127967.8240,4960,1288,55312,306000000,1728000
1791127967.8741,4960,1296,55218,306000000,1728000
1791127967.9242,4960,1312,55312,306000000,1728000
1791127967.9743,4960,1328,55250,306000000,1497600
1791127968.0244,4960,1328,55281,306000000,1728000
1791127968.0744,4960,1328,55343,306000000,1728000
1791127968.1245,4960,1328,55250,306000000,1728000
1791127968.1746,4960,1320,55250,306000000,1728000
1791127968.2247,4960,1312,55250,306000000,1728000
1791127968.2748,4960,1312,55312,306000000,1728000
1791127968.3249,4960,1320,55187,306000000,1728000
1791127968.3749,4960,1312,55250,306000000,1728000
1791127968.4250,4960,1304,55218,306000000,1728000
1791127968.4751,4960,1304,55250,306000000,1344000
1791127968.5252,4960,1312,55375,306000000,1728000
1791127968.5753,4960,1304,55218,306000000,1728000
1791127968.6254,4960,1304,55281,306000000,1728000
1791127968.6755,4960,1304,55250,306000000,1728000
1791127968.7256,4960,1304,55250,306000000,1728000
1791127968.7756,4960,1296,55187,306000000,1728000
1791127968.8257,4960,1296,55343,306000000,1728000
1791127968.8758,4960,1288,55187,306000000,1728000
1791127968.9259,4960,1280,55281,306000000,1728000
1791127968.9760,4960,1280,55343,306000000,1728000
1791127969.0260,4960,1280,55156,306000000,1728000
1791127969.0762,4960,1288,55406,306000000,1728000
1791127969.1262,4960,1296,55281,306000000,1728000
1791127969.1763,4960,1296,55312,306000000,1267200
1791127969.2264,4960,1296,55093,306000000,1728000
1791127969.2765,4960,1288,55312,306000000,1728000
1791127969.3266,4960,1288,55187,306000000,1728000
1791127969.3766,4960,1288,55250,306000000,1728000
1791127969.4267,4960,1280,55375,306000000,1728000
1791127969.4768,4960,1280,55218,306000000,1728000
1791127969.5269,4960,1280,55343,306000000,1728000
1791127969.5769,4960,1272,55250,306000000,1728000
1791127969.6271,4960,1280,55281,306000000,1267200
1791127969.6772,4960,1288,55281,306000000,1728000
1791127969.7273,4960,1288,55312,306000000,1728000
1791127969.7773,4960,1280,55187,306000000,1728000
1791127969.8274,4960,1280,55250,306000000,1728000
1791127969.8775,4960,1280,55343,306000000,1728000
1791127969.9276,4960,1280,55218,306000000,1728000
1791127969.9777,4960,1280,55312,306000000,1728000
1791127970.0277,4960,1280,55156,306000000,1728000
1791127970.0778,4960,1280,55312,306000000,1728000
1791127970.1279,4960,1272,55187,306000000,1728000
1791127970.1780,4960,1288,55343,306000000,1728000
1791127970.2281,4960,1280,55250,306000000,1728000
1791127970.2782,4960,1280,55187,306000000,1728000
1791127970.3283,4960,1288,55156,306000000,1728000
1791127970.3784,4960,1288,55218,306000000,1728000
1791127970.4285,4960,1280,55281,306000000,1728000
1791127970.4785,4960,1280,55187,306000000,1728000
1791127970.5286,4960,1280,55250,306000000,1728000
1791127970.5787,4960,1272,55218,306000000,1728000
1791127970.6288,4960,1272,55281,306000000,1728000
1791127970.6788,4960,1272,55218,306000000,1728000
1791127970.7289,4960,1272,55312,306000000,1728000
1791127970.7791,4960,1280,55125,306000000,1728000
1791127970.8292,4960,1280,55250,306000000,1728000
1791127970.8792,4960,1272,55312,306000000,1728000
1791127970.9293,4960,1272,55187,306000000,1728000
1791127970.9794,4960,1272,55375,306000000,1728000
1791127971.0295,4960,1272,55187,306000000,1728000
1791127971.0796,4960,1272,55281,306000000,1728000
1791127971.1297,4960,1272,55218,306000000,960000
1791127971.1797,4960,1264,55218,306000000,1728000
1791127971.2298,4960,1264,55218,306000000,1728000
1791127971.2799,4960,1264,55250,306000000,1190400
1791127971.3300,4960,1280,55375,306000000,1728000
1791127971.3801,4960,1280,55187,306000000,1728000
1791127971.4302,4960,1288,55406,306000000,1728000
1791127971.4803,4960,1280,55187,306000000,1728000
1791127971.5303,4960,1280,55281,306000000,1728000
1791127971.5804,4960,1288,55218,306000000,1728000
1791127971.6305,4960,1288,55281,306000000,1728000
1791127971.6806,4960,1288,55281,306000000,1728000
1791127971.7307,4960,1280,55375,306000000,1728000
1791127971.7807,4960,1280,55406,306000000,1728000
1791127971.8308,4960,1280,55250,306000000,1728000
1791127971.8809,4960,1280,55437,306000000,1728000
1791127971.9310,4960,1288,55218,306000000,1728000
1791127971.9811,4960,1288,55250,306000000,1728000
1791127972.0312,4960,1280,55281,306000000,1728000
1791127972.0813,4960,1280,55281,306000000,1728000
1791127972.1314,4960,1280,55250,306000000,1728000
1791127972.1815,4960,1272,55281,306000000,1728000
1791127972.2316,4960,1272,55250,306000000,1728000
1791127972.2817,4960,1280,55312,306000000,1728000
1791127972.3317,4960,1264,55375,306000000,1728000
1791127972.3818,4960,1272,55218,306000000,1728000
1791127972.4319,4960,1280,55343,306000000,1728000
1791127972.4820,4960,1280,55187,306000000,1728000
1791127972.5321,4960,1280,55406,306000000,1728000
1791127972.5822,4960,1280,55250,306000000,1728000
1791127972.6323,4960,1272,55281,306000000,1728000
1791127972.6823,4960,1272,55343,306000000,1728000
1791127972.7324,4960,1272,55187,306000000,1728000
1791127972.7825,4960,1272,55406,306000000,1728000
1791127972.8326,4960,1272,55250,306000000,1728000
1791127972.8827,4960,1272,55312,306000000,1728000
1791127972.9328,4960,1272,55250,306000000,1728000
1791127972.9829,4960,1280,55187,306000000,1728000
1791127973.0330,4960,1296,55187,306000000,1728000
1791127973.0831,4960,1288,55187,306000000,1728000
1791127973.1332,4960,1280,55218,306000000,1728000
1791127973.1832,4960,1280,55250,306000000,1728000
1791127973.2333,4960,1280,55406,306000000,1728000
1791127973.2834,4960,1272,55218,306000000,1728000
1791127973.3335,4960,1272,55281,306000000,1728000
1791127973.3836,4960,1280,55156,306000000,1728000
1791127973.4337,4960,1280,55312,306000000,1728000
1791127973.4838,4960,1272,55125,306000000,1728000
1791127973.5338,4960,1280,55312,306000000,1728000
1791127973.5839,4960,1288,55187,306000000,1728000
1791127973.6340,4960,1288,55218,306000000,1728000
1791127973.6841,4960,1280,55343,306000000,1728000
1791127973.7342,4960,1288,55312,306000000,1728000
1791127973.7843,4960,1288,55375,306000000,1728000
1791127973.8344,4960,1280,55187,306000000,1728000
1791127973.8845,4960,1272,55250,306000000,1728000
1791127973.9345,4960,1272,55218,306000000,1728000
1791127973.9846,4960,1264,55187,306000000,1728000
1791127974.0347,4960,1272,55218,306000000,1728000
1791127974.0848,4960,1280,55250,306000000,1728000
1791127974.1349,4960,1296,55343,306000000,1728000
1791127974.1850,4960,1288,55187,306000000,1728000
1791127974.2351,4960,1288,55343,306000000,1728000
1791127974.2851,4960,1280,55156,306000000,1728000
1791127974.3352,4960,1272,55250,306000000,1728000
1791127974.3853,4960,1280,55187,306000000,1728000
1791127974.4354,4960,1272,55250,306000000,1728000
1791127974.4855,4960,1272,55250,306000000,1728000
1791127974.5356,4960,1280,55250,306000000,1728000
1791127974.5857,4960,1272,55312,306000000,1728000
1791127974.6358,4960,1272,55250,306000000,1728000
1791127974.6859,4960,1288,55406,306000000,1728000
1791127974.7359,4960,1288,55250,306000000,1728000
1791127974.7860,4960,1288,55281,306000000,1728000
1791127974.8361,4960,1280,55156,306000000,1728000
1791127974.8862,4960,1280,55250,306000000,1728000
1791127974.9363,4960,1280,55187,306000000,1728000
1791127974.9864,4960,1272,55250,306000000,1728000
1791127975.0364,4960,1280,55312,306000000,1728000
1791127975.0865,4960,1272,55250,306000000,1728000
1791127975.1366,4960,1272,55312,306000000,1728000
1791127975.1867,4960,1272,55218,306000000,1728000
1791127975.2368,4960,1280,55343,306000000,1728000
1791127975.2869,4960,1280,55218,306000000,1728000
1791127975.3369,4960,1280,55343,306000000,1728000
1791127975.3870,4960,1288,55187,306000000,1728000
1791127975.4371,4960,1280,55281,306000000,1728000
1791127975.4872,4960,1280,55343,306000000,1728000
1791127975.5373,4960,1280,55218,306000000,1728000
1791127975.5873,4960,1280,55375,306000000,1728000
1791127975.6374,4960,1272,55281,306000000,1728000
1791127975.6875,4960,1272,55437,306000000,1728000
1791127975.7376,4960,1272,55218,306000000,1728000
1791127975.7877,4960,1280,55343,306000000,1728000
1791127975.8378,4960,1280,55187,306000000,1728000
1791127975.8879,4960,1288,55250,306000000,1728000
1791127975.9379,4960,1280,55250,306000000,1728000
1791127975.9880,4960,1272,55218,306000000,1728000
1791127976.0381,4960,1280,55343,306000000,1728000
1791127976.0882,4960,1272,55218,306000000,1728000
1791127976.1383,4960,1272,55312,306000000,1728000
1791127976.1884,4960,1272,55218,306000000,1728000
1791127976.2384,4960,1272,55375,306000000,1728000
1791127976.2885,4960,1272,55125,306000000,1728000
1791127976.3386,4960,1272,55250,306000000,1420800
1791127976.3887,4960,1280,55156,306000000,1728000
1791127976.4388,4960,1288,55281,306000000,1728000
1791127976.4889,4960,1280,55375,306000000,1728000
1791127976.5390,4960,1280,55281,306000000,1728000
1791127976.5890,4960,1280,55343,306000000,1728000
1791127976.6391,4960,1280,55187,306000000,1728000
1791127976.6892,4960,1272,55250,306000000,1728000
1791127976.7393,4960,1272,55218,306000000,1728000
1791127976.7894,4960,1272,55281,306000000,1728000
1791127976.8395,4960,1280,55156,306000000,1728000
1791127976.8896,4960,1272,55218,306000000,1728000
1791127976.9397,4960,1288,55125,306000000,1728000
1791127976.9897,4960,1288,55218,306000000,1728000
1791127977.0398,4960,1280,55281,306000000,1728000
1791127977.0899,4960,1280,55125,306000000,1728000
1791127977.1400,4960,1272,55343,306000000,1728000
1791127977.1901,4960,1272,55125,306000000,1728000
1791127977.2402,4960,1272,55250,306000000,1728000
1791127977.2902,4960,1272,55218,306000000,1728000
1791127977.3403,4960,1264,55187,306000000,1728000
1791127977.3904,4960,1272,55343,306000000,1728000
1791127977.4405,4960,1264,55250,306000000,1728000
1791127977.4906,4960,1280,55312,306000000,1344000
1791127977.5407,4960,1280,55218,306000000,1728000
1791127977.5908,4960,1280,55312,306000000,1728000
1791127977.6409,4960,1272,55218,306000000,1728000
1791127977.6909,4960,1272,55250,306000000,1728000
1791127977.7410,4960,1272,55250,306000000,1728000
1791127977.7911,4960,1272,55312,306000000,1728000
1791127977.8412,4960,1272,55437,306000000,1728000
1791127977.8913,4960,1272,55281,306000000,1728000
1791127977.9413,4960,1272,55281,306000000,1728000
1791127977.9914,4960,1272,55125,306000000,1728000
1791127978.0415,4960,1288,55312,306000000,1728000
1791127978.0916,4960,1280,55250,306000000,1728000
1791127978.1417,4960,1280,55250,306000000,1728000
1791127978.1918,4960,1288,55125,306000000,1728000
1791127978.2419,4960,1280,55281,306000000,1728000
1791127978.2919,4960,1272,55406,306000000,1728000
1791127978.3420,4960,1280,55312,306000000,1728000
1791127978.3921,4960,1280,55343,306000000,1728000
1791127978.4422,4960,1272,55125,306000000,1728000
1791127978.4923,4960,1280,55343,306000000,1728000
1791127978.5424,4960,1280,55218,306000000,1728000
1791127978.5925,4960,1288,55250,306000000,1728000
1791127978.6426,4960,1288,55156,306000000,1728000
1791127978.6927,4960,1288,55250,306000000,1728000
1791127978.7427,4960,1280,55406,306000000,1728000
1791127978.7928,4960,1280,55156,306000000,1728000
1791127978.8429,4960,1280,55343,306000000,1728000
1791127978.8930,4960,1280,55218,306000000,1728000
1791127978.9431,4960,1272,55343,306000000,1728000
1791127978.9931,4960,1272,55156,306000000,1728000
1791127979.0432,4960,1280,55281,306000000,1728000
1791127979.0933,4960,1272,55218,306000000,1728000
1791127979.1434,4960,1280,55281,306000000,1728000
1791127979.1935,4960,1288,55187,306000000,1728000
1791127979.2436,4960,1280,55218,306000000,1728000
1791127979.2937,4960,1280,55375,306000000,1728000
1791127979.3437,4960,1280,55281,306000000,1728000
1791127979.3938,4960,1272,55343,306000000,1728000
1791127979.4439,4960,1272,55218,306000000,1728000
1791127979.4940,4960,1280,55218,306000000,1728000
1791127979.5441,4960,1280,55218,306000000,1728000
1791127979.5942,4960,1272,55250,306000000,1728000
1791127979.6442,4960,1272,55156,306000000,1728000
1791127979.6943,4960,1280,55250,306000000,1728000
1791127979.7444,4960,1288,55375,306000000,1728000
1791127979.7945,4960,1288,55250,306000000,1728000
1791127979.8446,4960,1288,55281,306000000,1728000
1791127979.8947,4960,1280,55187,306000000,1728000
1791127979.9448,4960,1280,55187,306000000,1728000
1791127979.9948,4960,1280,55187,306000000,1728000
1791127980.0449,4960,1280,55250,306000000,1728000
1791127980.0950,4960,1272,55218,306000000,1728000
1791127980.1451,4960,1272,55218,306000000,1728000
1791127980.1952,4960,1280,55375,306000000,1728000
1791127980.2453,4960,1280,55218,306000000,1190400
1791127980.2954,4960,1288,55281,306000000,1728000
1791127980.3455,4960,1280,55156,306000000,1728000
1791127980.3955,4960,1280,55281,306000000,1728000
1791127980.4456,4960,1280,55093,306000000,1728000
1791127980.4957,4960,1272,55218,306000000,1728000
1791127980.5458,4960,1280,55187,306000000,1728000
1791127980.5959,4960,1272,55250,306000000,1728000
1791127980.6460,4960,1272,55375,306000000,1728000
1791127980.6961,4960,1272,55156,306000000,1728000
1791127980.7462,4960,1272,55312,306000000,1728000
1791127980.7962,4960,1264,55187,306000000,1728000
1791127980.8463,4960,1280,55312,306000000,1728000
1791127980.8964,4960,1280,55125,306000000,1728000
1791127980.9465,4960,1280,55218,306000000,1728000
1791127980.9966,4960,1280,55187,306000000,1728000
1791127981.0467,4960,1280,55250,306000000,1728000
1791127981.0968,4960,1272,55343,306000000,1728000
1791127981.1469,4960,1272,55250,306000000,1728000
1791127981.1969,4960,1280,55343,306000000,1728000
1791127981.2471,4960,1272,55218,306000000,1728000
1791127981.2971,4960,1272,55312,306000000,1728000
1791127981.3472,4960,1272,55125,306000000,1728000
1791127981.3973,4960,1280,55250,306000000,1728000
1791127981.4474,4960,1280,55093,306000000,1728000
1791127981.4975,4960,1280,55218,306000000,1728000
1791127981.5476,4960,1288,55281,306000000,1728000
1791127981.5977,4960,1280,55187,306000000,1728000
1791127981.6478,4960,1280,55281,306000000,1728000
1791127981.6978,4960,1280,55218,306000000,1728000
1791127981.7479,4960,1280,55281,306000000,1728000
1791127981.7980,4960,1272,55218,306000000,1728000
1791127981.8481,4960,1272,55406,306000000,1728000
1791127981.8982,4960,1272,55125,306000000,1728000
1791127981.9483,4960,1272,55281,306000000,1728000
1791127981.9984,4960,1280,55156,306000000,1728000
1791127982.0484,4960,1280,55281,306000000,1728000
1791127982.0985,4960,1280,55343,306000000,1728000
1791127982.1486,4960,1272,55312,306000000,1728000
1791127982.1987,4960,1280,55281,306000000,1728000
1791127982.2488,4960,1272,55250,306000000,1728000
1791127982.2988,4960,1264,55218,306000000,1728000
1791127982.3489,4960,1272,55062,306000000,1728000
1791127982.3990,4960,1264,55375,306000000,1728000
1791127982.4491,4960,1264,55375,306000000,1728000
1791127982.4992,4960,1272,55250,306000000,1344000
1791127982.5493,4960,1280,55437,306000000,1728000
1791127982.5994,4960,1272,55250,306000000,1728000
1791127982.6495,4960,1280,55375,306000000,1728000
1791127982.6995,4960,1272,55187,306000000,1728000
1791127982.7496,4960,1272,55312,306000000,1728000
1791127982.7997,4960,1272,55218,306000000,1728000
1791127982.8498,4960,1272,55312,306000000,1728000
1791127982.8998,4960,1272,55187,306000000,1728000
1791127982.9499,4960,1272,55250,306000000,1728000
1791127983.0000,4960,1272,55343,306000000,1728000
1791127983.0501,4960,1272,55312,306000000,1728000
1791127983.1002,4960,1288,55312,306000000,1728000
1791127983.1503,4960,1288,55218,306000000,1728000
1791127983.2003,4960,1280,55312,306000000,1728000
1791127983.2504,4960,1280,55250,306000000,1728000
1791127983.3005,4960,1280,55312,306000000,1728000
1791127983.3506,4960,1272,55156,306000000,1728000
1791127983.4007,4960,1272,55156,306000000,1728000
1791127983.4507,4960,1272,55406,306000000,1728000
1791127983.5008,4960,1264,55312,306000000,1728000
1791127983.5509,4960,1264,55375,306000000,1728000
1791127983.6010,4960,1272,55187,306000000,1267200
1791127983.6511,4960,1280,55281,306000000,1728000
1791127983.7011,4960,1280,55281,306000000,1728000
1791127983.7512,4960,1280,55250,306000000,1728000
1791127983.8013,4960,1280,55187,306000000,1728000
1791127983.8514,4960,1280,55250,306000000,1728000
1791127983.9015,4960,1280,55343,306000000,1728000
1791127983.9515,4960,1280,55156,306000000,1728000
1791127984.0016,4960,1272,55375,306000000,1728000
1791127984.0517,4960,1272,55187,306000000,1728000
1791127984.1018,4960,1272,55312,306000000,1728000
1791127984.1518,4960,1272,55218,306000000,1728000
1791127984.2019,4960,1280,55375,306000000,1728000
1791127984.2520,4960,1288,55281,306000000,1728000
1791127984.3021,4960,1288,55281,306000000,1728000
1791127984.3522,4960,1280,55406,306000000,1728000
1791127984.4023,4960,1272,55187,306000000,1728000
1791127984.4524,4960,1280,55406,306000000,1728000
1791127984.5024,4960,1280,55218,306000000,1728000
1791127984.5525,4960,1272,55281,306000000,1728000
1791127984.6026,4960,1272,55187,306000000,1728000
1791127984.6527,4960,1272,55218,306000000,1728000
1791127984.7028,4960,1272,55156,306000000,1728000
1791127984.7529,4960,1280,55218,306000000,1728000
1791127984.8030,4960,1288,55375,306000000,1728000
1791127984.8531,4960,1280,55250,306000000,1728000
1791127984.9032,4960,1280,55375,306000000,1728000
1791127984.9532,4960,1280,55218,306000000,1728000
1791127985.0033,4960,1280,55343,306000000,1728000
1791127985.0534,4960,1280,55156,306000000,1728000
1791127985.1035,4960,1280,55250,306000000,1728000
1791127985.1536,4960,1280,55187,306000000,1728000
1791127985.2036,4960,1272,55281,306000000,1728000
1791127985.2537,4960,1280,55406,306000000,1728000
1791127985.3038,4960,1288,55250,306000000,1344000
1791127985.3539,4960,1288,55375,306000000,1728000
1791127985.4040,4960,1288,55156,306000000,1728000
1791127985.4541,4960,1288,55343,306000000,1728000
1791127985.5042,4960,1288,55250,306000000,1728000
1791127985.5543,4960,1280,55250,306000000,1728000
1791127985.6043,4960,1272,55156,306000000,1728000
1791127985.6544,4960,1280,55218,306000000,1728000
1791127985.7045,4960,1272,55437,306000000,1728000
1791127985.7546,4960,1272,55187,306000000,1728000
1791127985.8047,4960,1272,55437,306000000,1728000
1791127985.8548,4960,1280,55218,306000000,1267200
1791127985.9049,4960,1288,55375,306000000,1728000
1791127985.9550,4960,1280,55218,306000000,1728000
1791127986.0051,4960,1288,55343,306000000,1728000
1791127986.0552,4960,1280,55218,306000000,1728000
1791127986.1052,4960,1280,55281,306000000,1728000
1791127986.1553,4960,1280,55187,306000000,1728000
1791127986.2054,4960,1280,55218,306000000,1728000
1791127986.2555,4960,1272,55312,306000000,1728000
1791127986.3056,4960,1272,55156,306000000,1728000
1791127986.3556,4960,1280,55375,306000000,1728000
1791127986.4057,4960,1280,55250,306000000,1113600
1791127986.4558,4960,1288,55250,306000000,1728000
1791127986.5059,4960,1280,55218,306000000,1728000
1791127986.5560,4960,1288,55281,306000000,1728000
1791127986.6061,4960,1288,55218,306000000,1728000
1791127986.6562,4960,1280,55250,306000000,1728000
1791127986.7063,4960,1280,55406,306000000,1728000
1791127986.7564,4960,1280,55218,306000000,1728000
1791127986.8065,4960,1280,55343,306000000,1728000
1791127986.8565,4960,1272,55187,306000000,1728000
1791127986.9066,4960,1272,55343,306000000,1728000
1791127986.9567,4960,1272,55187,306000000,1728000
1791127987.0068,4960,1288,55343,306000000,1113600
1791127987.0569,4960,1280,55250,306000000,1728000
1791127987.1070,4960,1280,55250,306000000,1728000
1791127987.1571,4960,1280,55406,306000000,1728000
1791127987.2071,4960,1272,55125,306000000,1728000
1791127987.2572,4960,1272,55343,306000000,1728000
1791127987.3073,4960,1272,55312,306000000,1728000
1791127987.3574,4960,1272,55281,306000000,1728000
1791127987.4075,4960,1264,55156,306000000,1728000
1791127987.4575,4960,1272,55281,306000000,1728000
1791127987.5076,4960,1272,55125,306000000,1728000
1791127987.5577,4960,1272,55250,306000000,1728000
1791127987.6078,4960,1288,55312,306000000,1728000
1791127987.6579,4960,1288,55187,306000000,1728000
1791127987.7080,4960,1280,55343,306000000,1728000
1791127987.7581,4960,1280,55218,306000000,1728000
1791127987.8082,4960,1280,55281,306000000,1728000
1791127987.8582,4960,1280,55187,306000000,1728000
1791127987.9083,4960,1280,55343,306000000,1728000
1791127987.9584,4960,1272,55250,306000000,1728000
1791127988.0085,4960,1272,55343,306000000,1728000
1791127988.0586,4960,1272,55343,306000000,1728000
1791127988.1087,4960,1272,55187,306000000,1728000
1791127988.1588,4960,1288,55343,306000000,1728000
1791127988.2089,4960,1280,55218,306000000,1728000
1791127988.2589,4960,1280,55312,306000000,1728000
1791127988.3090,4960,1280,55187,306000000,1728000
1791127988.3591,4960,1272,55250,306000000,1728000
1791127988.4092,4960,1272,55218,306000000,1728000
1791127988.4592,4960,1272,55218,306000000,1728000
1791127988.5093,4960,1272,55343,306000000,1728000
1791127988.5594,4960,1264,55125,306000000,1728000
1791127988.6095,4960,1272,55312,306000000,1728000
1791127988.6596,4960,1272,55281,306000000,1728000
1791127988.7097,4960,1280,55375,306000000,1728000
1791127988.7598,4960,1288,55187,306000000,1728000
1791127988.8098,4960,1280,55375,306000000,1728000
1791127988.8599,4960,1272,55250,306000000,1728000
1791127988.9100,4960,1272,55343,306000000,1728000
1791127988.9601,4960,1272,55375,306000000,1728000
1791127989.0102,4960,1272,55250,306000000,1728000
1791127989.0602,4960,1272,55406,306000000,1728000
1791127989.1103,4960,1272,55250,306000000,1728000
1791127989.1604,4960,1272,55312,306000000,1728000
1791127989.2105,4960,1264,55125,306000000,1267200
1791127989.2606,4960,1280,55250,306000000,1728000
1791127989.3107,4960,1280,55187,306000000,1728000
1791127989.3608,4960,1272,55343,306000000,1728000
1791127989.4108,4960,1272,55375,306000000,1728000
1791127989.4609,4960,1264,55250,306000000,1728000
1791127989.5110,4960,1264,55343,306000000,1728000
1791127989.5611,4960,1272,55187,306000000,1728000
1791127989.6112,4960,1272,55281,306000000,1728000
1791127989.6613,4960,1264,55250,306000000,1728000
1791127989.7113,4960,1272,55281,306000000,1728000
1791127989.7614,4960,1272,55281,306000000,1728000
1791127989.8115,4960,1280,55312,306000000,1728000
1791127989.8616,4960,1280,55218,306000000,1728000
1791127989.9117,4960,1280,55281,306000000,1728000
1791127989.9618,4960,1280,55375,306000000,1728000
1791127990.0119,4960,1272,55156,306000000,1728000
1791127990.0620,4960,1272,55437,306000000,1728000
1791127990.1120,4960,1272,55218,306000000,1728000
1791127990.1621,4960,1272,55312,306000000,1728000
1791127990.2122,4960,1272,55250,306000000,1728000
1791127990.2623,4960,1280,55218,306000000,1728000
1791127990.3124,4960,1272,55125,306000000,1728000
1791127990.3625,4960,1280,55375,306000000,1497600
1791127990.4126,4960,1288,55375,306000000,1728000
1791127990.4627,4960,1288,55218,306000000,1728000
1791127990.5128,4960,1280,55375,306000000,1728000
1791127990.5629,4960,1280,55250,306000000,1728000
1791127990.6129,4960,1288,55250,306000000,1728000
1791127990.6630,4960,1280,55218,306000000,1728000
1791127990.7131,4960,1272,55250,306000000,1728000
1791127990.7632,4960,1280,55156,306000000,1728000
1791127990.8133,4960,1272,55281,306000000,1728000
1791127990.8633,4960,1272,55406,306000000,1728000
1791127990.9134,4960,1280,55218,306000000,1728000
1791127990.9635,4960,1288,55406,306000000,1728000
1791127991.0136,4960,1280,55281,306000000,1728000
1791127991.0637,4960,1280,55250,306000000,1728000
1791127991.1138,4960,1280,55281,306000000,1728000
1791127991.1639,4960,1280,55218,306000000,1728000
1791127991.2139,4960,1280,55281,306000000,1728000
1791127991.2640,4960,1280,55187,306000000,1728000
1791127991.3141,4960,1296,55406,306000000,1728000
1791127991.3642,4960,1312,55187,306000000,1728000
1791127991.4143,4960,1320,55281,306000000,1728000
1791127991.4644,4960,1328,55218,306000000,1728000
1791127991.5145,4960,1336,55312,306000000,1728000
1791127991.5646,4952,1344,55156,306000000,1728000
1791127991.6147,4960,1336,55312,306000000,1728000
1791127991.6647,4960,1336,55093,306000000,1728000
1791127991.7148,4960,1328,55312,306000000,1728000
1791127991.7649,4960,1328,55406,306000000,1728000
1791127991.8150,4960,1320,55250,306000000,1728000
1791127991.8651,4960,1312,55437,306000000,1728000
1791127991.9151,4960,1312,55187,306000000,1728000
1791127991.9652,4960,1312,55312,306000000,1728000
1791127992.0153,4960,1304,55187,306000000,1728000
1791127992.0654,4960,1312,55281,306000000,1728000
1791127992.1155,4960,1312,55187,306000000,1728000
1791127992.1656,4960,1312,55343,306000000,1728000
1791127992.2156,4960,1296,55187,306000000,1728000
1791127992.2657,4960,1296,55281,306000000,1728000
1791127992.3158,4960,1296,55375,306000000,1728000
1791127992.3659,4960,1296,55312,306000000,1728000
1791127992.4159,4960,1288,55406,306000000,1728000
1791127992.4660,4960,1288,55218,306000000,1728000
1791127992.5161,4960,1288,55375,306000000,1728000
1791127992.5662,4960,1280,55156,306000000,1728000
1791127992.6163,4960,1288,55312,306000000,1728000
1791127992.6664,4960,1296,55218,306000000,1728000
1791127992.7165,4960,1288,55343,306000000,1728000
1791127992.7666,4960,1288,55406,306000000,1728000
1791127992.8167,4960,1288,55187,306000000,1728000
1791127992.8668,4960,1288,55437,306000000,1728000
1791127992.9169,4960,1280,55281,306000000,1728000
1791127992.9670,4960,1280,55343,306000000,1728000
1791127993.0170,4960,1280,55125,306000000,1728000
1791127993.0672,4960,1272,55250,306000000,1728000
1791127993.1172,4960,1272,55218,306000000,1728000
1791127993.1673,4960,1280,55218,306000000,1267200
1791127993.2174,4960,1288,55437,306000000,1728000
1791127993.2675,4960,1280,55218,306000000,1728000
1791127993.3176,4960,1280,55375,306000000,1728000
1791127993.3677,4960,1280,55312,306000000,1728000
1791127993.4178,4960,1272,55312,306000000,1728000
1791127993.4679,4960,1280,55250,306000000,1728000
1791127993.5180,4960,1272,55375,306000000,1728000
1791127993.5681,4960,1272,55218,306000000,1728000
1791127993.6182,4960,1272,55281,306000000,1728000
1791127993.6683,4960,1272,55375,306000000,1728000
1791127993.7183,4960,1272,55218,306000000,1728000
1791127993.7684,4960,1280,55281,306000000,1728000
1791127993.8185,4960,1280,55281,306000000,1728000
1791127993.8686,4960,1272,55312,306000000,1728000
1791127993.9187,4960,1280,55218,306000000,1728000
1791127993.9688,4960,1272,55343,306000000,1728000
1791127994.0189,4960,1272,55250,306000000,1728000
1791127994.0689,4960,1272,55281,306000000,1728000
1791127994.1191,4960,1272,55437,306000000,1728000
1791127994.1692,4960,1272,55250,306000000,1728000
1791127994.2193,4960,1272,55406,306000000,1728000
1791127994.2694,4960,1280,55156,306000000,1728000
1791127994.3195,4960,1288,55375,306000000,1728000
1791127994.3696,4960,1280,55187,306000000,1728000
1791127994.4197,4960,1280,55343,306000000,1728000
1791127994.4698,4960,1280,55187,306000000,1728000
1791127994.5199,4960,1272,55312,306000000,1728000
1791127994.5700,4960,1280,55156,306000000,1728000
1791127994.6201,4960,1280,55187,306000000,1728000
1791127994.6702,4960,1272,55437,306000000,1728000
1791127994.7203,4960,1272,55187,306000000,1728000
1791127994.7704,4960,1272,55312,306000000,1728000
1791127994.8205,4960,1272,55187,306000000,1728000
1791127994.8706,4960,1288,55281,306000000,1728000
1791127994.9207,4960,1288,55156,306000000,1728000
1791127994.9708,4960,1280,55187,306000000,1728000
1791127995.0209,4960,1280,55187,306000000,1728000
1791127995.0710,4960,1280,55218,306000000,1728000
1791127995.1211,4960,1280,55406,306000000,1728000
1791127995.1712,4960,1272,55250,306000000,1728000
1791127995.2212,4960,1272,55312,306000000,1728000
1791127995.2714,4960,1272,55187,306000000,1728000
1791127995.3215,4960,1264,55250,306000000,1728000
1791127995.3715,4960,1272,55156,306000000,1728000
1791127995.4216,4960,1288,55312,306000000,1728000
1791127995.4718,4960,1280,55218,306000000,1728000
1791127995.5219,4960,1280,55312,306000000,1728000
1791127995.5720,4960,1288,55312,306000000,1728000
1791127995.6221,4960,1280,55281,306000000,1728000
1791127995.6722,4960,1280,55406,306000000,1728000
1791127995.7222,4960,1280,55250,306000000,1728000
1791127995.7723,4960,1280,55406,306000000,1728000
1791127995.8224,4960,1272,55218,306000000,1728000
1791127995.8725,4960,1272,55281,306000000,1728000
1791127995.9226,4960,1280,55187,306000000,1728000
1791127995.9727,4960,1280,55250,306000000,1728000
1791127996.0228,4960,1288,55406,306000000,1728000
1791127996.0729,4960,1288,55250,306000000,1728000
1791127996.1230,4960,1280,55437,306000000,1728000
1791127996.1731,4960,1280,55187,306000000,1728000
1791127996.2232,4960,1280,55375,306000000,1728000
1791127996.2733,4960,1280,55250,306000000,1728000
1791127996.3234,4960,1272,55375,306000000,1728000
1791127996.3735,4960,1272,55218,306000000,1728000
1791127996.4236,4960,1272,55375,306000000,1728000
1791127996.4737,4960,1272,55156,306000000,1728000
1791127996.5238,4960,1280,55218,306000000,1267200
1791127996.5738,4960,1288,55468,306000000,1728000
1791127996.6239,4960,1280,55218,306000000,1728000
1791127996.6740,4960,1280,55406,306000000,1728000
1791127996.7241,4960,1280,55187,306000000,1728000
1791127996.7742,4960,1280,55281,306000000,1728000
1791127996.8243,4960,1272,55281,306000000,1728000
1791127996.8744,4960,1280,55281,306000000,1728000
1791127996.9245,4960,1272,55218,306000000,1728000
1791127996.9746,4960,1272,55250,306000000,1728000
1791127997.0247,4960,1272,55406,306000000,1728000
1791127997.0748,4960,1280,55312,306000000,1728000
1791127997.1249,4960,1280,55375,306000000,1728000
1791127997.1750,4960,1280,55187,306000000,1728000
1791127997.2251,4960,1280,55312,306000000,1728000
1791127997.2752,4960,1272,55187,306000000,1728000
1791127997.3253,4960,1280,55281,306000000,1728000
1791127997.3754,4960,1272,55156,306000000,1728000
1791127997.4255,4960,1272,55312,306000000,1728000
1791127997.4755,4960,1272,55375,306000000,1728000
1791127997.5256,4960,1280,55343,306000000,1728000
1791127997.5757,4960,1272,55312,306000000,1728000
1791127997.6258,4960,1272,55218,306000000,1267200
1791127997.6759,4960,1288,55281,306000000,1728000
1791127997.7260,4960,1288,55187,306000000,1728000
1791127997.7761,4960,1280,55218,306000000,1728000
1791127997.8262,4960,1280,55187,306000000,1728000
1791127997.8763,4960,1280,55281,306000000,1728000
1791127997.9264,4960,1272,55375,306000000,1728000
1791127997.9765,4960,1272,55187,306000000,1728000
1791127998.0266,4960,1272,55343,306000000,1728000
1791127998.0766,4960,1264,55187,306000000,1728000
1791127998.1267,4960,1272,55312,306000000,1728000
1791127998.1768,4960,1272,55156,306000000,1728000
1791127998.2269,4960,1280,55343,306000000,1497600
1791127998.2770,4960,1280,55156,306000000,1728000
1791127998.3271,4960,1280,55187,306000000,1728000
1791127998.3772,4960,1272,55375,306000000,1728000
1791127998.4272,4960,1272,55187,306000000,1728000
1791127998.4773,4960,1272,55375,306000000,1728000
1791127998.5274,4960,1264,55250,306000000,1728000
1791127998.5775,4960,1272,55312,306000000,1728000
1791127998.6276,4960,1264,55156,306000000,1728000
1791127998.6777,4960,1264,55406,306000000,1728000
1791127998.7277,4960,1264,55156,306000000,1728000
1791127998.7778,4960,1280,55281,306000000,1728000
1791127998.8279,4960,1280,55125,306000000,1728000
1791127998.8780,4960,1280,55218,306000000,1728000
1791127998.9281,4960,1280,55406,306000000,1728000
1791127998.9782,4960,1280,55250,306000000,1728000
1791127999.0283,4960,1272,55312,306000000,1728000
1791127999.0784,4960,1272,55218,306000000,1728000
1791127999.1285,4960,1272,55187,306000000,1728000
1791127999.1785,4960,1272,55187,306000000,1728000
1791127999.2286,4960,1272,55187,306000000,1728000
1791127999.2787,4960,1272,55125,306000000,1728000
1791127999.3288,4960,1288,55187,306000000,1728000
1791127999.3789,4960,1288,55406,306000000,1728000
1791127999.4290,4960,1280,55250,306000000,1728000
1791127999.4791,4960,1280,55375,306000000,1728000
1791127999.5292,4960,1280,55218,306000000,1728000
1791127999.5792,4960,1272,55312,306000000,1728000
1791127999.6293,4960,1272,55218,306000000,1728000
1791127999.6794,4960,1272,55375,306000000,1728000
1791127999.7295,4960,1264,55156,306000000,1728000
1791127999.7796,4960,1272,55187,306000000,1728000
1791127999.8297,4960,1272,55375,306000000,1728000
1791127999.8798,4960,1280,55218,306000000,1728000
1791127999.9299,4960,1288,55437,306000000,1728000
1791127999.9800,4960,1288,55187,306000000,1728000
1791128000.0300,4960,1288,55312,306000000,1728000
1791128000.0801,4960,1280,55187,306000000,1728000
1791128000.1302,4960,1280,55250,306000000,1728000
1791128000.1803,4960,1272,55125,306000000,1728000
1791128000.2304,4960,1272,55125,306000000,1728000
1791128000.2805,4960,1272,55343,306000000,1728000
1791128000.3305,4960,1264,55281,306000000,1728000
1791128000.3806,4960,1264,55375,306000000,1728000
1791128000.4307,4960,1272,55187,306000000,1267200
1791128000.4808,4960,1280,55281,306000000,1728000
1791128000.5309,4960,1280,55156,306000000,1728000
1791128000.5810,4960,1280,55343,306000000,1728000
1791128000.6311,4960,1280,55218,306000000,1728000
1791128000.6812,4960,1272,55312,306000000,1728000
1791128000.7312,4960,1272,55437,306000000,1728000
1791128000.7813,4960,1280,55250,306000000,1728000
1791128000.8314,4960,1272,55406,306000000,1728000
1791128000.8815,4960,1272,55187,306000000,1728000
1791128000.9316,4960,1272,55343,306000000,1728000
1791128000.9816,4960,1272,55250,306000000,1728000
1791128001.0317,4960,1280,55281,306000000,1728000
1791128001.0818,4960,1288,55187,306000000,1728000
1791128001.1319,4960,1288,55250,306000000,1728000
1791128001.1820,4960,1280,55437,306000000,1728000
1791128001.2321,4960,1280,55312,306000000,1728000
1791128001.2822,4960,1280,55437,306000000,1728000
1791128001.3322,4960,1272,55250,306000000,1728000
1791128001.3823,4960,1272,55250,306000000,1728000
1791128001.4324,4960,1280,55218,306000000,1728000
1791128001.4825,4960,1280,55312,306000000,1728000
1791128001.5326,4960,1272,55187,306000000,1728000
1791128001.5827,4960,1280,55250,306000000,1344000
1791128001.6328,4960,1288,55125,306000000,1728000
1791128001.6828,4960,1288,55218,306000000,1728000
1791128001.7329,4960,1280,55375,306000000,1728000
1791128001.7830,4960,1280,55312,306000000,1728000
1791128001.8331,4960,1272,55406,306000000,1728000
1791128001.8832,4960,1272,55187,306000000,1728000
1791128001.9333,4960,1280,55250,306000000,1728000
1791128001.9834,4960,1280,55250,306000000,1728000
1791128002.0335,4960,1272,55343,306000000,1728000
1791128002.0836,4960,1280,55125,306000000,1728000
1791128002.1337,4960,1288,55281,306000000,1728000
1791128002.1838,4960,1288,55437,306000000,1728000
1791128002.2338,4960,1280,55312,306000000,1728000
1791128002.2839,4960,1288,55437,306000000,1728000
1791128002.3340,4960,1280,55218,306000000,1728000
1791128002.3841,4960,1280,55343,306000000,1728000
1791128002.4342,4960,1280,55281,306000000,1728000
1791128002.4843,4960,1272,55250,306000000,1728000
1791128002.5343,4960,1272,55218,306000000,1728000
1791128002.5844,4960,1272,55250,306000000,1728000
1791128002.6345,4960,1272,55406,306000000,1728000
1791128002.6846,4960,1272,55312,306000000,1728000
1791128002.7347,4960,1288,55437,306000000,1728000
1791128002.7848,4960,1280,55187,306000000,1728000
1791128002.8349,4960,1272,55281,306000000,1728000
1791128002.8850,4960,1272,55218,306000000,1728000
1791128002.9351,4960,1272,55343,306000000,1728000
1791128002.9852,4960,1272,55250,306000000,1728000
1791128003.0353,4960,1272,55312,306000000,1728000
1791128003.0853,4960,1280,55468,306000000,1728000
1791128003.1354,4960,1272,55343,306000000,1728000
1791128003.1855,4960,1272,55406,306000000,1728000
1791128003.2356,4960,1280,55343,306000000,1344000
1791128003.2857,4960,1288,55250,306000000,1728000
1791128003.3358,4960,1288,55218,306000000,1728000
1791128003.3859,4960,1288,55250,306000000,1728000
1791128003.4359,4960,1288,55250,306000000,1728000
1791128003.4860,4960,1288,55218,306000000,1728000
1791128003.5361,4960,1280,55343,306000000,1728000
1791128003.5862,4960,1280,55156,306000000,1728000
1791128003.6363,4960,1280,55437,306000000,1728000
1791128003.6863,4960,1272,55250,306000000,1728000
1791128003.7364,4960,1272,55218,306000000,1728000
1791128003.7865,4960,1280,55218,306000000,1728000
1791128003.8366,4960,1280,55312,306000000,1728000
1791128003.8867,4960,1280,55218,306000000,1728000
1791128003.9368,4960,1280,55250,306000000,1728000
1791128003.9869,4960,1272,55187,306000000,1728000
1791128004.0370,4960,1280,55187,306000000,1728000
1791128004.0871,4960,1280,55406,306000000,1728000
1791128004.1372,4960,1272,55156,306000000,1728000
1791128004.1873,4960,1272,55250,306000000,1728000
1791128004.2374,4960,1272,55218,306000000,1728000
1791128004.2874,4960,1272,55312,306000000,1728000
1791128004.3375,4960,1272,55218,306000000,1728000
1791128004.3876,4960,1288,55250,306000000,1420800
1791128004.4377,4960,1288,55156,306000000,1728000
1791128004.4878,4960,1280,55250,306000000,1728000
1791128004.5379,4960,1280,55406,306000000,1728000
1791128004.5880,4960,1280,55218,306000000,1728000
1791128004.6380,4960,1272,55406,306000000,1728000
1791128004.6881,4960,1280,55156,306000000,1728000
1791128004.7382,4960,1272,55281,306000000,1728000
1791128004.7883,4960,1272,55156,306000000,1728000
1791128004.8384,4960,1272,55281,306000000,1728000
1791128004.8885,4960,1272,55187,306000000,1728000
1791128004.9386,4960,1280,55156,306000000,1344000
1791128004.9887,4960,1280,55375,306000000,1728000
1791128005.0388,4960,1288,55187,306000000,1728000
1791128005.0888,4960,1280,55375,306000000,1728000
1791128005.1389,4960,1280,55187,306000000,1728000
1791128005.1890,4960,1280,55250,306000000,1728000
1791128005.2391,4960,1280,55281,306000000,1728000
1791128005.2892,4960,1272,55218,306000000,1728000
1791128005.3393,4960,1272,55218,306000000,1728000
1791128005.3893,4960,1272,55250,306000000,1728000
1791128005.4394,4960,1272,55343,306000000,1728000
1791128005.4895,4960,1280,55250,306000000,1267200
1791128005.5396,4960,1288,55250,306000000,1728000
1791128005.5897,4960,1280,55218,306000000,1728000
1791128005.6398,4960,1280,55375,306000000,1728000
1791128005.6899,4960,1280,55187,306000000,1728000
1791128005.7399,4960,1280,55312,306000000,1728000
1791128005.7900,4960,1272,55187,306000000,1728000
1791128005.8401,4960,1272,55093,306000000,1728000
1791128005.8902,4960,1272,55406,306000000,1728000
1791128005.9402,4960,1272,55187,306000000,1728000
1791128005.9903,4960,1272,55312,306000000,1728000
1791128006.0404,4960,1280,55250,306000000,1728000
1791128006.0905,4960,1288,55250,306000000,1728000
1791128006.1406,4960,1288,55250,306000000,1728000
1791128006.1907,4960,1288,55312,306000000,1728000
1791128006.2408,4960,1272,55187,306000000,1728000
1791128006.2909,4960,1272,55312,306000000,1728000
1791128006.3410,4960,1272,55187,306000000,1728000
1791128006.3911,4960,1264,55218,306000000,1728000
1791128006.4411,4960,1272,55375,306000000,1728000
1791128006.4912,4960,1272,55218,306000000,1728000
1791128006.5413,4960,1272,55312,306000000,1728000
1791128006.5914,4960,1272,55250,306000000,1728000
1791128006.6415,4960,1296,55312,306000000,1728000
1791128006.6916,4960,1288,55250,306000000,1728000
1791128006.7417,4960,1288,55250,306000000,1728000
1791128006.7918,4960,1288,55218,306000000,1728000
1791128006.8418,4960,1280,55250,306000000,1728000
1791128006.8919,4960,1280,55437,306000000,1728000
1791128006.9420,4960,1280,55250,306000000,1728000
1791128006.9921,4960,1280,55312,306000000,1728000
1791128007.0422,4960,1272,55250,306000000,1728000
1791128007.0923,4960,1272,55250,306000000,1728000
1791128007.1423,4960,1280,55156,306000000,1728000
1791128007.1924,4960,1280,55312,306000000,1728000
1791128007.2425,4960,1288,55250,306000000,1728000
1791128007.2926,4960,1288,55250,306000000,1728000
1791128007.3427,4960,1280,55343,306000000,1728000
1791128007.3928,4960,1280,55187,306000000,1728000
1791128007.4429,4960,1280,55312,306000000,1728000
1791128007.4930,4960,1272,55218,306000000,1728000
1791128007.5431,4960,1272,55312,306000000,1728000
1791128007.5932,4960,1272,55187,306000000,1728000
1791128007.6433,4960,1272,55343,306000000,1728000
1791128007.6934,4960,1272,55156,306000000,1728000
1791128007.7435,4960,1280,55187,306000000,1344000
1791128007.7935,4960,1280,55406,306000000,1728000
1791128007.8436,4960,1280,55187,306000000,1728000
1791128007.8937,4960,1280,55406,306000000,1728000
1791128007.9438,4960,1272,55218,306000000,1728000
1791128007.9939,4960,1272,55343,306000000,1728000
1791128008.0440,4960,1272,55187,306000000,1728000
1791128008.0941,4960,1272,55218,306000000,1728000
1791128008.1442,4960,1264,55156,306000000,1728000
1791128008.1943,4960,1264,55281,306000000,1728000
1791128008.2443,4960,1272,55406,306000000,1728000
1791128008.2945,4960,1272,55250,306000000,1344000
1791128008.3446,4960,1272,55312,306000000,1728000
1791128008.3947,4960,1280,55187,306000000,1728000
1791128008.4448,4960,1280,55218,306000000,1728000
1791128008.4948,4960,1272,55312,306000000,1728000
1791128008.5449,4960,1272,55281,306000000,1728000
1791128008.5950,4960,1272,55250,306000000,1728000
1791128008.6451,4960,1264,55187,306000000,1728000
1791128008.6952,4960,1264,55156,306000000,1728000
1791128008.7453,4960,1264,55187,306000000,1728000
1791128008.7953,4960,1264,55406,306000000,1728000
1791128008.8454,4960,1272,55250,306000000,1728000
1791128008.8955,4960,1280,55281,306000000,1728000
1791128008.9456,4960,1280,55187,306000000,1728000
1791128008.9957,4960,1280,55281,306000000,1728000
1791128009.0458,4960,1272,55156,306000000,1728000
1791128009.0959,4960,1272,55250,306000000,1728000
1791128009.1459,4960,1272,55062,306000000,1728000
1791128009.1960,4960,1272,55281,306000000,1728000
1791128009.2461,4960,1264,55468,306000000,1728000
1791128009.2962,4960,1272,55281,306000000,1728000
1791128009.3463,4960,1264,55343,306000000,1728000
1791128009.3964,4960,1264,55156,306000000,1728000
1791128009.4465,4960,1280,55343,306000000,1344000
1791128009.4966,4960,1288,55156,306000000,1728000
1791128009.5467,4960,1280,55250,306000000,1728000
1791128009.5968,4960,1280,55093,306000000,1728000
1791128009.6469,4960,1288,55187,306000000,1728000
1791128009.6969,4960,1288,55343,306000000,1728000
1791128009.7470,4960,1280,55218,306000000,1728000
1791128009.7971,4960,1280,55281,306000000,1728000
1791128009.8472,4960,1272,55156,306000000,1728000
1791128009.8973,4960,1272,55281,306000000,1728000
1791128009.9473,4960,1272,55156,306000000,1728000
1791128009.9974,4960,1280,55343,306000000,1728000
1791128010.0475,4960,1280,55156,306000000,1728000
1791128010.0976,4960,1280,55218,306000000,1728000
1791128010.1477,4960,1280,55437,306000000,1728000
1791128010.1978,4960,1280,55218,306000000,1728000
1791128010.2479,4960,1272,55343,306000000,1728000
1791128010.2980,4960,1280,55187,306000000,1728000
1791128010.3480,4960,1280,55281,306000000,1728000
1791128010.3981,4960,1280,55187,306000000,1728000
1791128010.4482,4960,1272,55375,306000000,1728000
1791128010.4983,4960,1272,55156,306000000,1728000
1791128010.5484,4960,1288,55218,306000000,1728000
1791128010.5985,4960,1280,55375,306000000,1728000
1791128010.6486,4960,1280,55281,306000000,1728000
1791128010.6986,4960,1280,55406,306000000,1728000
1791128010.7487,4960,1272,55250,306000000,1728000
1791128010.7988,4960,1272,55250,306000000,1728000
1791128010.8489,4960,1280,55187,306000000,1728000
1791128010.8990,4960,1264,55312,306000000,1728000
1791128010.9490,4960,1272,55093,306000000,1728000
1791128010.9991,4960,1272,55156,306000000,1728000
1791128011.0492,4960,1264,55156,306000000,1728000
1791128011.0993,4960,1280,55187,306000000,1728000
1791128011.1494,4960,1288,55406,306000000,1728000
1791128011.1995,4960,1288,55187,306000000,1728000
1791128011.2496,4960,1280,55250,306000000,1728000
1791128011.2997,4960,1280,55156,306000000,1728000
1791128011.3497,4960,1280,55281,306000000,1728000
1791128011.3998,4960,1280,55250,306000000,1728000
1791128011.4499,4960,1280,55281,306000000,1728000
1791128011.5000,4960,1280,55125,306000000,1728000
1791128011.5500,4960,1280,55218,306000000,1728000
1791128011.6001,4960,1280,55406,306000000,1728000
1791128011.6502,4960,1280,55250,306000000,1728000
1791128011.7003,4960,1288,55343,306000000,1728000
1791128011.7504,4960,1288,55187,306000000,1728000
1791128011.8005,4960,1288,55343,306000000,1728000
1791128011.8506,4960,1280,55218,306000000,1728000
1791128011.9007,4960,1280,55218,306000000,1728000
1791128011.9507,4960,1280,55125,306000000,1728000
1791128012.0008,4960,1280,55218,306000000,1728000
1791128012.0509,4960,1272,55375,306000000,1728000
1791128012.1010,4960,1280,55156,306000000,1728000
1791128012.1511,4960,1272,55312,306000000,1728000
1791128012.2011,4960,1272,55187,306000000,1728000
1791128012.2512,4960,1288,55281,306000000,1728000
1791128012.3013,4960,1288,55156,306000000,1728000
1791128012.3514,4960,1280,55218,306000000,1728000
1791128012.4015,4960,1288,55093,306000000,1728000
1791128012.4516,4960,1288,55187,306000000,1728000
1791128012.5017,4960,1272,55500,306000000,1728000
1791128012.5518,4960,1280,55281,306000000,1728000
1791128012.6018,4960,1280,55343,306000000,1728000
1791128012.6519,4960,1272,55156,306000000,1728000
1791128012.7020,4960,1272,55250,306000000,1728000
1791128012.7521,4960,1272,55125,306000000,1728000
1791128012.8022,4960,1280,55250,306000000,1728000
1791128012.8523,4960,1280,55187,306000000,1728000
1791128012.9023,4960,1280,55250,306000000,1728000
1791128012.9524,4960,1280,55406,306000000,1728000
1791128013.0025,4960,1272,55218,306000000,1728000
1791128013.0526,4960,1280,55312,306000000,1728000
1791128013.1026,4960,1272,55156,306000000,1728000
1791128013.1527,4960,1272,55281,306000000,1728000
1791128013.2028,4960,1272,55156,306000000,1728000
1791128013.2529,4960,1280,55281,306000000,1728000
1791128013.3030,4960,1272,55218,306000000,1728000
1791128013.3531,4960,1288,55281,306000000,1728000
1791128013.4032,4960,1288,55093,306000000,1728000
1791128013.4533,4960,1288,55218,306000000,1728000
1791128013.5033,4960,1280,55312,306000000,1728000
1791128013.5534,4960,1280,55187,306000000,1728000
1791128013.6035,4960,1280,55312,306000000,1728000
1791128013.6536,4960,1272,55218,306000000,1728000
1791128013.7036,4960,1272,55281,306000000,1728000
1791128013.7537,4960,1272,55156,306000000,1728000
1791128013.8038,4960,1272,55218,306000000,1728000
1791128013.8539,4960,1272,55218,306000000,1728000
1791128013.9040,4960,1288,55281,306000000,1728000
1791128013.9541,4960,1288,55375,306000000,1728000
1791128014.0042,4960,1288,55250,306000000,1728000
1791128014.0542,4960,1288,55250,306000000,1728000
1791128014.1043,4960,1280,55156,306000000,1728000
1791128014.1544,4960,1280,55343,306000000,1728000
1791128014.2045,4960,1280,55156,306000000,1728000
1791128014.2546,4960,1272,55281,306000000,1728000
1791128014.3046,4960,1272,55156,306000000,1728000
1791128014.3547,4960,1272,55125,306000000,1728000
1791128014.4048,4960,1264,55312,306000000,1728000
1791128014.4549,4960,1280,55156,306000000,1420800
1791128014.5050,4960,1288,55312,306000000,1728000
1791128014.5550,4960,1288,55093,306000000,1728000
1791128014.6051,4960,1280,55250,306000000,1728000
1791128014.6552,4960,1280,55125,306000000,1728000
1791128014.7053,4960,1280,55187,306000000,1728000
1791128014.7554,4960,1272,55187,306000000,1728000
1791128014.8055,4960,1280,55250,306000000,1728000
1791128014.8556,4960,1280,55406,306000000,1728000
1791128014.9057,4960,1272,55093,306000000,1728000
1791128014.9557,4960,1272,55281,306000000,1728000
1791128015.0058,4960,1280,55062,306000000,1728000
1791128015.0559,4960,1280,55250,306000000,1728000
1791128015.1060,4960,1280,55187,306000000,1728000
1791128015.1561,4960,1280,55250,306000000,1728000
1791128015.2062,4960,1272,55125,306000000,1728000
1791128015.2563,4960,1272,55218,306000000,1728000
1791128015.3063,4960,1272,55406,306000000,1728000
1791128015.3564,4960,1272,55250,306000000,1728000
1791128015.4065,4960,1272,55312,306000000,1728000
1791128015.4566,4960,1272,55156,306000000,1728000
1791128015.5067,4960,1264,55281,306000000,1728000
1791128015.5567,4960,1272,55093,306000000,1728000
1791128015.6068,4960,1288,55250,306000000,1497600
1791128015.6569,4960,1288,55187,306000000,1728000
1791128015.7070,4960,1280,55218,306000000,1728000
1791128015.7571,4960,1280,55218,306000000,1728000
1791128015.8072,4960,1280,55218,306000000,1728000
1791128015.8573,4960,1272,55281,306000000,1728000
1791128015.9073,4960,1280,55218,306000000,1728000
1791128015.9574,4960,1280,55343,306000000,1728000
1791128016.0075,4960,1272,55187,306000000,1728000
1791128016.0576,4960,1272,55250,306000000,1728000
1791128016.1077,4960,1280,55156,306000000,1728000
1791128016.1578,4960,1280,55281,306000000,1728000
1791128016.2078,4960,1288,55093,306000000,1728000
1791128016.2579,4960,1288,55187,306000000,1728000
1791128016.3080,4960,1280,55281,306000000,1728000
1791128016.3581,4960,1280,55187,306000000,1728000
1791128016.4082,4960,1280,55281,306000000,1728000
1791128016.4583,4960,1280,55093,306000000,1728000
1791128016.5083,4960,1272,55218,306000000,1728000
1791128016.5584,4960,1272,55093,306000000,1728000
1791128016.6085,4960,1272,55281,306000000,1728000
1791128016.6586,4960,1264,55156,306000000,1728000
1791128016.7087,4960,1280,55187,306000000,1728000
1791128016.7588,4960,1288,55468,306000000,1728000
1791128016.8089,4960,1280,55156,306000000,1728000
1791128016.8589,4960,1280,55187,306000000,1728000
1791128016.9090,4960,1280,55156,306000000,1728000
1791128016.9591,4960,1272,55187,306000000,1728000
1791128017.0092,4960,1280,55187,306000000,1728000
1791128017.0593,4960,1280,55187,306000000,1728000
1791128017.1093,4960,1272,55187,306000000,1728000
1791128017.1594,4960,1272,55156,306000000,1728000
1791128017.2095,4960,1264,55281,306000000,1728000
1791128017.2596,4960,1272,55187,306000000,1497600
1791128017.3097,4960,1288,55312,306000000,1728000
1791128017.3598,4960,1288,55062,306000000,1728000
1791128017.4099,4960,1280,55312,306000000,1728000
1791128017.4600,4960,1288,55093,306000000,1728000
1791128017.5100,4960,1280,55218,306000000,1728000
1791128017.5601,4960,1280,55125,306000000,1728000
1791128017.6102,4960,1280,55250,306000000,1728000
1791128017.6603,4960,1280,55500,306000000,1728000
1791128017.7104,4960,1280,55218,306000000,1728000
1791128017.7605,4960,1280,55250,306000000,1728000
1791128017.8106,4960,1288,55156,306000000,1344000
1791128017.8607,4960,1296,55250,306000000,1728000
1791128017.9108,4960,1288,55125,306000000,1728000
1791128017.9609,4960,1288,55218,306000000,1728000
1791128018.0109,4960,1288,55093,306000000,1728000
1791128018.0610,4960,1280,55250,306000000,1728000
1791128018.1111,4960,1280,55156,306000000,1728000
1791128018.1612,4960,1280,55156,306000000,1728000
1791128018.2113,4960,1272,55250,306000000,1728000
1791128018.2614,4960,1272,55156,306000000,1728000
1791128018.3115,4960,1280,55250,306000000,1728000
1791128018.3616,4960,1280,55093,306000000,1267200
1791128018.4117,4960,1288,55312,306000000,1728000
1791128018.4618,4960,1288,55250,306000000,1728000
1791128018.5118,4960,1288,55218,306000000,1728000
1791128018.5619,4960,1280,55156,306000000,1728000
1791128018.6120,4960,1280,55125,306000000,1728000
1791128018.6621,4960,1280,55343,306000000,1728000
1791128018.7122,4960,1272,55125,306000000,1728000
1791128018.7622,4960,1272,55281,306000000,1728000
1791128018.8123,4960,1280,55156,306000000,1728000
1791128018.8624,4960,1280,55156,306000000,1728000
1791128018.9125,4960,1272,55187,306000000,1728000
1791128018.9626,4960,1288,55250,306000000,1420800
1791128019.0126,4960,1288,55156,306000000,1728000
1791128019.0627,4960,1280,55250,306000000,1728000
1791128019.1128,4960,1280,55281,306000000,1728000
1791128019.1629,4960,1280,55156,306000000,1728000
1791128019.2130,4960,1272,55250,306000000,1728000
1791128019.2630,4960,1272,55187,306000000,1728000
1791128019.3131,4960,1272,55281,306000000,1728000
1791128019.3632,4960,1272,55156,306000000,1728000
1791128019.4133,4960,1272,55281,306000000,1728000
1791128019.4634,4960,1280,55125,306000000,1728000
1791128019.5135,4960,1280,55187,306000000,1728000
1791128019.5636,4960,1304,55187,306000000,1728000
1791128019.6137,4960,1312,55187,306000000,1728000
1791128019.6637,4960,1320,55281,306000000,1728000
1791128019.7138,4960,1328,55156,306000000,1728000
1791128019.7639,4960,1328,55250,306000000,1728000
1791128019.8140,4960,1328,55093,306000000,1728000
1791128019.8641,4960,1320,55218,306000000,1728000
1791128019.9142,4960,1320,55156,306000000,1728000
1791128019.9643,4960,1320,55312,306000000,1728000
1791128020.0143,4960,1312,55250,306000000,1728000
1791128020.0644,4960,1312,55218,306000000,1728000
1791128020.1145,4960,1320,55343,306000000,1728000
1791128020.1646,4960,1312,55250,306000000,1728000
1791128020.2147,4960,1304,55312,306000000,1728000
1791128020.2648,4960,1304,55156,306000000,1728000
1791128020.3149,4960,1296,55281,306000000,1728000
1791128020.3649,4960,1288,55125,306000000,1728000
1791128020.4150,4960,1296,55187,306000000,1728000
1791128020.4651,4960,1288,55312,306000000,1728000
1791128020.5152,4960,1288,55125,306000000,1728000
1791128020.5653,4960,1288,55312,306000000,1728000
1791128020.6154,4960,1296,55125,306000000,1344000
1791128020.6655,4960,1296,55281,306000000,1728000
1791128020.7155,4960,1296,55156,306000000,1728000
1791128020.7656,4960,1296,55156,306000000,1728000
1791128020.8157,4960,1288,55125,306000000,1728000
1791128020.8658,4960,1288,55187,306000000,1728000
1791128020.9159,4960,1288,55281,306000000,1728000
1791128020.9659,4960,1288,55218,306000000,1728000
1791128021.0160,4960,1280,55375,306000000,1728000
1791128021.0661,4960,1280,55218,306000000,1728000
1791128021.1162,4960,1280,55250,306000000,1728000
1791128021.1663,4960,1280,55187,306000000,1728000
1791128021.2164,4960,1288,55312,306000000,1728000
1791128021.2665,4960,1288,55125,306000000,1728000
1791128021.3166,4960,1288,55281,306000000,1728000
1791128021.3666,4960,1280,55218,306000000,1728000
1791128021.4167,4960,1280,55218,306000000,1728000
1791128021.4668,4960,1280,55312,306000000,1728000
1791128021.5169,4960,1288,55187,306000000,1728000
1791128021.5670,4960,1280,55187,306000000,1728000
1791128021.6171,4960,1280,55156,306000000,1728000
1791128021.6671,4960,1280,55125,306000000,1728000
1791128021.7172,4960,1280,55156,306000000,1728000
1791128021.7673,4960,1288,55187,306000000,1728000
1791128021.8174,4960,1288,55156,306000000,1728000
1791128021.8675,4960,1288,55156,306000000,1728000
1791128021.9176,4960,1288,55218,306000000,1728000
1791128021.9677,4960,1280,55125,306000000,1728000
1791128022.0177,4960,1280,55281,306000000,1728000
1791128022.0678,4960,1280,55062,306000000,1728000
1791128022.1179,4960,1272,55281,306000000,1728000
1791128022.1680,4960,1272,55093,306000000,1728000
1791128022.2181,4960,1280,55218,306000000,1728000
1791128022.2681,4960,1280,55187,306000000,1728000
1791128022.3182,4960,1280,55218,306000000,1344000
1791128022.3683,4960,1288,55312,306000000,1728000
1791128022.4184,4960,1288,55125,306000000,1728000
1791128022.4685,4960,1288,55250,306000000,1728000
1791128022.5186,4960,1280,55250,306000000,1728000
1791128022.5687,4960,1288,55187,306000000,1728000
1791128022.6188,4960,1280,55093,306000000,1728000
1791128022.6689,4960,1280,55187,306000000,1728000
1791128022.7190,4960,1280,55156,306000000,1728000
1791128022.7690,4960,1280,55218,306000000,1728000
1791128022.8191,4960,1272,55250,306000000,1728000
1791128022.8692,4960,1288,55218,306000000,1728000
1791128022.9193,4960,1296,55312,306000000,1728000
1791128022.9694,4960,1288,55218,306000000,1728000
1791128023.0195,4960,1288,55218,306000000,1728000
1791128023.0696,4960,1288,55125,306000000,1728000
1791128023.1197,4960,1280,55218,306000000,1728000
1791128023.1697,4960,1272,55218,306000000,1728000
1791128023.2198,4960,1272,55187,306000000,1728000
1791128023.2699,4960,1272,55312,306000000,1728000
1791128023.3200,4960,1272,55125,306000000,1728000
1791128023.3701,4960,1272,55281,306000000,1728000
1791128023.4202,4960,1280,55218,306000000,1728000
1791128023.4703,4960,1288,55312,306000000,1728000
1791128023.5204,4960,1288,55062,306000000,1728000
1791128023.5705,4960,1288,55218,306000000,1728000
1791128023.6205,4960,1280,55093,306000000,1728000
1791128023.6706,4960,1272,55250,306000000,1728000
1791128023.7207,4960,1272,55281,306000000,1728000
1791128023.7708,4960,1272,55250,306000000,1728000
1791128023.8208,4960,1272,55281,306000000,1728000
1791128023.8709,4960,1272,55187,306000000,1728000
1791128023.9210,4960,1272,55312,306000000,1728000
1791128023.9711,4960,1272,55187,306000000,1728000
1791128024.0212,4960,1288,55250,306000000,1728000
1791128024.0713,4960,1280,55125,306000000,1728000
1791128024.1213,4960,1272,55187,306000000,1728000
1791128024.1714,4960,1280,55187,306000000,1728000
1791128024.2215,4960,1280,55187,306000000,1728000
1791128024.2716,4960,1272,55312,306000000,1728000
1791128024.3217,4960,1272,55187,306000000,1728000
1791128024.3717,4960,1272,55281,306000000,1728000
1791128024.4218,4960,1272,55156,306000000,1728000
1791128024.4719,4960,1264,55218,306000000,1728000
1791128024.5220,4960,1272,55093,306000000,1267200
1791128024.5721,4960,1288,55218,306000000,1420800
1791128024.6222,4960,1280,55125,306000000,1728000
1791128024.6723,4960,1280,55187,306000000,1728000
1791128024.7224,4960,1280,55312,306000000,1728000
1791128024.7724,4960,1280,55156,306000000,1728000
1791128024.8225,4960,1272,55312,306000000,1728000
1791128024.8726,4960,1272,55156,306000000,1728000
1791128024.9227,4960,1272,55312,306000000,1728000
1791128024.9727,4960,1264,55093,306000000,1728000
1791128025.0228,4960,1272,55218,306000000,1728000
1791128025.0729,4960,1272,55125,306000000,1728000
1791128025.1230,4960,1280,55125,306000000,1728000
1791128025.1731,4960,1288,55281,306000000,1728000
1791128025.2232,4960,1288,55187,306000000,1728000
1791128025.2733,4960,1288,55218,306000000,1728000
1791128025.3233,4960,1280,55093,306000000,1728000
1791128025.3734,4960,1280,55125,306000000,1728000
1791128025.4235,4960,1272,55156,306000000,1728000
1791128025.4736,4960,1272,55218,306000000,1728000
1791128025.5237,4960,1280,55093,306000000,1728000
1791128025.5738,4960,1280,55187,306000000,1728000
1791128025.6239,4960,1272,55218,306000000,1728000
1791128025.6740,4960,1280,55156,306000000,1728000
1791128025.7241,4960,1288,55218,306000000,1728000
1791128025.7741,4960,1288,55093,306000000,1728000
1791128025.8242,4960,1280,55250,306000000,1728000
1791128025.8743,4960,1280,55125,306000000,1728000
1791128025.9244,4960,1280,55093,306000000,1728000
1791128025.9745,4960,1280,55093,306000000,1728000
1791128026.0245,4960,1272,55250,306000000,1728000
1791128026.0746,4960,1272,55250,306000000,1728000
1791128026.1247,4960,1272,55093,306000000,1728000
1791128026.1748,4960,1264,55187,306000000,1728000
1791128026.2249,4960,1280,55093,306000000,1728000
1791128026.2750,4960,1288,55218,306000000,1728000
1791128026.3251,4960,1280,55187,306000000,1728000
1791128026.3751,4960,1280,55156,306000000,1728000
1791128026.4253,4960,1280,55125,306000000,1728000
1791128026.4753,4960,1272,55218,306000000,1728000
1791128026.5254,4960,1272,55187,306000000,1728000
1791128026.5755,4960,1272,55156,306000000,1728000
1791128026.6256,4960,1264,55281,306000000,1728000
1791128026.6757,4960,1272,55125,306000000,1728000
1791128026.7258,4960,1272,55250,306000000,1728000
1791128026.7759,4960,1272,55187,306000000,1728000
1791128026.8260,4960,1288,55250,306000000,1728000
1791128026.8761,4960,1288,55093,306000000,1728000
1791128026.9261,4960,1280,55218,306000000,1728000
1791128026.9762,4960,1280,55281,306000000,1728000
1791128027.0263,4960,1280,55187,306000000,1728000
1791128027.0764,4960,1272,55281,306000000,1728000
1791128027.1265,4960,1272,55187,306000000,1728000
1791128027.1765,4960,1272,55218,306000000,1728000
1791128027.2266,4960,1272,55093,306000000,1728000
1791128027.2767,4960,1264,55218,306000000,1728000
1791128027.3268,4960,1272,55125,306000000,1267200
1791128027.3769,4960,1280,55187,306000000,1728000
1791128027.4270,4960,1280,55062,306000000,1728000
1791128027.4771,4960,1272,55156,306000000,1728000
1791128027.5272,4960,1272,55281,306000000,1728000
1791128027.5772,4960,1272,55062,306000000,1728000
1791128027.6273,4960,1272,55187,306000000,1728000
1791128027.6774,4960,1272,55156,306000000,1728000
1791128027.7275,4960,1272,55250,306000000,1728000
1791128027.7776,4960,1272,55125,306000000,1728000
1791128027.8277,4960,1272,55156,306000000,1728000
1791128027.8778,4960,1272,55093,306000000,1267200
1791128027.9279,4960,1280,55093,306000000,1728000
1791128027.9780,4960,1280,55312,306000000,1728000
1791128028.0281,4960,1280,55187,306000000,1728000
1791128028.0782,4960,1280,55250,306000000,1728000
1791128028.1282,4960,1272,55187,306000000,1728000
1791128028.1783,4960,1272,55187,306000000,1728000
1791128028.2284,4960,1272,55156,306000000,1728000
1791128028.2785,4960,1272,55156,306000000,1728000
1791128028.3286,4960,1272,55062,306000000,1728000
1791128028.3786,4960,1272,55093,306000000,1728000
1791128028.4287,4960,1272,55343,306000000,1728000
1791128028.4788,4960,1288,55156,306000000,1344000
1791128028.5289,4960,1288,55375,306000000,1728000
1791128028.5790,4960,1288,55093,306000000,1728000
1791128028.6291,4960,1280,55187,306000000,1728000
1791128028.6792,4960,1280,55093,306000000,1728000
1791128028.7293,4960,1288,55156,306000000,1728000
1791128028.7794,4960,1272,55093,306000000,1728000
1791128028.8294,4960,1272,55156,306000000,1728000
1791128028.8795,4960,1280,55250,306000000,1728000
1791128028.9296,4960,1272,55125,306000000,1728000
1791128028.9797,4960,1264,55250,306000000,1728000
1791128029.0298,4960,1280,55156,306000000,1267200
1791128029.0799,4960,1288,55187,306000000,1728000
1791128029.1299,4960,1280,55187,306000000,1728000
1791128029.1800,4960,1280,55218,306000000,1728000
1791128029.2301,4960,1280,55062,306000000,1728000
1791128029.2802,4960,1272,55156,306000000,1728000
1791128029.3303,4960,1272,55312,306000000,1728000
1791128029.3803,4960,1272,55187,306000000,1728000
1791128029.4304,4960,1272,55218,306000000,1728000
1791128029.4805,4960,1272,55187,306000000,1728000
1791128029.5306,4960,1272,55187,306000000,1728000
1791128029.5807,4960,1272,55125,306000000,1728000
1791128029.6308,4960,1280,55156,306000000,1728000
1791128029.6809,4960,1288,55093,306000000,1728000
1791128029.7310,4960,1280,55187,306000000,1728000
1791128029.7810,4960,1272,55281,306000000,1728000
1791128029.8311,4960,1280,55125,306000000,1728000
1791128029.8812,4960,1272,55218,306000000,1728000
1791128029.9313,4960,1272,55125,306000000,1728000
1791128029.9822,4960,1272,55187,306000000,1728000
1791128030.0323,4960,1272,55156,306000000,1728000
1791128030.0824,4960,1272,55218,306000000,1728000
1791128030.1325,4960,1272,55093,306000000,1728000
1791128030.1826,4960,1288,55218,306000000,1728000
1791128030.2327,4960,1288,55156,306000000,1728000
1791128030.2827,4960,1280,55125,306000000,1728000
1791128030.3328,4960,1280,55218,306000000,1728000
1791128030.3829,4960,1288,55125,306000000,1728000
1791128030.4330,4960,1280,55218,306000000,1728000
1791128030.4831,4960,1280,55187,306000000,1728000
1791128030.5332,4960,1280,55218,306000000,1728000
1791128030.5832,4960,1280,55125,306000000,1728000
1791128030.6333,4960,1272,55218,306000000,1728000
1791128030.6834,4960,1272,55093,306000000,1190400
1791128030.7335,4960,1288,55156,306000000,1728000
1791128030.7836,4960,1280,55062,306000000,1728000
1791128030.8337,4960,1280,55125,306000000,1728000
1791128030.8838,4960,1280,55250,306000000,1728000
1791128030.9339,4960,1272,55093,306000000,1728000
1791128030.9840,4960,1272,55281,306000000,1728000
1791128031.0340,4960,1272,55062,306000000,1728000
1791128031.0841,4960,1272,55218,306000000,1728000
1791128031.1342,4960,1272,55156,306000000,1728000
1791128031.1843,4960,1272,55187,306000000,1728000
1791128031.2344,4960,1264,55187,306000000,1728000
1791128031.2845,4960,1280,55062,306000000,1728000
1791128031.3346,4960,1288,55218,306000000,1728000
1791128031.3846,4960,1280,55125,306000000,1728000
1791128031.4347,4960,1272,55218,306000000,1728000
1791128031.4848,4960,1272,55062,306000000,1728000
1791128031.5349,4960,1264,55156,306000000,1728000
1791128031.5850,4960,1272,55187,306000000,1728000
1791128031.6351,4960,1272,55187,306000000,1728000
1791128031.6851,4960,1264,55156,306000000,1728000
1791128031.7352,4960,1264,55125,306000000,1728000
1791128031.7853,4960,1272,55125,306000000,1728000
1791128031.8354,4960,1280,55093,306000000,1190400
1791128031.8855,4960,1280,55218,306000000,1728000
1791128031.9356,4960,1280,55156,306000000,1728000
1791128031.9857,4960,1280,55156,306000000,1728000
1791128032.0358,4960,1280,55125,306000000,1728000
1791128032.0859,4960,1280,55187,306000000,1728000
1791128032.1360,4960,1272,55093,306000000,1728000
1791128032.1860,4960,1264,55187,306000000,1728000
1791128032.2361,4960,1272,55218,306000000,1728000
1791128032.2862,4960,1264,55156,306000000,1728000
1791128032.3363,4960,1264,55250,306000000,1728000
1791128032.3864,4960,1272,55187,306000000,1728000
1791128032.4365,4960,1280,55218,306000000,1728000
1791128032.4866,4960,1272,55062,306000000,1728000
1791128032.5367,4960,1280,55218,306000000,1728000
1791128032.5868,4960,1264,55125,306000000,1728000
1791128032.6368,4960,1272,55156,306000000,1728000
1791128032.6869,4960,1272,55281,306000000,1728000
1791128032.7370,4960,1272,55125,306000000,1728000
1791128032.7871,4960,1272,55312,306000000,1728000
1791128032.8372,4960,1272,55093,306000000,1728000
1791128032.8873,4960,1272,55187,306000000,1728000
1791128032.9374,4960,1272,55125,306000000,1728000
1791128032.9875,4960,1280,55187,306000000,1728000
1791128033.0376,4960,1280,55156,306000000,1728000
1791128033.0877,4960,1280,55156,306000000,1728000
1791128033.1377,4960,1280,55281,306000000,1728000
1791128033.1878,4960,1280,55156,306000000,1728000
1791128033.2379,4960,1280,55250,306000000,1728000
1791128033.2880,4960,1280,55093,306000000,1728000
1791128033.3381,4960,1272,55281,306000000,1728000
1791128033.3882,4960,1280,55156,306000000,1728000
1791128033.4382,4960,1272,55250,306000000,1728000
1791128033.4883,4960,1272,55062,306000000,1728000
1791128033.5385,4960,1288,55125,306000000,1267200
1791128033.5885,4960,1280,55062,306000000,1728000
1791128033.6386,4960,1280,55156,306000000,1728000
1791128033.6887,4960,1280,55312,306000000,1728000
1791128033.7388,4960,1272,55156,306000000,1728000
1791128033.7889,4960,1280,55250,306000000,1728000
1791128033.8390,4960,1280,55062,306000000,1728000
1791128033.8890,4960,1280,55187,306000000,1728000
1791128033.9391,4960,1272,55156,306000000,1728000
1791128033.9892,4960,1272,55187,306000000,1728000
1791128034.0393,4960,1280,55093,306000000,1728000
1791128034.0894,4960,1288,55187,306000000,1728000
1791128034.1394,4960,1280,55281,306000000,1728000
1791128034.1895,4960,1280,55218,306000000,1728000
1791128034.2396,4960,1280,55250,306000000,1728000
1791128034.2897,4960,1280,55156,306000000,1728000
1791128034.3397,4960,1280,55187,306000000,1728000
1791128034.3898,4960,1272,55062,306000000,1728000
1791128034.4399,4960,1272,55125,306000000,1728000
1791128034.4900,4960,1272,55156,306000000,1728000
1791128034.5401,4960,1264,55187,306000000,1728000
1791128034.5901,4960,1264,55312,306000000,1728000
1791128034.6402,4960,1280,55156,306000000,1728000
1791128034.6903,4960,1280,55281,306000000,1728000
1791128034.7404,4960,1280,55062,306000000,1728000
1791128034.7905,4960,1280,55281,306000000,1728000
1791128034.8406,4960,1272,55156,306000000,1728000
1791128034.8907,4960,1272,55187,306000000,1728000
1791128034.9407,4960,1280,55156,306000000,1728000
1791128034.9908,4960,1280,55125,306000000,1728000
1791128035.0409,4960,1272,55281,306000000,1728000
1791128035.0910,4960,1272,55187,306000000,1728000
1791128035.1411,4960,1272,55250,306000000,1728000
1791128035.1912,4960,1272,55093,306000000,1728000
1791128035.2413,4960,1288,55187,306000000,1728000
1791128035.2914,4960,1280,55187,306000000,1728000
1791128035.3414,4960,1280,55187,306000000,1728000
1791128035.3915,4960,1280,55125,306000000,1728000
1791128035.4416,4960,1280,55187,306000000,1728000
1791128035.4917,4960,1280,55218,306000000,1728000
1791128035.5417,4960,1272,55156,306000000,1728000
1791128035.5918,4960,1280,55375,306000000,1728000
1791128035.6419,4960,1280,55187,306000000,1728000
1791128035.6920,4960,1272,55218,306000000,1728000
1791128035.7421,4960,1280,55125,306000000,1728000
1791128035.7922,4960,1288,55156,306000000,1728000
1791128035.8423,4960,1288,55125,306000000,1728000
1791128035.8924,4960,1288,55187,306000000,1728000
1791128035.9425,4960,1280,55312,306000000,1728000
1791128035.9925,4960,1280,55156,306000000,1728000
1791128036.0426,4960,1272,55343,306000000,1728000
1791128036.0927,4960,1272,55187,306000000,1728000
1791128036.1428,4960,1280,55218,306000000,1728000
1791128036.1929,4960,1272,55187,306000000,1728000
1791128036.2429,4960,1272,55156,306000000,1728000
1791128036.2930,4960,1280,55156,306000000,1728000
1791128036.3431,4960,1280,55187,306000000,1728000
1791128036.3932,4960,1280,55375,306000000,1728000
1791128036.4433,4960,1280,55156,306000000,1728000
1791128036.4934,4960,1272,55250,306000000,1728000
1791128036.5435,4960,1272,55093,306000000,1728000
1791128036.5936,4960,1272,55218,306000000,1728000
1791128036.6436,4960,1272,55187,306000000,1728000
1791128036.6937,4960,1264,55218,306000000,1728000
1791128036.7438,4960,1272,55156,306000000,1728000
1791128036.7939,4960,1272,55281,306000000,1728000
1791128036.8440,4960,1264,55125,306000000,1728000
1791128036.8941,4960,1280,55187,306000000,1728000
1791128036.9442,4960,1280,55343,306000000,1728000
1791128036.9943,4960,1272,55125,306000000,1728000
1791128037.0443,4960,1272,55218,306000000,1728000
1791128037.0944,4960,1280,55125,306000000,1728000
1791128037.1445,4960,1272,55250,306000000,1728000
1791128037.1946,4960,1272,55187,306000000,1728000
1791128037.2446,4960,1272,55250,306000000,1728000
1791128037.2947,4960,1264,55312,306000000,1728000
1791128037.3448,4960,1264,55156,306000000,1728000
1791128037.3949,4960,1272,55375,306000000,1728000
1791128037.4450,4960,1280,55156,306000000,1728000
1791128037.4951,4960,1280,55250,306000000,1728000
1791128037.5451,4960,1280,55125,306000000,1728000
1791128037.5952,4960,1280,55187,306000000,1728000
1791128037.6453,4960,1280,55156,306000000,1728000
1791128037.6954,4960,1280,55125,306000000,1728000
1791128037.7455,4960,1280,55281,306000000,1728000
1791128037.7956,4960,1280,55125,306000000,1728000
1791128037.8456,4960,1272,55312,306000000,1728000
1791128037.8957,4960,1272,55218,306000000,1728000
1791128037.9458,4960,1280,55250,306000000,1728000
1791128037.9959,4960,1280,55218,306000000,1728000
1791128038.0460,4960,1288,55250,306000000,1728000
1791128038.0961,4960,1288,55156,306000000,1728000
1791128038.1462,4960,1288,55125,306000000,1728000
1791128038.1963,4960,1288,55125,306000000,1728000
1791128038.2463,4960,1280,55125,306000000,1728000
1791128038.2964,4960,1280,55281,306000000,1728000
1791128038.3465,4960,1280,55062,306000000,1728000
1791128038.3966,4960,1272,55281,306000000,1728000
1791128038.4467,4960,1272,55062,306000000,1728000
1791128038.4968,4960,1272,55187,306000000,1728000
1791128038.5469,4960,1280,55125,306000000,1420800
1791128038.5970,4960,1288,55187,306000000,1728000
1791128038.6471,4960,1288,55125,306000000,1728000
1791128038.6971,4960,1288,55156,306000000,1728000
1791128038.7472,4960,1280,55281,306000000,1728000
1791128038.7973,4960,1280,55062,306000000,1728000
1791128038.8474,4960,1280,55312,306000000,1728000
1791128038.8975,4960,1280,55218,306000000,1728000
1791128038.9476,4960,1272,55156,306000000,1728000
1791128038.9977,4960,1272,55187,306000000,1728000
1791128039.0477,4960,1272,55312,306000000,1728000
1791128039.0978,4960,1272,55125,306000000,1728000
1791128039.1479,4960,1288,55250,306000000,1728000
1791128039.1980,4960,1288,55312,306000000,1728000
1791128039.2481,4960,1280,55156,306000000,1728000
1791128039.2982,4960,1280,55312,306000000,1728000
1791128039.3483,4960,1280,55187,306000000,1728000
1791128039.3984,4960,1272,55250,306000000,1728000
1791128039.4484,4960,1272,55093,306000000,1728000
1791128039.4985,4960,1272,55281,306000000,1728000
1791128039.5486,4960,1264,55187,306000000,1728000
1791128039.5987,4960,1272,55218,306000000,1728000
1791128039.6488,4960,1272,55250,306000000,1728000
1791128039.6989,4960,1280,55156,306000000,1728000
1791128039.7490,4960,1280,55250,306000000,1728000
1791128039.7991,4960,1272,55093,306000000,1728000
1791128039.8491,4960,1272,55218,306000000,1728000
1791128039.8992,4960,1272,55093,306000000,1728000
1791128039.9493,4960,1272,55250,306000000,1728000
1791128039.9994,4960,1272,55156,306000000,1728000
1791128040.0495,4960,1272,55187,306000000,1728000
1791128040.0995,4960,1272,55250,306000000,1728000
1791128040.1496,4960,1272,55125,306000000,1728000
1791128040.1997,4960,1272,55250,306000000,1728000
1791128040.2498,4960,1280,55156,306000000,1728000
1791128040.2999,4960,1280,55343,306000000,1728000
1791128040.3500,4960,1280,55156,306000000,1728000
1791128040.4001,4960,1280,55156,306000000,1728000
1791128040.4502,4960,1280,55093,306000000,1728000
1791128040.5002,4960,1280,55187,306000000,1728000
1791128040.5503,4960,1280,55218,306000000,1728000
1791128040.6004,4960,1280,55125,306000000,1728000
1791128040.6505,4960,1272,55250,306000000,1728000
1791128040.7006,4960,1280,55250,306000000,1728000
1791128040.7507,4960,1280,55312,306000000,1728000
1791128040.8008,4960,1280,55156,306000000,1344000
1791128040.8508,4960,1288,55250,306000000,1728000
1791128040.9009,4960,1288,55156,306000000,1728000
1791128040.9511,4960,1288,55250,306000000,1728000
1791128041.0011,4960,1280,55156,306000000,1728000
1791128041.0512,4960,1280,55125,306000000,1728000
1791128041.1013,4960,1280,55218,306000000,1728000
1791128041.1514,4960,1272,55218,306000000,1728000
1791128041.2015,4960,1272,55281,306000000,1728000
1791128041.2515,4960,1280,55218,306000000,1728000
1791128041.3016,4960,1272,55187,306000000,1728000
1791128041.3517,4960,1280,55093,306000000,1728000
1791128041.4018,4960,1288,55218,306000000,1728000
1791128041.4519,4960,1288,55062,306000000,1728000
1791128041.5020,4960,1280,55156,306000000,1728000
1791128041.5521,4960,1280,55250,306000000,1728000
1791128041.6022,4960,1272,55250,306000000,1728000
1791128041.6522,4960,1272,55218,306000000,1728000
1791128041.7023,4960,1272,55218,306000000,1728000
1791128041.7524,4960,1272,55218,306000000,1728000
1791128041.8025,4960,1264,55093,306000000,1728000
1791128041.8526,4960,1272,55250,306000000,1728000
1791128041.9027,4960,1280,55125,306000000,1420800
1791128041.9528,4960,1280,55281,306000000,1728000
1791128042.0028,4960,1280,55375,306000000,1728000
1791128042.0529,4960,1280,55156,306000000,1728000
1791128042.1030,4960,1280,55343,306000000,1728000
1791128042.1531,4960,1280,55187,306000000,1728000
1791128042.2032,4960,1280,55250,306000000,1728000
1791128042.2533,4960,1280,55187,306000000,1728000
1791128042.3033,4960,1272,55218,306000000,1728000
1791128042.3534,4960,1272,55093,306000000,1728000
1791128042.4035,4960,1280,55156,306000000,1728000
1791128042.4536,4960,1272,55312,306000000,1728000
1791128042.5037,4960,1288,55218,306000000,1728000
1791128042.5538,4960,1288,55375,306000000,1728000
1791128042.6039,4960,1272,55156,306000000,1728000
1791128042.6540,4960,1280,55250,306000000,1728000
1791128042.7040,4960,1280,55125,306000000,1728000
1791128042.7541,4960,1272,55187,306000000,1728000
1791128042.8042,4960,1272,55187,306000000,1728000
1791128042.8543,4960,1272,55250,306000000,1728000
1791128042.9043,4960,1264,55343,306000000,1728000
1791128042.9544,4960,1272,55218,306000000,1728000
1791128043.0045,4960,1272,55250,306000000,1344000
1791128043.0546,4960,1280,55125,306000000,1344000
1791128043.1047,4960,1280,55218,306000000,1728000
1791128043.1548,4960,1280,55187,306000000,1728000
1791128043.2049,4960,1272,55218,306000000,1728000
1791128043.2549,4960,1280,55187,306000000,1728000
1791128043.3050,4960,1280,55187,306000000,1728000
1791128043.3551,4960,1272,55312,306000000,1728000
1791128043.4052,4960,1272,55218,306000000,1728000
1791128043.4553,4960,1272,55281,306000000,1728000
1791128043.5054,4960,1280,55125,306000000,1728000
1791128043.5554,4960,1272,55343,306000000,1728000
1791128043.6055,4960,1280,55125,306000000,1728000
1791128043.6556,4960,1288,55250,306000000,1728000
1791128043.7057,4960,1288,55187,306000000,1728000
1791128043.7558,4960,1280,55187,306000000,1728000
1791128043.8059,4960,1280,55250,306000000,1728000
1791128043.8559,4960,1280,55156,306000000,1728000
1791128043.9060,4960,1280,55250,306000000,1728000
1791128043.9561,4960,1272,55156,306000000,1728000
1791128044.0062,4960,1272,55281,306000000,1728000
1791128044.0562,4960,1280,55125,306000000,1728000
1791128044.1063,4960,1272,55281,306000000,1728000
1791128044.1564,4960,1280,55218,306000000,1728000
1791128044.2065,4960,1288,55218,306000000,1728000
1791128044.2566,4960,1288,55250,306000000,1728000
1791128044.3067,4960,1280,55062,306000000,1728000
1791128044.3567,4960,1280,55375,306000000,1728000
1791128044.4068,4960,1280,55093,306000000,1728000
1791128044.4569,4960,1272,55281,306000000,1728000
1791128044.5070,4960,1272,55125,306000000,1728000
1791128044.5571,4960,1280,55156,306000000,1728000
1791128044.6071,4960,1280,55062,306000000,1728000
1791128044.6572,4960,1272,55187,306000000,1728000
1791128044.7073,4960,1280,55125,306000000,1420800
1791128044.7574,4960,1296,55218,306000000,1728000
1791128044.8075,4960,1288,55312,306000000,1728000
1791128044.8576,4960,1280,55281,306000000,1728000
1791128044.9077,4960,1288,55312,306000000,1728000
1791128044.9578,4960,1288,55093,306000000,1728000
1791128045.0079,4960,1264,55250,306000000,1728000
1791128045.0579,4960,1256,55125,306000000,1728000
1791128045.1080,4960,1248,55218,306000000,1728000
1791128045.1581,4960,1248,55125,306000000,1728000
1791128045.2082,4960,1240,55218,306000000,1728000
1791128045.2583,4960,1240,55250,306000000,1728000
1791128045.3084,4960,1248,55250,306000000,1728000
1791128045.3585,4960,1240,55250,306000000,1728000
1791128045.4086,4960,1240,55218,306000000,1728000
1791128045.4586,4960,1232,55281,306000000,1728000
1791128045.5087,4960,1232,55250,306000000,1728000
1791128045.5588,4960,1224,55218,306000000,1728000
1791128045.6089,4960,1224,55437,306000000,1728000
1791128045.6590,4960,1216,55156,306000000,1728000
1791128045.7091,4960,1216,55187,306000000,1728000
1791128045.7591,4960,1216,55250,306000000,1728000
1791128045.8092,4960,1216,55375,306000000,1728000
1791128045.8594,4960,1232,55250,306000000,1728000
1791128045.9094,4960,1224,55187,306000000,1728000
1791128045.9595,4960,1224,55156,306000000,1728000
1791128046.0096,4960,1216,55281,306000000,1728000
1791128046.0597,4960,1216,55406,306000000,1728000
1791128046.1098,4960,1216,55187,306000000,1728000
1791128046.1599,4960,1216,55468,306000000,1728000
1791128046.2100,4960,1216,55218,306000000,1728000
1791128046.2600,4960,1208,55250,306000000,1728000
1791128046.3101,4960,1208,55312,306000000,1728000
1791128046.3602,4960,1208,55343,306000000,1728000
1791128046.4103,4960,1224,55312,306000000,1728000
1791128046.4604,4960,1224,55218,306000000,1728000
1791128046.5105,4960,1216,55250,306000000,1728000
1791128046.5606,4960,1216,55281,306000000,1728000
1791128046.6106,4960,1216,55187,306000000,1728000
1791128046.6607,4960,1216,55281,306000000,1728000
1791128046.7108,4960,1216,55343,306000000,1728000
1791128046.7609,4960,1208,55187,306000000,1728000
1791128046.8110,4960,1208,55187,306000000,1728000
1791128046.8610,4960,1208,55437,306000000,1728000
1791128046.9111,4960,1208,55187,306000000,1728000
1791128046.9612,4960,1224,55250,306000000,1728000
1791128047.0113,4960,1224,55281,306000000,1728000
1791128047.0614,4960,1216,55375,306000000,1728000
1791128047.1115,4960,1216,55218,306000000,1728000
1791128047.1615,4960,1216,55312,306000000,1728000
1791128047.2116,4960,1216,55187,306000000,1728000
1791128047.2617,4960,1216,55250,306000000,1728000
1791128047.3118,4960,1216,55343,306000000,1728000
1791128047.3619,4960,1224,55312,306000000,1728000
1791128047.4119,4960,1224,55375,306000000,1728000
1791128047.4620,4960,1224,55187,306000000,1728000
1791128047.5121,4960,1240,55500,306000000,1728000
1791128047.5622,4960,1256,55437,306000000,1728000
1791128047.6123,4960,1272,55437,306000000,1728000
1791128047.6624,4960,1264,55187,306000000,1728000
1791128047.7125,4960,1256,55281,306000000,1728000
1791128047.7626,4960,1232,55125,306000000,1728000
1791128047.8126,4960,1200,55187,306000000,1728000
