1791127712.7157,4968,992,60593,306000000,1728000
1791127712.7657,4968,1032,60187,306000000,1728000
1791127712.8158,4968,1064,60312,306000000,1728000
1791127712.8659,4968,1080,60312,306000000,1728000
1791127712.9160,4968,1088,60281,306000000,1728000
1791127712.9661,4968,1112,60500,306000000,1728000
1791127713.0162,4968,1120,60187,306000000,1728000
1791127713.0663,4968,1120,60312,306000000,1728000
1791127713.1163,4960,1136,60312,306000000,1728000
1791127713.1664,4960,1136,60312,306000000,1728000
1791127713.2165,4960,1144,60343,306000000,1728000
1791127713.2666,4960,1152,60218,306000000,1728000
1791127713.3167,4960,1152,60218,306000000,1728000
1791127713.3667,4960,1152,60218,306000000,1728000
1791127713.4168,4960,1160,60375,306000000,1728000
1791127713.4669,4960,1160,60187,306000000,1728000
1791127713.5170,4960,1176,60656,306000000,1728000
1791127713.5671,4960,1184,60281,306000000,1728000
1791127713.6172,4960,1184,60250,306000000,1728000
1791127713.6672,4960,1184,60375,306000000,1728000
1791127713.7173,4960,1192,60250,306000000,1728000
1791127713.7674,4960,1192,60468,306000000,1728000
1791127713.8175,4960,1192,60218,306000000,1728000
1791127713.8675,4960,1192,60312,306000000,1728000
1791127713.9176,4960,1192,60218,306000000,1728000
1791127713.9677,4960,1200,60375,306000000,1728000
1791127714.0178,4960,1200,60187,306000000,1728000
1791127714.0679,4960,1208,60531,306000000,1728000
1791127714.1180,4960,1216,60281,306000000,1728000
1791127714.1680,4960,1216,60312,306000000,1728000
1791127714.2181,4960,1208,60406,306000000,1728000
1791127714.2682,4960,1208,60218,306000000,1728000
1791127714.3183,4960,1208,60468,306000000,1728000
1791127714.3684,4960,1208,60250,306000000,1728000
1791127714.4185,4960,1208,60312,306000000,1728000
1791127714.4686,4960,1208,60312,306000000,1728000
1791127714.5186,4960,1208,60218,306000000,1728000
1791127714.5687,4960,1208,60125,306000000,1728000
1791127714.6188,4960,1216,60343,306000000,1728000
1791127714.6689,4960,1216,60125,306000000,1728000
1791127714.7190,4960,1216,60218,306000000,1728000
1791127714.7690,4960,1216,60375,306000000,1728000
1791127714.8191,4960,1216,60156,306000000,1728000
1791127714.8692,4960,1208,60406,306000000,1728000
1791127714.9193,4960,1208,60156,306000000,1728000
1791127714.9694,4960,1208,60218,306000000,1728000
1791127715.0195,4960,1208,60343,306000000,1728000
1791127715.0695,4960,1208,60312,306000000,1728000
1791127715.1196,4960,1216,60375,306000000,1728000
1791127715.1697,4960,1224,60250,306000000,1728000
1791127715.2198,4960,1232,60281,306000000,1728000
1791127715.2701,4960,1224,60125,306000000,1728000
1791127715.3202,4960,1224,60343,306000000,1728000
1791127715.3703,4960,1224,60062,306000000,1728000
1791127715.4204,4960,1224,60156,306000000,1728000
1791127715.4704,4960,1224,60125,306000000,1728000
1791127715.5205,4960,1224,60250,306000000,1728000
1791127715.5706,4960,1224,60343,306000000,1728000
1791127715.6207,4960,1224,60250,306000000,1728000
1791127715.6707,4960,1224,60312,306000000,1728000
1791127715.7208,4960,1232,60281,306000000,1728000
1791127715.7709,4960,1232,60281,306000000,1728000
1791127715.8210,4960,1232,60125,306000000,1728000
1791127715.8711,4960,1232,60187,306000000,1728000
1791127715.9212,4960,1224,60093,1020000000,1728000
1791127715.9712,4960,1224,60125,306000000,1728000
1791127716.0213,4960,1216,60062,306000000,1728000
1791127716.0714,4960,1216,60093,306000000,1728000
1791127716.1215,4960,1224,60125,306000000,1728000
1791127716.1715,4960,1248,60125,306000000,1728000
1791127716.2216,4960,1272,60468,306000000,1728000
1791127716.2717,4960,1288,60312,306000000,1728000
1791127716.3218,4960,1296,60218,306000000,1728000
1791127716.3719,4960,1288,60218,306000000,1728000
1791127716.4219,4960,1280,60156,306000000,1728000
1791127716.4720,4960,1272,60281,306000000,1728000
1791127716.5221,4960,1280,60093,306000000,1728000
1791127716.5722,4960,1272,60156,306000000,1728000
1791127716.6223,4960,1280,60062,306000000,1728000
1791127716.6723,4960,1288,60156,306000000,1728000
1791127716.7224,4960,1288,60031,306000000,1728000
1791127716.7725,4960,1288,60125,306000000,729600
1791127716.8226,4960,1288,60000,306000000,1728000
1791127716.8726,4960,1288,60156,306000000,1728000
1791127716.9227,4960,1288,60062,306000000,1728000
1791127716.9728,4960,1280,60093,306000000,1728000
1791127717.0229,4960,1280,60000,306000000,1728000
1791127717.0730,4960,1280,60000,306000000,1728000
1791127717.1230,4960,1272,60281,306000000,1728000
1791127717.1731,4960,1272,60000,306000000,1728000
1791127717.2232,4960,1272,60062,306000000,1728000
1791127717.2733,4960,1272,60031,306000000,1728000
1791127717.3234,4960,1272,60062,306000000,1728000
1791127717.3734,4960,1272,60000,306000000,1728000
1791127717.4235,4960,1288,60062,306000000,1036800
1791127717.4736,4960,1288,60000,306000000,1728000
1791127717.5237,4960,1280,60031,306000000,1728000
1791127717.5738,4960,1272,59937,306000000,1728000
1791127717.6238,4960,1280,59937,306000000,1728000
1791127717.6739,4960,1280,60125,306000000,1728000
1791127717.7240,4960,1264,60000,306000000,1728000
1791127717.7741,4960,1272,60000,306000000,1728000
1791127717.8242,4960,1256,59968,306000000,1728000
1791127717.8742,4960,1256,60000,306000000,1728000
1791127717.9243,4960,1264,59906,306000000,1651200
1791127717.9744,4960,1280,60000,306000000,1728000
1791127718.0245,4960,1272,59906,306000000,1728000
1791127718.0746,4960,1272,59968,306000000,1728000
1791127718.1246,4960,1272,60000,306000000,1728000
1791127718.1747,4960,1264,59968,306000000,1728000
1791127718.2248,4960,1264,60093,306000000,1728000
1791127718.2749,4960,1264,59906,306000000,1728000
1791127718.3249,4960,1264,59937,306000000,1728000
1791127718.3750,4960,1256,59937,306000000,1728000
1791127718.4251,4960,1264,59906,306000000,1728000
1791127718.4752,4960,1264,59906,306000000,1728000
1791127718.5253,4960,1272,59937,306000000,1728000
1791127718.5754,4960,1280,60031,306000000,806400
1791127718.6254,4960,1272,59906,306000000,1728000
1791127718.6755,4960,1280,59968,306000000,806400
1791127718.7256,4960,1264,59843,306000000,1728000
1791127718.7757,4960,1264,59968,306000000,1728000
1791127718.8257,4960,1256,59906,306000000,1728000
1791127718.8758,4960,1256,59906,306000000,1728000
1791127718.9259,4960,1256,59937,306000000,1728000
1791127718.9760,4960,1248,59906,306000000,1728000
1791127719.0260,4960,1256,59906,306000000,1728000
1791127719.0761,4960,1264,59937,306000000,1728000
1791127719.1262,4960,1264,60000,306000000,1728000
1791127719.1763,4960,1264,59906,306000000,1728000
1791127719.2264,4960,1272,59968,306000000,1728000
1791127719.2764,4960,1272,59906,306000000,1728000
1791127719.3265,4960,1256,59906,306000000,1728000
1791127719.3766,4960,1264,59875,306000000,1728000
1791127719.4267,4960,1248,59968,306000000,1728000
1791127719.4767,4960,1256,60000,306000000,1728000
1791127719.5268,4960,1248,59875,306000000,883200
1791127719.5769,4960,1248,60031,306000000,1728000
1791127719.6270,4960,1256,59906,306000000,1267200
1791127719.6771,4960,1272,59937,306000000,1728000
1791127719.7271,4960,1272,59875,306000000,1728000
1791127719.7772,4960,1272,59906,306000000,1728000
1791127719.8273,4960,1272,59843,306000000,1728000
1791127719.8774,4960,1272,59906,306000000,1728000
1791127719.9275,4960,1256,59875,306000000,1728000
1791127719.9775,4960,1264,59906,306000000,1728000
1791127720.0276,4960,1264,59906,306000000,1728000
1791127720.0777,4960,1256,59781,306000000,1728000
1791127720.1278,4960,1256,59937,306000000,1728000
1791127720.1778,4960,1256,59843,306000000,1728000
1791127720.2279,4960,1272,59875,306000000,1728000
1791127720.2780,4960,1272,59843,306000000,1728000
1791127720.3281,4960,1272,59812,306000000,883200
1791127720.3782,4960,1264,59906,306000000,1728000
1791127720.4282,4960,1264,59875,306000000,1728000
1791127720.4783,4960,1264,59906,306000000,1728000
1791127720.5284,4960,1256,59875,306000000,1728000
1791127720.5784,4960,1256,59906,306000000,1728000
1791127720.6285,4960,1256,59906,306000000,1728000
1791127720.6786,4960,1248,59875,306000000,1728000
1791127720.7287,4960,1256,59812,306000000,1728000
1791127720.7788,4960,1272,59812,306000000,1728000
1791127720.8288,4960,1272,59937,306000000,1728000
1791127720.8789,4960,1272,59812,306000000,729600
1791127720.9290,4960,1264,59906,306000000,1728000
1791127720.9791,4960,1272,59781,306000000,1728000
1791127721.0292,4960,1256,59937,306000000,806400
1791127721.0792,4960,1264,59781,306000000,1728000
1791127721.1293,4960,1264,59812,306000000,1728000
1791127721.1794,4960,1264,59781,306000000,1728000
1791127721.2295,4960,1256,59812,306000000,1728000
1791127721.2795,4960,1256,59687,306000000,1728000
1791127721.3296,4960,1272,59812,306000000,1728000
1791127721.3797,4960,1272,59843,306000000,806400
1791127721.4297,4960,1272,59781,306000000,1728000
1791127721.4798,4960,1264,59843,306000000,1728000
1791127721.5299,4960,1264,59750,306000000,1728000
1791127721.5800,4960,1264,59812,306000000,883200
1791127721.6301,4960,1256,59750,306000000,1728000
1791127721.6801,4960,1256,59843,306000000,1728000
1791127721.7302,4960,1256,59750,306000000,1728000
1791127721.7803,4960,1256,59781,306000000,1728000
1791127721.8304,4960,1256,59906,306000000,1728000
1791127721.8805,4960,1264,59750,306000000,1728000
1791127721.9305,4960,1280,59781,306000000,1728000
1791127721.9806,4960,1272,59812,306000000,1728000
1791127722.0307,4960,1264,59781,306000000,1728000
1791127722.0808,4960,1272,59750,306000000,1728000
1791127722.1308,4960,1272,59812,306000000,1728000
1791127722.1809,4960,1272,59750,306000000,1728000
1791127722.2310,4960,1272,59718,306000000,1728000
1791127722.2811,4960,1264,59812,306000000,1728000
1791127722.3311,4960,1264,59750,306000000,1728000
1791127722.3812,4960,1256,59843,306000000,1728000
1791127722.4313,4960,1272,59781,306000000,1267200
1791127722.4814,4960,1288,59750,306000000,1728000
1791127722.5314,4960,1296,59718,306000000,960000
1791127722.5815,4960,1288,59718,306000000,806400
1791127722.6316,4960,1280,59625,306000000,1728000
1791127722.6817,4960,1280,59781,306000000,1728000
1791127722.7318,4960,1280,59906,306000000,1728000
1791127722.7818,4960,1272,59718,306000000,1728000
1791127722.8319,4960,1272,59781,306000000,1728000
1791127722.8820,4960,1272,59687,306000000,1728000
1791127722.9321,4960,1272,59750,306000000,1728000
1791127722.9821,4960,1264,59625,306000000,1728000
1791127723.0322,4960,1280,59750,306000000,1728000
1791127723.0823,4960,1288,59656,306000000,1728000
1791127723.1324,4960,1280,59718,306000000,1728000
1791127723.1825,4960,1272,59843,306000000,1728000
1791127723.2325,4960,1272,59687,306000000,1728000
1791127723.2826,4960,1264,59718,306000000,729600
1791127723.3327,4960,1264,59656,306000000,1728000
1791127723.3828,4960,1264,59687,306000000,1728000
1791127723.4328,4960,1264,59718,306000000,1728000
1791127723.4829,4960,1264,59781,306000000,1728000
1791127723.5330,4960,1256,59593,306000000,1728000
1791127723.5831,4960,1272,59750,306000000,1267200
1791127723.6332,4960,1272,59750,306000000,1728000
1791127723.6832,4960,1272,59687,306000000,1728000
1791127723.7333,4960,1272,59781,306000000,1728000
1791127723.7834,4960,1272,59656,306000000,1728000
1791127723.8335,4960,1264,59718,306000000,1728000
1791127723.8835,4960,1264,59593,306000000,1728000
1791127723.9336,4960,1264,59687,306000000,1728000
1791127723.9837,4960,1256,59593,306000000,1728000
1791127724.0338,4960,1256,59687,306000000,1728000
1791127724.0838,4960,1248,59781,306000000,1728000
1791127724.1339,4960,1264,59468,306000000,1728000
1791127724.1840,4960,1272,59750,306000000,1728000
1791127724.2341,4960,1272,59593,306000000,1728000
1791127724.2841,4960,1280,59625,306000000,1728000
1791127724.3342,4960,1264,59500,306000000,960000
1791127724.3843,4960,1264,59687,306000000,1728000
1791127724.4343,4960,1272,59625,306000000,1728000
1791127724.4844,4960,1272,59500,306000000,1728000
1791127724.5345,4960,1256,59718,306000000,1728000
1791127724.5846,4960,1248,59562,306000000,883200
1791127724.6347,4960,1248,59656,306000000,1728000
1791127724.6848,4960,1264,59531,306000000,1728000
1791127724.7348,4960,1280,59593,306000000,1728000
1791127724.7849,4960,1280,59500,306000000,1728000
1791127724.8350,4960,1264,59593,306000000,1728000
1791127724.8851,4960,1272,59531,306000000,1728000
1791127724.9352,4960,1272,59562,306000000,1728000
1791127724.9852,4960,1264,59718,306000000,1728000
1791127725.0353,4960,1264,59562,306000000,1728000
1791127725.0854,4960,1264,59656,306000000,1728000
1791127725.1355,4960,1264,59593,306000000,1728000
1791127725.1856,4960,1264,59687,306000000,1728000
1791127725.2357,4960,1256,59562,306000000,1728000
1791127725.2858,4960,1272,59625,306000000,1728000
1791127725.3358,4960,1256,59562,306000000,1728000
1791127725.3860,4960,1264,59562,306000000,1728000
1791127725.4361,4960,1248,59718,306000000,1728000
1791127725.4862,4960,1256,59468,306000000,1728000
1791127725.5362,4960,1248,59656,306000000,1728000
1791127725.5863,4960,1248,59562,306000000,1728000
1791127725.6364,4960,1248,59656,306000000,1728000
1791127725.6865,4960,1240,59562,306000000,1728000
1791127725.7366,4960,1248,59656,306000000,1728000
1791127725.7867,4960,1232,59500,306000000,1190400
1791127725.8368,4960,1248,59593,306000000,1728000
1791127725.8869,4960,1240,59562,306000000,1728000
1791127725.9370,4960,1232,59562,306000000,1728000
1791127725.9871,4960,1232,59625,306000000,1728000
1791127726.0372,4960,1232,59562,306000000,1728000
1791127726.0873,4960,1248,59593,306000000,1728000
1791127726.1374,4960,1312,59781,306000000,1728000
1791127726.1875,4952,1344,59531,306000000,1728000
1791127726.2376,4952,1360,59531,306000000,1728000
1791127726.2877,4952,1376,59562,306000000,1728000
1791127726.3378,4952,1384,59500,306000000,1728000
1791127726.3879,4952,1416,59562,306000000,1728000
1791127726.4380,4952,1424,59656,306000000,1267200
1791127726.4881,4952,1440,59500,306000000,1420800
1791127726.5382,4952,1448,59718,306000000,1728000
1791127726.5883,4952,1424,59500,306000000,806400
1791127726.6384,4952,1408,59500,306000000,1728000
1791127726.6885,4952,1376,59406,306000000,1728000
1791127726.7386,4952,1368,59625,306000000,1728000
1791127726.7887,4952,1344,59437,306000000,1728000
1791127726.8387,4952,1336,59531,306000000,1728000
1791127726.8888,4960,1320,59625,306000000,1728000
1791127726.9389,4952,1320,59562,306000000,1190400
1791127726.9890,4952,1328,59718,306000000,1728000
1791127727.0391,4960,1304,59562,306000000,1728000
1791127727.0892,4960,1304,59468,306000000,1728000
1791127727.1393,4960,1288,59406,306000000,1728000
1791127727.1893,4960,1288,59500,306000000,1728000
1791127727.2394,4960,1288,59406,306000000,1728000
1791127727.2895,4960,1272,59500,306000000,1728000
1791127727.3396,4960,1272,59656,306000000,1728000
1791127727.3897,4960,1264,59500,306000000,1728000
1791127727.4397,4960,1256,59562,306000000,1728000
1791127727.4898,4960,1264,59468,306000000,1728000
1791127727.5399,4960,1264,59625,306000000,1728000
1791127727.5901,4960,1256,59468,306000000,1728000
1791127727.6401,4960,1256,59500,306000000,1728000
1791127727.6902,4960,1256,59406,306000000,1728000
1791127727.7403,4960,1248,59500,306000000,1728000
1791127727.7904,4960,1248,59531,306000000,1728000
1791127727.8405,4960,1240,59437,306000000,1728000
1791127727.8905,4960,1248,59593,306000000,1728000
1791127727.9406,4960,1240,59437,306000000,1728000
1791127727.9907,4960,1240,59562,306000000,1728000
1791127728.0408,4960,1240,59406,306000000,1728000
1791127728.0909,4960,1248,59437,306000000,1728000
1791127728.1410,4960,1256,59406,306000000,1728000
1791127728.1911,4960,1240,59468,306000000,1728000
1791127728.2412,4960,1248,59500,306000000,1728000
1791127728.2912,4960,1240,59406,306000000,1728000
1791127728.3413,4960,1240,59593,306000000,1728000
1791127728.3914,4960,1232,59406,306000000,1728000
1791127728.4415,4960,1224,59468,306000000,1728000
1791127728.4916,4960,1224,59406,306000000,1728000
1791127728.5416,4960,1232,59406,306000000,1728000
1791127728.5917,4960,1224,59375,306000000,1728000
1791127728.6418,4960,1248,59406,306000000,1497600
1791127728.6919,4960,1240,59562,306000000,1728000
1791127728.7420,4960,1240,59437,306000000,1728000
1791127728.7921,4960,1240,59562,306000000,1728000
1791127728.8422,4960,1232,59375,306000000,1728000
1791127728.8922,4960,1240,59406,306000000,1728000
1791127728.9423,4960,1224,59312,306000000,1728000
1791127728.9924,4960,1232,59406,306000000,1728000
1791127729.0425,4960,1224,59343,306000000,1728000
1791127729.0926,4960,1232,59375,306000000,1728000
1791127729.1426,4960,1216,59531,306000000,1728000
1791127729.1927,4960,1240,59375,306000000,1728000
1791127729.2428,4960,1232,59406,306000000,1728000
1791127729.2929,4960,1240,59312,306000000,1728000
1791127729.3430,4960,1224,59406,306000000,1728000
1791127729.3931,4960,1232,59281,306000000,1728000
1791127729.4432,4960,1224,59406,306000000,1728000
1791127729.4933,4960,1232,59281,306000000,1728000
1791127729.5433,4960,1216,59343,306000000,1728000
1791127729.5934,4960,1216,59281,306000000,1728000
1791127729.6435,4960,1224,59312,306000000,1728000
1791127729.6936,4960,1216,59468,306000000,1728000
1791127729.7437,4960,1232,59281,306000000,1728000
1791127729.7938,4960,1240,59406,306000000,1728000
1791127729.8439,4960,1232,59312,306000000,1728000
1791127729.8940,4960,1240,59312,306000000,1728000
1791127729.9440,4960,1232,59375,306000000,1728000
1791127729.9941,4960,1240,59312,306000000,1728000
1791127730.0442,4960,1232,59281,306000000,1728000
1791127730.0943,4960,1232,59375,306000000,1728000
1791127730.1444,4960,1224,59468,306000000,1728000
1791127730.1944,4960,1232,59312,306000000,1728000
1791127730.2445,4960,1224,59437,306000000,1728000
1791127730.2946,4960,1240,59343,306000000,1420800
1791127730.3447,4960,1248,59375,306000000,1728000
1791127730.3948,4960,1240,59218,306000000,1728000
1791127730.4449,4960,1240,59281,306000000,1728000
1791127730.4950,4960,1240,59250,306000000,1728000
1791127730.5450,4960,1240,59312,306000000,1728000
1791127730.5951,4960,1232,59375,306000000,1728000
1791127730.6452,4960,1240,59156,306000000,1728000
1791127730.6953,4960,1248,59375,306000000,1728000
1791127730.7454,4960,1232,59312,306000000,1728000
1791127730.7955,4960,1240,59343,306000000,1728000
1791127730.8456,4960,1240,59312,306000000,1728000
1791127730.8957,4960,1248,59250,306000000,1728000
1791127730.9457,4960,1256,59250,306000000,1728000
1791127730.9958,4960,1240,59312,306000000,1728000
1791127731.0459,4960,1240,59343,306000000,1728000
1791127731.0960,4960,1248,59218,306000000,1728000
1791127731.1461,4960,1240,59343,306000000,1728000
1791127731.1961,4960,1248,59312,306000000,1728000
1791127731.2462,4960,1240,59343,306000000,1728000
1791127731.2963,4960,1240,59250,306000000,1728000
1791127731.3464,4960,1232,59343,306000000,1728000
1791127731.3964,4960,1240,59250,306000000,1728000
1791127731.4465,4960,1256,59218,306000000,1728000
1791127731.4966,4960,1248,59375,306000000,1728000
1791127731.5467,4960,1240,59250,306000000,1728000
1791127731.5968,4960,1240,59406,306000000,1728000
1791127731.6469,4960,1232,59281,306000000,1728000
1791127731.6970,4960,1240,59312,306000000,1728000
1791127731.7470,4960,1232,59156,306000000,1728000
1791127731.7971,4960,1232,59312,306000000,1728000
1791127731.8472,4960,1224,59187,306000000,1728000
1791127731.8973,4960,1232,59218,306000000,1728000
1791127731.9474,4960,1224,59375,306000000,1728000
1791127731.9975,4960,1240,59281,306000000,1728000
1791127732.0475,4960,1232,59375,306000000,1728000
1791127732.0976,4960,1232,59156,306000000,1728000
1791127732.1477,4960,1224,59375,306000000,1728000
1791127732.1978,4960,1232,59187,306000000,1728000
1791127732.2478,4960,1224,59281,306000000,1728000
1791127732.2979,4960,1224,59125,306000000,1728000
1791127732.3480,4960,1224,59281,306000000,1728000
1791127732.3981,4960,1216,59343,306000000,1728000
1791127732.4481,4960,1224,59187,306000000,1728000
1791127732.4982,4960,1216,59375,306000000,1728000
1791127732.5483,4960,1232,59125,306000000,1728000
1791127732.5984,4960,1240,59218,306000000,1728000
1791127732.6485,4960,1232,59125,306000000,1728000
1791127732.6986,4960,1240,59156,306000000,1728000
1791127732.7487,4960,1232,59125,306000000,1728000
1791127732.7987,4960,1240,59187,306000000,1728000
1791127732.8488,4960,1232,59312,306000000,1728000
1791127732.8989,4960,1232,59218,306000000,1728000
1791127732.9490,4960,1240,59218,306000000,1728000
1791127732.9991,4960,1224,59156,306000000,1728000
1791127733.0491,4960,1232,59250,306000000,1728000
1791127733.0992,4960,1240,59156,306000000,1420800
1791127733.1493,4960,1248,59156,306000000,1728000
1791127733.1994,4960,1232,59062,306000000,1728000
1791127733.2495,4960,1232,59312,306000000,1728000
1791127733.2996,4960,1224,59125,306000000,1728000
1791127733.3497,4960,1232,59187,306000000,1728000
1791127733.3997,4960,1224,59281,306000000,1728000
1791127733.4498,4960,1232,59093,306000000,1728000
1791127733.4999,4960,1216,59218,306000000,1728000
1791127733.5500,4960,1224,59062,306000000,1728000
1791127733.6001,4960,1216,59125,306000000,1728000
1791127733.6502,4960,1224,59031,306000000,1728000
1791127733.7003,4960,1240,59156,306000000,1728000
1791127733.7504,4960,1240,59125,306000000,1728000
1791127733.8005,4960,1232,59156,306000000,1728000
1791127733.8505,4960,1232,59281,306000000,1728000
1791127733.9006,4960,1224,59125,306000000,1728000
1791127733.9507,4960,1224,59187,306000000,1728000
1791127734.0008,4960,1224,59093,306000000,1728000
1791127734.0509,4960,1232,59218,306000000,1728000
1791127734.1009,4960,1232,59093,306000000,1728000
1791127734.1510,4960,1224,59156,306000000,1728000
1791127734.2011,4960,1224,59031,306000000,1728000
1791127734.2512,4960,1240,59093,306000000,1728000
1791127734.3013,4960,1240,59218,306000000,1728000
1791127734.3514,4960,1232,59062,306000000,1728000
1791127734.4015,4960,1240,59218,306000000,1728000
1791127734.4516,4960,1232,59156,306000000,1728000
1791127734.5016,4960,1232,59125,306000000,1728000
1791127734.5517,4960,1224,59031,306000000,1728000
1791127734.6018,4960,1232,59093,306000000,1728000
1791127734.6519,4960,1224,58968,306000000,1728000
1791127734.7020,4960,1216,59093,306000000,1728000
1791127734.7521,4960,1224,59218,306000000,1190400
1791127734.8022,4960,1240,59093,306000000,1728000
1791127734.8522,4960,1232,59218,306000000,1728000
1791127734.9023,4960,1232,59062,306000000,1728000
1791127734.9524,4960,1224,59187,306000000,1728000
1791127735.0025,4960,1224,59000,306000000,1728000
1791127735.0526,4960,1232,59093,306000000,1728000
1791127735.1026,4960,1224,59000,306000000,1728000
1791127735.1527,4960,1224,59093,306000000,1728000
1791127735.2028,4960,1224,59187,306000000,1728000
1791127735.2529,4960,1224,59031,306000000,1728000
1791127735.3030,4960,1216,59156,306000000,1728000
1791127735.3531,4960,1232,58937,306000000,1728000
1791127735.4032,4960,1240,59125,306000000,1728000
1791127735.4532,4960,1240,59031,306000000,1728000
1791127735.5033,4960,1240,59062,306000000,1728000
1791127735.5534,4960,1240,58968,306000000,1728000
1791127735.6035,4960,1232,59062,306000000,1728000
1791127735.6536,4960,1240,59218,306000000,1728000
1791127735.7036,4960,1232,59062,306000000,1728000
1791127735.7537,4960,1232,59156,306000000,1728000
1791127735.8038,4960,1224,59000,306000000,1728000
1791127735.8539,4960,1232,59156,306000000,1728000
1791127735.9040,4960,1232,58968,306000000,1728000
1791127735.9541,4960,1240,59062,306000000,1728000
1791127736.0042,4960,1232,58937,306000000,1728000
1791127736.0542,4960,1240,59093,306000000,1728000
1791127736.1043,4960,1240,59093,306000000,1728000
1791127736.1544,4960,1232,58968,306000000,1728000
1791127736.2045,4960,1240,59093,306000000,1728000
1791127736.2546,4960,1240,58968,306000000,1728000
1791127736.3047,4960,1240,59031,306000000,1728000
1791127736.3547,4960,1232,58875,306000000,1728000
1791127736.4048,4960,1232,59062,306000000,1728000
1791127736.4549,4960,1232,58937,306000000,1267200
1791127736.5050,4960,1248,59031,306000000,1728000
1791127736.5551,4960,1240,58968,306000000,1728000
1791127736.6052,4960,1240,58968,306000000,1728000
1791127736.6553,4960,1248,59093,306000000,1728000
1791127736.7054,4960,1240,59000,306000000,1728000
1791127736.7555,4960,1232,59125,306000000,1728000
1791127736.8056,4960,1240,58968,306000000,1728000
1791127736.8557,4960,1240,58968,306000000,1728000
1791127736.9058,4960,1232,58906,306000000,1728000
1791127736.9559,4960,1240,59031,306000000,1728000
1791127737.0060,4960,1232,58937,306000000,1728000
1791127737.0560,4960,1248,58937,306000000,1728000
1791127737.1061,4960,1240,59125,306000000,1728000
1791127737.1562,4960,1240,58937,306000000,1728000
1791127737.2063,4960,1232,59062,306000000,1728000
1791127737.2564,4960,1240,58906,306000000,1728000
1791127737.3064,4960,1232,58968,306000000,1728000
1791127737.3565,4960,1232,58875,306000000,1728000
1791127737.4066,4960,1232,58968,306000000,1728000
1791127737.4567,4960,1224,58937,306000000,1728000
1791127737.5068,4960,1224,59000,306000000,1728000
1791127737.5568,4960,1224,59156,306000000,1728000
1791127737.6069,4960,1232,58937,306000000,1344000
1791127737.6570,4960,1240,59031,306000000,1728000
1791127737.7071,4960,1232,58875,306000000,1728000
1791127737.7572,4960,1232,59000,306000000,1728000
1791127737.8073,4960,1232,59000,306000000,1728000
1791127737.8574,4960,1224,59031,306000000,1728000
1791127737.9075,4960,1232,58937,306000000,1728000
1791127737.9575,4960,1224,58906,306000000,1728000
1791127738.0076,4960,1232,59000,306000000,1728000
1791127738.0577,4960,1224,58937,306000000,1728000
1791127738.1078,4960,1224,58968,306000000,1728000
1791127738.1579,4960,1224,58906,306000000,1728000
1791127738.2080,4960,1224,58937,306000000,1728000
1791127738.2581,4960,1232,58875,306000000,1728000
1791127738.3082,4960,1232,58937,306000000,1728000
1791127738.3582,4960,1224,58906,306000000,1728000
1791127738.4083,4960,1248,58906,306000000,1728000
1791127738.4584,4960,1264,59031,306000000,1728000
1791127738.5085,4960,1264,58937,306000000,1728000
1791127738.5586,4960,1272,59000,306000000,1728000
1791127738.6087,4960,1272,58906,306000000,1728000
1791127738.6588,4960,1264,59000,306000000,1728000
1791127738.7089,4960,1272,58875,306000000,1728000
1791127738.7590,4960,1272,58968,306000000,1728000
1791127738.8090,4960,1264,58843,306000000,1728000
1791127738.8591,4960,1264,58968,306000000,1728000
1791127738.9092,4960,1256,59031,306000000,1728000
1791127738.9593,4960,1256,58906,306000000,1728000
1791127739.0094,4960,1256,59031,306000000,1728000
1791127739.0595,4960,1248,58843,306000000,1728000
1791127739.1096,4960,1240,59062,306000000,1728000
1791127739.1596,4960,1240,58906,306000000,1728000
1791127739.2097,4960,1240,58906,306000000,1728000
1791127739.2598,4960,1240,58812,306000000,1728000
1791127739.3099,4960,1256,58906,306000000,1728000
1791127739.3600,4960,1248,58781,306000000,1728000
1791127739.4101,4960,1248,58781,306000000,1728000
1791127739.4602,4960,1240,58968,306000000,1728000
1791127739.5102,4960,1248,58937,306000000,1728000
1791127739.5603,4960,1240,58937,306000000,1728000
1791127739.6104,4960,1240,58812,306000000,1728000
1791127739.6605,4960,1232,58906,306000000,1728000
1791127739.7106,4960,1232,58750,306000000,1728000
1791127739.7606,4960,1224,58875,306000000,1728000
1791127739.8107,4960,1232,58812,306000000,1113600
1791127739.8608,4960,1248,58937,306000000,1497600
1791127739.9109,4960,1240,59031,306000000,1728000
1791127739.9610,4960,1248,58875,306000000,1728000
1791127740.0111,4960,1232,58906,306000000,1728000
1791127740.0612,4960,1240,58812,306000000,1728000
1791127740.1113,4960,1232,58906,306000000,1728000
1791127740.1613,4960,1232,58843,306000000,1728000
1791127740.2114,4960,1232,58906,306000000,1728000
1791127740.2615,4960,1232,58812,306000000,1728000
1791127740.3116,4960,1232,58843,306000000,1728000
1791127740.3616,4960,1224,59000,306000000,1728000
1791127740.4117,4960,1232,58781,306000000,1728000
1791127740.4618,4960,1240,58937,306000000,1728000
1791127740.5119,4960,1232,58843,306000000,1728000
1791127740.5620,4960,1232,58906,306000000,1728000
1791127740.6121,4960,1232,58781,306000000,1728000
1791127740.6622,4960,1232,58875,306000000,1728000
1791127740.7122,4960,1232,58718,306000000,1728000
1791127740.7623,4960,1224,58781,306000000,1728000
1791127740.8124,4960,1224,58937,306000000,1728000
1791127740.8625,4960,1224,58750,306000000,1728000
1791127740.9126,4960,1224,58937,306000000,1728000
1791127740.9627,4960,1232,58875,306000000,1267200
1791127741.0127,4960,1240,58843,306000000,1728000
1791127741.0628,4960,1232,58843,306000000,1728000
1791127741.1129,4960,1240,58843,306000000,1728000
1791127741.1630,4960,1232,58812,306000000,1728000
1791127741.2131,4960,1232,58843,306000000,1728000
1791127741.2631,4960,1232,58937,306000000,1728000
1791127741.3132,4960,1232,58781,306000000,1728000
1791127741.3633,4960,1224,58937,306000000,1728000
1791127741.4134,4960,1224,58750,306000000,1728000
1791127741.4635,4960,1224,58718,306000000,1728000
1791127741.5136,4960,1232,58812,306000000,1728000
1791127741.5637,4960,1240,58843,306000000,1728000
1791127741.6137,4960,1232,58718,306000000,1728000
1791127741.6638,4960,1232,58843,306000000,1728000
1791127741.7139,4960,1224,58937,306000000,1728000
1791127741.7640,4960,1224,58687,306000000,1728000
1791127741.8141,4960,1224,58875,306000000,1728000
1791127741.8642,4960,1232,58718,306000000,1728000
1791127741.9142,4960,1224,58906,306000000,1728000
1791127741.9643,4960,1224,58718,306000000,1728000
1791127742.0144,4960,1216,58812,306000000,1728000
1791127742.0645,4960,1232,58687,306000000,1728000
1791127742.1146,4960,1240,58781,306000000,1728000
1791127742.1647,4960,1240,58843,306000000,1728000
1791127742.2148,4960,1232,58718,306000000,1728000
1791127742.2649,4960,1232,58875,306000000,1728000
1791127742.3149,4960,1224,58718,306000000,1728000
1791127742.3650,4960,1232,58875,306000000,1728000
1791127742.4151,4960,1216,58781,306000000,1728000
1791127742.4652,4960,1224,58812,306000000,1728000
1791127742.5153,4960,1216,58625,306000000,1728000
1791127742.5654,4960,1224,58781,306000000,1728000
1791127742.6155,4960,1216,58562,306000000,1728000
1791127742.6655,4960,1240,58718,306000000,729600
1791127742.7156,4960,1224,58718,306000000,1728000
1791127742.7657,4960,1232,58750,306000000,1728000
1791127742.8158,4960,1232,58781,306000000,1728000
1791127742.8659,4960,1224,58687,306000000,1728000
1791127742.9160,4960,1232,58687,306000000,1728000
1791127742.9661,4960,1224,58687,306000000,1728000
1791127743.0161,4960,1224,58656,306000000,1728000
1791127743.0662,4960,1216,58656,306000000,1728000
1791127743.1163,4960,1224,58718,306000000,1728000
1791127743.1664,4960,1216,58812,306000000,1728000
1791127743.2165,4960,1224,58625,306000000,1728000
1791127743.2666,4960,1232,58781,306000000,1728000
1791127743.3167,4960,1232,58656,306000000,1728000
1791127743.3667,4960,1224,58718,306000000,1728000
1791127743.4168,4960,1232,58625,306000000,1728000
1791127743.4669,4960,1232,58718,306000000,1728000
1791127743.5170,4960,1224,58656,306000000,1728000
1791127743.5671,4960,1232,58718,306000000,1728000
1791127743.6172,4960,1224,58781,306000000,1728000
1791127743.6673,4960,1224,58718,306000000,1728000
1791127743.7173,4960,1224,58812,306000000,1728000
1791127743.7674,4960,1232,58718,306000000,1728000
1791127743.8175,4960,1232,58718,306000000,1728000
1791127743.8676,4960,1232,58562,306000000,1728000
1791127743.9177,4960,1224,58656,306000000,1728000
1791127743.9678,4960,1224,58687,306000000,1728000
1791127744.0179,4960,1224,58718,306000000,1728000
1791127744.0679,4960,1224,58812,306000000,1728000
1791127744.1180,4960,1216,58656,306000000,1728000
1791127744.1681,4960,1208,58843,306000000,1728000
1791127744.2182,4960,1216,58562,306000000,1728000
1791127744.2683,4960,1216,58718,306000000,1728000
1791127744.3183,4960,1224,58656,306000000,1728000
1791127744.3685,4960,1240,58812,306000000,1728000
1791127744.4185,4960,1224,58625,306000000,1728000
1791127744.4686,4960,1232,58718,306000000,1728000
1791127744.5187,4960,1224,58843,306000000,1728000
1791127744.5688,4960,1232,58687,306000000,1728000
1791127744.6189,4960,1216,58875,306000000,1728000
1791127744.6690,4960,1224,58687,306000000,1728000
1791127744.7190,4960,1216,58750,306000000,1728000
1791127744.7691,4960,1224,58593,306000000,1728000
1791127744.8192,4960,1216,58656,306000000,1728000
1791127744.8693,4960,1224,58593,306000000,1728000
1791127744.9194,4960,1232,58750,306000000,1728000
1791127744.9695,4960,1232,58812,306000000,1728000
1791127745.0196,4960,1224,58531,306000000,1728000
1791127745.0697,4960,1232,58875,306000000,1728000
1791127745.1197,4960,1224,58625,306000000,1728000
1791127745.1698,4960,1224,58687,306000000,1728000
1791127745.2199,4960,1224,58531,306000000,1728000
1791127745.2700,4960,1224,58656,306000000,1728000
1791127745.3201,4960,1216,58437,306000000,1728000
1791127745.3701,4960,1216,58718,306000000,1728000
1791127745.4202,4960,1224,58531,306000000,1190400
1791127745.4703,4960,1232,58593,306000000,1728000
1791127745.5204,4960,1232,58750,306000000,1728000
1791127745.5705,4960,1224,58593,306000000,1728000
1791127745.6206,4960,1232,58750,306000000,1728000
1791127745.6707,4960,1216,58562,306000000,1728000
1791127745.7208,4960,1224,58593,306000000,1728000
1791127745.7708,4960,1224,58468,306000000,1728000
1791127745.8209,4960,1224,58562,306000000,1728000
1791127745.8710,4960,1224,58562,306000000,1728000
1791127745.9211,4960,1224,58625,306000000,1728000
1791127745.9711,4960,1224,58781,306000000,1113600
1791127746.0212,4960,1232,58625,306000000,1728000
1791127746.0713,4960,1240,58656,306000000,1728000
1791127746.1214,4960,1240,58531,306000000,1728000
1791127746.1715,4960,1232,58500,306000000,1728000
1791127746.2216,4960,1232,58500,306000000,1728000
1791127746.2717,4960,1224,58562,306000000,1728000
1791127746.3218,4960,1224,58531,306000000,1728000
1791127746.3718,4960,1224,58687,306000000,1728000
1791127746.4219,4960,1232,58812,306000000,1728000
1791127746.4720,4960,1224,58531,306000000,1728000
1791127746.5221,4960,1224,58718,306000000,1728000
1791127746.5722,4960,1240,58468,306000000,1728000
1791127746.6223,4960,1240,58625,306000000,1728000
1791127746.6724,4960,1240,58562,306000000,1728000
1791127746.7224,4960,1232,58531,306000000,1728000
1791127746.7725,4960,1240,58500,306000000,1728000
1791127746.8226,4960,1224,58562,306000000,1728000
1791127746.8727,4960,1232,58687,306000000,1728000
1791127746.9228,4960,1224,58593,306000000,1728000
1791127746.9729,4960,1232,58656,306000000,1728000
1791127747.0229,4960,1232,58562,306000000,1728000
1791127747.0730,4960,1224,58593,306000000,1728000
1791127747.1231,4960,1232,58468,306000000,1728000
1791127747.1732,4960,1240,58593,306000000,1728000
1791127747.2233,4960,1240,58531,306000000,1728000
1791127747.2734,4960,1232,58562,306000000,1728000
1791127747.3235,4960,1240,58718,306000000,1728000
1791127747.3736,4960,1240,58500,306000000,1728000
1791127747.4236,4960,1232,58656,306000000,1728000
1791127747.4737,4960,1224,58468,306000000,1728000
1791127747.5238,4960,1224,58593,306000000,1728000
1791127747.5739,4960,1224,58531,306000000,1728000
1791127747.6240,4960,1224,58593,306000000,1728000
1791127747.6740,4960,1224,58468,306000000,1728000
1791127747.7241,4960,1224,58593,306000000,1728000
1791127747.7742,4960,1232,58437,306000000,1728000
1791127747.8243,4960,1224,58437,306000000,1728000
1791127747.8744,4960,1224,58687,306000000,1728000
1791127747.9245,4960,1216,58468,306000000,1728000
1791127747.9745,4960,1224,58531,306000000,1728000
1791127748.0246,4960,1208,58437,306000000,1728000
1791127748.0747,4960,1224,58625,306000000,1728000
1791127748.1248,4960,1208,58406,306000000,1728000
1791127748.1749,4960,1216,58593,306000000,1728000
1791127748.2250,4960,1208,58437,306000000,1728000
1791127748.2750,4960,1232,58468,306000000,1728000
1791127748.3251,4960,1232,58656,306000000,1728000
1791127748.3752,4960,1232,58531,306000000,1728000
1791127748.4253,4960,1248,58687,306000000,1728000
1791127748.4754,4960,1240,58406,306000000,1728000
1791127748.5255,4960,1248,58500,306000000,1728000
1791127748.5756,4960,1240,58437,306000000,1728000
1791127748.6256,4960,1240,58562,306000000,1728000
1791127748.6757,4960,1240,58468,306000000,1728000
1791127748.7258,4960,1232,58468,306000000,1728000
1791127748.7759,4960,1232,58625,306000000,1728000
1791127748.8260,4960,1240,58437,306000000,1728000
1791127748.8761,4960,1248,58593,306000000,1728000
1791127748.9261,4960,1240,58375,306000000,1728000
1791127748.9762,4960,1232,58531,306000000,1728000
1791127749.0263,4960,1232,58406,306000000,1728000
1791127749.0764,4960,1240,58437,306000000,1728000
1791127749.1265,4960,1224,58437,306000000,1728000
1791127749.1766,4960,1232,58437,306000000,1728000
1791127749.2266,4960,1224,58625,306000000,1728000
1791127749.2767,4960,1224,58375,306000000,1728000
1791127749.3268,4960,1216,58562,306000000,1728000
1791127749.3769,4960,1224,58437,306000000,1728000
1791127749.4270,4960,1232,58437,306000000,1728000
1791127749.4771,4960,1224,58375,306000000,1728000
1791127749.5271,4960,1232,58437,306000000,1728000
1791127749.5772,4960,1224,58343,306000000,1728000
1791127749.6273,4960,1232,58437,306000000,1728000
1791127749.6774,4960,1232,58625,306000000,1728000
1791127749.7275,4960,1224,58437,306000000,1728000
1791127749.7775,4960,1232,58593,306000000,1728000
1791127749.8276,4960,1224,58468,306000000,1728000
1791127749.8777,4960,1224,58437,306000000,1728000
1791127749.9278,4960,1224,58375,306000000,1728000
1791127749.9779,4960,1240,58500,306000000,1728000
1791127750.0280,4960,1232,58437,306000000,1728000
1791127750.0780,4960,1224,58437,306000000,1728000
1791127750.1281,4960,1224,58406,306000000,1728000
1791127750.1782,4960,1216,58437,306000000,1728000
1791127750.2283,4960,1224,58531,306000000,1728000
1791127750.2784,4960,1232,58406,306000000,1728000
1791127750.3285,4960,1224,58468,306000000,1728000
1791127750.3786,4960,1224,58343,306000000,1728000
1791127750.4286,4960,1224,58500,306000000,1728000
1791127750.4787,4960,1232,58406,306000000,1728000
1791127750.5288,4960,1232,58468,306000000,1728000
1791127750.5789,4960,1240,58343,306000000,1728000
1791127750.6290,4960,1232,58437,306000000,1728000
1791127750.6791,4960,1232,58562,306000000,1728000
1791127750.7291,4960,1240,58437,306000000,1728000
1791127750.7792,4960,1224,58375,306000000,1728000
1791127750.8293,4960,1232,58312,306000000,1728000
1791127750.8794,4960,1224,58437,306000000,1728000
1791127750.9295,4960,1224,58343,306000000,1728000
1791127750.9796,4960,1216,58437,306000000,1728000
1791127751.0296,4960,1224,58375,306000000,1728000
1791127751.0797,4960,1232,58312,306000000,729600
1791127751.1298,4960,1224,58500,306000000,806400
1791127751.1799,4960,1232,58375,306000000,1728000
1791127751.2300,4960,1216,58437,306000000,1728000
1791127751.2801,4960,1224,58312,306000000,1728000
1791127751.3302,4960,1224,58437,306000000,1728000
1791127751.3802,4960,1224,58312,306000000,1728000
1791127751.4303,4960,1224,58343,306000000,1728000
1791127751.4804,4960,1216,58375,306000000,1728000
1791127751.5305,4960,1224,58406,306000000,1728000
1791127751.5805,4960,1216,58468,306000000,1728000
1791127751.6306,4960,1232,58343,306000000,1420800
1791127751.6807,4960,1232,58468,306000000,1728000
1791127751.7308,4960,1232,58406,306000000,1728000
1791127751.7809,4960,1224,58437,306000000,1728000
1791127751.8310,4960,1224,58375,306000000,1728000
1791127751.8810,4960,1224,58343,306000000,1728000
1791127751.9311,4960,1216,58375,306000000,1728000
1791127751.9812,4960,1216,58406,306000000,1728000
1791127752.0313,4960,1224,58468,306000000,1728000
1791127752.0814,4960,1216,58343,306000000,1728000
1791127752.1314,4960,1224,58437,306000000,1728000
1791127752.1815,4960,1240,58312,306000000,1190400
1791127752.2316,4960,1232,58406,306000000,1728000
1791127752.2817,4960,1240,58375,306000000,1728000
1791127752.3318,4960,1232,58406,306000000,1728000
1791127752.3819,4960,1232,58281,306000000,1728000
1791127752.4320,4960,1224,58375,306000000,1728000
1791127752.4821,4960,1224,58250,306000000,1728000
1791127752.5321,4960,1232,58343,306000000,1728000
1791127752.5822,4960,1224,58406,306000000,1728000
1791127752.6323,4960,1224,58281,306000000,1728000
1791127752.6824,4960,1224,58437,306000000,1728000
1791127752.7325,4960,1232,58312,306000000,1728000
1791127752.7826,4960,1232,58343,306000000,1728000
1791127752.8327,4960,1240,58312,306000000,1728000
1791127752.8828,4960,1232,58312,306000000,1728000
1791127752.9328,4960,1232,58250,306000000,1728000
1791127752.9829,4960,1232,58343,306000000,1728000
1791127753.0330,4960,1232,58500,306000000,1728000
1791127753.0831,4960,1232,58281,306000000,1728000
1791127753.1331,4960,1224,58375,306000000,1728000
1791127753.1832,4960,1232,58312,306000000,1728000
1791127753.2333,4960,1224,58437,306000000,1728000
1791127753.2834,4960,1232,58343,306000000,1267200
1791127753.3335,4960,1232,58218,306000000,806400
1791127753.3836,4960,1224,58250,306000000,1728000
1791127753.4336,4960,1232,58343,306000000,1728000
1791127753.4837,4960,1224,58406,306000000,1728000
1791127753.5338,4960,1224,58218,306000000,1728000
1791127753.5839,4960,1224,58375,306000000,1728000
1791127753.6339,4960,1224,58343,306000000,1728000
1791127753.6840,4960,1224,58281,306000000,1728000
1791127753.7341,4960,1216,58218,306000000,1728000
1791127753.7842,4960,1224,58281,306000000,1728000
1791127753.8342,4960,1216,58187,306000000,1728000
1791127753.8843,4960,1232,58250,306000000,1728000
1791127753.9344,4960,1240,58437,306000000,1728000
1791127753.9845,4960,1232,58218,306000000,1728000
1791127754.0346,4960,1240,58218,306000000,1728000
1791127754.0847,4960,1224,58250,306000000,1728000
1791127754.1347,4960,1232,58218,306000000,1728000
1791127754.1848,4960,1216,58218,306000000,1728000
1791127754.2349,4960,1216,58312,306000000,1728000
1791127754.2850,4960,1224,58218,306000000,1728000
1791127754.3351,4960,1224,58250,306000000,1728000
1791127754.3852,4960,1224,58406,306000000,1728000
1791127754.4353,4960,1232,58281,306000000,1344000
1791127754.4853,4960,1248,58281,306000000,1728000
1791127754.5354,4960,1256,58218,306000000,1728000
1791127754.5855,4960,1256,58281,306000000,1728000
1791127754.6356,4960,1256,58187,306000000,1728000
1791127754.6857,4960,1248,58281,306000000,1728000
1791127754.7357,4960,1256,58250,306000000,1728000
1791127754.7858,4960,1240,58250,306000000,1728000
1791127754.8359,4960,1232,58218,306000000,1728000
1791127754.8860,4960,1232,58218,306000000,1728000
1791127754.9361,4960,1224,58375,306000000,1728000
1791127754.9862,4960,1240,58281,306000000,1728000
1791127755.0363,4960,1240,58281,306000000,1728000
1791127755.0863,4960,1240,58187,306000000,1728000
1791127755.1364,4960,1224,58281,306000000,1728000
1791127755.1865,4960,1232,58187,306000000,1728000
1791127755.2366,4960,1224,58250,306000000,1728000
1791127755.2867,4960,1232,58156,306000000,1728000
1791127755.3367,4960,1216,58281,306000000,1728000
1791127755.3868,4960,1224,58312,306000000,1728000
1791127755.4369,4960,1216,58250,306000000,1728000
1791127755.4870,4960,1224,58250,306000000,1728000
1791127755.5371,4960,1224,58187,306000000,1728000
1791127755.5871,4960,1240,58281,306000000,1728000
1791127755.6372,4960,1240,58125,306000000,1728000
1791127755.6873,4960,1232,58156,306000000,1728000
1791127755.7374,4960,1224,58187,306000000,1728000
1791127755.7875,4960,1224,58156,306000000,1728000
1791127755.8375,4960,1216,58281,306000000,1728000
1791127755.8876,4960,1224,58187,306000000,1728000
1791127755.9377,4960,1216,58343,306000000,1728000
1791127755.9878,4960,1224,58156,306000000,1728000
1791127756.0378,4960,1216,58187,306000000,1728000
1791127756.0879,4960,1216,58031,306000000,1728000
1791127756.1380,4960,1232,58187,306000000,1728000
1791127756.1881,4960,1224,58156,306000000,1728000
1791127756.2382,4960,1224,58156,306000000,1728000
1791127756.2883,4960,1216,58281,306000000,1728000
1791127756.3384,4960,1224,58218,306000000,1728000
1791127756.3884,4960,1216,58312,306000000,1728000
1791127756.4385,4960,1224,58187,306000000,1728000
1791127756.4886,4960,1224,58281,306000000,1728000
1791127756.5387,4960,1216,58156,306000000,1728000
1791127756.5888,4960,1224,58250,306000000,1728000
1791127756.6388,4960,1224,58062,306000000,1113600
1791127756.6889,4960,1232,58218,306000000,1728000
1791127756.7390,4960,1224,58250,306000000,1728000
1791127756.7891,4960,1232,58156,306000000,1728000
1791127756.8392,4960,1224,58250,306000000,1728000
1791127756.8893,4960,1224,58093,306000000,1728000
1791127756.9393,4960,1216,58218,306000000,1728000
1791127756.9894,4960,1224,58031,306000000,1728000
1791127757.0395,4960,1216,58125,306000000,1728000
1791127757.0896,4960,1216,58062,306000000,1728000
1791127757.1397,4960,1216,58218,306000000,1728000
1791127757.1897,4960,1216,58031,306000000,1728000
1791127757.2398,4960,1224,58062,306000000,1728000
1791127757.2899,4960,1232,58156,306000000,1728000
1791127757.3400,4960,1224,58062,306000000,1728000
1791127757.3901,4960,1232,58218,306000000,1728000
1791127757.4401,4960,1216,58093,306000000,1728000
1791127757.4902,4960,1224,58156,306000000,1728000
1791127757.5403,4960,1216,58062,306000000,1728000
1791127757.5904,4960,1224,58093,306000000,1728000
1791127757.6405,4960,1224,58093,306000000,1728000
1791127757.6905,4960,1224,58156,306000000,1728000
1791127757.7406,4960,1216,58250,306000000,1728000
1791127757.7907,4960,1224,58125,306000000,1728000
1791127757.8408,4960,1240,58156,306000000,1728000
1791127757.8909,4960,1232,58062,306000000,1728000
1791127757.9410,4960,1232,58125,306000000,1728000
1791127757.9911,4960,1224,58031,306000000,1728000
1791127758.0411,4960,1232,58093,306000000,1728000
1791127758.0912,4960,1224,58093,306000000,1728000
1791127758.1413,4960,1224,58093,306000000,1728000
1791127758.1914,4960,1232,58187,306000000,1728000
1791127758.2414,4960,1224,58031,306000000,1728000
1791127758.2915,4960,1232,58250,306000000,1728000
1791127758.3416,4960,1240,58125,306000000,1728000
1791127758.3917,4960,1240,58218,306000000,1728000
1791127758.4418,4960,1240,58062,306000000,1728000
1791127758.4919,4960,1232,58093,306000000,1728000
1791127758.5419,4960,1240,58031,306000000,1728000
1791127758.5920,4960,1232,58125,306000000,1728000
1791127758.6421,4960,1232,58187,306000000,1728000
1791127758.6922,4960,1224,58093,306000000,1728000
1791127758.7422,4960,1224,58156,306000000,1728000
1791127758.7923,4960,1224,58031,306000000,1728000
1791127758.8424,4960,1216,58031,306000000,1728000
1791127758.8925,4960,1224,58031,306000000,1728000
1791127758.9426,4960,1232,58093,306000000,1728000
1791127758.9926,4960,1232,58000,306000000,1728000
1791127759.0427,4960,1224,58062,306000000,1728000
1791127759.0928,4960,1232,58156,306000000,1728000
1791127759.1429,4960,1224,58125,306000000,1728000
1791127759.1929,4960,1224,58187,306000000,1728000
1791127759.2431,4960,1224,58093,306000000,1728000
1791127759.2931,4960,1224,58125,306000000,1728000
1791127759.3432,4960,1224,58031,306000000,1728000
1791127759.3933,4960,1224,58125,306000000,1728000
1791127759.4434,4960,1224,58031,306000000,1190400
1791127759.4935,4960,1232,58031,306000000,1728000
1791127759.5436,4960,1240,58156,306000000,1728000
1791127759.5937,4960,1224,57968,306000000,1728000
1791127759.6437,4960,1232,58156,306000000,1728000
1791127759.6938,4960,1232,58031,306000000,1728000
1791127759.7439,4960,1232,58031,306000000,1728000
1791127759.7940,4960,1216,58000,306000000,1728000
1791127759.8440,4960,1224,58062,306000000,1728000
1791127759.8941,4960,1216,57968,306000000,1728000
1791127759.9442,4960,1216,58093,306000000,1728000
1791127759.9943,4960,1216,58125,306000000,1728000
1791127760.0444,4960,1224,58000,306000000,1728000
1791127760.0944,4960,1232,58156,306000000,1728000
1791127760.1445,4960,1224,58125,306000000,1728000
1791127760.1946,4960,1224,58125,306000000,1728000
1791127760.2447,4960,1232,57968,306000000,1728000
1791127760.2948,4960,1224,58031,306000000,1728000
1791127760.3449,4960,1224,57937,306000000,1728000
1791127760.3949,4960,1224,58062,306000000,1728000
1791127760.4450,4960,1224,58187,306000000,1728000
1791127760.4951,4960,1216,58000,306000000,1728000
1791127760.5452,4960,1208,58187,306000000,1728000
1791127760.5953,4960,1224,58062,306000000,1190400
1791127760.6454,4960,1224,58156,306000000,1728000
1791127760.6955,4960,1232,57968,306000000,1728000
1791127760.7456,4960,1232,58031,306000000,1728000
1791127760.7956,4960,1224,57968,306000000,1728000
1791127760.8457,4960,1232,58062,306000000,1728000
1791127760.8958,4960,1224,58093,306000000,1728000
1791127760.9459,4960,1232,58000,306000000,1728000
1791127760.9960,4960,1224,58218,306000000,1728000
1791127761.0461,4960,1224,57968,306000000,1728000
1791127761.0961,4960,1232,58093,306000000,1728000
1791127761.1462,4960,1232,57968,306000000,1728000
1791127761.1963,4960,1248,58062,306000000,1728000
1791127761.2464,4960,1240,57968,306000000,1728000
1791127761.2965,4960,1240,57968,306000000,1728000
1791127761.3466,4960,1240,57968,306000000,1728000
1791127761.3967,4960,1232,57968,306000000,1728000
1791127761.4467,4960,1232,58125,306000000,1728000
1791127761.4968,4960,1224,57968,306000000,1728000
1791127761.5469,4960,1232,58062,306000000,1728000
1791127761.5970,4960,1224,57968,306000000,1728000
1791127761.6471,4960,1224,57968,306000000,1728000
1791127761.6972,4960,1224,57968,306000000,1728000
1791127761.7473,4960,1240,58000,306000000,1728000
1791127761.7973,4960,1232,57937,306000000,1728000
1791127761.8474,4960,1240,58000,306000000,1728000
1791127761.8975,4960,1240,58031,306000000,1728000
1791127761.9476,4960,1232,57968,306000000,1728000
1791127761.9976,4960,1240,58031,306000000,1728000
1791127762.0477,4960,1232,57937,306000000,1728000
1791127762.0978,4960,1232,58062,306000000,1728000
1791127762.1479,4960,1232,57968,306000000,1728000
1791127762.1979,4960,1224,58000,306000000,1728000
1791127762.2480,4960,1232,57906,306000000,1728000
1791127762.2981,4960,1240,57937,306000000,1344000
1791127762.3482,4960,1232,58000,306000000,1728000
1791127762.3983,4960,1232,57968,306000000,1728000
1791127762.4484,4960,1224,58062,306000000,1728000
1791127762.4985,4960,1232,57875,306000000,1728000
1791127762.5485,4960,1232,57968,306000000,1728000
1791127762.5986,4960,1224,57937,306000000,1728000
1791127762.6487,4960,1224,57968,306000000,1728000
1791127762.6988,4960,1224,57968,306000000,1728000
1791127762.7488,4960,1216,57968,306000000,1728000
1791127762.7989,4960,1216,58062,306000000,1113600
1791127762.8490,4960,1224,57968,306000000,1728000
1791127762.8991,4960,1232,57968,306000000,1728000
1791127762.9492,4960,1224,57968,306000000,1728000
1791127762.9993,4960,1232,57968,306000000,1728000
1791127763.0494,4960,1224,57968,306000000,1728000
1791127763.0995,4960,1232,57937,306000000,1728000
1791127763.1495,4960,1216,57906,306000000,1728000
1791127763.1996,4960,1224,57906,306000000,1728000
1791127763.2497,4960,1224,57968,306000000,1728000
1791127763.2998,4960,1224,57968,306000000,1728000
1791127763.3499,4960,1224,58031,306000000,1728000
1791127763.4000,4960,1232,57968,306000000,1728000
1791127763.4501,4960,1240,58031,306000000,1728000
1791127763.5002,4960,1232,57937,306000000,1728000
1791127763.5502,4960,1240,57968,306000000,1728000
1791127763.6003,4960,1232,57906,306000000,1728000
1791127763.6504,4960,1232,57937,306000000,1728000
1791127763.7005,4960,1232,58093,306000000,1728000
1791127763.7506,4960,1232,57937,306000000,1728000
1791127763.8006,4960,1232,58031,306000000,1728000
1791127763.8507,4960,1224,57875,306000000,1728000
1791127763.9008,4960,1232,57906,306000000,1728000
1791127763.9509,4960,1232,57875,306000000,1420800
1791127764.0010,4960,1240,57906,306000000,1728000
1791127764.0511,4960,1232,57843,306000000,1728000
1791127764.1011,4960,1232,57968,306000000,1728000
1791127764.1512,4960,1232,57968,306000000,1728000
1791127764.2013,4960,1232,57937,306000000,1728000
1791127764.2514,4960,1232,58031,306000000,1728000
1791127764.3015,4960,1232,57843,306000000,1728000
1791127764.3516,4960,1224,58000,306000000,1728000
1791127764.4016,4960,1224,57906,306000000,1728000
1791127764.4517,4960,1224,57875,306000000,1728000
1791127764.5018,4960,1232,57875,306000000,1728000
1791127764.5519,4960,1248,57968,306000000,1728000
1791127764.6020,4960,1240,58031,306000000,1728000
1791127764.6521,4960,1232,57906,306000000,1728000
1791127764.7022,4960,1232,58031,306000000,1728000
1791127764.7522,4960,1224,57937,306000000,1728000
1791127764.8023,4960,1224,57968,306000000,1728000
1791127764.8524,4960,1232,57875,306000000,1728000
1791127764.9025,4960,1224,57906,306000000,1728000
1791127764.9525,4960,1224,57781,306000000,1728000
1791127765.0026,4960,1216,57937,306000000,1728000
1791127765.0527,4960,1224,57843,306000000,1728000
1791127765.1028,4960,1232,57906,306000000,1728000
1791127765.1529,4960,1240,57968,306000000,1728000
1791127765.2030,4960,1232,57843,306000000,1728000
1791127765.2530,4960,1232,57937,306000000,1728000
1791127765.3031,4960,1232,57843,306000000,1728000
1791127765.3532,4960,1224,57968,306000000,1728000
1791127765.4033,4960,1216,57937,306000000,1728000
1791127765.4534,4960,1224,57906,306000000,1728000
1791127765.5035,4960,1216,57843,306000000,1728000
1791127765.5535,4960,1216,57843,306000000,1728000
1791127765.6036,4960,1216,57937,306000000,1728000
1791127765.6537,4960,1216,57875,306000000,1728000
1791127765.7038,4960,1232,57968,306000000,1728000
1791127765.7539,4960,1216,57781,306000000,1728000
1791127765.8039,4960,1216,57937,306000000,1728000
1791127765.8540,4960,1216,57812,306000000,1728000
1791127765.9041,4960,1208,57968,306000000,1728000
1791127765.9542,4960,1216,57843,306000000,1728000
1791127766.0043,4960,1208,57875,306000000,1728000
1791127766.0543,4960,1216,57968,306000000,1728000
1791127766.1044,4960,1208,57781,306000000,1728000
1791127766.1545,4960,1216,57968,306000000,1728000
1791127766.2046,4960,1224,57843,306000000,1728000
1791127766.2547,4960,1224,57875,306000000,1728000
1791127766.3048,4960,1224,57843,306000000,1728000
1791127766.3548,4960,1224,57781,306000000,1728000
1791127766.4049,4960,1224,57718,306000000,1728000
1791127766.4550,4960,1224,57812,306000000,1728000
1791127766.5051,4960,1224,57937,306000000,1728000
1791127766.5552,4960,1216,57843,306000000,1728000
1791127766.6053,4960,1216,57875,306000000,1728000
1791127766.6553,4960,1216,57781,306000000,1728000
1791127766.7054,4960,1216,57781,306000000,1728000
1791127766.7555,4960,1224,57781,306000000,1113600
1791127766.8056,4960,1232,57875,306000000,1728000
1791127766.8557,4960,1224,57781,306000000,1728000
1791127766.9058,4960,1224,57843,306000000,1728000
1791127766.9558,4960,1224,57906,306000000,1728000
1791127767.0059,4960,1224,57906,306000000,1728000
1791127767.0560,4960,1216,57937,306000000,1728000
1791127767.1061,4960,1224,57781,306000000,1728000
1791127767.1561,4960,1216,57843,306000000,1728000
1791127767.2062,4960,1216,57781,306000000,1728000
1791127767.2563,4960,1216,57906,306000000,1728000
1791127767.3064,4960,1224,57781,306000000,1728000
1791127767.3565,4960,1224,57906,306000000,1728000
1791127767.4066,4960,1232,57906,306000000,1728000
1791127767.4567,4960,1224,57750,306000000,1728000
1791127767.5067,4960,1224,57843,306000000,1728000
1791127767.5568,4960,1224,57718,306000000,1728000
1791127767.6069,4960,1224,57875,306000000,1728000
1791127767.6570,4960,1232,57812,306000000,1728000
1791127767.7071,4960,1224,57812,306000000,1728000
1791127767.7572,4960,1224,57750,306000000,1728000
1791127767.8072,4960,1224,57812,306000000,1728000
1791127767.8573,4960,1232,57937,306000000,1728000
1791127767.9074,4960,1248,57781,306000000,1728000
1791127767.9575,4960,1240,57875,306000000,1728000
1791127768.0076,4960,1240,57718,306000000,1728000
1791127768.0577,4960,1232,57937,306000000,1728000
1791127768.1078,4960,1232,57687,306000000,1728000
1791127768.1578,4960,1232,57718,306000000,1728000
1791127768.2079,4960,1232,57656,306000000,1728000
1791127768.2580,4960,1232,57781,306000000,1728000
1791127768.3081,4960,1232,57937,306000000,1728000
1791127768.3581,4960,1232,57687,306000000,1728000
1791127768.4082,4960,1224,57906,306000000,1728000
1791127768.4583,4960,1240,57781,306000000,1728000
1791127768.5084,4960,1240,57843,306000000,1728000
1791127768.5585,4960,1240,57718,306000000,1728000
1791127768.6086,4960,1232,57875,306000000,1728000
1791127768.6587,4960,1232,57750,306000000,1728000
1791127768.7087,4960,1224,57781,306000000,1728000
1791127768.7588,4960,1232,57875,306000000,1728000
1791127768.8089,4960,1224,57718,306000000,1728000
1791127768.8590,4960,1232,57843,306000000,1728000
1791127768.9090,4960,1216,57687,306000000,1728000
1791127768.9591,4960,1224,57906,306000000,1728000
1791127769.0092,4960,1232,57750,306000000,1728000
1791127769.0593,4960,1240,57812,306000000,1728000
1791127769.1094,4960,1240,57718,306000000,1728000
1791127769.1595,4960,1232,57750,306000000,1728000
1791127769.2096,4960,1232,57906,306000000,1728000
1791127769.2596,4960,1232,57750,306000000,1728000
1791127769.3097,4960,1232,57906,306000000,1728000
1791127769.3598,4960,1224,57718,306000000,1728000
1791127769.4099,4960,1232,57812,306000000,1728000
1791127769.4599,4960,1224,57593,306000000,1728000
1791127769.5100,4960,1224,57812,306000000,1728000
1791127769.5601,4960,1240,57687,306000000,1497600
1791127769.6102,4960,1240,57781,306000000,1728000
1791127769.6603,4960,1240,57718,306000000,1728000
1791127769.7104,4960,1232,57687,306000000,1728000
1791127769.7605,4960,1224,57968,306000000,1728000
1791127769.8106,4960,1224,57687,306000000,1728000
1791127769.8607,4960,1224,57812,306000000,1728000
1791127769.9107,4960,1224,57656,306000000,1728000
1791127769.9608,4960,1224,57781,306000000,1728000
1791127770.0109,4960,1216,57656,306000000,1728000
1791127770.0612,4960,1224,57687,306000000,1728000
1791127770.1113,4960,1240,57593,306000000,1344000
1791127770.1614,4960,1240,57718,306000000,1728000
1791127770.2115,4960,1240,57750,306000000,1728000
1791127770.2615,4960,1232,57781,306000000,1728000
1791127770.3116,4960,1232,57812,306000000,1728000
1791127770.3617,4960,1224,57562,306000000,1728000
1791127770.4118,4960,1232,57718,306000000,1728000
1791127770.4619,4960,1224,57656,306000000,1728000
1791127770.5119,4960,1224,57812,306000000,1728000
1791127770.5620,4960,1224,57625,306000000,1728000
1791127770.6121,4960,1232,57656,306000000,1728000
1791127770.6622,4960,1224,57750,306000000,1728000
1791127770.7123,4960,1240,57687,306000000,1728000
1791127770.7624,4960,1232,57875,306000000,1728000
1791127770.8125,4960,1240,57625,306000000,1728000
1791127770.8626,4960,1224,57687,306000000,1728000
1791127770.9126,4960,1232,57687,306000000,1728000
1791127770.9627,4960,1224,57687,306000000,1728000
1791127771.0128,4960,1224,57718,306000000,1728000
1791127771.0629,4960,1224,57718,306000000,1728000
1791127771.1130,4960,1224,57843,306000000,1728000
1791127771.1630,4960,1224,57718,306000000,729600
1791127771.2131,4960,1224,57812,306000000,1728000
1791127771.2632,4960,1232,57687,306000000,1420800
1791127771.3133,4960,1232,57750,306000000,1728000
1791127771.3634,4960,1224,57656,306000000,1728000
1791127771.4135,4960,1224,57687,306000000,1728000
1791127771.4635,4960,1224,57625,306000000,1728000
1791127771.5136,4960,1224,57656,306000000,1728000
1791127771.5637,4960,1216,57812,306000000,1728000
1791127771.6138,4960,1224,57593,306000000,1728000
1791127771.6639,4960,1216,57812,306000000,1728000
1791127771.7140,4960,1216,57625,306000000,1728000
1791127771.7640,4960,1216,57687,306000000,1728000
1791127771.8141,4960,1232,57625,306000000,1728000
1791127771.8642,4960,1232,57750,306000000,1728000
1791127771.9143,4960,1232,57656,306000000,1728000
1791127771.9644,4960,1232,57625,306000000,1728000
1791127772.0145,4960,1224,57750,306000000,1728000
1791127772.0645,4960,1232,57656,306000000,1728000
1791127772.1146,4960,1224,57812,306000000,1728000
1791127772.1647,4960,1232,57562,306000000,1728000
1791127772.2148,4960,1224,57718,306000000,1728000
1791127772.2648,4960,1224,57656,306000000,1728000
1791127772.3149,4960,1232,57656,306000000,1728000
1791127772.3650,4960,1232,57593,306000000,1113600
1791127772.4151,4960,1240,57718,306000000,1728000
1791127772.4652,4960,1232,57656,306000000,1728000
1791127772.5153,4960,1224,57500,306000000,1728000
1791127772.5653,4960,1232,57750,306000000,1728000
1791127772.6154,4960,1224,57625,306000000,1728000
1791127772.6655,4960,1224,57843,306000000,1728000
1791127772.7156,4960,1232,57562,306000000,1728000
1791127772.7657,4960,1224,57625,306000000,1728000
1791127772.8157,4960,1232,57625,306000000,1728000
1791127772.8658,4960,1216,57656,306000000,1728000
1791127772.9159,4960,1232,57593,306000000,1728000
1791127772.9660,4960,1240,57625,306000000,1728000
1791127773.0161,4960,1232,57812,306000000,1728000
1791127773.0662,4960,1224,57656,306000000,1728000
1791127773.1163,4960,1232,57718,306000000,1728000
1791127773.1663,4960,1232,57656,306000000,1728000
1791127773.2164,4960,1240,57718,306000000,1728000
1791127773.2665,4960,1232,57500,306000000,1728000
1791127773.3166,4960,1232,57656,306000000,1728000
1791127773.3666,4960,1256,57625,306000000,1728000
1791127773.4167,4960,1272,57625,306000000,1728000
1791127773.4668,4960,1280,57718,306000000,1728000
1791127773.5169,4960,1296,57625,306000000,1728000
1791127773.5670,4960,1280,57718,306000000,1728000
1791127773.6171,4960,1280,57562,306000000,1728000
1791127773.6671,4960,1280,57718,306000000,1728000
1791127773.7172,4960,1264,57625,306000000,1728000
1791127773.7673,4960,1264,57718,306000000,1728000
1791127773.8174,4960,1264,57562,306000000,1728000
1791127773.8675,4960,1256,57593,306000000,1728000
1791127773.9175,4960,1256,57781,306000000,1728000
1791127773.9676,4960,1248,57625,306000000,1728000
1791127774.0177,4960,1248,57750,306000000,1728000
1791127774.0678,4960,1256,57593,306000000,1728000
1791127774.1179,4960,1256,57625,306000000,1728000
1791127774.1680,4960,1248,57562,306000000,1728000
1791127774.2181,4960,1240,57593,306000000,1728000
1791127774.2682,4960,1240,57500,306000000,1728000
1791127774.3182,4960,1232,57593,306000000,1728000
1791127774.3683,4960,1224,57750,306000000,1728000
1791127774.4184,4960,1232,57500,306000000,1728000
1791127774.4685,4960,1216,57687,306000000,1728000
1791127774.5186,4960,1224,57562,306000000,1728000
1791127774.5687,4960,1216,57593,306000000,1728000
1791127774.6188,4960,1232,57500,306000000,1344000
1791127774.6689,4960,1232,57625,306000000,1728000
1791127774.7189,4960,1232,57562,306000000,1728000
1791127774.7690,4960,1224,57562,306000000,1728000
1791127774.8191,4960,1224,57687,306000000,1728000
1791127774.8692,4960,1216,57500,306000000,1728000
1791127774.9193,4960,1208,57656,306000000,1728000
1791127774.9693,4960,1208,57500,306000000,1728000
1791127775.0194,4960,1208,57562,306000000,1728000
1791127775.0695,4960,1216,57468,306000000,1728000
1791127775.1196,4960,1224,57625,306000000,1728000
1791127775.1697,4960,1240,57468,306000000,1344000
1791127775.2198,4960,1232,57593,306000000,1728000
1791127775.2698,4960,1240,57750,306000000,1728000
1791127775.3199,4960,1240,57500,306000000,1728000
1791127775.3700,4960,1232,57656,306000000,1728000
1791127775.4201,4960,1240,57468,306000000,1728000
1791127775.4702,4960,1240,57656,306000000,1728000
1791127775.5202,4960,1232,57468,306000000,1728000
1791127775.5703,4960,1232,57500,306000000,1728000
1791127775.6204,4960,1232,57468,306000000,1728000
1791127775.6705,4960,1224,57500,306000000,1728000
1791127775.7206,4960,1232,57468,306000000,1728000
1791127775.7707,4960,1248,57531,306000000,1728000
1791127775.8208,4960,1240,57531,306000000,1728000
1791127775.8708,4960,1240,57531,306000000,1728000
1791127775.9209,4960,1232,57656,306000000,1728000
1791127775.9710,4960,1240,57437,306000000,1728000
1791127776.0211,4960,1240,57468,306000000,1728000
1791127776.0712,4960,1232,57468,306000000,1728000
1791127776.1212,4960,1232,57562,306000000,1728000
1791127776.1713,4960,1224,57468,306000000,1728000
1791127776.2214,4960,1232,57468,306000000,1728000
1791127776.2715,4960,1240,57625,306000000,1728000
1791127776.3216,4960,1240,57468,306000000,729600
1791127776.3717,4960,1248,57625,306000000,1728000
1791127776.4218,4960,1232,57468,306000000,1728000
1791127776.4718,4960,1240,57500,306000000,1728000
1791127776.5219,4960,1224,57468,306000000,1728000
1791127776.5720,4960,1224,57500,306000000,1728000
1791127776.6221,4960,1224,57468,306000000,1728000
1791127776.6722,4960,1224,57468,306000000,1728000
1791127776.7222,4960,1224,57656,306000000,1728000
1791127776.7723,4960,1232,57531,306000000,1728000
1791127776.8224,4960,1224,57562,306000000,1190400
1791127776.8725,4960,1240,57500,306000000,1728000
1791127776.9226,4960,1232,57468,306000000,1728000
1791127776.9727,4960,1232,57437,306000000,1728000
1791127777.0228,4960,1224,57500,306000000,1728000
1791127777.0729,4960,1224,57468,306000000,1728000
1791127777.1229,4960,1224,57468,306000000,1728000
1791127777.1730,4960,1224,57562,306000000,1728000
1791127777.2231,4960,1224,57500,306000000,1728000
1791127777.2732,4960,1216,57562,306000000,1728000
1791127777.3232,4960,1216,57468,306000000,1728000
1791127777.3733,4960,1216,57500,306000000,1728000
1791127777.4234,4960,1232,57468,306000000,1344000
1791127777.4735,4960,1232,57531,306000000,1728000
1791127777.5236,4960,1232,57468,306000000,1728000
1791127777.5737,4960,1224,57468,306000000,1728000
1791127777.6238,4960,1224,57531,306000000,1728000
1791127777.6739,4960,1232,57500,306000000,1728000
1791127777.7239,4960,1232,57593,306000000,1728000
1791127777.7740,4960,1224,57468,306000000,1728000
1791127777.8241,4960,1224,57500,306000000,1728000
1791127777.8742,4960,1224,57437,306000000,1728000
1791127777.9243,4960,1224,57468,306000000,1728000
1791127777.9744,4960,1232,57437,306000000,1728000
1791127778.0245,4960,1232,57468,306000000,1728000
1791127778.0746,4960,1232,57625,306000000,1728000
1791127778.1246,4960,1232,57468,306000000,1728000
1791127778.1747,4960,1232,57625,306000000,1728000
1791127778.2248,4960,1232,57468,306000000,1728000
1791127778.2749,4960,1232,57468,306000000,1728000
1791127778.3250,4960,1232,57437,306000000,1728000
1791127778.3751,4960,1232,57531,306000000,1728000
1791127778.4252,4960,1224,57468,306000000,1728000
1791127778.4752,4960,1232,57531,306000000,1728000
1791127778.5253,4960,1232,57593,306000000,1728000
1791127778.5754,4960,1240,57437,306000000,1728000
1791127778.6255,4960,1232,57500,306000000,1728000
1791127778.6756,4960,1232,57468,306000000,1728000
1791127778.7257,4960,1232,57531,306000000,1728000
1791127778.7758,4960,1232,57437,306000000,1728000
1791127778.8259,4960,1224,57468,306000000,1728000
1791127778.8760,4960,1224,57375,306000000,1728000
1791127778.9260,4960,1216,57468,306000000,1728000
1791127778.9761,4960,1224,57562,306000000,1728000
1791127779.0262,4960,1224,57406,306000000,1728000
1791127779.0763,4960,1224,57562,306000000,1728000
1791127779.1264,4960,1240,57437,306000000,1728000
1791127779.1765,4960,1232,57531,306000000,1728000
1791127779.2266,4960,1232,57437,306000000,1728000
1791127779.2767,4960,1224,57468,306000000,1728000
1791127779.3267,4960,1232,57406,306000000,1728000
1791127779.3768,4960,1224,57468,306000000,1728000
1791127779.4269,4960,1224,57531,306000000,1728000
1791127779.4770,4960,1224,57500,306000000,1728000
1791127779.5271,4960,1224,57531,306000000,1728000
1791127779.5771,4960,1216,57437,306000000,1728000
1791127779.6272,4960,1224,57531,306000000,1728000
1791127779.6773,4960,1224,57406,306000000,1728000
1791127779.7274,4960,1232,57468,306000000,1728000
1791127779.7775,4960,1232,57437,306000000,1728000
1791127779.8276,4960,1232,57500,306000000,1728000
1791127779.8776,4960,1232,57406,306000000,1728000
1791127779.9277,4960,1224,57468,306000000,1728000
1791127779.9778,4960,1224,57531,306000000,1728000
1791127780.0279,4960,1216,57406,306000000,1728000
1791127780.0779,4960,1216,57468,306000000,1728000
1791127780.1280,4960,1216,57375,306000000,1728000
1791127780.1781,4960,1216,57437,306000000,1728000
1791127780.2282,4960,1224,57468,306000000,1728000
1791127780.2783,4960,1232,57500,306000000,1728000
1791127780.3284,4960,1232,57375,306000000,1728000
1791127780.3784,4960,1232,57437,306000000,1728000
1791127780.4285,4960,1232,57562,306000000,1728000
1791127780.4786,4960,1224,57406,306000000,1728000
1791127780.5287,4960,1232,57562,306000000,1728000
1791127780.5787,4960,1216,57437,306000000,1728000
1791127780.6288,4960,1224,57437,306000000,1728000
1791127780.6789,4960,1216,57375,306000000,1728000
1791127780.7290,4960,1224,57437,306000000,1728000
1791127780.7791,4960,1232,57343,306000000,1190400
1791127780.8292,4960,1232,57437,306000000,1728000
1791127780.8792,4960,1232,57531,306000000,1728000
1791127780.9293,4960,1232,57406,306000000,1728000
1791127780.9794,4960,1232,57656,306000000,1728000
1791127781.0295,4960,1224,57375,306000000,1728000
1791127781.0796,4960,1232,57437,306000000,1728000
1791127781.1296,4960,1224,57343,306000000,729600
1791127781.1797,4960,1232,57468,306000000,1728000
1791127781.2298,4960,1216,57437,306000000,1728000
1791127781.2799,4960,1224,57437,306000000,1728000
1791127781.3300,4960,1224,57500,306000000,1728000
1791127781.3801,4960,1240,57375,306000000,1728000
1791127781.4302,4960,1224,57468,306000000,1728000
1791127781.4803,4960,1232,57375,306000000,1728000
1791127781.5304,4960,1224,57468,306000000,1728000
1791127781.5804,4960,1224,57375,306000000,1728000
1791127781.6305,4960,1224,57437,306000000,1728000
1791127781.6806,4960,1224,57281,306000000,1728000
1791127781.7307,4960,1224,57468,306000000,1728000
1791127781.7807,4960,1224,57468,306000000,1728000
1791127781.8308,4960,1224,57437,306000000,1728000
1791127781.8809,4960,1232,57468,306000000,1728000
1791127781.9310,4960,1240,57437,306000000,1728000
1791127781.9811,4960,1240,57437,306000000,1728000
1791127782.0312,4960,1232,57312,306000000,1728000
1791127782.0813,4960,1232,57468,306000000,1728000
1791127782.1314,4960,1232,57375,306000000,1728000
1791127782.1814,4960,1232,57375,306000000,1728000
1791127782.2315,4960,1224,57500,306000000,1728000
1791127782.2816,4960,1224,57312,306000000,1728000
1791127782.3317,4960,1224,57562,306000000,1728000
1791127782.3818,4960,1224,57375,306000000,1728000
1791127782.4319,4960,1224,57468,306000000,1728000
1791127782.4820,4960,1240,57406,306000000,1728000
1791127782.5321,4960,1232,57468,306000000,1728000
1791127782.5821,4960,1232,57343,306000000,1728000
1791127782.6322,4960,1224,57437,306000000,1728000
1791127782.6823,4960,1232,57312,306000000,1728000
1791127782.7324,4960,1224,57375,306000000,1728000
1791127782.7825,4960,1224,57500,306000000,1728000
1791127782.8325,4960,1216,57437,306000000,1728000
1791127782.8826,4960,1224,57437,306000000,1728000
1791127782.9327,4960,1216,57343,306000000,1728000
1791127782.9828,4960,1216,57375,306000000,1728000
1791127783.0329,4960,1232,57437,306000000,1728000
1791127783.0830,4960,1240,57375,306000000,1728000
1791127783.1331,4960,1232,57281,306000000,1728000
1791127783.1831,4960,1232,57375,306000000,1728000
1791127783.2332,4960,1224,57468,306000000,1728000
1791127783.2833,4960,1232,57406,306000000,1728000
1791127783.3334,4960,1216,57468,306000000,1728000
1791127783.3835,4960,1224,57312,306000000,1728000
1791127783.4335,4960,1216,57375,306000000,1728000
1791127783.4836,4960,1224,57375,306000000,1728000
1791127783.5337,4960,1216,57406,306000000,1728000
1791127783.5838,4960,1216,57312,306000000,1113600
1791127783.6339,4960,1232,57406,306000000,1728000
1791127783.6840,4960,1224,57437,306000000,1728000
1791127783.7341,4960,1224,57250,306000000,1728000
1791127783.7842,4960,1224,57500,306000000,1728000
1791127783.8342,4960,1216,57281,306000000,1728000
1791127783.8843,4960,1224,57406,306000000,1728000
1791127783.9344,4960,1224,57343,306000000,1728000
1791127783.9845,4960,1224,57343,306000000,1728000
1791127784.0346,4960,1216,57281,306000000,1728000
1791127784.0846,4960,1216,57375,306000000,1728000
1791127784.1347,4960,1232,57468,306000000,1420800
1791127784.1848,4960,1232,57343,306000000,1728000
1791127784.2349,4960,1232,57343,306000000,1728000
1791127784.2850,4960,1224,57343,306000000,1728000
1791127784.3351,4960,1224,57375,306000000,1728000
1791127784.3851,4960,1224,57375,306000000,1728000
1791127784.4352,4960,1224,57437,306000000,1728000
1791127784.4853,4960,1216,57312,306000000,1728000
1791127784.5354,4960,1224,57343,306000000,1728000
1791127784.5855,4960,1216,57468,306000000,1728000
1791127784.6355,4960,1224,57375,306000000,1728000
1791127784.6856,4960,1224,57468,306000000,1728000
1791127784.7357,4960,1232,57281,306000000,1728000
1791127784.7858,4960,1240,57406,306000000,1728000
1791127784.8359,4960,1232,57281,306000000,1728000
1791127784.8860,4960,1232,57343,306000000,1728000
1791127784.9361,4960,1224,57218,306000000,1728000
1791127784.9861,4960,1232,57281,306000000,1728000
1791127785.0362,4960,1224,57156,306000000,1728000
1791127785.0863,4960,1224,57281,306000000,1728000
1791127785.1364,4960,1216,57500,306000000,1728000
1791127785.1865,4960,1216,57281,306000000,1728000
1791127785.2366,4960,1216,57375,306000000,1728000
1791127785.2866,4960,1224,57312,306000000,1497600
1791127785.3367,4960,1232,57406,306000000,1728000
1791127785.3868,4960,1216,57218,306000000,1728000
1791127785.4369,4960,1224,57312,306000000,1728000
1791127785.4870,4960,1216,57250,306000000,1728000
1791127785.5370,4960,1216,57281,306000000,1728000
1791127785.5871,4960,1216,57437,306000000,1728000
1791127785.6372,4960,1208,57218,306000000,1728000
1791127785.6873,4960,1216,57312,306000000,1728000
1791127785.7373,4960,1208,57250,306000000,1728000
1791127785.7874,4960,1216,57375,306000000,1728000
1791127785.8375,4960,1232,57281,306000000,1728000
1791127785.8876,4960,1224,57343,306000000,1728000
1791127785.9377,4960,1232,57218,306000000,1728000
1791127785.9878,4960,1224,57312,306000000,1728000
1791127786.0379,4960,1224,57468,306000000,1728000
1791127786.0879,4960,1224,57281,306000000,1728000
1791127786.1380,4960,1224,57406,306000000,1728000
1791127786.1881,4960,1232,57281,306000000,1728000
1791127786.2382,4960,1224,57375,306000000,1728000
1791127786.2883,4960,1224,57281,306000000,1728000
1791127786.3383,4960,1216,57343,306000000,1728000
1791127786.3884,4960,1232,57250,306000000,1728000
1791127786.4385,4960,1232,57250,306000000,1728000
1791127786.4886,4960,1232,57437,306000000,1728000
1791127786.5387,4960,1224,57343,306000000,1728000
1791127786.5888,4960,1224,57437,306000000,1728000
1791127786.6389,4960,1224,57218,306000000,1728000
1791127786.6889,4960,1232,57343,306000000,1728000
1791127786.7390,4960,1224,57281,306000000,1728000
1791127786.7891,4960,1224,57218,306000000,1728000
1791127786.8392,4960,1224,57156,306000000,1728000
1791127786.8893,4960,1224,57250,306000000,1728000
1791127786.9393,4960,1240,57375,306000000,1420800
1791127786.9894,4960,1232,57250,306000000,1728000
1791127787.0395,4960,1232,57406,306000000,1728000
1791127787.0896,4960,1232,57250,306000000,1728000
1791127787.1397,4960,1232,57281,306000000,1728000
1791127787.1898,4960,1224,57218,306000000,1728000
1791127787.2398,4960,1224,57281,306000000,1728000
1791127787.2899,4960,1224,57218,306000000,1728000
1791127787.3400,4960,1224,57218,306000000,1728000
1791127787.3901,4960,1216,57187,306000000,1728000
1791127787.4401,4960,1216,57281,306000000,1728000
1791127787.4902,4960,1224,57312,306000000,1728000
1791127787.5403,4960,1224,57281,306000000,1728000
1791127787.5904,4960,1224,57312,306000000,1728000
1791127787.6405,4960,1216,57218,306000000,1728000
1791127787.6906,4960,1216,57218,306000000,1728000
1791127787.7407,4960,1216,57187,306000000,1728000
1791127787.7908,4960,1224,57281,306000000,1728000
1791127787.8408,4960,1216,57156,306000000,1728000
1791127787.8909,4960,1224,57187,306000000,1728000
1791127787.9410,4960,1216,57375,306000000,1728000
1791127787.9911,4960,1224,57250,306000000,1728000
1791127788.0412,4960,1216,57250,306000000,1113600
1791127788.0913,4960,1232,57187,306000000,1497600
1791127788.1413,4960,1224,57343,306000000,1728000
1791127788.1914,4960,1232,57125,306000000,1728000
1791127788.2415,4960,1224,57187,306000000,1728000
1791127788.2916,4960,1224,57156,306000000,1728000
1791127788.3417,4960,1224,57125,306000000,1728000
1791127788.3917,4960,1224,57375,306000000,1728000
1791127788.4418,4960,1216,57187,306000000,1728000
1791127788.4919,4960,1224,57281,306000000,1728000
1791127788.5420,4960,1224,57250,306000000,1728000
1791127788.5920,4960,1224,57281,306000000,1728000
1791127788.6421,4960,1232,57125,306000000,1728000
1791127788.6922,4960,1232,57250,306000000,1728000
1791127788.7426,4960,1232,57125,306000000,1728000
1791127788.7927,4960,1224,57250,306000000,1728000
1791127788.8427,4960,1232,57312,306000000,1728000
1791127788.8928,4960,1224,57250,306000000,1728000
1791127788.9429,4960,1216,57250,306000000,1728000
1791127788.9930,4960,1216,57250,306000000,1728000
1791127789.0431,4960,1216,57250,306000000,1728000
1791127789.0932,4960,1216,57250,306000000,1728000
1791127789.1433,4960,1224,57343,306000000,1728000
1791127789.1934,4960,1232,57093,306000000,1728000
1791127789.2434,4960,1232,57218,306000000,1728000
1791127789.2935,4960,1232,57375,306000000,1728000
1791127789.3436,4960,1232,57125,306000000,1728000
1791127789.3937,4960,1224,57281,306000000,1728000
1791127789.4438,4960,1232,57125,306000000,1728000
1791127789.4938,4960,1224,57343,306000000,1728000
1791127789.5439,4960,1224,57218,306000000,1728000
1791127789.5940,4960,1216,57218,306000000,1728000
1791127789.6441,4960,1224,57125,306000000,1728000
1791127789.6942,4960,1216,57218,306000000,1728000
1791127789.7443,4960,1232,57093,306000000,1728000
1791127789.7944,4960,1240,57250,306000000,1728000
1791127789.8444,4960,1232,57312,306000000,1728000
1791127789.8945,4960,1240,57156,306000000,1728000
1791127789.9446,4960,1224,57218,306000000,1728000
1791127789.9947,4960,1232,57218,306000000,1728000
1791127790.0448,4960,1224,57187,306000000,1728000
1791127790.0949,4960,1232,57125,306000000,1728000
1791127790.1449,4960,1216,57250,306000000,1728000
1791127790.1950,4960,1224,57125,306000000,1728000
1791127790.2451,4960,1216,57156,306000000,1728000
1791127790.2952,4960,1232,57312,306000000,1344000
1791127790.3453,4960,1232,57218,306000000,1728000
1791127790.3954,4960,1240,57281,306000000,1728000
1791127790.4455,4960,1224,57187,306000000,1728000
1791127790.4956,4960,1232,57250,306000000,1728000
1791127790.5456,4960,1224,57125,306000000,1728000
1791127790.5957,4960,1224,57187,306000000,1728000
1791127790.6458,4960,1216,57093,306000000,1728000
1791127790.6959,4960,1224,57187,306000000,1728000
1791127790.7459,4960,1216,57312,306000000,1728000
1791127790.7960,4960,1224,57125,306000000,1728000
1791127790.8461,4960,1232,57218,306000000,1728000
1791127790.8962,4960,1240,57156,306000000,729600
1791127790.9463,4960,1240,57187,306000000,1728000
1791127790.9963,4960,1232,57218,306000000,1728000
1791127791.0464,4960,1232,57187,306000000,1728000
1791127791.0965,4960,1224,57031,306000000,1728000
1791127791.1466,4960,1232,57156,306000000,1728000
1791127791.1967,4960,1224,57406,306000000,1728000
1791127791.2467,4960,1224,57093,306000000,1728000
1791127791.2968,4960,1216,57156,306000000,1728000
1791127791.3469,4960,1224,57156,306000000,1728000
1791127791.3970,4960,1216,57281,306000000,1728000
1791127791.4471,4960,1240,57093,306000000,1420800
1791127791.4971,4960,1224,57218,306000000,1728000
1791127791.5472,4960,1232,57093,306000000,1728000
1791127791.5973,4960,1224,57125,306000000,1728000
1791127791.6474,4960,1224,57281,306000000,1728000
1791127791.6975,4960,1216,57125,306000000,1728000
1791127791.7475,4960,1216,57250,306000000,1728000
1791127791.7976,4960,1216,57093,306000000,1728000
1791127791.8477,4960,1208,57218,306000000,1728000
1791127791.8977,4960,1208,57125,306000000,1728000
1791127791.9478,4960,1208,57125,306000000,1728000
1791127791.9979,4960,1224,57031,306000000,1728000
1791127792.0480,4960,1224,57156,306000000,1728000
1791127792.0981,4960,1216,57031,306000000,1728000
1791127792.1481,4960,1224,57125,306000000,1728000
1791127792.1982,4960,1216,57187,306000000,1728000
1791127792.2483,4960,1224,57093,306000000,1728000
1791127792.2984,4960,1216,57156,306000000,1728000
1791127792.3485,4960,1216,57062,306000000,1728000
1791127792.3986,4960,1208,57093,306000000,1728000
1791127792.4486,4960,1216,57000,306000000,1728000
1791127792.4987,4960,1216,57093,306000000,1728000
1791127792.5488,4960,1224,57093,306000000,1728000
1791127792.5989,4960,1224,57062,306000000,1728000
1791127792.6490,4960,1224,57218,306000000,1728000
1791127792.6991,4960,1224,57062,306000000,1728000
1791127792.7491,4960,1224,57187,306000000,1728000
1791127792.7992,4960,1232,57093,306000000,1728000
1791127792.8493,4960,1224,57156,306000000,1728000
1791127792.8994,4960,1224,57000,306000000,1728000
1791127792.9495,4960,1224,57125,306000000,1728000
1791127792.9996,4960,1216,57000,306000000,1728000
1791127793.0496,4960,1224,57125,306000000,1728000
1791127793.0997,4960,1224,57250,306000000,1728000
1791127793.1498,4960,1240,57062,306000000,1728000
1791127793.1999,4960,1232,57187,306000000,1728000
1791127793.2500,4960,1232,57000,306000000,1728000
1791127793.3001,4960,1232,57218,306000000,1728000
1791127793.3502,4960,1232,57000,306000000,1728000
1791127793.4002,4960,1232,57125,306000000,1728000
1791127793.4503,4960,1224,56937,306000000,1728000
1791127793.5004,4960,1232,57000,306000000,1728000
1791127793.5505,4960,1224,57218,306000000,1728000
1791127793.6006,4960,1224,57031,306000000,1728000
1791127793.6507,4960,1224,57218,306000000,1728000
1791127793.7008,4960,1240,57125,306000000,729600
1791127793.7508,4960,1240,57187,306000000,1728000
1791127793.8009,4960,1232,57000,306000000,1728000
1791127793.8510,4960,1232,57062,306000000,1728000
1791127793.9011,4960,1232,57000,306000000,1728000
1791127793.9512,4960,1232,57062,306000000,1728000
1791127794.0012,4960,1224,57250,306000000,1728000
1791127794.0513,4960,1216,57031,306000000,1728000
1791127794.1014,4960,1224,57125,306000000,1728000
1791127794.1515,4960,1208,57000,306000000,1728000
1791127794.2016,4960,1216,57156,306000000,1728000
1791127794.2517,4960,1232,56968,306000000,1728000
1791127794.3018,4960,1232,57031,306000000,1728000
1791127794.3518,4960,1224,57000,306000000,1728000
1791127794.4019,4960,1224,57000,306000000,1728000
1791127794.4520,4960,1216,57000,306000000,1728000
1791127794.5021,4960,1216,57093,306000000,1728000
1791127794.5522,4960,1216,57093,306000000,1728000
1791127794.6023,4960,1208,57031,306000000,1728000
1791127794.6523,4960,1216,57125,306000000,1728000
1791127794.7024,4960,1208,57000,306000000,1728000
1791127794.7525,4960,1216,57093,306000000,1728000
1791127794.8026,4960,1224,56968,306000000,1267200
1791127794.8527,4960,1224,57000,306000000,1728000
1791127794.9028,4960,1224,57000,306000000,1728000
1791127794.9529,4960,1224,57000,306000000,1728000
1791127795.0029,4960,1224,57187,306000000,1728000
1791127795.0530,4960,1216,57000,306000000,1728000
1791127795.1031,4960,1224,57093,306000000,1728000
1791127795.1532,4960,1216,57062,306000000,1728000
1791127795.2033,4960,1224,57093,306000000,1728000
1791127795.2533,4960,1216,56937,306000000,1728000
1791127795.3034,4960,1224,57031,306000000,1728000
1791127795.3535,4960,1224,56968,306000000,1728000
1791127795.4036,4960,1232,57062,306000000,1728000
1791127795.4537,4960,1224,57125,306000000,1728000
1791127795.5038,4960,1224,56937,306000000,1728000
1791127795.5539,4960,1216,57125,306000000,1728000
1791127795.6039,4960,1224,57062,306000000,1728000
1791127795.6540,4960,1216,57031,306000000,1728000
1791127795.7041,4960,1208,56968,306000000,1728000
1791127795.7542,4960,1216,57062,306000000,1728000
1791127795.8043,4960,1208,57000,306000000,1728000
1791127795.8544,4960,1208,57000,306000000,1728000
1791127795.9044,4960,1216,57187,306000000,1728000
1791127795.9545,4960,1232,56875,306000000,1728000
1791127796.0046,4960,1216,57031,306000000,1728000
1791127796.0547,4960,1224,56968,306000000,1728000
1791127796.1048,4960,1216,57000,306000000,1728000
1791127796.1549,4960,1216,56937,306000000,1728000
1791127796.2050,4960,1216,57031,306000000,1728000
1791127796.2550,4960,1216,56937,306000000,1728000
1791127796.3051,4960,1208,56937,306000000,1728000
1791127796.3552,4960,1216,57156,306000000,1728000
1791127796.4053,4960,1208,57000,306000000,1728000
1791127796.4554,4960,1224,57093,306000000,1190400
1791127796.5055,4960,1224,57000,306000000,729600
1791127796.5556,4960,1232,57093,306000000,1728000
1791127796.6056,4960,1224,56968,306000000,1728000
1791127796.6557,4960,1224,57031,306000000,1728000
1791127796.7058,4960,1216,56906,306000000,1728000
1791127796.7559,4960,1216,57031,306000000,1728000
1791127796.8060,4960,1216,57031,306000000,1728000
1791127796.8560,4960,1216,56937,306000000,1728000
1791127796.9061,4960,1216,57062,306000000,1728000
1791127796.9562,4960,1216,56937,306000000,1728000
1791127797.0062,4960,1216,57125,306000000,1728000
1791127797.0563,4960,1224,56906,306000000,1728000
1791127797.1064,4960,1232,57000,306000000,1728000
1791127797.1565,4960,1232,56843,306000000,1728000
1791127797.2066,4960,1232,56968,306000000,1728000
1791127797.2567,4960,1224,56968,306000000,1728000
1791127797.3068,4960,1224,56937,306000000,1728000
1791127797.3568,4960,1216,57031,306000000,1728000
1791127797.4069,4960,1224,57000,306000000,1728000
1791127797.4570,4960,1224,57031,306000000,1728000
1791127797.5071,4960,1216,56937,306000000,1728000
1791127797.5572,4960,1216,56968,306000000,1728000
1791127797.6073,4960,1232,56968,306000000,1267200
1791127797.6574,4960,1224,57000,306000000,1728000
1791127797.7074,4960,1232,56843,306000000,1728000
1791127797.7575,4960,1224,56937,306000000,1728000
1791127797.8076,4960,1224,57062,306000000,1728000
1791127797.8577,4960,1216,57000,306000000,1728000
1791127797.9078,4960,1224,57000,306000000,1728000
1791127797.9578,4960,1216,56968,306000000,1728000
1791127798.0079,4960,1208,57062,306000000,1728000
1791127798.0580,4960,1216,56937,306000000,1728000
1791127798.1081,4960,1216,56968,306000000,1728000
1791127798.1582,4960,1232,56843,306000000,1728000
1791127798.2083,4960,1248,56906,306000000,1728000
1791127798.2584,4960,1240,57031,306000000,1728000
1791127798.3085,4960,1240,56968,306000000,1728000
1791127798.3585,4960,1256,57031,306000000,1728000
1791127798.4086,4960,1272,56875,306000000,1728000
1791127798.4587,4960,1272,57000,306000000,1728000
1791127798.5088,4960,1272,56906,306000000,1728000
1791127798.5589,4960,1272,56937,306000000,1728000
1791127798.6089,4960,1272,56906,306000000,1728000
1791127798.6590,4960,1264,56937,306000000,1728000
1791127798.7091,4960,1272,57031,306000000,1728000
1791127798.7592,4960,1264,56843,306000000,1728000
1791127798.8093,4960,1264,57000,306000000,1728000
1791127798.8594,4960,1264,56937,306000000,1728000
1791127798.9095,4960,1256,56906,306000000,1728000
1791127798.9596,4960,1256,56875,306000000,1728000
1791127799.0097,4960,1240,56968,306000000,1728000
1791127799.0597,4960,1248,56875,306000000,1728000
1791127799.1098,4960,1232,56968,306000000,1728000
1791127799.1599,4960,1232,57031,306000000,1728000
1791127799.2100,4960,1224,56968,306000000,1728000
1791127799.2601,4960,1224,57031,306000000,1728000
1791127799.3102,4960,1240,56906,306000000,729600
1791127799.3603,4960,1232,57000,306000000,1728000
1791127799.4104,4960,1224,56875,306000000,1728000
1791127799.4605,4960,1224,56937,306000000,1728000
1791127799.5105,4960,1224,56781,306000000,1728000
1791127799.5606,4960,1216,56937,306000000,1728000
1791127799.6107,4960,1216,57062,306000000,1728000
1791127799.6608,4960,1216,56937,306000000,1728000
1791127799.7109,4960,1224,57000,306000000,1728000
1791127799.7610,4960,1216,56906,306000000,1728000
1791127799.8111,4960,1216,56937,306000000,1190400
1791127799.8611,4960,1224,56812,306000000,1728000
1791127799.9112,4960,1224,56968,306000000,1728000
1791127799.9613,4960,1224,56906,306000000,1728000
1791127800.0114,4960,1216,56906,306000000,1728000
1791127800.0615,4960,1224,57000,306000000,1728000
1791127800.1116,4960,1216,56843,306000000,1728000
1791127800.1617,4960,1224,56906,306000000,1728000
1791127800.2118,4960,1224,56812,306000000,1728000
1791127800.2618,4960,1216,57062,306000000,1728000
1791127800.3119,4960,1216,56906,306000000,1728000
1791127800.3620,4960,1216,56906,306000000,1728000
1791127800.4121,4960,1224,56781,306000000,1728000
1791127800.4622,4960,1224,56937,306000000,1728000
1791127800.5123,4960,1224,56843,306000000,1728000
1791127800.5624,4960,1224,56937,306000000,1728000
1791127800.6124,4960,1224,57000,306000000,1728000
1791127800.6625,4960,1216,56875,306000000,1728000
1791127800.7126,4960,1224,56968,306000000,1728000
1791127800.7627,4960,1216,56781,306000000,1728000
1791127800.8128,4960,1224,56906,306000000,1728000
1791127800.8629,4960,1216,56843,306000000,1728000
1791127800.9130,4960,1224,56906,306000000,1728000
1791127800.9631,4960,1224,56843,306000000,1267200
1791127801.0132,4960,1232,56812,306000000,1728000
1791127801.0632,4960,1224,57031,306000000,1728000
1791127801.1133,4960,1224,56843,306000000,1728000
1791127801.1634,4960,1216,57000,306000000,1728000
1791127801.2135,4960,1224,56875,306000000,1728000
1791127801.2636,4960,1216,56843,306000000,1728000
1791127801.3137,4960,1224,56812,306000000,1728000
1791127801.3638,4960,1216,56875,306000000,1728000
1791127801.4138,4960,1208,56875,306000000,1728000
1791127801.4639,4960,1216,56875,306000000,1728000
1791127801.5140,4960,1216,56968,306000000,1728000
1791127801.5641,4960,1232,56875,306000000,1728000
1791127801.6142,4960,1224,56937,306000000,1728000
1791127801.6643,4960,1224,56968,306000000,1728000
1791127801.7144,4960,1216,56843,306000000,1728000
1791127801.7645,4960,1224,56781,306000000,1728000
1791127801.8146,4960,1216,56875,306000000,1728000
1791127801.8646,4960,1216,56843,306000000,1728000
1791127801.9147,4960,1224,56906,306000000,1728000
1791127801.9648,4960,1216,57000,306000000,1728000
1791127802.0149,4960,1216,56906,306000000,1728000
1791127802.0650,4960,1216,57000,306000000,1728000
1791127802.1151,4960,1232,56843,306000000,1728000
1791127802.1651,4960,1224,56906,306000000,1728000
1791127802.2152,4960,1232,56812,306000000,1728000
1791127802.2653,4960,1224,56937,306000000,1728000
1791127802.3154,4960,1224,56906,306000000,1728000
1791127802.3655,4960,1232,56843,306000000,1728000
1791127802.4156,4960,1224,56968,306000000,1728000
1791127802.4657,4960,1224,56781,306000000,1728000
1791127802.5157,4960,1216,57000,306000000,1728000
1791127802.5658,4960,1224,56875,306000000,1728000
1791127802.6159,4960,1224,57000,306000000,1728000
1791127802.6660,4960,1232,56781,306000000,1728000
1791127802.7161,4960,1224,56843,306000000,1728000
1791127802.7662,4960,1232,56781,306000000,1728000
1791127802.8162,4960,1216,56843,306000000,1728000
1791127802.8663,4960,1224,56968,306000000,1728000
1791127802.9164,4960,1216,56843,306000000,1728000
1791127802.9665,4960,1224,56937,306000000,1728000
1791127803.0166,4960,1208,56812,306000000,1728000
1791127803.0667,4960,1216,56906,306000000,1728000
1791127803.1167,4960,1208,56718,306000000,1728000
1791127803.1668,4960,1216,56906,306000000,1728000
1791127803.2169,4960,1224,56812,306000000,1728000
1791127803.2670,4960,1224,56875,306000000,1728000
1791127803.3171,4960,1224,56906,306000000,1728000
1791127803.3672,4960,1216,56812,306000000,1728000
1791127803.4173,4960,1224,56906,306000000,1728000
1791127803.4673,4960,1208,56750,306000000,1728000
1791127803.5174,4960,1216,56906,306000000,1728000
1791127803.5675,4960,1216,56781,306000000,1728000
1791127803.6176,4960,1216,56906,306000000,1728000
1791127803.6677,4960,1216,56875,306000000,1728000
1791127803.7177,4960,1216,56812,306000000,1728000
1791127803.7678,4960,1216,56812,306000000,1728000
1791127803.8179,4960,1224,56906,306000000,1728000
1791127803.8680,4960,1224,56937,306000000,1728000
1791127803.9181,4960,1224,56750,306000000,1728000
1791127803.9682,4960,1224,56875,306000000,1728000
1791127804.0183,4960,1216,56656,306000000,1728000
1791127804.0683,4960,1216,56875,306000000,1728000
1791127804.1184,4960,1216,56750,306000000,1728000
1791127804.1685,4960,1208,56843,306000000,1728000
1791127804.2186,4960,1216,56843,306000000,1728000
1791127804.2687,4960,1224,56843,306000000,1728000
1791127804.3188,4960,1216,56968,306000000,1420800
1791127804.3689,4960,1232,56687,306000000,1728000
1791127804.4190,4960,1224,56906,306000000,1728000
1791127804.4691,4960,1232,56750,306000000,1728000
1791127804.5191,4960,1232,56781,306000000,1728000
1791127804.5692,4960,1224,56718,306000000,1728000
1791127804.6193,4960,1224,56781,306000000,1728000
1791127804.6694,4960,1224,56750,306000000,1728000
1791127804.7195,4960,1224,56843,306000000,1728000
1791127804.7696,4960,1224,56875,306000000,1728000
1791127804.8196,4960,1232,56750,306000000,1728000
1791127804.8697,4960,1224,56875,306000000,1728000
1791127804.9198,4960,1240,56750,306000000,1728000
1791127804.9699,4960,1232,56843,306000000,1728000
1791127805.0200,4960,1232,56656,306000000,1728000
1791127805.0701,4960,1232,56812,306000000,1728000
1791127805.1201,4960,1232,56718,306000000,1728000
1791127805.1702,4960,1224,56875,306000000,1728000
1791127805.2203,4960,1224,56937,306000000,1728000
1791127805.2704,4960,1232,56781,306000000,1728000
1791127805.3205,4960,1224,56937,306000000,1728000
1791127805.3706,4960,1224,56781,306000000,1728000
1791127805.4206,4960,1224,56906,306000000,1190400
1791127805.4707,4960,1240,56687,306000000,1497600
1791127805.5208,4960,1240,56781,306000000,1728000
1791127805.5709,4960,1232,56718,306000000,1728000
1791127805.6210,4960,1232,56843,306000000,1728000
1791127805.6711,4960,1232,56968,306000000,1728000
1791127805.7211,4960,1232,56781,306000000,729600
1791127805.7712,4960,1232,56968,306000000,1728000
1791127805.8213,4960,1224,56781,306000000,1728000
1791127805.8714,4960,1232,56843,306000000,1728000
1791127805.9215,4960,1232,56750,306000000,1728000
1791127805.9715,4960,1224,56750,306000000,1728000
1791127806.0216,4960,1240,56781,306000000,1728000
1791127806.0717,4960,1232,56781,306000000,1728000
1791127806.1218,4960,1240,56687,306000000,1728000
1791127806.1718,4960,1224,56687,306000000,1728000
1791127806.2219,4960,1224,56875,306000000,1728000
1791127806.2720,4960,1224,56750,306000000,1728000
1791127806.3221,4960,1224,56875,306000000,1728000
1791127806.3722,4960,1224,56656,306000000,1728000
1791127806.4222,4960,1216,56750,306000000,1728000
1791127806.4723,4960,1216,56750,306000000,1728000
1791127806.5224,4960,1216,56718,306000000,1728000
1791127806.5725,4960,1232,56687,306000000,1728000
1791127806.6226,4960,1224,56718,306000000,1728000
1791127806.6727,4960,1232,56875,306000000,1728000
1791127806.7228,4960,1224,56687,306000000,1728000
1791127806.7729,4960,1224,56906,306000000,1728000
1791127806.8229,4960,1216,56656,306000000,1728000
1791127806.8730,4960,1224,56718,306000000,1728000
1791127806.9231,4960,1216,56687,306000000,1728000
1791127806.9732,4960,1216,56750,306000000,1728000
1791127807.0233,4960,1216,56812,306000000,1728000
1791127807.0733,4960,1224,56687,306000000,1728000
1791127807.1234,4960,1224,56875,306000000,1728000
1791127807.1735,4960,1232,56625,306000000,1728000
1791127807.2236,4960,1224,56781,306000000,1728000
1791127807.2737,4960,1232,56656,306000000,1728000
1791127807.3238,4960,1216,56750,306000000,1728000
1791127807.3738,4960,1224,56656,306000000,1728000
1791127807.4239,4960,1216,56781,306000000,1728000
1791127807.4740,4960,1224,56625,306000000,1728000
1791127807.5241,4960,1216,56750,306000000,1728000
1791127807.5742,4960,1216,56875,306000000,1728000
1791127807.6242,4960,1216,56750,306000000,1728000
1791127807.6743,4960,1216,56843,306000000,1728000
1791127807.7244,4960,1232,56687,306000000,1728000
1791127807.7745,4960,1232,56781,306000000,729600
1791127807.8246,4960,1224,56656,306000000,1728000
1791127807.8747,4960,1224,56718,306000000,1728000
1791127807.9247,4960,1216,56656,306000000,1728000
1791127807.9748,4960,1224,56718,306000000,1728000
1791127808.0249,4960,1224,56875,306000000,1728000
1791127808.0750,4960,1216,56656,306000000,1728000
1791127808.1250,4960,1208,56687,306000000,1728000
1791127808.1751,4960,1216,56687,306000000,1728000
1791127808.2252,4960,1216,56656,306000000,1113600
1791127808.2753,4960,1224,56625,306000000,1497600
1791127808.3254,4960,1224,56625,306000000,1728000
1791127808.3755,4960,1224,56625,306000000,1728000
1791127808.4256,4960,1224,56625,306000000,1728000
1791127808.4756,4960,1224,56812,306000000,1728000
1791127808.5257,4960,1224,56781,306000000,1728000
1791127808.5758,4960,1216,56750,306000000,1728000
1791127808.6259,4960,1216,56656,306000000,1728000
1791127808.6760,4960,1216,56718,306000000,1728000
1791127808.7261,4960,1216,56656,306000000,1728000
1791127808.7761,4960,1216,56750,306000000,1728000
1791127808.8262,4960,1232,56687,306000000,1728000
1791127808.8763,4960,1224,56687,306000000,1728000
1791127808.9264,4960,1232,56812,306000000,1728000
1791127808.9765,4960,1224,56718,306000000,1728000
1791127809.0266,4960,1224,56781,306000000,1728000
1791127809.0767,4960,1216,56625,306000000,1728000
1791127809.1267,4960,1224,56656,306000000,1728000
1791127809.1768,4960,1224,56656,306000000,1728000
1791127809.2269,4960,1216,56718,306000000,1728000
1791127809.2770,4960,1224,56687,306000000,1728000
1791127809.3271,4960,1216,56625,306000000,1728000
1791127809.3772,4960,1232,56843,306000000,1728000
1791127809.4273,4960,1224,56656,306000000,1728000
1791127809.4774,4960,1232,56781,306000000,1728000
1791127809.5275,4960,1232,56656,306000000,1728000
1791127809.5775,4960,1232,56687,306000000,1728000
1791127809.6276,4960,1232,56562,306000000,1728000
1791127809.6777,4960,1224,56750,306000000,1728000
1791127809.7278,4960,1232,56687,306000000,1728000
1791127809.7779,4960,1224,56750,306000000,1728000
1791127809.8280,4960,1224,56812,306000000,1728000
1791127809.8780,4960,1224,56625,306000000,1728000
1791127809.9281,4960,1224,56812,306000000,1728000
1791127809.9782,4960,1232,56625,306000000,1728000
1791127810.0283,4960,1232,56843,306000000,1728000
1791127810.0784,4960,1232,56625,306000000,1728000
1791127810.1285,4960,1224,56750,306000000,1728000
1791127810.1786,4960,1224,56656,306000000,1728000
1791127810.2286,4960,1224,56718,306000000,1728000
1791127810.2788,4960,1224,56625,306000000,1728000
1791127810.3288,4960,1224,56625,306000000,1728000
1791127810.3789,4960,1224,56750,306000000,1728000
1791127810.4290,4960,1208,56718,306000000,1728000
1791127810.4791,4960,1224,56687,306000000,1728000
1791127810.5292,4960,1232,56625,306000000,1728000
1791127810.5793,4960,1232,56781,306000000,1728000
1791127810.6294,4960,1224,56656,306000000,1728000
1791127810.6795,4960,1232,56625,306000000,1728000
1791127810.7296,4960,1216,56625,306000000,1728000
1791127810.7796,4960,1216,56656,306000000,1728000
1791127810.8297,4960,1216,56718,306000000,1728000
1791127810.8798,4960,1216,56687,306000000,1728000
1791127810.9299,4960,1216,56750,306000000,1728000
1791127810.9800,4960,1216,56687,306000000,1728000
1791127811.0301,4960,1216,56687,306000000,1728000
1791127811.0802,4960,1232,56625,306000000,729600
1791127811.1303,4960,1224,56656,306000000,729600
1791127811.1804,4960,1232,56593,306000000,1728000
1791127811.2304,4960,1224,56656,306000000,1728000
1791127811.2805,4960,1224,56750,306000000,1728000
1791127811.3306,4960,1216,56625,306000000,1728000
1791127811.3807,4960,1216,56718,306000000,1728000
1791127811.4308,4960,1224,56656,306000000,1728000
1791127811.4809,4960,1216,56750,306000000,1728000
1791127811.5309,4960,1224,56625,306000000,1728000
1791127811.5810,4960,1216,56656,306000000,1728000
1791127811.6311,4960,1232,56593,306000000,1420800
1791127811.6812,4960,1224,56687,306000000,1728000
1791127811.7313,4960,1232,56750,306000000,1728000
1791127811.7814,4960,1224,56593,306000000,1728000
1791127811.8315,4960,1232,56687,306000000,1728000
1791127811.8815,4960,1224,56656,306000000,1728000
1791127811.9316,4960,1224,56687,306000000,1728000
1791127811.9817,4960,1216,56562,306000000,1728000
1791127812.0317,4960,1224,56656,306000000,1728000
1791127812.0818,4960,1208,56593,306000000,1728000
1791127812.1319,4960,1216,56593,306000000,1728000
1791127812.1820,4960,1224,56750,306000000,1728000
1791127812.2321,4960,1232,56625,306000000,1728000
1791127812.2821,4960,1224,56718,306000000,1728000
1791127812.3322,4960,1232,56562,306000000,1728000
1791127812.3823,4960,1224,56656,306000000,1728000
1791127812.4324,4960,1224,56531,306000000,1728000
1791127812.4825,4960,1216,56593,306000000,1728000
1791127812.5325,4960,1216,56593,306000000,1728000
1791127812.5826,4960,1216,56625,306000000,1728000
1791127812.6327,4960,1216,56656,306000000,1728000
1791127812.6828,4960,1208,56562,306000000,729600
1791127812.7329,4960,1224,56656,306000000,1113600
1791127812.7830,4960,1216,56593,306000000,1728000
1791127812.8330,4960,1224,56687,306000000,1728000
1791127812.8831,4960,1216,56656,306000000,1728000
1791127812.9332,4960,1224,56593,306000000,1728000
1791127812.9833,4960,1224,56562,306000000,1728000
1791127813.0333,4960,1216,56531,306000000,1728000
1791127813.0834,4960,1216,56718,306000000,1728000
1791127813.1335,4960,1216,56562,306000000,1728000
1791127813.1836,4960,1216,56687,306000000,1728000
1791127813.2336,4960,1216,56593,306000000,1728000
1791127813.2837,4960,1216,56625,306000000,1728000
1791127813.3338,4960,1232,56531,306000000,1728000
1791127813.3839,4960,1232,56687,306000000,1728000
1791127813.4340,4960,1224,56562,306000000,1728000
1791127813.4841,4960,1216,56625,306000000,1728000
1791127813.5341,4960,1216,56718,306000000,1728000
1791127813.5842,4960,1208,56562,306000000,1728000
1791127813.6343,4960,1216,56781,306000000,1728000
1791127813.6844,4960,1208,56593,306000000,1728000
1791127813.7345,4960,1216,56625,306000000,1728000
1791127813.7846,4960,1216,56562,306000000,1728000
1791127813.8346,4960,1216,56593,306000000,1728000
1791127813.8847,4960,1232,56531,306000000,1728000
1791127813.9348,4960,1232,56593,306000000,1728000
1791127813.9849,4960,1232,56718,306000000,1728000
1791127814.0350,4960,1232,56593,306000000,1728000
1791127814.0851,4960,1224,56718,306000000,1728000
1791127814.1351,4960,1224,56562,306000000,1728000
1791127814.1852,4960,1224,56656,306000000,1728000
1791127814.2353,4960,1224,56500,306000000,1728000
1791127814.2854,4960,1216,56593,306000000,1728000
1791127814.3354,4960,1224,56531,306000000,1728000
1791127814.3855,4960,1224,56656,306000000,1728000
1791127814.4356,4960,1232,56656,306000000,1728000
1791127814.4857,4960,1232,56593,306000000,1728000
1791127814.5358,4960,1224,56718,306000000,1728000
1791127814.5859,4960,1232,56562,306000000,1728000
1791127814.6359,4960,1224,56656,306000000,1728000
1791127814.6860,4960,1232,56531,306000000,1728000
1791127814.7361,4960,1216,56656,306000000,1728000
1791127814.7862,4960,1224,56531,306000000,1728000
1791127814.8363,4960,1216,56625,306000000,1728000
1791127814.8864,4960,1208,56500,306000000,1728000
1791127814.9364,4960,1216,56531,306000000,1728000
1791127814.9865,4960,1224,56625,306000000,1728000
1791127815.0366,4960,1232,56562,306000000,1728000
1791127815.0867,4960,1224,56593,306000000,1728000
1791127815.1368,4960,1224,56562,306000000,1728000
1791127815.1869,4960,1224,56531,306000000,1728000
1791127815.2369,4960,1224,56500,306000000,1728000
1791127815.2870,4960,1216,56562,306000000,1728000
1791127815.3371,4960,1216,56562,306000000,1728000
1791127815.3872,4960,1224,56531,306000000,1728000
1791127815.4373,4960,1216,56687,306000000,1728000
1791127815.4873,4960,1224,56531,306000000,1728000
1791127815.5374,4960,1232,56593,306000000,1190400
1791127815.5875,4960,1240,56718,306000000,1728000
1791127815.6376,4960,1240,56531,306000000,1728000
1791127815.6877,4960,1240,56531,306000000,1728000
1791127815.7378,4960,1232,56656,306000000,1728000
1791127815.7879,4960,1232,56531,306000000,1728000
1791127815.8380,4960,1224,56593,306000000,1728000
1791127815.8880,4960,1224,56750,306000000,1728000
1791127815.9381,4960,1224,56562,306000000,1728000
1791127815.9882,4960,1232,56625,306000000,1728000
1791127816.0383,4960,1224,56531,306000000,1728000
1791127816.0884,4960,1232,56625,306000000,1728000
1791127816.1385,4960,1232,56500,306000000,1728000
1791127816.1886,4960,1240,56593,306000000,1728000
1791127816.2386,4960,1224,56500,306000000,1728000
1791127816.2887,4960,1232,56500,306000000,1728000
1791127816.3388,4960,1224,56687,306000000,1728000
1791127816.3889,4960,1224,56593,306000000,1728000
1791127816.4390,4960,1224,56687,306000000,1728000
1791127816.4890,4960,1216,56625,306000000,1728000
1791127816.5391,4960,1224,56593,306000000,1728000
1791127816.5892,4960,1224,56531,306000000,1728000
1791127816.6393,4960,1224,56625,306000000,1267200
1791127816.6894,4960,1232,56531,306000000,1728000
1791127816.7395,4960,1232,56562,306000000,1728000
1791127816.7896,4960,1232,56718,306000000,1728000
1791127816.8396,4960,1232,56593,306000000,1728000
1791127816.8897,4960,1232,56718,306000000,1728000
1791127816.9398,4960,1224,56531,306000000,1728000
1791127816.9899,4960,1232,56593,306000000,1728000
1791127817.0400,4960,1232,56500,306000000,1728000
1791127817.0900,4960,1224,56562,306000000,1728000
1791127817.1401,4960,1232,56500,306000000,1728000
1791127817.1902,4960,1232,56593,306000000,1728000
1791127817.2403,4960,1240,56687,306000000,1728000
1791127817.2904,4960,1240,56500,306000000,1728000
1791127817.3405,4960,1232,56562,306000000,1728000
1791127817.3905,4960,1232,56531,306000000,1728000
1791127817.4406,4960,1224,56562,306000000,1728000
1791127817.4907,4960,1232,56500,306000000,1728000
1791127817.5408,4960,1232,56531,306000000,1728000
1791127817.5909,4960,1224,56531,306000000,1728000
1791127817.6409,4960,1224,56625,306000000,1728000
1791127817.6911,4960,1224,56687,306000000,1728000
1791127817.7411,4960,1216,56500,306000000,1728000
1791127817.7912,4960,1232,56656,306000000,1420800
1791127817.8413,4960,1232,56531,306000000,1728000
1791127817.8914,4960,1232,56625,306000000,1728000
1791127817.9415,4960,1224,56500,306000000,1728000
1791127817.9916,4960,1224,56531,306000000,1728000
1791127818.0416,4960,1224,56468,306000000,1728000
1791127818.0917,4960,1224,56625,306000000,1728000
1791127818.1418,4960,1224,56656,306000000,1728000
1791127818.1919,4960,1216,56531,306000000,1728000
1791127818.2420,4960,1224,56625,306000000,1728000
1791127818.2920,4960,1224,56531,306000000,1728000
1791127818.3421,4960,1232,56656,306000000,1190400
1791127818.3922,4960,1224,56500,306000000,1728000
1791127818.4423,4960,1232,56531,306000000,1728000
1791127818.4924,4960,1216,56500,306000000,1728000
1791127818.5425,4960,1216,56593,306000000,1728000
1791127818.5926,4960,1216,56625,306000000,1728000
1791127818.6426,4960,1224,56562,306000000,1728000
1791127818.6927,4960,1216,56656,306000000,1728000
1791127818.7428,4960,1224,56531,306000000,1728000
1791127818.7929,4960,1208,56625,306000000,1728000
1791127818.8430,4960,1216,56500,306000000,1728000
1791127818.8931,4960,1216,56531,306000000,1728000
1791127818.9431,4960,1232,56468,306000000,1728000
1791127818.9932,4960,1224,56625,306000000,1728000
1791127819.0433,4960,1224,56468,306000000,1728000
1791127819.0934,4960,1216,56500,306000000,1728000
1791127819.1434,4960,1224,56562,306000000,1728000
1791127819.1935,4960,1224,56500,306000000,1728000
1791127819.2436,4960,1216,56656,306000000,1728000
1791127819.2937,4960,1224,56500,306000000,1728000
1791127819.3437,4960,1216,56500,306000000,1728000
1791127819.3938,4960,1216,56500,306000000,1728000
1791127819.4439,4960,1216,56500,306000000,1728000
1791127819.4940,4960,1232,56468,306000000,1728000
1791127819.5441,4960,1232,56562,306000000,1728000
1791127819.5942,4960,1232,56656,306000000,1728000
1791127819.6442,4960,1224,56500,306000000,1728000
1791127819.6943,4960,1224,56687,306000000,1728000
1791127819.7444,4960,1232,56500,306000000,1728000
1791127819.7945,4960,1216,56500,306000000,1728000
1791127819.8446,4960,1216,56531,306000000,1728000
1791127819.8946,4960,1216,56562,306000000,1728000
1791127819.9447,4960,1208,56468,306000000,1728000
1791127819.9948,4960,1216,56531,306000000,1728000
1791127820.0449,4960,1232,56687,306000000,729600
1791127820.0950,4960,1224,56500,306000000,1728000
1791127820.1450,4960,1232,56593,306000000,1728000
1791127820.1951,4960,1224,56500,306000000,1728000
1791127820.2452,4960,1224,56531,306000000,1728000
1791127820.2953,4960,1224,56500,306000000,1728000
1791127820.3453,4960,1224,56562,306000000,1728000
1791127820.3954,4960,1224,56500,306000000,1728000
1791127820.4455,4960,1216,56500,306000000,1728000
1791127820.4956,4960,1224,56625,306000000,1728000
1791127820.5456,4960,1224,56562,306000000,1728000
1791127820.5957,4960,1232,56593,306000000,1728000
1791127820.6458,4960,1240,56468,306000000,1728000
1791127820.6959,4960,1232,56531,306000000,1728000
1791127820.7460,4960,1232,56500,306000000,1728000
1791127820.7961,4960,1224,56531,306000000,1728000
1791127820.8462,4960,1232,56500,306000000,1728000
1791127820.8963,4960,1224,56500,306000000,1728000
1791127820.9464,4960,1224,56656,306000000,1728000
1791127820.9964,4960,1216,56500,306000000,1728000
1791127821.0465,4960,1216,56656,306000000,1728000
1791127821.0966,4960,1216,56500,306000000,1728000
1791127821.1467,4960,1232,56593,306000000,1267200
1791127821.1968,4960,1224,56500,306000000,1728000
1791127821.2469,4960,1232,56562,306000000,1728000
1791127821.2970,4960,1224,56500,306000000,1728000
1791127821.3471,4960,1232,56500,306000000,1728000
1791127821.3971,4960,1224,56593,306000000,1728000
1791127821.4472,4960,1224,56500,306000000,1728000
1791127821.4973,4960,1224,56625,306000000,1728000
1791127821.5474,4960,1224,56500,306000000,1728000
1791127821.5974,4960,1224,56562,306000000,1728000
1791127821.6475,4960,1224,56500,306000000,1728000
1791127821.6976,4960,1232,56531,306000000,1728000
1791127821.7477,4960,1232,56375,306000000,1728000
1791127821.7978,4960,1232,56468,306000000,1728000
1791127821.8479,4960,1224,56656,306000000,1728000
1791127821.8979,4960,1224,56531,306000000,1728000
1791127821.9480,4960,1216,56687,306000000,1728000
1791127821.9981,4960,1208,56500,306000000,1728000
1791127822.0482,4960,1216,56500,306000000,1728000
1791127822.0982,4960,1208,56500,306000000,1728000
1791127822.1483,4960,1216,56562,306000000,1728000
1791127822.1984,4960,1200,56375,306000000,1728000
1791127822.2485,4960,1216,56500,306000000,1728000
1791127822.2986,4960,1216,56437,306000000,1728000
1791127822.3487,4960,1224,56500,306000000,1728000
1791127822.3987,4960,1216,56625,306000000,1728000
1791127822.4488,4960,1224,56468,306000000,1728000
1791127822.4989,4960,1216,56656,306000000,1728000
1791127822.5490,4960,1216,56500,306000000,1728000
1791127822.5990,4960,1208,56500,306000000,1728000
1791127822.6491,4960,1216,56468,306000000,1728000
1791127822.6992,4960,1208,56468,306000000,1728000
1791127822.7493,4960,1216,56437,306000000,1728000
1791127822.7994,4960,1216,56468,306000000,1113600
1791127822.8495,4960,1232,56562,306000000,729600
1791127822.8996,4960,1232,56437,306000000,1728000
1791127822.9497,4960,1224,56656,306000000,1728000
1791127822.9997,4960,1224,56437,306000000,1728000
1791127823.0498,4960,1224,56531,306000000,1728000
1791127823.0999,4960,1232,56343,306000000,1728000
1791127823.1500,4960,1224,56500,306000000,1728000
1791127823.2001,4960,1224,56375,306000000,1728000
1791127823.2501,4960,1224,56468,306000000,1728000
1791127823.3002,4960,1224,56593,306000000,1728000
1791127823.3503,4960,1224,56500,306000000,1728000
1791127823.4004,4960,1240,56531,306000000,1728000
1791127823.4505,4960,1232,56437,306000000,1728000
1791127823.5006,4960,1232,56468,306000000,1728000
1791127823.5506,4960,1232,56406,306000000,1728000
1791127823.6007,4960,1224,56468,306000000,1728000
1791127823.6508,4960,1224,56468,306000000,1728000
1791127823.7009,4960,1216,56437,306000000,1728000
1791127823.7510,4960,1216,56531,306000000,1728000
1791127823.8010,4960,1208,56375,306000000,1728000
1791127823.8511,4960,1216,56625,306000000,1728000
1791127823.9012,4960,1216,56375,306000000,1728000
1791127823.9513,4960,1232,56500,306000000,1267200
1791127824.0014,4960,1224,56437,306000000,1728000
1791127824.0515,4960,1224,56500,306000000,1728000
1791127824.1016,4960,1216,56375,306000000,1728000
1791127824.1517,4960,1224,56437,306000000,1728000
1791127824.2017,4960,1216,56625,306000000,1728000
1791127824.2518,4960,1224,56343,306000000,1728000
1791127824.3019,4960,1216,56562,306000000,1728000
1791127824.3520,4960,1216,56406,306000000,1728000
1791127824.4021,4960,1208,56500,306000000,1728000
1791127824.4522,4960,1216,56437,306000000,1728000
1791127824.5022,4960,1224,56468,306000000,1728000
1791127824.5523,4960,1232,56406,306000000,1728000
1791127824.6024,4960,1224,56500,306000000,1728000
1791127824.6525,4960,1224,56531,306000000,1728000
1791127824.7026,4960,1224,56437,306000000,1728000
1791127824.7527,4960,1216,56500,306000000,1728000
1791127824.8028,4960,1224,56437,306000000,1728000
1791127824.8528,4960,1216,56562,306000000,1728000
1791127824.9029,4960,1224,56437,306000000,1728000
1791127824.9530,4960,1216,56500,306000000,1728000
1791127825.0031,4960,1216,56375,306000000,1728000
1791127825.0532,4960,1224,56500,306000000,1728000
1791127825.1033,4960,1232,56250,306000000,1728000
1791127825.1534,4960,1224,56406,306000000,1728000
1791127825.2035,4960,1224,56593,306000000,1728000
1791127825.2535,4960,1216,56437,306000000,1728000
1791127825.3036,4960,1224,56500,306000000,1728000
1791127825.3537,4960,1216,56406,306000000,1728000
1791127825.4038,4960,1216,56500,306000000,1728000
1791127825.4539,4960,1208,56468,306000000,1728000
1791127825.5039,4960,1216,56437,306000000,1728000
1791127825.5540,4960,1208,56343,306000000,1728000
1791127825.6041,4960,1216,56437,306000000,1190400
1791127825.6542,4960,1232,56562,306000000,1267200
1791127825.7043,4960,1224,56406,306000000,1728000
1791127825.7544,4960,1224,56500,306000000,1728000
1791127825.8044,4960,1224,56406,306000000,1728000
1791127825.8545,4960,1224,56500,306000000,1728000
1791127825.9046,4960,1224,56343,306000000,1728000
1791127825.9547,4960,1224,56437,306000000,1728000
1791127826.0048,4960,1224,56343,306000000,1728000
1791127826.0549,4960,1216,56437,306000000,1728000
1791127826.1049,4960,1224,56562,306000000,1728000
1791127826.1550,4960,1216,56375,306000000,1113600
1791127826.2051,4960,1232,56500,306000000,1728000
1791127826.2552,4960,1224,56343,306000000,1728000
1791127826.3053,4960,1224,56500,306000000,1728000
1791127826.3554,4960,1224,56406,306000000,1728000
1791127826.4055,4960,1224,56468,306000000,1728000
1791127826.4555,4960,1216,56406,306000000,1728000
1791127826.5056,4960,1224,56406,306000000,1728000
1791127826.5557,4960,1216,56625,306000000,1728000
1791127826.6058,4960,1224,56406,306000000,1728000
1791127826.6559,4960,1208,56531,306000000,1728000
1791127826.7060,4960,1216,56312,306000000,1728000
1791127826.7561,4960,1224,56437,306000000,1728000
1791127826.8062,4960,1232,56406,306000000,1728000
1791127826.8562,4960,1232,56437,306000000,1728000
1791127826.9063,4960,1224,56343,306000000,1728000
1791127826.9564,4960,1224,56343,306000000,1728000
1791127827.0065,4960,1224,56500,306000000,1728000
1791127827.0566,4960,1216,56406,306000000,1728000
1791127827.1067,4960,1216,56500,306000000,1728000
1791127827.1567,4960,1216,56406,306000000,1728000
1791127827.2068,4960,1216,56437,306000000,1728000
1791127827.2569,4960,1208,56375,306000000,1728000
1791127827.3070,4960,1216,56468,306000000,1728000
1791127827.3571,4960,1240,56593,306000000,1728000
1791127827.4072,4960,1240,56343,306000000,1728000
1791127827.4573,4960,1240,56312,306000000,1728000
1791127827.5074,4960,1248,56406,306000000,1728000
1791127827.5575,4960,1240,56500,306000000,1728000
1791127827.6076,4960,1240,56406,306000000,1728000
1791127827.6577,4960,1248,56500,306000000,1728000
1791127827.7078,4960,1264,56343,306000000,1728000
1791127827.7578,4960,1272,56500,306000000,1728000
1791127827.8079,4960,1280,56343,306000000,1728000
1791127827.8580,4960,1280,56500,306000000,1728000
1791127827.9081,4960,1288,56312,306000000,1728000
1791127827.9582,4960,1280,56375,306000000,1728000
1791127828.0083,4960,1272,56500,306000000,1728000
1791127828.0584,4960,1264,56375,306000000,1728000
1791127828.1084,4960,1256,56437,306000000,1728000
1791127828.1585,4960,1256,56375,306000000,1728000
1791127828.2086,4960,1248,56437,306000000,1728000
1791127828.2587,4960,1248,56375,306000000,1728000
1791127828.3088,4960,1232,56437,306000000,1728000
1791127828.3588,4960,1240,56343,306000000,1728000
1791127828.4090,4960,1232,56343,306000000,1190400
1791127828.4591,4960,1248,56500,306000000,1267200
1791127828.5091,4960,1240,56343,306000000,1728000
1791127828.5592,4960,1240,56500,306000000,1728000
1791127828.6093,4960,1232,56375,306000000,1728000
1791127828.6594,4960,1232,56437,306000000,1728000
1791127828.7095,4960,1232,56312,306000000,1728000
1791127828.7596,4960,1232,56406,306000000,1728000
1791127828.8096,4960,1216,56312,306000000,1728000
1791127828.8597,4960,1224,56312,306000000,1728000
1791127828.9098,4960,1224,56468,306000000,1728000
1791127828.9599,4960,1224,56312,306000000,1728000
1791127829.0100,4960,1240,56500,306000000,1728000
1791127829.0600,4960,1232,56343,306000000,1728000
1791127829.1101,4960,1240,56468,306000000,1728000
1791127829.1602,4960,1224,56406,306000000,1728000
1791127829.2103,4960,1232,56375,306000000,1728000
1791127829.2603,4960,1216,56250,306000000,1728000
1791127829.3104,4960,1224,56375,306000000,1728000
1791127829.3605,4960,1216,56500,306000000,1728000
1791127829.4106,4960,1216,56406,306000000,1728000
1791127829.4606,4960,1208,56500,306000000,1728000
1791127829.5107,4960,1216,56218,306000000,1728000
1791127829.5608,4960,1216,56437,306000000,1728000
1791127829.6109,4960,1232,56250,306000000,1728000
1791127829.6610,4960,1216,56437,306000000,1728000
1791127829.7111,4960,1224,56281,306000000,1728000
1791127829.7612,4960,1224,56375,306000000,1728000
1791127829.8112,4960,1224,56187,306000000,1728000
1791127829.8613,4960,1224,56250,306000000,1728000
1791127829.9114,4960,1216,56437,306000000,1728000
1791127829.9615,4960,1216,56281,306000000,1728000
1791127830.0116,4960,1216,56406,306000000,1728000
1791127830.0617,4960,1208,56218,306000000,1728000
1791127830.1118,4960,1224,56406,306000000,1728000
1791127830.1618,4960,1224,56218,306000000,1728000
1791127830.2119,4960,1224,56343,306000000,1728000
1791127830.2620,4960,1224,56156,306000000,1728000
1791127830.3121,4960,1224,56250,306000000,1728000
1791127830.3622,4960,1216,56500,306000000,1728000
1791127830.4123,4960,1224,56281,306000000,1728000
1791127830.4623,4960,1216,56343,306000000,1728000
1791127830.5124,4960,1224,56343,306000000,1728000
1791127830.5625,4960,1208,56406,306000000,1728000
1791127830.6126,4960,1216,56312,306000000,1728000
1791127830.6627,4960,1216,56343,306000000,1344000
1791127830.7128,4960,1232,56156,306000000,1728000
1791127830.7629,4960,1232,56312,306000000,1728000
1791127830.8130,4960,1232,56468,306000000,1728000
1791127830.8630,4960,1232,56156,306000000,1728000
1791127830.9131,4960,1232,56375,306000000,1728000
1791127830.9632,4960,1232,56312,306000000,1728000
1791127831.0133,4960,1232,56375,306000000,1728000
1791127831.0634,4960,1232,56281,306000000,1728000
1791127831.1135,4960,1224,56281,306000000,1728000
1791127831.1635,4960,1224,56281,306000000,1728000
1791127831.2136,4960,1224,56250,306000000,1190400
1791127831.2637,4960,1240,56437,306000000,1728000
1791127831.3138,4960,1232,56343,306000000,1728000
1791127831.3639,4960,1232,56406,306000000,1728000
1791127831.4140,4960,1232,56281,306000000,1728000
1791127831.4641,4960,1232,56437,306000000,1728000
1791127831.5142,4960,1224,56312,306000000,1728000
1791127831.5642,4960,1224,56343,306000000,1728000
1791127831.6143,4960,1224,56187,306000000,1728000
1791127831.6644,4960,1224,56375,306000000,1728000
1791127831.7145,4960,1224,56468,306000000,1728000
1791127831.7646,4960,1216,56375,306000000,1728000
1791127831.8147,4960,1240,56343,306000000,1420800
1791127831.8648,4960,1232,56250,306000000,1728000
1791127831.9148,4960,1232,56406,306000000,1728000
1791127831.9649,4960,1224,56218,306000000,1728000
1791127832.0150,4960,1216,56406,306000000,1728000
1791127832.0651,4960,1216,56250,306000000,1728000
1791127832.1152,4960,1216,56312,306000000,1728000
1791127832.1653,4960,1216,56218,306000000,1728000
1791127832.2154,4960,1208,56343,306000000,1728000
1791127832.2654,4960,1216,56312,306000000,1728000
1791127832.3155,4960,1224,56281,306000000,1728000
1791127832.3656,4960,1224,56281,306000000,1728000
1791127832.4157,4960,1232,56343,306000000,1728000
1791127832.4658,4960,1224,56343,306000000,1728000
1791127832.5159,4960,1232,56218,306000000,1728000
1791127832.5660,4960,1232,56281,306000000,1728000
1791127832.6161,4960,1224,56250,306000000,1728000
1791127832.6661,4960,1216,56312,306000000,1728000
1791127832.7162,4960,1224,56468,306000000,1728000
1791127832.7663,4960,1216,56218,306000000,1728000
1791127832.8164,4960,1216,56343,306000000,1728000
1791127832.8665,4960,1224,56187,306000000,1728000
1791127832.9166,4960,1224,56406,306000000,1728000
1791127832.9666,4960,1232,56187,306000000,1728000
1791127833.0167,4960,1224,56250,306000000,1728000
1791127833.0668,4960,1232,56125,306000000,1728000
1791127833.1169,4960,1224,56281,306000000,1728000
1791127833.1670,4960,1224,56437,306000000,1728000
1791127833.2171,4960,1216,56187,306000000,1728000
1791127833.2672,4960,1224,56343,306000000,1728000
1791127833.3172,4960,1216,56187,306000000,1728000
1791127833.3673,4960,1224,56343,306000000,1728000
1791127833.4174,4960,1216,56281,306000000,1728000
1791127833.4675,4960,1224,56375,306000000,1728000
1791127833.5176,4960,1232,56250,306000000,1728000
1791127833.5677,4960,1232,56250,306000000,1728000
1791127833.6178,4960,1224,56437,306000000,1728000
1791127833.6678,4960,1224,56281,306000000,1728000
1791127833.7179,4960,1216,56312,306000000,1728000
1791127833.7680,4960,1224,56218,306000000,1728000
1791127833.8181,4960,1216,56375,306000000,1728000
1791127833.8682,4960,1216,56156,306000000,1728000
1791127833.9183,4960,1208,56281,306000000,1728000
1791127833.9683,4960,1216,56218,306000000,1728000
1791127834.0184,4960,1208,56218,306000000,1728000
1791127834.0685,4960,1232,56375,306000000,1728000
1791127834.1186,4960,1216,56218,306000000,1728000
1791127834.1687,4960,1224,56343,306000000,1728000
1791127834.2188,4960,1224,56281,306000000,1728000
1791127834.2689,4960,1224,56312,306000000,1728000
1791127834.3190,4960,1224,56156,306000000,1728000
1791127834.3691,4960,1216,56187,306000000,1728000
1791127834.4191,4960,1224,56250,306000000,1728000
1791127834.4692,4960,1216,56187,306000000,1728000
1791127834.5193,4960,1216,56093,306000000,1728000
1791127834.5694,4960,1208,56312,306000000,1113600
1791127834.6195,4960,1232,56250,306000000,1728000
1791127834.6696,4960,1224,56218,306000000,1728000
1791127834.7196,4960,1224,56312,306000000,1728000
1791127834.7697,4960,1216,56156,306000000,1728000
1791127834.8198,4960,1224,56281,306000000,1728000
1791127834.8699,4960,1216,56125,306000000,1728000
1791127834.9200,4960,1224,56281,306000000,1728000
1791127834.9701,4960,1208,56187,306000000,1728000
1791127835.0201,4960,1216,56281,306000000,1728000
1791127835.0702,4960,1208,56343,306000000,1728000
1791127835.1203,4960,1208,56093,306000000,1728000
1791127835.1704,4960,1216,56406,306000000,1728000
1791127835.2205,4960,1232,56250,306000000,1728000
1791127835.2706,4960,1216,56281,306000000,1728000
1791127835.3207,4960,1216,56156,306000000,1728000
1791127835.3707,4960,1216,56250,306000000,1728000
1791127835.4208,4960,1216,56156,306000000,1728000
1791127835.4709,4960,1216,56218,306000000,1728000
1791127835.5210,4960,1224,56406,306000000,1728000
1791127835.5711,4960,1216,56156,306000000,1728000
1791127835.6212,4960,1216,56312,306000000,1728000
1791127835.6713,4960,1208,56218,306000000,1728000
1791127835.7214,4960,1224,56312,306000000,1113600
1791127835.7715,4960,1232,56218,306000000,1728000
1791127835.8216,4960,1224,56187,306000000,1728000
1791127835.8716,4960,1216,56125,306000000,1728000
1791127835.9217,4960,1216,56281,306000000,1728000
1791127835.9718,4960,1208,56406,306000000,1728000
1791127836.0219,4960,1216,56250,306000000,1728000
1791127836.0720,4960,1208,56281,306000000,1728000
1791127836.1221,4960,1208,56218,306000000,1728000
1791127836.1722,4960,1208,56250,306000000,1728000
1791127836.2223,4960,1208,56187,306000000,729600
1791127836.2724,4960,1216,56250,306000000,1728000
1791127836.3225,4960,1232,56218,306000000,1728000
1791127836.3726,4960,1240,56218,306000000,1728000
1791127836.4227,4960,1240,56437,306000000,883200
1791127836.4728,4960,1232,56281,306000000,960000
1791127836.5229,4960,1232,56281,306000000,1728000
1791127836.5730,4960,1240,56187,306000000,1728000
1791127836.6231,4960,1240,56250,306000000,1728000
1791127836.6732,4960,1232,56187,306000000,1728000
1791127836.7233,4960,1240,56250,306000000,1728000
1791127836.7734,4960,1240,56125,306000000,1728000
1791127836.8235,4960,1232,56218,306000000,1728000
1791127836.8736,4960,1256,56125,306000000,1728000
1791127836.9237,4960,1256,56250,306000000,1728000
1791127836.9737,4960,1256,56343,306000000,1728000
1791127837.0238,4960,1264,56156,306000000,1728000
1791127837.0739,4960,1256,56218,306000000,729600
1791127837.1240,4960,1248,56093,306000000,1728000
1791127837.1741,4960,1256,56218,306000000,806400
1791127837.2242,4960,1240,56218,306000000,1728000
1791127837.2744,4960,1240,56218,306000000,806400
1791127837.3244,4960,1232,56125,306000000,1728000
1791127837.3745,4960,1240,56250,306000000,1190400
1791127837.4246,4960,1256,56312,306000000,1728000
1791127837.4747,4960,1264,56125,306000000,1728000
1791127837.5248,4960,1256,56375,306000000,1728000
1791127837.5749,4960,1248,56187,306000000,1728000
1791127837.6250,4960,1256,56312,306000000,1728000
1791127837.6751,4960,1256,56156,306000000,1728000
1791127837.7252,4960,1248,56281,306000000,1728000
1791127837.7753,4960,1248,56218,306000000,1728000
1791127837.8254,4960,1248,56218,306000000,1728000
1791127837.8755,4960,1240,56343,306000000,1728000
1791127837.9256,4960,1240,56218,306000000,1728000
1791127837.9757,4960,1256,56312,306000000,1728000
1791127838.0258,4960,1256,56156,306000000,806400
1791127838.0759,4960,1248,56218,306000000,1728000
1791127838.1260,4960,1256,56093,306000000,1728000
1791127838.1761,4960,1256,56218,306000000,806400
1791127838.2262,4960,1240,56125,306000000,1728000
1791127838.2763,4960,1248,56093,306000000,1728000
1791127838.3264,4960,1232,56312,306000000,1728000
1791127838.3765,4960,1240,56125,306000000,806400
1791127838.4266,4960,1224,56375,306000000,806400
1791127838.4767,4960,1224,56187,306000000,1728000
1791127838.5268,4960,1248,56312,306000000,1497600
1791127838.5768,4960,1248,56093,306000000,883200
1791127838.6269,4960,1256,56281,306000000,1728000
1791127838.6770,4960,1256,56125,306000000,883200
1791127838.7271,4960,1248,56156,306000000,729600
1791127838.7773,4960,1240,56312,306000000,1728000
1791127838.8274,4960,1248,56187,306000000,1728000
1791127838.8775,4960,1248,56250,306000000,1728000
1791127838.9276,4960,1232,56156,306000000,1728000
1791127838.9777,4960,1240,56312,306000000,1728000
1791127839.0278,4960,1248,56281,306000000,1728000
1791127839.0779,4960,1240,56156,306000000,1728000
1791127839.1280,4960,1256,56125,306000000,1728000
1791127839.1781,4960,1264,56218,306000000,1728000
1791127839.2282,4960,1256,56093,306000000,1728000
1791127839.2783,4960,1248,56187,306000000,1728000
1791127839.3283,4960,1256,56343,306000000,1728000
1791127839.3784,4960,1248,56156,306000000,1728000
1791127839.4285,4960,1248,56218,306000000,1728000
1791127839.4786,4960,1248,56218,306000000,1728000
1791127839.5287,4960,1248,56187,306000000,1728000
1791127839.5788,4960,1240,56218,306000000,1728000
1791127839.6289,4960,1248,56187,306000000,1728000
1791127839.6790,4960,1272,56062,306000000,883200
1791127839.7291,4960,1264,56187,306000000,806400
1791127839.7792,4960,1264,56250,306000000,1728000
1791127839.8293,4960,1256,56156,306000000,729600
1791127839.8794,4960,1248,56187,306000000,1728000
1791127839.9295,4960,1256,56093,306000000,1728000
1791127839.9796,4960,1248,56250,306000000,729600
1791127840.0297,4960,1240,56031,306000000,1728000
1791127840.0798,4960,1240,56187,306000000,1728000
1791127840.1299,4960,1232,56062,306000000,1728000
1791127840.1800,4960,1240,56156,306000000,1113600
1791127840.2301,4960,1256,56343,306000000,1728000
1791127840.2802,4960,1256,56062,306000000,1728000
1791127840.3303,4960,1248,56218,306000000,1728000
1791127840.3804,4960,1256,56156,306000000,1728000
1791127840.4305,4960,1256,56125,306000000,1728000
1791127840.4806,4960,1248,56062,306000000,1728000
1791127840.5307,4960,1248,56281,306000000,1728000
1791127840.5808,4960,1232,56093,306000000,1728000
1791127840.6309,4960,1240,56187,306000000,1728000
1791127840.6810,4960,1232,56218,306000000,1728000
1791127840.7311,4960,1232,56156,306000000,1728000
1791127840.7812,4960,1248,56281,306000000,1728000
1791127840.8313,4960,1256,56156,306000000,729600
1791127840.8814,4960,1248,56156,306000000,1728000
1791127840.9315,4960,1248,56093,306000000,1728000
1791127840.9815,4960,1248,56250,306000000,1728000
1791127841.0316,4960,1240,56031,306000000,1728000
1791127841.0817,4960,1240,56218,306000000,1728000
1791127841.1318,4960,1240,56406,306000000,1728000
1791127841.1819,4960,1240,56093,306000000,1728000
1791127841.2320,4960,1240,56218,306000000,806400
1791127841.2821,4960,1232,56156,306000000,1728000
1791127841.3322,4960,1248,56187,306000000,1420800
1791127841.3823,4960,1256,56062,306000000,1728000
1791127841.4324,4960,1256,56156,306000000,1728000
1791127841.4825,4960,1248,56062,306000000,1728000
1791127841.5326,4960,1248,56062,306000000,1728000
1791127841.5827,4960,1240,56000,306000000,1728000
1791127841.6328,4960,1248,56062,306000000,1728000
1791127841.6829,4960,1248,56250,306000000,1728000
1791127841.7330,4960,1240,56031,306000000,1728000
1791127841.7831,4960,1240,56187,306000000,1728000
1791127841.8332,4960,1248,56093,306000000,1728000
1791127841.8833,4960,1256,56250,306000000,1728000
1791127841.9334,4960,1256,56062,306000000,1728000
1791127841.9835,4960,1256,56062,306000000,1728000
1791127842.0336,4960,1256,56031,306000000,1728000
1791127842.0836,4960,1248,56187,306000000,1728000
1791127842.1337,4960,1248,56250,306000000,1728000
1791127842.1838,4960,1248,56156,306000000,1728000
1791127842.2339,4960,1240,56250,306000000,1728000
1791127842.2840,4960,1248,56062,306000000,1728000
1791127842.3341,4960,1256,56281,306000000,1728000
1791127842.3841,4960,1248,56093,306000000,1728000
1791127842.4342,4960,1248,56156,306000000,1190400
1791127842.4843,4960,1280,56000,306000000,1728000
1791127842.5344,4960,1272,56187,306000000,1728000
1791127842.5845,4960,1272,56281,306000000,1728000
1791127842.6346,4960,1264,56093,306000000,1728000
1791127842.6847,4960,1256,56218,306000000,1728000
1791127842.7348,4960,1264,56031,306000000,1728000
1791127842.7849,4960,1256,56218,306000000,1728000
1791127842.8350,4960,1248,56062,306000000,806400
1791127842.8851,4960,1240,56093,306000000,729600
1791127842.9352,4960,1240,56093,306000000,1728000
1791127842.9853,4960,1240,56125,306000000,1728000
1791127843.0354,4960,1256,56375,306000000,1728000
1791127843.0854,4960,1256,56156,306000000,1728000
1791127843.1355,4960,1256,56093,306000000,1728000
1791127843.1856,4960,1256,56031,306000000,1728000
1791127843.2357,4960,1248,56312,306000000,1728000
1791127843.2858,4960,1248,56125,306000000,1728000
1791127843.3359,4960,1256,56187,306000000,1728000
1791127843.3860,4960,1256,56000,306000000,1728000
1791127843.4361,4960,1240,56093,306000000,1728000
1791127843.4862,4960,1248,56281,306000000,1728000
1791127843.5363,4960,1240,56093,306000000,1728000
1791127843.5864,4960,1256,56281,306000000,1728000
1791127843.6365,4960,1264,56031,306000000,1728000
1791127843.6866,4960,1264,56187,306000000,1728000
1791127843.7367,4960,1264,56031,306000000,1728000
1791127843.7868,4960,1264,56250,306000000,1728000
1791127843.8369,4960,1264,56062,306000000,1728000
1791127843.8870,4960,1256,56093,306000000,1728000
1791127843.9371,4960,1256,56031,306000000,1728000
1791127843.9872,4960,1256,56093,306000000,1728000
1791127844.0373,4960,1248,56187,306000000,1728000
1791127844.0874,4960,1248,56093,306000000,806400
1791127844.1375,4960,1256,56125,306000000,1728000
1791127844.1876,4960,1272,56031,306000000,1728000
1791127844.2377,4960,1256,56093,306000000,1728000
1791127844.2877,4960,1256,56031,306000000,1728000
1791127844.3378,4960,1248,56156,306000000,1728000
1791127844.3879,4960,1248,56031,306000000,1728000
1791127844.4380,4960,1232,56031,306000000,1728000
1791127844.4881,4960,1232,56250,306000000,1728000
1791127844.5382,4960,1224,56031,306000000,1728000
1791127844.5882,4960,1232,56156,306000000,1728000
1791127844.6383,4960,1224,56031,306000000,1728000
1791127844.6884,4960,1232,56062,306000000,1728000
1791127844.7385,4960,1232,56031,306000000,1728000
1791127844.7886,4960,1240,56093,306000000,1728000
1791127844.8387,4960,1224,56031,306000000,1728000
1791127844.8888,4960,1232,56125,306000000,1728000
1791127844.9388,4960,1216,56218,306000000,1728000
1791127844.9889,4960,1224,56062,306000000,1728000
1791127845.0390,4960,1216,56125,306000000,1728000
1791127845.0891,4960,1216,56062,306000000,1728000
1791127845.1392,4960,1224,56062,306000000,1728000
1791127845.1892,4960,1216,56062,306000000,1728000
1791127845.2393,4960,1216,56093,306000000,1728000
1791127845.2894,4960,1224,56000,306000000,729600
1791127845.3395,4960,1224,56000,306000000,1728000
1791127845.3896,4960,1224,56250,306000000,1728000
1791127845.4397,4960,1224,56062,306000000,1728000
1791127845.4898,4960,1224,56156,306000000,1728000
1791127845.5398,4960,1224,56062,306000000,1728000
1791127845.5899,4960,1216,56062,306000000,1728000
1791127845.6400,4960,1224,56031,306000000,1728000
1791127845.6901,4960,1216,56093,306000000,1728000
1791127845.7402,4960,1224,56031,306000000,1728000
1791127845.7902,4960,1208,56093,306000000,1728000
1791127845.8403,4960,1224,56312,306000000,1728000
1791127845.8904,4960,1224,56031,306000000,1728000
1791127845.9405,4960,1224,56218,306000000,1728000
1791127845.9906,4960,1216,56031,306000000,1728000
1791127846.0407,4960,1216,56156,306000000,1728000
1791127846.0907,4960,1216,56031,306000000,1728000
1791127846.1408,4960,1216,56062,306000000,1728000
1791127846.1909,4960,1216,55937,306000000,1728000
1791127846.2410,4960,1208,56093,306000000,1728000
1791127846.2911,4960,1208,55968,306000000,1728000
1791127846.3411,4960,1200,56031,306000000,1728000
1791127846.3912,4960,1216,56125,306000000,1728000
1791127846.4413,4960,1216,56000,306000000,1728000
1791127846.4914,4960,1224,56031,306000000,1728000
1791127846.5415,4960,1216,55968,306000000,1728000
1791127846.5916,4960,1224,56062,306000000,1728000
1791127846.6417,4960,1216,56000,306000000,1728000
1791127846.6918,4960,1224,56031,306000000,1728000
1791127846.7418,4960,1208,55968,306000000,1728000
1791127846.7919,4960,1216,56093,306000000,1728000
1791127846.8420,4960,1208,56187,306000000,1728000
1791127846.8921,4960,1216,56031,306000000,1728000
1791127846.9422,4960,1232,56093,306000000,1728000
1791127846.9923,4960,1232,56000,306000000,1728000
1791127847.0424,4960,1232,56093,306000000,1728000
1791127847.0925,4960,1224,55968,306000000,1728000
1791127847.1425,4960,1216,56031,306000000,1728000
1791127847.1926,4960,1216,56000,306000000,1728000
1791127847.2427,4960,1208,56000,306000000,1728000
1791127847.2928,4960,1216,56250,306000000,1728000
1791127847.3429,4960,1208,56031,306000000,1728000
1791127847.3929,4960,1216,56187,306000000,1728000
1791127847.4430,4960,1208,56062,306000000,1728000
1791127847.4931,4960,1224,56187,306000000,1728000
1791127847.5433,4960,1232,56031,306000000,1728000
1791127847.5933,4960,1224,56031,306000000,1728000
1791127847.6434,4960,1232,55937,306000000,1728000
1791127847.6935,4960,1224,56031,306000000,1728000
1791127847.7436,4960,1224,56156,306000000,1728000
1791127847.7937,4960,1216,55937,306000000,1728000
1791127847.8437,4960,1216,56093,306000000,1728000
1791127847.8938,4960,1216,55968,306000000,729600
1791127847.9439,4960,1216,56031,306000000,1728000
1791127847.9940,4960,1216,55968,306000000,1728000
1791127848.0441,4960,1216,56062,306000000,1728000
1791127848.0942,4960,1224,56000,306000000,729600
1791127848.1443,4960,1224,56000,306000000,1728000
1791127848.1944,4960,1224,56156,306000000,1728000
1791127848.2444,4960,1224,56031,306000000,1728000
1791127848.2945,4960,1216,56031,306000000,1728000
1791127848.3446,4960,1224,56000,306000000,1728000
1791127848.3947,4960,1216,56062,306000000,1728000
1791127848.4448,4960,1224,56000,306000000,1728000
1791127848.4949,4960,1216,56031,306000000,1728000
1791127848.5450,4960,1216,55968,306000000,1728000
1791127848.5950,4960,1224,56031,306000000,1190400
1791127848.6451,4960,1232,55968,306000000,1728000
1791127848.6952,4960,1240,56031,306000000,1728000
1791127848.7453,4960,1224,56062,306000000,1728000
1791127848.7954,4960,1224,56062,306000000,1728000
1791127848.8455,4960,1224,56062,306000000,1728000
1791127848.8955,4960,1224,55968,306000000,1728000
1791127848.9456,4960,1216,56000,306000000,1728000
1791127848.9957,4960,1224,56000,306000000,1728000
1791127849.0458,4960,1216,56031,306000000,1728000
1791127849.0959,4960,1216,56000,306000000,1728000
1791127849.1460,4960,1208,55968,306000000,1728000
1791127849.1960,4960,1224,56125,306000000,1728000
1791127849.2461,4960,1224,55937,306000000,1728000
1791127849.2962,4960,1224,56000,306000000,1728000
1791127849.3463,4960,1216,55968,306000000,1728000
1791127849.3964,4960,1224,56062,306000000,1728000
1791127849.4465,4960,1216,55937,306000000,1728000
1791127849.4966,4960,1208,56000,306000000,1728000
1791127849.5467,4960,1216,55937,306000000,1728000
1791127849.5967,4960,1216,56093,306000000,1728000
1791127849.6468,4960,1216,56156,306000000,1728000
1791127849.6969,4960,1224,56031,306000000,1728000
1791127849.7470,4960,1216,56031,306000000,1728000
1791127849.7971,4960,1232,56000,306000000,1728000
1791127849.8472,4960,1232,56062,306000000,1728000
1791127849.8973,4960,1232,55906,306000000,1728000
1791127849.9473,4960,1216,55937,306000000,1728000
1791127849.9974,4960,1216,55937,306000000,1728000
1791127850.0475,4960,1216,56031,306000000,1728000
1791127850.0976,4960,1208,56093,306000000,1728000
1791127850.1477,4960,1216,56031,306000000,1728000
1791127850.1978,4960,1216,56093,306000000,1728000
1791127850.2478,4960,1208,56000,306000000,1728000
1791127850.2979,4960,1216,56031,306000000,1728000
1791127850.3480,4960,1224,55906,306000000,1728000
1791127850.3981,4960,1216,56031,306000000,1728000
1791127850.4482,4960,1224,56000,306000000,1728000
1791127850.4983,4960,1216,56000,306000000,1728000
1791127850.5484,4960,1224,56093,306000000,1728000
1791127850.5984,4960,1208,55937,306000000,1728000
1791127850.6485,4960,1216,56031,306000000,1728000
1791127850.6986,4960,1208,55875,306000000,1728000
1791127850.7487,4960,1216,56031,306000000,1728000
1791127850.7988,4960,1216,55968,306000000,1728000
1791127850.8489,4960,1216,56031,306000000,1728000
1791127850.8990,4960,1224,55875,306000000,806400
1791127850.9491,4960,1224,55968,306000000,1728000
1791127850.9991,4960,1224,55937,306000000,1728000
1791127851.0492,4960,1224,55968,306000000,1728000
1791127851.0993,4960,1216,56031,306000000,1728000
1791127851.1494,4960,1224,55906,306000000,1728000
1791127851.1995,4960,1208,55968,306000000,1728000
1791127851.2495,4960,1216,55875,306000000,1728000
1791127851.2996,4960,1216,56000,306000000,1728000
1791127851.3497,4960,1216,55937,306000000,1728000
1791127851.3998,4960,1224,55968,306000000,1728000
1791127851.4499,4960,1232,55968,306000000,1728000
1791127851.5000,4960,1232,56031,306000000,1728000
1791127851.5501,4960,1232,56125,306000000,1728000
1791127851.6002,4960,1224,56000,306000000,1728000
1791127851.6503,4960,1216,56031,306000000,1728000
1791127851.7003,4960,1224,55937,306000000,1728000
1791127851.7504,4960,1224,56031,306000000,1728000
1791127851.8005,4960,1224,55968,306000000,1728000
1791127851.8506,4960,1224,55968,306000000,1728000
1791127851.9007,4960,1224,55843,306000000,1728000
1791127851.9508,4960,1224,56062,306000000,1728000
1791127852.0009,4960,1224,56031,306000000,1267200
1791127852.0509,4960,1232,56000,306000000,1728000
1791127852.1010,4960,1224,56031,306000000,1728000
1791127852.1511,4960,1224,55968,306000000,1728000
1791127852.2012,4960,1216,55937,306000000,1728000
1791127852.2513,4960,1224,55843,306000000,1728000
1791127852.3014,4960,1224,55906,306000000,1728000
1791127852.3514,4960,1216,55968,306000000,1728000
1791127852.4015,4960,1224,56000,306000000,1728000
1791127852.4516,4960,1208,56031,306000000,1728000
1791127852.5017,4960,1216,55937,306000000,1728000
1791127852.5518,4960,1216,56093,306000000,1728000
1791127852.6019,4960,1224,55875,306000000,1728000
1791127852.6520,4960,1224,56062,306000000,1728000
1791127852.7020,4960,1208,55875,306000000,1728000
1791127852.7521,4960,1216,55968,306000000,1728000
1791127852.8022,4960,1208,55906,306000000,1728000
1791127852.8523,4960,1216,55937,306000000,1728000
1791127852.9024,4960,1208,56062,306000000,1728000
1791127852.9524,4960,1216,55968,306000000,1728000
1791127853.0025,4960,1200,56031,306000000,1728000
1791127853.0526,4960,1216,55875,306000000,1728000
1791127853.1027,4960,1208,56031,306000000,1728000
1791127853.1528,4960,1216,55875,306000000,1728000
1791127853.2029,4960,1216,55937,306000000,1728000
1791127853.2529,4960,1208,55906,306000000,1728000
1791127853.3030,4960,1216,56000,306000000,1728000
1791127853.3531,4960,1208,55906,306000000,1728000
1791127853.4032,4960,1216,55968,306000000,1728000
1791127853.4533,4960,1208,56062,306000000,1728000
1791127853.5033,4960,1208,55968,306000000,1728000
1791127853.5534,4960,1208,55937,306000000,1728000
1791127853.6035,4960,1208,55906,306000000,1728000
1791127853.6536,4960,1224,55937,306000000,1728000
1791127853.7037,4960,1224,55812,306000000,1728000
1791127853.7538,4960,1232,55968,306000000,1728000
1791127853.8039,4960,1224,55875,306000000,1728000
1791127853.8540,4960,1224,56000,306000000,1728000
1791127853.9041,4960,1232,56000,306000000,1728000
1791127853.9541,4960,1224,55843,306000000,1728000
1791127854.0042,4960,1224,56031,306000000,1728000
1791127854.0543,4960,1216,55937,306000000,1728000
1791127854.1044,4960,1224,56000,306000000,1728000
1791127854.1545,4960,1216,55937,306000000,1728000
1791127854.2046,4960,1216,56000,306000000,1113600
1791127854.2547,4960,1232,55906,306000000,1344000
1791127854.3047,4960,1232,55968,306000000,1728000
1791127854.3548,4960,1232,56031,306000000,1728000
1791127854.4049,4960,1232,55937,306000000,1728000
1791127854.4550,4960,1232,55968,306000000,1728000
1791127854.5051,4960,1232,55937,306000000,1728000
1791127854.5552,4960,1232,56000,306000000,1728000
1791127854.6052,4960,1224,55906,306000000,1728000
1791127854.6553,4960,1216,55937,306000000,1728000
1791127854.7054,4960,1224,55906,306000000,1728000
1791127854.7555,4960,1216,55906,306000000,1728000
1791127854.8056,4960,1232,56125,306000000,1728000
1791127854.8557,4960,1240,55937,306000000,1728000
1791127854.9058,4960,1240,56031,306000000,1728000
1791127854.9559,4960,1232,55875,306000000,1728000
1791127855.0059,4960,1224,55875,306000000,1728000
1791127855.0560,4960,1224,55843,306000000,1728000
1791127855.1061,4960,1216,55906,306000000,1728000
1791127855.1562,4960,1216,55906,306000000,1728000
1791127855.2063,4960,1216,56031,306000000,1728000
1791127855.2563,4960,1216,56031,306000000,1728000
1791127855.3064,4960,1224,55906,306000000,1728000
1791127855.3565,4960,1224,56031,306000000,1267200
1791127855.4066,4960,1224,55968,306000000,1728000
1791127855.4567,4960,1224,55968,306000000,1728000
1791127855.5068,4960,1232,55843,306000000,1728000
1791127855.5569,4960,1232,56000,306000000,1728000
1791127855.6070,4960,1232,55781,306000000,1728000
1791127855.6571,4960,1232,55937,306000000,1728000
1791127855.7071,4960,1224,56000,306000000,1728000
1791127855.7572,4960,1232,55843,306000000,1728000
1791127855.8073,4960,1216,56031,306000000,1728000
1791127855.8574,4960,1224,55875,306000000,1728000
1791127855.9075,4960,1224,56000,306000000,1728000
1791127855.9576,4960,1232,55843,306000000,1728000
1791127856.0077,4960,1224,55937,306000000,1728000
1791127856.0577,4960,1232,55812,306000000,1728000
1791127856.1078,4960,1216,55906,306000000,1728000
1791127856.1579,4960,1224,55875,306000000,1728000
1791127856.2080,4960,1216,55906,306000000,1728000
1791127856.2581,4960,1224,56031,306000000,1728000
1791127856.3082,4960,1208,55937,306000000,1728000
1791127856.3582,4960,1216,56031,306000000,1728000
1791127856.4083,4960,1208,55843,306000000,1728000
1791127856.4584,4960,1216,55875,306000000,1728000
1791127856.5085,4960,1224,55875,306000000,1728000
1791127856.5586,4960,1232,55968,306000000,1728000
1791127856.6087,4960,1224,55843,306000000,1728000
1791127856.6588,4960,1224,55812,306000000,1728000
1791127856.7089,4960,1224,56062,306000000,1728000
1791127856.7589,4960,1224,55843,306000000,1728000
1791127856.8090,4960,1216,56031,306000000,1728000
1791127856.8591,4960,1216,55937,306000000,1728000
1791127856.9092,4960,1224,56031,306000000,1728000
1791127856.9593,4960,1216,55843,306000000,1728000
1791127857.0094,4960,1224,55875,306000000,1728000
1791127857.0595,4960,1232,55875,306000000,1344000
1791127857.1095,4960,1232,56000,306000000,1728000
1791127857.1596,4960,1224,56031,306000000,1728000
1791127857.2097,4960,1224,55812,306000000,1728000
1791127857.2598,4960,1216,55968,306000000,1728000
1791127857.3099,4960,1224,55781,306000000,1728000
1791127857.3600,4960,1216,55968,306000000,1728000
1791127857.4100,4960,1216,55875,306000000,1728000
1791127857.4601,4960,1224,55812,306000000,1728000
1791127857.5102,4960,1216,55843,306000000,1728000
1791127857.5603,4960,1224,55875,306000000,1728000
1791127857.6104,4960,1232,55968,306000000,1728000
1791127857.6605,4960,1232,55906,306000000,1728000
1791127857.7106,4960,1240,55937,306000000,1728000
1791127857.7607,4960,1224,55875,306000000,1728000
1791127857.8107,4960,1224,55906,306000000,1728000
1791127857.8608,4960,1216,55812,306000000,1728000
1791127857.9109,4960,1224,55968,306000000,1728000
1791127857.9610,4960,1216,55906,306000000,1728000
1791127858.0111,4960,1216,55906,306000000,1728000
1791127858.0611,4960,1216,55968,306000000,1728000
1791127858.1112,4960,1216,55843,306000000,1728000
1791127858.1613,4960,1216,55937,306000000,1728000
1791127858.2114,4960,1232,55843,306000000,1728000
1791127858.2615,4960,1224,55937,306000000,1728000
1791127858.3116,4960,1224,55812,306000000,1728000
1791127858.3616,4960,1232,55843,306000000,1728000
1791127858.4117,4960,1216,55875,306000000,1728000
1791127858.4618,4960,1224,55875,306000000,1728000
1791127858.5119,4960,1216,56031,306000000,1728000
1791127858.5620,4960,1224,55875,306000000,1728000
1791127858.6120,4960,1216,55906,306000000,1728000
1791127858.6621,4960,1224,55937,306000000,1728000
1791127858.7122,4960,1216,55968,306000000,806400
1791127858.7623,4960,1224,55750,306000000,1728000
1791127858.8124,4960,1224,55906,306000000,1728000
1791127858.8625,4960,1224,55781,306000000,1728000
1791127858.9126,4960,1216,55906,306000000,1728000
1791127858.9626,4960,1224,55812,306000000,1728000
1791127859.0127,4960,1224,55843,306000000,1728000
1791127859.0628,4960,1216,56000,306000000,1728000
1791127859.1129,4960,1224,55906,306000000,1728000
1791127859.1630,4960,1216,55843,306000000,1728000
1791127859.2130,4960,1224,55812,306000000,1728000
1791127859.2631,4960,1232,55843,306000000,1267200
1791127859.3132,4960,1232,55781,306000000,1728000
1791127859.3633,4960,1240,55812,306000000,1728000
1791127859.4134,4960,1232,55906,306000000,1728000
1791127859.4635,4960,1232,55875,306000000,1728000
1791127859.5135,4960,1232,55968,306000000,1728000
1791127859.5636,4960,1224,55781,306000000,1728000
1791127859.6137,4960,1224,55968,306000000,1728000
1791127859.6638,4960,1224,55875,306000000,1728000
1791127859.7139,4960,1224,55906,306000000,1728000
1791127859.7640,4960,1216,55781,306000000,1728000
1791127859.8140,4960,1224,55843,306000000,1728000
1791127859.8641,4960,1232,55843,306000000,1728000
1791127859.9142,4960,1232,55812,306000000,1728000
1791127859.9643,4960,1232,56000,306000000,1728000
1791127860.0144,4960,1224,55781,306000000,1728000
1791127860.0645,4960,1224,55937,306000000,1728000
1791127860.1146,4960,1224,55843,306000000,1728000
1791127860.1646,4960,1216,55906,306000000,1728000
1791127860.2147,4960,1224,55750,306000000,1728000
1791127860.2648,4960,1208,55843,306000000,1728000
1791127860.3149,4960,1216,56031,306000000,1728000
1791127860.3649,4960,1216,55812,306000000,1728000
1791127860.4151,4960,1224,56000,306000000,1344000
1791127860.4652,4960,1216,55906,306000000,1728000
1791127860.5153,4960,1224,55906,306000000,1728000
1791127860.5654,4960,1216,55750,306000000,1728000
1791127860.6155,4960,1224,55906,306000000,1728000
1791127860.6655,4960,1224,55781,306000000,1728000
1791127860.7156,4960,1216,55843,306000000,1728000
1791127860.7657,4960,1208,55812,306000000,1728000
1791127860.8158,4960,1216,55812,306000000,1728000
1791127860.8659,4960,1216,55906,306000000,1728000
1791127860.9159,4960,1216,55812,306000000,1728000
1791127860.9660,4960,1216,55937,306000000,1190400
1791127861.0161,4960,1224,55781,306000000,1728000
1791127861.0662,4960,1216,55843,306000000,1728000
1791127861.1163,4960,1216,55781,306000000,1728000
1791127861.1664,4960,1208,55781,306000000,1728000
1791127861.2165,4960,1216,55812,306000000,1728000
1791127861.2665,4960,1208,55781,306000000,1728000
1791127861.3166,4960,1216,55937,306000000,1728000
1791127861.3667,4960,1216,55843,306000000,1728000
1791127861.4168,4960,1208,55906,306000000,1728000
1791127861.4669,4960,1216,55781,306000000,1728000
1791127861.5170,4960,1216,55812,306000000,1728000
1791127861.5671,4960,1224,55875,306000000,1728000
1791127861.6171,4960,1224,55843,306000000,1728000
1791127861.6672,4960,1208,55781,306000000,1728000
1791127861.7173,4960,1216,55750,306000000,1728000
1791127861.7674,4960,1216,55906,306000000,1728000
1791127861.8175,4960,1216,55750,306000000,1728000
1791127861.8676,4960,1216,55875,306000000,1728000
1791127861.9177,4960,1216,55718,306000000,1728000
1791127861.9677,4960,1216,55875,306000000,1728000
1791127862.0178,4960,1208,55718,306000000,1728000
1791127862.0679,4960,1208,55781,306000000,1728000
1791127862.1180,4960,1224,55750,306000000,1728000
1791127862.1681,4960,1224,55750,306000000,1728000
1791127862.2182,4960,1216,55906,306000000,1728000
1791127862.2683,4960,1224,55750,306000000,1728000
1791127862.3183,4960,1216,55875,306000000,1728000
1791127862.3684,4960,1224,55718,306000000,1728000
1791127862.4185,4960,1208,55968,306000000,1728000
1791127862.4686,4960,1216,55718,306000000,1728000
1791127862.5186,4960,1216,55718,306000000,1728000
1791127862.5687,4960,1216,55781,306000000,1728000
1791127862.6188,4960,1224,55781,306000000,1190400
1791127862.6689,4960,1224,55937,306000000,1344000
1791127862.7190,4960,1224,55843,306000000,1728000
1791127862.7691,4960,1224,55968,306000000,1728000
1791127862.8191,4960,1232,55781,306000000,1728000
1791127862.8692,4960,1216,55843,306000000,1728000
1791127862.9193,4960,1224,55781,306000000,1728000
1791127862.9694,4960,1216,55812,306000000,1728000
1791127863.0195,4960,1216,55781,306000000,1728000
1791127863.0696,4960,1208,55812,306000000,1728000
1791127863.1196,4960,1216,55906,306000000,1728000
1791127863.1697,4960,1208,55781,306000000,1113600
1791127863.2198,4960,1224,55937,306000000,1728000
1791127863.2699,4960,1232,55812,306000000,1728000
1791127863.3200,4960,1224,55937,306000000,1728000
1791127863.3700,4960,1224,55718,306000000,1728000
1791127863.4201,4960,1216,55812,306000000,1728000
1791127863.4702,4960,1216,55718,306000000,1728000
1791127863.5203,4960,1216,55781,306000000,1728000
1791127863.5704,4960,1224,55906,306000000,1728000
1791127863.6204,4960,1216,55687,306000000,1728000
1791127863.6705,4960,1208,55875,306000000,1728000
1791127863.7206,4960,1208,55750,306000000,1728000
1791127863.7707,4960,1232,55906,306000000,1728000
1791127863.8208,4960,1240,55718,306000000,1728000
1791127863.8709,4960,1240,55843,306000000,1728000
1791127863.9210,4960,1248,55843,306000000,1728000
1791127863.9711,4960,1248,55781,306000000,1728000
1791127864.0211,4960,1248,55781,306000000,1728000
1791127864.0712,4960,1240,55718,306000000,1728000
1791127864.1213,4960,1232,55968,306000000,1728000
1791127864.1714,4960,1256,55812,306000000,1728000
1791127864.2214,4960,1272,55968,306000000,1728000
1791127864.2715,4960,1272,55656,306000000,1728000
1791127864.3216,4960,1272,55812,306000000,1728000
1791127864.3717,4960,1280,55781,306000000,1728000
1791127864.4218,4960,1280,55718,306000000,1728000
1791127864.4718,4960,1272,55718,306000000,1728000
1791127864.5219,4960,1264,55781,306000000,1728000
1791127864.5720,4960,1264,55906,306000000,1728000
1791127864.6221,4960,1256,55750,306000000,1728000
1791127864.6722,4960,1248,55875,306000000,1728000
1791127864.7222,4960,1248,55718,306000000,1728000
1791127864.7723,4960,1248,55843,306000000,1728000
1791127864.8224,4960,1248,55687,306000000,1728000
1791127864.8725,4960,1248,55781,306000000,1728000
1791127864.9226,4960,1256,55750,306000000,1728000
1791127864.9727,4960,1240,55750,306000000,1728000
1791127865.0228,4960,1248,55875,306000000,1728000
1791127865.0728,4960,1240,55687,306000000,1728000
1791127865.1229,4960,1240,55906,306000000,1728000
1791127865.1730,4960,1240,55718,306000000,1728000
1791127865.2231,4960,1232,55875,306000000,1728000
1791127865.2731,4960,1232,55781,306000000,1728000
1791127865.3232,4960,1224,55781,306000000,1728000
1791127865.3733,4960,1224,55687,306000000,1728000
1791127865.4234,4960,1224,55781,306000000,1113600
1791127865.4735,4960,1240,55906,306000000,1344000
1791127865.5236,4960,1232,55812,306000000,1728000
1791127865.5736,4960,1232,55875,306000000,1728000
1791127865.6237,4960,1224,55718,306000000,1728000
1791127865.6738,4960,1224,55781,306000000,1728000
1791127865.7239,4960,1216,55718,306000000,1728000
1791127865.7740,4960,1224,55812,306000000,1728000
1791127865.8240,4960,1216,55656,306000000,1728000
1791127865.8741,4960,1224,55687,306000000,1728000
1791127865.9242,4960,1216,55875,306000000,1728000
1791127865.9743,4960,1216,55843,306000000,1113600
1791127866.0244,4960,1216,55875,306000000,1728000
1791127866.0745,4960,1224,55718,306000000,1728000
1791127866.1245,4960,1224,55718,306000000,1728000
1791127866.1746,4960,1224,55750,306000000,1728000
1791127866.2247,4960,1232,55781,306000000,1728000
1791127866.2748,4960,1216,55718,306000000,1728000
1791127866.3249,4960,1224,55812,306000000,1728000
1791127866.3750,4960,1208,55906,306000000,1728000
1791127866.4250,4960,1216,55750,306000000,1728000
1791127866.4751,4960,1208,55843,306000000,1728000
1791127866.5252,4960,1216,55656,306000000,1728000
1791127866.5753,4960,1216,55812,306000000,1267200
1791127866.6254,4960,1224,55656,306000000,1728000
1791127866.6755,4960,1224,55812,306000000,1728000
1791127866.7256,4960,1216,55718,306000000,1728000
1791127866.7756,4960,1216,55750,306000000,1728000
1791127866.8257,4960,1216,55687,306000000,1728000
1791127866.8758,4960,1216,55781,306000000,1728000
1791127866.9259,4960,1216,55875,306000000,1728000
1791127866.9760,4960,1216,55781,306000000,1728000
1791127867.0261,4960,1216,55812,306000000,1728000
1791127867.0762,4960,1208,55750,306000000,1728000
1791127867.1262,4960,1208,55718,306000000,1728000
1791127867.1763,4960,1224,55718,306000000,1728000
1791127867.2264,4960,1216,55781,306000000,1728000
1791127867.2765,4960,1216,55968,306000000,1728000
1791127867.3266,4960,1224,55718,306000000,1728000
1791127867.3767,4960,1216,55875,306000000,1728000
1791127867.4267,4960,1224,55781,306000000,1728000
1791127867.4768,4960,1224,55843,306000000,1728000
1791127867.5269,4960,1216,55656,306000000,1728000
1791127867.5770,4960,1216,55781,306000000,1728000
1791127867.6271,4960,1216,55687,306000000,1728000
1791127867.6772,4960,1224,55812,306000000,1728000
1791127867.7273,4960,1232,55687,306000000,1728000
1791127867.7774,4960,1232,55718,306000000,1728000
1791127867.8274,4960,1224,55843,306000000,1728000
1791127867.8775,4960,1224,55781,306000000,1728000
1791127867.9276,4960,1216,55750,306000000,1728000
1791127867.9777,4960,1216,55656,306000000,1728000
1791127868.0278,4960,1208,55843,306000000,1728000
1791127868.0779,4960,1216,55718,306000000,1728000
1791127868.1279,4960,1208,55781,306000000,1728000
1791127868.1780,4960,1200,55687,306000000,1728000
1791127868.2281,4960,1208,55718,306000000,1728000
1791127868.2782,4960,1216,55875,306000000,729600
1791127868.3283,4960,1208,55750,306000000,1728000
1791127868.3784,4960,1208,55843,306000000,1728000
1791127868.4284,4960,1216,55718,306000000,1728000
1791127868.4785,4960,1208,55781,306000000,1728000
1791127868.5286,4960,1216,55656,306000000,1728000
1791127868.5787,4960,1208,55750,306000000,1728000
1791127868.6287,4960,1216,55750,306000000,1728000
1791127868.6788,4960,1216,55687,306000000,1728000
1791127868.7289,4960,1208,55875,306000000,1728000
1791127868.7790,4960,1216,55718,306000000,1190400
1791127868.8291,4960,1224,55843,306000000,1728000
1791127868.8791,4960,1224,55687,306000000,1728000
1791127868.9292,4960,1216,55781,306000000,1728000
1791127868.9793,4960,1224,55656,306000000,1728000
1791127869.0294,4960,1216,55781,306000000,1728000
1791127869.0795,4960,1208,55718,306000000,1728000
1791127869.1295,4960,1208,55750,306000000,1728000
1791127869.1796,4960,1200,55812,306000000,1728000
1791127869.2297,4960,1208,55750,306000000,1728000
1791127869.2798,4960,1200,55875,306000000,1728000
1791127869.3298,4960,1208,55656,306000000,1728000
1791127869.3799,4960,1208,55843,306000000,1728000
1791127869.4300,4960,1224,55718,306000000,1728000
1791127869.4801,4960,1216,55718,306000000,1728000
1791127869.5302,4960,1216,55656,306000000,1728000
1791127869.5802,4960,1208,55718,306000000,1728000
1791127869.6303,4960,1208,55906,306000000,1728000
1791127869.6804,4960,1208,55718,306000000,1728000
1791127869.7305,4960,1208,55812,306000000,1728000
1791127869.7806,4960,1208,55593,306000000,1728000
1791127869.8306,4960,1208,55843,306000000,1728000
1791127869.8807,4960,1200,55656,306000000,1728000
1791127869.9308,4960,1216,55750,306000000,1420800
1791127869.9809,4960,1216,55593,306000000,1728000
1791127870.0310,4960,1224,55718,306000000,1728000
1791127870.0811,4960,1216,55812,306000000,1728000
1791127870.1312,4960,1216,55687,306000000,1728000
1791127870.1813,4960,1208,55875,306000000,1728000
1791127870.2314,4960,1216,55718,306000000,1728000
1791127870.2815,4960,1216,55906,306000000,1728000
1791127870.3316,4960,1216,55750,306000000,1728000
1791127870.3817,4960,1216,55781,306000000,1728000
1791127870.4317,4960,1216,55656,306000000,1728000
1791127870.4818,4960,1216,55750,306000000,1728000
1791127870.5319,4960,1232,55812,306000000,1728000
1791127870.5820,4960,1224,55750,306000000,1728000
1791127870.6321,4960,1224,55812,306000000,1728000
1791127870.6822,4960,1224,55687,306000000,1728000
1791127870.7322,4960,1216,55843,306000000,1728000
1791127870.7823,4960,1224,55781,306000000,1728000
1791127870.8324,4960,1216,55812,306000000,1728000
1791127870.8825,4960,1224,55687,306000000,1728000
1791127870.9326,4960,1216,55718,306000000,1728000
1791127870.9827,4960,1216,55687,306000000,1728000
1791127871.0327,4960,1216,55687,306000000,1728000
1791127871.0828,4960,1232,55843,306000000,729600
1791127871.1329,4960,1216,55656,306000000,1728000
1791127871.1830,4960,1224,55781,306000000,1728000
1791127871.2331,4960,1224,55687,306000000,1728000
1791127871.2832,4960,1224,55750,306000000,1728000
1791127871.3333,4960,1224,55687,306000000,1728000
1791127871.3833,4960,1216,55781,306000000,1728000
1791127871.4334,4960,1224,55937,306000000,1728000
1791127871.4835,4960,1216,55656,306000000,1728000
1791127871.5336,4960,1216,55843,306000000,1728000
1791127871.5837,4960,1224,55625,306000000,1728000
1791127871.6338,4960,1232,55843,306000000,1728000
1791127871.6838,4960,1232,55625,306000000,1728000
1791127871.7339,4960,1224,55781,306000000,1728000
1791127871.7840,4960,1224,55562,306000000,1728000
1791127871.8341,4960,1216,55718,306000000,1728000
1791127871.8841,4960,1216,55625,306000000,1728000
1791127871.9342,4960,1216,55625,306000000,1728000
1791127871.9843,4960,1224,55781,306000000,1728000
1791127872.0344,4960,1224,55687,306000000,1728000
1791127872.0844,4960,1216,55812,306000000,1728000
1791127872.1345,4960,1224,55625,306000000,1728000
1791127872.1846,4960,1224,55718,306000000,1728000
1791127872.2347,4960,1240,55656,306000000,1728000
1791127872.2848,4960,1224,55718,306000000,1728000
1791127872.3349,4960,1232,55625,306000000,1728000
1791127872.3849,4960,1224,55718,306000000,1728000
1791127872.4351,4960,1224,55843,306000000,1728000
1791127872.4851,4960,1216,55656,306000000,1728000
1791127872.5352,4960,1224,55906,306000000,1728000
1791127872.5853,4960,1208,55656,306000000,1728000
1791127872.6354,4960,1216,55718,306000000,1728000
1791127872.6855,4960,1224,55593,306000000,1728000
1791127872.7355,4960,1224,55812,306000000,1728000
1791127872.7856,4960,1232,55625,306000000,1728000
1791127872.8357,4960,1224,55625,306000000,1728000
1791127872.8858,4960,1232,55781,306000000,1728000
1791127872.9359,4960,1216,55750,306000000,1728000
1791127872.9860,4960,1224,55750,306000000,1728000
1791127873.0361,4960,1224,55656,306000000,1728000
1791127873.0861,4960,1224,55750,306000000,1728000
1791127873.1362,4960,1216,55687,306000000,1728000
1791127873.1863,4960,1216,55781,306000000,1728000
1791127873.2364,4960,1224,55656,306000000,1728000
1791127873.2865,4960,1216,55750,306000000,1728000
1791127873.3366,4960,1232,55718,306000000,1728000
1791127873.3866,4960,1224,55625,306000000,1728000
1791127873.4367,4960,1232,55843,306000000,1728000
1791127873.4868,4960,1224,55718,306000000,1728000
1791127873.5369,4960,1224,55625,306000000,1728000
1791127873.5870,4960,1216,55718,306000000,1728000
1791127873.6370,4960,1216,55718,306000000,1728000
1791127873.6871,4960,1224,55593,306000000,1728000
1791127873.7372,4960,1216,55687,306000000,1728000
1791127873.7873,4960,1224,55812,306000000,1728000
1791127873.8374,4960,1224,55625,306000000,1728000
1791127873.8875,4960,1232,55875,306000000,1728000
1791127873.9376,4960,1240,55781,306000000,1728000
1791127873.9876,4960,1232,55781,306000000,1728000
1791127874.0377,4960,1232,55656,306000000,1728000
1791127874.0878,4960,1224,55781,306000000,1728000
1791127874.1379,4960,1224,55625,306000000,1728000
1791127874.1880,4960,1216,55718,306000000,1728000
1791127874.2381,4960,1224,55843,306000000,1728000
1791127874.2881,4960,1208,55718,306000000,1728000
1791127874.3382,4960,1208,55843,306000000,1728000
1791127874.3883,4960,1216,55687,306000000,1728000
1791127874.4384,4960,1232,55750,306000000,1728000
1791127874.4885,4960,1224,55687,306000000,1728000
1791127874.5385,4960,1224,55750,306000000,1728000
1791127874.5886,4960,1216,55656,306000000,1728000
1791127874.6387,4960,1224,55687,306000000,1728000
1791127874.6888,4960,1216,55812,306000000,1728000
1791127874.7388,4960,1224,55687,306000000,1728000
1791127874.7889,4960,1208,55843,306000000,1728000
1791127874.8390,4960,1216,55656,306000000,1728000
1791127874.8891,4960,1208,55781,306000000,1728000
1791127874.9392,4960,1208,55656,306000000,1728000
1791127874.9893,4960,1216,55687,306000000,1267200
1791127875.0393,4960,1224,55593,306000000,1728000
1791127875.0894,4960,1216,55718,306000000,1728000
1791127875.1395,4960,1208,55812,306000000,1728000
1791127875.1896,4960,1216,55687,306000000,1728000
1791127875.2397,4960,1208,55781,306000000,1728000
1791127875.2897,4960,1208,55687,306000000,1728000
1791127875.3398,4960,1216,55843,306000000,1728000
1791127875.3899,4960,1208,55593,306000000,1728000
1791127875.4400,4960,1200,55656,306000000,1728000
1791127875.4900,4960,1208,55656,306000000,1728000
1791127875.5401,4960,1208,55718,306000000,1267200
1791127875.5902,4960,1216,55562,306000000,1728000
1791127875.6403,4960,1208,55656,306000000,1728000
1791127875.6904,4960,1208,55781,306000000,1728000
1791127875.7404,4960,1208,55593,306000000,1728000
1791127875.7905,4960,1216,55687,306000000,1728000
1791127875.8406,4960,1216,55687,306000000,1728000
1791127875.8907,4960,1208,55687,306000000,1728000
1791127875.9407,4960,1216,55625,306000000,1728000
1791127875.9908,4960,1208,55750,306000000,1728000
1791127876.0409,4960,1208,55687,306000000,1728000
1791127876.0910,4960,1216,55656,306000000,1344000
1791127876.1411,4960,1232,55781,306000000,1728000
1791127876.1912,4960,1216,55718,306000000,1728000
1791127876.2413,4960,1224,55687,306000000,1728000
1791127876.2913,4960,1208,55656,306000000,1728000
1791127876.3414,4960,1216,55687,306000000,1728000
1791127876.3915,4960,1216,55625,306000000,1728000
1791127876.4416,4960,1216,55656,306000000,1728000
1791127876.4916,4960,1216,55656,306000000,1728000
1791127876.5417,4960,1208,55656,306000000,1728000
1791127876.5918,4960,1208,55812,306000000,1728000
1791127876.6419,4960,1216,55687,306000000,1728000
1791127876.6920,4960,1232,55812,306000000,1728000
1791127876.7421,4960,1224,55718,306000000,1728000
1791127876.7921,4960,1224,55781,306000000,1728000
1791127876.8422,4960,1216,55656,306000000,1728000
1791127876.8923,4960,1224,55781,306000000,1728000
1791127876.9424,4960,1216,55593,306000000,1728000
1791127876.9924,4960,1216,55718,306000000,1728000
1791127877.0425,4960,1208,55875,306000000,1728000
1791127877.0926,4960,1216,55656,306000000,1728000
1791127877.1427,4960,1208,55843,306000000,1728000
1791127877.1928,4960,1216,55656,306000000,1728000
1791127877.2428,4960,1224,55687,306000000,1420800
1791127877.2929,4960,1224,55593,306000000,1728000
1791127877.3430,4960,1216,55750,306000000,1728000
1791127877.3931,4960,1224,55625,306000000,1728000
1791127877.4432,4960,1216,55531,306000000,1728000
1791127877.4933,4960,1216,55843,306000000,1728000
1791127877.5433,4960,1216,55750,306000000,1728000
1791127877.5934,4960,1216,55843,306000000,1728000
1791127877.6435,4960,1208,55687,306000000,1728000
1791127877.6936,4960,1216,55781,306000000,1728000
1791127877.7436,4960,1208,55625,306000000,1728000
1791127877.7937,4960,1224,55687,306000000,1728000
1791127877.8438,4960,1224,55656,306000000,1728000
1791127877.8939,4960,1224,55687,306000000,1728000
1791127877.9440,4960,1232,55750,306000000,1728000
1791127877.9941,4960,1216,55656,306000000,1728000
1791127878.0442,4960,1224,55781,306000000,1728000
1791127878.0943,4960,1216,55687,306000000,1728000
1791127878.1444,4960,1224,55781,306000000,1728000
1791127878.1944,4960,1216,55562,306000000,1728000
1791127878.2445,4960,1216,55625,306000000,1728000
1791127878.2946,4960,1208,55656,306000000,1728000
1791127878.3447,4960,1216,55656,306000000,1728000
1791127878.3948,4960,1224,55812,306000000,1728000
1791127878.4449,4960,1224,55625,306000000,1728000
1791127878.4950,4960,1216,55718,306000000,1728000
1791127878.5451,4960,1216,55687,306000000,1728000
1791127878.5951,4960,1216,55687,306000000,1728000
1791127878.6452,4960,1200,55625,306000000,1728000
1791127878.6953,4960,1208,55718,306000000,1728000
1791127878.7454,4960,1200,55625,306000000,1728000
1791127878.7955,4960,1208,55687,306000000,1728000
1791127878.8456,4960,1208,55562,306000000,1728000
1791127878.8956,4960,1208,55656,306000000,1728000
1791127878.9457,4960,1216,55781,306000000,1728000
1791127878.9958,4960,1216,55625,306000000,1728000
1791127879.0459,4960,1208,55750,306000000,1728000
1791127879.0960,4960,1216,55656,306000000,1728000
1791127879.1461,4960,1224,55718,306000000,1728000
1791127879.1962,4960,1216,55625,306000000,1728000
1791127879.2463,4960,1216,55781,306000000,1728000
1791127879.2963,4960,1216,55625,306000000,1728000
1791127879.3464,4960,1216,55625,306000000,1728000
1791127879.3965,4960,1224,55750,306000000,1728000
1791127879.4466,4960,1216,55687,306000000,1190400
1791127879.4967,4960,1232,55843,306000000,729600
1791127879.5468,4960,1232,55656,306000000,1728000
1791127879.5969,4960,1224,55781,306000000,1728000
1791127879.6469,4960,1224,55625,306000000,1728000
1791127879.6970,4960,1216,55750,306000000,1728000
1791127879.7471,4960,1224,55593,306000000,1728000
1791127879.7972,4960,1216,55656,306000000,1728000
1791127879.8473,4960,1224,55843,306000000,1728000
1791127879.8974,4960,1224,55656,306000000,1728000
1791127879.9474,4960,1216,55750,306000000,1728000
1791127879.9975,4960,1216,55656,306000000,1728000
1791127880.0476,4960,1224,55687,306000000,1728000
1791127880.0977,4960,1232,55625,306000000,1728000
1791127880.1478,4960,1224,55625,306000000,1728000
1791127880.1979,4960,1232,55656,306000000,1728000
1791127880.2479,4960,1224,55593,306000000,1728000
1791127880.2980,4960,1224,55781,306000000,1728000
1791127880.3481,4960,1216,55656,306000000,1728000
1791127880.3982,4960,1224,55781,306000000,1728000
1791127880.4483,4960,1224,55593,306000000,1728000
1791127880.4984,4960,1216,55718,306000000,1728000
1791127880.5484,4960,1224,55562,306000000,1728000
1791127880.5985,4960,1224,55687,306000000,1190400
1791127880.6486,4960,1232,55531,306000000,1728000
1791127880.6987,4960,1224,55625,306000000,1728000
1791127880.7488,4960,1224,55750,306000000,1728000
1791127880.7989,4960,1216,55625,306000000,1728000
1791127880.8489,4960,1208,55687,306000000,1728000
1791127880.8990,4960,1192,55656,306000000,1728000
1791127880.9491,4960,1192,55750,306000000,1728000
1791127880.9992,4960,1200,55531,306000000,1728000
1791127881.0492,4960,1200,55781,306000000,1728000
1791127881.0993,4960,1200,55593,306000000,1728000
1791127881.1494,4960,1208,55593,306000000,1728000
1791127881.1995,4960,1216,55625,306000000,1728000
1791127881.2496,4960,1216,55531,306000000,1728000
1791127881.2997,4960,1208,55812,306000000,1728000
1791127881.3498,4960,1208,55625,306000000,1728000
1791127881.3998,4960,1208,55718,306000000,1728000
1791127881.4499,4960,1208,55656,306000000,1728000
1791127881.5000,4960,1208,55781,306000000,1728000
1791127881.5501,4960,1208,55562,306000000,1728000
1791127881.6002,4960,1208,55625,306000000,1728000
1791127881.6503,4960,1208,55531,306000000,1728000
1791127881.7004,4960,1208,55593,306000000,1728000
1791127881.7505,4960,1216,55750,306000000,1728000
1791127881.8005,4960,1216,55593,306000000,1728000
1791127881.8506,4960,1216,55687,306000000,1728000
1791127881.9007,4960,1216,55593,306000000,1728000
1791127881.9508,4960,1208,55750,306000000,1728000
1791127882.0008,4960,1208,55656,306000000,1728000
1791127882.0509,4960,1208,55718,306000000,1728000
1791127882.1010,4960,1208,55593,306000000,1728000
1791127882.1511,4960,1208,55593,306000000,1728000
1791127882.2011,4960,1200,55843,306000000,1728000
1791127882.2512,4960,1208,55562,306000000,1728000
1791127882.3013,4960,1216,55718,306000000,1728000
1791127882.3514,4960,1216,55625,306000000,1728000
1791127882.4015,4960,1216,55687,306000000,1728000
1791127882.4516,4960,1216,55625,306000000,1728000
1791127882.5017,4960,1208,55625,306000000,1728000
1791127882.5517,4960,1208,55562,306000000,1728000
1791127882.6018,4960,1208,55625,306000000,1728000
1791127882.6519,4960,1208,55781,306000000,1728000
1791127882.7020,4960,1208,55593,306000000,1728000
1791127882.7520,4960,1200,55687,306000000,1728000
1791127882.8021,4960,1208,55656,306000000,1728000
1791127882.8522,4960,1216,55656,306000000,1728000
1791127882.9023,4960,1216,55625,306000000,1728000
1791127882.9524,4960,1216,55656,306000000,1728000
1791127883.0025,4960,1216,55625,306000000,1728000
1791127883.0526,4960,1208,55593,306000000,1728000
1791127883.1026,4960,1208,55781,306000000,1728000
1791127883.1527,4960,1208,55625,306000000,1728000
1791127883.2028,4960,1224,55718,306000000,1728000
1791127883.2529,4960,1224,55625,306000000,1728000
1791127883.3030,4960,1224,55656,306000000,1728000
1791127883.3531,4960,1232,55593,306000000,1728000
1791127883.4032,4960,1256,55687,306000000,1728000
1791127883.4533,4960,1264,55625,306000000,1728000
1791127883.5033,4960,1256,55656,306000000,1728000
1791127883.5534,4960,1256,55562,306000000,1728000
1791127883.6035,4960,1248,55593,306000000,1728000
1791127883.6536,4960,1240,55750,306000000,1728000
1791127883.7037,4960,1232,55625,306000000,1728000
1791127883.7537,4960,1224,55718,306000000,1728000
1791127883.8038,4960,1224,55562,306000000,1728000
1791127883.8539,4960,1216,55656,306000000,1728000
1791127883.9040,4960,1208,55562,306000000,1728000
1791127883.9540,4960,1216,55625,306000000,1728000
1791127884.0041,4960,1216,55562,306000000,1728000
1791127884.0542,4960,1216,55687,306000000,1728000
1791127884.1043,4960,1216,55718,306000000,1728000
1791127884.1544,4960,1208,55562,306000000,1728000
1791127884.2045,4960,1208,55656,306000000,1728000
1791127884.2546,4960,1192,55656,306000000,883200
1791127884.3047,4960,1176,55718,306000000,1728000
