1791121110.9323,4976,1000,54906,306000000,1728000
1791121110.9824,4968,1056,55250,306000000,1728000
1791121111.0325,4968,1120,55468,306000000,1728000
1791121111.0826,4968,1128,55156,306000000,1728000
1791121111.1327,4968,1136,54843,306000000,1728000
1791121111.1827,4968,1136,55156,306000000,1728000
1791121111.2328,4968,1152,54781,306000000,1728000
1791121111.2829,4968,1160,54968,306000000,1728000
1791121111.3330,4968,1160,54843,306000000,1728000
1791121111.3831,4968,1168,54843,306000000,1728000
1791121111.4332,4968,1176,55000,306000000,1728000
1791121111.4833,4968,1176,54812,306000000,1728000
1791121111.5334,4968,1184,55062,306000000,1728000
1791121111.5835,4968,1200,54906,306000000,1728000
1791121111.6336,4968,1200,54968,306000000,1728000
1791121111.6837,4968,1208,54875,306000000,1728000
1791121111.7338,4968,1208,55031,306000000,1728000
1791121111.7838,4968,1208,54843,306000000,1728000
1791121111.8339,4968,1208,54937,306000000,1728000
1791121111.8840,4968,1208,54781,1020000000,1728000
1791121111.9341,4968,1208,54906,306000000,1728000
1791121111.9842,4968,1208,55031,306000000,1728000
1791121112.0343,4968,1208,54875,306000000,1728000
1791121112.0844,4968,1216,54968,306000000,1728000
1791121112.1345,4960,1240,54906,306000000,1728000
1791121112.1845,4960,1264,54906,306000000,1728000
1791121112.2346,4960,1296,54843,306000000,1728000
1791121112.2847,4960,1320,54937,306000000,1728000
1791121112.3348,4960,1344,54875,306000000,1728000
1791121112.3849,4960,1360,54875,306000000,1728000
1791121112.4350,4960,1384,55062,306000000,1728000
1791121112.4850,4960,1408,54875,306000000,1728000
1791121112.5352,4960,1440,55062,306000000,1728000
1791121112.5852,4952,1464,54937,306000000,1728000
1791121112.6353,4952,1464,55062,306000000,1728000
1791121112.6854,4952,1488,55000,306000000,1728000
1791121112.7355,4952,1496,55000,306000000,1728000
1791121112.7856,4952,1496,54875,306000000,1728000
1791121112.8357,4952,1504,55031,306000000,1728000
1791121112.8858,4952,1504,55062,306000000,1728000
1791121112.9359,4952,1512,54937,306000000,1728000
1791121112.9860,4952,1512,55031,306000000,1728000
1791121113.0361,4952,1512,54968,306000000,1728000
1791121113.0861,4952,1520,55062,306000000,1728000
1791121113.1362,4952,1520,54968,306000000,1728000
1791121113.1863,4952,1528,55000,306000000,1728000
1791121113.2364,4952,1536,54937,306000000,1728000
1791121113.2865,4952,1536,54968,306000000,1728000
1791121113.3366,4952,1536,54937,306000000,1728000
1791121113.3866,4952,1528,54968,306000000,1728000
1791121113.4367,4952,1536,55062,306000000,1728000
1791121113.4868,4952,1528,55000,306000000,1728000
1791121113.5369,4952,1520,55031,306000000,1728000
1791121113.5870,4952,1520,54937,306000000,1728000
1791121113.6371,4952,1520,55031,306000000,1728000
1791121113.6871,4952,1520,54937,306000000,1728000
1791121113.7372,4952,1512,55093,306000000,1728000
1791121113.7873,4952,1528,55031,306000000,1728000
1791121113.8374,4952,1528,55125,306000000,1728000
1791121113.8875,4952,1528,55093,306000000,1728000
1791121113.9376,4952,1520,55062,306000000,1728000
1791121113.9877,4952,1520,55093,306000000,1728000
1791121114.0377,4952,1512,55000,306000000,1728000
1791121114.0878,4952,1512,55062,306000000,1728000
1791121114.1379,4952,1504,54968,306000000,1728000
1791121114.1880,4952,1504,55000,306000000,1728000
1791121114.2380,4952,1512,55093,306000000,1728000
1791121114.2881,4952,1512,54937,306000000,1728000
1791121114.3382,4952,1520,55125,306000000,1728000
1791121114.3883,4952,1528,55093,306000000,1728000
1791121114.4384,4952,1520,55093,306000000,1728000
1791121114.4885,4952,1520,55000,306000000,1728000
1791121114.5386,4952,1512,55093,306000000,1728000
1791121114.5886,4952,1512,54937,306000000,1728000
1791121114.6387,4952,1512,55031,306000000,1728000
1791121114.6888,4952,1512,55031,306000000,1728000
1791121114.7389,4952,1512,55031,306000000,1728000
1791121114.7890,4952,1512,55156,306000000,1728000
1791121114.8391,4952,1512,55031,306000000,1728000
1791121114.8892,4952,1512,55125,306000000,1728000
1791121114.9393,4952,1520,55062,306000000,1728000
1791121114.9894,4952,1520,55093,306000000,1728000
1791121115.0394,4952,1520,55031,306000000,1728000
1791121115.0895,4952,1512,55062,306000000,1728000
1791121115.1396,4952,1512,55062,306000000,1728000
1791121115.1897,4952,1512,55093,306000000,1728000
1791121115.2397,4952,1504,55187,306000000,1728000
1791121115.2898,4952,1512,55093,306000000,1728000
1791121115.3399,4952,1512,55187,306000000,1728000
1791121115.3900,4952,1504,55000,306000000,1728000
1791121115.4401,4952,1512,55187,306000000,1728000
1791121115.4902,4952,1520,55093,306000000,1728000
1791121115.5403,4952,1512,55125,306000000,1728000
1791121115.5904,4952,1512,55062,306000000,1728000
1791121115.6405,4952,1512,55125,306000000,1728000
1791121115.6905,4952,1512,55031,306000000,1728000
1791121115.7406,4952,1504,55093,306000000,1728000
1791121115.7907,4952,1512,55218,306000000,1728000
1791121115.8408,4952,1504,55156,306000000,1728000
1791121115.8909,4952,1504,55156,306000000,1728000
1791121115.9410,4952,1488,55187,306000000,1728000
1791121115.9911,4952,1464,55125,306000000,1728000
1791121116.0412,4952,1448,55062,306000000,1728000
1791121116.0913,4952,1456,55093,306000000,1728000
1791121116.1414,4952,1464,55031,306000000,1728000
1791121116.1914,4952,1480,55062,306000000,1728000
1791121116.2415,4952,1480,55125,306000000,1728000
1791121116.2916,4952,1488,55062,306000000,1728000
1791121116.3417,4952,1496,55125,306000000,1728000
1791121116.3918,4952,1496,55093,306000000,1728000
1791121116.4419,4952,1504,55125,306000000,1728000
1791121116.4919,4952,1504,55187,306000000,1728000
1791121116.5420,4952,1504,55093,306000000,1728000
1791121116.5921,4952,1528,55312,306000000,1728000
1791121116.6422,4952,1528,55062,306000000,1728000
1791121116.6923,4952,1528,55218,306000000,1728000
1791121116.7424,4952,1528,55093,306000000,1728000
1791121116.7925,4952,1528,55187,306000000,1728000
1791121116.8426,4952,1536,55093,306000000,1728000
1791121116.8926,4952,1528,55218,306000000,1728000
1791121116.9427,4952,1528,55093,306000000,1728000
1791121116.9928,4952,1520,55093,306000000,1728000
1791121117.0429,4952,1528,55093,306000000,1728000
1791121117.0930,4952,1528,55093,306000000,1728000
1791121117.1432,4952,1536,55312,306000000,1728000
1791121117.1932,4952,1536,55156,306000000,1728000
1791121117.2433,4952,1536,55187,306000000,1728000
1791121117.2934,4952,1536,55156,306000000,1728000
1791121117.3435,4952,1528,55312,306000000,1728000
1791121117.3936,4952,1528,55062,306000000,1728000
1791121117.4437,4952,1528,55156,306000000,1728000
1791121117.4938,4952,1536,55218,306000000,1728000
1791121117.5439,4952,1528,55125,306000000,1728000
1791121117.5939,4952,1536,55312,306000000,1728000
1791121117.6440,4952,1528,55250,306000000,1728000
1791121117.6941,4952,1544,55250,306000000,1728000
1791121117.7442,4952,1536,55156,306000000,1728000
1791121117.7943,4952,1536,55218,306000000,1728000
1791121117.8444,4952,1536,55125,306000000,1728000
1791121117.8944,4952,1536,55125,306000000,1728000
1791121117.9445,4952,1528,55093,306000000,1728000
1791121117.9946,4952,1528,55093,306000000,1728000
1791121118.0447,4952,1520,55062,306000000,1728000
1791121118.0948,4952,1520,55156,306000000,1728000
1791121118.1448,4952,1520,55250,306000000,1728000
1791121118.1949,4952,1528,55125,306000000,1728000
1791121118.2450,4952,1536,55187,306000000,1728000
1791121118.2951,4952,1536,55125,306000000,1728000
1791121118.3452,4952,1528,55187,306000000,1728000
1791121118.3953,4952,1528,55093,306000000,1728000
1791121118.4453,4952,1528,55187,306000000,1728000
1791121118.4954,4952,1520,55125,306000000,1728000
1791121118.5455,4952,1520,55218,306000000,1728000
1791121118.5956,4952,1520,55281,306000000,1728000
1791121118.6457,4952,1520,55156,306000000,1728000
1791121118.6958,4952,1520,55281,306000000,1728000
1791121118.7458,4952,1520,55250,306000000,1728000
1791121118.7959,4952,1520,55187,306000000,1728000
1791121118.8460,4952,1528,55218,306000000,1728000
1791121118.8961,4952,1528,55343,306000000,1728000
1791121118.9462,4952,1528,55125,306000000,1728000
1791121118.9963,4952,1528,55156,306000000,1728000
1791121119.0464,4952,1520,55312,306000000,1728000
1791121119.0964,4952,1528,55125,306000000,1728000
1791121119.1465,4952,1528,55250,306000000,1728000
1791121119.1966,4952,1520,55375,306000000,1728000
1791121119.2467,4952,1520,55250,306000000,1728000
1791121119.2968,4952,1520,55187,306000000,1728000
1791121119.3469,4952,1520,55218,306000000,1728000
1791121119.3970,4952,1528,55218,306000000,1728000
1791121119.4471,4952,1528,55250,306000000,1728000
1791121119.4972,4952,1528,55312,306000000,1728000
1791121119.5472,4952,1528,55156,306000000,1728000
1791121119.5973,4952,1528,55218,306000000,1728000
1791121119.6474,4952,1520,55125,306000000,1728000
1791121119.6975,4952,1520,55250,306000000,1728000
1791121119.7476,4952,1520,55218,306000000,1728000
1791121119.7977,4952,1520,55281,306000000,1728000
1791121119.8477,4952,1520,55156,306000000,1728000
1791121119.8978,4952,1520,55218,306000000,1728000
1791121119.9479,4952,1536,55437,306000000,1728000
1791121119.9980,4952,1536,55218,306000000,1728000
1791121120.0481,4952,1528,55312,306000000,1728000
1791121120.0982,4952,1528,55218,306000000,1728000
1791121120.1482,4952,1520,55312,306000000,1728000
1791121120.1983,4952,1520,55093,306000000,1728000
1791121120.2484,4952,1512,55218,306000000,1728000
1791121120.2985,4952,1520,55312,306000000,1728000
1791121120.3486,4952,1520,55187,306000000,1728000
1791121120.3987,4952,1512,55187,306000000,1728000
1791121120.4487,4952,1512,55250,306000000,1728000
1791121120.4988,4952,1520,55343,306000000,1728000
1791121120.5489,4952,1528,55281,306000000,1728000
1791121120.5990,4952,1520,55343,306000000,1728000
1791121120.6491,4952,1520,55250,306000000,1728000
1791121120.6992,4952,1520,55281,306000000,1728000
1791121120.7493,4952,1520,55406,306000000,1728000
1791121120.7993,4952,1520,55250,306000000,1728000
1791121120.8494,4952,1520,55187,306000000,1728000
1791121120.8995,4952,1520,55281,306000000,1728000
1791121120.9496,4952,1512,55312,306000000,1728000
1791121120.9997,4952,1512,55250,306000000,1728000
1791121121.0498,4952,1520,55343,306000000,1728000
1791121121.0999,4952,1528,55343,306000000,1728000
1791121121.1499,4952,1528,55281,306000000,1728000
1791121121.2000,4952,1528,55250,306000000,1728000
1791121121.2501,4952,1536,55281,306000000,1728000
1791121121.3002,4952,1528,55187,306000000,1728000
1791121121.3503,4952,1528,55312,306000000,1728000
1791121121.4004,4952,1528,55312,306000000,1728000
1791121121.4505,4952,1528,55218,306000000,1728000
1791121121.5005,4952,1528,55375,306000000,1728000
1791121121.5506,4952,1536,55281,306000000,1728000
1791121121.6007,4952,1536,55343,306000000,1728000
1791121121.6508,4952,1544,55187,306000000,1728000
1791121121.7009,4952,1536,55281,306000000,1728000
1791121121.7510,4952,1544,55218,306000000,1728000
1791121121.8011,4952,1536,55218,306000000,1728000
1791121121.8512,4952,1536,55312,306000000,1728000
1791121121.9013,4952,1536,55218,306000000,1728000
1791121121.9513,4952,1528,55312,306000000,1728000
1791121122.0014,4952,1528,55375,306000000,1728000
1791121122.0515,4952,1528,55218,306000000,1728000
1791121122.1016,4952,1528,55375,306000000,1728000
1791121122.1517,4952,1536,55375,306000000,1728000
1791121122.2018,4952,1536,55312,306000000,1728000
1791121122.2519,4952,1536,55281,306000000,1728000
1791121122.3019,4952,1536,55437,306000000,1728000
1791121122.3520,4952,1536,55250,306000000,1728000
1791121122.4021,4952,1536,55281,306000000,1728000
1791121122.4522,4952,1536,55406,306000000,1728000
1791121122.5023,4952,1520,55312,306000000,1728000
1791121122.5523,4952,1488,55125,306000000,1728000
1791121122.6024,4952,1456,55218,306000000,1728000
1791121122.6525,4960,1448,55250,306000000,1728000
1791121122.7026,4952,1464,55250,306000000,1728000
1791121122.7527,4952,1480,55343,306000000,1728000
1791121122.8028,4952,1488,55218,306000000,1728000
1791121122.8529,4952,1488,55406,306000000,1728000
1791121122.9030,4952,1496,55250,306000000,1728000
1791121122.9530,4952,1496,55343,306000000,1728000
1791121123.0031,4952,1504,55281,306000000,1728000
1791121123.0532,4952,1504,55343,306000000,1728000
1791121123.1033,4952,1504,55187,306000000,1728000
1791121123.1534,4952,1504,55312,306000000,1728000
1791121123.2034,4952,1496,55281,306000000,1728000
1791121123.2535,4952,1496,55343,306000000,1728000
1791121123.3036,4952,1512,55437,306000000,1728000
1791121123.3537,4952,1512,55343,306000000,1728000
1791121123.4038,4952,1512,55375,306000000,1728000
1791121123.4539,4952,1512,55218,306000000,1728000
1791121123.5039,4952,1520,55312,306000000,1728000
1791121123.5540,4952,1520,55406,306000000,1728000
1791121123.6041,4952,1520,55250,306000000,1728000
1791121123.6542,4952,1512,55375,306000000,1728000
1791121123.7043,4952,1520,55468,306000000,1728000
1791121123.7544,4952,1520,55406,306000000,1728000
1791121123.8044,4952,1520,55343,306000000,1728000
1791121123.8545,4952,1536,55406,306000000,1728000
1791121123.9046,4952,1536,55250,306000000,1728000
1791121123.9547,4952,1536,55406,306000000,1728000
1791121124.0048,4952,1528,55281,306000000,1728000
1791121124.0549,4952,1536,55343,306000000,1728000
1791121124.1050,4952,1528,55312,306000000,1728000
1791121124.1550,4952,1528,55281,306000000,1728000
1791121124.2051,4952,1528,55375,306000000,1728000
1791121124.2552,4952,1528,55312,306000000,1728000
1791121124.3053,4952,1536,55343,306000000,1728000
1791121124.3554,4952,1536,55437,306000000,1728000
1791121124.4055,4952,1544,55406,306000000,1728000
1791121124.4555,4952,1544,55312,306000000,1728000
1791121124.5056,4952,1536,55312,306000000,1728000
1791121124.5557,4952,1536,55312,306000000,1728000
1791121124.6058,4952,1536,55343,306000000,1728000
1791121124.6559,4952,1536,55468,306000000,1728000
1791121124.7059,4952,1536,55281,306000000,1728000
1791121124.7560,4952,1536,55437,306000000,1728000
1791121124.8061,4952,1536,55375,306000000,1728000
1791121124.8562,4952,1528,55406,306000000,1728000
1791121124.9063,4952,1528,55375,306000000,1728000
1791121124.9564,4952,1536,55437,306000000,1728000
1791121125.0065,4952,1544,55312,306000000,1728000
1791121125.0565,4952,1544,55312,306000000,1728000
1791121125.1066,4952,1544,55468,306000000,1728000
1791121125.1567,4952,1528,55281,306000000,1728000
1791121125.2068,4952,1536,55343,306000000,1728000
1791121125.2568,4952,1536,55468,306000000,1728000
1791121125.3069,4952,1528,55312,306000000,1728000
1791121125.3570,4952,1528,55406,306000000,1728000
1791121125.4071,4952,1528,55562,306000000,1728000
1791121125.4571,4952,1528,55312,306000000,1728000
1791121125.5072,4952,1528,55406,306000000,1728000
1791121125.5573,4952,1536,55406,306000000,1728000
1791121125.6074,4952,1528,55312,306000000,1728000
1791121125.6575,4952,1528,55468,306000000,1728000
1791121125.7076,4952,1528,55312,306000000,1728000
1791121125.7577,4952,1520,55437,306000000,1728000
1791121125.8077,4952,1528,55250,306000000,1728000
1791121125.8578,4952,1520,55437,306000000,1728000
1791121125.9079,4952,1520,55250,306000000,1728000
1791121125.9580,4952,1520,55375,306000000,1728000
1791121126.0081,4952,1512,55406,306000000,1728000
1791121126.0582,4952,1520,55375,306000000,1728000
1791121126.1083,4952,1528,55437,306000000,1728000
1791121126.1584,4952,1528,55406,306000000,1728000
1791121126.2084,4952,1520,55406,306000000,1728000
1791121126.2585,4952,1528,55437,306000000,1728000
1791121126.3086,4952,1520,55343,306000000,1728000
1791121126.3587,4952,1520,55343,306000000,1728000
1791121126.4088,4952,1520,55375,306000000,1728000
1791121126.4588,4952,1520,55531,306000000,1728000
1791121126.5089,4952,1520,55437,306000000,1728000
1791121126.5590,4952,1520,55531,306000000,1728000
1791121126.6091,4952,1520,55406,306000000,1728000
1791121126.6592,4952,1536,55500,306000000,1728000
1791121126.7093,4952,1536,55437,306000000,1728000
1791121126.7594,4952,1536,55375,306000000,1728000
1791121126.8095,4952,1536,55562,306000000,1728000
1791121126.8595,4952,1528,55406,306000000,1728000
1791121126.9096,4952,1528,55406,306000000,1728000
1791121126.9597,4952,1536,55500,306000000,1728000
1791121127.0098,4952,1528,55531,306000000,1728000
1791121127.0599,4952,1528,55500,306000000,1728000
1791121127.1100,4952,1520,55531,306000000,1728000
1791121127.1601,4952,1528,55437,306000000,1728000
1791121127.2101,4952,1536,55500,306000000,1728000
1791121127.2602,4952,1536,55312,306000000,1728000
1791121127.3103,4952,1528,55406,306000000,1728000
1791121127.3604,4952,1536,55406,306000000,1728000
1791121127.4105,4952,1528,55437,306000000,1728000
1791121127.4606,4952,1528,55500,306000000,1728000
1791121127.5106,4952,1528,55375,306000000,1728000
1791121127.5607,4952,1528,55531,306000000,1728000
1791121127.6108,4952,1528,55406,306000000,1728000
1791121127.6609,4952,1520,55406,306000000,1728000
1791121127.7110,4952,1528,55375,306000000,1728000
1791121127.7610,4952,1536,55406,306000000,1728000
1791121127.8111,4952,1536,55375,306000000,1728000
1791121127.8612,4952,1528,55437,306000000,1728000
1791121127.9113,4952,1536,55500,306000000,1728000
1791121127.9614,4952,1528,55375,306000000,1728000
1791121128.0115,4952,1528,55531,306000000,1728000
1791121128.0615,4952,1528,55375,306000000,1728000
1791121128.1116,4952,1528,55437,306000000,1728000
1791121128.1617,4952,1520,55406,306000000,1728000
1791121128.2118,4952,1528,55468,306000000,1728000
1791121128.2618,4952,1528,55437,306000000,1728000
1791121128.3119,4952,1536,55531,306000000,1728000
1791121128.3620,4952,1536,55531,306000000,1728000
1791121128.4121,4952,1536,55531,306000000,1728000
1791121128.4622,4952,1536,55500,306000000,1728000
1791121128.5123,4952,1536,55562,306000000,1728000
1791121128.5624,4952,1520,55437,306000000,1728000
1791121128.6125,4952,1528,55437,306000000,1728000
1791121128.6626,4952,1520,55593,306000000,1728000
1791121128.7126,4952,1520,55468,306000000,1728000
1791121128.7627,4952,1512,55531,306000000,1728000
1791121128.8128,4952,1520,55531,306000000,1728000
1791121128.8629,4952,1528,55375,306000000,1728000
1791121128.9130,4952,1528,55531,306000000,1728000
1791121128.9631,4952,1512,55437,306000000,1728000
1791121129.0132,4952,1480,55500,306000000,1728000
1791121129.0633,4952,1456,55437,306000000,1728000
1791121129.1133,4960,1440,55437,306000000,1728000
1791121129.1634,4960,1440,55375,306000000,1728000
1791121129.2135,4952,1456,55531,306000000,1728000
1791121129.2636,4952,1456,55562,306000000,1728000
1791121129.3137,4952,1464,55375,306000000,1728000
1791121129.3638,4952,1464,55500,306000000,1728000
1791121129.4138,4952,1480,55437,306000000,1728000
1791121129.4639,4952,1488,55500,306000000,1728000
1791121129.5140,4952,1496,55500,306000000,1728000
1791121129.5641,4952,1496,55531,306000000,1728000
1791121129.6142,4952,1496,55406,306000000,1728000
1791121129.6643,4952,1504,55375,306000000,1728000
1791121129.7144,4952,1496,55531,306000000,1728000
1791121129.7644,4952,1504,55500,306000000,1728000
1791121129.8145,4952,1496,55531,306000000,1728000
1791121129.8646,4952,1504,55593,306000000,1728000
1791121129.9147,4952,1496,55531,306000000,1728000
1791121129.9648,4952,1512,55437,306000000,1728000
1791121130.0149,4952,1520,55531,306000000,1728000
1791121130.0650,4952,1520,55593,306000000,1728000
1791121130.1150,4952,1520,55437,306000000,1728000
1791121130.1651,4952,1512,55468,306000000,1728000
1791121130.2152,4952,1512,55593,306000000,1728000
1791121130.2653,4952,1504,55562,306000000,1728000
1791121130.3154,4952,1504,55531,306000000,1728000
1791121130.3654,4952,1504,55593,306000000,1728000
1791121130.4155,4952,1512,55437,306000000,1728000
1791121130.4656,4952,1512,55531,306000000,1728000
1791121130.5157,4952,1512,55500,306000000,1728000
1791121130.5658,4952,1528,55406,306000000,1728000
1791121130.6159,4952,1520,55406,306000000,1728000
1791121130.6660,4952,1520,55500,306000000,1728000
1791121130.7160,4952,1512,55625,306000000,1728000
1791121130.7661,4952,1512,55437,306000000,1728000
1791121130.8162,4952,1512,55562,306000000,1728000
1791121130.8663,4952,1512,55406,306000000,1728000
1791121130.9163,4952,1512,55468,306000000,1728000
1791121130.9664,4952,1504,55468,306000000,1728000
1791121131.0165,4952,1512,55531,306000000,1728000
1791121131.0666,4952,1512,55437,306000000,1728000
1791121131.1167,4952,1528,55500,306000000,1728000
1791121131.1668,4952,1528,55531,306000000,1728000
1791121131.2169,4952,1528,55500,306000000,1728000
1791121131.2670,4952,1528,55500,306000000,1728000
1791121131.3170,4952,1520,55500,306000000,1728000
1791121131.3671,4952,1528,55562,306000000,1728000
1791121131.4172,4952,1520,55531,306000000,1728000
1791121131.4673,4952,1528,55593,306000000,1728000
1791121131.5173,4952,1520,55531,306000000,1728000
1791121131.5674,4952,1520,55531,306000000,1728000
1791121131.6175,4952,1520,55593,306000000,1728000
1791121131.6676,4952,1544,55593,306000000,1728000
1791121131.7177,4952,1536,55531,306000000,1728000
1791121131.7678,4952,1536,55593,306000000,1728000
1791121131.8179,4952,1536,55531,306000000,1728000
1791121131.8679,4952,1536,55500,306000000,1728000
1791121131.9180,4952,1536,55531,306000000,1728000
1791121131.9681,4952,1536,55562,306000000,1728000
1791121132.0182,4952,1536,55531,306000000,1728000
1791121132.0683,4952,1536,55625,306000000,1728000
1791121132.1183,4952,1536,55500,306000000,1728000
1791121132.1684,4952,1536,55593,306000000,1728000
1791121132.2185,4952,1544,55531,306000000,1728000
1791121132.2686,4952,1552,55468,306000000,1728000
1791121132.3187,4952,1544,55500,306000000,1728000
1791121132.3688,4952,1544,55531,306000000,1728000
1791121132.4189,4952,1544,55562,306000000,1728000
1791121132.4689,4952,1536,55531,306000000,1728000
1791121132.5191,4952,1536,55625,306000000,1728000
1791121132.5691,4952,1528,55531,306000000,1728000
1791121132.6192,4952,1528,55593,306000000,1728000
1791121132.6693,4952,1528,55531,306000000,1728000
1791121132.7194,4952,1528,55625,306000000,1728000
1791121132.7695,4952,1536,55531,306000000,1728000
1791121132.8196,4952,1544,55531,306000000,1728000
1791121132.8696,4952,1536,55500,306000000,1728000
1791121132.9197,4952,1536,55531,306000000,1728000
1791121132.9698,4952,1528,55625,306000000,1728000
1791121133.0199,4952,1528,55531,306000000,1728000
1791121133.0699,4952,1528,55625,306000000,1728000
1791121133.1200,4952,1536,55562,306000000,1728000
1791121133.1701,4952,1528,55625,306000000,1728000
1791121133.2202,4952,1528,55531,306000000,1728000
1791121133.2703,4952,1528,55593,306000000,1728000
1791121133.3204,4952,1536,55656,306000000,1728000
1791121133.3705,4952,1544,55562,306000000,1728000
1791121133.4205,4952,1536,55656,306000000,1728000
1791121133.4706,4952,1536,55562,306000000,1728000
1791121133.5207,4952,1528,55593,306000000,1728000
1791121133.5708,4952,1528,55625,306000000,1728000
1791121133.6209,4952,1512,55593,306000000,1728000
1791121133.6710,4952,1520,55531,306000000,1728000
1791121133.7211,4952,1520,55656,306000000,1728000
1791121133.7711,4952,1520,55531,306000000,1728000
1791121133.8212,4952,1512,55531,306000000,1728000
1791121133.8713,4952,1520,55812,306000000,1728000
1791121133.9214,4952,1528,55500,306000000,1728000
1791121133.9715,4952,1520,55656,306000000,1728000
1791121134.0216,4952,1520,55531,306000000,1728000
1791121134.0717,4952,1520,55625,306000000,1728000
1791121134.1218,4952,1520,55562,306000000,1728000
1791121134.1718,4952,1520,55625,306000000,1728000
1791121134.2219,4952,1520,55531,306000000,1728000
1791121134.2720,4952,1520,55562,306000000,1728000
1791121134.3221,4952,1512,55468,306000000,1728000
1791121134.3722,4952,1512,55593,306000000,1728000
1791121134.4223,4952,1520,55718,306000000,1728000
1791121134.4724,4952,1528,55531,306000000,1728000
1791121134.5224,4952,1528,55531,306000000,1728000
1791121134.5725,4952,1520,55531,306000000,1728000
1791121134.6226,4952,1528,55593,306000000,1728000
1791121134.6727,4952,1520,55593,306000000,1728000
1791121134.7228,4952,1520,55656,306000000,1728000
1791121134.7729,4952,1520,55562,306000000,1728000
1791121134.8230,4952,1512,55593,306000000,1728000
1791121134.8730,4952,1512,55656,306000000,1728000
1791121134.9231,4952,1512,55562,306000000,1728000
1791121134.9732,4952,1520,55625,306000000,1728000
1791121135.0233,4952,1520,55531,306000000,1728000
1791121135.0734,4952,1528,55531,306000000,1728000
1791121135.1235,4952,1520,55625,306000000,1728000
1791121135.1736,4952,1520,55656,306000000,1728000
1791121135.2236,4952,1520,55593,306000000,1728000
1791121135.2737,4952,1520,55656,306000000,1728000
1791121135.3238,4952,1520,55656,306000000,1728000
1791121135.3739,4952,1512,55531,306000000,1728000
1791121135.4240,4952,1520,55718,306000000,1728000
1791121135.4740,4952,1512,55625,306000000,1728000
1791121135.5241,4952,1520,55593,306000000,1728000
1791121135.5742,4952,1536,55531,306000000,1728000
1791121135.6243,4952,1528,55593,306000000,1728000
1791121135.6744,4952,1528,55625,306000000,1728000
1791121135.7245,4952,1528,55593,306000000,1728000
1791121135.7746,4952,1528,55687,306000000,1728000
1791121135.8247,4952,1520,55531,306000000,1728000
1791121135.8747,4952,1520,55687,306000000,1728000
1791121135.9248,4952,1512,55562,306000000,1728000
1791121135.9749,4952,1520,55625,306000000,1728000
1791121136.0250,4952,1512,55562,306000000,1728000
1791121136.0751,4952,1512,55593,306000000,1728000
1791121136.1252,4952,1528,55625,306000000,1728000
1791121136.1753,4952,1528,55718,306000000,1728000
1791121136.2253,4952,1520,55687,306000000,1728000
1791121136.2754,4952,1528,55562,306000000,1728000
1791121136.3255,4952,1520,55718,306000000,1728000
1791121136.3756,4952,1528,55593,306000000,1728000
1791121136.4257,4952,1520,55812,306000000,1728000
1791121136.4758,4952,1520,55625,306000000,1728000
1791121136.5259,4952,1520,55625,306000000,1728000
1791121136.5760,4952,1528,55593,306000000,1728000
1791121136.6260,4952,1528,55625,306000000,1728000
1791121136.6761,4952,1536,55562,306000000,1728000
1791121136.7262,4952,1544,55562,306000000,1728000
1791121136.7763,4952,1536,55750,306000000,1728000
1791121136.8264,4952,1536,55687,306000000,1728000
1791121136.8765,4952,1528,55687,306000000,1728000
1791121136.9265,4952,1528,55562,306000000,1728000
1791121136.9766,4952,1528,55718,306000000,1728000
1791121137.0267,4952,1496,55656,306000000,1728000
1791121137.0768,4952,1472,55593,306000000,1728000
1791121137.1269,4960,1448,55843,306000000,1728000
1791121137.1770,4960,1432,55656,306000000,1728000
1791121137.2271,4960,1448,55812,306000000,1728000
1791121137.2772,4952,1472,55562,306000000,1728000
1791121137.3272,4952,1472,55718,306000000,1728000
1791121137.3773,4952,1480,55531,306000000,1728000
1791121137.4274,4952,1480,55625,306000000,1728000
1791121137.4775,4952,1488,55562,306000000,1728000
1791121137.5276,4952,1496,55656,306000000,1728000
1791121137.5777,4952,1496,55687,306000000,1728000
1791121137.6277,4952,1504,55593,306000000,1728000
1791121137.6778,4952,1496,55687,306000000,1728000
1791121137.7279,4952,1504,55593,306000000,1728000
1791121137.7780,4952,1512,55750,306000000,1728000
1791121137.8281,4952,1528,55562,306000000,1728000
1791121137.8781,4952,1528,55687,306000000,1728000
1791121137.9282,4952,1520,55687,306000000,1728000
1791121137.9783,4952,1520,55750,306000000,1728000
1791121138.0284,4952,1512,55593,306000000,1728000
1791121138.0784,4952,1520,55687,306000000,1728000
1791121138.1285,4952,1512,55781,306000000,1728000
1791121138.1786,4952,1520,55625,306000000,1728000
1791121138.2287,4952,1520,55750,306000000,1728000
1791121138.2788,4952,1520,55562,306000000,1728000
1791121138.3289,4952,1520,55656,306000000,1728000
1791121138.3790,4952,1528,55718,306000000,1728000
1791121138.4291,4952,1528,55781,306000000,1728000
1791121138.4791,4952,1528,55687,306000000,1728000
1791121138.5292,4952,1528,55843,306000000,1728000
1791121138.5793,4952,1528,55812,306000000,1728000
1791121138.6294,4952,1528,55625,306000000,1728000
1791121138.6795,4952,1528,55812,306000000,1728000
1791121138.7296,4952,1528,55625,306000000,1728000
1791121138.7796,4952,1528,55718,306000000,1728000
1791121138.8297,4952,1520,55562,306000000,1728000
1791121138.8798,4952,1520,55687,306000000,1728000
1791121138.9299,4952,1528,55656,306000000,1728000
1791121138.9800,4952,1528,55656,306000000,1728000
1791121139.0301,4952,1528,55781,306000000,1728000
1791121139.0802,4952,1528,55625,306000000,1728000
1791121139.1303,4952,1520,55812,306000000,1728000
1791121139.1803,4952,1520,55656,306000000,1728000
1791121139.2304,4952,1520,55812,306000000,1728000
1791121139.2805,4952,1520,55625,306000000,1728000
1791121139.3306,4952,1520,55656,306000000,1728000
1791121139.3807,4952,1512,55593,306000000,1728000
1791121139.4308,4952,1520,55625,306000000,1728000
1791121139.4809,4952,1528,55812,306000000,1728000
1791121139.5310,4952,1536,55687,306000000,1728000
1791121139.5810,4952,1528,55718,306000000,1728000
1791121139.6311,4952,1528,55718,306000000,1728000
1791121139.6812,4952,1536,55781,306000000,1728000
1791121139.7313,4952,1528,55656,306000000,1728000
1791121139.7814,4952,1528,55781,306000000,1728000
1791121139.8315,4952,1528,55593,306000000,1728000
1791121139.8815,4952,1528,55656,306000000,1728000
1791121139.9316,4952,1528,55781,306000000,1728000
1791121139.9817,4952,1528,55687,306000000,1728000
1791121140.0318,4952,1544,55843,306000000,1728000
1791121140.0819,4952,1536,55843,306000000,1728000
1791121140.1320,4952,1544,55875,306000000,1728000
1791121140.1820,4952,1544,55625,306000000,1728000
1791121140.2321,4952,1536,55812,306000000,1728000
1791121140.2822,4952,1544,55593,306000000,1728000
1791121140.3323,4952,1536,55687,306000000,1728000
1791121140.3824,4952,1536,55750,306000000,1728000
1791121140.4325,4952,1536,55687,306000000,1728000
1791121140.4825,4952,1536,55812,306000000,1728000
1791121140.5326,4952,1528,55656,306000000,1728000
1791121140.5827,4952,1544,55843,306000000,1728000
1791121140.6328,4952,1536,55687,306000000,1728000
1791121140.6829,4952,1544,55750,306000000,1728000
1791121140.7330,4952,1536,55718,306000000,1728000
1791121140.7831,4952,1536,55656,306000000,1728000
1791121140.8332,4952,1536,55718,306000000,1728000
1791121140.8833,4952,1528,55718,306000000,1728000
1791121140.9333,4952,1536,55875,306000000,1728000
1791121140.9834,4952,1528,55718,306000000,1728000
1791121141.0335,4952,1536,55812,306000000,1728000
1791121141.0836,4952,1536,55718,306000000,1728000
1791121141.1337,4952,1544,55781,306000000,1728000
1791121141.1838,4952,1552,55843,306000000,1728000
1791121141.2339,4952,1544,55750,306000000,1728000
1791121141.2840,4952,1544,55750,306000000,1728000
1791121141.3341,4952,1544,55750,306000000,1728000
1791121141.3842,4952,1544,55906,306000000,1728000
1791121141.4342,4952,1536,55718,306000000,1728000
1791121141.4843,4952,1536,55843,306000000,1728000
1791121141.5344,4952,1536,55718,306000000,1728000
1791121141.5845,4952,1528,55750,306000000,1728000
1791121141.6346,4952,1536,55937,306000000,1728000
1791121141.6847,4952,1536,55718,306000000,1728000
1791121141.7348,4952,1544,55718,306000000,1728000
1791121141.7849,4952,1544,55937,306000000,1728000
1791121141.8349,4952,1544,55781,306000000,1728000
1791121141.8850,4952,1536,55687,306000000,1728000
1791121141.9351,4952,1536,55875,306000000,1728000
1791121141.9852,4952,1536,55687,306000000,1728000
1791121142.0353,4952,1536,55718,306000000,1728000
1791121142.0853,4952,1536,55656,306000000,1728000
1791121142.1354,4952,1536,55781,306000000,1728000
1791121142.1855,4952,1528,55656,306000000,1728000
1791121142.2356,4952,1536,55781,306000000,1728000
1791121142.2857,4952,1544,55843,306000000,1728000
1791121142.3358,4952,1536,55718,306000000,1728000
1791121142.3859,4952,1536,55875,306000000,1728000
1791121142.4360,4952,1536,55687,306000000,1728000
1791121142.4860,4952,1536,55843,306000000,1728000
1791121142.5361,4952,1528,55718,306000000,1728000
1791121142.5862,4952,1528,55750,306000000,1728000
1791121142.6363,4952,1528,55750,306000000,1728000
1791121142.6864,4952,1528,55781,306000000,1728000
1791121142.7365,4952,1528,55937,306000000,1728000
1791121142.7866,4952,1528,55906,306000000,1728000
1791121142.8367,4952,1536,55843,306000000,1728000
1791121142.8867,4952,1536,55875,306000000,1728000
1791121142.9368,4952,1536,55875,306000000,1728000
1791121142.9869,4952,1528,55750,306000000,1728000
1791121143.0370,4952,1528,55875,306000000,1728000
1791121143.0871,4952,1528,55687,306000000,1728000
1791121143.1372,4952,1528,55781,306000000,1728000
1791121143.1872,4952,1520,55875,306000000,1728000
1791121143.2373,4952,1520,55625,306000000,1728000
1791121143.2874,4952,1520,55750,306000000,1728000
1791121143.3375,4952,1520,55843,306000000,1728000
1791121143.3876,4952,1536,55875,306000000,1728000
1791121143.4377,4952,1528,55718,306000000,1728000
1791121143.4878,4952,1528,55750,306000000,1728000
1791121143.5379,4952,1528,55718,306000000,1728000
1791121143.5880,4952,1528,55812,306000000,1728000
1791121143.6381,4952,1528,55812,306000000,1728000
1791121143.6882,4952,1520,55718,306000000,1728000
1791121143.7382,4952,1520,55906,306000000,1728000
1791121143.7883,4952,1520,55718,306000000,1728000
1791121143.8384,4952,1512,55875,306000000,1728000
1791121143.8885,4952,1520,55750,306000000,1728000
1791121143.9386,4952,1528,55843,306000000,1728000
1791121143.9886,4952,1528,55656,306000000,1728000
1791121144.0387,4952,1520,55812,306000000,1728000
1791121144.0888,4952,1520,55687,306000000,1728000
1791121144.1389,4952,1520,55718,306000000,1728000
1791121144.1890,4952,1520,55843,306000000,1728000
1791121144.2391,4952,1520,55781,306000000,1728000
1791121144.2891,4952,1512,55875,306000000,1728000
1791121144.3392,4952,1520,55718,306000000,1728000
1791121144.3893,4952,1520,55843,306000000,1728000
1791121144.4394,4952,1512,55875,306000000,1728000
1791121144.4895,4952,1528,55812,306000000,1728000
1791121144.5396,4952,1528,55781,306000000,1728000
1791121144.5897,4952,1528,55875,306000000,1728000
1791121144.6398,4952,1528,55906,306000000,1728000
1791121144.6899,4952,1520,55812,306000000,1728000
1791121144.7399,4952,1520,55968,306000000,1728000
1791121144.7900,4952,1520,55812,306000000,1728000
1791121144.8401,4952,1512,55875,306000000,1728000
1791121144.8902,4952,1512,55937,306000000,1728000
1791121144.9403,4952,1520,55781,306000000,1728000
1791121144.9903,4952,1520,55687,306000000,1728000
1791121145.0404,4952,1528,55812,306000000,1728000
1791121145.0905,4952,1528,55937,306000000,1728000
1791121145.1406,4952,1528,55812,306000000,1728000
1791121145.1907,4952,1528,55968,306000000,1728000
1791121145.2408,4952,1528,55843,306000000,1728000
1791121145.2909,4952,1520,55906,306000000,1728000
1791121145.3410,4952,1528,55718,306000000,1728000
1791121145.3911,4952,1520,55875,306000000,1728000
1791121145.4411,4952,1528,55718,306000000,1728000
1791121145.4912,4952,1520,55875,306000000,1728000
1791121145.5413,4952,1520,55968,306000000,1728000
1791121145.5914,4952,1520,55906,306000000,1728000
1791121145.6415,4952,1528,55937,306000000,1728000
1791121145.6916,4952,1528,55812,306000000,1728000
1791121145.7417,4952,1520,55937,306000000,1728000
1791121145.7918,4952,1520,55781,306000000,1728000
1791121145.8419,4952,1520,55843,306000000,1728000
1791121145.8919,4952,1512,55781,306000000,1728000
1791121145.9420,4952,1512,55843,306000000,1728000
1791121145.9921,4952,1512,55906,306000000,1728000
1791121146.0422,4952,1512,55812,306000000,1728000
1791121146.0923,4952,1512,55906,306000000,1728000
1791121146.1424,4952,1520,55937,306000000,1728000
1791121146.1925,4952,1528,55843,306000000,1728000
1791121146.2426,4952,1528,55906,306000000,1728000
1791121146.2926,4952,1528,55968,306000000,1728000
1791121146.3427,4952,1528,55812,306000000,1728000
1791121146.3928,4952,1520,55843,306000000,1728000
1791121146.4429,4952,1520,55937,306000000,1728000
1791121146.4930,4952,1520,55718,306000000,1728000
1791121146.5431,4952,1520,55968,306000000,1728000
1791121146.5932,4952,1520,56062,306000000,1728000
1791121146.6432,4952,1520,55906,306000000,1728000
1791121146.6933,4952,1528,55781,306000000,1728000
1791121146.7434,4952,1536,55843,306000000,1728000
1791121146.7935,4952,1528,55812,306000000,1728000
1791121146.8436,4952,1504,55812,306000000,1728000
1791121146.8937,4952,1480,55843,306000000,1728000
1791121146.9438,4960,1456,55843,306000000,1728000
1791121146.9938,4960,1432,56000,306000000,1728000
1791121147.0439,4960,1424,55812,306000000,1728000
1791121147.0940,4960,1432,55968,306000000,1728000
1791121147.1441,4960,1440,55781,306000000,1728000
1791121147.1942,4960,1456,55843,306000000,1728000
1791121147.2443,4952,1464,55812,306000000,1728000
1791121147.2944,4952,1488,55937,306000000,1728000
1791121147.3445,4952,1496,55781,306000000,1728000
1791121147.3946,4952,1496,55843,306000000,1728000
1791121147.4446,4952,1496,55968,306000000,1728000
1791121147.4947,4952,1504,55843,306000000,1728000
1791121147.5448,4952,1504,55937,306000000,1728000
1791121147.5949,4952,1512,55812,306000000,1728000
1791121147.6450,4952,1512,55937,306000000,1728000
1791121147.6951,4952,1520,55937,306000000,1728000
1791121147.7452,4952,1512,55843,306000000,1728000
1791121147.7952,4952,1520,55875,306000000,1728000
1791121147.8453,4952,1528,55968,306000000,1728000
1791121147.8954,4952,1520,56000,306000000,1728000
1791121147.9455,4952,1528,55906,306000000,1728000
1791121147.9956,4952,1528,56031,306000000,1728000
1791121148.0457,4952,1528,55781,306000000,1728000
1791121148.0957,4952,1528,55875,306000000,1728000
1791121148.1458,4952,1536,56031,306000000,1728000
1791121148.1959,4952,1536,55875,306000000,1728000
1791121148.2460,4952,1528,55875,306000000,1728000
1791121148.2961,4952,1536,55875,306000000,1728000
1791121148.3461,4952,1528,55968,306000000,1728000
1791121148.3962,4952,1544,55906,306000000,1728000
1791121148.4463,4952,1544,55906,306000000,1728000
1791121148.4964,4952,1536,55875,306000000,1728000
1791121148.5465,4952,1544,55875,306000000,1728000
1791121148.5966,4952,1528,55843,306000000,1728000
1791121148.6467,4952,1528,55875,306000000,1728000
1791121148.6967,4952,1536,55906,306000000,1728000
1791121148.7468,4952,1536,55968,306000000,1728000
1791121148.7969,4952,1528,56031,306000000,1728000
1791121148.8470,4952,1528,55812,306000000,1728000
1791121148.8971,4952,1528,55937,306000000,1728000
1791121148.9473,4952,1544,55875,306000000,1728000
1791121148.9974,4952,1544,55937,306000000,1728000
1791121149.0474,4952,1544,55875,306000000,1728000
1791121149.0975,4952,1536,55968,306000000,1728000
1791121149.1476,4952,1536,55812,306000000,1728000
1791121149.1977,4952,1536,55937,306000000,1728000
1791121149.2478,4952,1536,56031,306000000,1728000
1791121149.2979,4952,1536,55875,306000000,1728000
1791121149.3479,4952,1536,55968,306000000,1728000
1791121149.3980,4952,1536,56000,306000000,1728000
1791121149.4481,4952,1536,55968,306000000,1728000
1791121149.4982,4952,1544,56000,306000000,1728000
1791121149.5483,4952,1544,56062,306000000,1728000
1791121149.5984,4952,1544,55812,306000000,1728000
1791121149.6485,4952,1536,55875,306000000,1728000
1791121149.6986,4952,1544,56156,306000000,1728000
1791121149.7486,4952,1536,55875,306000000,1728000
1791121149.7987,4952,1536,56031,306000000,1728000
1791121149.8488,4952,1536,55906,306000000,1728000
1791121149.8989,4952,1528,56000,306000000,1728000
1791121149.9490,4952,1536,55843,306000000,1728000
1791121149.9991,4952,1536,55937,306000000,1728000
1791121150.0491,4952,1536,55843,306000000,1728000
1791121150.0992,4952,1544,55968,306000000,1728000
1791121150.1493,4952,1536,55906,306000000,1728000
1791121150.1994,4952,1536,55843,306000000,1728000
1791121150.2495,4952,1536,56031,306000000,1728000
1791121150.2996,4952,1544,55875,306000000,1728000
1791121150.3497,4952,1544,56031,306000000,1728000
1791121150.3998,4952,1544,55875,306000000,1728000
1791121150.4499,4952,1544,55906,306000000,1728000
1791121150.4999,4952,1536,56000,306000000,1728000
1791121150.5500,4952,1536,55937,306000000,1728000
1791121150.6001,4952,1536,55906,306000000,1728000
1791121150.6502,4952,1552,56031,306000000,1728000
1791121150.7003,4952,1544,56125,306000000,1728000
1791121150.7504,4952,1544,55937,306000000,1728000
1791121150.8005,4952,1544,56093,306000000,1728000
1791121150.8506,4952,1536,56031,306000000,1728000
1791121150.9006,4952,1536,56031,306000000,1728000
1791121150.9507,4952,1528,56062,306000000,1728000
1791121151.0008,4952,1528,55937,306000000,1728000
1791121151.0509,4952,1528,55937,306000000,1728000
1791121151.1010,4952,1528,56062,306000000,1728000
1791121151.1511,4952,1528,56031,306000000,1728000
1791121151.2012,4952,1544,55968,306000000,1728000
1791121151.2512,4952,1544,56062,306000000,1728000
1791121151.3013,4952,1536,55968,306000000,1728000
1791121151.3514,4952,1536,56031,306000000,1728000
1791121151.4015,4952,1536,56031,306000000,1728000
1791121151.4516,4952,1536,56031,306000000,1728000
1791121151.5017,4952,1536,55875,306000000,1728000
1791121151.5518,4952,1536,55968,306000000,1728000
1791121151.6018,4952,1536,56031,306000000,1728000
1791121151.6519,4952,1528,55968,306000000,1728000
1791121151.7020,4952,1528,56093,306000000,1728000
1791121151.7521,4952,1544,55937,306000000,1728000
1791121151.8022,4952,1544,56093,306000000,1728000
1791121151.8523,4952,1536,55906,306000000,1728000
1791121151.9024,4952,1536,55968,306000000,1728000
1791121151.9524,4952,1536,55906,306000000,1728000
1791121152.0025,4952,1536,56000,306000000,1728000
1791121152.0526,4952,1536,56062,306000000,1728000
1791121152.1027,4952,1536,55968,306000000,1728000
1791121152.1528,4952,1536,56125,306000000,1728000
1791121152.2029,4952,1536,56031,306000000,1728000
1791121152.2529,4952,1528,56031,306000000,1728000
1791121152.3031,4952,1536,55937,306000000,1728000
1791121152.3532,4952,1536,56062,306000000,1728000
1791121152.4032,4952,1544,55843,306000000,1728000
1791121152.4533,4952,1536,56031,306000000,1728000
1791121152.5034,4952,1536,56062,306000000,1728000
1791121152.5535,4952,1536,55968,306000000,1728000
1791121152.6036,4952,1536,56125,306000000,1728000
1791121152.6537,4952,1528,56062,306000000,1728000
1791121152.7038,4952,1536,56031,306000000,1728000
1791121152.7539,4952,1528,56062,306000000,1728000
1791121152.8039,4952,1528,56125,306000000,1728000
1791121152.8540,4952,1544,56093,306000000,1728000
1791121152.9041,4952,1544,56031,306000000,1728000
1791121152.9542,4952,1536,55937,306000000,1728000
1791121153.0043,4952,1528,55968,306000000,1728000
1791121153.0544,4952,1528,56062,306000000,1728000
1791121153.1045,4952,1536,55906,306000000,1728000
1791121153.1545,4952,1528,56093,306000000,1728000
1791121153.2046,4952,1528,56000,306000000,1728000
1791121153.2547,4952,1536,56000,306000000,1728000
1791121153.3048,4952,1528,55968,306000000,1728000
1791121153.3549,4952,1528,56000,306000000,1728000
1791121153.4050,4952,1536,56125,306000000,1728000
1791121153.4551,4952,1536,55968,306000000,1728000
1791121153.5052,4952,1536,56156,306000000,1728000
1791121153.5552,4952,1528,56031,306000000,1728000
1791121153.6053,4952,1528,56031,306000000,1728000
1791121153.6554,4952,1528,55875,306000000,1728000
1791121153.7055,4952,1528,56031,306000000,1728000
1791121153.7556,4952,1528,56093,306000000,1728000
1791121153.8057,4952,1520,56000,306000000,1728000
1791121153.8557,4952,1520,55937,306000000,1728000
1791121153.9058,4952,1520,56062,306000000,1728000
1791121153.9559,4952,1528,56156,306000000,1728000
1791121154.0060,4952,1536,56031,306000000,1728000
1791121154.0561,4952,1528,56062,306000000,1728000
1791121154.1062,4952,1528,56031,306000000,1728000
1791121154.1563,4952,1520,56031,306000000,1728000
1791121154.2063,4952,1512,56093,306000000,1728000
1791121154.2564,4952,1512,56031,306000000,1728000
1791121154.3065,4952,1504,55968,306000000,1728000
1791121154.3566,4952,1512,56093,306000000,1728000
1791121154.4066,4952,1512,56156,306000000,1728000
1791121154.4567,4952,1512,56093,306000000,1728000
1791121154.5068,4952,1520,56093,306000000,1728000
1791121154.5569,4952,1536,56031,306000000,1728000
1791121154.6070,4952,1528,56062,306000000,1728000
1791121154.6571,4952,1536,56031,306000000,1728000
1791121154.7072,4952,1528,56031,306000000,1728000
1791121154.7572,4952,1528,55906,306000000,1728000
1791121154.8073,4952,1520,56062,306000000,1728000
1791121154.8574,4952,1528,56093,306000000,1728000
1791121154.9075,4952,1528,56000,306000000,1728000
1791121154.9576,4952,1520,56125,306000000,1728000
1791121155.0076,4952,1520,56031,306000000,1728000
1791121155.0577,4952,1520,56093,306000000,1728000
1791121155.1078,4952,1528,56062,306000000,1728000
1791121155.1579,4952,1528,56093,306000000,1728000
1791121155.2080,4952,1528,56000,306000000,1728000
1791121155.2581,4952,1520,56031,306000000,1728000
1791121155.3081,4952,1520,56031,306000000,1728000
1791121155.3582,4952,1528,56062,306000000,1728000
1791121155.4083,4952,1512,56062,306000000,1728000
1791121155.4584,4952,1512,56062,306000000,1728000
1791121155.5085,4952,1504,56093,306000000,1728000
1791121155.5586,4952,1512,56062,306000000,1728000
1791121155.6096,4952,1504,56156,306000000,1728000
1791121155.6597,4952,1528,55968,306000000,1728000
1791121155.7098,4952,1528,56093,306000000,1728000
1791121155.7599,4952,1528,56187,306000000,1728000
1791121155.8100,4952,1528,56031,306000000,1728000
1791121155.8601,4952,1520,56156,306000000,1728000
1791121155.9102,4952,1520,56218,306000000,1728000
1791121155.9603,4952,1520,56187,306000000,1728000
1791121156.0103,4952,1520,56031,306000000,1728000
1791121156.0604,4952,1520,56062,306000000,1728000
1791121156.1105,4952,1512,56031,306000000,1728000
1791121156.1606,4952,1520,56031,306000000,1728000
1791121156.2107,4952,1528,56000,306000000,1728000
1791121156.2608,4952,1536,56062,306000000,1728000
1791121156.3109,4952,1528,56031,306000000,1728000
1791121156.3610,4952,1528,56031,306000000,1728000
1791121156.4111,4952,1520,56125,306000000,1728000
1791121156.4611,4952,1520,56031,306000000,1728000
1791121156.5112,4952,1520,56125,306000000,1728000
1791121156.5613,4952,1520,56000,306000000,1728000
1791121156.6114,4952,1520,56093,306000000,1728000
1791121156.6615,4952,1520,55968,306000000,1728000
1791121156.7116,4952,1512,56062,306000000,1728000
1791121156.7617,4952,1528,56000,306000000,1728000
1791121156.8118,4952,1536,56062,306000000,1728000
1791121156.8619,4952,1536,56093,306000000,1728000
1791121156.9119,4952,1528,55968,306000000,1728000
1791121156.9620,4952,1520,56156,306000000,1728000
1791121157.0121,4952,1520,56093,306000000,1728000
1791121157.0622,4952,1520,56062,306000000,1728000
1791121157.1123,4952,1512,56062,306000000,1728000
1791121157.1624,4952,1520,56093,306000000,1728000
1791121157.2124,4952,1512,55968,306000000,1728000
1791121157.2625,4952,1520,56062,306000000,1728000
1791121157.3126,4952,1520,56187,306000000,1728000
1791121157.3627,4952,1528,56000,306000000,1728000
1791121157.4128,4952,1528,56156,306000000,1728000
1791121157.4629,4952,1520,56250,306000000,1728000
1791121157.5129,4952,1520,56156,306000000,1728000
1791121157.5630,4952,1520,56000,306000000,1728000
1791121157.6131,4952,1528,56125,306000000,1728000
1791121157.6632,4952,1520,56093,306000000,1728000
1791121157.7133,4952,1520,56062,306000000,1728000
1791121157.7634,4952,1520,56187,306000000,1728000
1791121157.8134,4952,1512,56000,306000000,1728000
1791121157.8635,4952,1520,56187,306000000,1728000
1791121157.9136,4952,1528,56156,306000000,1728000
1791121157.9637,4952,1528,56062,306000000,1728000
1791121158.0138,4952,1528,56031,306000000,1728000
1791121158.0639,4952,1520,56062,306000000,1728000
1791121158.1140,4952,1520,56062,306000000,1728000
1791121158.1641,4952,1512,56093,306000000,1728000
1791121158.2142,4952,1520,56125,306000000,1728000
1791121158.2642,4952,1512,56031,306000000,1728000
1791121158.3143,4952,1512,56187,306000000,1728000
1791121158.3644,4952,1512,56031,306000000,1728000
1791121158.4145,4952,1512,56125,306000000,1728000
1791121158.4646,4952,1528,56062,306000000,1728000
1791121158.5147,4952,1528,56125,306000000,1728000
1791121158.5648,4952,1528,56156,306000000,1728000
1791121158.6149,4952,1536,56093,306000000,1728000
1791121158.6650,4952,1528,56031,306000000,1728000
1791121158.7151,4952,1528,56125,306000000,1728000
1791121158.7651,4952,1528,56187,306000000,1728000
1791121158.8152,4952,1520,56093,306000000,1728000
1791121158.8653,4952,1520,56218,306000000,1728000
1791121158.9154,4952,1520,56000,306000000,1728000
1791121158.9655,4952,1520,56093,306000000,1728000
1791121159.0156,4952,1528,56250,306000000,1728000
1791121159.0656,4952,1528,56031,306000000,1728000
1791121159.1157,4952,1520,56031,306000000,1728000
1791121159.1658,4952,1520,56062,306000000,1728000
1791121159.2159,4952,1528,56250,306000000,1728000
1791121159.2660,4952,1520,56031,306000000,1728000
1791121159.3160,4952,1520,56187,306000000,1728000
1791121159.3661,4952,1520,56062,306000000,1728000
1791121159.4162,4952,1520,56125,306000000,1728000
1791121159.4663,4952,1512,56031,306000000,1728000
1791121159.5164,4952,1512,56218,306000000,1728000
1791121159.5665,4952,1520,56250,306000000,1728000
1791121159.6166,4952,1504,56062,306000000,1728000
1791121159.6667,4952,1480,56406,306000000,1728000
1791121159.7167,4952,1456,56062,306000000,1728000
1791121159.7668,4960,1432,56187,306000000,1728000
1791121159.8169,4960,1416,56250,306000000,1728000
1791121159.8670,4960,1408,56187,306000000,1728000
1791121159.9171,4960,1416,56031,306000000,1728000
1791121159.9672,4960,1424,56093,306000000,1728000
1791121160.0172,4960,1440,56031,306000000,1728000
1791121160.0673,4960,1440,56093,306000000,1728000
1791121160.1174,4952,1456,56125,306000000,1728000
1791121160.1675,4952,1480,56062,306000000,1728000
1791121160.2176,4952,1472,56218,306000000,1728000
1791121160.2676,4952,1480,56093,306000000,1728000
1791121160.3177,4952,1480,56062,306000000,1728000
1791121160.3678,4952,1480,56187,306000000,1728000
1791121160.4179,4952,1488,56156,306000000,1728000
1791121160.4680,4952,1496,56031,306000000,1728000
1791121160.5181,4952,1488,56156,306000000,1728000
1791121160.5681,4952,1488,56250,306000000,1728000
1791121160.6182,4952,1488,56093,306000000,1728000
1791121160.6683,4952,1504,56250,306000000,1728000
1791121160.7184,4952,1504,56125,306000000,1728000
1791121160.7685,4952,1504,56062,306000000,1728000
1791121160.8185,4952,1504,56031,306000000,1728000
1791121160.8686,4952,1504,56093,306000000,1728000
1791121160.9187,4952,1504,56062,306000000,1728000
1791121160.9688,4952,1512,56218,306000000,1728000
1791121161.0189,4952,1504,56218,306000000,1728000
1791121161.0689,4952,1512,56093,306000000,1728000
1791121161.1190,4952,1504,56218,306000000,1728000
1791121161.1691,4952,1512,56093,306000000,1728000
1791121161.2192,4952,1512,56187,306000000,1728000
1791121161.2693,4952,1528,56250,306000000,1728000
1791121161.3194,4952,1528,56125,306000000,1728000
1791121161.3695,4952,1528,56062,306000000,1728000
1791121161.4195,4952,1528,56093,306000000,1728000
1791121161.4696,4952,1528,56156,306000000,1728000
1791121161.5197,4952,1528,56093,306000000,1728000
1791121161.5698,4952,1520,56187,306000000,1728000
1791121161.6199,4952,1520,56125,306000000,1728000
1791121161.6700,4952,1520,56250,306000000,1728000
1791121161.7200,4952,1520,56093,306000000,1728000
1791121161.7701,4952,1520,56093,306000000,1728000
1791121161.8202,4952,1528,56281,306000000,1728000
1791121161.8703,4952,1528,56093,306000000,1728000
1791121161.9203,4952,1528,56156,306000000,1728000
1791121161.9704,4952,1528,56218,306000000,1728000
1791121162.0205,4952,1520,56187,306000000,1728000
1791121162.0706,4952,1520,56187,306000000,1728000
1791121162.1207,4952,1528,56343,306000000,1728000
1791121162.1707,4952,1520,56062,306000000,1728000
1791121162.2208,4952,1528,56156,306000000,1728000
1791121162.2709,4952,1512,56218,306000000,1728000
1791121162.3210,4952,1520,56125,306000000,1728000
1791121162.3711,4952,1536,56343,306000000,1728000
1791121162.4212,4952,1528,56062,306000000,1728000
1791121162.4713,4952,1520,56250,306000000,1728000
1791121162.5214,4952,1520,56093,306000000,1728000
1791121162.5714,4952,1520,56250,306000000,1728000
1791121162.6215,4952,1520,56062,306000000,1728000
1791121162.6716,4952,1512,56156,306000000,1728000
1791121162.7217,4952,1512,56062,306000000,1728000
1791121162.7718,4952,1512,56156,306000000,1728000
1791121162.8218,4952,1512,56062,306000000,1728000
1791121162.8719,4952,1512,56093,306000000,1728000
1791121162.9220,4952,1528,56437,306000000,1728000
1791121162.9721,4952,1528,56187,306000000,1728000
1791121163.0222,4952,1536,56281,306000000,1728000
1791121163.0723,4952,1520,56125,306000000,1728000
1791121163.1224,4952,1520,56218,306000000,1728000
1791121163.1725,4952,1520,56125,306000000,1728000
1791121163.2225,4952,1520,56156,306000000,1728000
1791121163.2726,4952,1520,56125,306000000,1728000
1791121163.3227,4952,1512,56125,306000000,1728000
1791121163.3728,4952,1512,56312,306000000,1728000
1791121163.4229,4952,1512,56156,306000000,1728000
1791121163.4730,4952,1528,56312,306000000,1728000
1791121163.5231,4952,1520,56218,306000000,1728000
1791121163.5731,4952,1520,56187,306000000,1728000
1791121163.6232,4952,1520,56125,306000000,1728000
1791121163.6733,4952,1520,56281,306000000,1728000
1791121163.7234,4952,1512,56125,306000000,1728000
1791121163.7735,4952,1512,56187,306000000,1728000
1791121163.8236,4952,1512,56312,306000000,1728000
1791121163.8737,4952,1512,56093,306000000,1728000
1791121163.9237,4952,1512,56343,306000000,1728000
1791121163.9738,4952,1512,56218,306000000,1728000
1791121164.0239,4952,1520,56343,306000000,1728000
1791121164.0740,4952,1528,56125,306000000,1728000
1791121164.1241,4952,1528,56187,306000000,1728000
1791121164.1742,4952,1520,56093,306000000,1728000
1791121164.2243,4952,1528,56062,306000000,1728000
1791121164.2743,4952,1520,56312,306000000,1728000
1791121164.3244,4952,1520,56125,306000000,1728000
1791121164.3745,4952,1528,56187,306000000,1728000
1791121164.4246,4952,1528,56250,306000000,1728000
1791121164.4746,4952,1520,56218,306000000,1728000
1791121164.5247,4952,1512,56187,306000000,1728000
1791121164.5748,4952,1528,56218,306000000,1728000
1791121164.6249,4952,1536,56125,306000000,1728000
1791121164.6751,4952,1536,56250,306000000,1728000
1791121164.7251,4952,1528,56156,306000000,1728000
1791121164.7752,4952,1528,56187,306000000,1728000
1791121164.8253,4952,1512,56281,306000000,1728000
1791121164.8754,4952,1520,56187,306000000,1728000
1791121164.9255,4952,1512,56218,306000000,1728000
1791121164.9755,4952,1512,56218,306000000,1728000
1791121165.0256,4952,1512,56218,306000000,1728000
1791121165.0757,4952,1512,56250,306000000,1728000
1791121165.1258,4952,1520,56218,306000000,1728000
1791121165.1759,4952,1528,56187,306000000,1728000
1791121165.2260,4952,1528,56312,306000000,1728000
1791121165.2761,4952,1520,56250,306000000,1728000
1791121165.3261,4952,1528,56250,306000000,1728000
1791121165.3762,4952,1520,56406,306000000,1728000
1791121165.4263,4952,1520,56093,306000000,1728000
1791121165.4764,4952,1520,56281,306000000,1728000
1791121165.5265,4952,1512,56218,306000000,1728000
1791121165.5765,4952,1520,56250,306000000,1728000
1791121165.6266,4952,1512,56187,306000000,1728000
1791121165.6767,4952,1528,56093,306000000,1728000
1791121165.7268,4952,1536,56312,306000000,1728000
1791121165.7769,4952,1536,56125,306000000,1728000
1791121165.8270,4952,1536,56343,306000000,1728000
1791121165.8771,4952,1528,56156,306000000,1728000
1791121165.9272,4952,1528,56250,306000000,1728000
1791121165.9772,4952,1528,56093,306000000,1728000
1791121166.0273,4952,1528,56250,306000000,1728000
1791121166.0774,4952,1528,56156,306000000,1728000
1791121166.1275,4952,1520,56187,306000000,1728000
1791121166.1776,4952,1520,56343,306000000,1728000
1791121166.2277,4952,1528,56156,306000000,1728000
1791121166.2777,4952,1536,56375,306000000,1728000
1791121166.3278,4952,1536,56281,306000000,1728000
1791121166.3779,4952,1536,56218,306000000,1728000
1791121166.4280,4952,1528,56187,306000000,1728000
1791121166.4781,4952,1536,56218,306000000,1728000
1791121166.5282,4952,1528,56156,306000000,1728000
1791121166.5783,4952,1520,56250,306000000,1728000
1791121166.6283,4952,1520,56343,306000000,1728000
1791121166.6784,4952,1520,56250,306000000,1728000
1791121166.7285,4952,1512,56343,306000000,1728000
1791121166.7786,4952,1520,56437,306000000,1728000
1791121166.8287,4952,1528,56281,306000000,1728000
1791121166.8788,4952,1528,56250,306000000,1728000
1791121166.9288,4952,1520,56406,306000000,1728000
1791121166.9789,4952,1520,56156,306000000,1728000
1791121167.0290,4952,1512,56281,306000000,1728000
1791121167.0791,4952,1520,56156,306000000,1728000
1791121167.1291,4952,1520,56281,306000000,1728000
1791121167.1792,4952,1520,56406,306000000,1728000
1791121167.2293,4952,1520,56187,306000000,1728000
1791121167.2794,4952,1520,56281,306000000,1728000
1791121167.3294,4952,1520,56156,306000000,1728000
1791121167.3795,4952,1528,56343,306000000,1728000
1791121167.4296,4952,1528,56281,306000000,1728000
1791121167.4797,4952,1528,56218,306000000,1728000
1791121167.5298,4952,1528,56125,306000000,1728000
1791121167.5799,4952,1528,56156,306000000,1728000
1791121167.6300,4952,1520,56343,306000000,1728000
1791121167.6800,4952,1520,56156,306000000,1728000
1791121167.7301,4952,1512,56156,306000000,1728000
1791121167.7802,4952,1512,56156,306000000,1728000
1791121167.8303,4952,1512,56312,306000000,1728000
1791121167.8804,4952,1512,56093,306000000,1728000
1791121167.9305,4952,1528,56218,306000000,1728000
1791121167.9806,4952,1528,56187,306000000,1728000
1791121168.0306,4952,1528,56156,306000000,1728000
1791121168.0807,4952,1528,56375,306000000,1728000
1791121168.1308,4952,1520,56218,306000000,1728000
1791121168.1809,4952,1520,56312,306000000,1728000
1791121168.2310,4952,1520,56218,306000000,1728000
1791121168.2811,4952,1512,56281,306000000,1728000
1791121168.3311,4952,1520,56375,306000000,1728000
1791121168.3812,4952,1520,56281,306000000,1728000
1791121168.4313,4952,1520,56187,306000000,1728000
1791121168.4814,4952,1528,56437,306000000,1728000
1791121168.5315,4952,1528,56406,306000000,1728000
1791121168.5816,4952,1528,56281,306000000,1728000
1791121168.6317,4952,1528,56437,306000000,1728000
1791121168.6818,4952,1520,56156,306000000,1728000
1791121168.7318,4952,1528,56343,306000000,1728000
1791121168.7819,4952,1512,56125,306000000,1728000
1791121168.8320,4952,1520,56281,306000000,1728000
1791121168.8821,4952,1520,56281,306000000,1728000
1791121168.9322,4952,1520,56250,306000000,1728000
1791121168.9823,4952,1520,56375,306000000,1728000
1791121169.0324,4952,1520,56281,306000000,1728000
1791121169.0825,4952,1528,56312,306000000,1728000
1791121169.1325,4952,1528,56156,306000000,1728000
1791121169.1826,4952,1528,56187,306000000,1728000
1791121169.2327,4952,1520,56187,306000000,1728000
1791121169.2828,4952,1528,56281,306000000,1728000
1791121169.3329,4952,1520,56187,306000000,1728000
1791121169.3830,4952,1528,56312,306000000,1728000
1791121169.4330,4952,1520,56187,306000000,1728000
1791121169.4831,4952,1520,56281,306000000,1728000
1791121169.5332,4952,1528,56375,306000000,1728000
1791121169.5833,4952,1528,56250,306000000,1728000
1791121169.6334,4952,1536,56406,306000000,1728000
1791121169.6835,4952,1536,56281,306000000,1728000
1791121169.7336,4952,1528,56343,306000000,1728000
1791121169.7837,4952,1528,56156,306000000,1728000
1791121169.8337,4952,1520,56250,306000000,1728000
1791121169.8838,4952,1528,56406,306000000,1728000
1791121169.9339,4952,1520,56250,306000000,1728000
1791121169.9840,4952,1520,56406,306000000,1728000
1791121170.0341,4952,1520,56437,306000000,1728000
1791121170.0842,4952,1512,56312,306000000,1728000
1791121170.1343,4952,1512,56281,306000000,1728000
1791121170.1844,4952,1528,56281,306000000,1728000
1791121170.2344,4952,1528,56156,306000000,1728000
1791121170.2845,4952,1520,56375,306000000,1728000
1791121170.3346,4952,1512,56218,306000000,1728000
1791121170.3847,4952,1520,56281,306000000,1728000
1791121170.4347,4952,1512,56406,306000000,1728000
1791121170.4848,4952,1512,56343,306000000,1728000
1791121170.5349,4952,1520,56312,306000000,1728000
1791121170.5850,4952,1512,56343,306000000,1728000
1791121170.6351,4952,1512,56218,306000000,1728000
1791121170.6852,4952,1512,56187,306000000,1728000
1791121170.7353,4952,1528,56406,306000000,1728000
1791121170.7854,4952,1520,56250,306000000,1728000
1791121170.8354,4952,1520,56281,306000000,1728000
1791121170.8855,4952,1520,56437,306000000,1728000
1791121170.9356,4952,1520,56281,306000000,1728000
1791121170.9857,4952,1512,56375,306000000,1728000
1791121171.0358,4952,1520,56250,306000000,1728000
1791121171.0859,4952,1520,56312,306000000,1728000
1791121171.1359,4952,1512,56250,306000000,1728000
1791121171.1860,4952,1520,56281,306000000,1728000
1791121171.2361,4952,1520,56312,306000000,1728000
1791121171.2862,4952,1528,56375,306000000,1728000
1791121171.3363,4952,1528,56437,306000000,1728000
1791121171.3864,4952,1520,56343,306000000,1728000
1791121171.4364,4952,1528,56500,306000000,1728000
1791121171.4865,4952,1528,56437,306000000,1728000
1791121171.5366,4952,1520,56312,306000000,1728000
1791121171.5867,4952,1520,56500,306000000,1728000
1791121171.6368,4952,1520,56343,306000000,1728000
1791121171.6869,4952,1520,56375,306000000,1728000
1791121171.7370,4952,1520,56250,306000000,1728000
1791121171.7870,4952,1512,56312,306000000,1728000
1791121171.8371,4952,1520,56406,306000000,1728000
1791121171.8872,4952,1528,56343,306000000,1728000
1791121171.9373,4952,1520,56125,306000000,1728000
1791121171.9874,4952,1520,56406,306000000,1728000
1791121172.0375,4952,1520,56218,306000000,1728000
1791121172.0876,4952,1520,56406,306000000,1728000
1791121172.1376,4952,1520,56437,306000000,1728000
1791121172.1877,4952,1520,56312,306000000,1728000
1791121172.2378,4952,1520,56187,306000000,1728000
1791121172.2879,4952,1520,56343,306000000,1728000
1791121172.3380,4952,1520,56406,306000000,1728000
1791121172.3881,4952,1528,56312,306000000,1728000
1791121172.4381,4952,1528,56343,306000000,1728000
1791121172.4882,4952,1536,56281,306000000,1728000
1791121172.5383,4952,1520,56375,306000000,1728000
1791121172.5884,4952,1528,56312,306000000,1728000
1791121172.6385,4952,1520,56312,306000000,1728000
1791121172.6886,4952,1528,56187,306000000,1728000
1791121172.7387,4952,1528,56343,306000000,1728000
1791121172.7887,4952,1520,56437,306000000,1728000
1791121172.8388,4952,1520,56312,306000000,1728000
1791121172.8889,4952,1520,56406,306000000,1728000
1791121172.9390,4952,1528,56406,306000000,1728000
1791121172.9891,4952,1536,56437,306000000,1728000
1791121173.0392,4952,1536,56406,306000000,1728000
1791121173.0893,4952,1536,56437,306000000,1728000
1791121173.1394,4952,1536,56437,306000000,1728000
1791121173.1895,4952,1536,56375,306000000,1728000
1791121173.2395,4952,1528,56468,306000000,1728000
1791121173.2896,4952,1528,56343,306000000,1728000
1791121173.3397,4952,1528,56375,306000000,1728000
1791121173.3898,4952,1528,56468,306000000,1728000
1791121173.4398,4952,1520,56406,306000000,1728000
1791121173.4899,4952,1528,56312,306000000,1728000
1791121173.5401,4952,1536,56500,306000000,1728000
1791121173.5902,4952,1536,56281,306000000,1728000
1791121173.6403,4952,1528,56281,306000000,1728000
1791121173.6903,4952,1528,56500,306000000,1728000
1791121173.7404,4952,1528,56312,306000000,1728000
1791121173.7905,4952,1520,56375,306000000,1728000
1791121173.8406,4952,1520,56312,306000000,1728000
1791121173.8907,4952,1512,56406,306000000,1728000
1791121173.9407,4952,1520,56375,306000000,1728000
1791121173.9908,4952,1520,56343,306000000,1728000
1791121174.0409,4952,1520,56437,306000000,1728000
1791121174.0911,4952,1520,56343,306000000,1728000
1791121174.1412,4952,1520,56250,306000000,1728000
1791121174.1912,4952,1512,56312,306000000,1728000
1791121174.2413,4952,1520,56437,306000000,1728000
1791121174.2914,4952,1520,56343,306000000,1728000
1791121174.3415,4952,1512,56437,306000000,1728000
1791121174.3916,4952,1512,56375,306000000,1728000
1791121174.4417,4952,1512,56437,306000000,1728000
1791121174.4917,4952,1512,56375,306000000,1728000
1791121174.5418,4952,1512,56406,306000000,1728000
1791121174.5919,4952,1512,56343,306000000,1728000
1791121174.6420,4952,1528,56437,306000000,1728000
1791121174.6921,4952,1520,56531,306000000,1728000
1791121174.7422,4952,1520,56343,306000000,1728000
1791121174.7923,4952,1512,56437,306000000,1728000
1791121174.8424,4952,1512,56500,306000000,1728000
1791121174.8924,4952,1512,56375,306000000,1728000
1791121174.9425,4952,1504,56406,306000000,1728000
1791121174.9926,4952,1480,56312,306000000,1728000
1791121175.0427,4952,1456,56562,306000000,1728000
1791121175.0928,4960,1432,56437,306000000,1728000
1791121175.1429,4960,1424,56500,306000000,1728000
1791121175.1930,4960,1416,56375,306000000,1728000
1791121175.2430,4960,1400,56406,306000000,1728000
1791121175.2931,4960,1408,56250,306000000,1728000
1791121175.3432,4960,1424,56406,306000000,1728000
1791121175.3933,4960,1432,56437,306000000,1728000
1791121175.4434,4960,1448,56343,306000000,1728000
1791121175.4934,4960,1448,56375,306000000,1728000
1791121175.5435,4952,1456,56375,306000000,1728000
1791121175.5936,4952,1464,56437,306000000,1728000
1791121175.6437,4952,1464,56281,306000000,1728000
1791121175.6938,4952,1472,56468,306000000,1728000
1791121175.7439,4952,1496,56343,306000000,1728000
1791121175.7940,4952,1504,56468,306000000,1728000
1791121175.8440,4952,1496,56406,306000000,1728000
1791121175.8941,4952,1496,56343,306000000,1728000
1791121175.9442,4952,1496,56343,306000000,1728000
1791121175.9943,4952,1496,56375,306000000,1728000
1791121176.0443,4952,1504,56500,306000000,1728000
1791121176.0944,4952,1504,56312,306000000,1728000
1791121176.1445,4952,1504,56468,306000000,1728000
1791121176.1946,4952,1512,56437,306000000,1728000
1791121176.2447,4952,1504,56375,306000000,1728000
1791121176.2948,4952,1504,56343,306000000,1728000
1791121176.3449,4952,1512,56437,306000000,1728000
1791121176.3949,4952,1512,56562,306000000,1728000
1791121176.4450,4952,1512,56343,306000000,1728000
1791121176.4951,4952,1504,56500,306000000,1728000
1791121176.5452,4952,1512,56343,306000000,1728000
1791121176.5953,4952,1504,56468,306000000,1728000
1791121176.6454,4952,1512,56406,306000000,1728000
1791121176.6955,4952,1504,56468,306000000,1728000
1791121176.7455,4952,1504,56406,306000000,1728000
1791121176.7956,4952,1512,56500,306000000,1728000
1791121176.8457,4952,1520,56343,306000000,1728000
1791121176.8958,4952,1520,56406,306000000,1728000
1791121176.9459,4952,1520,56531,306000000,1728000
1791121176.9960,4952,1520,56468,306000000,1728000
1791121177.0461,4952,1520,56468,306000000,1728000
1791121177.0962,4952,1520,56437,306000000,1728000
1791121177.1463,4952,1528,56437,306000000,1728000
1791121177.1964,4952,1528,56437,306000000,1728000
1791121177.2465,4952,1520,56406,306000000,1728000
1791121177.2965,4952,1512,56375,306000000,1728000
1791121177.3466,4952,1520,56343,306000000,1728000
1791121177.3967,4952,1520,56312,306000000,1728000
1791121177.4468,4952,1528,56437,306000000,1728000
1791121177.4969,4952,1528,56406,306000000,1728000
1791121177.5470,4952,1528,56312,306000000,1728000
1791121177.5971,4952,1512,56468,306000000,1728000
1791121177.6472,4952,1520,56406,306000000,1728000
1791121177.6972,4952,1512,56406,306000000,1728000
1791121177.7473,4952,1512,56437,306000000,1728000
1791121177.7974,4952,1504,56468,306000000,1728000
1791121177.8475,4952,1512,56406,306000000,1728000
1791121177.8976,4952,1504,56468,306000000,1728000
1791121177.9477,4952,1512,56562,306000000,1728000
1791121177.9978,4952,1528,56343,306000000,1728000
1791121178.0478,4952,1520,56468,306000000,1728000
1791121178.0979,4952,1528,56437,306000000,1728000
1791121178.1480,4952,1520,56437,306000000,1728000
1791121178.1981,4952,1520,56375,306000000,1728000
1791121178.2482,4952,1512,56437,306000000,1728000
1791121178.2983,4952,1512,56375,306000000,1728000
1791121178.3483,4952,1512,56468,306000000,1728000
1791121178.3984,4952,1512,56531,306000000,1728000
1791121178.4485,4952,1504,56375,306000000,1728000
1791121178.4986,4952,1520,56593,306000000,1728000
1791121178.5487,4952,1528,56531,306000000,1728000
1791121178.5988,4952,1528,56437,306000000,1728000
1791121178.6489,4952,1528,56562,306000000,1728000
1791121178.6989,4952,1520,56406,306000000,1728000
1791121178.7490,4952,1520,56281,306000000,1728000
1791121178.7991,4952,1520,56500,306000000,1728000
1791121178.8492,4952,1520,56406,306000000,1728000
1791121178.8993,4952,1512,56375,306000000,1728000
1791121178.9493,4952,1520,56531,306000000,1728000
1791121178.9994,4952,1520,56437,306000000,1728000
1791121179.0495,4952,1512,56500,306000000,1728000
1791121179.0996,4952,1528,56687,306000000,1728000
1791121179.1497,4952,1528,56468,306000000,1728000
1791121179.1998,4952,1528,56437,306000000,1728000
1791121179.2499,4952,1520,56437,306000000,1728000
1791121179.2999,4952,1520,56437,306000000,1728000
1791121179.3500,4952,1512,56406,306000000,1728000
1791121179.4001,4952,1520,56468,306000000,1728000
1791121179.4502,4952,1520,56437,306000000,1728000
1791121179.5003,4952,1512,56468,306000000,1728000
1791121179.5504,4952,1512,56437,306000000,1728000
1791121179.6004,4952,1512,56437,306000000,1728000
1791121179.6505,4952,1528,56531,306000000,1728000
1791121179.7006,4952,1520,56468,306000000,1728000
1791121179.7507,4952,1528,56562,306000000,1728000
1791121179.8008,4952,1520,56406,306000000,1728000
1791121179.8508,4952,1520,56500,306000000,1728000
1791121179.9009,4952,1520,56531,306000000,1728000
1791121179.9510,4952,1512,56468,306000000,1728000
1791121180.0011,4952,1520,56406,306000000,1728000
1791121180.0511,4952,1512,56531,306000000,1728000
1791121180.1012,4952,1512,56343,306000000,1728000
1791121180.1513,4952,1512,56468,306000000,1728000
1791121180.2014,4952,1520,56531,306000000,1728000
1791121180.2515,4952,1520,56437,306000000,1728000
1791121180.3016,4952,1528,56531,306000000,1728000
1791121180.3516,4952,1528,56375,306000000,1728000
1791121180.4017,4952,1520,56500,306000000,1728000
1791121180.4518,4952,1520,56437,306000000,1728000
1791121180.5019,4952,1520,56437,306000000,1728000
1791121180.5520,4952,1512,56406,306000000,1728000
1791121180.6020,4952,1512,56468,306000000,1728000
1791121180.6521,4952,1512,56375,306000000,1728000
1791121180.7022,4952,1512,56500,306000000,1728000
1791121180.7523,4952,1520,56531,306000000,1728000
1791121180.8024,4952,1528,56437,306000000,1728000
1791121180.8525,4952,1528,56531,306000000,1728000
1791121180.9025,4952,1520,56406,306000000,1728000
1791121180.9526,4952,1512,56468,306000000,1728000
1791121181.0027,4952,1512,56468,306000000,1728000
1791121181.0528,4952,1512,56500,306000000,1728000
1791121181.1028,4952,1512,56468,306000000,1728000
1791121181.1529,4952,1520,56531,306000000,1728000
1791121181.2031,4952,1520,56531,306000000,1728000
1791121181.2531,4952,1520,56531,306000000,1728000
1791121181.3032,4952,1520,56531,306000000,1728000
1791121181.3533,4952,1528,56500,306000000,1728000
1791121181.4034,4952,1536,56468,306000000,1728000
1791121181.4535,4952,1528,56562,306000000,1728000
1791121181.5036,4952,1528,56468,306000000,1728000
1791121181.5537,4952,1528,56531,306000000,1728000
1791121181.6037,4952,1528,56562,306000000,1728000
1791121181.6538,4952,1528,56500,306000000,1728000
1791121181.7039,4952,1528,56468,306000000,1728000
1791121181.7540,4952,1520,56562,306000000,1728000
1791121181.8041,4952,1520,56468,306000000,1728000
1791121181.8542,4952,1520,56500,306000000,1728000
1791121181.9043,4952,1536,56500,306000000,1728000
1791121181.9544,4952,1536,56437,306000000,1728000
1791121182.0044,4952,1528,56437,306000000,1728000
1791121182.0545,4952,1528,56468,306000000,1728000
1791121182.1046,4952,1520,56531,306000000,1728000
1791121182.1547,4952,1520,56468,306000000,1728000
1791121182.2048,4952,1520,56531,306000000,1728000
1791121182.2548,4952,1520,56468,306000000,1728000
1791121182.3049,4952,1520,56500,306000000,1728000
1791121182.3550,4952,1520,56468,306000000,1728000
1791121182.4051,4952,1520,56500,306000000,1728000
1791121182.4552,4952,1528,56656,306000000,1728000
1791121182.5053,4952,1536,56500,306000000,1728000
1791121182.5554,4952,1528,56562,306000000,1728000
1791121182.6054,4952,1528,56468,306000000,1728000
1791121182.6555,4952,1528,56531,306000000,1728000
1791121182.7056,4952,1520,56500,306000000,1728000
1791121182.7557,4952,1520,56500,306000000,1728000
1791121182.8058,4952,1520,56531,306000000,1728000
1791121182.8558,4952,1520,56562,306000000,1728000
1791121182.9059,4952,1512,56531,306000000,1728000
1791121182.9560,4952,1520,56500,306000000,1728000
1791121183.0061,4952,1528,56687,306000000,1728000
1791121183.0562,4952,1528,56468,306000000,1728000
1791121183.1063,4952,1528,56562,306000000,1728000
1791121183.1564,4952,1520,56687,306000000,1728000
1791121183.2065,4952,1528,56500,306000000,1728000
1791121183.2565,4952,1520,56468,306000000,1728000
1791121183.3066,4952,1528,56593,306000000,1728000
1791121183.3567,4952,1520,56468,306000000,1728000
1791121183.4068,4952,1528,56500,306000000,1728000
1791121183.4569,4952,1520,56531,306000000,1728000
1791121183.5070,4952,1520,56500,306000000,1728000
1791121183.5571,4952,1528,56500,306000000,1728000
1791121183.6072,4952,1528,56468,306000000,1728000
1791121183.6572,4952,1528,56531,306000000,1728000
1791121183.7073,4952,1528,56437,306000000,1728000
1791121183.7574,4952,1520,56500,306000000,1728000
1791121183.8075,4952,1520,56500,306000000,1728000
1791121183.8576,4952,1520,56531,306000000,1728000
1791121183.9076,4952,1520,56468,306000000,1728000
1791121183.9577,4952,1520,56500,306000000,1728000
1791121184.0078,4952,1512,56593,306000000,1728000
1791121184.0579,4952,1512,56500,306000000,1728000
1791121184.1079,4952,1520,56625,306000000,1728000
1791121184.1580,4952,1528,56531,306000000,1728000
1791121184.2081,4952,1528,56562,306000000,1728000
1791121184.2582,4952,1528,56562,306000000,1728000
1791121184.3083,4952,1528,56500,306000000,1728000
1791121184.3584,4952,1520,56468,306000000,1728000
1791121184.4085,4952,1520,56562,306000000,1728000
1791121184.4586,4952,1520,56593,306000000,1728000
1791121184.5086,4952,1520,56468,306000000,1728000
1791121184.5587,4952,1512,56625,306000000,1728000
1791121184.6088,4952,1512,56500,306000000,1728000
1791121184.6589,4952,1520,56531,306000000,1728000
1791121184.7090,4952,1528,56625,306000000,1728000
1791121184.7591,4952,1528,56468,306000000,1728000
1791121184.8092,4952,1528,56562,306000000,1728000
1791121184.8593,4952,1520,56656,306000000,1728000
1791121184.9093,4952,1520,56593,306000000,1728000
1791121184.9594,4952,1520,56500,306000000,1728000
1791121185.0095,4952,1520,56531,306000000,1728000
1791121185.0596,4952,1520,56437,306000000,1728000
1791121185.1097,4952,1512,56531,306000000,1728000
1791121185.1597,4952,1520,56500,306000000,1728000
1791121185.2098,4952,1528,56500,306000000,1728000
1791121185.2599,4952,1536,56687,306000000,1728000
1791121185.3100,4952,1536,56500,306000000,1728000
1791121185.3601,4952,1528,56625,306000000,1728000
1791121185.4102,4952,1528,56468,306000000,1728000
1791121185.4603,4952,1528,56531,306000000,1728000
1791121185.5104,4952,1528,56500,306000000,1728000
1791121185.5604,4952,1528,56593,306000000,1728000
1791121185.6105,4952,1528,56531,306000000,1728000
1791121185.6606,4952,1528,56531,306000000,1728000
1791121185.7107,4952,1520,56468,306000000,1728000
1791121185.7608,4952,1528,56468,306000000,1728000
1791121185.8109,4952,1528,56843,306000000,1728000
1791121185.8609,4952,1528,56437,306000000,1728000
1791121185.9111,4952,1528,56625,306000000,1728000
1791121185.9611,4952,1528,56593,306000000,1728000
1791121186.0112,4952,1520,56562,306000000,1728000
1791121186.0613,4952,1520,56656,306000000,1728000
1791121186.1114,4952,1512,56593,306000000,1728000
1791121186.1615,4952,1504,56593,306000000,1728000
1791121186.2115,4952,1512,56500,306000000,1728000
1791121186.2616,4952,1512,56687,306000000,1728000
1791121186.3117,4952,1512,56562,306000000,1728000
1791121186.3618,4952,1536,56593,306000000,1728000
1791121186.4119,4952,1536,56750,306000000,1728000
1791121186.4620,4952,1528,56625,306000000,1728000
1791121186.5121,4952,1528,56656,306000000,1728000
1791121186.5621,4952,1528,56593,306000000,1728000
1791121186.6122,4952,1528,56531,306000000,1728000
1791121186.6623,4952,1528,56562,306000000,1728000
1791121186.7124,4952,1520,56437,306000000,1728000
1791121186.7625,4952,1520,56500,306000000,1728000
1791121186.8125,4952,1520,56625,306000000,1728000
1791121186.8626,4952,1520,56500,306000000,1728000
1791121186.9127,4952,1528,56562,306000000,1728000
1791121186.9628,4952,1536,56500,306000000,1728000
1791121187.0129,4952,1528,56531,306000000,1728000
1791121187.0630,4952,1528,56500,306000000,1728000
1791121187.1130,4952,1520,56500,306000000,1728000
1791121187.1631,4952,1520,56562,306000000,1728000
1791121187.2132,4952,1520,56531,306000000,1728000
1791121187.2633,4952,1512,56656,306000000,1728000
1791121187.3134,4952,1512,56531,306000000,1728000
1791121187.3634,4952,1520,56593,306000000,1728000
1791121187.4135,4952,1520,56500,306000000,1728000
1791121187.4636,4952,1528,56625,306000000,1728000
1791121187.5137,4952,1536,56625,306000000,1728000
1791121187.5638,4952,1528,56531,306000000,1728000
1791121187.6139,4952,1528,56468,306000000,1728000
1791121187.6640,4952,1520,56593,306000000,1728000
1791121187.7140,4952,1520,56593,306000000,1728000
1791121187.7641,4952,1520,56531,306000000,1728000
1791121187.8142,4952,1520,56687,306000000,1728000
1791121187.8643,4952,1512,56500,306000000,1728000
1791121187.9144,4952,1520,56562,306000000,1728000
1791121187.9645,4952,1512,56625,306000000,1728000
1791121188.0146,4952,1528,56687,306000000,1728000
1791121188.0647,4952,1528,56656,306000000,1728000
1791121188.1147,4952,1520,56562,306000000,1728000
1791121188.1648,4952,1520,56656,306000000,1728000
1791121188.2149,4952,1520,56562,306000000,1728000
1791121188.2650,4952,1512,56593,306000000,1728000
1791121188.3151,4952,1528,56531,306000000,1728000
1791121188.3651,4952,1520,56562,306000000,1728000
1791121188.4152,4952,1520,56468,306000000,1728000
1791121188.4653,4952,1520,56531,306000000,1728000
1791121188.5154,4952,1520,56531,306000000,1728000
1791121188.5655,4952,1528,56531,306000000,1728000
1791121188.6156,4952,1528,56625,306000000,1728000
1791121188.6657,4952,1536,56531,306000000,1728000
1791121188.7158,4952,1528,56625,306000000,1728000
1791121188.7658,4952,1528,56531,306000000,1728000
1791121188.8159,4952,1536,56656,306000000,1728000
1791121188.8660,4952,1528,56500,306000000,1728000
1791121188.9161,4952,1528,56593,306000000,1728000
1791121188.9662,4952,1520,56500,306000000,1728000
1791121189.0162,4952,1520,56593,306000000,1728000
1791121189.0663,4952,1512,56656,306000000,1728000
1791121189.1164,4952,1528,56625,306000000,1728000
1791121189.1665,4952,1528,56593,306000000,1728000
1791121189.2166,4952,1528,56593,306000000,1728000
1791121189.2667,4952,1528,56593,306000000,1728000
1791121189.3168,4952,1520,56593,306000000,1728000
1791121189.3669,4952,1528,56656,306000000,1728000
1791121189.4169,4952,1528,56562,306000000,1728000
1791121189.4670,4952,1528,56625,306000000,1728000
1791121189.5171,4952,1528,56718,306000000,1728000
1791121189.5672,4952,1528,56500,306000000,1728000
1791121189.6173,4952,1528,56687,306000000,1728000
1791121189.6674,4952,1536,56593,306000000,1728000
1791121189.7175,4952,1544,56656,306000000,1728000
1791121189.7676,4952,1544,56562,306000000,1728000
1791121189.8177,4952,1536,56562,306000000,1728000
1791121189.8677,4952,1536,56500,306000000,1728000
1791121189.9178,4952,1536,56625,306000000,1728000
1791121189.9679,4952,1528,56625,306000000,1728000
1791121190.0180,4952,1528,56562,306000000,1728000
1791121190.0681,4952,1520,56625,306000000,1728000
1791121190.1181,4952,1528,56562,306000000,1728000
1791121190.1682,4952,1520,56625,306000000,1728000
1791121190.2183,4952,1520,56500,306000000,1728000
1791121190.2684,4952,1536,56625,306000000,1728000
1791121190.3185,4952,1528,56562,306000000,1728000
1791121190.3685,4952,1528,56562,306000000,1728000
1791121190.4186,4952,1528,56562,306000000,1728000
1791121190.4687,4952,1528,56500,306000000,1728000
1791121190.5188,4952,1520,56656,306000000,1728000
1791121190.5688,4952,1520,56531,306000000,1728000
1791121190.6189,4952,1520,56625,306000000,1728000
1791121190.6690,4952,1528,56562,306000000,1728000
1791121190.7191,4952,1528,56625,306000000,1728000
1791121190.7692,4952,1520,56593,306000000,1728000
1791121190.8193,4952,1536,56562,306000000,1728000
1791121190.8694,4952,1536,56562,306000000,1728000
1791121190.9195,4952,1528,56625,306000000,1728000
1791121190.9695,4952,1528,56593,306000000,1728000
1791121191.0196,4952,1520,56593,306000000,1728000
1791121191.0697,4952,1520,56687,306000000,1728000
1791121191.1198,4952,1520,56500,306000000,1728000
1791121191.1699,4952,1520,56562,306000000,1728000
1791121191.2199,4952,1520,56687,306000000,1728000
1791121191.2700,4952,1512,56500,306000000,1728000
1791121191.3201,4952,1520,56625,306000000,1728000
1791121191.3702,4952,1520,56500,306000000,1728000
1791121191.4203,4952,1528,56625,306000000,1728000
1791121191.4704,4952,1520,56531,306000000,1728000
1791121191.5204,4952,1528,56718,306000000,1728000
1791121191.5705,4952,1528,56531,306000000,1728000
1791121191.6206,4952,1528,56593,306000000,1728000
1791121191.6707,4952,1520,56531,306000000,1728000
1791121191.7208,4952,1520,56562,306000000,1728000
1791121191.7708,4952,1520,56562,306000000,1728000
1791121191.8209,4952,1520,56531,306000000,1728000
1791121191.8710,4952,1520,56687,306000000,1728000
1791121191.9211,4952,1528,56500,306000000,1728000
1791121191.9712,4952,1528,56625,306000000,1728000
1791121192.0213,4952,1520,56562,306000000,1728000
1791121192.0714,4952,1528,56656,306000000,1728000
1791121192.1214,4952,1520,56500,306000000,1728000
1791121192.1715,4952,1520,56656,306000000,1728000
1791121192.2216,4952,1512,56531,306000000,1728000
1791121192.2717,4952,1520,56625,306000000,1728000
1791121192.3217,4952,1520,56687,306000000,1728000
1791121192.3718,4952,1512,56531,306000000,1728000
1791121192.4219,4952,1520,56656,306000000,1728000
1791121192.4720,4952,1528,56625,306000000,1728000
1791121192.5221,4952,1536,56625,306000000,1728000
1791121192.5722,4952,1536,56593,306000000,1728000
1791121192.6223,4952,1536,56687,306000000,1728000
1791121192.6724,4952,1528,56687,306000000,1728000
1791121192.7224,4952,1528,56562,306000000,1728000
1791121192.7725,4952,1520,56781,306000000,1728000
1791121192.8226,4952,1520,56625,306000000,1728000
1791121192.8727,4952,1520,56687,306000000,1728000
1791121192.9228,4952,1512,56593,306000000,1728000
1791121192.9728,4952,1520,56718,306000000,1728000
1791121193.0229,4952,1520,56593,306000000,1728000
1791121193.0730,4952,1536,56562,306000000,1728000
1791121193.1231,4952,1528,56562,306000000,1728000
1791121193.1732,4952,1536,56625,306000000,1728000
1791121193.2233,4952,1528,56625,306000000,1728000
1791121193.2734,4952,1528,56531,306000000,1728000
1791121193.3235,4952,1512,56625,306000000,1728000
1791121193.3735,4952,1504,56625,306000000,1728000
1791121193.4236,4952,1480,56625,306000000,1728000
1791121193.4737,4960,1456,56531,306000000,1728000
1791121193.5238,4960,1432,56531,306000000,1728000
1791121193.5739,4960,1424,56625,306000000,1728000
1791121193.6240,4960,1424,56625,306000000,1728000
1791121193.6741,4960,1400,56562,306000000,1728000
1791121193.7242,4960,1392,56500,306000000,1728000
1791121193.7743,4960,1408,56718,306000000,1728000
1791121193.8243,4960,1416,56562,306000000,1728000
1791121193.8744,4960,1432,56562,306000000,1728000
1791121193.9245,4960,1432,56531,306000000,1728000
1791121193.9746,4960,1448,56531,306000000,1728000
1791121194.0247,4960,1448,56625,306000000,1728000
1791121194.0748,4960,1464,56625,306000000,1728000
1791121194.1249,4952,1472,56562,306000000,1728000
1791121194.1749,4952,1488,56687,306000000,1728000
1791121194.2250,4952,1488,56718,306000000,1728000
1791121194.2751,4952,1488,56656,306000000,1728000
1791121194.3252,4952,1496,56781,306000000,1728000
1791121194.3753,4952,1496,56625,306000000,1728000
1791121194.4254,4952,1504,56562,306000000,1728000
1791121194.4755,4952,1504,56531,306000000,1728000
1791121194.5255,4952,1504,56625,306000000,1728000
1791121194.5756,4952,1512,56687,306000000,1728000
1791121194.6257,4952,1504,56562,306000000,1728000
1791121194.6758,4952,1504,56718,306000000,1728000
1791121194.7259,4952,1520,56500,306000000,1728000
1791121194.7760,4952,1528,56656,306000000,1728000
1791121194.8260,4952,1528,56531,306000000,1728000
1791121194.8761,4952,1520,56531,306000000,1728000
1791121194.9262,4952,1520,56468,306000000,1728000
1791121194.9763,4952,1520,56593,306000000,1728000
1791121195.0264,4952,1520,56500,306000000,1728000
1791121195.0764,4952,1512,56562,306000000,1728000
1791121195.1265,4952,1512,56656,306000000,1728000
1791121195.1766,4952,1504,56531,306000000,1728000
1791121195.2267,4952,1504,56656,306000000,1728000
1791121195.2768,4952,1512,56687,306000000,1728000
1791121195.3269,4952,1520,56625,306000000,1728000
1791121195.3769,4952,1512,56531,306000000,1728000
1791121195.4270,4952,1512,56656,306000000,1728000
1791121195.4771,4952,1512,56500,306000000,1728000
1791121195.5272,4952,1504,56625,306000000,1728000
1791121195.5773,4952,1512,56718,306000000,1728000
1791121195.6274,4952,1504,56531,306000000,1728000
1791121195.6775,4952,1504,56656,306000000,1728000
1791121195.7276,4952,1496,56718,306000000,1728000
1791121195.7776,4952,1504,56656,306000000,1728000
1791121195.8277,4952,1504,56562,306000000,1728000
1791121195.8778,4952,1520,56687,306000000,1728000
1791121195.9279,4952,1512,56562,306000000,1728000
1791121195.9780,4952,1520,56593,306000000,1728000
1791121196.0281,4952,1520,56656,306000000,1728000
1791121196.0781,4952,1520,56562,306000000,1728000
1791121196.1282,4952,1520,56718,306000000,1728000
1791121196.1783,4952,1520,56562,306000000,1728000
1791121196.2284,4952,1520,56625,306000000,1728000
1791121196.2785,4952,1520,56656,306000000,1728000
1791121196.3285,4952,1520,56593,306000000,1728000
1791121196.3787,4952,1528,56718,306000000,1728000
1791121196.4288,4952,1536,56625,306000000,1728000
1791121196.4788,4952,1528,56593,306000000,1728000
1791121196.5289,4952,1536,56500,306000000,1728000
1791121196.5790,4952,1536,56687,306000000,1728000
1791121196.6291,4952,1528,56687,306000000,1728000
1791121196.6792,4952,1528,56656,306000000,1728000
1791121196.7293,4952,1520,56625,306000000,1728000
1791121196.7794,4952,1528,56562,306000000,1728000
1791121196.8294,4952,1536,56500,306000000,1728000
1791121196.8795,4952,1528,56593,306000000,1728000
1791121196.9296,4952,1536,56625,306000000,1728000
1791121196.9797,4952,1544,56625,306000000,1728000
1791121197.0298,4952,1544,56718,306000000,1728000
1791121197.0799,4952,1536,56562,306000000,1728000
1791121197.1300,4952,1528,56656,306000000,1728000
1791121197.1801,4952,1536,56562,306000000,1728000
1791121197.2301,4952,1536,56562,306000000,1728000
1791121197.2802,4952,1536,56687,306000000,1728000
1791121197.3303,4952,1536,56562,306000000,1728000
1791121197.3805,4952,1528,56625,306000000,1728000
1791121197.4306,4952,1528,56718,306000000,1728000
1791121197.4807,4952,1528,56593,306000000,1728000
1791121197.5308,4952,1544,56687,306000000,1728000
1791121197.5809,4952,1536,56656,306000000,1728000
1791121197.6310,4952,1536,56500,306000000,1728000
1791121197.6811,4952,1536,56687,306000000,1728000
1791121197.7312,4952,1528,56531,306000000,1728000
1791121197.7813,4952,1520,56593,306000000,1728000
1791121197.8313,4952,1528,56718,306000000,1728000
1791121197.8814,4952,1520,56531,306000000,1728000
1791121197.9315,4952,1520,56718,306000000,1728000
1791121197.9816,4952,1520,56531,306000000,1728000
1791121198.0317,4952,1520,56625,306000000,1728000
1791121198.0818,4952,1536,56750,306000000,1728000
1791121198.1319,4952,1528,56562,306000000,1728000
1791121198.1819,4952,1536,56593,306000000,1728000
1791121198.2320,4952,1528,56625,306000000,1728000
1791121198.2821,4952,1528,56531,306000000,1728000
1791121198.3322,4952,1536,56625,306000000,1728000
1791121198.3823,4952,1528,56750,306000000,1728000
1791121198.4324,4952,1528,56562,306000000,1728000
1791121198.4824,4952,1528,56625,306000000,1728000
1791121198.5325,4952,1520,56656,306000000,1728000
1791121198.5826,4952,1528,56750,306000000,1728000
1791121198.6327,4952,1536,56718,306000000,1728000
1791121198.6828,4952,1536,56593,306000000,1728000
1791121198.7329,4952,1536,56562,306000000,1728000
1791121198.7830,4952,1536,56656,306000000,1728000
1791121198.8330,4952,1536,56781,306000000,1728000
1791121198.8831,4952,1528,56593,306000000,1728000
1791121198.9332,4952,1528,56625,306000000,1728000
1791121198.9833,4952,1528,56750,306000000,1728000
1791121199.0334,4952,1528,56718,306000000,1728000
1791121199.0835,4952,1528,56718,306000000,1728000
1791121199.1335,4952,1528,56562,306000000,1728000
1791121199.1836,4952,1544,56781,306000000,1728000
1791121199.2337,4952,1544,56687,306000000,1728000
1791121199.2838,4952,1544,56562,306000000,1728000
1791121199.3339,4952,1544,56625,306000000,1728000
1791121199.3840,4952,1536,56750,306000000,1728000
1791121199.4341,4952,1536,56593,306000000,1728000
1791121199.4841,4952,1536,56625,306000000,1728000
1791121199.5342,4952,1528,56687,306000000,1728000
1791121199.5843,4952,1528,56562,306000000,1728000
1791121199.6344,4952,1528,56562,306000000,1728000
1791121199.6845,4952,1520,56625,306000000,1728000
1791121199.7346,4952,1528,56750,306000000,1728000
1791121199.7847,4952,1536,56562,306000000,1728000
1791121199.8348,4952,1536,56718,306000000,1728000
1791121199.8849,4952,1528,56500,306000000,1728000
1791121199.9349,4952,1528,56718,306000000,1728000
1791121199.9850,4952,1520,56562,306000000,1728000
1791121200.0351,4952,1520,56656,306000000,1728000
1791121200.0852,4952,1520,56531,306000000,1728000
1791121200.1353,4952,1520,56625,306000000,1728000
1791121200.1854,4952,1520,56593,306000000,1728000
1791121200.2354,4952,1512,56562,306000000,1728000
1791121200.2855,4952,1520,56687,306000000,1728000
1791121200.3356,4952,1528,56625,306000000,1728000
1791121200.3857,4952,1528,56687,306000000,1728000
1791121200.4358,4952,1520,56718,306000000,1728000
1791121200.4859,4952,1520,56687,306000000,1728000
1791121200.5360,4952,1520,56718,306000000,1728000
1791121200.5861,4952,1512,56718,306000000,1728000
1791121200.6362,4952,1520,56687,306000000,1728000
1791121200.6862,4952,1512,56625,306000000,1728000
1791121200.7363,4952,1520,56656,306000000,1728000
1791121200.7864,4952,1520,56718,306000000,1728000
1791121200.8365,4952,1528,56750,306000000,1728000
1791121200.8866,4952,1528,56656,306000000,1728000
1791121200.9367,4952,1528,56718,306000000,1728000
1791121200.9868,4952,1528,56656,306000000,1728000
1791121201.0369,4952,1520,56656,306000000,1728000
1791121201.0869,4952,1520,56843,306000000,1728000
1791121201.1370,4952,1512,56562,306000000,1728000
1791121201.1871,4952,1520,56625,306000000,1728000
1791121201.2372,4952,1520,56687,306000000,1728000
1791121201.2873,4952,1520,56625,306000000,1728000
1791121201.3374,4952,1520,56625,306000000,1728000
1791121201.3875,4952,1520,56718,306000000,1728000
1791121201.4376,4952,1528,56593,306000000,1728000
1791121201.4877,4952,1520,56625,306000000,1728000
1791121201.5377,4952,1528,56718,306000000,1728000
1791121201.5878,4952,1520,56625,306000000,1728000
1791121201.6379,4952,1528,56593,306000000,1728000
1791121201.6880,4952,1528,56593,306000000,1728000
1791121201.7381,4952,1528,56750,306000000,1728000
1791121201.7881,4952,1520,56593,306000000,1728000
1791121201.8382,4952,1520,56718,306000000,1728000
1791121201.8883,4952,1520,56625,306000000,1728000
1791121201.9384,4952,1528,56718,306000000,1728000
1791121201.9885,4952,1536,56562,306000000,1728000
1791121202.0386,4952,1528,56625,306000000,1728000
1791121202.0887,4952,1528,56750,306000000,1728000
1791121202.1388,4952,1528,56562,306000000,1728000
1791121202.1888,4952,1520,56750,306000000,1728000
1791121202.2389,4952,1528,56625,306000000,1728000
1791121202.2890,4952,1528,56687,306000000,1728000
1791121202.3391,4952,1528,56718,306000000,1728000
1791121202.3892,4952,1528,56593,306000000,1728000
1791121202.4392,4952,1528,56500,306000000,1728000
1791121202.4893,4952,1528,56656,306000000,1728000
1791121202.5394,4952,1536,56656,306000000,1728000
1791121202.5895,4952,1528,56531,306000000,1728000
1791121202.6396,4952,1536,56781,306000000,1728000
1791121202.6897,4952,1528,56562,306000000,1728000
1791121202.7397,4952,1528,56656,306000000,1728000
1791121202.7898,4952,1528,56781,306000000,1728000
1791121202.8399,4952,1528,56625,306000000,1728000
1791121202.8900,4952,1520,56562,306000000,1728000
1791121202.9401,4952,1520,56687,306000000,1728000
1791121202.9901,4952,1520,56562,306000000,1728000
1791121203.0402,4952,1512,56531,306000000,1728000
1791121203.0903,4952,1528,56750,306000000,1728000
1791121203.1404,4952,1528,56625,306000000,1728000
1791121203.1905,4952,1536,56687,306000000,1728000
1791121203.2405,4952,1528,56625,306000000,1728000
1791121203.2906,4952,1528,56625,306000000,1728000
1791121203.3407,4952,1520,56593,306000000,1728000
1791121203.3908,4952,1520,56625,306000000,1728000
1791121203.4408,4952,1520,56625,306000000,1728000
1791121203.4909,4952,1512,56656,306000000,1728000
1791121203.5410,4952,1512,56781,306000000,1728000
1791121203.5911,4952,1512,56656,306000000,1728000
1791121203.6412,4952,1520,56750,306000000,1728000
1791121203.6913,4952,1528,56656,306000000,1728000
1791121203.7413,4952,1528,56718,306000000,1728000
1791121203.7914,4952,1520,56562,306000000,1728000
1791121203.8415,4952,1520,56625,306000000,1728000
1791121203.8916,4952,1520,56656,306000000,1728000
1791121203.9417,4952,1520,56625,306000000,1728000
1791121203.9918,4952,1520,56718,306000000,1728000
1791121204.0419,4952,1520,56718,306000000,1728000
1791121204.0919,4952,1520,56718,306000000,1728000
1791121204.1420,4952,1520,56562,306000000,1728000
1791121204.1921,4952,1528,56750,306000000,1728000
1791121204.2422,4952,1528,56593,306000000,1728000
1791121204.2923,4952,1528,56687,306000000,1728000
1791121204.3424,4952,1528,56750,306000000,1728000
1791121204.3925,4952,1528,56593,306000000,1728000
1791121204.4425,4952,1520,56750,306000000,1728000
1791121204.4926,4952,1528,56625,306000000,1728000
1791121204.5427,4952,1520,56718,306000000,1728000
1791121204.5928,4952,1520,56562,306000000,1728000
1791121204.6429,4952,1528,56656,306000000,1728000
1791121204.6930,4952,1520,56593,306000000,1728000
1791121204.7431,4952,1528,56593,306000000,1728000
1791121204.7932,4952,1536,56687,306000000,1728000
1791121204.8433,4952,1528,56625,306000000,1728000
1791121204.8933,4952,1520,56812,306000000,1728000
1791121204.9434,4952,1520,56562,306000000,1728000
1791121204.9935,4952,1512,56718,306000000,1728000
1791121205.0436,4952,1520,56718,306000000,1728000
1791121205.0937,4952,1512,56687,306000000,1728000
1791121205.1438,4952,1520,56656,306000000,1728000
1791121205.1938,4952,1520,56656,306000000,1728000
1791121205.2439,4952,1520,56656,306000000,1728000
1791121205.2940,4952,1520,56718,306000000,1728000
1791121205.3441,4952,1528,56750,306000000,1728000
1791121205.3942,4952,1528,56593,306000000,1728000
1791121205.4443,4952,1520,56750,306000000,1728000
1791121205.4944,4952,1528,56562,306000000,1728000
1791121205.5445,4952,1520,56718,306000000,1728000
1791121205.5945,4952,1528,56781,306000000,1728000
1791121205.6446,4952,1528,56656,306000000,1728000
1791121205.6947,4952,1520,56593,306000000,1728000
1791121205.7448,4952,1528,56750,306000000,1728000
1791121205.7949,4952,1520,56562,306000000,1728000
1791121205.8450,4952,1528,56656,306000000,1728000
1791121205.8951,4952,1536,56781,306000000,1728000
1791121205.9452,4952,1536,56562,306000000,1728000
1791121205.9953,4952,1528,56718,306000000,1728000
1791121206.0453,4952,1528,56656,306000000,1728000
1791121206.0954,4952,1520,56687,306000000,1728000
1791121206.1455,4952,1520,56593,306000000,1728000
1791121206.1956,4952,1520,56718,306000000,1728000
1791121206.2456,4952,1512,56531,306000000,1728000
1791121206.2957,4952,1512,56562,306000000,1728000
1791121206.3458,4952,1512,56750,306000000,1728000
1791121206.3959,4952,1520,56656,306000000,1728000
1791121206.4460,4952,1528,56906,306000000,1728000
1791121206.4961,4952,1528,56625,306000000,1728000
1791121206.5462,4952,1520,56687,306000000,1728000
1791121206.5962,4952,1520,56656,306000000,1728000
1791121206.6463,4952,1520,56625,306000000,1728000
1791121206.6964,4952,1520,56750,306000000,1728000
1791121206.7465,4952,1520,56625,306000000,1728000
1791121206.7966,4952,1520,56812,306000000,1728000
1791121206.8466,4952,1512,56656,306000000,1728000
1791121206.8967,4952,1520,56843,306000000,1728000
1791121206.9468,4952,1512,56718,306000000,1728000
1791121206.9969,4952,1536,56718,306000000,1728000
1791121207.0472,4952,1536,56718,306000000,1728000
1791121207.0973,4952,1528,56687,306000000,1728000
1791121207.1474,4952,1528,56625,306000000,1728000
1791121207.1975,4952,1528,56687,306000000,1728000
1791121207.2476,4952,1528,56781,306000000,1728000
1791121207.2976,4952,1528,56718,306000000,1728000
1791121207.3477,4952,1520,56812,306000000,1728000
1791121207.3978,4952,1528,56656,306000000,1728000
1791121207.4479,4952,1520,56750,306000000,1728000
1791121207.4979,4952,1520,56687,306000000,1728000
1791121207.5480,4952,1528,56656,306000000,1728000
1791121207.5981,4952,1528,56625,306000000,1728000
1791121207.6482,4952,1536,56718,306000000,1728000
1791121207.6983,4952,1536,56593,306000000,1728000
1791121207.7484,4952,1528,56562,306000000,1728000
1791121207.7985,4952,1536,56781,306000000,1728000
1791121207.8486,4952,1536,56562,306000000,1728000
1791121207.8986,4952,1528,56718,306000000,1728000
1791121207.9487,4952,1520,56531,306000000,1728000
1791121207.9988,4952,1520,56656,306000000,1728000
1791121208.0489,4952,1512,56656,306000000,1728000
1791121208.0990,4952,1536,56781,306000000,1728000
1791121208.1490,4952,1536,56687,306000000,1728000
1791121208.1991,4952,1528,56656,306000000,1728000
1791121208.2492,4952,1528,56812,306000000,1728000
1791121208.2993,4952,1528,56593,306000000,1728000
1791121208.3494,4952,1520,56812,306000000,1728000
1791121208.3994,4952,1520,56687,306000000,1728000
1791121208.4495,4952,1512,56625,306000000,1728000
1791121208.4996,4952,1512,56625,306000000,1728000
1791121208.5497,4952,1512,56750,306000000,1728000
1791121208.5998,4952,1512,56625,306000000,1728000
1791121208.6499,4952,1528,56687,306000000,1728000
1791121208.7000,4952,1528,56750,306000000,1728000
1791121208.7500,4952,1520,56593,306000000,1728000
1791121208.8001,4952,1520,56781,306000000,1728000
1791121208.8502,4952,1520,56843,306000000,1728000
1791121208.9003,4952,1512,56718,306000000,1728000
1791121208.9504,4952,1520,56656,306000000,1728000
1791121209.0005,4952,1520,56781,306000000,1728000
1791121209.0506,4952,1520,56625,306000000,1728000
1791121209.1006,4952,1520,56687,306000000,1728000
1791121209.1507,4952,1512,56906,306000000,1728000
1791121209.2008,4952,1528,56656,306000000,1728000
1791121209.2509,4952,1536,56718,306000000,1728000
1791121209.3010,4952,1528,56562,306000000,1728000
1791121209.3511,4952,1528,56750,306000000,1728000
1791121209.4011,4952,1528,56687,306000000,1728000
1791121209.4512,4952,1528,56687,306000000,1728000
1791121209.5013,4952,1520,56656,306000000,1728000
1791121209.5514,4952,1528,56593,306000000,1728000
1791121209.6015,4952,1512,56750,306000000,1728000
1791121209.6516,4952,1520,56656,306000000,1728000
1791121209.7016,4952,1520,56750,306000000,1728000
1791121209.7517,4952,1520,56687,306000000,1728000
1791121209.8018,4952,1536,56718,306000000,1728000
1791121209.8519,4952,1528,56593,306000000,1728000
1791121209.9020,4952,1528,56687,306000000,1728000
1791121209.9521,4952,1528,56750,306000000,1728000
1791121210.0022,4952,1528,56593,306000000,1728000
1791121210.0522,4952,1528,56843,306000000,1728000
1791121210.1023,4952,1528,56750,306000000,1728000
1791121210.1524,4952,1528,56687,306000000,1728000
1791121210.2025,4952,1520,56687,306000000,1728000
1791121210.2526,4952,1520,56750,306000000,1728000
1791121210.3027,4952,1520,56718,306000000,1728000
1791121210.3528,4952,1536,56750,306000000,1728000
1791121210.4028,4952,1528,56781,306000000,1728000
1791121210.4529,4952,1528,56656,306000000,1728000
1791121210.5030,4952,1528,56875,306000000,1728000
1791121210.5531,4952,1528,56875,306000000,1728000
1791121210.6032,4952,1520,56812,306000000,1728000
1791121210.6532,4952,1520,56593,306000000,1728000
1791121210.7033,4952,1520,56781,306000000,1728000
1791121210.7534,4952,1528,56687,306000000,1728000
1791121210.8035,4952,1520,56781,306000000,1728000
1791121210.8536,4952,1520,56625,306000000,1728000
1791121210.9037,4952,1536,56625,306000000,1728000
1791121210.9537,4952,1536,56843,306000000,1728000
1791121211.0038,4952,1528,56625,306000000,1728000
1791121211.0539,4952,1536,56718,306000000,1728000
1791121211.1040,4952,1528,56625,306000000,1728000
1791121211.1541,4952,1528,56843,306000000,1728000
1791121211.2041,4952,1520,56718,306000000,1728000
1791121211.2542,4952,1520,56718,306000000,1728000
1791121211.3043,4952,1520,56656,306000000,1728000
1791121211.3544,4952,1520,56718,306000000,1728000
1791121211.4045,4952,1520,56875,306000000,1728000
1791121211.4545,4952,1528,56656,306000000,1728000
1791121211.5046,4952,1536,56812,306000000,1728000
1791121211.5547,4952,1528,56593,306000000,1728000
1791121211.6048,4952,1528,56781,306000000,1728000
1791121211.6549,4952,1528,56750,306000000,1728000
1791121211.7050,4952,1528,56781,306000000,1728000
1791121211.7551,4952,1528,56687,306000000,1728000
1791121211.8051,4952,1528,56781,306000000,1728000
1791121211.8552,4952,1512,56750,306000000,1728000
1791121211.9053,4952,1472,56687,306000000,1728000
1791121211.9554,4960,1440,56843,306000000,1728000
1791121212.0055,4960,1424,56781,306000000,1728000
1791121212.0556,4960,1408,56812,306000000,1728000
1791121212.1056,4960,1384,56968,306000000,1728000
1791121212.1557,4960,1360,56718,306000000,1728000
1791121212.2058,4960,1344,56625,306000000,1728000
1791121212.2559,4960,1320,56718,306000000,1728000
1791121212.3060,4960,1312,56718,306000000,1728000
1791121212.3560,4960,1296,56656,306000000,1728000
1791121212.4061,4960,1280,56781,306000000,1728000
1791121212.4562,4960,1272,56687,306000000,1728000
1791121212.5063,4960,1264,56750,306000000,1728000
1791121212.5564,4960,1264,56625,306000000,1728000
1791121212.6065,4960,1264,56750,306000000,1728000
1791121212.6565,4960,1256,56968,306000000,1728000
1791121212.7066,4960,1248,56718,306000000,1728000
1791121212.7567,4960,1248,56625,306000000,1728000
1791121212.8068,4968,1240,56625,306000000,1728000
1791121212.8569,4968,1232,56750,306000000,1728000
1791121212.9069,4968,1232,56687,306000000,1728000
1791121212.9570,4968,1224,56750,306000000,1728000
1791121213.0071,4968,1224,56625,306000000,1728000
1791121213.0572,4968,1224,56656,306000000,1728000
1791121213.1073,4968,1224,56750,306000000,1728000
1791121213.1574,4968,1232,56781,306000000,1728000
1791121213.2074,4968,1224,56843,306000000,1728000
1791121213.2575,4968,1224,56656,306000000,1728000
1791121213.3076,4968,1224,56718,306000000,1728000
1791121213.3577,4968,1216,56625,306000000,1728000
1791121213.4078,4968,1216,56750,306000000,1728000
1791121213.4578,4968,1216,56843,306000000,1728000
1791121213.5079,4968,1208,56750,306000000,1728000
1791121213.5580,4968,1208,56562,306000000,1728000
1791121213.6081,4968,1208,56656,306000000,1728000
1791121213.6582,4968,1216,56687,306000000,1728000
1791121213.7083,4968,1224,56656,306000000,1728000
1791121213.7584,4968,1216,56750,306000000,1728000
1791121213.8084,4968,1216,56656,306000000,1728000
1791121213.8585,4968,1216,56687,306000000,1728000
1791121213.9086,4968,1216,56562,306000000,1728000
1791121213.9587,4968,1208,56593,306000000,1728000
1791121214.0088,4968,1208,56906,306000000,1728000
1791121214.0588,4968,1208,56687,306000000,1728000
1791121214.1089,4968,1208,56593,306000000,1728000
1791121214.1590,4968,1208,56625,306000000,1728000
1791121214.2091,4968,1208,56750,306000000,1728000
1791121214.2592,4968,1216,56656,306000000,1728000
1791121214.3093,4968,1216,57062,306000000,1728000
1791121214.3594,4960,1232,56593,306000000,1728000
1791121214.4095,4960,1240,56687,306000000,1728000
1791121214.4595,4960,1240,56593,306000000,1728000
1791121214.5096,4960,1240,56687,306000000,1728000
1791121214.5597,4960,1256,57000,306000000,1728000
1791121214.6098,4960,1264,56750,306000000,1728000
1791121214.6599,4960,1256,56531,306000000,1728000
1791121214.7099,4960,1256,56562,306000000,1728000
1791121214.7600,4968,1232,56687,306000000,1728000
1791121214.8101,4968,1224,56593,306000000,1728000
