1791120300.3523,4968,992,54593,306000000,1728000
1791120300.4024,4968,1048,54968,306000000,1728000
1791120300.4525,4968,1104,55250,306000000,1728000
1791120300.5026,4968,1112,54937,306000000,1728000
1791120300.5527,4968,1128,55093,306000000,1728000
1791120300.6028,4968,1136,54875,306000000,1728000
1791120300.6529,4968,1144,54750,306000000,1728000
1791120300.7030,4968,1152,54781,306000000,1728000
1791120300.7531,4968,1160,55000,306000000,1728000
1791120300.8032,4960,1176,54593,306000000,1728000
1791120300.8533,4960,1176,54718,306000000,1728000
1791120300.9034,4960,1184,54593,306000000,1728000
1791120300.9535,4960,1184,54687,306000000,1728000
1791120301.0035,4960,1184,54781,306000000,1728000
1791120301.0536,4960,1184,54625,306000000,1728000
1791120301.1037,4960,1192,54656,306000000,1728000
1791120301.1538,4960,1192,54593,306000000,1728000
1791120301.2039,4960,1192,54812,306000000,1728000
1791120301.2539,4960,1192,54531,306000000,1728000
1791120301.3040,4960,1208,54781,1020000000,1728000
1791120301.3541,4960,1216,54750,306000000,1728000
1791120301.4042,4960,1216,54843,306000000,1728000
1791120301.4543,4960,1216,54781,306000000,1728000
1791120301.5044,4960,1224,54687,306000000,1728000
1791120301.5545,4960,1224,54656,306000000,1728000
1791120301.6046,4960,1256,54718,306000000,1574400
1791120301.6547,4960,1264,54781,306000000,1574400
1791120301.7048,4960,1272,54656,306000000,1190400
1791120301.7549,4960,1272,54750,306000000,1728000
1791120301.8050,4960,1272,54625,306000000,1728000
1791120301.8551,4960,1280,54718,306000000,1728000
1791120301.9052,4960,1296,54687,306000000,1728000
1791120301.9553,4960,1296,54750,306000000,1728000
1791120302.0054,4960,1288,54593,306000000,1728000
1791120302.0554,4960,1280,54750,306000000,1728000
1791120302.1055,4960,1280,54781,306000000,1728000
1791120302.1556,4960,1272,54687,306000000,1728000
1791120302.2057,4960,1272,54781,306000000,1728000
1791120302.2558,4960,1272,54656,306000000,1728000
1791120302.3059,4960,1272,54718,306000000,1728000
1791120302.3560,4960,1272,54625,306000000,960000
1791120302.4061,4960,1272,54718,306000000,883200
1791120302.4562,4960,1280,54593,306000000,1728000
1791120302.5063,4960,1280,54687,306000000,1728000
1791120302.5564,4960,1280,54625,306000000,1728000
1791120302.6065,4960,1280,54781,306000000,1728000
1791120302.6566,4960,1272,54781,306000000,1728000
1791120302.7066,4960,1272,54656,306000000,1728000
1791120302.7567,4960,1272,54843,306000000,1728000
1791120302.8068,4960,1272,54656,306000000,1728000
1791120302.8569,4960,1272,54718,306000000,1728000
1791120302.9070,4960,1272,54656,306000000,1728000
1791120302.9571,4960,1272,54718,306000000,806400
1791120303.0072,4960,1288,54562,306000000,1420800
1791120303.0573,4960,1288,54750,306000000,1728000
1791120303.1074,4960,1288,54843,306000000,1728000
1791120303.1575,4960,1280,54656,306000000,1728000
1791120303.2076,4960,1280,54843,306000000,1728000
1791120303.2576,4960,1280,54687,306000000,806400
1791120303.3077,4960,1280,54812,306000000,1728000
1791120303.3579,4960,1280,54687,306000000,960000
1791120303.4079,4960,1280,54781,306000000,1728000
1791120303.4580,4960,1272,54656,306000000,1036800
1791120303.5081,4960,1264,54781,306000000,1728000
1791120303.5582,4960,1272,54781,306000000,1728000
1791120303.6083,4960,1280,54687,306000000,1728000
1791120303.6584,4960,1272,54812,306000000,1728000
1791120303.7085,4960,1272,54718,306000000,1728000
1791120303.7586,4960,1264,54843,306000000,1728000
1791120303.8087,4960,1256,54656,306000000,1728000
1791120303.8588,4960,1256,54687,306000000,1728000
1791120303.9088,4960,1256,54625,306000000,1728000
1791120303.9589,4960,1256,54687,306000000,883200
1791120304.0090,4960,1248,54562,306000000,1728000
1791120304.0591,4960,1256,54656,306000000,960000
1791120304.1092,4960,1256,54750,306000000,1113600
1791120304.1593,4960,1272,54625,306000000,1728000
1791120304.2094,4960,1272,54843,306000000,1728000
1791120304.2595,4960,1272,54562,306000000,1728000
1791120304.3096,4960,1264,54781,306000000,806400
1791120304.3597,4960,1272,54562,306000000,1728000
1791120304.4098,4960,1272,54781,306000000,1728000
1791120304.4599,4960,1264,54562,306000000,1728000
1791120304.5100,4960,1264,54656,306000000,1728000
1791120304.5601,4960,1264,54781,306000000,1728000
1791120304.6102,4960,1264,54718,306000000,1728000
1791120304.6603,4960,1264,54812,306000000,1728000
1791120304.7104,4960,1272,54656,306000000,1728000
1791120304.7605,4960,1280,54718,306000000,1728000
1791120304.8106,4960,1272,54656,306000000,1728000
1791120304.8606,4960,1272,54718,306000000,1728000
1791120304.9107,4960,1272,54656,306000000,1728000
1791120304.9608,4960,1272,54718,306000000,1728000
1791120305.0109,4960,1264,54843,306000000,1728000
1791120305.0610,4960,1264,54750,306000000,1728000
1791120305.1111,4960,1264,54812,306000000,1728000
1791120305.1611,4960,1256,54656,306000000,1728000
1791120305.2112,4960,1256,54812,306000000,1728000
1791120305.2613,4960,1264,54718,306000000,1728000
1791120305.3114,4960,1264,54687,306000000,1728000
1791120305.3615,4960,1264,54718,306000000,1728000
1791120305.4116,4960,1272,54718,306000000,1728000
1791120305.4617,4960,1264,54781,306000000,1728000
1791120305.5118,4960,1264,54687,306000000,1728000
1791120305.5618,4960,1256,54875,306000000,1728000
1791120305.6119,4960,1256,54750,306000000,1728000
1791120305.6620,4960,1256,54812,306000000,1728000
1791120305.7121,4960,1256,54656,306000000,1728000
1791120305.7622,4960,1248,54750,306000000,1728000
1791120305.8123,4960,1256,54687,306000000,1728000
1791120305.8624,4960,1256,54718,306000000,1728000
1791120305.9125,4960,1256,54843,306000000,1728000
1791120305.9626,4960,1256,54718,306000000,1728000
1791120306.0126,4960,1256,54781,306000000,1728000
1791120306.0627,4960,1256,54750,306000000,1728000
1791120306.1128,4960,1248,54750,306000000,1728000
1791120306.1629,4960,1248,54625,306000000,1728000
1791120306.2130,4960,1232,54750,306000000,1728000
1791120306.2630,4960,1232,54625,306000000,1728000
1791120306.3131,4960,1248,54718,306000000,1728000
1791120306.3632,4960,1272,54812,306000000,1344000
1791120306.4133,4960,1296,54718,306000000,1728000
1791120306.4634,4960,1296,54843,306000000,1728000
1791120306.5135,4960,1296,54687,306000000,1728000
1791120306.5636,4960,1288,54750,306000000,1728000
1791120306.6137,4960,1288,54687,306000000,1728000
1791120306.6638,4960,1280,54781,306000000,1728000
1791120306.7139,4960,1280,54656,306000000,1728000
1791120306.7640,4960,1272,54875,306000000,1728000
1791120306.8140,4960,1280,54812,306000000,1728000
1791120306.8641,4960,1272,54718,306000000,1728000
1791120306.9142,4960,1272,54843,306000000,1728000
1791120306.9643,4960,1280,54718,306000000,1728000
1791120307.0144,4960,1272,54937,306000000,1728000
1791120307.0645,4960,1280,54593,306000000,1728000
1791120307.1146,4960,1272,54750,306000000,1728000
1791120307.1647,4960,1272,54625,306000000,1728000
1791120307.2148,4960,1272,54718,306000000,1728000
1791120307.2649,4960,1264,54625,306000000,1728000
1791120307.3149,4960,1256,54718,306000000,1728000
1791120307.3650,4960,1256,54812,306000000,1728000
1791120307.4151,4960,1256,54750,306000000,1728000
1791120307.4652,4960,1264,54812,306000000,1728000
1791120307.5153,4960,1280,54718,306000000,1728000
1791120307.5654,4960,1272,54718,306000000,1728000
1791120307.6155,4960,1272,54656,306000000,1728000
1791120307.6656,4960,1264,54687,306000000,1728000
1791120307.7157,4960,1264,54593,306000000,1728000
1791120307.7657,4960,1264,54656,306000000,1728000
1791120307.8158,4960,1256,54781,306000000,1728000
1791120307.8659,4960,1256,54718,306000000,1728000
1791120307.9160,4960,1256,54781,306000000,1728000
1791120307.9661,4960,1256,54718,306000000,1728000
1791120308.0162,4960,1256,54750,306000000,1728000
1791120308.0663,4960,1264,54593,306000000,1728000
1791120308.1164,4960,1264,54750,306000000,1728000
1791120308.1665,4960,1264,54718,306000000,1728000
1791120308.2166,4960,1264,54656,306000000,1728000
1791120308.2666,4960,1256,54750,306000000,1728000
1791120308.3167,4960,1248,54718,306000000,1728000
1791120308.3668,4960,1248,54875,306000000,1728000
1791120308.4169,4960,1248,54718,306000000,1728000
1791120308.4670,4960,1256,54781,306000000,1267200
1791120308.5171,4960,1256,54593,306000000,1728000
1791120308.5672,4960,1248,54781,306000000,1728000
1791120308.6173,4960,1256,54687,306000000,1190400
1791120308.6673,4960,1264,54781,306000000,1728000
1791120308.7174,4960,1256,54906,306000000,1728000
1791120308.7675,4960,1248,54687,306000000,1728000
1791120308.8176,4960,1248,54843,306000000,1728000
1791120308.8677,4960,1256,54656,306000000,1728000
1791120308.9178,4960,1256,54781,306000000,1728000
1791120308.9679,4960,1256,54656,306000000,1728000
1791120309.0179,4960,1256,54812,306000000,1728000
1791120309.0680,4960,1248,54687,306000000,1728000
1791120309.1181,4960,1240,54687,306000000,1728000
1791120309.1682,4960,1248,54593,306000000,1728000
1791120309.2183,4960,1256,54718,306000000,1728000
1791120309.2684,4960,1264,54750,306000000,1728000
1791120309.3185,4960,1248,54718,306000000,1728000
1791120309.3686,4960,1256,54812,306000000,1728000
1791120309.4187,4960,1256,54687,306000000,1728000
1791120309.4687,4960,1256,54687,306000000,1728000
1791120309.5188,4960,1264,54687,306000000,1728000
1791120309.5689,4960,1264,54718,306000000,1728000
1791120309.6190,4960,1256,54656,306000000,1728000
1791120309.6691,4960,1256,54656,306000000,1728000
1791120309.7192,4960,1256,54843,306000000,1267200
1791120309.7693,4960,1264,54718,306000000,1728000
1791120309.8194,4960,1264,54843,306000000,1728000
1791120309.8695,4960,1264,54687,306000000,1728000
1791120309.9195,4960,1256,54687,306000000,1728000
1791120309.9696,4960,1256,54625,306000000,1728000
1791120310.0197,4960,1256,54750,306000000,1728000
1791120310.0698,4960,1264,54750,306000000,1728000
1791120310.1199,4960,1256,54687,306000000,1728000
1791120310.1699,4960,1256,54750,306000000,1728000
1791120310.2200,4960,1256,54687,306000000,1728000
1791120310.2701,4960,1256,54781,306000000,1190400
1791120310.3202,4960,1264,54718,306000000,1728000
1791120310.3703,4960,1264,54781,306000000,1728000
1791120310.4204,4960,1256,54656,306000000,1728000
1791120310.4705,4960,1256,54656,306000000,1728000
1791120310.5206,4960,1264,54656,306000000,1728000
1791120310.5707,4960,1264,54781,306000000,1728000
1791120310.6208,4960,1256,54843,306000000,1728000
1791120310.6708,4960,1256,54718,306000000,1728000
1791120310.7209,4960,1256,54812,306000000,1728000
1791120310.7710,4960,1256,54687,306000000,1728000
1791120310.8211,4960,1256,54812,306000000,1728000
1791120310.8712,4960,1264,54625,306000000,1728000
1791120310.9213,4960,1264,54687,306000000,1728000
1791120310.9714,4960,1264,54656,306000000,1728000
1791120311.0215,4960,1264,54750,306000000,1728000
1791120311.0716,4960,1256,54843,306000000,1728000
1791120311.1217,4960,1256,54656,306000000,1728000
1791120311.1717,4960,1256,54781,306000000,1728000
1791120311.2218,4960,1256,54718,306000000,1728000
1791120311.2719,4960,1248,54750,306000000,1728000
1791120311.3220,4960,1248,54656,306000000,1728000
1791120311.3721,4960,1240,54812,306000000,1728000
1791120311.4222,4960,1256,54656,306000000,1113600
1791120311.4722,4960,1256,54812,306000000,1728000
1791120311.5223,4960,1256,54906,306000000,1728000
1791120311.5724,4960,1256,54656,306000000,1728000
1791120311.6225,4960,1256,54781,306000000,1728000
1791120311.6726,4960,1256,54687,306000000,1728000
1791120311.7227,4960,1248,54781,306000000,1728000
1791120311.7728,4960,1248,54750,306000000,1728000
1791120311.8229,4960,1248,54750,306000000,1728000
1791120311.8729,4960,1248,54625,306000000,1728000
1791120311.9231,4960,1248,54687,306000000,1728000
1791120311.9732,4960,1256,54875,306000000,1728000
1791120312.0233,4960,1264,54718,306000000,1728000
1791120312.0733,4960,1256,54843,306000000,1728000
1791120312.1234,4960,1256,54781,306000000,1728000
1791120312.1735,4960,1256,54812,306000000,1728000
1791120312.2236,4960,1248,54750,306000000,1728000
1791120312.2737,4960,1248,54750,306000000,1728000
1791120312.3237,4960,1240,54625,306000000,1728000
1791120312.3738,4960,1248,54718,306000000,1728000
1791120312.4239,4960,1248,54625,306000000,1728000
1791120312.4740,4960,1240,54656,306000000,1728000
1791120312.5241,4960,1248,54875,306000000,1728000
1791120312.5742,4960,1264,54656,306000000,1728000
1791120312.6243,4960,1256,54781,306000000,1728000
1791120312.6743,4960,1256,54656,306000000,1728000
1791120312.7244,4960,1256,54843,306000000,1728000
1791120312.7745,4960,1248,54687,306000000,1728000
1791120312.8246,4960,1256,54718,306000000,1728000
1791120312.8747,4960,1248,54656,306000000,1728000
1791120312.9248,4960,1248,54718,306000000,1728000
1791120312.9749,4960,1248,54843,306000000,1728000
1791120313.0250,4960,1248,54593,306000000,1728000
1791120313.0751,4960,1248,54843,306000000,1728000
1791120313.1252,4960,1272,54687,306000000,729600
1791120313.1753,4960,1264,54781,306000000,1728000
1791120313.2254,4960,1264,54718,306000000,1728000
1791120313.2755,4960,1256,54750,306000000,1728000
1791120313.3255,4960,1248,54687,306000000,1728000
1791120313.3756,4960,1256,54781,306000000,1728000
1791120313.4257,4960,1248,54875,306000000,1728000
1791120313.4758,4960,1240,54687,306000000,1728000
1791120313.5259,4960,1240,54906,306000000,1728000
1791120313.5760,4960,1248,54687,306000000,1728000
1791120313.6261,4960,1248,54781,306000000,1728000
1791120313.6762,4960,1256,54593,306000000,1728000
1791120313.7262,4960,1256,54781,306000000,1728000
1791120313.7763,4960,1256,54718,306000000,1728000
1791120313.8264,4960,1256,54687,306000000,1728000
1791120313.8765,4960,1248,54875,306000000,1728000
1791120313.9266,4960,1248,54718,306000000,1728000
1791120313.9767,4960,1248,54843,306000000,1728000
1791120314.0268,4960,1248,54718,306000000,1728000
1791120314.0768,4960,1248,54750,306000000,1728000
1791120314.1269,4960,1248,54593,306000000,1728000
1791120314.1770,4960,1240,54750,306000000,1728000
1791120314.2271,4960,1256,54718,306000000,1728000
1791120314.2772,4960,1256,54781,306000000,1728000
1791120314.3273,4960,1256,54968,306000000,1728000
1791120314.3774,4960,1248,54687,306000000,1728000
1791120314.4275,4960,1248,54843,306000000,1728000
1791120314.4775,4960,1240,54750,306000000,1728000
1791120314.5276,4960,1232,54812,306000000,1728000
1791120314.5777,4960,1232,54687,306000000,1728000
1791120314.6278,4960,1248,54812,306000000,1728000
1791120314.6779,4960,1264,54718,306000000,1728000
1791120314.7280,4960,1272,54718,306000000,1728000
1791120314.7784,4960,1280,54687,306000000,1267200
1791120314.8285,4960,1280,54687,306000000,1728000
1791120314.8786,4960,1288,54875,306000000,1728000
1791120314.9287,4960,1280,54687,306000000,1728000
1791120314.9788,4960,1280,54843,306000000,1728000
1791120315.0288,4960,1272,54656,306000000,1728000
1791120315.0789,4960,1272,54781,306000000,1728000
1791120315.1290,4960,1264,54625,306000000,1728000
1791120315.1791,4960,1264,54781,306000000,1728000
1791120315.2291,4960,1256,54687,306000000,1728000
1791120315.2792,4960,1256,54718,306000000,1728000
1791120315.3293,4960,1256,54812,306000000,1728000
1791120315.3794,4960,1256,54781,306000000,1728000
1791120315.4295,4960,1264,54843,306000000,1728000
1791120315.4796,4960,1256,54718,306000000,1728000
1791120315.5297,4960,1256,54906,306000000,1728000
1791120315.5798,4960,1256,54687,306000000,1728000
1791120315.6299,4960,1256,54812,306000000,1728000
1791120315.6800,4960,1256,54687,306000000,1728000
1791120315.7301,4960,1256,54781,306000000,1728000
1791120315.7801,4960,1256,54781,306000000,1728000
1791120315.8302,4960,1248,54718,306000000,1728000
1791120315.8803,4960,1256,54843,306000000,1728000
1791120315.9304,4960,1256,54718,306000000,1728000
1791120315.9805,4960,1256,54843,306000000,1728000
1791120316.0306,4960,1256,54656,306000000,1728000
1791120316.0807,4960,1256,54812,306000000,1728000
1791120316.1308,4960,1248,54781,306000000,1728000
1791120316.1809,4960,1256,54750,306000000,1728000
1791120316.2310,4960,1256,54843,306000000,1728000
1791120316.2810,4960,1248,54687,306000000,1728000
1791120316.3311,4960,1248,54812,306000000,1728000
1791120316.3812,4960,1248,54687,306000000,1728000
1791120316.4313,4960,1248,54843,306000000,1728000
1791120316.4814,4960,1264,54687,306000000,1497600
1791120316.5315,4960,1264,54781,306000000,1728000
1791120316.5816,4960,1264,54625,306000000,1728000
1791120316.6316,4960,1256,54718,306000000,1728000
1791120316.6817,4960,1264,54656,306000000,1728000
1791120316.7318,4960,1264,54718,306000000,1728000
1791120316.7819,4960,1256,54781,306000000,1728000
1791120316.8320,4960,1256,54656,306000000,1728000
1791120316.8821,4960,1256,54875,306000000,960000
1791120316.9322,4960,1248,54687,306000000,1728000
1791120316.9823,4960,1248,54781,306000000,1728000
1791120317.0324,4960,1264,54687,306000000,1728000
1791120317.0825,4960,1272,54687,306000000,1728000
1791120317.1326,4960,1264,54593,306000000,1728000
1791120317.1827,4960,1264,54718,306000000,729600
1791120317.2328,4960,1264,54906,306000000,1728000
1791120317.2829,4960,1256,54687,306000000,1728000
1791120317.3330,4960,1264,54781,306000000,1728000
1791120317.3831,4960,1264,54781,306000000,1728000
1791120317.4332,4960,1256,54750,306000000,1728000
1791120317.4833,4960,1264,54687,306000000,883200
1791120317.5334,4960,1264,54718,306000000,1728000
1791120317.5835,4960,1272,54687,306000000,1113600
1791120317.6336,4960,1272,54750,306000000,1728000
1791120317.6836,4960,1272,54937,306000000,1728000
1791120317.7337,4960,1272,54718,306000000,1728000
1791120317.7838,4960,1272,54781,306000000,1728000
1791120317.8340,4960,1272,54687,306000000,883200
1791120317.8840,4960,1272,54843,306000000,1728000
1791120317.9342,4960,1264,54687,306000000,1728000
1791120317.9843,4960,1272,54750,306000000,1728000
1791120318.0344,4960,1264,54656,306000000,1728000
1791120318.0844,4960,1264,54750,306000000,960000
1791120318.1346,4960,1264,54843,306000000,1344000
1791120318.1847,4960,1272,54656,306000000,1728000
1791120318.2348,4960,1264,54812,306000000,1728000
1791120318.2849,4960,1272,54718,306000000,960000
1791120318.3350,4960,1272,54875,306000000,729600
1791120318.3850,4960,1264,54656,306000000,1728000
1791120318.4351,4960,1264,54781,306000000,1728000
1791120318.4852,4960,1264,54750,306000000,883200
1791120318.5353,4960,1256,54750,306000000,1728000
1791120318.5854,4960,1248,54625,306000000,1728000
1791120318.6355,4960,1248,54750,306000000,1728000
1791120318.6856,4960,1256,54875,306000000,1190400
1791120318.7357,4960,1280,54718,306000000,1190400
1791120318.7858,4960,1272,54875,306000000,1728000
1791120318.8359,4960,1272,54750,306000000,1728000
1791120318.8860,4960,1272,54718,306000000,1728000
1791120318.9361,4960,1272,54656,306000000,1728000
1791120318.9862,4960,1264,54843,306000000,1728000
1791120319.0363,4960,1264,54687,306000000,1728000
1791120319.0864,4960,1256,54750,306000000,1728000
1791120319.1365,4960,1256,54843,306000000,1728000
1791120319.1866,4960,1256,54718,306000000,1728000
1791120319.2367,4960,1256,54750,306000000,1728000
1791120319.2868,4960,1272,54656,306000000,1728000
1791120319.3368,4960,1272,54750,306000000,1728000
1791120319.3869,4960,1272,54718,306000000,1728000
1791120319.4370,4960,1272,54718,306000000,1728000
1791120319.4871,4960,1264,54718,306000000,1728000
1791120319.5371,4960,1264,54687,306000000,1728000
1791120319.5872,4960,1264,54843,306000000,1728000
1791120319.6373,4960,1256,54750,306000000,1728000
1791120319.6874,4960,1256,54812,306000000,1728000
1791120319.7375,4960,1248,54750,306000000,1728000
1791120319.7876,4960,1256,54781,306000000,1728000
1791120319.8377,4960,1264,54687,306000000,1728000
1791120319.8878,4960,1272,54781,306000000,1728000
1791120319.9379,4960,1264,54718,306000000,1728000
1791120319.9879,4960,1264,54750,306000000,1728000
1791120320.0380,4960,1256,54812,306000000,1728000
1791120320.0881,4960,1256,54750,306000000,1728000
1791120320.1382,4960,1256,54781,306000000,1728000
1791120320.1883,4960,1248,54718,306000000,1728000
1791120320.2384,4960,1248,54843,306000000,1728000
1791120320.2885,4960,1248,54718,306000000,1728000
1791120320.3385,4960,1240,54718,306000000,1728000
1791120320.3886,4960,1248,54656,306000000,1728000
1791120320.4387,4960,1256,54750,306000000,1728000
1791120320.4888,4960,1256,54875,306000000,1728000
1791120320.5389,4960,1256,54687,306000000,1728000
1791120320.5890,4960,1248,54875,306000000,1728000
1791120320.6391,4960,1248,54687,306000000,1728000
1791120320.6892,4960,1248,54750,306000000,1728000
1791120320.7393,4960,1248,54687,306000000,1728000
1791120320.7894,4960,1264,54750,306000000,1728000
1791120320.8394,4960,1256,54656,306000000,1728000
1791120320.8895,4960,1256,54781,306000000,1728000
1791120320.9397,4960,1256,54687,306000000,1728000
1791120320.9898,4960,1272,54781,306000000,1267200
1791120321.0399,4960,1264,54812,306000000,1728000
1791120321.0899,4960,1272,54781,306000000,1728000
1791120321.1400,4960,1264,54843,306000000,1728000
1791120321.1901,4960,1264,54718,306000000,1728000
1791120321.2402,4960,1256,54812,306000000,1728000
1791120321.2903,4960,1264,54687,306000000,1728000
1791120321.3404,4960,1264,54750,306000000,1728000
1791120321.3905,4960,1256,54656,306000000,1728000
1791120321.4406,4960,1256,54687,306000000,1728000
1791120321.4907,4960,1264,54906,306000000,1190400
1791120321.5408,4960,1272,54687,306000000,1728000
1791120321.5909,4960,1272,54812,306000000,1728000
1791120321.6410,4960,1280,54687,306000000,960000
1791120321.6911,4960,1280,54718,306000000,806400
1791120321.7412,4960,1272,54750,306000000,1728000
1791120321.7912,4960,1272,54750,306000000,1113600
1791120321.8413,4960,1272,54656,306000000,1728000
1791120321.8914,4960,1272,54656,306000000,1728000
1791120321.9415,4960,1272,54875,306000000,1728000
1791120321.9916,4960,1264,54781,306000000,1728000
1791120322.0417,4960,1264,54843,306000000,1728000
1791120322.0918,4960,1280,54750,306000000,1728000
1791120322.1419,4960,1288,54750,306000000,1036800
1791120322.1920,4960,1280,54625,306000000,1728000
1791120322.2421,4960,1280,54750,306000000,1728000
1791120322.2922,4960,1280,54687,306000000,1728000
1791120322.3423,4960,1272,54812,306000000,1728000
1791120322.3924,4960,1264,54906,306000000,1728000
1791120322.4425,4960,1256,54718,306000000,1728000
1791120322.4925,4960,1256,54906,306000000,1728000
1791120322.5426,4960,1272,54781,306000000,1728000
1791120322.5927,4960,1280,54718,306000000,1728000
1791120322.6428,4960,1296,54718,306000000,1728000
1791120322.6929,4960,1304,54750,306000000,1728000
1791120322.7430,4960,1304,54750,306000000,1190400
1791120322.7931,4960,1296,54812,306000000,1728000
1791120322.8432,4960,1304,54781,306000000,1036800
1791120322.8933,4960,1304,54625,306000000,1036800
1791120322.9434,4960,1296,54937,306000000,1036800
1791120322.9935,4960,1288,54687,306000000,1728000
1791120323.0436,4960,1288,54812,306000000,1728000
1791120323.0937,4960,1288,54687,306000000,883200
1791120323.1438,4960,1280,54843,306000000,1728000
1791120323.1939,4960,1280,54625,306000000,1728000
1791120323.2440,4960,1288,54718,306000000,1728000
1791120323.2941,4960,1280,54875,306000000,1728000
1791120323.3441,4960,1280,54718,306000000,1728000
1791120323.3942,4960,1272,54843,306000000,1728000
1791120323.4443,4960,1264,54625,306000000,1728000
1791120323.4944,4960,1264,54937,306000000,1728000
1791120323.5445,4960,1264,54750,306000000,1728000
1791120323.5945,4960,1272,54781,306000000,1728000
1791120323.6446,4960,1272,54687,306000000,1728000
1791120323.6947,4960,1264,54718,306000000,1728000
1791120323.7448,4960,1264,54781,306000000,1728000
1791120323.7949,4960,1272,54750,306000000,1728000
1791120323.8450,4960,1272,54843,306000000,1728000
1791120323.8951,4960,1272,54750,306000000,1728000
1791120323.9452,4960,1264,54812,306000000,1728000
1791120323.9953,4960,1264,54687,306000000,1728000
1791120324.0454,4960,1264,54843,306000000,1728000
1791120324.0954,4960,1264,54687,306000000,1728000
1791120324.1455,4960,1264,54812,306000000,1728000
1791120324.1956,4960,1264,54718,306000000,1728000
1791120324.2457,4960,1256,54906,306000000,1728000
1791120324.2958,4960,1264,54906,306000000,1728000
1791120324.3459,4960,1272,54718,306000000,1728000
1791120324.3959,4960,1264,54843,306000000,1728000
1791120324.4460,4960,1264,54781,306000000,1728000
1791120324.4961,4960,1256,54750,306000000,1728000
1791120324.5462,4960,1248,54718,306000000,1728000
1791120324.5962,4960,1256,54750,306000000,1728000
1791120324.6463,4960,1248,54718,306000000,1728000
1791120324.6964,4960,1256,54718,306000000,1728000
1791120324.7465,4960,1256,54875,306000000,1728000
1791120324.7965,4960,1248,54656,306000000,1728000
1791120324.8466,4960,1248,54875,306000000,1728000
1791120324.8967,4960,1264,54750,306000000,1728000
1791120324.9468,4960,1272,54812,306000000,1728000
1791120324.9969,4960,1264,54656,306000000,1728000
1791120325.0470,4960,1264,54781,306000000,1728000
1791120325.0971,4960,1256,54625,306000000,1728000
1791120325.1471,4960,1256,54750,306000000,1728000
1791120325.1972,4960,1256,54843,306000000,1728000
1791120325.2473,4960,1248,54718,306000000,1728000
1791120325.2974,4960,1248,54843,306000000,1728000
1791120325.3474,4960,1248,54781,306000000,1728000
1791120325.3975,4960,1240,54750,306000000,1728000
1791120325.4476,4960,1248,54656,306000000,1728000
1791120325.4977,4960,1256,54750,306000000,1728000
1791120325.5478,4960,1256,54656,306000000,1728000
1791120325.5979,4960,1256,54687,306000000,1728000
1791120325.6480,4960,1256,54875,306000000,1728000
1791120325.6980,4960,1256,54750,306000000,1728000
1791120325.7481,4960,1248,54906,306000000,1728000
1791120325.7982,4960,1248,54687,306000000,1728000
1791120325.8483,4960,1248,54750,306000000,1728000
1791120325.8984,4960,1248,54750,306000000,1190400
1791120325.9485,4960,1256,54781,306000000,1728000
1791120325.9986,4960,1264,54656,306000000,1497600
1791120326.0487,4960,1264,54750,306000000,1728000
1791120326.0988,4960,1264,54906,306000000,1728000
1791120326.1489,4960,1264,54687,306000000,1728000
1791120326.1990,4960,1272,54875,306000000,1728000
1791120326.2491,4960,1264,54718,306000000,1728000
1791120326.2991,4960,1272,54843,306000000,1728000
1791120326.3492,4960,1264,54687,306000000,1728000
1791120326.3993,4960,1264,54812,306000000,1728000
1791120326.4494,4960,1256,54687,306000000,1728000
1791120326.4995,4960,1256,54781,306000000,1728000
1791120326.5495,4960,1256,54781,306000000,1728000
1791120326.5996,4960,1264,54687,306000000,1728000
1791120326.6497,4960,1264,54843,306000000,1728000
1791120326.6998,4960,1264,54656,306000000,1728000
1791120326.7499,4960,1256,54781,306000000,1728000
1791120326.8000,4960,1248,54718,306000000,1728000
1791120326.8501,4960,1248,54781,306000000,1728000
1791120326.9001,4960,1256,54656,306000000,1728000
1791120326.9503,4960,1256,54812,306000000,960000
1791120327.0004,4960,1256,54687,306000000,1728000
1791120327.0504,4960,1256,54750,306000000,1728000
1791120327.1005,4960,1264,54812,306000000,1728000
1791120327.1506,4960,1272,54812,306000000,1728000
1791120327.2007,4960,1272,54843,306000000,1728000
1791120327.2508,4960,1264,54718,306000000,1728000
1791120327.3009,4960,1256,54843,306000000,1728000
1791120327.3510,4960,1256,54718,306000000,1728000
1791120327.4010,4960,1248,54781,306000000,1728000
1791120327.4511,4960,1248,54718,306000000,1728000
1791120327.5012,4960,1256,54781,306000000,1728000
1791120327.5513,4960,1256,54906,306000000,1728000
1791120327.6014,4960,1248,54687,306000000,1728000
1791120327.6514,4960,1256,54875,306000000,1728000
1791120327.7015,4960,1264,54687,306000000,1728000
1791120327.7516,4960,1264,54718,306000000,1728000
1791120327.8017,4960,1264,54718,306000000,1728000
1791120327.8518,4960,1264,54781,306000000,1728000
1791120327.9019,4960,1256,54750,306000000,1728000
1791120327.9519,4960,1256,54812,306000000,1728000
1791120328.0020,4960,1256,54968,306000000,1728000
1791120328.0521,4960,1256,54781,306000000,1728000
1791120328.1022,4960,1240,54812,306000000,1728000
1791120328.1523,4960,1240,54781,306000000,1728000
1791120328.2024,4960,1240,54750,306000000,1728000
1791120328.2525,4960,1256,54843,306000000,1267200
1791120328.3026,4960,1264,54718,306000000,1728000
1791120328.3527,4960,1264,54656,306000000,1728000
1791120328.4027,4960,1256,54718,306000000,1728000
1791120328.4528,4960,1256,54906,306000000,1728000
1791120328.5029,4960,1256,54718,306000000,1728000
1791120328.5530,4960,1256,54875,306000000,1728000
1791120328.6031,4960,1256,54687,306000000,1728000
1791120328.6532,4960,1248,54718,306000000,1728000
1791120328.7032,4960,1256,54718,306000000,1728000
1791120328.7533,4960,1240,54750,306000000,1728000
1791120328.8034,4960,1256,54718,306000000,1420800
1791120328.8535,4960,1272,54750,306000000,1728000
1791120328.9036,4960,1264,54906,306000000,1728000
1791120328.9537,4960,1264,54718,306000000,1728000
1791120329.0038,4960,1264,54843,306000000,1728000
1791120329.0539,4960,1256,54750,306000000,1728000
1791120329.1040,4960,1256,54750,306000000,1728000
1791120329.1541,4960,1256,54687,306000000,1728000
1791120329.2041,4960,1256,54750,306000000,1728000
1791120329.2542,4960,1248,54750,306000000,1728000
1791120329.3043,4960,1248,54750,306000000,1728000
1791120329.3544,4960,1256,54687,306000000,1728000
1791120329.4045,4960,1264,54843,306000000,1728000
1791120329.4546,4960,1256,54812,306000000,1728000
1791120329.5047,4960,1256,54718,306000000,1728000
1791120329.5548,4960,1256,54875,306000000,1728000
1791120329.6048,4968,1248,54718,306000000,1728000
1791120329.6549,4968,1248,54812,306000000,1728000
1791120329.7050,4968,1248,54687,306000000,1728000
1791120329.7551,4968,1240,54812,306000000,1728000
1791120329.8052,4968,1240,54718,306000000,1728000
1791120329.8553,4968,1240,54812,306000000,1728000
1791120329.9054,4968,1248,54750,306000000,1728000
1791120329.9555,4968,1256,54781,306000000,1728000
1791120330.0055,4968,1256,54906,306000000,1728000
1791120330.0557,4968,1256,54687,306000000,1728000
1791120330.1057,4968,1256,54750,306000000,1728000
1791120330.1558,4968,1256,54656,306000000,1728000
1791120330.2059,4968,1256,54750,306000000,1728000
1791120330.2560,4968,1256,54687,306000000,1728000
1791120330.3061,4968,1248,54750,306000000,1728000
1791120330.3562,4968,1248,54906,306000000,1728000
1791120330.4062,4968,1248,54781,306000000,1728000
1791120330.4563,4968,1248,54875,306000000,1728000
1791120330.5064,4968,1256,54718,306000000,1728000
1791120330.5565,4968,1256,54781,306000000,1728000
1791120330.6066,4968,1256,54750,306000000,1728000
1791120330.6567,4968,1256,54750,306000000,1728000
1791120330.7068,4968,1248,54656,306000000,1728000
1791120330.7569,4968,1248,54718,306000000,1728000
1791120330.8069,4968,1248,54875,306000000,1728000
1791120330.8570,4968,1248,54718,306000000,1728000
1791120330.9071,4968,1248,54906,306000000,1728000
1791120330.9572,4968,1240,54687,306000000,1728000
1791120331.0073,4968,1240,54718,306000000,1728000
1791120331.0574,4968,1264,54718,306000000,1728000
1791120331.1075,4968,1264,54718,306000000,1728000
1791120331.1576,4968,1256,54718,306000000,1728000
1791120331.2076,4968,1256,54687,306000000,1728000
1791120331.2577,4968,1256,54875,306000000,1728000
1791120331.3078,4968,1256,54750,306000000,1728000
1791120331.3579,4968,1248,54875,306000000,1728000
1791120331.4080,4968,1248,54750,306000000,1728000
1791120331.4580,4968,1248,54718,306000000,1728000
1791120331.5081,4968,1240,54718,306000000,1728000
1791120331.5582,4968,1240,54875,306000000,1728000
1791120331.6083,4968,1256,54687,306000000,1728000
1791120331.6584,4968,1264,54750,306000000,1728000
1791120331.7085,4968,1256,54656,306000000,1728000
1791120331.7586,4968,1256,54718,306000000,1728000
1791120331.8086,4968,1256,54843,306000000,1728000
1791120331.8587,4968,1256,54718,306000000,1728000
1791120331.9088,4968,1248,54843,306000000,1728000
1791120331.9589,4968,1248,54718,306000000,1728000
1791120332.0090,4968,1248,54812,306000000,1728000
1791120332.0591,4968,1248,54812,306000000,1113600
1791120332.1092,4968,1248,54812,306000000,1728000
1791120332.1593,4968,1256,54687,306000000,1344000
1791120332.2094,4968,1264,54750,306000000,1728000
1791120332.2595,4968,1264,54843,306000000,1728000
1791120332.3096,4968,1256,54687,306000000,1728000
1791120332.3597,4968,1256,54875,306000000,1728000
1791120332.4098,4968,1248,54687,306000000,1728000
1791120332.4598,4968,1248,54875,306000000,1728000
1791120332.5099,4968,1240,54750,306000000,1728000
1791120332.5600,4968,1240,54781,306000000,1728000
1791120332.6101,4968,1248,54750,306000000,1728000
1791120332.6602,4968,1256,54750,306000000,1728000
1791120332.7103,4968,1272,54906,306000000,1728000
1791120332.7604,4968,1288,54718,306000000,1728000
1791120332.8105,4960,1296,54906,306000000,1728000
1791120332.8605,4960,1296,54750,306000000,1728000
1791120332.9106,4968,1288,54875,306000000,1728000
1791120332.9607,4968,1280,54750,306000000,1728000
1791120333.0108,4968,1280,54843,306000000,1728000
1791120333.0609,4968,1280,54687,306000000,1728000
1791120333.1110,4968,1280,54781,306000000,1728000
1791120333.1611,4968,1280,54906,306000000,1728000
1791120333.2111,4968,1280,54750,306000000,1728000
1791120333.2612,4968,1272,54937,306000000,1728000
1791120333.3113,4960,1280,54843,306000000,1497600
1791120333.3614,4960,1288,54843,306000000,1728000
1791120333.4115,4968,1280,54718,306000000,1728000
1791120333.4616,4968,1272,54843,306000000,1728000
1791120333.5117,4968,1264,54781,306000000,1728000
1791120333.5618,4968,1264,54750,306000000,1728000
1791120333.6119,4968,1264,54937,306000000,1728000
1791120333.6619,4968,1256,54781,306000000,1728000
1791120333.7120,4968,1256,54875,306000000,1728000
1791120333.7621,4968,1248,54812,306000000,1728000
1791120333.8122,4968,1248,54781,306000000,1728000
1791120333.8623,4968,1256,54781,306000000,1728000
1791120333.9124,4968,1264,54812,306000000,1728000
1791120333.9625,4968,1256,54718,306000000,1728000
1791120334.0126,4968,1256,54687,306000000,1728000
1791120334.0627,4968,1256,54687,306000000,1728000
1791120334.1127,4968,1256,54750,306000000,1728000
1791120334.1629,4968,1256,54875,306000000,1728000
1791120334.2129,4968,1256,54781,306000000,1728000
1791120334.2631,4968,1256,54750,306000000,1728000
1791120334.3132,4968,1256,54781,306000000,1728000
1791120334.3633,4968,1248,54750,306000000,1728000
1791120334.4134,4968,1264,54718,306000000,1728000
1791120334.4635,4968,1280,54812,306000000,1728000
1791120334.5136,4968,1272,54656,306000000,1728000
1791120334.5637,4968,1264,54687,306000000,1728000
1791120334.6137,4968,1264,54906,306000000,1728000
1791120334.6638,4968,1248,54718,306000000,1728000
1791120334.7139,4968,1248,54812,306000000,1728000
1791120334.7640,4968,1248,54750,306000000,1728000
1791120334.8141,4968,1248,54812,306000000,1728000
1791120334.8641,4968,1248,54781,306000000,1728000
1791120334.9142,4968,1248,54812,306000000,1728000
1791120334.9643,4968,1256,54687,306000000,1728000
1791120335.0144,4968,1256,54812,306000000,1728000
1791120335.0645,4968,1256,54875,306000000,1728000
1791120335.1146,4968,1248,54750,306000000,1728000
1791120335.1647,4968,1256,54906,306000000,1728000
1791120335.2148,4968,1256,54656,306000000,1728000
1791120335.2649,4968,1248,54937,306000000,1728000
1791120335.3150,4968,1248,54750,306000000,1728000
1791120335.3651,4968,1248,54875,306000000,1728000
1791120335.4151,4968,1248,54750,306000000,1728000
1791120335.4652,4968,1248,54750,306000000,1728000
1791120335.5153,4968,1248,54937,306000000,1267200
1791120335.5654,4968,1256,54687,306000000,1728000
1791120335.6155,4968,1256,54968,306000000,1728000
1791120335.6656,4968,1256,54718,306000000,1728000
1791120335.7157,4968,1256,54843,306000000,1728000
1791120335.7658,4968,1256,54687,306000000,1728000
1791120335.8159,4968,1256,54843,306000000,1728000
1791120335.8659,4968,1256,54812,306000000,1728000
1791120335.9160,4968,1256,54781,306000000,1728000
1791120335.9661,4968,1256,54937,306000000,1728000
1791120336.0162,4968,1256,54906,306000000,1728000
1791120336.0663,4968,1248,54906,306000000,1728000
1791120336.1164,4968,1264,54718,306000000,1728000
1791120336.1665,4968,1272,54843,306000000,1728000
1791120336.2166,4968,1264,54718,306000000,1728000
1791120336.2667,4968,1264,54781,306000000,1728000
1791120336.3168,4968,1264,54656,306000000,1728000
1791120336.3668,4968,1264,54812,306000000,1728000
1791120336.4169,4968,1256,54687,306000000,1728000
1791120336.4670,4968,1256,54781,306000000,1728000
1791120336.5171,4968,1256,54875,306000000,1728000
1791120336.5672,4968,1248,54843,306000000,1728000
1791120336.6173,4968,1248,54812,306000000,1728000
1791120336.6674,4968,1264,54781,306000000,1420800
1791120336.7174,4968,1264,54875,306000000,1728000
1791120336.7675,4968,1256,54750,306000000,1728000
1791120336.8176,4968,1256,54750,306000000,1728000
1791120336.8677,4968,1248,54718,306000000,1728000
1791120336.9178,4968,1248,54750,306000000,1728000
1791120336.9679,4968,1248,55031,306000000,1728000
1791120337.0180,4968,1240,54781,306000000,1728000
1791120337.0681,4968,1248,54843,306000000,1728000
1791120337.1182,4968,1248,54750,306000000,806400
1791120337.1683,4968,1240,54906,306000000,1728000
1791120337.2184,4968,1264,54750,306000000,1728000
1791120337.2684,4968,1272,54812,306000000,1728000
1791120337.3185,4968,1272,54656,306000000,1036800
1791120337.3686,4968,1264,54718,306000000,1728000
1791120337.4187,4968,1264,54968,306000000,1728000
1791120337.4688,4968,1272,54687,306000000,1728000
1791120337.5189,4968,1272,54906,306000000,1728000
1791120337.5690,4968,1264,54781,306000000,1728000
1791120337.6191,4968,1264,54781,306000000,1728000
1791120337.6692,4968,1264,54687,306000000,1728000
1791120337.7192,4968,1264,54843,306000000,1728000
1791120337.7693,4968,1264,54750,306000000,1728000
1791120337.8194,4968,1272,54875,306000000,1728000
1791120337.8695,4968,1272,54937,306000000,1728000
1791120337.9196,4968,1264,54750,306000000,1728000
1791120337.9697,4968,1256,54937,306000000,1728000
1791120338.0198,4968,1256,54750,306000000,1728000
1791120338.0699,4968,1256,54812,306000000,1728000
1791120338.1199,4968,1248,54750,306000000,1728000
1791120338.1700,4968,1248,54906,306000000,1728000
1791120338.2201,4968,1248,54812,306000000,1728000
1791120338.2702,4968,1256,54843,306000000,1728000
1791120338.3203,4968,1256,54937,306000000,1728000
1791120338.3704,4968,1264,54781,306000000,1728000
1791120338.4205,4968,1264,54906,306000000,1728000
1791120338.4706,4968,1256,54750,306000000,1728000
1791120338.5207,4968,1256,54843,306000000,1728000
1791120338.5708,4968,1256,54718,306000000,1728000
1791120338.6209,4968,1256,54937,306000000,1728000
1791120338.6710,4968,1256,54718,306000000,1728000
1791120338.7210,4968,1264,54812,306000000,1728000
1791120338.7711,4968,1256,54812,306000000,1728000
1791120338.8212,4968,1256,54718,306000000,1728000
1791120338.8713,4968,1256,55000,306000000,1728000
1791120338.9214,4968,1264,54781,306000000,1420800
1791120338.9715,4968,1256,54875,306000000,1728000
1791120339.0216,4968,1256,54750,306000000,1728000
1791120339.0717,4968,1248,54781,306000000,1728000
1791120339.1217,4968,1248,54781,306000000,1728000
1791120339.1718,4968,1248,54843,306000000,1728000
1791120339.2219,4968,1248,54718,306000000,1728000
1791120339.2720,4968,1256,54781,306000000,1728000
1791120339.3221,4968,1256,54937,306000000,1728000
1791120339.3722,4968,1248,54718,306000000,1728000
1791120339.4223,4968,1248,54843,306000000,1728000
1791120339.4724,4968,1264,54812,306000000,1728000
1791120339.5224,4968,1264,54812,306000000,1728000
1791120339.5725,4968,1256,54687,306000000,1728000
1791120339.6226,4968,1256,54812,306000000,1728000
1791120339.6727,4968,1256,54781,306000000,1728000
1791120339.7228,4968,1248,54781,306000000,1728000
1791120339.7729,4968,1248,54968,306000000,1728000
1791120339.8230,4968,1248,54843,306000000,1728000
1791120339.8730,4968,1248,54937,306000000,1728000
1791120339.9231,4968,1240,54750,306000000,1728000
1791120339.9732,4968,1240,54843,306000000,1728000
1791120340.0233,4968,1248,54718,306000000,1267200
1791120340.0734,4968,1256,54875,306000000,1728000
1791120340.1235,4968,1256,54812,306000000,1728000
1791120340.1736,4968,1248,54750,306000000,1728000
1791120340.2236,4968,1256,55000,306000000,1728000
1791120340.2737,4968,1256,54781,306000000,1728000
1791120340.3238,4968,1256,54875,306000000,1728000
1791120340.3739,4968,1256,54718,306000000,1728000
1791120340.4240,4968,1248,54843,306000000,1728000
1791120340.4741,4968,1248,54812,306000000,1728000
1791120340.5242,4968,1256,54812,306000000,1728000
1791120340.5743,4968,1256,54750,306000000,1728000
1791120340.6244,4968,1264,54750,306000000,1728000
1791120340.6745,4968,1264,55031,306000000,1728000
1791120340.7246,4968,1264,54875,306000000,1728000
1791120340.7746,4968,1264,54968,306000000,1728000
1791120340.8247,4968,1256,54750,306000000,1728000
1791120340.8748,4968,1256,54875,306000000,1728000
1791120340.9249,4968,1256,54750,306000000,1728000
1791120340.9750,4968,1264,54781,306000000,1728000
1791120341.0251,4968,1256,54718,306000000,1728000
1791120341.0751,4968,1256,54750,306000000,1728000
1791120341.1252,4968,1264,54750,306000000,1728000
1791120341.1753,4968,1272,54781,306000000,1728000
1791120341.2254,4960,1272,55000,306000000,1728000
1791120341.2755,4968,1256,54781,306000000,1728000
1791120341.3256,4968,1264,54937,306000000,1728000
1791120341.3757,4968,1264,54781,306000000,1728000
1791120341.4258,4968,1264,54968,306000000,1728000
1791120341.4759,4968,1264,54750,306000000,1728000
1791120341.5260,4968,1256,54875,306000000,1728000
1791120341.5761,4968,1256,54781,306000000,1728000
1791120341.6262,4968,1256,54781,306000000,1728000
1791120341.6763,4968,1256,54968,306000000,1728000
1791120341.7263,4968,1272,54750,306000000,1728000
1791120341.7764,4968,1264,54906,306000000,1728000
1791120341.8265,4968,1256,54750,306000000,1728000
1791120341.8766,4968,1256,54906,306000000,1728000
1791120341.9267,4968,1256,54781,306000000,1728000
1791120341.9768,4968,1256,54812,306000000,1728000
1791120342.0269,4968,1256,54656,306000000,1728000
1791120342.0769,4968,1248,54781,306000000,1728000
1791120342.1270,4968,1248,54937,306000000,1728000
1791120342.1771,4968,1248,54812,306000000,1728000
1791120342.2272,4968,1248,54781,306000000,1190400
1791120342.2773,4968,1256,54781,306000000,1728000
1791120342.3274,4968,1264,54812,306000000,1728000
1791120342.3775,4968,1264,54750,306000000,1728000
1791120342.4276,4968,1256,54843,306000000,1728000
1791120342.4776,4968,1264,54718,306000000,1728000
1791120342.5277,4968,1256,54750,306000000,1728000
1791120342.5778,4968,1256,54937,306000000,1728000
1791120342.6279,4968,1248,54687,306000000,1728000
1791120342.6780,4968,1256,54875,306000000,1728000
1791120342.7281,4968,1264,54750,306000000,1728000
1791120342.7782,4968,1264,54781,306000000,1728000
1791120342.8283,4968,1272,54750,306000000,1728000
1791120342.8783,4968,1272,54843,306000000,1728000
1791120342.9284,4968,1264,54718,306000000,1728000
1791120342.9785,4968,1264,54750,306000000,1728000
1791120343.0286,4968,1256,55000,306000000,1728000
1791120343.0787,4968,1256,54812,306000000,1728000
1791120343.1288,4968,1256,54906,306000000,1728000
1791120343.1789,4968,1256,54750,306000000,1728000
1791120343.2290,4968,1248,54843,306000000,1728000
1791120343.2791,4968,1248,54781,306000000,1728000
1791120343.3291,4968,1248,54812,306000000,1728000
1791120343.3792,4968,1264,54781,306000000,1728000
1791120343.4293,4968,1272,54812,306000000,1728000
1791120343.4794,4968,1272,54718,306000000,1728000
1791120343.5295,4968,1272,54875,306000000,1728000
1791120343.5796,4968,1264,54875,306000000,1728000
1791120343.6297,4968,1248,54781,306000000,1728000
1791120343.6798,4968,1256,54937,306000000,1728000
1791120343.7298,4968,1256,54750,306000000,1728000
1791120343.7799,4968,1256,54875,306000000,1728000
1791120343.8300,4968,1256,54781,306000000,1728000
1791120343.8801,4968,1256,54781,306000000,1728000
1791120343.9302,4968,1256,54812,306000000,1728000
1791120343.9803,4968,1264,54781,306000000,1728000
1791120344.0304,4968,1256,54906,306000000,1728000
1791120344.0804,4968,1256,54812,306000000,1728000
1791120344.1305,4968,1256,54875,306000000,1728000
1791120344.1806,4968,1256,54750,306000000,1728000
1791120344.2307,4968,1248,54812,306000000,1728000
1791120344.2808,4968,1248,54750,306000000,1728000
1791120344.3308,4968,1248,54750,306000000,1728000
1791120344.3809,4968,1248,54750,306000000,1728000
1791120344.4311,4968,1248,54750,306000000,1728000
1791120344.4812,4968,1256,55062,306000000,1728000
1791120344.5313,4968,1264,54781,306000000,1728000
1791120344.5814,4968,1256,54875,306000000,1728000
1791120344.6314,4968,1256,54750,306000000,1728000
1791120344.6815,4968,1256,54906,306000000,1728000
1791120344.7316,4968,1248,54812,306000000,1728000
1791120344.7817,4968,1248,54875,306000000,1728000
1791120344.8318,4968,1240,54718,306000000,1728000
1791120344.8818,4968,1240,54843,306000000,1728000
1791120344.9319,4968,1240,54875,306000000,1728000
1791120344.9820,4968,1248,54750,306000000,1728000
1791120345.0321,4968,1248,54906,306000000,1728000
1791120345.0821,4960,1280,54781,306000000,1728000
1791120345.1322,4960,1288,54843,306000000,1728000
1791120345.1823,4960,1288,54718,306000000,1728000
1791120345.2324,4960,1288,54875,306000000,1728000
1791120345.2825,4960,1280,54750,306000000,1728000
1791120345.3326,4960,1280,54812,306000000,1728000
1791120345.3826,4960,1280,55062,306000000,1728000
1791120345.4327,4960,1288,54781,306000000,1728000
1791120345.4828,4960,1280,54843,306000000,1728000
1791120345.5329,4960,1280,54812,306000000,1728000
1791120345.5830,4960,1272,54906,306000000,1728000
1791120345.6331,4960,1288,54750,306000000,1728000
1791120345.6832,4960,1288,54906,306000000,1728000
1791120345.7333,4960,1280,54843,306000000,1728000
1791120345.7833,4968,1272,54875,306000000,1728000
1791120345.8334,4968,1272,54718,306000000,1728000
1791120345.8835,4968,1264,54812,306000000,1728000
1791120345.9336,4968,1264,54843,306000000,1728000
1791120345.9837,4968,1256,54781,306000000,1728000
1791120346.0337,4968,1248,54875,306000000,1728000
1791120346.0838,4968,1248,54812,306000000,1728000
1791120346.1339,4968,1248,54875,306000000,1728000
1791120346.1840,4968,1264,54875,306000000,1728000
1791120346.2341,4968,1272,54781,306000000,1728000
1791120346.2842,4968,1264,54781,306000000,1728000
1791120346.3343,4968,1264,54843,306000000,1728000
1791120346.3843,4968,1264,54968,306000000,1728000
1791120346.4344,4968,1272,54781,306000000,1728000
1791120346.4845,4960,1272,54937,306000000,1728000
1791120346.5346,4968,1264,54687,306000000,1728000
1791120346.5847,4968,1264,54843,306000000,1728000
1791120346.6348,4968,1264,54750,306000000,1728000
1791120346.6849,4968,1256,54906,306000000,1728000
1791120346.7350,4968,1264,54781,306000000,1728000
1791120346.7851,4960,1272,54781,306000000,1728000
1791120346.8352,4960,1272,54906,306000000,1728000
1791120346.8853,4968,1264,54781,306000000,1728000
1791120346.9354,4968,1256,54812,306000000,1728000
1791120346.9854,4968,1256,54750,306000000,1728000
1791120347.0355,4968,1256,54875,306000000,1728000
1791120347.0856,4968,1264,54781,306000000,1728000
1791120347.1357,4968,1256,54781,306000000,1728000
1791120347.1858,4968,1248,54781,306000000,1728000
1791120347.2359,4968,1248,54843,306000000,1728000
1791120347.2860,4968,1248,55000,306000000,1728000
1791120347.3361,4968,1264,54781,306000000,1728000
1791120347.3862,4968,1264,54843,306000000,1728000
1791120347.4363,4968,1256,54750,306000000,1728000
1791120347.4864,4968,1264,54937,306000000,1728000
1791120347.5365,4968,1264,54781,306000000,1728000
1791120347.5866,4968,1264,54843,306000000,1728000
1791120347.6367,4968,1256,54718,306000000,1728000
1791120347.6867,4968,1256,54812,306000000,1728000
1791120347.7368,4968,1248,55000,306000000,1728000
1791120347.7869,4968,1256,54812,306000000,1728000
1791120347.8371,4968,1248,55000,306000000,1190400
1791120347.8872,4968,1264,54750,306000000,1728000
1791120347.9373,4968,1264,54906,306000000,1728000
1791120347.9874,4968,1256,54750,306000000,960000
1791120348.0374,4968,1256,54781,306000000,1728000
1791120348.0875,4968,1256,54750,306000000,1728000
1791120348.1376,4968,1256,54906,306000000,883200
1791120348.1877,4968,1256,54718,306000000,1728000
1791120348.2378,4968,1256,54781,306000000,729600
1791120348.2879,4968,1248,54968,306000000,1728000
1791120348.3380,4968,1248,54781,306000000,1728000
1791120348.3881,4968,1248,54812,306000000,1190400
1791120348.4382,4968,1264,54750,306000000,1728000
1791120348.4883,4968,1264,54906,306000000,1728000
1791120348.5384,4968,1264,54812,306000000,1728000
1791120348.5885,4968,1264,54843,306000000,1728000
1791120348.6386,4968,1264,54812,306000000,1728000
1791120348.6887,4968,1256,54875,306000000,1728000
1791120348.7387,4968,1256,55000,306000000,1728000
1791120348.7888,4968,1248,54875,306000000,1728000
1791120348.8389,4968,1248,54937,306000000,1728000
1791120348.8890,4968,1248,54812,306000000,1728000
1791120348.9391,4968,1240,54906,306000000,1728000
1791120348.9892,4968,1256,54875,306000000,1267200
1791120349.0393,4968,1256,54812,306000000,1728000
1791120349.0893,4968,1256,54750,306000000,1728000
1791120349.1394,4968,1256,54843,306000000,1728000
1791120349.1895,4968,1256,54906,306000000,1728000
1791120349.2396,4968,1256,54781,306000000,1728000
1791120349.2897,4968,1248,54906,306000000,1728000
1791120349.3398,4968,1248,54750,306000000,1728000
1791120349.3898,4968,1248,54843,306000000,1728000
1791120349.4399,4968,1248,54718,306000000,1728000
1791120349.4900,4968,1248,54937,306000000,1728000
1791120349.5401,4968,1264,54781,306000000,1728000
1791120349.5902,4968,1264,54781,306000000,1728000
1791120349.6403,4968,1264,54968,306000000,1728000
1791120349.6904,4968,1264,54812,306000000,1728000
1791120349.7405,4968,1264,54906,306000000,1728000
1791120349.7906,4968,1256,54687,306000000,1728000
1791120349.8407,4968,1256,54875,306000000,1728000
1791120349.8907,4968,1248,54750,306000000,1728000
1791120349.9408,4968,1248,54843,306000000,1728000
1791120349.9909,4968,1248,54812,306000000,1728000
1791120350.0410,4968,1248,54781,306000000,1728000
1791120350.0911,4968,1256,54906,306000000,1728000
1791120350.1412,4968,1264,54781,306000000,729600
1791120350.1913,4968,1264,54906,306000000,1728000
1791120350.2414,4968,1264,54781,306000000,1728000
1791120350.2914,4968,1256,54875,306000000,1728000
1791120350.3415,4968,1256,54781,306000000,1728000
1791120350.3916,4968,1256,54843,306000000,1728000
1791120350.4417,4968,1248,54781,306000000,1728000
1791120350.4918,4968,1248,54875,306000000,1728000
1791120350.5419,4968,1248,54718,306000000,1728000
1791120350.5920,4968,1256,54812,306000000,1728000
1791120350.6421,4968,1248,55031,306000000,1728000
1791120350.6922,4968,1264,54812,306000000,1728000
1791120350.7423,4968,1264,54812,306000000,1728000
1791120350.7923,4968,1264,54718,306000000,1728000
1791120350.8424,4968,1256,54843,306000000,1728000
1791120350.8925,4968,1256,54781,306000000,1728000
1791120350.9426,4968,1256,54812,306000000,1728000
1791120350.9927,4968,1248,54781,306000000,1728000
1791120351.0428,4968,1248,54843,306000000,1728000
1791120351.0928,4968,1248,54906,306000000,1728000
1791120351.1429,4968,1248,54781,306000000,1728000
1791120351.1930,4968,1248,54843,306000000,1728000
1791120351.2431,4968,1256,54812,306000000,1190400
1791120351.2932,4968,1264,54937,306000000,1728000
1791120351.3433,4968,1264,54687,306000000,1728000
1791120351.3934,4968,1256,54906,306000000,1728000
1791120351.4435,4968,1256,54718,306000000,1728000
1791120351.4935,4968,1248,54687,306000000,1728000
1791120351.5436,4968,1248,55031,306000000,1728000
1791120351.5937,4968,1248,54781,306000000,1728000
1791120351.6438,4968,1248,54843,306000000,1728000
1791120351.6939,4968,1248,54781,306000000,1728000
1791120351.7440,4968,1248,54875,306000000,1728000
1791120351.7941,4968,1256,54906,306000000,1728000
1791120351.8442,4968,1256,54875,306000000,1728000
1791120351.8943,4968,1256,54718,306000000,1728000
1791120351.9444,4968,1256,54875,306000000,1728000
1791120351.9945,4968,1248,55031,306000000,1728000
1791120352.0445,4968,1248,54750,306000000,1728000
1791120352.0946,4968,1248,54937,306000000,1728000
1791120352.1447,4968,1248,54875,306000000,1728000
1791120352.1948,4968,1248,54937,306000000,1728000
1791120352.2449,4968,1248,54781,306000000,1728000
1791120352.2950,4968,1248,54750,306000000,1728000
1791120352.3451,4968,1248,54750,306000000,1267200
1791120352.3952,4968,1256,54843,306000000,1728000
1791120352.4453,4968,1256,55031,306000000,1728000
1791120352.4953,4968,1248,54812,306000000,1728000
1791120352.5454,4968,1248,54843,306000000,1728000
1791120352.5955,4968,1248,54812,306000000,1728000
1791120352.6456,4968,1256,54906,306000000,1728000
1791120352.6957,4968,1256,54812,306000000,1728000
1791120352.7458,4968,1256,54812,306000000,1728000
1791120352.7959,4968,1248,54750,306000000,1728000
1791120352.8460,4968,1256,54812,306000000,1728000
1791120352.8961,4968,1256,54781,306000000,1728000
1791120352.9462,4968,1264,54875,306000000,1728000
1791120352.9963,4968,1264,55000,306000000,1728000
1791120353.0464,4968,1256,54750,306000000,1728000
1791120353.0965,4968,1256,54906,306000000,1728000
1791120353.1465,4968,1248,54750,306000000,1728000
1791120353.1966,4968,1248,54843,306000000,1728000
1791120353.2467,4968,1248,54750,306000000,1728000
1791120353.2968,4968,1248,54875,306000000,1728000
1791120353.3469,4968,1248,54687,306000000,1728000
1791120353.3970,4968,1240,54875,306000000,1728000
1791120353.4471,4968,1248,55000,306000000,1190400
1791120353.4972,4968,1264,54781,306000000,1728000
1791120353.5473,4968,1264,54875,306000000,1728000
1791120353.5974,4968,1256,54812,306000000,1728000
1791120353.6475,4968,1264,54843,306000000,1728000
1791120353.6975,4968,1264,54781,306000000,1728000
1791120353.7476,4968,1264,54843,306000000,1728000
1791120353.7977,4968,1264,54781,306000000,1728000
1791120353.8478,4968,1256,54812,306000000,1728000
1791120353.8979,4968,1256,54906,306000000,1728000
1791120353.9480,4968,1256,54812,306000000,1728000
1791120353.9981,4968,1248,54937,306000000,1728000
1791120354.0482,4968,1256,54781,306000000,1728000
1791120354.0983,4968,1256,54843,306000000,1728000
1791120354.1484,4968,1256,54843,306000000,1728000
1791120354.1985,4968,1248,54812,306000000,1728000
1791120354.2485,4968,1248,54843,306000000,1728000
1791120354.2986,4968,1248,54843,306000000,1728000
1791120354.3487,4968,1256,54968,306000000,1728000
1791120354.3988,4968,1248,54750,306000000,1728000
1791120354.4489,4968,1256,54906,306000000,1728000
1791120354.4990,4968,1256,54687,306000000,1728000
1791120354.5491,4968,1256,54843,306000000,1728000
1791120354.5991,4968,1264,54718,306000000,1190400
1791120354.6492,4968,1272,54812,306000000,1728000
1791120354.6993,4968,1272,54687,306000000,1728000
1791120354.7494,4968,1264,54843,306000000,1728000
1791120354.7995,4968,1264,54937,306000000,1728000
1791120354.8496,4968,1264,54812,306000000,1728000
1791120354.8997,4968,1256,54968,306000000,1728000
1791120354.9498,4968,1264,54812,306000000,1728000
1791120354.9998,4968,1264,54875,306000000,1728000
1791120355.0499,4968,1256,54843,306000000,1728000
1791120355.1000,4968,1264,54843,306000000,1728000
1791120355.1501,4968,1264,54812,306000000,1728000
1791120355.2002,4968,1272,54875,306000000,1728000
1791120355.2503,4968,1264,54812,306000000,1728000
1791120355.3004,4968,1264,54812,306000000,1728000
1791120355.3505,4968,1256,54937,306000000,1728000
1791120355.4005,4968,1256,54781,306000000,1728000
1791120355.4506,4968,1264,55031,306000000,1728000
1791120355.5007,4968,1264,54906,306000000,1728000
1791120355.5508,4968,1256,54843,306000000,1728000
1791120355.6009,4968,1248,54750,306000000,1728000
1791120355.6510,4968,1248,54812,306000000,1728000
1791120355.7010,4968,1248,54812,306000000,1728000
1791120355.7511,4968,1264,54812,306000000,1728000
1791120355.8012,4968,1256,54937,306000000,1728000
1791120355.8513,4968,1256,54812,306000000,1728000
1791120355.9014,4968,1256,54937,306000000,1728000
1791120355.9515,4968,1264,54781,306000000,1728000
1791120356.0016,4968,1256,54906,306000000,1728000
1791120356.0517,4968,1256,54843,306000000,1728000
1791120356.1017,4968,1256,54843,306000000,1728000
1791120356.1518,4968,1256,54781,306000000,1728000
1791120356.2019,4968,1256,54812,306000000,1728000
1791120356.2520,4968,1264,55000,306000000,1728000
1791120356.3021,4968,1272,54718,306000000,883200
1791120356.3522,4968,1272,54968,306000000,1728000
1791120356.4023,4968,1264,54750,306000000,1728000
1791120356.4523,4968,1264,54906,306000000,1728000
1791120356.5024,4968,1256,54750,306000000,1728000
1791120356.5525,4968,1256,54875,306000000,1728000
1791120356.6026,4968,1248,54718,306000000,1728000
1791120356.6527,4968,1256,54781,306000000,1728000
1791120356.7028,4968,1256,54968,306000000,1267200
1791120356.7529,4968,1256,54781,306000000,1728000
1791120356.8030,4968,1256,55000,306000000,1190400
1791120356.8531,4968,1264,54875,306000000,1728000
1791120356.9032,4968,1256,54875,306000000,1728000
1791120356.9532,4968,1256,54687,306000000,1728000
1791120357.0033,4968,1256,54781,306000000,1728000
1791120357.0534,4968,1256,54812,306000000,1728000
1791120357.1035,4968,1256,54843,306000000,1728000
1791120357.1536,4968,1256,55031,306000000,1728000
1791120357.2037,4968,1248,54906,306000000,1728000
1791120357.2538,4968,1248,54875,306000000,1728000
1791120357.3038,4968,1248,54750,306000000,1728000
1791120357.3539,4968,1248,54843,306000000,1728000
1791120357.4040,4968,1256,54781,306000000,1728000
1791120357.4541,4968,1264,54875,306000000,1728000
1791120357.5042,4968,1256,54781,306000000,1728000
1791120357.5543,4968,1256,54781,306000000,1728000
1791120357.6044,4968,1248,54718,306000000,1728000
1791120357.6545,4968,1248,54875,306000000,1728000
1791120357.7046,4968,1248,54968,306000000,1728000
1791120357.7547,4968,1256,54781,306000000,1728000
1791120357.8047,4968,1256,54937,306000000,1728000
1791120357.8548,4968,1264,54750,306000000,1728000
1791120357.9049,4968,1256,54812,306000000,1728000
1791120357.9551,4968,1256,54843,306000000,1190400
1791120358.0052,4968,1264,54843,306000000,1728000
1791120358.0552,4968,1264,54750,306000000,1728000
1791120358.1053,4968,1264,54750,306000000,1728000
1791120358.1554,4968,1264,54906,306000000,1728000
1791120358.2055,4968,1256,54812,306000000,1728000
1791120358.2556,4968,1256,54875,306000000,1728000
1791120358.3057,4968,1264,54750,306000000,1728000
1791120358.3557,4968,1264,54781,306000000,1728000
1791120358.4058,4968,1264,54781,306000000,1728000
1791120358.4559,4968,1256,54781,306000000,1728000
1791120358.5060,4968,1264,54812,306000000,1728000
1791120358.5561,4968,1264,54781,306000000,1728000
1791120358.6062,4968,1264,54906,306000000,1728000
1791120358.6563,4968,1264,54781,306000000,1728000
1791120358.7064,4968,1264,54937,306000000,1728000
1791120358.7565,4968,1264,54781,306000000,1728000
1791120358.8066,4968,1264,54812,306000000,1728000
1791120358.8567,4968,1264,54750,306000000,1728000
1791120358.9068,4968,1264,54875,306000000,1728000
1791120358.9569,4968,1256,54781,306000000,1728000
1791120359.0069,4968,1256,54781,306000000,1728000
1791120359.0570,4968,1256,54937,306000000,1728000
1791120359.1071,4960,1272,54750,306000000,1728000
1791120359.1572,4968,1264,54906,306000000,1728000
1791120359.2073,4968,1264,54781,306000000,1728000
1791120359.2574,4968,1264,54875,306000000,1728000
1791120359.3074,4968,1264,54781,306000000,1728000
1791120359.3575,4968,1256,54843,306000000,1728000
1791120359.4076,4968,1256,54781,306000000,1728000
1791120359.4577,4968,1248,54875,306000000,1728000
1791120359.5078,4968,1248,55031,306000000,1728000
1791120359.5579,4968,1256,54812,306000000,1728000
1791120359.6079,4968,1256,54906,306000000,1190400
1791120359.6580,4960,1272,54750,306000000,1420800
1791120359.7081,4960,1264,54875,306000000,1728000
1791120359.7582,4968,1256,54781,306000000,1728000
1791120359.8083,4960,1264,54812,306000000,1728000
1791120359.8584,4968,1256,54781,306000000,1728000
1791120359.9085,4968,1264,54906,306000000,1728000
1791120359.9586,4968,1264,54750,306000000,1728000
1791120360.0087,4968,1264,54750,306000000,1728000
1791120360.0588,4968,1264,54906,306000000,1728000
1791120360.1089,4968,1256,54750,306000000,1728000
1791120360.1590,4968,1256,55000,306000000,1728000
1791120360.2090,4968,1264,54875,306000000,1728000
1791120360.2591,4968,1264,54812,306000000,1728000
1791120360.3092,4968,1264,54750,306000000,1728000
1791120360.3593,4968,1264,54781,306000000,1728000
1791120360.4094,4968,1264,54750,306000000,1728000
1791120360.4595,4968,1256,54812,306000000,1728000
1791120360.5096,4968,1256,54812,306000000,1728000
1791120360.5597,4968,1256,54718,306000000,1728000
1791120360.6098,4968,1256,54843,306000000,1728000
1791120360.6599,4968,1248,54812,306000000,1728000
1791120360.7099,4968,1248,54812,306000000,1728000
1791120360.7600,4968,1256,54781,306000000,1267200
1791120360.8101,4968,1256,54906,306000000,1728000
1791120360.8602,4968,1264,54687,306000000,1728000
1791120360.9103,4968,1256,54750,306000000,1728000
1791120360.9604,4968,1256,54875,306000000,1728000
1791120361.0105,4968,1248,54781,306000000,1728000
1791120361.0606,4968,1256,54875,306000000,1728000
1791120361.1107,4968,1256,54906,306000000,1728000
1791120361.1608,4968,1264,54906,306000000,1728000
1791120361.2109,4968,1280,54750,306000000,1728000
1791120361.2609,4960,1288,54750,306000000,1728000
1791120361.3110,4960,1304,54718,306000000,1728000
1791120361.3611,4960,1312,54750,306000000,1728000
1791120361.4112,4960,1304,54875,306000000,1728000
1791120361.4613,4960,1304,54781,306000000,1728000
1791120361.5114,4960,1304,54906,306000000,1728000
1791120361.5615,4960,1296,54718,306000000,1728000
1791120361.6115,4960,1288,54906,306000000,1728000
1791120361.6616,4960,1288,54718,306000000,1728000
1791120361.7117,4968,1272,54875,306000000,1728000
1791120361.7618,4968,1272,54875,306000000,1728000
1791120361.8119,4968,1272,54875,306000000,1728000
1791120361.8620,4960,1280,55031,306000000,1728000
1791120361.9121,4960,1280,54875,306000000,1728000
1791120361.9622,4968,1280,54906,306000000,1728000
1791120362.0122,4968,1272,54812,306000000,1728000
1791120362.0623,4968,1272,54875,306000000,1728000
1791120362.1124,4968,1256,54812,306000000,1728000
1791120362.1625,4968,1256,54875,306000000,1728000
1791120362.2126,4968,1256,54750,306000000,1728000
1791120362.2627,4968,1256,54750,306000000,1728000
1791120362.3127,4968,1248,54781,306000000,1728000
1791120362.3628,4968,1248,54750,306000000,1728000
1791120362.4129,4968,1248,54843,306000000,1190400
1791120362.4630,4968,1264,54906,306000000,1344000
1791120362.5131,4968,1264,54875,306000000,1728000
1791120362.5632,4968,1264,54812,306000000,1728000
1791120362.6133,4968,1256,54843,306000000,1728000
1791120362.6633,4968,1256,54781,306000000,1728000
1791120362.7134,4968,1248,54718,306000000,1728000
1791120362.7635,4968,1248,54781,306000000,1728000
1791120362.8136,4968,1240,54812,306000000,1728000
1791120362.8637,4968,1248,54875,306000000,1190400
1791120362.9138,4968,1256,54750,306000000,1728000
1791120362.9639,4968,1256,54843,306000000,1728000
1791120363.0140,4960,1280,54781,306000000,1728000
1791120363.0641,4968,1272,54875,306000000,1728000
1791120363.1141,4968,1272,54812,306000000,1728000
1791120363.1642,4968,1264,54843,306000000,1728000
1791120363.2143,4968,1264,54718,306000000,1728000
1791120363.2644,4968,1256,54843,306000000,1728000
1791120363.3145,4968,1256,54906,306000000,1728000
1791120363.3646,4968,1256,54718,306000000,1728000
1791120363.4147,4968,1248,54968,306000000,1728000
1791120363.4647,4968,1248,54750,306000000,1728000
1791120363.5148,4968,1248,54812,306000000,1728000
1791120363.5649,4968,1256,54812,306000000,1728000
1791120363.6150,4968,1264,54875,306000000,1728000
1791120363.6651,4968,1256,54750,306000000,1728000
1791120363.7152,4968,1256,54843,306000000,1728000
1791120363.7652,4968,1248,55000,306000000,1728000
1791120363.8153,4968,1248,54906,306000000,1728000
1791120363.8654,4968,1248,54812,306000000,1728000
1791120363.9155,4968,1256,54781,306000000,1728000
1791120363.9656,4968,1256,54937,306000000,1728000
1791120364.0157,4968,1256,54781,306000000,1728000
1791120364.0657,4968,1256,54843,306000000,1728000
1791120364.1158,4968,1256,54687,306000000,1267200
1791120364.1659,4968,1264,54812,306000000,1728000
1791120364.2160,4968,1264,54875,306000000,1728000
1791120364.2661,4968,1264,54718,306000000,1728000
1791120364.3162,4968,1256,54968,306000000,1728000
1791120364.3662,4968,1256,54812,306000000,1728000
1791120364.4163,4968,1248,54906,306000000,1728000
1791120364.4664,4968,1248,54781,306000000,1728000
1791120364.5165,4968,1248,54937,306000000,1728000
1791120364.5666,4968,1248,54750,306000000,1728000
1791120364.6166,4968,1240,54875,306000000,1728000
1791120364.6667,4968,1240,54812,306000000,1344000
1791120364.7168,4968,1256,54812,306000000,1728000
1791120364.7669,4968,1256,54906,306000000,729600
1791120364.8170,4968,1248,54875,306000000,1728000
1791120364.8671,4968,1256,54968,306000000,1728000
1791120364.9172,4968,1264,54875,306000000,1728000
1791120364.9673,4968,1264,54750,306000000,1728000
1791120365.0174,4968,1272,54718,306000000,806400
1791120365.0675,4968,1272,54906,306000000,1728000
1791120365.1176,4968,1264,54781,306000000,1728000
1791120365.1677,4968,1264,54750,306000000,1728000
1791120365.2178,4968,1264,54906,306000000,1728000
1791120365.2679,4968,1280,54875,306000000,960000
1791120365.3180,4968,1272,54843,306000000,1728000
1791120365.3681,4968,1272,54812,306000000,1728000
1791120365.4182,4968,1264,54781,306000000,1728000
1791120365.4683,4968,1264,54812,306000000,1728000
1791120365.5183,4968,1264,54906,306000000,1728000
1791120365.5684,4968,1264,54750,306000000,1728000
1791120365.6185,4968,1256,54812,306000000,1728000
1791120365.6686,4968,1248,54968,306000000,1728000
1791120365.7187,4968,1248,54812,306000000,1728000
1791120365.7688,4968,1256,54875,306000000,1728000
1791120365.8189,4968,1272,54781,306000000,1420800
1791120365.8690,4968,1264,54812,306000000,1728000
1791120365.9191,4968,1264,54843,306000000,1728000
1791120365.9692,4968,1272,54843,306000000,1728000
1791120366.0193,4968,1264,54750,306000000,1728000
1791120366.0694,4968,1272,54875,306000000,1728000
1791120366.1194,4968,1264,54937,306000000,1728000
1791120366.1695,4968,1264,54843,306000000,1728000
1791120366.2196,4968,1264,54812,306000000,1728000
1791120366.2697,4968,1264,54781,306000000,1728000
1791120366.3198,4968,1256,54968,306000000,1728000
1791120366.3699,4968,1264,54843,306000000,1728000
1791120366.4200,4968,1272,54812,306000000,1728000
1791120366.4700,4968,1264,54750,306000000,1728000
1791120366.5201,4968,1264,54812,306000000,1728000
1791120366.5702,4968,1256,54937,306000000,1728000
1791120366.6203,4968,1256,54812,306000000,1728000
1791120366.6704,4968,1256,54968,306000000,1728000
1791120366.7204,4968,1264,54812,306000000,1728000
1791120366.7705,4968,1256,54843,306000000,1728000
1791120366.8206,4968,1264,54750,306000000,1728000
1791120366.8707,4968,1248,54843,306000000,1728000
1791120366.9208,4968,1256,54718,306000000,1728000
1791120366.9709,4968,1272,54843,306000000,1728000
1791120367.0210,4968,1272,54781,306000000,1728000
1791120367.0711,4968,1280,54875,306000000,1728000
1791120367.1212,4968,1272,54968,306000000,1728000
1791120367.1712,4968,1264,54843,306000000,1728000
1791120367.2213,4968,1264,54843,306000000,1728000
1791120367.2714,4968,1248,54750,306000000,1728000
1791120367.3215,4968,1248,54843,306000000,1728000
1791120367.3715,4968,1248,54781,306000000,1728000
1791120367.4216,4968,1240,54875,306000000,1728000
1791120367.4717,4968,1248,54812,306000000,1728000
1791120367.5218,4968,1256,54812,306000000,1728000
1791120367.5719,4968,1256,54937,306000000,1728000
1791120367.6220,4968,1264,54812,306000000,1728000
1791120367.6721,4968,1256,54968,306000000,1728000
1791120367.7222,4968,1256,54750,306000000,1728000
1791120367.7723,4968,1248,54781,306000000,1728000
1791120367.8223,4968,1248,54812,306000000,1728000
1791120367.8724,4968,1248,54812,306000000,1728000
1791120367.9225,4968,1256,54687,306000000,1728000
1791120367.9726,4968,1256,54843,306000000,1728000
1791120368.0227,4968,1264,54937,306000000,1113600
1791120368.0728,4968,1272,54718,306000000,729600
1791120368.1229,4968,1272,54906,306000000,1728000
1791120368.1730,4968,1264,54781,306000000,1728000
1791120368.2231,4968,1264,54781,306000000,1728000
1791120368.2731,4968,1264,54750,306000000,1728000
1791120368.3232,4968,1248,54781,306000000,1728000
1791120368.3733,4968,1256,54750,306000000,1728000
1791120368.4234,4968,1256,54812,306000000,1728000
1791120368.4735,4968,1256,54968,306000000,1728000
1791120368.5235,4968,1256,54875,306000000,1728000
1791120368.5736,4968,1256,54937,306000000,1728000
1791120368.6237,4968,1264,54843,306000000,1728000
1791120368.6738,4968,1264,54906,306000000,1728000
1791120368.7239,4968,1264,54812,306000000,1728000
1791120368.7740,4968,1264,54875,306000000,1728000
1791120368.8241,4968,1256,54843,306000000,1728000
1791120368.8742,4968,1256,54843,306000000,1728000
1791120368.9242,4968,1256,54937,306000000,1728000
1791120368.9743,4968,1256,54875,306000000,1728000
1791120369.0244,4968,1264,54875,306000000,1190400
1791120369.0745,4968,1264,54750,306000000,1728000
1791120369.1246,4968,1264,54843,306000000,1728000
1791120369.1747,4968,1272,54812,306000000,1728000
1791120369.2248,4968,1272,54906,306000000,1728000
1791120369.2749,4968,1272,54781,306000000,1728000
1791120369.3250,4960,1272,54812,306000000,1728000
1791120369.3751,4968,1264,54906,306000000,1728000
1791120369.4252,4968,1256,54750,306000000,1728000
1791120369.4752,4968,1256,54906,306000000,1728000
1791120369.5253,4968,1248,54781,306000000,1728000
1791120369.5754,4968,1248,54843,306000000,1728000
1791120369.6255,4968,1248,54781,306000000,1728000
1791120369.6756,4968,1248,54843,306000000,1728000
1791120369.7257,4968,1256,54875,306000000,1728000
1791120369.7758,4968,1264,54937,306000000,1728000
1791120369.8259,4968,1256,54906,306000000,1728000
1791120369.8759,4968,1256,54875,306000000,1728000
1791120369.9260,4968,1256,54937,306000000,1728000
1791120369.9761,4968,1256,54843,306000000,1728000
1791120370.0262,4968,1256,54875,306000000,883200
1791120370.0763,4968,1264,54875,306000000,1728000
1791120370.1264,4968,1264,54781,306000000,1728000
1791120370.1765,4968,1272,54718,306000000,1728000
1791120370.2266,4968,1264,54843,306000000,1728000
1791120370.2767,4960,1280,54781,306000000,1728000
1791120370.3268,4960,1288,54906,306000000,1113600
1791120370.3769,4960,1288,54968,306000000,1728000
1791120370.4270,4960,1288,54843,306000000,1036800
1791120370.4771,4960,1280,54875,306000000,1728000
1791120370.5272,4960,1280,54843,306000000,1728000
1791120370.5773,4968,1272,54875,306000000,1728000
1791120370.6274,4968,1272,54812,306000000,1728000
1791120370.6775,4968,1272,54937,306000000,1728000
1791120370.7275,4968,1272,54812,306000000,1728000
1791120370.7776,4968,1272,54781,306000000,1728000
1791120370.8277,4968,1272,54906,306000000,1728000
1791120370.8778,4960,1280,54812,306000000,1728000
1791120370.9279,4968,1272,54906,306000000,1728000
1791120370.9780,4968,1272,54843,306000000,1728000
1791120371.0281,4968,1264,54906,306000000,1728000
1791120371.0782,4968,1280,54843,306000000,1728000
1791120371.1283,4960,1288,54937,306000000,883200
1791120371.1785,4960,1280,54843,306000000,1728000
1791120371.2286,4960,1280,54781,306000000,1728000
1791120371.2787,4968,1272,54906,306000000,1036800
1791120371.3288,4968,1272,54843,306000000,1728000
1791120371.3788,4968,1264,55031,306000000,1728000
1791120371.4290,4960,1288,54812,306000000,1728000
1791120371.4791,4960,1288,54937,306000000,1728000
1791120371.5291,4968,1288,54843,306000000,1728000
1791120371.5792,4968,1280,54937,306000000,1728000
1791120371.6293,4968,1272,54750,306000000,1728000
1791120371.6794,4968,1280,54875,306000000,1728000
1791120371.7295,4960,1280,54875,306000000,806400
1791120371.7796,4968,1272,54812,306000000,1728000
1791120371.8297,4968,1272,54906,306000000,1728000
1791120371.8798,4968,1264,54812,306000000,1728000
1791120371.9299,4968,1264,54875,306000000,1728000
1791120371.9800,4960,1280,54937,306000000,1728000
1791120372.0301,4960,1288,54875,306000000,1728000
1791120372.0802,4968,1280,54843,306000000,1728000
1791120372.1303,4960,1288,54906,306000000,1728000
1791120372.1803,4960,1288,54843,306000000,1728000
1791120372.2304,4960,1288,54812,306000000,960000
1791120372.2805,4960,1288,54968,306000000,1728000
1791120372.3306,4968,1280,54875,306000000,1728000
1791120372.3807,4968,1280,54968,306000000,1728000
1791120372.4308,4968,1272,54843,306000000,1728000
1791120372.4809,4968,1272,54968,306000000,1728000
1791120372.5310,4968,1280,54781,306000000,1728000
1791120372.5811,4960,1288,54937,306000000,1728000
1791120372.6312,4960,1288,54781,306000000,806400
1791120372.6813,4968,1280,54812,306000000,960000
1791120372.7314,4968,1280,54968,306000000,960000
1791120372.7815,4968,1272,54750,306000000,1728000
1791120372.8316,4968,1272,54875,306000000,1728000
1791120372.8817,4968,1264,54812,306000000,1728000
1791120372.9317,4968,1264,54875,306000000,1728000
1791120372.9818,4968,1264,54843,306000000,1728000
1791120373.0319,4968,1272,54875,306000000,1728000
1791120373.0820,4968,1280,54781,306000000,1728000
1791120373.1321,4960,1288,54875,306000000,1728000
1791120373.1822,4960,1296,54906,306000000,1728000
1791120373.2323,4960,1296,54843,306000000,1728000
1791120373.2824,4960,1288,54968,306000000,1728000
1791120373.3325,4960,1280,54843,306000000,1728000
1791120373.3826,4968,1280,54937,306000000,806400
1791120373.4327,4968,1272,54781,306000000,1728000
1791120373.4828,4968,1264,54875,306000000,1728000
1791120373.5329,4968,1264,54781,306000000,1728000
1791120373.5829,4968,1264,54875,306000000,1728000
1791120373.6331,4968,1256,55031,306000000,1190400
1791120373.6831,4968,1272,54812,306000000,1728000
1791120373.7332,4968,1256,54843,306000000,1728000
1791120373.7833,4968,1256,54843,306000000,1728000
1791120373.8334,4968,1256,54906,306000000,1728000
1791120373.8835,4968,1256,54843,306000000,1728000
1791120373.9335,4968,1256,54812,306000000,1728000
1791120373.9836,4968,1248,54781,306000000,1728000
1791120374.0337,4968,1248,54906,306000000,1728000
1791120374.0838,4968,1248,54937,306000000,1728000
1791120374.1338,4968,1248,54875,306000000,1728000
1791120374.1839,4968,1248,54968,306000000,1728000
1791120374.2340,4968,1264,54812,306000000,1728000
1791120374.2841,4968,1264,54937,306000000,1728000
1791120374.3342,4968,1264,54812,306000000,1728000
1791120374.3843,4968,1264,54875,306000000,1728000
1791120374.4344,4968,1256,54781,306000000,1728000
1791120374.4845,4968,1256,54812,306000000,1728000
1791120374.5345,4968,1248,55000,306000000,1728000
1791120374.5846,4968,1248,54781,306000000,1728000
1791120374.6347,4968,1248,54906,306000000,1728000
1791120374.6848,4968,1248,54812,306000000,1728000
1791120374.7349,4968,1248,54906,306000000,1728000
1791120374.7850,4968,1272,54843,306000000,1728000
1791120374.8351,4968,1272,54875,306000000,1728000
1791120374.8852,4968,1272,54781,306000000,806400
1791120374.9353,4968,1264,54875,306000000,1728000
1791120374.9854,4968,1272,54812,306000000,1728000
1791120375.0355,4968,1264,54812,306000000,1728000
1791120375.0855,4968,1264,54937,306000000,1728000
1791120375.1356,4968,1272,54781,306000000,1728000
1791120375.1857,4968,1272,54968,306000000,1728000
1791120375.2358,4968,1272,54875,306000000,1728000
1791120375.2859,4960,1272,54875,306000000,1728000
1791120375.3360,4960,1296,54843,306000000,1728000
1791120375.3861,4960,1296,54875,306000000,1728000
1791120375.4362,4960,1288,54875,306000000,1728000
1791120375.4863,4960,1296,54875,306000000,1728000
1791120375.5364,4960,1288,55062,306000000,1728000
1791120375.5865,4960,1280,54875,306000000,1728000
1791120375.6366,4968,1280,54937,306000000,1728000
1791120375.6867,4968,1280,54906,306000000,729600
1791120375.7368,4968,1272,54906,306000000,1728000
1791120375.7869,4968,1272,54750,306000000,1728000
1791120375.8370,4968,1264,54843,306000000,1728000
1791120375.8871,4968,1272,54843,306000000,1728000
1791120375.9372,4960,1280,54843,306000000,1728000
1791120375.9873,4960,1280,54968,306000000,883200
1791120376.0374,4968,1280,54812,306000000,1728000
1791120376.0875,4968,1280,54968,306000000,1728000
1791120376.1376,4968,1272,54875,306000000,1728000
1791120376.1876,4968,1272,54937,306000000,1728000
1791120376.2377,4960,1288,54781,306000000,1728000
1791120376.2878,4960,1288,54875,306000000,1728000
1791120376.3379,4968,1280,54843,306000000,1728000
1791120376.3880,4968,1272,54875,306000000,1728000
1791120376.4381,4968,1272,54812,306000000,1728000
1791120376.4882,4960,1288,54843,306000000,1728000
1791120376.5383,4960,1288,55000,306000000,960000
1791120376.5884,4960,1288,54875,306000000,960000
1791120376.6385,4968,1280,54968,306000000,1728000
1791120376.6886,4968,1272,54781,306000000,1728000
1791120376.7387,4968,1272,54968,306000000,1728000
1791120376.7888,4968,1272,54843,306000000,1728000
1791120376.8389,4968,1272,54875,306000000,883200
1791120376.8890,4968,1272,54781,306000000,1728000
1791120376.9391,4968,1272,54937,306000000,1728000
1791120376.9892,4968,1272,54937,306000000,1113600
1791120377.0393,4960,1288,54843,306000000,1420800
1791120377.0894,4960,1288,54843,306000000,883200
1791120377.1395,4960,1280,54843,306000000,729600
1791120377.1896,4968,1280,54781,306000000,1728000
1791120377.2397,4960,1280,54781,306000000,1728000
1791120377.2898,4960,1280,54875,306000000,1728000
1791120377.3399,4960,1288,54812,306000000,960000
1791120377.3900,4968,1280,54906,306000000,1728000
1791120377.4401,4968,1272,54968,306000000,1728000
1791120377.4903,4968,1272,54781,306000000,883200
1791120377.5404,4968,1272,54968,306000000,1728000
1791120377.5904,4960,1288,54812,306000000,1728000
1791120377.6405,4960,1288,54781,306000000,1728000
1791120377.6906,4968,1280,54812,306000000,1036800
1791120377.7407,4968,1280,54843,306000000,1728000
1791120377.7908,4968,1272,54781,306000000,1728000
1791120377.8409,4968,1272,54875,306000000,1728000
1791120377.8910,4968,1264,54968,306000000,1728000
1791120377.9411,4968,1272,54843,306000000,1728000
1791120377.9912,4968,1264,54906,306000000,1728000
1791120378.0413,4968,1256,54906,306000000,1728000
1791120378.0914,4968,1256,54937,306000000,806400
1791120378.1415,4968,1272,54875,306000000,1728000
1791120378.1916,4968,1272,54875,306000000,1728000
1791120378.2417,4968,1272,54812,306000000,1728000
1791120378.2918,4968,1280,54843,306000000,1728000
1791120378.3419,4968,1272,54968,306000000,1728000
1791120378.3920,4968,1280,54812,306000000,1728000
1791120378.4421,4968,1272,54875,306000000,1728000
1791120378.4922,4968,1272,54781,306000000,1728000
1791120378.5422,4968,1264,54937,306000000,1728000
1791120378.5923,4968,1264,54781,306000000,729600
1791120378.6424,4968,1256,54875,306000000,806400
1791120378.6925,4968,1264,54875,306000000,1728000
1791120378.7426,4968,1272,54843,306000000,883200
1791120378.7927,4968,1264,54750,306000000,1728000
1791120378.8428,4968,1264,54843,306000000,1728000
1791120378.8929,4968,1264,54968,306000000,1728000
1791120378.9430,4968,1256,54843,306000000,1728000
1791120378.9931,4968,1256,54937,306000000,1728000
1791120379.0432,4968,1256,54812,306000000,1728000
1791120379.0933,4968,1256,54906,306000000,960000
1791120379.1434,4968,1256,54812,306000000,729600
1791120379.1935,4968,1264,54875,306000000,729600
1791120379.2436,4968,1256,54843,306000000,1728000
1791120379.2937,4968,1272,54843,306000000,1728000
1791120379.3438,4968,1272,54906,306000000,1728000
1791120379.3939,4968,1272,54812,306000000,1728000
1791120379.4440,4968,1264,54937,306000000,1728000
1791120379.4941,4968,1264,54781,306000000,1728000
1791120379.5441,4968,1256,54875,306000000,1728000
1791120379.5942,4968,1264,54812,306000000,1728000
1791120379.6443,4968,1264,54843,306000000,1728000
1791120379.6944,4968,1248,54843,306000000,1728000
1791120379.7445,4968,1256,54968,306000000,1728000
1791120379.7946,4968,1256,55000,306000000,1728000
1791120379.8447,4968,1272,55250,306000000,1728000
1791120379.8948,4968,1272,55031,306000000,1728000
1791120379.9449,4968,1272,54812,306000000,1728000
1791120379.9950,4960,1288,54875,306000000,1728000
1791120380.0451,4960,1304,54812,306000000,1728000
1791120380.0951,4960,1304,54875,306000000,1728000
1791120380.1452,4960,1312,54781,306000000,1728000
1791120380.1953,4960,1304,54906,306000000,1728000
1791120380.2454,4960,1304,54937,306000000,1728000
1791120380.2955,4960,1304,54812,306000000,1728000
1791120380.3456,4960,1312,54843,306000000,1036800
1791120380.3957,4960,1312,54750,306000000,1728000
1791120380.4458,4960,1312,54875,306000000,1113600
1791120380.4959,4960,1312,54843,306000000,1728000
1791120380.5460,4960,1304,54937,306000000,883200
1791120380.5961,4960,1304,54812,306000000,1728000
1791120380.6462,4960,1296,54968,306000000,1728000
1791120380.6963,4968,1288,55000,306000000,1728000
1791120380.7464,4968,1280,54875,306000000,1728000
1791120380.7965,4968,1280,54937,306000000,1728000
1791120380.8465,4968,1272,54750,306000000,1728000
1791120380.8966,4968,1272,54937,306000000,1728000
1791120380.9467,4960,1288,54812,306000000,1728000
1791120380.9968,4960,1288,54812,306000000,1728000
1791120381.0469,4960,1288,54812,306000000,1728000
1791120381.0970,4960,1280,54843,306000000,1728000
1791120381.1471,4968,1280,54812,306000000,1728000
1791120381.1971,4968,1272,54812,306000000,1113600
1791120381.2472,4968,1272,54906,306000000,1728000
1791120381.2973,4968,1272,54781,306000000,1728000
1791120381.3475,4968,1272,54968,306000000,1267200
1791120381.3976,4968,1272,54843,306000000,1728000
1791120381.4477,4968,1280,54843,306000000,1728000
1791120381.4978,4960,1280,54781,306000000,1728000
1791120381.5479,4960,1288,54937,306000000,1728000
1791120381.5980,4960,1288,54750,306000000,1728000
1791120381.6480,4968,1280,54875,306000000,1728000
1791120381.6981,4968,1272,54968,306000000,1728000
1791120381.7482,4968,1280,54718,306000000,1728000
1791120381.7983,4968,1272,54875,306000000,1728000
1791120381.8484,4968,1272,54812,306000000,1728000
1791120381.8985,4968,1272,54843,306000000,1728000
1791120381.9486,4968,1264,54843,306000000,1728000
1791120381.9987,4968,1264,54812,306000000,1728000
1791120382.0493,4968,1264,54812,306000000,1728000
1791120382.0994,4960,1288,54875,306000000,1728000
1791120382.1495,4960,1288,55000,306000000,1728000
1791120382.1996,4960,1280,54781,306000000,1728000
1791120382.2497,4960,1280,54968,306000000,1728000
1791120382.2998,4968,1264,54875,306000000,1728000
1791120382.3499,4968,1264,54875,306000000,1728000
1791120382.4000,4960,1272,54812,306000000,1728000
1791120382.4501,4968,1272,54812,306000000,1728000
1791120382.5002,4968,1264,54875,306000000,1728000
1791120382.5502,4960,1272,54843,306000000,1728000
1791120382.6003,4968,1264,55000,306000000,1728000
1791120382.6504,4960,1280,54812,306000000,1728000
1791120382.7005,4960,1280,55031,306000000,1036800
1791120382.7506,4968,1272,54812,306000000,806400
1791120382.8007,4960,1272,54937,306000000,1728000
1791120382.8508,4968,1264,54750,306000000,1728000
1791120382.9009,4968,1264,54906,306000000,1728000
1791120382.9510,4968,1256,54843,306000000,1728000
1791120383.0011,4968,1256,54906,306000000,1728000
1791120383.0511,4968,1256,55000,306000000,1728000
1791120383.1012,4968,1256,54843,306000000,960000
1791120383.1513,4968,1264,54937,306000000,806400
1791120383.2014,4960,1264,54812,306000000,1728000
1791120383.2515,4960,1272,54906,306000000,1728000
1791120383.3017,4960,1272,54812,306000000,1728000
1791120383.3518,4960,1272,54937,306000000,1728000
1791120383.4019,4960,1272,54843,306000000,960000
1791120383.4520,4960,1272,54812,306000000,1728000
1791120383.5021,4960,1272,54750,306000000,883200
1791120383.5522,4968,1272,54781,306000000,1728000
1791120383.6023,4968,1264,55000,306000000,1728000
1791120383.6524,4968,1264,54812,306000000,806400
1791120383.7025,4968,1264,54937,306000000,729600
1791120383.7526,4968,1264,54781,306000000,1728000
1791120383.8027,4960,1272,54968,306000000,1036800
1791120383.8528,4960,1272,54843,306000000,1728000
1791120383.9029,4960,1272,54812,306000000,960000
1791120383.9530,4960,1264,54687,306000000,1728000
1791120384.0031,4960,1264,54875,306000000,806400
1791120384.0532,4960,1264,54968,306000000,1728000
1791120384.1033,4968,1264,54843,306000000,1728000
1791120384.1534,4968,1256,54937,306000000,1728000
1791120384.2035,4968,1256,54875,306000000,1728000
1791120384.2536,4968,1248,54875,306000000,1728000
1791120384.3038,4968,1256,54812,306000000,1190400
1791120384.3539,4960,1280,54906,306000000,1728000
1791120384.4040,4960,1280,54781,306000000,1728000
1791120384.4541,4960,1280,54812,306000000,1728000
1791120384.5042,4960,1280,54968,306000000,1728000
1791120384.5542,4960,1272,54812,306000000,1728000
1791120384.6043,4960,1272,54968,306000000,1728000
1791120384.6544,4960,1272,54812,306000000,883200
1791120384.7045,4968,1264,54812,306000000,1728000
1791120384.7546,4968,1264,54781,306000000,1728000
1791120384.8047,4968,1256,54937,306000000,1728000
1791120384.8548,4968,1256,54843,306000000,1728000
1791120384.9049,4960,1272,54812,306000000,1728000
1791120384.9551,4960,1280,54937,306000000,1728000
1791120385.0052,4960,1272,54781,306000000,1728000
1791120385.0552,4968,1272,54906,306000000,1728000
1791120385.1053,4968,1264,54781,306000000,1036800
1791120385.1554,4960,1264,54906,306000000,1728000
1791120385.2055,4968,1264,54781,306000000,1728000
1791120385.2556,4968,1264,54843,306000000,883200
1791120385.3057,4968,1256,54781,306000000,1728000
1791120385.3558,4968,1264,54750,306000000,1728000
1791120385.4059,4968,1256,55062,306000000,1728000
1791120385.4560,4960,1272,54843,306000000,960000
1791120385.5060,4960,1280,54906,306000000,1036800
1791120385.5561,4960,1272,54812,306000000,1728000
1791120385.6062,4960,1272,54906,306000000,1728000
1791120385.6563,4960,1264,54781,306000000,1728000
1791120385.7064,4968,1264,54875,306000000,1728000
1791120385.7565,4968,1256,54781,306000000,1728000
1791120385.8066,4968,1264,54812,306000000,960000
1791120385.8567,4968,1256,54781,306000000,1728000
1791120385.9068,4968,1256,54843,306000000,960000
1791120385.9568,4968,1256,54968,306000000,1728000
1791120386.0069,4960,1264,54812,306000000,1344000
1791120386.0570,4960,1272,54937,306000000,1728000
1791120386.1071,4960,1264,54843,306000000,1728000
1791120386.1572,4960,1272,54937,306000000,1728000
1791120386.2073,4960,1264,54781,306000000,1728000
1791120386.2574,4960,1272,54812,306000000,883200
1791120386.3075,4968,1264,54843,306000000,1728000
1791120386.3576,4960,1256,54875,306000000,1728000
1791120386.4077,4960,1256,54968,306000000,1728000
1791120386.4578,4960,1256,54843,306000000,1728000
1791120386.5079,4960,1264,55000,306000000,1728000
1791120386.5580,4960,1264,54843,306000000,1190400
1791120386.6081,4960,1280,54781,306000000,1728000
1791120386.6582,4960,1280,54718,306000000,1728000
1791120386.7083,4960,1272,54843,306000000,1728000
1791120386.7584,4968,1264,54812,306000000,1728000
1791120386.8085,4960,1272,54843,306000000,1728000
1791120386.8586,4968,1264,55000,306000000,806400
1791120386.9087,4960,1264,54875,306000000,1728000
1791120386.9588,4968,1264,54968,306000000,806400
1791120387.0089,4960,1264,54781,306000000,1728000
1791120387.0590,4960,1256,54937,306000000,960000
1791120387.1091,4968,1256,54843,306000000,1728000
1791120387.1592,4960,1272,54843,306000000,1497600
1791120387.2093,4960,1280,54875,306000000,1728000
1791120387.2594,4960,1280,54875,306000000,883200
1791120387.3095,4960,1272,55062,306000000,1728000
1791120387.3595,4968,1272,54906,306000000,1728000
1791120387.4096,4960,1272,54937,306000000,883200
1791120387.4597,4960,1272,54781,306000000,1728000
1791120387.5098,4960,1272,54937,306000000,1728000
1791120387.5599,4960,1272,54875,306000000,1728000
1791120387.6100,4968,1272,54937,306000000,1728000
1791120387.6601,4968,1272,54750,306000000,1728000
1791120387.7102,4960,1288,54843,306000000,1728000
1791120387.7603,4960,1288,55031,306000000,1728000
1791120387.8104,4960,1288,54812,306000000,1036800
1791120387.8605,4960,1280,55000,306000000,1728000
1791120387.9106,4960,1288,54875,306000000,1728000
1791120387.9607,4960,1280,54812,306000000,806400
1791120388.0108,4960,1280,54781,306000000,729600
1791120388.0609,4968,1272,54906,306000000,1728000
1791120388.1110,4968,1264,54843,306000000,960000
1791120388.1611,4968,1264,54906,306000000,1728000
1791120388.2112,4968,1264,54750,306000000,1728000
1791120388.2613,4968,1280,54906,306000000,1190400
1791120388.3114,4960,1280,55000,306000000,1728000
1791120388.3615,4968,1272,54906,306000000,1728000
1791120388.4116,4968,1272,54937,306000000,1728000
1791120388.4617,4968,1264,54843,306000000,1728000
1791120388.5118,4968,1264,54968,306000000,1728000
1791120388.5619,4960,1280,54843,306000000,1728000
1791120388.6120,4968,1272,54906,306000000,1728000
1791120388.6621,4968,1272,54812,306000000,1728000
1791120388.7122,4960,1272,54906,306000000,1728000
1791120388.7623,4968,1272,55062,306000000,1728000
1791120388.8124,4960,1272,54875,306000000,1728000
1791120388.8625,4960,1288,54968,306000000,1728000
1791120388.9125,4960,1280,54781,306000000,806400
1791120388.9626,4960,1272,54937,306000000,806400
1791120389.0127,4968,1272,54843,306000000,1728000
1791120389.0628,4968,1272,54937,306000000,729600
1791120389.1129,4968,1272,54812,306000000,883200
1791120389.1630,4968,1264,54906,306000000,806400
1791120389.2131,4968,1264,55062,306000000,1728000
1791120389.2632,4968,1264,54843,306000000,729600
1791120389.3133,4968,1256,54937,306000000,1728000
1791120389.3634,4968,1256,54843,306000000,1267200
1791120389.4135,4960,1272,54937,306000000,1728000
1791120389.4636,4968,1272,54875,306000000,1728000
1791120389.5137,4960,1280,54906,306000000,806400
1791120389.5638,4960,1272,54812,306000000,1728000
1791120389.6139,4960,1280,54875,306000000,1728000
1791120389.6640,4960,1280,55031,306000000,1728000
1791120389.7142,4960,1272,54875,306000000,1728000
1791120389.7643,4968,1264,55062,306000000,1728000
1791120389.8144,4968,1264,54843,306000000,1728000
1791120389.8645,4968,1264,54843,306000000,1728000
1791120389.9146,4968,1256,54875,306000000,1728000
1791120389.9647,4960,1296,54875,306000000,1728000
1791120390.0148,4960,1288,54843,306000000,883200
1791120390.0649,4960,1280,54937,306000000,1728000
1791120390.1150,4960,1280,55031,306000000,1728000
1791120390.1651,4968,1272,54843,306000000,1728000
1791120390.2151,4968,1272,54937,306000000,1728000
1791120390.2652,4968,1264,54812,306000000,1728000
1791120390.3153,4968,1264,54937,306000000,1728000
1791120390.3654,4968,1264,54812,306000000,1728000
1791120390.4155,4968,1256,54906,306000000,1728000
1791120390.4656,4968,1256,54750,306000000,1728000
1791120390.5157,4960,1272,54875,306000000,1728000
1791120390.5658,4960,1272,54843,306000000,1728000
1791120390.6159,4960,1272,54875,306000000,960000
1791120390.6660,4960,1272,55093,306000000,1728000
1791120390.7161,4960,1272,54875,306000000,1728000
1791120390.7661,4960,1264,54968,306000000,1728000
1791120390.8162,4960,1264,54843,306000000,1728000
1791120390.8663,4968,1256,54875,306000000,1728000
1791120390.9164,4968,1256,54812,306000000,1728000
1791120390.9665,4968,1256,54937,306000000,1728000
1791120391.0166,4968,1248,54812,306000000,1728000
1791120391.0666,4968,1264,54906,306000000,1728000
1791120391.1167,4968,1264,55031,306000000,1728000
1791120391.1669,4968,1272,54812,306000000,1728000
1791120391.2170,4960,1288,54968,306000000,1728000
1791120391.2674,4960,1328,54843,306000000,1728000
1791120391.3175,4960,1344,54937,306000000,1651200
1791120391.3676,4960,1360,54875,306000000,1728000
1791120391.4176,4960,1352,54968,306000000,1728000
1791120391.4677,4960,1336,54843,306000000,1728000
1791120391.5178,4960,1328,54812,306000000,1728000
1791120391.5679,4960,1312,55031,306000000,1728000
1791120391.6180,4960,1320,54906,306000000,1728000
1791120391.6681,4960,1320,54968,306000000,1728000
1791120391.7182,4960,1320,54843,306000000,1728000
1791120391.7686,4960,1312,54781,306000000,1728000
1791120391.8187,4960,1320,54843,306000000,1728000
1791120391.8688,4960,1320,54937,306000000,960000
1791120391.9189,4960,1328,54812,306000000,1036800
1791120391.9690,4960,1336,54906,306000000,1728000
1791120392.0191,4960,1336,54937,306000000,1728000
1791120392.0692,4960,1328,54843,306000000,1728000
1791120392.1193,4960,1320,54968,306000000,1728000
1791120392.1694,4960,1312,54812,306000000,1728000
1791120392.2195,4960,1312,54968,306000000,1728000
1791120392.2696,4960,1304,54875,306000000,1728000
1791120392.3197,4960,1304,54906,306000000,1728000
1791120392.3698,4960,1296,54812,306000000,1728000
1791120392.4199,4960,1288,54906,306000000,1728000
1791120392.4699,4968,1280,54812,306000000,1728000
1791120392.5200,4968,1280,54906,306000000,1728000
1791120392.5701,4968,1272,54968,306000000,1728000
1791120392.6202,4968,1264,54812,306000000,1728000
1791120392.6703,4968,1272,55062,306000000,729600
1791120392.7204,4968,1272,54812,306000000,1190400
1791120392.7705,4968,1280,54875,306000000,1728000
1791120392.8206,4968,1280,54843,306000000,1728000
1791120392.8707,4968,1272,54937,306000000,1728000
1791120392.9208,4968,1272,54875,306000000,1728000
1791120392.9708,4968,1264,54843,306000000,1728000
1791120393.0209,4968,1264,55125,306000000,1728000
1791120393.0710,4968,1264,54875,306000000,1728000
1791120393.1211,4968,1256,55031,306000000,1728000
1791120393.1712,4968,1248,54843,306000000,1728000
1791120393.2213,4968,1240,54968,306000000,1728000
1791120393.2714,4968,1248,54843,306000000,1113600
1791120393.3215,4968,1264,55062,306000000,1728000
1791120393.3715,4968,1264,54968,306000000,1728000
1791120393.4216,4968,1264,54906,306000000,1728000
1791120393.4717,4968,1264,55062,306000000,1728000
1791120393.5218,4968,1256,54906,306000000,1728000
1791120393.5719,4968,1256,55062,306000000,1728000
1791120393.6220,4968,1256,54843,306000000,1728000
1791120393.6721,4968,1256,54937,306000000,1728000
1791120393.7222,4968,1264,54843,306000000,1728000
1791120393.7723,4968,1256,54937,306000000,1728000
1791120393.8224,4968,1256,54843,306000000,1728000
1791120393.8724,4968,1264,55000,306000000,1728000
1791120393.9225,4968,1264,55062,306000000,1728000
1791120393.9726,4968,1264,54968,306000000,1728000
1791120394.0227,4968,1264,55031,306000000,1728000
1791120394.0728,4968,1256,54843,306000000,1728000
1791120394.1229,4968,1256,55000,306000000,1728000
1791120394.1729,4968,1256,54906,306000000,1728000
1791120394.2231,4968,1256,54968,306000000,1728000
1791120394.2731,4968,1248,54843,306000000,1728000
1791120394.3232,4968,1248,54906,306000000,1728000
1791120394.3733,4968,1248,54968,306000000,1728000
1791120394.4234,4968,1256,54875,306000000,1728000
1791120394.4735,4968,1256,55031,306000000,1728000
1791120394.5236,4968,1256,54875,306000000,1728000
1791120394.5737,4968,1256,55000,306000000,1728000
1791120394.6238,4968,1248,54906,306000000,1728000
1791120394.6739,4968,1248,54875,306000000,1728000
1791120394.7240,4968,1256,54812,306000000,1267200
1791120394.7741,4968,1264,54906,306000000,1728000
1791120394.8241,4968,1256,55031,306000000,1728000
1791120394.8742,4968,1256,54843,306000000,1728000
1791120394.9243,4968,1256,55062,306000000,1728000
1791120394.9744,4968,1256,54875,306000000,1190400
1791120395.0245,4968,1264,55031,306000000,1728000
1791120395.0746,4968,1264,54875,306000000,1728000
1791120395.1247,4968,1256,54875,306000000,1728000
1791120395.1747,4968,1256,54781,306000000,1728000
1791120395.2248,4968,1256,54906,306000000,1728000
1791120395.2749,4968,1256,54843,306000000,1728000
1791120395.3250,4968,1256,54843,306000000,1728000
1791120395.3751,4968,1256,55062,306000000,1728000
1791120395.4251,4968,1248,54812,306000000,1728000
1791120395.4752,4968,1248,55031,306000000,1728000
1791120395.5253,4968,1248,54812,306000000,1113600
1791120395.5754,4968,1256,54875,306000000,1420800
1791120395.6255,4968,1264,54843,306000000,1728000
1791120395.6756,4968,1248,54843,306000000,1728000
1791120395.7257,4968,1248,54687,306000000,1728000
1791120395.7758,4968,1256,54906,306000000,1728000
1791120395.8259,4968,1256,54968,306000000,1728000
1791120395.8760,4968,1256,54812,306000000,1728000
1791120395.9261,4968,1264,54968,306000000,1728000
1791120395.9761,4968,1264,54781,306000000,1728000
1791120396.0262,4968,1256,54875,306000000,1728000
1791120396.0763,4968,1256,54875,306000000,1728000
1791120396.1264,4968,1264,54875,306000000,1728000
1791120396.1765,4960,1272,54781,306000000,1728000
1791120396.2266,4968,1264,54937,306000000,1728000
1791120396.2767,4968,1264,54968,306000000,1728000
1791120396.3268,4968,1264,54843,306000000,1728000
1791120396.3769,4968,1264,55000,306000000,1728000
1791120396.4269,4968,1256,54937,306000000,1728000
1791120396.4770,4968,1256,54937,306000000,1728000
1791120396.5271,4968,1264,54843,306000000,1728000
1791120396.5772,4968,1264,54875,306000000,1728000
1791120396.6273,4968,1256,54843,306000000,1728000
1791120396.6774,4968,1256,54875,306000000,1728000
1791120396.7275,4968,1264,55031,306000000,1728000
1791120396.7776,4968,1264,54875,306000000,1728000
1791120396.8277,4968,1264,55000,306000000,1728000
1791120396.8778,4968,1256,54812,306000000,1728000
1791120396.9278,4968,1256,54906,306000000,1728000
1791120396.9779,4968,1256,54781,306000000,1728000
1791120397.0280,4968,1248,54937,306000000,1728000
1791120397.0781,4968,1248,54875,306000000,1728000
1791120397.1282,4968,1248,55000,306000000,1728000
1791120397.1782,4968,1248,55062,306000000,1728000
1791120397.2283,4968,1264,54843,306000000,1728000
1791120397.2784,4960,1264,54937,306000000,1728000
1791120397.3285,4960,1264,54875,306000000,1728000
1791120397.3786,4968,1264,55000,306000000,1728000
1791120397.4287,4968,1264,54843,306000000,1728000
1791120397.4788,4968,1256,54875,306000000,1728000
1791120397.5288,4968,1256,54843,306000000,1728000
1791120397.5789,4968,1256,54937,306000000,1728000
1791120397.6290,4968,1256,54781,306000000,1728000
1791120397.6791,4960,1256,54875,306000000,1728000
1791120397.7291,4968,1248,54968,306000000,1728000
1791120397.7792,4968,1256,54906,306000000,1190400
1791120397.8294,4960,1272,54968,306000000,729600
1791120397.8794,4960,1272,54812,306000000,1728000
1791120397.9295,4960,1272,54968,306000000,1728000
1791120397.9796,4968,1264,54843,306000000,1728000
1791120398.0297,4968,1264,54906,306000000,1728000
1791120398.0798,4968,1256,54812,306000000,1728000
1791120398.1299,4968,1256,54750,306000000,1728000
1791120398.1800,4968,1248,55031,306000000,1728000
1791120398.2300,4968,1256,54843,306000000,1728000
1791120398.2801,4968,1256,55031,306000000,1728000
1791120398.3302,4968,1248,54781,306000000,1728000
1791120398.3803,4960,1264,54937,306000000,1728000
1791120398.4304,4968,1256,54812,306000000,1728000
1791120398.4805,4968,1248,54875,306000000,1728000
1791120398.5306,4968,1248,54812,306000000,1728000
1791120398.5807,4968,1248,54781,306000000,1728000
1791120398.6307,4968,1248,55000,306000000,1728000
1791120398.6808,4968,1240,54812,306000000,1728000
1791120398.7309,4968,1240,55031,306000000,1728000
1791120398.7810,4968,1240,54812,306000000,1728000
1791120398.8311,4968,1248,54906,306000000,883200
1791120398.8812,4968,1256,54843,306000000,1728000
1791120398.9313,4960,1272,54906,306000000,1344000
1791120398.9814,4960,1272,54781,306000000,1728000
1791120399.0315,4968,1264,54906,306000000,1728000
1791120399.0816,4968,1264,54968,306000000,1728000
1791120399.1317,4968,1256,54875,306000000,1728000
1791120399.1817,4968,1256,54906,306000000,1728000
1791120399.2318,4968,1248,54875,306000000,1728000
1791120399.2819,4968,1240,54937,306000000,1728000
1791120399.3320,4968,1240,54843,306000000,1728000
1791120399.3821,4968,1240,54937,306000000,1728000
1791120399.4322,4968,1240,54781,306000000,1728000
1791120399.4822,4968,1248,54875,306000000,1497600
1791120399.5323,4968,1256,55031,306000000,1728000
1791120399.5824,4968,1248,54906,306000000,1728000
1791120399.6325,4968,1248,55062,306000000,1728000
1791120399.6826,4968,1248,54875,306000000,1728000
1791120399.7327,4968,1248,54937,306000000,1728000
1791120399.7827,4968,1248,54812,306000000,1728000
1791120399.8328,4968,1240,54843,306000000,1728000
1791120399.8829,4968,1248,54812,306000000,1728000
1791120399.9330,4968,1248,54875,306000000,1728000
1791120399.9831,4968,1248,54843,306000000,1728000
1791120400.0332,4968,1264,54906,306000000,1728000
1791120400.0833,4960,1272,55062,306000000,1728000
1791120400.1334,4968,1272,54843,306000000,1728000
1791120400.1835,4968,1272,54937,306000000,1728000
1791120400.2336,4968,1264,54843,306000000,1728000
1791120400.2837,4960,1272,54906,306000000,1728000
1791120400.3337,4968,1264,54812,306000000,1728000
1791120400.3838,4960,1272,54812,306000000,1728000
1791120400.4339,4968,1264,54812,306000000,1728000
1791120400.4840,4968,1264,54812,306000000,1728000
1791120400.5341,4968,1264,55031,306000000,1728000
1791120400.5842,4968,1264,54906,306000000,1267200
1791120400.6343,4960,1280,54937,306000000,1267200
1791120400.6844,4960,1272,54875,306000000,1728000
1791120400.7345,4960,1272,54906,306000000,1728000
1791120400.7846,4960,1272,54750,306000000,1728000
1791120400.8347,4968,1264,54937,306000000,1728000
1791120400.8848,4960,1272,54781,306000000,960000
1791120400.9349,4960,1272,54906,306000000,1728000
1791120400.9850,4968,1264,55000,306000000,1728000
1791120401.0351,4968,1264,54812,306000000,1728000
1791120401.0852,4968,1264,55000,306000000,1728000
1791120401.1353,4960,1264,54875,306000000,1190400
1791120401.1854,4960,1280,54968,306000000,1728000
1791120401.2355,4960,1280,54906,306000000,1728000
1791120401.2855,4960,1280,54937,306000000,1728000
1791120401.3356,4960,1280,54812,306000000,1728000
1791120401.3857,4960,1280,54843,306000000,1728000
1791120401.4358,4960,1280,55062,306000000,1728000
1791120401.4859,4960,1272,54843,306000000,1728000
1791120401.5360,4960,1264,55062,306000000,883200
1791120401.5861,4960,1264,54781,306000000,1728000
1791120401.6362,4968,1256,54906,306000000,1728000
1791120401.6863,4960,1256,54781,306000000,1728000
1791120401.7364,4960,1272,54937,306000000,1728000
1791120401.7865,4960,1272,54843,306000000,1728000
1791120401.8366,4960,1272,54843,306000000,1728000
1791120401.8867,4960,1272,55000,306000000,1728000
1791120401.9368,4960,1272,54968,306000000,1728000
1791120401.9869,4960,1272,55031,306000000,1728000
1791120402.0370,4968,1264,54875,306000000,1728000
1791120402.0871,4968,1264,54906,306000000,1728000
1791120402.1371,4968,1248,54812,306000000,1728000
1791120402.1872,4968,1248,54968,306000000,1728000
1791120402.2373,4968,1240,54875,306000000,1728000
1791120402.2874,4968,1248,54968,306000000,1728000
1791120402.3375,4968,1264,54781,306000000,1728000
1791120402.3876,4968,1264,54843,306000000,1728000
1791120402.4377,4968,1264,55000,306000000,1728000
1791120402.4877,4968,1272,54875,306000000,1728000
1791120402.5378,4968,1264,54968,306000000,1728000
1791120402.5879,4968,1264,54812,306000000,1728000
1791120402.6380,4960,1288,54968,306000000,1728000
1791120402.6881,4960,1296,54843,306000000,1728000
1791120402.7381,4960,1304,54906,306000000,1728000
1791120402.7882,4960,1304,54718,306000000,1728000
1791120402.8383,4960,1304,54781,306000000,1267200
1791120402.8884,4960,1312,55031,306000000,1728000
1791120402.9385,4960,1312,54843,306000000,1267200
1791120402.9886,4960,1312,54968,306000000,1728000
1791120403.0387,4960,1304,54812,306000000,1728000
1791120403.0888,4960,1296,54875,306000000,1728000
1791120403.1389,4960,1296,54812,306000000,1728000
1791120403.1890,4960,1280,54906,306000000,1728000
1791120403.2391,4960,1288,54812,306000000,1728000
1791120403.2891,4960,1280,54843,306000000,1728000
1791120403.3392,4968,1264,55031,306000000,1728000
1791120403.3893,4968,1272,54875,306000000,1728000
1791120403.4394,4960,1288,54968,306000000,1497600
1791120403.4895,4960,1280,54875,306000000,1728000
1791120403.5396,4960,1280,54937,306000000,1728000
1791120403.5897,4968,1272,54812,306000000,1728000
1791120403.6397,4968,1264,54875,306000000,1728000
1791120403.6898,4968,1264,54750,306000000,1728000
1791120403.7399,4968,1256,54812,306000000,1728000
1791120403.7900,4968,1256,55031,306000000,1728000
1791120403.8401,4968,1264,54937,306000000,1728000
1791120403.8902,4968,1256,55062,306000000,1728000
1791120403.9402,4968,1256,54937,306000000,1728000
1791120403.9904,4960,1272,54906,306000000,1728000
1791120404.0404,4960,1272,54750,306000000,1728000
1791120404.0905,4968,1272,54937,306000000,1728000
1791120404.1406,4968,1256,54843,306000000,1728000
1791120404.1907,4968,1264,54906,306000000,1728000
1791120404.2408,4968,1256,55000,306000000,1728000
1791120404.2909,4968,1256,54875,306000000,1728000
1791120404.3409,4968,1256,55062,306000000,1728000
1791120404.3910,4968,1248,54875,306000000,1728000
1791120404.4411,4968,1240,54937,306000000,1728000
1791120404.4912,4968,1240,54812,306000000,1728000
1791120404.5413,4968,1248,54875,306000000,1190400
1791120404.5914,4968,1256,54750,306000000,1728000
1791120404.6415,4968,1256,54843,306000000,1728000
1791120404.6916,4968,1248,54906,306000000,1728000
1791120404.7417,4968,1248,54906,306000000,1728000
1791120404.7917,4968,1248,55000,306000000,1728000
1791120404.8418,4968,1240,54843,306000000,1728000
1791120404.8919,4968,1240,54906,306000000,1728000
1791120404.9420,4968,1232,54843,306000000,1728000
1791120404.9921,4968,1240,54937,306000000,1728000
1791120405.0422,4968,1240,54843,306000000,1728000
1791120405.0923,4968,1248,54906,306000000,1728000
1791120405.1424,4968,1256,54781,306000000,1728000
1791120405.1924,4968,1256,54875,306000000,1728000
1791120405.2425,4968,1256,55062,306000000,1728000
1791120405.2926,4968,1256,54906,306000000,1728000
1791120405.3427,4968,1256,54937,306000000,1728000
1791120405.3928,4968,1256,54843,306000000,1728000
1791120405.4429,4968,1256,55062,306000000,1728000
1791120405.4930,4968,1256,54875,306000000,1728000
1791120405.5431,4968,1248,54906,306000000,1728000
1791120405.5931,4968,1248,54812,306000000,1728000
1791120405.6432,4968,1248,54968,306000000,1728000
1791120405.6933,4960,1264,55031,306000000,1728000
1791120405.7434,4968,1256,54843,306000000,1728000
1791120405.7935,4968,1264,54875,306000000,1728000
1791120405.8436,4968,1256,54812,306000000,1728000
1791120405.8937,4960,1264,54875,306000000,1728000
1791120405.9438,4968,1264,54875,306000000,1728000
1791120405.9939,4968,1256,54937,306000000,1728000
1791120406.0440,4968,1264,54781,306000000,1728000
1791120406.0941,4968,1264,54906,306000000,1728000
1791120406.1441,4960,1264,55031,306000000,1728000
1791120406.1942,4960,1264,54843,306000000,1728000
1791120406.2443,4960,1272,55000,306000000,1728000
1791120406.2944,4960,1272,54906,306000000,1728000
1791120406.3445,4968,1272,54968,306000000,1728000
1791120406.3946,4968,1264,54812,306000000,1728000
1791120406.4447,4968,1264,54906,306000000,1728000
1791120406.4947,4968,1264,54750,306000000,1728000
1791120406.5448,4968,1256,54843,306000000,1728000
1791120406.5949,4968,1256,55031,306000000,1728000
1791120406.6450,4968,1256,54906,306000000,1728000
1791120406.6951,4968,1256,54968,306000000,1728000
1791120406.7452,4968,1256,54843,306000000,1113600
1791120406.7953,4960,1264,54875,306000000,1728000
1791120406.8454,4968,1264,54750,306000000,1728000
1791120406.8954,4968,1264,54937,306000000,1728000
1791120406.9455,4968,1264,54875,306000000,1728000
1791120406.9956,4968,1264,54906,306000000,1728000
1791120407.0457,4968,1272,54906,306000000,1728000
1791120407.0958,4960,1272,54875,306000000,1728000
1791120407.1459,4968,1272,55000,306000000,1728000
1791120407.1960,4968,1264,54781,306000000,1728000
1791120407.2461,4968,1256,54937,306000000,1728000
1791120407.2962,4968,1248,54906,306000000,1728000
1791120407.3463,4968,1256,54968,306000000,1267200
1791120407.3963,4960,1264,54843,306000000,1728000
1791120407.4464,4968,1256,54812,306000000,1728000
1791120407.4965,4960,1264,54781,306000000,1728000
1791120407.5466,4960,1264,54875,306000000,1728000
1791120407.5967,4968,1256,55062,306000000,1728000
1791120407.6467,4968,1256,54843,306000000,1728000
1791120407.6968,4968,1248,54937,306000000,1728000
1791120407.7469,4968,1256,54875,306000000,1728000
1791120407.7970,4968,1248,54906,306000000,1728000
1791120407.8471,4968,1248,54875,306000000,1728000
1791120407.8972,4960,1256,54968,306000000,1728000
1791120407.9473,4960,1264,54843,306000000,1728000
1791120407.9973,4960,1264,54843,306000000,1728000
1791120408.0474,4960,1264,55031,306000000,1728000
1791120408.0976,4960,1264,54843,306000000,1728000
1791120408.1476,4968,1264,54906,306000000,1728000
1791120408.1977,4968,1264,54718,306000000,1728000
1791120408.2478,4968,1264,54937,306000000,1728000
1791120408.2979,4968,1264,54812,306000000,1728000
1791120408.3480,4968,1256,54906,306000000,1728000
1791120408.3981,4968,1256,54843,306000000,1728000
1791120408.4482,4968,1256,54906,306000000,1728000
1791120408.4983,4960,1264,55031,306000000,1728000
1791120408.5484,4960,1264,54875,306000000,1728000
1791120408.5985,4960,1256,55000,306000000,1728000
1791120408.6485,4968,1256,54781,306000000,1728000
1791120408.6986,4968,1256,54937,306000000,1728000
1791120408.7487,4968,1248,54843,306000000,1728000
1791120408.7988,4968,1248,54968,306000000,1728000
1791120408.8489,4968,1248,54843,306000000,1728000
1791120408.8990,4968,1248,54906,306000000,1728000
1791120408.9490,4968,1248,55062,306000000,1728000
1791120408.9991,4968,1248,54843,306000000,1728000
1791120409.0492,4968,1264,55062,306000000,1728000
1791120409.0993,4968,1272,54843,306000000,1728000
1791120409.1495,4968,1272,54906,306000000,1728000
1791120409.1995,4968,1264,54781,306000000,1728000
1791120409.2496,4968,1264,54875,306000000,1728000
1791120409.2997,4968,1264,54781,306000000,1728000
1791120409.3498,4968,1264,54812,306000000,1728000
1791120409.3999,4968,1264,54843,306000000,1728000
1791120409.4499,4968,1264,54875,306000000,1728000
1791120409.5000,4968,1264,55031,306000000,1728000
1791120409.5501,4968,1256,54781,306000000,1728000
1791120409.6002,4960,1272,54906,306000000,1728000
1791120409.6503,4968,1272,54875,306000000,1728000
1791120409.7004,4968,1264,54875,306000000,1728000
1791120409.7505,4968,1256,54812,306000000,1728000
1791120409.8006,4968,1256,54906,306000000,1728000
1791120409.8507,4968,1256,54875,306000000,1728000
1791120409.9007,4968,1256,54843,306000000,1728000
1791120409.9508,4968,1248,54968,306000000,1728000
1791120410.0009,4968,1248,54812,306000000,1728000
1791120410.0510,4968,1248,54937,306000000,1728000
1791120410.1011,4968,1240,54843,306000000,1728000
1791120410.1512,4968,1264,54906,306000000,1344000
1791120410.2013,4968,1264,54843,306000000,1728000
1791120410.2514,4968,1264,54875,306000000,1728000
1791120410.3014,4968,1256,54750,306000000,1728000
1791120410.3515,4968,1256,54875,306000000,1728000
1791120410.4016,4968,1256,55062,306000000,1728000
1791120410.4517,4968,1256,54843,306000000,1728000
1791120410.5018,4968,1248,55000,306000000,1728000
1791120410.5519,4968,1248,54843,306000000,1728000
1791120410.6020,4968,1248,54906,306000000,1728000
1791120410.6521,4968,1248,54843,306000000,1728000
1791120410.7021,4968,1256,54875,306000000,1728000
1791120410.7522,4968,1264,54750,306000000,1728000
1791120410.8023,4968,1256,54812,306000000,1728000
1791120410.8524,4968,1256,55000,306000000,1728000
1791120410.9025,4968,1248,54781,306000000,1728000
1791120410.9526,4968,1248,54937,306000000,1728000
1791120411.0027,4968,1248,54781,306000000,1728000
1791120411.0528,4968,1248,55000,306000000,1728000
1791120411.1028,4968,1248,54781,306000000,1728000
1791120411.1529,4968,1256,54875,306000000,1728000
1791120411.2031,4968,1256,54812,306000000,1728000
1791120411.2532,4968,1256,54843,306000000,1728000
1791120411.3033,4960,1264,55000,306000000,1728000
1791120411.3534,4968,1264,54843,306000000,1728000
1791120411.4034,4968,1264,55000,306000000,1728000
1791120411.4535,4968,1256,54750,306000000,1728000
1791120411.5036,4968,1256,54875,306000000,1728000
1791120411.5537,4968,1256,54875,306000000,1728000
1791120411.6038,4968,1248,54906,306000000,1728000
1791120411.6538,4968,1248,54812,306000000,1728000
1791120411.7039,4968,1248,54875,306000000,1728000
1791120411.7540,4968,1248,54875,306000000,1728000
1791120411.8041,4968,1248,54875,306000000,1728000
1791120411.8542,4968,1256,54937,306000000,1728000
1791120411.9043,4968,1256,54843,306000000,1728000
1791120411.9544,4968,1256,54906,306000000,1728000
1791120412.0045,4968,1256,54781,306000000,1728000
1791120412.0546,4968,1248,55000,306000000,1728000
1791120412.1046,4968,1248,54812,306000000,1728000
1791120412.1547,4968,1240,54906,306000000,1728000
1791120412.2048,4968,1248,54812,306000000,1728000
1791120412.2549,4968,1248,54750,306000000,1728000
1791120412.3050,4968,1248,55000,306000000,1728000
1791120412.3551,4968,1248,54875,306000000,1728000
1791120412.4052,4960,1264,54843,306000000,1344000
1791120412.4553,4968,1256,54750,306000000,1728000
1791120412.5053,4968,1256,54937,306000000,1728000
1791120412.5554,4968,1248,54750,306000000,1728000
1791120412.6055,4968,1248,54906,306000000,1728000
1791120412.6556,4968,1248,54781,306000000,1728000
1791120412.7057,4968,1248,54843,306000000,1728000
1791120412.7557,4968,1248,55031,306000000,1728000
1791120412.8058,4968,1248,54781,306000000,1728000
1791120412.8559,4968,1240,54906,306000000,1728000
1791120412.9060,4968,1240,54781,306000000,1728000
1791120412.9561,4968,1256,54906,306000000,1728000
1791120413.0062,4968,1256,54781,306000000,1728000
1791120413.0563,4968,1256,54812,306000000,1728000
1791120413.1063,4968,1248,54718,306000000,1728000
1791120413.1564,4968,1256,54781,306000000,1728000
1791120413.2065,4968,1264,54968,306000000,1267200
1791120413.2566,4968,1256,54906,306000000,1728000
1791120413.3067,4968,1256,54875,306000000,1728000
1791120413.3568,4968,1256,54875,306000000,1728000
1791120413.4069,4968,1256,54875,306000000,1728000
1791120413.4570,4968,1256,54843,306000000,1728000
1791120413.5071,4960,1264,54812,306000000,1113600
1791120413.5572,4960,1264,54750,306000000,1728000
1791120413.6073,4968,1264,54812,306000000,1728000
1791120413.6574,4968,1264,54937,306000000,1728000
1791120413.7075,4968,1256,54781,306000000,1728000
1791120413.7576,4968,1256,55031,306000000,1728000
1791120413.8076,4968,1248,54812,306000000,1728000
1791120413.8577,4968,1248,55031,306000000,1728000
1791120413.9078,4968,1248,54843,306000000,1728000
1791120413.9579,4968,1248,54875,306000000,1728000
1791120414.0080,4968,1248,54812,306000000,1728000
1791120414.0581,4968,1248,54843,306000000,1728000
1791120414.1082,4968,1264,54781,306000000,1728000
1791120414.1583,4968,1256,54875,306000000,1728000
1791120414.2084,4968,1256,55062,306000000,1728000
1791120414.2585,4968,1264,54906,306000000,1728000
1791120414.3086,4968,1256,54968,306000000,1728000
1791120414.3587,4968,1256,54843,306000000,1728000
1791120414.4088,4968,1256,54937,306000000,1728000
1791120414.4589,4968,1248,54875,306000000,1728000
1791120414.5090,4968,1248,54875,306000000,1728000
1791120414.5591,4968,1256,54843,306000000,1728000
1791120414.6092,4968,1256,54937,306000000,1728000
1791120414.6592,4968,1264,55031,306000000,1728000
1791120414.7093,4968,1264,54875,306000000,1728000
1791120414.7594,4968,1256,54937,306000000,1728000
1791120414.8095,4968,1256,54812,306000000,1728000
1791120414.8596,4968,1256,54937,306000000,1728000
1791120414.9097,4968,1248,54781,306000000,1728000
1791120414.9598,4968,1248,54968,306000000,1728000
1791120415.0099,4968,1248,54812,306000000,1728000
1791120415.0600,4968,1248,54812,306000000,1728000
1791120415.1100,4968,1248,55000,306000000,1728000
1791120415.1602,4968,1248,54781,306000000,1728000
1791120415.2102,4968,1264,54937,306000000,1728000
1791120415.2603,4968,1264,54843,306000000,1728000
1791120415.3104,4968,1264,54906,306000000,1728000
1791120415.3605,4968,1256,54843,306000000,1728000
1791120415.4106,4968,1256,54875,306000000,1728000
1791120415.4607,4968,1264,54781,306000000,1728000
1791120415.5108,4968,1256,54875,306000000,1728000
1791120415.5609,4968,1256,55031,306000000,1728000
1791120415.6110,4960,1264,54750,306000000,1728000
1791120415.6611,4960,1256,54875,306000000,1728000
1791120415.7112,4968,1256,54843,306000000,1728000
1791120415.7613,4960,1272,54843,306000000,1728000
1791120415.8115,4960,1272,54843,306000000,1728000
1791120415.8616,4960,1264,54843,306000000,1728000
1791120415.9116,4968,1264,54750,306000000,1728000
1791120415.9617,4968,1256,54843,306000000,1728000
1791120416.0119,4968,1256,54937,306000000,1728000
1791120416.0620,4968,1256,54750,306000000,1728000
1791120416.1120,4968,1248,55031,306000000,1728000
1791120416.1621,4968,1248,54750,306000000,1728000
1791120416.2122,4968,1256,54906,306000000,1728000
1791120416.2623,4968,1248,54750,306000000,1728000
1791120416.3124,4960,1272,54937,306000000,1728000
1791120416.3625,4960,1272,54812,306000000,1728000
1791120416.4126,4960,1272,54843,306000000,1728000
1791120416.4627,4968,1264,54843,306000000,1728000
1791120416.5128,4968,1264,54750,306000000,1728000
1791120416.5629,4968,1264,55031,306000000,1728000
1791120416.6130,4968,1256,54843,306000000,1728000
1791120416.6630,4968,1248,54906,306000000,1728000
1791120416.7131,4968,1248,54781,306000000,1728000
1791120416.7632,4968,1248,54906,306000000,1728000
1791120416.8133,4968,1240,54781,306000000,1728000
1791120416.8634,4960,1264,54843,306000000,1728000
1791120416.9135,4960,1272,54687,306000000,1728000
1791120416.9636,4960,1264,54812,306000000,1728000
1791120417.0137,4960,1264,55062,306000000,1728000
1791120417.0638,4960,1264,54781,306000000,1728000
1791120417.1139,4968,1264,54937,306000000,1728000
1791120417.1640,4968,1264,54812,306000000,1728000
1791120417.2140,4968,1256,54968,306000000,1728000
1791120417.2641,4968,1256,54718,306000000,1728000
1791120417.3142,4968,1256,54812,306000000,1728000
1791120417.3643,4960,1256,54781,306000000,1728000
1791120417.4144,4960,1264,54750,306000000,1728000
1791120417.4645,4960,1272,55031,306000000,1728000
1791120417.5146,4968,1264,54843,306000000,1728000
1791120417.5647,4968,1264,54906,306000000,1728000
1791120417.6148,4968,1264,54843,306000000,1728000
1791120417.6649,4968,1264,54906,306000000,1728000
1791120417.7149,4968,1256,54781,306000000,1728000
1791120417.7650,4968,1256,54875,306000000,1728000
1791120417.8151,4968,1256,54718,306000000,1728000
1791120417.8652,4968,1248,54812,306000000,1728000
1791120417.9153,4968,1256,54906,306000000,1728000
1791120417.9654,4968,1256,54750,306000000,1728000
1791120418.0155,4960,1264,54937,306000000,1728000
1791120418.0656,4968,1264,54843,306000000,1728000
1791120418.1156,4968,1256,54875,306000000,1728000
1791120418.1657,4968,1256,54781,306000000,1728000
1791120418.2158,4968,1248,54875,306000000,1728000
1791120418.2659,4968,1248,54781,306000000,1728000
1791120418.3160,4968,1248,54906,306000000,1728000
1791120418.3661,4968,1248,54968,306000000,1728000
1791120418.4162,4968,1248,54906,306000000,1728000
1791120418.4662,4968,1248,54937,306000000,1728000
1791120418.5163,4968,1248,54812,306000000,1728000
1791120418.5664,4960,1256,54906,306000000,883200
1791120418.6165,4968,1256,54875,306000000,1728000
1791120418.6666,4968,1256,54875,306000000,1728000
1791120418.7167,4968,1256,54812,306000000,1728000
1791120418.7668,4968,1248,54875,306000000,1728000
1791120418.8169,4968,1248,54812,306000000,1728000
1791120418.8669,4968,1248,54750,306000000,1728000
1791120418.9170,4968,1240,54968,306000000,1728000
1791120418.9671,4968,1240,54812,306000000,1728000
1791120419.0172,4968,1240,54781,306000000,1728000
1791120419.0673,4968,1240,54750,306000000,1113600
1791120419.1174,4968,1248,54875,306000000,1728000
1791120419.1675,4968,1248,54781,306000000,1728000
1791120419.2175,4968,1248,54781,306000000,1728000
1791120419.2676,4968,1248,54781,306000000,1728000
1791120419.3177,4968,1248,54875,306000000,1728000
1791120419.3678,4960,1256,55000,306000000,1728000
1791120419.4179,4960,1264,54843,306000000,1728000
1791120419.4680,4968,1256,54906,306000000,1728000
1791120419.5181,4968,1248,54718,306000000,1728000
1791120419.5682,4968,1256,54937,306000000,1728000
1791120419.6183,4968,1256,54781,306000000,1728000
1791120419.6684,4960,1264,54843,306000000,1728000
1791120419.7185,4960,1272,54812,306000000,1728000
1791120419.7685,4968,1264,54875,306000000,1728000
1791120419.8186,4968,1264,54937,306000000,1728000
1791120419.8687,4968,1264,54843,306000000,1728000
1791120419.9188,4968,1264,54937,306000000,1728000
1791120419.9689,4968,1256,54750,306000000,1728000
1791120420.0190,4968,1256,54875,306000000,1728000
1791120420.0690,4968,1256,54781,306000000,1728000
1791120420.1191,4968,1256,54843,306000000,1728000
1791120420.1692,4968,1248,54812,306000000,1728000
1791120420.2193,4968,1256,54781,306000000,1497600
1791120420.2694,4968,1264,54968,306000000,1728000
1791120420.3195,4968,1264,54843,306000000,1728000
1791120420.3696,4968,1264,54937,306000000,1728000
1791120420.4197,4960,1272,54750,306000000,1728000
1791120420.4698,4968,1264,54937,306000000,1728000
1791120420.5198,4968,1264,54843,306000000,1728000
1791120420.5699,4968,1256,54843,306000000,1728000
1791120420.6200,4968,1248,54750,306000000,1728000
1791120420.6701,4968,1248,54812,306000000,1728000
1791120420.7202,4968,1248,55000,306000000,1728000
1791120420.7703,4968,1256,54812,306000000,1728000
1791120420.8204,4960,1272,54875,306000000,1728000
1791120420.8705,4968,1264,54687,306000000,1728000
1791120420.9205,4968,1264,54906,306000000,1728000
1791120420.9706,4968,1256,54812,306000000,1728000
1791120421.0207,4968,1264,54906,306000000,1728000
1791120421.0708,4968,1256,54781,306000000,1728000
1791120421.1209,4968,1248,54843,306000000,1728000
1791120421.1709,4968,1248,54718,306000000,1728000
1791120421.2210,4968,1240,54781,306000000,1728000
1791120421.2711,4968,1240,54937,306000000,1728000
1791120421.3212,4968,1248,54843,306000000,1728000
1791120421.3713,4968,1264,54937,306000000,960000
1791120421.4214,4960,1272,54843,306000000,1728000
1791120421.4715,4968,1264,54906,306000000,1728000
1791120421.5216,4968,1264,54875,306000000,1728000
1791120421.5717,4968,1256,54812,306000000,1728000
1791120421.6218,4968,1256,54718,306000000,1728000
1791120421.6719,4968,1248,54875,306000000,1728000
1791120421.7220,4968,1248,54937,306000000,1728000
1791120421.7720,4968,1248,54781,306000000,1728000
1791120421.8221,4968,1248,54843,306000000,1728000
1791120421.8722,4968,1248,54750,306000000,1728000
1791120421.9223,4968,1264,54937,306000000,1728000
1791120421.9724,4968,1272,54687,306000000,1728000
1791120422.0225,4968,1264,54875,306000000,1728000
1791120422.0726,4968,1256,54781,306000000,1728000
1791120422.1227,4968,1256,54781,306000000,1728000
1791120422.1728,4968,1256,54937,306000000,1728000
1791120422.2229,4968,1256,54843,306000000,1728000
1791120422.2730,4968,1256,54937,306000000,1728000
1791120422.3231,4968,1256,54718,306000000,1728000
1791120422.3732,4968,1256,54875,306000000,1728000
1791120422.4232,4968,1256,54875,306000000,1728000
1791120422.4733,4960,1288,54812,306000000,1728000
1791120422.5235,4960,1288,54750,306000000,1728000
1791120422.5735,4960,1288,54781,306000000,1728000
1791120422.6236,4960,1280,54968,306000000,1728000
1791120422.6737,4960,1280,54812,306000000,1728000
1791120422.7238,4960,1280,54937,306000000,883200
1791120422.7739,4960,1272,54718,306000000,1728000
1791120422.8240,4960,1272,54968,306000000,1728000
1791120422.8741,4968,1264,54812,306000000,1728000
1791120422.9242,4968,1264,54875,306000000,1728000
1791120422.9743,4968,1264,54781,306000000,1728000
1791120423.0244,4960,1272,54843,306000000,1190400
1791120423.0745,4968,1280,54968,306000000,1728000
1791120423.1246,4968,1280,54812,306000000,1728000
1791120423.1747,4960,1280,54906,306000000,960000
1791120423.2248,4960,1280,54812,306000000,1728000
1791120423.2749,4968,1272,54906,306000000,1728000
1791120423.3250,4968,1272,54750,306000000,1728000
1791120423.3751,4968,1264,54843,306000000,1728000
1791120423.4252,4968,1272,54687,306000000,1728000
1791120423.4754,4968,1272,54781,306000000,1728000
1791120423.5255,4968,1280,54875,306000000,1728000
1791120423.5756,4960,1280,54812,306000000,1728000
1791120423.6257,4960,1296,54937,306000000,1728000
1791120423.6758,4960,1288,54781,306000000,1728000
1791120423.7259,4960,1288,54843,306000000,1728000
1791120423.7760,4968,1280,54812,306000000,1728000
1791120423.8261,4960,1280,54906,306000000,960000
1791120423.8762,4968,1272,54875,306000000,1728000
1791120423.9263,4968,1272,54812,306000000,1728000
1791120423.9764,4968,1264,54781,306000000,1728000
1791120424.0265,4960,1272,54812,306000000,1728000
1791120424.0766,4968,1264,55000,306000000,1728000
1791120424.1267,4960,1264,54906,306000000,1267200
1791120424.1768,4960,1280,54843,306000000,1728000
1791120424.2269,4960,1280,54843,306000000,1728000
1791120424.2770,4960,1280,54875,306000000,1728000
1791120424.3271,4960,1280,54781,306000000,1728000
1791120424.3771,4968,1272,54843,306000000,1728000
1791120424.4272,4968,1272,54718,306000000,1728000
1791120424.4773,4968,1264,54812,306000000,1728000
1791120424.5274,4960,1280,54968,306000000,1728000
1791120424.5775,4960,1272,54906,306000000,1728000
1791120424.6276,4960,1272,54906,306000000,1728000
1791120424.6777,4960,1272,54750,306000000,1728000
1791120424.7278,4960,1280,54843,306000000,1728000
1791120424.7779,4960,1272,54812,306000000,1728000
1791120424.8280,4968,1272,54781,306000000,1728000
1791120424.8781,4968,1272,54781,306000000,1728000
1791120424.9282,4968,1272,54812,306000000,806400
1791120424.9783,4968,1272,54937,306000000,1728000
1791120425.0283,4968,1272,54843,306000000,1728000
1791120425.0784,4968,1264,54843,306000000,1728000
1791120425.1285,4968,1264,54781,306000000,1728000
1791120425.1786,4968,1264,54875,306000000,883200
1791120425.2287,4968,1256,54781,306000000,1728000
1791120425.2788,4960,1280,54937,306000000,1344000
1791120425.3289,4960,1280,54812,306000000,1728000
1791120425.3790,4968,1264,54843,306000000,1728000
1791120425.4291,4968,1256,54968,306000000,1728000
1791120425.4792,4968,1248,54937,306000000,1728000
1791120425.5293,4968,1248,55437,306000000,1728000
1791120425.5794,4968,1248,55125,306000000,1728000
1791120425.6295,4968,1240,55218,306000000,1728000
1791120425.6796,4968,1240,55250,306000000,1728000
1791120425.7297,4968,1232,55281,306000000,1728000
1791120425.7798,4968,1232,55343,306000000,1728000
1791120425.8299,4968,1240,55343,306000000,1728000
1791120425.8800,4968,1240,55312,306000000,1728000
1791120425.9301,4968,1232,55156,306000000,1728000
1791120425.9802,4968,1232,55281,306000000,1728000
1791120426.0303,4968,1224,55125,306000000,1728000
1791120426.0804,4968,1224,55312,306000000,1728000
1791120426.1305,4968,1224,55062,306000000,1728000
1791120426.1806,4968,1216,55218,306000000,1728000
1791120426.2306,4968,1216,55312,306000000,1728000
1791120426.2807,4968,1216,55281,306000000,1728000
1791120426.3308,4968,1216,55593,306000000,1728000
1791120426.3809,4968,1224,55312,306000000,1728000
1791120426.4310,4968,1224,55187,306000000,1728000
1791120426.4811,4968,1224,55312,306000000,1728000
1791120426.5312,4968,1224,55312,306000000,1728000
1791120426.5813,4968,1232,55312,306000000,1728000
1791120426.6314,4968,1224,55125,306000000,1728000
1791120426.6815,4968,1224,55062,306000000,1728000
1791120426.7316,4968,1216,55156,306000000,1728000
1791120426.7817,4968,1216,55312,306000000,1728000
1791120426.8318,4968,1216,55218,306000000,1728000
1791120426.8819,4968,1208,55375,306000000,1728000
1791120426.9320,4968,1224,55218,306000000,1728000
1791120426.9821,4968,1224,55187,306000000,1728000
1791120427.0322,4968,1224,55125,306000000,1728000
1791120427.0823,4968,1216,55250,306000000,1728000
1791120427.1324,4968,1216,55343,306000000,1728000
1791120427.1825,4968,1216,55093,306000000,1728000
1791120427.2326,4968,1216,55156,306000000,1728000
1791120427.2826,4968,1208,55250,306000000,1728000
1791120427.3327,4968,1208,55343,306000000,1728000
1791120427.3828,4968,1208,55062,306000000,1728000
1791120427.4329,4968,1208,55375,306000000,1728000
1791120427.4831,4968,1216,55250,306000000,1728000
1791120427.5332,4968,1224,55281,306000000,1728000
1791120427.5833,4968,1232,55562,306000000,1728000
1791120427.6334,4968,1224,55312,306000000,1728000
1791120427.6834,4968,1224,55437,306000000,1728000
1791120427.7336,4968,1224,55406,306000000,1728000
1791120427.7836,4968,1232,55000,306000000,1728000
1791120427.8338,4968,1232,55156,306000000,1728000
1791120427.8839,4968,1232,55281,306000000,1728000
1791120427.9340,4968,1240,55187,306000000,1728000
1791120427.9841,4968,1256,55531,306000000,1728000
1791120428.0342,4968,1272,55250,306000000,1728000
1791120428.0843,4968,1264,55250,306000000,1728000
1791120428.1344,4968,1256,55218,306000000,1728000
1791120428.1845,4968,1232,54812,306000000,1728000
1791120428.2345,4968,1208,54750,1020000000,1728000
