1791128743.5127,4968,992,58062,306000000,1728000
1791128743.5628,4968,1040,58031,306000000,1728000
1791128743.6129,4968,1064,58125,306000000,1728000
1791128743.6630,4968,1080,58031,306000000,1728000
1791128743.7131,4968,1088,57875,306000000,1728000
1791128743.7631,4968,1104,58093,306000000,1728000
1791128743.8132,4968,1104,57718,306000000,1728000
1791128743.8633,4968,1104,57937,306000000,1728000
1791128743.9134,4968,1136,57968,306000000,1728000
1791128743.9635,4968,1144,57812,306000000,1728000
1791128744.0136,4960,1144,57625,306000000,1728000
1791128744.0637,4960,1144,57812,306000000,1728000
1791128744.1137,4960,1152,57687,306000000,1728000
1791128744.1638,4960,1152,57781,306000000,1728000
1791128744.2139,4960,1152,57781,306000000,1728000
1791128744.2640,4960,1160,57656,306000000,1728000
1791128744.3141,4960,1160,57875,306000000,1728000
1791128744.3641,4960,1160,57718,306000000,1728000
1791128744.4142,4960,1168,57687,306000000,1728000
1791128744.4643,4960,1184,57750,306000000,1728000
1791128744.5144,4960,1192,57812,306000000,1728000
1791128744.5645,4960,1192,57593,306000000,1728000
1791128744.6146,4960,1192,57718,306000000,1728000
1791128744.6647,4960,1192,57656,306000000,1728000
1791128744.7147,4960,1192,57687,306000000,1728000
1791128744.7648,4960,1192,57781,306000000,1728000
1791128744.8149,4960,1192,57625,306000000,1728000
1791128744.8650,4960,1192,57781,306000000,1728000
1791128744.9151,4960,1192,57656,306000000,1728000
1791128744.9652,4960,1192,57843,306000000,1728000
1791128745.0153,4960,1200,57875,306000000,1728000
1791128745.0653,4960,1208,57843,306000000,1728000
1791128745.1154,4960,1200,57875,306000000,1728000
1791128745.1655,4960,1200,57718,306000000,1728000
1791128745.2156,4960,1200,57750,306000000,1728000
1791128745.2657,4960,1200,57687,306000000,1728000
1791128745.3157,4960,1200,57781,306000000,1728000
1791128745.3658,4960,1192,57593,306000000,1728000
1791128745.4159,4960,1192,57812,306000000,1728000
1791128745.4660,4960,1192,57656,306000000,1728000
1791128745.5161,4960,1192,57687,306000000,1728000
1791128745.5662,4960,1200,57968,306000000,1728000
1791128745.6163,4960,1208,57875,306000000,1728000
1791128745.6664,4960,1208,57937,306000000,1728000
1791128745.7164,4960,1208,57656,306000000,1728000
1791128745.7665,4960,1200,57781,306000000,1728000
1791128745.8166,4960,1200,57656,306000000,1728000
1791128745.8667,4960,1200,57781,306000000,1728000
1791128745.9168,4960,1208,57687,306000000,1728000
1791128745.9669,4960,1200,57656,306000000,1728000
1791128746.0170,4960,1208,57656,306000000,1728000
1791128746.0671,4960,1200,57781,306000000,1728000
1791128746.1171,4960,1208,57812,306000000,1728000
1791128746.1672,4960,1216,57625,306000000,1728000
1791128746.2173,4960,1216,57781,306000000,1728000
1791128746.2674,4960,1216,57625,306000000,1728000
1791128746.3175,4960,1216,57750,306000000,1728000
1791128746.3676,4960,1216,57656,306000000,1728000
1791128746.4177,4960,1216,57750,306000000,1728000
1791128746.4678,4960,1216,57593,306000000,1728000
1791128746.5179,4960,1216,57687,306000000,1728000
1791128746.5680,4960,1224,57656,306000000,1728000
1791128746.6181,4960,1224,57593,306000000,1728000
1791128746.6682,4960,1224,57718,306000000,1728000
1791128746.7183,4960,1224,57687,306000000,1728000
1791128746.7684,4960,1232,57718,306000000,1728000
1791128746.8185,4960,1224,57625,306000000,1728000
1791128746.8686,4960,1216,57718,306000000,1728000
1791128746.9186,4960,1224,57656,306000000,1728000
1791128746.9687,4960,1224,57593,306000000,1728000
1791128747.0188,4960,1240,57656,306000000,1728000
1791128747.0689,4960,1248,57687,306000000,1728000
1791128747.1190,4960,1248,57812,306000000,1728000
1791128747.1691,4960,1248,57625,306000000,1728000
1791128747.2192,4960,1248,57750,306000000,1728000
1791128747.2692,4960,1248,57625,306000000,1728000
1791128747.3193,4960,1272,57687,306000000,1728000
1791128747.3694,4960,1296,57562,306000000,1728000
1791128747.4195,4960,1288,57625,306000000,1728000
1791128747.4696,4960,1296,57531,306000000,1728000
1791128747.5197,4960,1320,57625,306000000,1728000
1791128747.5697,4960,1336,57531,306000000,1728000
1791128747.6198,4952,1336,57593,306000000,1728000
1791128747.6699,4952,1352,57718,306000000,1728000
1791128747.7200,4952,1352,57593,306000000,1728000
1791128747.7701,4960,1336,57718,306000000,1728000
1791128747.8202,4952,1344,57593,306000000,1728000
1791128747.8702,4952,1352,57718,306000000,1728000
1791128747.9203,4952,1352,57531,306000000,1728000
1791128747.9704,4960,1344,57593,306000000,1728000
1791128748.0205,4952,1352,57593,306000000,1728000
1791128748.0706,4952,1352,57593,306000000,1728000
1791128748.1207,4960,1336,57687,306000000,1728000
1791128748.1708,4960,1328,57625,306000000,1728000
1791128748.2208,4960,1336,57718,306000000,1728000
1791128748.2709,4960,1336,57625,306000000,1728000
1791128748.3210,4960,1328,57593,306000000,1728000
1791128748.3711,4952,1344,57562,306000000,1344000
1791128748.4212,4952,1352,57625,306000000,1728000
1791128748.4713,4960,1344,57562,306000000,1728000
1791128748.5213,4960,1336,57500,306000000,1728000
1791128748.5714,4952,1352,57750,306000000,1728000
1791128748.6215,4952,1344,57500,306000000,1728000
1791128748.6716,4960,1328,57750,306000000,1728000
1791128748.7217,4960,1336,57500,306000000,1728000
1791128748.7718,4960,1328,57593,306000000,1728000
1791128748.8218,4960,1336,57593,306000000,1728000
1791128748.8719,4960,1328,57562,306000000,1728000
1791128748.9220,4960,1328,57562,306000000,1113600
1791128748.9721,4952,1344,57656,306000000,1728000
1791128749.0222,4952,1336,57750,306000000,1728000
1791128749.0723,4960,1328,57562,306000000,1728000
1791128749.1224,4960,1320,57750,306000000,1728000
1791128749.1725,4960,1328,57500,306000000,1728000
1791128749.2226,4960,1320,57562,306000000,1728000
1791128749.2726,4960,1328,57531,306000000,1728000
1791128749.3227,4960,1320,57500,306000000,1728000
1791128749.3728,4960,1312,57531,306000000,1728000
1791128749.4229,4960,1320,57500,306000000,1728000
1791128749.4730,4960,1328,57625,306000000,1728000
1791128749.5231,4960,1328,57562,306000000,1728000
1791128749.5732,4952,1344,57718,306000000,1728000
1791128749.6233,4952,1344,57562,306000000,1728000
1791128749.6733,4960,1336,57625,306000000,1728000
1791128749.7236,4960,1336,57593,306000000,1728000
1791128749.7737,4952,1344,57562,306000000,1728000
1791128749.8238,4960,1336,57531,306000000,1728000
1791128749.8738,4960,1328,57531,306000000,1728000
1791128749.9239,4960,1336,57656,306000000,1728000
1791128749.9740,4952,1336,57500,306000000,1728000
1791128750.0241,4960,1328,57656,306000000,1728000
1791128750.0741,4952,1352,57500,306000000,1728000
1791128750.1242,4952,1352,57593,306000000,1728000
1791128750.1743,4952,1344,57468,306000000,1728000
1791128750.2244,4960,1336,57531,306000000,1728000
1791128750.2745,4952,1344,57531,306000000,1728000
1791128750.3245,4960,1336,57500,306000000,1728000
1791128750.3746,4960,1336,57562,306000000,1728000
1791128750.4247,4960,1328,57531,306000000,1728000
1791128750.4748,4960,1328,57656,306000000,1728000
1791128750.5249,4952,1336,57500,306000000,1728000
1791128750.5750,4960,1336,57562,306000000,729600
1791128750.6250,4952,1352,57437,306000000,1728000
1791128750.6751,4952,1352,57625,306000000,1728000
1791128750.7252,4952,1344,57500,306000000,1728000
1791128750.7753,4960,1336,57562,306000000,1728000
1791128750.8254,4960,1328,57500,306000000,1728000
1791128750.8754,4960,1320,57468,306000000,1728000
1791128750.9255,4960,1328,57593,306000000,1728000
1791128750.9756,4960,1336,57531,306000000,1728000
1791128751.0257,4960,1320,57562,306000000,1728000
1791128751.0758,4960,1320,57468,306000000,1728000
1791128751.1259,4960,1328,57562,306000000,1728000
1791128751.1759,4960,1336,57500,306000000,1728000
1791128751.2260,4952,1336,57500,306000000,1728000
1791128751.2761,4960,1328,57468,306000000,1728000
1791128751.3262,4960,1320,57468,306000000,1728000
1791128751.3763,4960,1320,57531,306000000,1728000
1791128751.4264,4960,1328,57500,306000000,1728000
1791128751.4765,4960,1320,57531,306000000,1728000
1791128751.5265,4960,1312,57468,306000000,1728000
1791128751.5766,4960,1320,57531,306000000,1728000
1791128751.6267,4960,1320,57468,306000000,1728000
1791128751.6768,4960,1328,57500,306000000,1728000
1791128751.7269,4960,1336,57500,306000000,1190400
1791128751.7770,4960,1344,57500,306000000,1728000
1791128751.8270,4960,1344,57562,306000000,1728000
1791128751.8771,4960,1336,57468,306000000,1728000
1791128751.9272,4960,1328,57562,306000000,1728000
1791128751.9773,4960,1336,57468,306000000,1728000
1791128752.0274,4960,1336,57468,306000000,1728000
1791128752.0774,4960,1328,57437,306000000,1728000
1791128752.1275,4960,1328,57531,306000000,1728000
1791128752.1776,4960,1328,57406,306000000,1728000
1791128752.2277,4960,1336,57468,306000000,1728000
1791128752.2778,4960,1328,57500,306000000,1728000
1791128752.3279,4960,1328,57375,306000000,1728000
1791128752.3779,4960,1328,57531,306000000,1728000
1791128752.4280,4960,1336,57437,306000000,1728000
1791128752.4781,4960,1336,57468,306000000,1728000
1791128752.5282,4960,1328,57468,306000000,1728000
1791128752.5782,4960,1336,57500,306000000,1728000
1791128752.6283,4960,1336,57406,306000000,1728000
1791128752.6784,4960,1328,57468,306000000,1728000
1791128752.7285,4960,1328,57562,306000000,1728000
1791128752.7786,4960,1328,57531,306000000,1728000
1791128752.8287,4960,1336,57500,306000000,1728000
1791128752.8788,4960,1344,57468,306000000,1728000
1791128752.9288,4960,1344,57468,306000000,1728000
1791128752.9789,4960,1344,57500,306000000,1728000
1791128753.0290,4960,1344,57468,306000000,1728000
1791128753.0791,4960,1336,57468,306000000,1728000
1791128753.1292,4960,1336,57531,306000000,1728000
1791128753.1792,4960,1344,57531,306000000,1728000
1791128753.2293,4960,1328,57468,306000000,1728000
1791128753.2794,4960,1320,57562,306000000,1728000
1791128753.3295,4960,1320,57437,306000000,1728000
1791128753.3796,4960,1328,57500,306000000,1190400
1791128753.4296,4960,1344,57468,306000000,1728000
1791128753.4797,4960,1328,57468,306000000,1728000
1791128753.5298,4960,1336,57375,306000000,1728000
1791128753.5799,4960,1344,57468,306000000,1728000
1791128753.6300,4960,1336,57406,306000000,1728000
1791128753.6801,4960,1336,57375,306000000,1728000
1791128753.7301,4960,1336,57531,306000000,1728000
1791128753.7802,4960,1336,57406,306000000,1728000
1791128753.8303,4960,1328,57562,306000000,1728000
1791128753.8804,4960,1312,57437,306000000,1728000
1791128753.9305,4960,1312,57468,306000000,1728000
1791128753.9805,4960,1328,57375,306000000,1728000
1791128754.0306,4960,1344,57437,306000000,1728000
1791128754.0807,4960,1328,57500,306000000,1728000
1791128754.1308,4960,1320,57468,306000000,1728000
1791128754.1809,4960,1320,57500,306000000,1728000
1791128754.2309,4960,1328,57375,306000000,1728000
1791128754.2810,4960,1328,57468,306000000,1728000
1791128754.3311,4960,1320,57375,306000000,1728000
1791128754.3812,4960,1328,57468,306000000,1728000
1791128754.4313,4960,1336,57406,306000000,1728000
1791128754.4813,4960,1320,57437,306000000,1728000
1791128754.5314,4960,1328,57500,306000000,1728000
1791128754.5815,4960,1336,57406,306000000,1728000
1791128754.6316,4960,1344,57500,306000000,1728000
1791128754.6817,4960,1336,57531,306000000,1728000
1791128754.7318,4960,1328,57437,306000000,1728000
1791128754.7819,4960,1328,57343,306000000,1728000
1791128754.8319,4960,1336,57531,306000000,1728000
1791128754.8820,4960,1328,57312,306000000,1728000
1791128754.9321,4960,1336,57437,306000000,1728000
1791128754.9822,4960,1336,57437,306000000,1728000
1791128755.0323,4960,1328,57406,306000000,1728000
1791128755.0824,4960,1328,57500,306000000,1728000
1791128755.1325,4960,1336,57375,306000000,1728000
1791128755.1825,4960,1336,57468,306000000,1728000
1791128755.2326,4960,1336,57406,306000000,1728000
1791128755.2827,4960,1328,57437,306000000,1728000
1791128755.3328,4960,1320,57375,306000000,1728000
1791128755.3829,4960,1336,57406,306000000,1728000
1791128755.4329,4960,1328,57406,306000000,1728000
1791128755.4830,4960,1320,57437,306000000,1728000
1791128755.5331,4960,1312,57531,306000000,1728000
1791128755.5832,4960,1328,57375,306000000,1728000
1791128755.6333,4960,1336,57500,306000000,1728000
1791128755.6834,4960,1336,57375,306000000,1728000
1791128755.7335,4952,1344,57406,306000000,1728000
1791128755.7835,4952,1344,57468,306000000,1728000
1791128755.8336,4960,1336,57406,306000000,1728000
1791128755.8837,4960,1336,57437,306000000,1728000
1791128755.9338,4952,1344,57406,306000000,1728000
1791128755.9839,4960,1336,57562,306000000,1728000
1791128756.0339,4960,1336,57468,306000000,1728000
1791128756.0840,4960,1344,57468,306000000,1728000
1791128756.1341,4960,1336,57437,306000000,1728000
1791128756.1842,4960,1336,57406,306000000,1728000
1791128756.2343,4952,1352,57531,306000000,1344000
1791128756.2844,4952,1344,57375,306000000,1728000
1791128756.3345,4952,1344,57343,306000000,1728000
1791128756.3846,4960,1336,57437,306000000,1728000
1791128756.4346,4960,1328,57406,306000000,1728000
1791128756.4847,4960,1336,57375,306000000,1728000
1791128756.5348,4960,1336,57468,306000000,1728000
1791128756.5849,4960,1336,57312,306000000,1728000
1791128756.6350,4952,1344,57437,306000000,1728000
1791128756.6851,4960,1344,57343,306000000,1728000
1791128756.7351,4960,1328,57343,306000000,1113600
1791128756.7852,4960,1336,57343,306000000,1728000
1791128756.8353,4960,1336,57375,306000000,1728000
1791128756.8854,4960,1336,57531,306000000,1728000
1791128756.9355,4960,1336,57312,306000000,1728000
1791128756.9856,4960,1328,57468,306000000,1728000
1791128757.0356,4960,1320,57343,306000000,1728000
1791128757.0857,4960,1328,57312,306000000,1728000
1791128757.1358,4960,1336,57281,306000000,1728000
1791128757.1859,4960,1320,57343,306000000,1728000
1791128757.2360,4960,1328,57250,306000000,1728000
1791128757.2860,4960,1336,57375,306000000,1728000
1791128757.3361,4952,1336,57437,306000000,1728000
1791128757.3862,4960,1336,57312,306000000,1728000
1791128757.4363,4960,1336,57437,306000000,1728000
1791128757.4864,4960,1336,57343,306000000,1728000
1791128757.5365,4960,1336,57375,306000000,1728000
1791128757.5866,4960,1328,57312,306000000,1728000
1791128757.6366,4960,1320,57312,306000000,1728000
1791128757.6867,4960,1328,57281,306000000,1728000
1791128757.7368,4960,1336,57343,306000000,1728000
1791128757.7869,4960,1328,57500,306000000,1728000
1791128757.8370,4960,1336,57375,306000000,1728000
1791128757.8871,4960,1328,57468,306000000,1420800
1791128757.9372,4960,1344,57375,306000000,1728000
1791128757.9872,4960,1336,57437,306000000,1728000
1791128758.0373,4960,1328,57281,306000000,1728000
1791128758.0874,4960,1344,57343,306000000,1728000
1791128758.1375,4960,1336,57250,306000000,1728000
1791128758.1876,4960,1320,57343,306000000,1728000
1791128758.2376,4960,1320,57437,306000000,1728000
1791128758.2877,4960,1304,57312,306000000,1728000
1791128758.3378,4960,1312,57375,306000000,1728000
1791128758.3879,4960,1320,57281,306000000,1728000
1791128758.4380,4960,1320,57437,306000000,1728000
1791128758.4881,4960,1344,57312,306000000,1728000
1791128758.5382,4960,1344,57375,306000000,1728000
1791128758.5883,4960,1336,57250,306000000,1728000
1791128758.6384,4960,1336,57343,306000000,1728000
1791128758.6885,4960,1336,57250,306000000,1728000
1791128758.7385,4960,1336,57343,306000000,1728000
1791128758.7886,4960,1328,57468,306000000,1728000
1791128758.8387,4960,1336,57406,306000000,1728000
1791128758.8888,4960,1336,57406,306000000,1728000
1791128758.9389,4960,1328,57187,306000000,1728000
1791128758.9890,4960,1336,57343,306000000,1728000
1791128759.0391,4952,1360,57343,306000000,1728000
1791128759.0892,4960,1352,57250,306000000,1728000
1791128759.1393,4960,1352,57250,306000000,1728000
1791128759.1894,4952,1360,57312,306000000,1728000
1791128759.2395,4960,1352,57406,306000000,1728000
1791128759.2895,4952,1352,57343,306000000,1728000
1791128759.3396,4952,1352,57468,306000000,1728000
1791128759.3897,4960,1344,57312,306000000,1728000
1791128759.4398,4952,1344,57406,306000000,1728000
1791128759.4899,4952,1352,57312,306000000,1728000
1791128759.5400,4960,1344,57281,306000000,1728000
1791128759.5901,4952,1368,57250,306000000,1728000
1791128759.6402,4952,1360,57343,306000000,1728000
1791128759.6903,4952,1352,57406,306000000,729600
1791128759.7403,4960,1344,57312,306000000,1728000
1791128759.7904,4960,1344,57437,306000000,1728000
1791128759.8405,4960,1352,57250,306000000,1728000
1791128759.8906,4960,1336,57343,306000000,1728000
1791128759.9407,4960,1344,57281,306000000,1728000
1791128759.9908,4960,1328,57343,306000000,1728000
1791128760.0409,4960,1328,57281,306000000,1728000
1791128760.0910,4960,1328,57375,306000000,1728000
1791128760.1411,4952,1352,57406,306000000,1267200
1791128760.1912,4952,1360,57218,306000000,1728000
1791128760.2413,4952,1352,57375,306000000,1728000
1791128760.2913,4952,1344,57218,306000000,1728000
1791128760.3414,4952,1352,57343,306000000,1728000
1791128760.3915,4952,1344,57281,306000000,1728000
1791128760.4416,4952,1352,57312,306000000,1728000
1791128760.4916,4952,1352,57250,306000000,1728000
1791128760.5417,4952,1336,57312,306000000,1728000
1791128760.5918,4960,1336,57406,306000000,1728000
1791128760.6419,4960,1336,57375,306000000,1728000
1791128760.6920,4952,1352,57343,306000000,1728000
1791128760.7421,4952,1352,57343,306000000,1728000
1791128760.7921,4960,1336,57375,306000000,1728000
1791128760.8422,4952,1352,57218,306000000,1728000
1791128760.8923,4960,1344,57312,306000000,1728000
1791128760.9424,4960,1336,57250,306000000,1728000
1791128760.9925,4960,1336,57343,306000000,1728000
1791128761.0425,4960,1344,57343,306000000,1728000
1791128761.0926,4960,1336,57218,306000000,1728000
1791128761.1427,4960,1328,57406,306000000,1728000
1791128761.1928,4960,1344,57250,306000000,1728000
1791128761.2429,4960,1336,57437,306000000,1267200
1791128761.2930,4952,1344,57281,306000000,1728000
1791128761.3431,4952,1352,57281,306000000,1728000
1791128761.3931,4952,1344,57281,306000000,1728000
1791128761.4432,4960,1336,57281,306000000,1728000
1791128761.4933,4960,1328,57187,306000000,1728000
1791128761.5434,4960,1312,57125,306000000,1728000
1791128761.5935,4960,1296,57343,306000000,1728000
1791128761.6435,4960,1296,57218,306000000,1728000
1791128761.6936,4960,1280,57343,306000000,1728000
1791128761.7437,4960,1288,57281,306000000,1728000
1791128761.7938,4960,1312,57281,306000000,1728000
1791128761.8439,4960,1328,57218,306000000,1728000
1791128761.8940,4960,1336,57250,306000000,1728000
1791128761.9440,4960,1336,57187,306000000,1728000
1791128761.9941,4960,1328,57250,306000000,1728000
1791128762.0442,4960,1328,57343,306000000,1728000
1791128762.0943,4960,1336,57281,306000000,1728000
1791128762.1443,4960,1328,57312,306000000,1728000
1791128762.1944,4960,1320,57187,306000000,1728000
1791128762.2445,4960,1320,57343,306000000,1728000
1791128762.2946,4960,1328,57187,306000000,1728000
1791128762.3446,4960,1320,57218,306000000,1728000
1791128762.3947,4960,1344,57218,306000000,1267200
1791128762.4448,4960,1344,57187,306000000,1728000
1791128762.4949,4960,1336,57312,306000000,1728000
1791128762.5450,4960,1336,57250,306000000,1728000
1791128762.5951,4960,1336,57343,306000000,1728000
1791128762.6451,4960,1336,57187,306000000,1728000
1791128762.6952,4960,1328,57250,306000000,1728000
1791128762.7453,4960,1328,57187,306000000,1728000
1791128762.7954,4960,1336,57250,306000000,1728000
1791128762.8454,4960,1328,57187,306000000,1728000
1791128762.8955,4960,1320,57281,306000000,1728000
1791128762.9456,4960,1320,57312,306000000,1728000
1791128762.9957,4960,1336,57218,306000000,1728000
1791128763.0458,4960,1344,57312,306000000,1728000
1791128763.0958,4960,1328,57281,306000000,1728000
1791128763.1459,4960,1336,57312,306000000,1728000
1791128763.1960,4960,1336,57156,306000000,1728000
1791128763.2461,4960,1336,57343,306000000,1728000
1791128763.2962,4960,1328,57250,306000000,1728000
1791128763.3463,4960,1336,57281,306000000,1728000
1791128763.3963,4960,1336,57375,306000000,1728000
1791128763.4464,4960,1320,57187,306000000,1728000
1791128763.4965,4960,1328,57312,306000000,1728000
1791128763.5466,4960,1344,57187,306000000,1728000
1791128763.5967,4960,1344,57281,306000000,1728000
1791128763.6468,4960,1336,57218,306000000,1728000
1791128763.6969,4960,1328,57281,306000000,1728000
1791128763.7470,4952,1344,57125,306000000,1728000
1791128763.7970,4960,1336,57250,306000000,1728000
1791128763.8471,4960,1320,57375,306000000,1728000
1791128763.8972,4960,1320,57156,306000000,1728000
1791128763.9473,4960,1320,57343,306000000,1728000
1791128763.9974,4960,1328,57312,306000000,1728000
1791128764.0475,4960,1320,57250,306000000,1190400
1791128764.0976,4960,1336,57093,306000000,729600
1791128764.1477,4960,1328,57218,306000000,1728000
1791128764.1977,4960,1336,57187,306000000,1728000
1791128764.2478,4960,1328,57250,306000000,1728000
1791128764.2979,4960,1320,57125,306000000,1728000
1791128764.3480,4960,1312,57187,306000000,1728000
1791128764.3981,4960,1328,57250,306000000,1728000
1791128764.4482,4960,1320,57125,306000000,1728000
1791128764.4983,4960,1312,57218,306000000,1728000
1791128764.5484,4960,1312,57156,306000000,1728000
1791128764.5985,4960,1328,57250,306000000,1728000
1791128764.6486,4960,1336,57062,306000000,1728000
1791128764.6987,4960,1328,57281,306000000,1728000
1791128764.7487,4960,1336,57125,306000000,1728000
1791128764.7988,4960,1336,57218,306000000,1728000
1791128764.8489,4960,1328,57281,306000000,1728000
1791128764.8990,4960,1336,57156,306000000,1728000
1791128764.9491,4960,1344,57312,306000000,1728000
1791128764.9991,4960,1328,57156,306000000,1728000
1791128765.0492,4960,1320,57218,306000000,1728000
1791128765.0993,4960,1320,57062,306000000,1728000
1791128765.1494,4960,1328,57187,306000000,1728000
1791128765.1995,4960,1336,57156,306000000,1728000
1791128765.2496,4960,1336,57218,306000000,1728000
1791128765.2997,4952,1344,57312,306000000,1728000
1791128765.3497,4952,1344,57062,306000000,1728000
1791128765.3998,4960,1336,57281,306000000,1728000
1791128765.4499,4960,1328,57125,306000000,1728000
1791128765.5000,4960,1336,57187,306000000,1728000
1791128765.5501,4960,1336,57062,306000000,1728000
1791128765.6001,4960,1328,57250,306000000,1728000
1791128765.6502,4960,1336,57093,306000000,1728000
1791128765.7003,4960,1336,57187,306000000,1728000
1791128765.7504,4960,1336,57312,306000000,1113600
1791128765.8005,4952,1352,57125,306000000,1728000
1791128765.8506,4952,1352,57218,306000000,1728000
1791128765.9006,4960,1336,57062,306000000,1728000
1791128765.9507,4960,1344,57250,306000000,1728000
1791128766.0009,4952,1344,57062,306000000,1728000
1791128766.0509,4960,1336,57156,306000000,1728000
1791128766.1010,4960,1328,57156,306000000,1728000
1791128766.1511,4960,1336,57218,306000000,1728000
1791128766.2012,4960,1336,57250,306000000,1728000
1791128766.2513,4960,1344,57156,306000000,1728000
1791128766.3014,4952,1352,57375,306000000,1728000
1791128766.3514,4952,1360,57156,306000000,1728000
1791128766.4015,4960,1344,57218,306000000,1728000
1791128766.4516,4960,1344,57062,306000000,1728000
1791128766.5017,4960,1352,57156,306000000,1728000
1791128766.5518,4960,1344,57000,306000000,1728000
1791128766.6018,4960,1344,57187,306000000,1728000
1791128766.6519,4960,1344,57250,306000000,1728000
1791128766.7020,4960,1328,57125,306000000,1728000
1791128766.7521,4960,1328,57250,306000000,1728000
1791128766.8022,4960,1328,57156,306000000,1728000
1791128766.8522,4960,1320,57250,306000000,1728000
1791128766.9024,4960,1328,57000,306000000,729600
1791128766.9524,4960,1336,57187,306000000,1728000
1791128767.0025,4960,1336,57000,306000000,1728000
1791128767.0526,4960,1328,57125,306000000,1728000
1791128767.1027,4960,1320,57281,306000000,1728000
1791128767.1527,4960,1336,57125,306000000,1728000
1791128767.2028,4960,1328,57250,306000000,1728000
1791128767.2529,4960,1320,57000,306000000,1728000
1791128767.3030,4960,1328,57125,306000000,1728000
1791128767.3530,4960,1320,57031,306000000,1728000
1791128767.4031,4960,1328,57156,306000000,1190400
1791128767.4532,4960,1336,57062,306000000,1728000
1791128767.5033,4960,1336,57218,306000000,1728000
1791128767.5534,4960,1320,57343,306000000,1728000
1791128767.6035,4960,1328,57093,306000000,1728000
1791128767.6536,4960,1328,57250,306000000,1728000
1791128767.7036,4960,1320,57187,306000000,1728000
1791128767.7537,4960,1312,57156,306000000,1728000
1791128767.8038,4960,1320,57031,306000000,1728000
1791128767.8539,4960,1328,57125,306000000,1728000
1791128767.9040,4960,1320,57062,306000000,1728000
1791128767.9541,4960,1312,57093,306000000,1728000
1791128768.0042,4960,1336,57031,306000000,1728000
1791128768.0542,4960,1344,57031,306000000,1728000
1791128768.1043,4960,1328,57281,306000000,1728000
1791128768.1544,4960,1320,57062,306000000,1728000
1791128768.2045,4960,1336,57250,306000000,1728000
1791128768.2545,4960,1336,57000,306000000,1728000
1791128768.3046,4960,1328,57187,306000000,1728000
1791128768.3547,4960,1328,57031,306000000,1728000
1791128768.4048,4960,1336,57093,306000000,1728000
1791128768.4549,4960,1328,57031,306000000,1728000
1791128768.5049,4960,1320,57062,306000000,1728000
1791128768.5551,4960,1344,57156,306000000,1113600
1791128768.6051,4960,1344,57062,306000000,1728000
1791128768.6552,4960,1336,57156,306000000,1728000
1791128768.7053,4960,1328,57000,306000000,1728000
1791128768.7554,4960,1328,57000,306000000,1728000
1791128768.8055,4960,1336,57093,306000000,1728000
1791128768.8555,4960,1328,57187,306000000,1728000
1791128768.9056,4960,1320,57000,306000000,1728000
1791128768.9557,4960,1328,57187,306000000,1728000
1791128769.0058,4960,1336,57187,306000000,1728000
1791128769.0559,4960,1328,57031,306000000,1728000
1791128769.1059,4960,1328,57125,306000000,1728000
1791128769.1560,4952,1344,57000,306000000,1728000
1791128769.2061,4952,1344,57125,306000000,1728000
1791128769.2562,4960,1336,57031,306000000,1728000
1791128769.3063,4960,1328,57062,306000000,1728000
1791128769.3564,4952,1336,57031,306000000,1728000
1791128769.4064,4960,1336,57000,306000000,1728000
1791128769.4565,4960,1328,57093,306000000,1728000
1791128769.5066,4960,1320,57031,306000000,1728000
1791128769.5567,4960,1320,57187,306000000,1728000
1791128769.6068,4960,1320,57000,306000000,1728000
1791128769.6568,4960,1328,57125,306000000,1728000
1791128769.7069,4960,1336,56968,306000000,1728000
1791128769.7570,4960,1336,57093,306000000,1728000
1791128769.8071,4952,1344,56968,306000000,1728000
1791128769.8572,4960,1328,57093,306000000,1728000
1791128769.9073,4960,1320,57125,306000000,1728000
1791128769.9573,4960,1328,57000,306000000,1728000
1791128770.0074,4960,1336,57218,306000000,1728000
1791128770.0575,4960,1328,57000,306000000,1728000
1791128770.1076,4960,1320,57187,306000000,1728000
1791128770.1577,4960,1328,57000,306000000,1728000
1791128770.2077,4960,1328,57000,306000000,1190400
1791128770.2578,4960,1336,57000,306000000,1728000
1791128770.3079,4960,1328,57000,306000000,1728000
1791128770.3580,4960,1328,57000,306000000,1728000
1791128770.4081,4960,1336,56968,306000000,1728000
1791128770.4582,4960,1328,57218,306000000,1728000
1791128770.5082,4960,1320,56968,306000000,1728000
1791128770.5583,4960,1320,57093,306000000,1728000
1791128770.6084,4960,1328,57000,306000000,1728000
1791128770.6585,4960,1320,57031,306000000,1728000
1791128770.7085,4960,1328,56968,306000000,1728000
1791128770.7586,4960,1320,57031,306000000,1728000
1791128770.8087,4960,1336,56937,306000000,1728000
1791128770.8588,4960,1328,56968,306000000,1728000
1791128770.9089,4960,1336,57156,306000000,1728000
1791128770.9590,4960,1320,57000,306000000,1728000
1791128771.0090,4960,1328,57031,306000000,1728000
1791128771.0591,4960,1336,57031,306000000,1728000
1791128771.1092,4960,1328,57093,306000000,1728000
1791128771.1593,4960,1320,57000,306000000,1728000
1791128771.2094,4960,1336,56968,306000000,1728000
1791128771.2594,4960,1336,56937,306000000,1728000
1791128771.3095,4960,1328,57000,306000000,1728000
1791128771.3596,4960,1328,57156,306000000,1728000
1791128771.4097,4960,1344,56968,306000000,1728000
1791128771.4598,4960,1344,57093,306000000,1728000
1791128771.5099,4960,1344,57000,306000000,1728000
1791128771.5600,4952,1352,57093,306000000,1728000
1791128771.6100,4960,1344,56906,306000000,1728000
1791128771.6601,4960,1328,57093,306000000,1728000
1791128771.7102,4960,1344,56906,306000000,1728000
1791128771.7603,4960,1344,56906,306000000,1728000
1791128771.8104,4960,1328,57125,306000000,1728000
1791128771.8605,4960,1320,57031,306000000,1728000
1791128771.9105,4960,1336,57125,306000000,1728000
1791128771.9606,4952,1352,56906,306000000,1728000
1791128772.0107,4960,1336,57031,306000000,1728000
1791128772.0608,4960,1336,56968,306000000,1728000
1791128772.1109,4960,1344,57000,306000000,1728000
1791128772.1610,4960,1344,56906,306000000,1728000
1791128772.2110,4960,1336,57000,306000000,1728000
1791128772.2611,4960,1344,57093,306000000,1728000
1791128772.3112,4960,1344,57062,306000000,1728000
1791128772.3613,4960,1336,57156,306000000,1728000
1791128772.4114,4952,1344,57000,306000000,1728000
1791128772.4614,4952,1344,57062,306000000,1728000
1791128772.5115,4952,1344,56968,306000000,1728000
1791128772.5616,4960,1336,57000,306000000,1728000
1791128772.6117,4960,1336,57031,306000000,1728000
1791128772.6618,4960,1344,57000,306000000,1728000
1791128772.7119,4960,1336,56937,306000000,1728000
1791128772.7620,4960,1328,57031,306000000,1728000
1791128772.8120,4960,1328,57125,306000000,1728000
1791128772.8621,4960,1336,56937,306000000,1728000
1791128772.9122,4960,1328,57031,306000000,1728000
1791128772.9623,4960,1320,56937,306000000,1728000
1791128773.0124,4960,1328,57031,306000000,1190400
1791128773.0625,4960,1328,56937,306000000,1728000
1791128773.1126,4952,1336,56937,306000000,1728000
1791128773.1626,4960,1328,56906,306000000,1728000
1791128773.2127,4952,1336,57000,306000000,1728000
1791128773.2628,4952,1336,57093,306000000,1728000
1791128773.3128,4960,1328,56906,306000000,729600
1791128773.3629,4960,1320,56968,306000000,1728000
1791128773.4130,4960,1328,56906,306000000,1728000
1791128773.4631,4960,1328,57000,306000000,1728000
1791128773.5132,4960,1328,56875,306000000,1728000
1791128773.5632,4960,1320,56968,306000000,1728000
1791128773.6133,4952,1336,56906,306000000,1728000
1791128773.6634,4952,1344,56968,306000000,1728000
1791128773.7135,4960,1336,57093,306000000,1728000
1791128773.7636,4960,1328,56937,306000000,1728000
1791128773.8136,4960,1336,57000,306000000,1728000
1791128773.8637,4960,1336,57000,306000000,1728000
1791128773.9138,4960,1328,57031,306000000,1728000
1791128773.9639,4960,1328,56906,306000000,1728000
1791128774.0139,4960,1328,56937,306000000,1728000
1791128774.0640,4960,1328,56875,306000000,1728000
1791128774.1141,4960,1320,56968,306000000,1728000
1791128774.1642,4960,1328,57062,306000000,1190400
1791128774.2143,4952,1344,56875,306000000,1728000
1791128774.2644,4960,1336,57000,306000000,1728000
1791128774.3144,4960,1328,56968,306000000,1728000
1791128774.3645,4960,1328,56968,306000000,1728000
1791128774.4146,4960,1336,56906,306000000,1728000
1791128774.4647,4960,1328,56937,306000000,1728000
1791128774.5147,4960,1320,56937,306000000,1728000
1791128774.5648,4960,1336,56968,306000000,1728000
1791128774.6149,4960,1328,57125,306000000,1728000
1791128774.6650,4960,1320,56937,306000000,1728000
1791128774.7151,4960,1336,57062,306000000,1728000
1791128774.7652,4952,1352,56937,306000000,1728000
1791128774.8153,4960,1336,56937,306000000,1728000
1791128774.8653,4952,1344,56875,306000000,1728000
1791128774.9154,4952,1344,57000,306000000,1728000
1791128774.9655,4960,1336,56906,306000000,1728000
1791128775.0156,4960,1328,56906,306000000,1728000
1791128775.0656,4960,1336,56968,306000000,1728000
1791128775.1157,4960,1336,56968,306000000,1728000
1791128775.1658,4960,1328,57031,306000000,1728000
1791128775.2159,4960,1320,56937,306000000,1728000
1791128775.2660,4960,1328,57000,306000000,1728000
1791128775.3161,4952,1352,56875,306000000,1728000
1791128775.3661,4952,1344,56968,306000000,1728000
1791128775.4162,4960,1344,56968,306000000,1728000
1791128775.4663,4952,1352,56937,306000000,1728000
1791128775.5164,4960,1344,56843,306000000,1728000
1791128775.5664,4960,1344,56968,306000000,1728000
1791128775.6165,4960,1352,57062,306000000,1728000
1791128775.6666,4960,1336,57000,306000000,1728000
1791128775.7167,4960,1328,57062,306000000,1728000
1791128775.7667,4960,1320,56906,306000000,1728000
1791128775.8168,4960,1336,57000,306000000,1728000
1791128775.8669,4960,1344,57031,306000000,1420800
1791128775.9170,4960,1336,57000,306000000,1728000
1791128775.9671,4960,1328,56843,306000000,1728000
1791128776.0171,4960,1336,57000,306000000,1728000
1791128776.0672,4960,1336,56906,306000000,1728000
1791128776.1173,4960,1328,56937,306000000,1728000
1791128776.1674,4960,1336,56906,306000000,1728000
1791128776.2175,4952,1344,56875,306000000,1728000
1791128776.2676,4960,1328,56906,306000000,1728000
1791128776.3176,4960,1320,56843,306000000,1728000
1791128776.3677,4960,1320,56875,306000000,1728000
1791128776.4178,4960,1336,56843,306000000,1728000
1791128776.4679,4960,1344,56843,306000000,1728000
1791128776.5180,4960,1336,57000,306000000,1728000
1791128776.5680,4960,1344,56812,306000000,1728000
1791128776.6181,4952,1344,57000,306000000,1728000
1791128776.6682,4960,1336,56875,306000000,1728000
1791128776.7183,4960,1336,57000,306000000,1728000
1791128776.7683,4952,1336,56843,306000000,1728000
1791128776.8184,4960,1328,56875,306000000,1728000
1791128776.8685,4960,1328,56812,306000000,1728000
1791128776.9186,4960,1336,56875,306000000,1728000
1791128776.9687,4960,1344,57125,306000000,1728000
1791128777.0188,4952,1360,56875,306000000,1728000
1791128777.0689,4952,1360,56968,306000000,1728000
1791128777.1190,4960,1344,56906,306000000,1728000
1791128777.1690,4960,1344,56968,306000000,1728000
1791128777.2191,4952,1344,56906,306000000,1728000
1791128777.2692,4952,1344,56906,306000000,1728000
1791128777.3193,4960,1336,56843,306000000,1728000
1791128777.3694,4960,1336,56875,306000000,1728000
1791128777.4195,4952,1344,56937,306000000,1728000
1791128777.4696,4960,1336,56812,306000000,1728000
1791128777.5197,4952,1352,57000,306000000,1728000
1791128777.5698,4952,1360,56875,306000000,1728000
1791128777.6198,4952,1352,57000,306000000,1728000
1791128777.6699,4952,1344,56843,306000000,1728000
1791128777.7200,4960,1344,56906,306000000,1728000
1791128777.7701,4952,1344,56812,306000000,1728000
1791128777.8201,4960,1336,56968,306000000,1728000
1791128777.8702,4960,1328,56812,306000000,1728000
1791128777.9203,4960,1336,56937,306000000,1728000
1791128777.9704,4960,1336,56937,306000000,1728000
1791128778.0204,4960,1320,56875,306000000,1728000
1791128778.0705,4960,1328,56906,306000000,1728000
1791128778.1206,4952,1344,56843,306000000,729600
1791128778.1707,4960,1344,56906,306000000,1728000
1791128778.2208,4960,1328,56750,306000000,1728000
1791128778.2709,4960,1336,56875,306000000,1728000
1791128778.3210,4952,1344,56906,306000000,1728000
1791128778.3711,4960,1328,56843,306000000,1728000
1791128778.4211,4960,1336,57000,306000000,1728000
1791128778.4712,4960,1328,56875,306000000,1728000
1791128778.5213,4960,1328,56906,306000000,1728000
1791128778.5714,4960,1320,56812,306000000,1728000
1791128778.6214,4960,1320,56812,306000000,1728000
1791128778.6715,4960,1336,56875,306000000,1728000
1791128778.7216,4952,1344,56843,306000000,1728000
1791128778.7717,4960,1328,56750,306000000,1728000
1791128778.8218,4960,1320,56812,306000000,1728000
1791128778.8718,4960,1328,56875,306000000,1728000
1791128778.9219,4960,1328,56843,306000000,1728000
1791128778.9720,4960,1320,56937,306000000,1728000
1791128779.0221,4952,1336,56875,306000000,1728000
1791128779.0722,4952,1336,56843,306000000,1728000
1791128779.1222,4960,1320,56781,306000000,1728000
1791128779.1723,4960,1312,56906,306000000,1728000
1791128779.2224,4960,1320,56812,306000000,1728000
1791128779.2725,4960,1320,56875,306000000,1728000
1791128779.3226,4960,1304,56968,306000000,1728000
1791128779.3727,4960,1296,56812,306000000,1728000
1791128779.4227,4960,1288,56906,306000000,1728000
1791128779.4728,4960,1280,56812,306000000,1728000
1791128779.5229,4960,1280,56875,306000000,1728000
1791128779.5730,4960,1304,56843,306000000,1728000
1791128779.6231,4960,1328,56843,306000000,1728000
1791128779.6732,4960,1328,56812,306000000,1728000
1791128779.7232,4960,1328,56812,306000000,1728000
1791128779.7733,4952,1344,56875,306000000,1728000
1791128779.8234,4952,1344,56781,306000000,1728000
1791128779.8735,4960,1336,56937,306000000,1728000
1791128779.9236,4960,1336,56812,306000000,1728000
1791128779.9736,4952,1344,56781,306000000,1728000
1791128780.0237,4960,1336,56812,306000000,1728000
1791128780.0738,4960,1328,56875,306000000,1728000
1791128780.1239,4960,1336,56718,306000000,1728000
1791128780.1740,4960,1336,56781,306000000,1728000
1791128780.2241,4960,1328,56843,306000000,1728000
1791128780.2741,4960,1328,56843,306000000,1728000
1791128780.3242,4960,1336,56906,306000000,1728000
1791128780.3743,4952,1344,56781,306000000,1728000
1791128780.4244,4952,1344,56875,306000000,1728000
1791128780.4745,4952,1344,56750,306000000,1728000
1791128780.5246,4960,1344,56875,306000000,1728000
1791128780.5747,4952,1344,56812,306000000,1728000
1791128780.6247,4952,1368,56781,306000000,1728000
1791128780.6748,4952,1360,56718,306000000,1728000
1791128780.7249,4952,1344,56843,306000000,1728000
1791128780.7750,4960,1336,56906,306000000,806400
1791128780.8251,4960,1336,56718,306000000,1728000
1791128780.8752,4960,1344,56906,306000000,1190400
1791128780.9253,4952,1360,56875,306000000,1728000
1791128780.9754,4952,1368,56875,306000000,1728000
1791128781.0255,4952,1360,56750,306000000,1728000
1791128781.0756,4952,1360,56875,306000000,1728000
1791128781.1257,4952,1368,56781,306000000,1728000
1791128781.1758,4952,1352,56718,306000000,1728000
1791128781.2258,4952,1352,56906,306000000,1728000
1791128781.2760,4952,1360,56718,306000000,1728000
1791128781.3260,4952,1352,56906,306000000,1728000
1791128781.3761,4960,1344,56781,306000000,1728000
1791128781.4262,4960,1336,56843,306000000,1728000
1791128781.4763,4952,1376,56750,306000000,1728000
1791128781.5264,4952,1360,56812,306000000,729600
1791128781.5765,4952,1368,56750,306000000,1728000
1791128781.6266,4952,1360,56812,306000000,1728000
1791128781.6766,4952,1352,56937,306000000,1728000
1791128781.7267,4952,1352,56812,306000000,1728000
1791128781.7768,4960,1352,56937,306000000,1728000
1791128781.8269,4960,1352,56812,306000000,1728000
1791128781.8770,4960,1336,56906,306000000,1728000
1791128781.9271,4960,1328,56781,306000000,729600
1791128781.9772,4960,1336,56875,306000000,1728000
1791128782.0273,4952,1352,56843,306000000,1728000
1791128782.0773,4952,1352,56906,306000000,1728000
1791128782.1274,4952,1360,56843,306000000,1728000
1791128782.1775,4952,1352,56781,306000000,1728000
1791128782.2276,4952,1352,56937,306000000,1728000
1791128782.2777,4952,1360,56718,306000000,1728000
1791128782.3278,4960,1344,56906,306000000,1728000
1791128782.3779,4960,1336,56718,306000000,1728000
1791128782.4280,4960,1344,56843,306000000,1728000
1791128782.4781,4960,1344,56718,306000000,1728000
1791128782.5282,4960,1336,56875,306000000,1728000
1791128782.5783,4960,1352,56968,306000000,1728000
1791128782.6284,4952,1368,56875,306000000,1728000
1791128782.6785,4960,1352,56906,306000000,1728000
1791128782.7286,4960,1352,56812,306000000,1728000
1791128782.7787,4960,1352,56937,306000000,1728000
1791128782.8287,4960,1344,56750,306000000,1728000
1791128782.8788,4960,1352,56812,306000000,1728000
1791128782.9289,4960,1344,56812,306000000,1728000
1791128782.9790,4960,1344,56843,306000000,1728000
1791128783.0291,4960,1336,56781,306000000,1728000
1791128783.0792,4960,1336,56718,306000000,1728000
1791128783.1293,4960,1352,56812,306000000,1728000
1791128783.1794,4952,1352,56781,306000000,883200
1791128783.2295,4952,1352,56875,306000000,1728000
1791128783.2796,4952,1360,56812,306000000,1728000
1791128783.3297,4952,1352,56781,306000000,1728000
1791128783.3798,4960,1344,56750,306000000,1728000
1791128783.4299,4960,1344,56781,306000000,1728000
1791128783.4800,4952,1352,56843,306000000,1728000
1791128783.5301,4960,1336,56750,306000000,1728000
1791128783.5802,4960,1328,56875,306000000,729600
1791128783.6303,4960,1336,56843,306000000,1728000
1791128783.6804,4960,1328,56843,306000000,1728000
1791128783.7305,4952,1352,56718,306000000,1344000
1791128783.7806,4952,1360,56843,306000000,1728000
1791128783.8307,4952,1352,56812,306000000,1728000
1791128783.8808,4952,1344,56718,306000000,1728000
1791128783.9309,4952,1352,56750,306000000,1728000
1791128783.9809,4952,1352,56750,306000000,1728000
1791128784.0311,4952,1344,56875,306000000,1728000
1791128784.0812,4952,1352,56687,306000000,1728000
1791128784.1312,4952,1344,56875,306000000,1728000
1791128784.1813,4952,1344,56812,306000000,1728000
1791128784.2314,4952,1344,56875,306000000,1728000
1791128784.2815,4952,1360,56750,306000000,1728000
1791128784.3316,4952,1360,56718,306000000,1728000
1791128784.3817,4952,1360,56718,306000000,1728000
1791128784.4318,4952,1360,56781,306000000,1728000
1791128784.4819,4952,1344,56843,306000000,1728000
1791128784.5320,4952,1352,56781,306000000,1728000
1791128784.5821,4952,1352,56875,306000000,1728000
1791128784.6322,4952,1344,56687,306000000,1728000
1791128784.6823,4952,1352,56781,306000000,1728000
1791128784.7324,4952,1352,56750,306000000,1728000
1791128784.7824,4952,1344,56750,306000000,1728000
1791128784.8325,4952,1368,56750,306000000,1728000
1791128784.8826,4952,1368,56843,306000000,1728000
1791128784.9327,4952,1376,56687,306000000,1728000
1791128784.9828,4952,1368,56750,306000000,1728000
1791128785.0329,4952,1352,56906,306000000,1728000
1791128785.0830,4952,1360,56718,306000000,1728000
1791128785.1331,4952,1360,56812,306000000,1728000
1791128785.1832,4952,1352,56718,306000000,1728000
1791128785.2333,4952,1360,56781,306000000,1728000
1791128785.2834,4952,1352,56781,306000000,1728000
1791128785.3334,4960,1336,56781,306000000,1728000
1791128785.3835,4952,1360,56656,306000000,1728000
1791128785.4336,4952,1368,56812,306000000,1728000
1791128785.4837,4952,1352,56875,306000000,1728000
1791128785.5338,4952,1352,56625,306000000,1728000
1791128785.5839,4952,1360,56812,306000000,1728000
1791128785.6340,4952,1344,56656,306000000,1728000
1791128785.6841,4960,1336,56781,306000000,1728000
1791128785.7341,4960,1336,56718,306000000,1728000
1791128785.7842,4952,1344,56750,306000000,1728000
1791128785.8343,4960,1336,56687,306000000,1728000
1791128785.8844,4960,1320,56781,306000000,1728000
1791128785.9345,4960,1320,56875,306000000,1728000
1791128785.9845,4960,1328,56687,306000000,1728000
1791128786.0346,4960,1328,56843,306000000,1728000
1791128786.0847,4960,1328,56750,306000000,1728000
1791128786.1348,4960,1328,56781,306000000,1728000
1791128786.1849,4960,1320,56687,306000000,1728000
1791128786.2350,4960,1328,56781,306000000,1728000
1791128786.2851,4960,1328,56687,306000000,1728000
1791128786.3351,4960,1320,56718,306000000,1728000
1791128786.3852,4960,1320,56781,306000000,1728000
1791128786.4353,4960,1312,56718,306000000,1728000
1791128786.4854,4960,1320,56812,306000000,1113600
1791128786.5355,4960,1336,56718,306000000,1497600
1791128786.5856,4960,1336,56750,306000000,1728000
1791128786.6357,4960,1320,56718,306000000,1728000
1791128786.6857,4960,1320,56750,306000000,1728000
1791128786.7358,4960,1336,56656,306000000,1728000
1791128786.7859,4960,1328,56687,306000000,1728000
1791128786.8360,4960,1320,56812,306000000,1728000
1791128786.8861,4960,1328,56750,306000000,1728000
1791128786.9362,4960,1336,56875,306000000,1728000
1791128786.9862,4960,1320,56687,306000000,1728000
1791128787.0363,4960,1328,56718,306000000,1728000
1791128787.0864,4960,1344,56687,306000000,1728000
1791128787.1365,4960,1336,56781,306000000,1728000
1791128787.1866,4960,1336,56687,306000000,1728000
1791128787.2367,4960,1344,56781,306000000,1728000
1791128787.2867,4960,1344,56812,306000000,1728000
1791128787.3368,4960,1328,56625,306000000,1728000
1791128787.3869,4960,1344,56843,306000000,1728000
1791128787.4370,4960,1344,56718,306000000,1728000
1791128787.4871,4960,1336,56781,306000000,1728000
1791128787.5372,4960,1336,56656,306000000,1728000
1791128787.5873,4960,1328,56718,306000000,1728000
1791128787.6374,4952,1344,56687,306000000,1728000
1791128787.6875,4952,1352,56656,306000000,1728000
1791128787.7375,4952,1352,56812,306000000,1728000
1791128787.7876,4952,1352,56625,306000000,1728000
1791128787.8377,4960,1344,56781,306000000,1728000
1791128787.8878,4960,1336,56593,306000000,1728000
1791128787.9379,4960,1344,56750,306000000,1728000
1791128787.9880,4960,1344,56718,306000000,1728000
1791128788.0381,4960,1328,56718,306000000,1728000
1791128788.0882,4960,1320,56687,306000000,1728000
1791128788.1382,4960,1320,56718,306000000,1728000
1791128788.1883,4960,1344,56656,306000000,1728000
1791128788.2384,4960,1344,56687,306000000,1728000
1791128788.2885,4952,1352,56812,306000000,1728000
1791128788.3386,4952,1352,56656,306000000,1728000
1791128788.3887,4960,1344,56750,306000000,1728000
1791128788.4388,4952,1360,56781,306000000,1728000
1791128788.4889,4960,1344,56781,306000000,1728000
1791128788.5390,4960,1344,56687,306000000,1728000
1791128788.5891,4952,1352,56718,306000000,1728000
1791128788.6392,4952,1344,56562,306000000,1728000
1791128788.6892,4960,1336,56718,306000000,1728000
1791128788.7393,4960,1344,56781,306000000,1728000
1791128788.7894,4952,1360,56625,306000000,1344000
1791128788.8395,4952,1344,56718,306000000,1728000
1791128788.8896,4952,1352,56687,306000000,1728000
1791128788.9397,4952,1344,56687,306000000,1728000
1791128788.9898,4952,1344,56781,306000000,1728000
1791128789.0399,4952,1344,56687,306000000,1728000
1791128789.0900,4952,1352,56656,306000000,1728000
1791128789.1401,4960,1336,56656,306000000,1728000
1791128789.1902,4960,1336,56750,306000000,1728000
1791128789.2403,4952,1344,56656,306000000,1728000
1791128789.2904,4952,1336,56781,306000000,1728000
1791128789.3405,4952,1368,56750,306000000,1728000
1791128789.3906,4952,1360,56687,306000000,1728000
1791128789.4406,4952,1352,56656,306000000,1728000
1791128789.4907,4952,1360,56656,306000000,1728000
1791128789.5408,4952,1360,56656,306000000,1728000
1791128789.5909,4952,1352,56718,306000000,1728000
1791128789.6410,4952,1352,56781,306000000,1728000
1791128789.6911,4952,1352,56531,306000000,1728000
1791128789.7411,4952,1344,56750,306000000,1728000
1791128789.7912,4952,1336,56656,306000000,1728000
1791128789.8413,4952,1336,56718,306000000,1728000
1791128789.8914,4952,1352,56625,306000000,1728000
1791128789.9415,4952,1352,56625,306000000,1728000
1791128789.9916,4952,1336,56625,306000000,1728000
1791128790.0416,4960,1328,56718,306000000,1728000
1791128790.0917,4960,1320,56781,306000000,1728000
1791128790.1418,4960,1328,56656,306000000,1728000
1791128790.1919,4960,1328,56843,306000000,1728000
1791128790.2419,4960,1320,56718,306000000,1728000
1791128790.2920,4960,1320,56687,306000000,1728000
1791128790.3421,4960,1328,56531,306000000,1728000
1791128790.3922,4960,1328,56656,306000000,1728000
1791128790.4423,4960,1328,56656,306000000,1728000
1791128790.4923,4952,1344,56750,306000000,1728000
1791128790.5424,4952,1344,56718,306000000,1728000
1791128790.5925,4960,1336,56562,306000000,1728000
1791128790.6426,4960,1328,56812,306000000,1728000
1791128790.6927,4960,1328,56687,306000000,1728000
1791128790.7427,4960,1336,56750,306000000,1728000
1791128790.7928,4960,1328,56625,306000000,1728000
1791128790.8429,4960,1320,56656,306000000,1728000
1791128790.8930,4960,1312,56625,306000000,1728000
1791128790.9431,4960,1328,56687,306000000,1728000
1791128790.9932,4960,1328,56718,306000000,1728000
1791128791.0433,4960,1336,56625,306000000,1728000
1791128791.0933,4960,1328,56687,306000000,1728000
1791128791.1434,4960,1344,56625,306000000,1728000
1791128791.1935,4960,1336,56718,306000000,1728000
1791128791.2436,4960,1328,56593,306000000,1728000
1791128791.2937,4960,1336,56625,306000000,1728000
1791128791.3438,4960,1336,56656,306000000,1728000
1791128791.3938,4960,1328,56656,306000000,1728000
1791128791.4439,4960,1336,56718,306000000,1728000
1791128791.4940,4960,1336,56625,306000000,1728000
1791128791.5441,4960,1336,56812,306000000,1728000
1791128791.5942,4960,1336,56656,306000000,729600
1791128791.6443,4960,1336,56656,306000000,1728000
1791128791.6943,4952,1344,56593,306000000,1728000
1791128791.7444,4960,1336,56625,306000000,1728000
1791128791.7945,4952,1344,56625,306000000,1728000
1791128791.8446,4952,1344,56625,306000000,1728000
1791128791.8946,4960,1336,56750,306000000,1728000
1791128791.9447,4960,1328,56656,306000000,1728000
1791128791.9948,4960,1336,56718,306000000,1728000
1791128792.0448,4960,1336,56625,306000000,1728000
1791128792.0949,4960,1328,56687,306000000,1728000
1791128792.1450,4952,1344,56531,306000000,1728000
1791128792.1951,4952,1344,56656,306000000,1728000
1791128792.2452,4952,1344,56750,306000000,1728000
1791128792.2953,4960,1336,56687,306000000,1728000
1791128792.3453,4960,1344,56656,306000000,1728000
1791128792.3954,4960,1344,56625,306000000,1728000
1791128792.4455,4960,1328,56656,306000000,1728000
1791128792.4956,4960,1328,56593,306000000,1728000
1791128792.5457,4960,1336,56718,306000000,1728000
1791128792.5958,4960,1336,56562,306000000,1728000
1791128792.6459,4960,1320,56687,306000000,1728000
1791128792.6959,4960,1328,56593,306000000,1728000
1791128792.7460,4960,1320,56687,306000000,1728000
1791128792.7961,4960,1328,56562,306000000,1728000
1791128792.8462,4960,1336,56531,306000000,1728000
1791128792.8963,4960,1320,56687,306000000,1728000
1791128792.9463,4960,1320,56531,306000000,1728000
1791128792.9964,4960,1336,56750,306000000,1728000
1791128793.0465,4960,1328,56593,306000000,1728000
1791128793.0966,4960,1320,56625,306000000,1728000
1791128793.1466,4960,1320,56531,306000000,1728000
1791128793.1967,4960,1328,56625,306000000,1728000
1791128793.2468,4960,1336,56562,306000000,1113600
1791128793.2969,4960,1328,56593,306000000,1728000
1791128793.3470,4960,1336,56750,306000000,1728000
1791128793.3971,4960,1336,56625,306000000,1728000
1791128793.4472,4960,1328,56656,306000000,1728000
1791128793.4973,4960,1336,56625,306000000,1728000
1791128793.5473,4960,1336,56593,306000000,1728000
1791128793.5974,4960,1328,56562,306000000,1728000
1791128793.6475,4960,1320,56593,306000000,1728000
1791128793.6976,4960,1320,56500,306000000,1728000
1791128793.7477,4960,1336,56593,306000000,1728000
1791128793.7978,4960,1328,56687,306000000,1728000
1791128793.8479,4952,1336,56593,306000000,1728000
1791128793.8979,4960,1336,56656,306000000,1728000
1791128793.9480,4952,1344,56500,306000000,1728000
1791128793.9981,4960,1328,56656,306000000,1728000
1791128794.0482,4960,1328,56562,306000000,1728000
1791128794.0983,4960,1336,56593,306000000,1728000
1791128794.1484,4960,1336,56593,306000000,1728000
1791128794.1984,4960,1320,56687,306000000,1728000
1791128794.2485,4960,1320,56656,306000000,1728000
1791128794.2986,4960,1312,56531,306000000,1728000
1791128794.3487,4960,1328,56750,306000000,1728000
1791128794.3988,4960,1336,56593,306000000,1728000
1791128794.4489,4960,1328,56625,306000000,1728000
1791128794.4990,4960,1320,56500,306000000,1728000
1791128794.5490,4960,1328,56625,306000000,1728000
1791128794.5991,4960,1336,56562,306000000,1728000
1791128794.6492,4960,1320,56593,306000000,1728000
1791128794.6993,4960,1312,56718,306000000,1728000
1791128794.7494,4960,1312,56562,306000000,1728000
1791128794.7994,4960,1328,56750,306000000,1728000
1791128794.8495,4960,1320,56531,306000000,1728000
1791128794.8996,4960,1312,56687,306000000,1190400
1791128794.9497,4960,1328,56562,306000000,1728000
1791128794.9998,4960,1328,56656,306000000,1728000
1791128795.0499,4960,1336,56625,306000000,1728000
1791128795.0999,4960,1328,56656,306000000,1728000
1791128795.1500,4960,1328,56687,306000000,1728000
1791128795.2001,4960,1328,56625,306000000,1728000
1791128795.2502,4960,1328,56718,306000000,1728000
1791128795.3002,4960,1320,56625,306000000,1728000
1791128795.3503,4960,1320,56656,306000000,1728000
1791128795.4004,4960,1320,56531,306000000,1728000
1791128795.4505,4960,1320,56625,306000000,1728000
1791128795.5006,4960,1328,56531,306000000,1267200
1791128795.5507,4960,1320,56625,306000000,1728000
1791128795.6007,4960,1312,56687,306000000,1728000
1791128795.6508,4960,1320,56531,306000000,1728000
1791128795.7009,4960,1328,56593,306000000,1728000
1791128795.7510,4960,1320,56531,306000000,1728000
1791128795.8011,4960,1312,56593,306000000,1728000
1791128795.8512,4960,1320,56625,306000000,1728000
1791128795.9012,4960,1304,56656,306000000,1728000
1791128795.9513,4960,1312,56531,306000000,1728000
1791128796.0014,4960,1312,56593,306000000,1728000
1791128796.0515,4960,1320,56500,306000000,1267200
1791128796.1016,4960,1320,56562,306000000,1728000
1791128796.1517,4960,1328,56656,306000000,1728000
1791128796.2018,4960,1336,56562,306000000,1728000
1791128796.2518,4960,1328,56593,306000000,1728000
1791128796.3019,4960,1336,56562,306000000,1728000
1791128796.3520,4960,1336,56656,306000000,1728000
1791128796.4021,4960,1328,56593,306000000,1728000
1791128796.4521,4960,1328,56562,306000000,1728000
1791128796.5022,4960,1336,56500,306000000,1728000
1791128796.5523,4960,1328,56500,306000000,1728000
1791128796.6024,4960,1328,56625,306000000,1728000
1791128796.6525,4960,1344,56625,306000000,1728000
1791128796.7026,4960,1344,56718,306000000,1728000
1791128796.7526,4960,1336,56625,306000000,1728000
1791128796.8027,4960,1328,56593,306000000,1728000
1791128796.8528,4960,1320,56500,306000000,1728000
1791128796.9029,4960,1328,56625,306000000,1728000
1791128796.9529,4960,1336,56531,306000000,1728000
1791128797.0031,4960,1328,56562,306000000,1728000
1791128797.0531,4960,1320,56625,306000000,1728000
1791128797.1032,4960,1328,56593,306000000,1728000
1791128797.1533,4960,1336,56593,306000000,1728000
1791128797.2034,4960,1336,56593,306000000,729600
1791128797.2535,4960,1328,56625,306000000,1728000
1791128797.3035,4960,1336,56625,306000000,1728000
1791128797.3536,4960,1336,56718,306000000,1728000
1791128797.4037,4960,1328,56562,306000000,1728000
1791128797.4538,4960,1320,56593,306000000,1728000
1791128797.5038,4960,1328,56625,306000000,1728000
1791128797.5539,4960,1328,56593,306000000,1728000
1791128797.6040,4960,1328,56593,306000000,1728000
1791128797.6541,4960,1320,56531,306000000,1728000
1791128797.7042,4960,1328,56531,306000000,1728000
1791128797.7543,4960,1344,56531,306000000,1728000
1791128797.8044,4960,1336,56656,306000000,1728000
1791128797.8544,4960,1328,56562,306000000,1728000
1791128797.9045,4960,1336,56593,306000000,1728000
1791128797.9546,4960,1336,56687,306000000,1728000
1791128798.0047,4960,1328,56562,306000000,1728000
1791128798.0548,4960,1328,56656,306000000,1728000
1791128798.1049,4960,1328,56500,306000000,1728000
1791128798.1549,4960,1328,56625,306000000,1728000
1791128798.2050,4960,1320,56500,306000000,1728000
1791128798.2551,4960,1328,56656,306000000,1728000
1791128798.3052,4960,1352,56562,306000000,1728000
1791128798.3553,4960,1344,56593,306000000,1728000
1791128798.4054,4960,1352,56750,306000000,1728000
1791128798.4555,4960,1352,56687,306000000,1728000
1791128798.5055,4960,1344,56593,306000000,1728000
1791128798.5556,4960,1344,56562,306000000,1728000
1791128798.6057,4960,1344,56656,306000000,1728000
1791128798.6558,4960,1344,56593,306000000,1728000
1791128798.7059,4960,1328,56562,306000000,1728000
1791128798.7560,4960,1328,56500,306000000,1728000
1791128798.8061,4960,1336,56625,306000000,1728000
1791128798.8561,4960,1336,56656,306000000,1728000
1791128798.9062,4960,1336,56562,306000000,1728000
1791128798.9563,4960,1336,56656,306000000,1728000
1791128799.0064,4960,1344,56562,306000000,1728000
1791128799.0565,4960,1336,56687,306000000,1728000
1791128799.1066,4960,1328,56531,306000000,1728000
1791128799.1567,4960,1312,56562,306000000,1728000
1791128799.2067,4960,1312,56593,306000000,1728000
1791128799.2568,4960,1312,56593,306000000,1728000
1791128799.3069,4960,1320,56656,306000000,1728000
1791128799.3570,4960,1312,56562,306000000,1728000
1791128799.4071,4960,1312,56687,306000000,1344000
1791128799.4572,4960,1328,56531,306000000,1728000
1791128799.5072,4960,1328,56656,306000000,1728000
1791128799.5573,4960,1320,56531,306000000,1728000
1791128799.6074,4960,1320,56593,306000000,1728000
1791128799.6575,4960,1328,56531,306000000,1728000
1791128799.7076,4960,1328,56593,306000000,1728000
1791128799.7577,4960,1320,56500,306000000,1728000
1791128799.8078,4960,1296,56531,306000000,1728000
1791128799.8578,4960,1288,56562,306000000,1728000
1791128799.9079,4960,1280,56562,306000000,1728000
1791128799.9580,4960,1288,56625,306000000,1728000
1791128800.0081,4960,1288,56531,306000000,1728000
1791128800.0582,4960,1296,56625,306000000,1728000
1791128800.1083,4960,1312,56500,306000000,1728000
1791128800.1584,4960,1336,56687,306000000,1728000
1791128800.2084,4952,1344,56500,306000000,1728000
1791128800.2585,4952,1344,56593,306000000,1728000
1791128800.3086,4960,1336,56562,306000000,1728000
1791128800.3587,4960,1344,56562,306000000,1728000
1791128800.4088,4952,1344,56593,306000000,1728000
1791128800.4589,4960,1336,56531,306000000,1728000
1791128800.5090,4960,1328,56625,306000000,1113600
1791128800.5591,4952,1344,56500,306000000,1420800
1791128800.6091,4952,1352,56562,306000000,1728000
1791128800.6592,4960,1344,56562,306000000,1728000
1791128800.7093,4960,1328,56531,306000000,1728000
1791128800.7594,4960,1320,56687,306000000,1728000
1791128800.8095,4960,1320,56531,306000000,1728000
1791128800.8596,4960,1328,56687,306000000,1728000
1791128800.9096,4960,1328,56562,306000000,1728000
1791128800.9597,4960,1320,56656,306000000,1728000
1791128801.0098,4960,1328,56437,306000000,1728000
1791128801.0599,4960,1328,56593,306000000,1728000
1791128801.1100,4960,1336,56500,306000000,1728000
1791128801.1601,4960,1328,56625,306000000,1728000
1791128801.2102,4960,1328,56750,306000000,1728000
1791128801.2603,4960,1336,56562,306000000,1728000
1791128801.3103,4960,1336,56625,306000000,1728000
1791128801.3604,4960,1320,56562,306000000,1728000
1791128801.4105,4960,1320,56625,306000000,1728000
1791128801.4606,4960,1312,56531,306000000,1728000
1791128801.5107,4960,1320,56656,306000000,1728000
1791128801.5608,4960,1320,56593,306000000,1728000
1791128801.6108,4960,1312,56656,306000000,1728000
1791128801.6609,4960,1336,56718,306000000,1497600
1791128801.7110,4960,1344,56531,306000000,1728000
1791128801.7611,4960,1328,56656,306000000,1728000
1791128801.8112,4960,1328,56562,306000000,1728000
1791128801.8613,4960,1336,56593,306000000,1728000
1791128801.9114,4960,1336,56500,306000000,1728000
1791128801.9615,4960,1328,56593,306000000,1728000
1791128802.0115,4960,1328,56531,306000000,1728000
1791128802.0616,4960,1336,56562,306000000,1728000
1791128802.1117,4960,1328,56687,306000000,1728000
1791128802.1618,4960,1328,56531,306000000,1728000
1791128802.2119,4960,1344,56687,306000000,1728000
1791128802.2620,4960,1344,56531,306000000,1728000
1791128802.3120,4960,1344,56593,306000000,1728000
1791128802.3621,4952,1344,56531,306000000,1728000
1791128802.4122,4960,1336,56625,306000000,1728000
1791128802.4623,4960,1336,56531,306000000,1728000
1791128802.5124,4960,1344,56562,306000000,1728000
1791128802.5625,4960,1336,56687,306000000,1728000
1791128802.6125,4960,1328,56500,306000000,1728000
1791128802.6626,4960,1320,56656,306000000,1728000
1791128802.7127,4960,1336,56593,306000000,1728000
1791128802.7628,4960,1336,56593,306000000,1728000
1791128802.8129,4960,1344,56562,306000000,1728000
1791128802.8630,4960,1344,56593,306000000,1728000
1791128802.9131,4952,1344,56562,306000000,1728000
1791128802.9632,4960,1344,56562,306000000,1728000
1791128803.0133,4960,1336,56687,306000000,1728000
1791128803.0633,4960,1344,56500,306000000,1728000
1791128803.1134,4960,1344,56687,306000000,1728000
1791128803.1635,4960,1336,56562,306000000,1728000
1791128803.2136,4960,1336,56656,306000000,1728000
1791128803.2636,4952,1344,56531,306000000,1728000
1791128803.3137,4960,1336,56593,306000000,1190400
1791128803.3638,4952,1344,56500,306000000,1728000
1791128803.4139,4952,1352,56531,306000000,1728000
1791128803.4640,4952,1344,56500,306000000,1728000
1791128803.5141,4960,1336,56593,306000000,1728000
1791128803.5641,4960,1328,56656,306000000,1728000
1791128803.6142,4952,1344,56500,306000000,1728000
1791128803.6643,4960,1336,56656,306000000,1728000
1791128803.7144,4960,1320,56500,306000000,1728000
1791128803.7645,4960,1312,56531,306000000,1728000
1791128803.8145,4960,1320,56531,306000000,1728000
1791128803.8646,4960,1328,56531,306000000,1728000
1791128803.9147,4960,1336,56500,306000000,1344000
1791128803.9648,4960,1336,56531,306000000,1728000
1791128804.0149,4952,1344,56687,306000000,1728000
1791128804.0650,4960,1336,56562,306000000,1728000
1791128804.1151,4960,1328,56718,306000000,1728000
1791128804.1651,4960,1320,56562,306000000,1728000
1791128804.2152,4960,1312,56500,306000000,1728000
1791128804.2653,4960,1312,56500,306000000,1728000
1791128804.3154,4960,1312,56531,306000000,1728000
1791128804.3655,4960,1320,56531,306000000,1728000
1791128804.4155,4960,1312,56531,306000000,1728000
1791128804.4656,4960,1320,56656,306000000,1113600
1791128804.5157,4960,1336,56562,306000000,1728000
1791128804.5658,4960,1336,56656,306000000,1728000
1791128804.6159,4960,1328,56500,306000000,1728000
1791128804.6660,4960,1336,56625,306000000,1728000
1791128804.7160,4960,1336,56562,306000000,1728000
1791128804.7661,4960,1328,56593,306000000,1728000
1791128804.8162,4960,1320,56562,306000000,1728000
1791128804.8663,4960,1328,56562,306000000,1728000
1791128804.9164,4960,1336,56687,306000000,1728000
1791128804.9665,4960,1320,56500,306000000,1728000
1791128805.0166,4960,1320,56625,306000000,1728000
1791128805.0667,4960,1336,56500,306000000,1728000
1791128805.1167,4960,1344,56593,306000000,1728000
1791128805.1668,4960,1336,56500,306000000,1728000
1791128805.2169,4960,1336,56593,306000000,1728000
1791128805.2670,4960,1336,56468,306000000,1728000
1791128805.3171,4960,1336,56625,306000000,1728000
1791128805.3672,4960,1328,56656,306000000,1728000
1791128805.4172,4960,1336,56625,306000000,1728000
1791128805.4673,4960,1336,56625,306000000,1728000
1791128805.5174,4960,1328,56500,306000000,1728000
1791128805.5675,4960,1336,56718,306000000,1728000
1791128805.6176,4952,1352,56531,306000000,1728000
1791128805.6677,4952,1344,56625,306000000,1728000
1791128805.7178,4960,1336,56500,306000000,1728000
1791128805.7679,4960,1328,56562,306000000,1728000
1791128805.8179,4960,1328,56625,306000000,1728000
1791128805.8680,4960,1336,56531,306000000,1728000
1791128805.9181,4960,1328,56656,306000000,729600
1791128805.9682,4960,1320,56531,306000000,1728000
1791128806.0183,4960,1328,56687,306000000,1728000
1791128806.0683,4960,1320,56468,306000000,1728000
1791128806.1184,4960,1328,56625,306000000,1190400
1791128806.1685,4960,1328,56500,306000000,1728000
1791128806.2186,4960,1336,56625,306000000,1728000
1791128806.2687,4960,1344,56687,306000000,1728000
1791128806.3187,4960,1336,56500,306000000,1728000
1791128806.3688,4960,1328,56687,306000000,1728000
1791128806.4189,4960,1344,56562,306000000,1728000
1791128806.4690,4960,1336,56593,306000000,1728000
1791128806.5191,4960,1328,56531,306000000,1728000
1791128806.5692,4960,1328,56625,306000000,1728000
1791128806.6192,4960,1336,56562,306000000,1728000
1791128806.6693,4960,1328,56593,306000000,1728000
1791128806.7194,4960,1336,56531,306000000,1728000
1791128806.7695,4960,1344,56562,306000000,1728000
1791128806.8196,4960,1344,56656,306000000,1728000
1791128806.8697,4960,1336,56500,306000000,1728000
1791128806.9197,4960,1328,56593,306000000,1728000
1791128806.9698,4960,1336,56531,306000000,1728000
1791128807.0199,4960,1336,56562,306000000,1728000
1791128807.0700,4960,1336,56500,306000000,1728000
1791128807.1200,4960,1328,56531,306000000,1728000
1791128807.1701,4960,1336,56687,306000000,1728000
1791128807.2202,4960,1336,56500,306000000,1728000
1791128807.2703,4960,1328,56625,306000000,1728000
1791128807.3204,4960,1344,56531,306000000,1728000
1791128807.3705,4960,1336,56687,306000000,1728000
1791128807.4205,4960,1336,56500,306000000,1728000
1791128807.4706,4960,1328,56562,306000000,1728000
1791128807.5207,4960,1320,56437,306000000,1728000
1791128807.5708,4960,1312,56531,306000000,1728000
1791128807.6208,4960,1312,56500,306000000,1728000
1791128807.6709,4960,1312,56500,306000000,1728000
1791128807.7210,4960,1320,56656,306000000,1728000
1791128807.7710,4960,1312,56500,306000000,1728000
1791128807.8211,4960,1312,56593,306000000,1728000
1791128807.8712,4960,1312,56468,306000000,1728000
1791128807.9213,4960,1312,56593,306000000,1728000
1791128807.9714,4960,1312,56531,306000000,1728000
1791128808.0215,4960,1312,56625,306000000,1728000
1791128808.0716,4960,1320,56500,306000000,1728000
1791128808.1217,4960,1312,56531,306000000,1728000
1791128808.1717,4960,1304,56625,306000000,1728000
1791128808.2218,4960,1312,56468,306000000,1728000
1791128808.2719,4960,1312,56625,306000000,1728000
1791128808.3220,4960,1312,56500,306000000,1728000
1791128808.3721,4960,1312,56562,306000000,1728000
1791128808.4222,4960,1320,56500,306000000,1728000
1791128808.4723,4960,1336,56562,306000000,1728000
1791128808.5223,4960,1328,56500,306000000,1728000
1791128808.5724,4960,1320,56593,306000000,1728000
1791128808.6225,4960,1312,56625,306000000,1728000
1791128808.6726,4960,1312,56500,306000000,1728000
1791128808.7227,4960,1320,56562,306000000,1728000
1791128808.7728,4960,1320,56531,306000000,1728000
1791128808.8228,4960,1312,56531,306000000,1728000
1791128808.8729,4960,1320,56500,306000000,1728000
1791128808.9230,4960,1328,56531,306000000,1190400
1791128808.9731,4960,1336,56468,306000000,1728000
1791128809.0232,4960,1320,56531,306000000,1728000
1791128809.0733,4960,1328,56625,306000000,1728000
1791128809.1233,4960,1328,56500,306000000,1728000
1791128809.1734,4960,1328,56656,306000000,1728000
1791128809.2235,4960,1320,56531,306000000,1728000
1791128809.2736,4960,1312,56500,306000000,1728000
1791128809.3236,4960,1320,56500,306000000,1728000
1791128809.3737,4960,1320,56468,306000000,1728000
1791128809.4238,4960,1320,56468,306000000,1728000
1791128809.4739,4960,1312,56593,306000000,1728000
1791128809.5240,4960,1344,56687,306000000,1728000
1791128809.5741,4960,1336,56500,306000000,1728000
1791128809.6242,4960,1336,56562,306000000,1728000
1791128809.6742,4960,1336,56562,306000000,1728000
1791128809.7243,4960,1336,56625,306000000,1728000
1791128809.7744,4960,1328,56468,306000000,1728000
1791128809.8245,4960,1328,56562,306000000,1728000
1791128809.8746,4960,1336,56500,306000000,1728000
1791128809.9247,4960,1328,56531,306000000,1728000
1791128809.9748,4960,1336,56500,306000000,1728000
1791128810.0249,4960,1336,56531,306000000,1728000
1791128810.0750,4960,1344,56625,306000000,1728000
1791128810.1251,4952,1360,56531,306000000,1728000
1791128810.1752,4952,1360,56656,306000000,1728000
1791128810.2253,4960,1352,56500,306000000,1728000
1791128810.2754,4952,1360,56562,306000000,1728000
1791128810.3255,4960,1352,56468,306000000,1728000
1791128810.3756,4960,1344,56562,306000000,1728000
1791128810.4256,4960,1344,56468,306000000,1728000
1791128810.4757,4960,1352,56562,306000000,1728000
1791128810.5258,4960,1336,56687,306000000,1728000
1791128810.5759,4960,1336,56500,306000000,1728000
1791128810.6260,4960,1352,56656,306000000,1728000
1791128810.6761,4952,1368,56468,306000000,1728000
1791128810.7262,4952,1368,56562,306000000,1728000
1791128810.7763,4960,1360,56500,306000000,1728000
1791128810.8264,4960,1360,56562,306000000,1728000
1791128810.8765,4960,1360,56437,306000000,1728000
1791128810.9266,4960,1352,56500,306000000,1728000
1791128810.9767,4960,1352,56625,306000000,1728000
1791128811.0268,4960,1360,56500,306000000,1728000
1791128811.0769,4960,1344,56625,306000000,1728000
1791128811.1270,4960,1336,56500,306000000,1728000
1791128811.1771,4960,1344,56531,306000000,1728000
1791128811.2272,4960,1360,56468,306000000,1728000
1791128811.2773,4960,1352,56562,306000000,1728000
1791128811.3273,4960,1352,56468,306000000,1728000
1791128811.3774,4960,1352,56531,306000000,1728000
1791128811.4275,4960,1344,56562,306000000,1728000
1791128811.4776,4960,1328,56500,306000000,1728000
1791128811.5277,4960,1344,56656,306000000,1728000
1791128811.5778,4960,1344,56562,306000000,1728000
1791128811.6279,4960,1336,56500,306000000,1728000
1791128811.6779,4960,1328,56500,306000000,1728000
1791128811.7280,4960,1336,56562,306000000,1728000
1791128811.7781,4960,1344,56500,306000000,1728000
1791128811.8282,4960,1336,56500,306000000,1728000
1791128811.8783,4960,1336,56625,306000000,1728000
1791128811.9284,4960,1344,56500,306000000,1728000
1791128811.9785,4960,1336,56593,306000000,1728000
1791128812.0286,4960,1336,56531,306000000,1728000
1791128812.0786,4960,1344,56562,306000000,1728000
1791128812.1287,4960,1336,56468,306000000,1728000
1791128812.1788,4960,1328,56500,306000000,1728000
1791128812.2289,4960,1336,56500,306000000,1728000
1791128812.2790,4960,1344,56593,306000000,1728000
1791128812.3291,4960,1344,56437,306000000,1728000
1791128812.3792,4960,1352,56500,306000000,1728000
1791128812.4293,4960,1352,56625,306000000,1728000
1791128812.4793,4960,1344,56500,306000000,1728000
1791128812.5294,4960,1336,56593,306000000,1728000
1791128812.5795,4960,1328,56437,306000000,1728000
1791128812.6296,4960,1328,56500,306000000,1728000
1791128812.6797,4960,1336,56468,306000000,1728000
1791128812.7297,4960,1328,56531,306000000,1728000
1791128812.7798,4960,1320,56468,306000000,1728000
1791128812.8299,4960,1328,56500,306000000,1728000
1791128812.8800,4960,1336,56593,306000000,1497600
1791128812.9301,4960,1344,56500,306000000,1728000
1791128812.9802,4952,1352,56562,306000000,1728000
1791128813.0303,4960,1344,56500,306000000,1728000
1791128813.0803,4960,1336,56500,306000000,1728000
1791128813.1304,4960,1344,56468,306000000,1728000
1791128813.1805,4960,1336,56500,306000000,1728000
1791128813.2306,4960,1328,56437,306000000,1728000
1791128813.2807,4960,1320,56500,306000000,1728000
1791128813.3308,4960,1320,56656,306000000,1728000
1791128813.3808,4960,1328,56500,306000000,1728000
1791128813.4309,4960,1336,56625,306000000,1728000
1791128813.4810,4960,1336,56500,306000000,1728000
1791128813.5311,4952,1344,56625,306000000,1728000
1791128813.5812,4952,1344,56468,306000000,1728000
1791128813.6313,4960,1336,56500,306000000,1728000
1791128813.6814,4960,1328,56500,306000000,1728000
1791128813.7314,4960,1336,56500,306000000,1728000
1791128813.7815,4960,1328,56656,306000000,1728000
1791128813.8316,4960,1328,56468,306000000,1728000
1791128813.8817,4960,1320,56562,306000000,1728000
1791128813.9318,4960,1312,56500,306000000,1728000
1791128813.9819,4960,1336,56562,306000000,1728000
1791128814.0319,4960,1344,56406,306000000,1728000
1791128814.0820,4960,1328,56531,306000000,1728000
1791128814.1321,4960,1344,56500,306000000,1728000
1791128814.1822,4960,1344,56562,306000000,1728000
1791128814.2323,4960,1328,56625,306000000,1728000
1791128814.2823,4960,1320,56500,306000000,1728000
1791128814.3324,4960,1328,56562,306000000,1728000
1791128814.3825,4960,1328,56468,306000000,1728000
1791128814.4326,4960,1328,56593,306000000,1728000
1791128814.4826,4960,1320,56437,306000000,1728000
1791128814.5327,4960,1312,56468,306000000,1728000
1791128814.5828,4960,1336,56468,306000000,1420800
1791128814.6329,4960,1336,56500,306000000,1728000
1791128814.6830,4960,1336,56437,306000000,1728000
1791128814.7331,4960,1344,56437,306000000,1728000
1791128814.7832,4960,1344,56593,306000000,1728000
1791128814.8333,4960,1328,56468,306000000,1728000
1791128814.8834,4960,1328,56500,306000000,1728000
1791128814.9334,4960,1336,56468,306000000,1728000
1791128814.9835,4960,1328,56500,306000000,1728000
1791128815.0336,4960,1336,56468,306000000,1728000
1791128815.0837,4960,1344,56500,306000000,1728000
1791128815.1338,4952,1344,56406,306000000,1728000
1791128815.1839,4952,1368,56500,306000000,1728000
1791128815.2340,4952,1352,56593,306000000,1728000
1791128815.2841,4952,1360,56437,306000000,1728000
1791128815.3342,4952,1360,56593,306000000,1728000
1791128815.3843,4952,1344,56468,306000000,1728000
1791128815.4344,4952,1352,56500,306000000,1728000
1791128815.4845,4952,1360,56406,306000000,1728000
1791128815.5346,4960,1344,56500,306000000,1728000
1791128815.5847,4960,1344,56406,306000000,1728000
1791128815.6347,4960,1344,56437,306000000,1728000
1791128815.6848,4952,1352,56531,306000000,1728000
1791128815.7349,4952,1360,56437,306000000,729600
1791128815.7850,4952,1360,56500,306000000,1728000
1791128815.8351,4952,1352,56437,306000000,1728000
1791128815.8852,4960,1344,56468,306000000,1728000
1791128815.9353,4952,1352,56406,306000000,1728000
1791128815.9854,4952,1352,56531,306000000,1728000
1791128816.0355,4960,1344,56375,306000000,1728000
1791128816.0856,4952,1352,56468,306000000,1728000
1791128816.1357,4952,1352,56562,306000000,1728000
1791128816.1857,4960,1344,56500,306000000,1728000
1791128816.2358,4952,1360,56593,306000000,1728000
1791128816.2859,4952,1368,56437,306000000,1728000
1791128816.3360,4952,1368,56531,306000000,1728000
1791128816.3861,4952,1368,56500,306000000,1728000
1791128816.4362,4952,1360,56500,306000000,1728000
1791128816.4863,4952,1352,56500,306000000,1728000
1791128816.5364,4960,1344,56531,306000000,1728000
1791128816.5865,4952,1352,56593,306000000,1728000
1791128816.6366,4960,1344,56468,306000000,1728000
1791128816.6867,4960,1352,56531,306000000,1728000
1791128816.7367,4960,1352,56468,306000000,1728000
1791128816.7868,4960,1344,56500,306000000,1728000
1791128816.8369,4952,1376,56437,306000000,729600
1791128816.8871,4952,1360,56500,306000000,1728000
1791128816.9372,4952,1368,56406,306000000,1728000
1791128816.9873,4952,1368,56437,306000000,1728000
1791128817.0374,4952,1352,56437,306000000,1728000
1791128817.0874,4952,1368,56437,306000000,1728000
1791128817.1375,4952,1360,56531,306000000,1728000
1791128817.1876,4952,1360,56500,306000000,1728000
1791128817.2377,4952,1360,56500,306000000,1728000
1791128817.2878,4960,1352,56500,306000000,1728000
1791128817.3379,4960,1344,56531,306000000,1728000
1791128817.3880,4952,1376,56406,306000000,1728000
1791128817.4381,4952,1368,56500,306000000,1728000
1791128817.4882,4960,1360,56500,306000000,1728000
1791128817.5383,4952,1368,56500,306000000,1728000
1791128817.5883,4960,1360,56531,306000000,1728000
1791128817.6384,4960,1344,56468,306000000,1728000
1791128817.6885,4960,1336,56531,306000000,729600
1791128817.7386,4960,1344,56468,306000000,1728000
1791128817.7887,4960,1344,56531,306000000,1728000
1791128817.8388,4960,1336,56375,306000000,1728000
1791128817.8889,4960,1336,56531,306000000,1728000
1791128817.9390,4960,1360,56562,306000000,1728000
1791128817.9891,4960,1360,56437,306000000,1728000
1791128818.0392,4952,1360,56625,306000000,1728000
1791128818.0892,4952,1360,56406,306000000,1728000
1791128818.1394,4960,1352,56500,306000000,1728000
1791128818.1894,4960,1336,56406,306000000,1728000
1791128818.2395,4960,1344,56437,306000000,1728000
1791128818.2896,4960,1336,56437,306000000,1728000
1791128818.3397,4960,1344,56531,306000000,1728000
1791128818.3898,4960,1328,56406,306000000,1728000
1791128818.4399,4960,1328,56500,306000000,1728000
1791128818.4900,4952,1352,56593,306000000,1113600
1791128818.5401,4952,1376,56500,306000000,1728000
1791128818.5902,4952,1360,56500,306000000,1728000
1791128818.6403,4952,1360,56468,306000000,1728000
1791128818.6904,4952,1368,56562,306000000,1728000
1791128818.7405,4960,1352,56468,306000000,1728000
1791128818.7905,4952,1360,56531,306000000,1728000
1791128818.8406,4952,1360,56468,306000000,1728000
1791128818.8907,4952,1352,56468,306000000,1728000
1791128818.9408,4952,1368,56656,306000000,1728000
1791128818.9909,4960,1352,56437,306000000,1728000
1791128819.0410,4952,1368,56531,306000000,1728000
1791128819.0911,4952,1376,56437,306000000,1728000
1791128819.1412,4952,1368,56500,306000000,1728000
1791128819.1913,4952,1368,56406,306000000,1728000
1791128819.2414,4952,1368,56500,306000000,1728000
1791128819.2914,4952,1360,56406,306000000,1728000
1791128819.3415,4952,1360,56531,306000000,1728000
1791128819.3916,4952,1360,56468,306000000,1728000
1791128819.4417,4960,1352,56437,306000000,1728000
1791128819.4918,4960,1352,56531,306000000,1728000
1791128819.5419,4952,1360,56468,306000000,1728000
1791128819.5920,4960,1352,56562,306000000,1728000
1791128819.6421,4952,1376,56500,306000000,1728000
1791128819.6922,4952,1368,56500,306000000,1728000
1791128819.7422,4952,1368,56375,306000000,1728000
1791128819.7923,4952,1368,56437,306000000,1728000
1791128819.8424,4952,1360,56437,306000000,1728000
1791128819.8925,4952,1360,56468,306000000,1728000
1791128819.9426,4952,1360,56531,306000000,1728000
1791128819.9927,4960,1352,56500,306000000,1728000
1791128820.0427,4960,1344,56531,306000000,1728000
1791128820.0928,4960,1344,56437,306000000,1728000
1791128820.1429,4960,1352,56500,306000000,1728000
1791128820.1930,4952,1360,56375,306000000,1728000
1791128820.2431,4952,1352,56468,306000000,1728000
1791128820.2932,4960,1336,56468,306000000,1728000
1791128820.3433,4960,1336,56500,306000000,1728000
1791128820.3933,4960,1344,56531,306000000,1728000
1791128820.4434,4960,1336,56468,306000000,1728000
1791128820.4935,4960,1328,56500,306000000,1728000
1791128820.5436,4960,1336,56406,306000000,1728000
1791128820.5937,4960,1336,56531,306000000,1728000
1791128820.6437,4960,1328,56406,306000000,1728000
1791128820.6938,4960,1320,56437,306000000,1728000
1791128820.7439,4960,1328,56500,306000000,1113600
1791128820.7940,4960,1328,56500,306000000,1728000
1791128820.8441,4960,1336,56531,306000000,1728000
1791128820.8942,4960,1328,56468,306000000,1728000
1791128820.9443,4960,1320,56531,306000000,1728000
1791128820.9943,4960,1328,56468,306000000,1728000
1791128821.0444,4960,1328,56500,306000000,1728000
1791128821.0945,4960,1320,56468,306000000,1728000
1791128821.1446,4960,1320,56500,306000000,1728000
1791128821.1947,4960,1328,56500,306000000,1728000
1791128821.2448,4960,1328,56437,306000000,1728000
1791128821.2949,4960,1328,56562,306000000,1344000
1791128821.3450,4960,1328,56468,306000000,1728000
1791128821.3951,4960,1328,56562,306000000,1728000
1791128821.4452,4960,1336,56375,306000000,1728000
1791128821.4952,4960,1328,56500,306000000,1728000
1791128821.5453,4960,1320,56468,306000000,1728000
1791128821.5954,4960,1336,56500,306000000,1728000
1791128821.6455,4960,1336,56437,306000000,1728000
1791128821.6956,4960,1328,56468,306000000,1728000
1791128821.7457,4960,1328,56437,306000000,1728000
1791128821.7957,4960,1336,56437,306000000,1728000
1791128821.8458,4960,1336,56562,306000000,1728000
1791128821.8959,4960,1336,56406,306000000,1728000
1791128821.9460,4960,1336,56437,306000000,1728000
1791128821.9961,4960,1344,56406,306000000,1728000
1791128822.0462,4960,1336,56500,306000000,1728000
1791128822.0963,4960,1336,56375,306000000,1728000
1791128822.1463,4960,1344,56468,306000000,1728000
1791128822.1964,4960,1336,56406,306000000,1728000
1791128822.2465,4960,1336,56343,306000000,1728000
1791128822.2966,4960,1336,56500,306000000,1728000
1791128822.3467,4960,1336,56406,306000000,1728000
1791128822.3968,4960,1336,56468,306000000,1728000
1791128822.4468,4952,1360,56468,306000000,1497600
1791128822.4969,4960,1344,56468,306000000,1728000
1791128822.5470,4960,1336,56375,306000000,1728000
1791128822.5971,4960,1344,56468,306000000,1728000
1791128822.6472,4960,1344,56406,306000000,1728000
1791128822.6972,4960,1336,56437,306000000,1728000
1791128822.7473,4960,1328,56531,306000000,1728000
1791128822.7974,4960,1328,56406,306000000,1728000
1791128822.8475,4960,1336,56437,306000000,1728000
1791128822.8975,4960,1328,56375,306000000,1728000
1791128822.9476,4960,1320,56500,306000000,1728000
1791128822.9977,4960,1328,56437,306000000,1728000
1791128823.0478,4960,1336,56500,306000000,1728000
1791128823.0979,4960,1336,56343,306000000,1728000
1791128823.1480,4960,1328,56406,306000000,1728000
1791128823.1980,4960,1328,56531,306000000,1728000
1791128823.2481,4960,1336,56406,306000000,1728000
1791128823.2982,4960,1336,56500,306000000,1728000
1791128823.3483,4960,1328,56343,306000000,1728000
1791128823.3984,4960,1328,56468,306000000,1728000
1791128823.4484,4960,1328,56375,306000000,1728000
1791128823.4985,4960,1328,56500,306000000,1728000
1791128823.5486,4960,1328,56375,306000000,1728000
1791128823.5987,4960,1336,56468,306000000,806400
1791128823.6488,4960,1344,56625,306000000,1728000
1791128823.6989,4960,1336,56437,306000000,1728000
1791128823.7490,4960,1336,56500,306000000,1728000
1791128823.7990,4960,1336,56437,306000000,1728000
1791128823.8491,4960,1336,56500,306000000,1728000
1791128823.8992,4960,1328,56437,306000000,1728000
1791128823.9493,4960,1320,56437,306000000,1728000
1791128823.9994,4960,1328,56406,306000000,1728000
1791128824.0495,4960,1320,56468,306000000,1728000
1791128824.0995,4960,1328,56406,306000000,1420800
1791128824.1496,4960,1336,56468,306000000,1728000
1791128824.1997,4960,1344,56593,306000000,1728000
1791128824.2498,4960,1344,56468,306000000,1728000
1791128824.2998,4960,1336,56500,306000000,1728000
1791128824.3499,4960,1336,56375,306000000,729600
1791128824.4000,4960,1336,56437,306000000,1728000
1791128824.4501,4960,1328,56343,306000000,1728000
1791128824.5002,4960,1320,56437,306000000,1728000
1791128824.5503,4960,1312,56375,306000000,1728000
1791128824.6003,4960,1320,56437,306000000,1728000
1791128824.6504,4960,1328,56562,306000000,1728000
1791128824.7005,4960,1336,56406,306000000,1728000
1791128824.7506,4960,1344,56500,306000000,1728000
1791128824.8007,4960,1344,56375,306000000,1728000
1791128824.8508,4960,1336,56468,306000000,1728000
1791128824.9008,4960,1344,56343,306000000,1728000
1791128824.9509,4960,1344,56406,306000000,1728000
1791128825.0010,4960,1336,56343,306000000,1728000
1791128825.0511,4960,1320,56500,306000000,1728000
1791128825.1011,4960,1328,56500,306000000,1728000
1791128825.1512,4960,1336,56468,306000000,1728000
1791128825.2013,4960,1328,56468,306000000,1728000
1791128825.2514,4960,1336,56375,306000000,1497600
1791128825.3015,4960,1336,56406,306000000,1728000
1791128825.3516,4960,1344,56406,306000000,1728000
1791128825.4016,4960,1336,56437,306000000,1728000
1791128825.4517,4960,1336,56375,306000000,1728000
1791128825.5018,4960,1344,56375,306000000,1728000
1791128825.5519,4960,1336,56531,306000000,1728000
1791128825.6020,4960,1328,56406,306000000,1728000
1791128825.6521,4960,1328,56437,306000000,1728000
1791128825.7021,4960,1336,56406,306000000,1728000
1791128825.7522,4960,1328,56500,306000000,1113600
1791128825.8023,4960,1336,56437,306000000,1728000
1791128825.8524,4960,1344,56500,306000000,1728000
1791128825.9025,4960,1344,56437,306000000,1728000
1791128825.9526,4960,1336,56468,306000000,1728000
1791128826.0026,4960,1328,56437,306000000,1728000
1791128826.0527,4960,1336,56406,306000000,1728000
1791128826.1028,4960,1336,56500,306000000,1728000
1791128826.1529,4960,1328,56437,306000000,1728000
1791128826.2030,4960,1320,56500,306000000,1728000
1791128826.2531,4960,1320,56375,306000000,1728000
1791128826.3031,4960,1336,56437,306000000,1728000
1791128826.3532,4960,1336,56375,306000000,1728000
1791128826.4033,4960,1336,56406,306000000,1728000
1791128826.4534,4960,1344,56406,306000000,1728000
1791128826.5035,4960,1344,56437,306000000,1728000
1791128826.5536,4960,1328,56468,306000000,1728000
1791128826.6037,4960,1344,56406,306000000,1728000
1791128826.6537,4960,1344,56468,306000000,1728000
1791128826.7038,4960,1328,56406,306000000,1728000
1791128826.7539,4960,1336,56437,306000000,1728000
1791128826.8040,4960,1320,56406,306000000,1728000
1791128826.8541,4960,1304,56468,306000000,1728000
1791128826.9042,4960,1304,56437,306000000,1728000
1791128826.9543,4960,1304,56406,306000000,1728000
1791128827.0043,4960,1304,56500,306000000,1728000
1791128827.0544,4960,1296,56437,306000000,1728000
1791128827.1045,4960,1280,56437,306000000,1728000
1791128827.1546,4960,1320,56437,306000000,1728000
1791128827.2047,4960,1336,56437,306000000,1728000
1791128827.2548,4960,1336,56406,306000000,1728000
1791128827.3048,4960,1336,56468,306000000,1728000
1791128827.3549,4960,1352,56312,306000000,1728000
1791128827.4050,4960,1336,56437,306000000,1728000
1791128827.4551,4960,1336,56468,306000000,1344000
1791128827.5052,4960,1344,56375,306000000,1728000
1791128827.5553,4960,1352,56437,306000000,1728000
1791128827.6053,4960,1344,56375,306000000,1728000
1791128827.6554,4960,1344,56437,306000000,1728000
1791128827.7055,4960,1336,56375,306000000,1728000
1791128827.7556,4960,1344,56375,306000000,1728000
1791128827.8057,4960,1328,56375,306000000,1728000
1791128827.8558,4960,1328,56500,306000000,1728000
1791128827.9058,4960,1336,56468,306000000,1728000
1791128827.9559,4960,1336,56437,306000000,1728000
1791128828.0060,4960,1328,56437,306000000,1728000
1791128828.0561,4960,1336,56375,306000000,1728000
1791128828.1062,4960,1336,56468,306000000,1728000
1791128828.1563,4960,1344,56375,306000000,1728000
1791128828.2064,4960,1336,56437,306000000,1728000
1791128828.2565,4960,1328,56406,306000000,1728000
1791128828.3065,4960,1320,56375,306000000,1728000
1791128828.3566,4960,1328,56468,306000000,1728000
1791128828.4067,4960,1328,56375,306000000,1728000
1791128828.4568,4960,1320,56531,306000000,1728000
1791128828.5069,4960,1336,56375,306000000,1728000
1791128828.5570,4960,1336,56468,306000000,1728000
1791128828.6071,4960,1336,56406,306000000,1420800
1791128828.6572,4960,1336,56468,306000000,1728000
1791128828.7072,4960,1336,56343,306000000,1728000
1791128828.7573,4960,1336,56468,306000000,1728000
1791128828.8074,4960,1328,56343,306000000,1728000
1791128828.8575,4960,1320,56343,306000000,1728000
1791128828.9075,4960,1320,56468,306000000,1728000
1791128828.9576,4960,1328,56437,306000000,1728000
1791128829.0077,4960,1320,56500,306000000,1728000
1791128829.0578,4960,1320,56343,306000000,1728000
1791128829.1079,4960,1312,56437,306000000,1728000
1791128829.1580,4960,1328,56343,306000000,1728000
1791128829.2081,4960,1344,56437,306000000,1728000
1791128829.2581,4960,1336,56375,306000000,1728000
1791128829.3082,4960,1328,56468,306000000,1728000
1791128829.3583,4960,1336,56500,306000000,1728000
1791128829.4084,4960,1336,56437,306000000,1728000
1791128829.4585,4960,1328,56468,306000000,1728000
1791128829.5085,4960,1328,56375,306000000,1728000
1791128829.5586,4960,1328,56406,306000000,1728000
1791128829.6087,4960,1328,56375,306000000,1728000
1791128829.6588,4960,1328,56468,306000000,1728000
1791128829.7089,4960,1344,56312,306000000,1728000
1791128829.7590,4960,1344,56375,306000000,1728000
1791128829.8091,4960,1336,56468,306000000,1728000
1791128829.8592,4960,1336,56437,306000000,1728000
1791128829.9092,4960,1336,56468,306000000,1728000
1791128829.9593,4960,1336,56375,306000000,1728000
1791128830.0094,4960,1320,56437,306000000,1728000
1791128830.0595,4960,1328,56343,306000000,1728000
1791128830.1096,4960,1328,56437,306000000,1728000
1791128830.1597,4960,1328,56375,306000000,1728000
1791128830.2097,4960,1320,56406,306000000,1728000
1791128830.2598,4960,1328,56468,306000000,1728000
1791128830.3099,4952,1352,56437,306000000,1728000
1791128830.3600,4960,1344,56500,306000000,1728000
1791128830.4101,4960,1336,56406,306000000,1728000
1791128830.4602,4952,1344,56468,306000000,1728000
1791128830.5103,4960,1336,56406,306000000,1728000
1791128830.5604,4960,1328,56437,306000000,1728000
1791128830.6104,4960,1320,56343,306000000,1728000
1791128830.6605,4960,1328,56343,306000000,1728000
1791128830.7106,4960,1336,56500,306000000,1728000
1791128830.7607,4960,1320,56406,306000000,1728000
1791128830.8108,4960,1320,56468,306000000,729600
1791128830.8609,4960,1336,56406,306000000,1728000
1791128830.9110,4960,1344,56437,306000000,1728000
1791128830.9610,4960,1328,56343,306000000,1728000
1791128831.0111,4960,1320,56375,306000000,1728000
1791128831.0612,4960,1312,56343,306000000,1728000
1791128831.1113,4960,1320,56468,306000000,1728000
1791128831.1614,4960,1328,56468,306000000,1728000
1791128831.2114,4960,1320,56375,306000000,1728000
1791128831.2615,4960,1312,56500,306000000,1728000
1791128831.3116,4960,1312,56281,306000000,1728000
1791128831.3617,4960,1304,56375,306000000,1728000
1791128831.4117,4960,1320,56437,306000000,1728000
1791128831.4618,4960,1328,56468,306000000,1728000
1791128831.5119,4960,1328,56343,306000000,1728000
1791128831.5620,4960,1312,56375,306000000,1728000
1791128831.6121,4960,1320,56468,306000000,1728000
1791128831.6622,4960,1320,56437,306000000,1728000
1791128831.7122,4960,1320,56500,306000000,1728000
1791128831.7623,4960,1312,56437,306000000,1728000
1791128831.8124,4960,1320,56468,306000000,1728000
1791128831.8625,4960,1320,56406,306000000,1728000
1791128831.9126,4960,1312,56437,306000000,1728000
1791128831.9627,4960,1328,56375,306000000,1190400
1791128832.0128,4960,1344,56375,306000000,1728000
1791128832.0628,4960,1336,56343,306000000,1728000
1791128832.1129,4960,1320,56343,306000000,1728000
1791128832.1630,4960,1336,56500,306000000,1728000
1791128832.2131,4960,1336,56343,306000000,1728000
1791128832.2632,4960,1320,56500,306000000,1728000
1791128832.3132,4960,1328,56375,306000000,1728000
1791128832.3633,4960,1328,56375,306000000,1728000
1791128832.4134,4960,1328,56312,306000000,1728000
1791128832.4635,4960,1320,56343,306000000,1728000
1791128832.5136,4960,1336,56312,306000000,1728000
1791128832.5637,4960,1336,56375,306000000,1728000
1791128832.6138,4960,1336,56406,306000000,1728000
1791128832.6638,4960,1328,56437,306000000,1728000
1791128832.7139,4960,1320,56437,306000000,1728000
1791128832.7640,4960,1328,56406,306000000,1728000
1791128832.8141,4960,1336,56437,306000000,1728000
1791128832.8642,4960,1320,56343,306000000,1728000
1791128832.9142,4960,1320,56375,306000000,1728000
1791128832.9643,4960,1328,56375,306000000,1728000
1791128833.0144,4960,1328,56375,306000000,1728000
1791128833.0645,4960,1336,56468,306000000,1728000
1791128833.1146,4960,1352,56468,306000000,1728000
1791128833.1647,4960,1344,56437,306000000,1728000
1791128833.2148,4960,1336,56343,306000000,1728000
1791128833.2648,4960,1320,56500,306000000,1728000
1791128833.3149,4960,1336,56375,306000000,729600
1791128833.3650,4960,1336,56437,306000000,1728000
1791128833.4151,4960,1328,56281,306000000,1728000
1791128833.4651,4960,1320,56343,306000000,1728000
1791128833.5152,4960,1328,56406,306000000,1728000
1791128833.5653,4960,1336,56343,306000000,1728000
1791128833.6154,4960,1328,56468,306000000,1728000
1791128833.6655,4960,1328,56375,306000000,1497600
1791128833.7156,4960,1328,56406,306000000,1728000
1791128833.7656,4960,1336,56343,306000000,1728000
1791128833.8157,4960,1328,56406,306000000,1728000
1791128833.8658,4960,1320,56343,306000000,1728000
1791128833.9159,4960,1312,56375,306000000,1728000
1791128833.9660,4960,1320,56406,306000000,1728000
1791128834.0161,4960,1312,56375,306000000,1728000
1791128834.0661,4960,1320,56375,306000000,1728000
1791128834.1162,4960,1312,56343,306000000,1728000
1791128834.1663,4960,1304,56468,306000000,1728000
1791128834.2164,4960,1328,56281,306000000,1728000
1791128834.2665,4960,1336,56375,306000000,1728000
1791128834.3165,4960,1328,56375,306000000,1728000
1791128834.3666,4960,1320,56375,306000000,1728000
1791128834.4167,4960,1320,56468,306000000,1728000
1791128834.4668,4960,1328,56343,306000000,1728000
1791128834.5169,4960,1328,56468,306000000,1728000
1791128834.5669,4960,1320,56375,306000000,1728000
1791128834.6170,4960,1328,56437,306000000,1728000
1791128834.6671,4960,1328,56375,306000000,1728000
1791128834.7172,4960,1320,56375,306000000,1728000
1791128834.7673,4960,1328,56375,306000000,1190400
1791128834.8174,4960,1328,56375,306000000,1728000
1791128834.8674,4960,1344,56437,306000000,1728000
1791128834.9175,4960,1336,56375,306000000,1728000
1791128834.9676,4960,1336,56437,306000000,1728000
1791128835.0177,4960,1344,56343,306000000,1728000
1791128835.0678,4960,1336,56375,306000000,1728000
1791128835.1178,4960,1328,56343,306000000,1728000
1791128835.1679,4960,1328,56437,306000000,1728000
1791128835.2180,4960,1336,56312,306000000,1728000
1791128835.2681,4960,1328,56437,306000000,1728000
1791128835.3181,4960,1328,56375,306000000,1728000
1791128835.3682,4960,1344,56375,306000000,1728000
1791128835.4183,4960,1344,56437,306000000,1728000
1791128835.4684,4960,1336,56312,306000000,1728000
1791128835.5185,4960,1320,56437,306000000,1728000
1791128835.5686,4960,1312,56343,306000000,1728000
1791128835.6187,4960,1312,56406,306000000,1728000
1791128835.6687,4960,1328,56375,306000000,1728000
1791128835.7188,4960,1320,56343,306000000,1728000
1791128835.7689,4960,1312,56500,306000000,1728000
1791128835.8190,4960,1328,56312,306000000,1728000
1791128835.8691,4960,1328,56406,306000000,1728000
1791128835.9192,4960,1328,56375,306000000,1728000
1791128835.9692,4960,1320,56406,306000000,1728000
1791128836.0193,4960,1336,56343,306000000,1728000
1791128836.0694,4960,1336,56375,306000000,1728000
1791128836.1195,4960,1320,56281,306000000,1728000
1791128836.1696,4960,1320,56343,306000000,1728000
1791128836.2196,4960,1328,56343,306000000,1728000
1791128836.2697,4960,1328,56312,306000000,1728000
1791128836.3198,4960,1320,56437,306000000,1728000
1791128836.3699,4960,1328,56312,306000000,1728000
1791128836.4200,4960,1336,56437,306000000,1728000
1791128836.4701,4960,1360,56406,306000000,1344000
1791128836.5202,4952,1360,56468,306000000,1728000
1791128836.5703,4960,1352,56281,306000000,1728000
1791128836.6204,4960,1352,56406,306000000,1728000
1791128836.6705,4960,1360,56343,306000000,1728000
1791128836.7206,4960,1344,56375,306000000,1728000
1791128836.7706,4960,1352,56437,306000000,1728000
1791128836.8207,4960,1352,56375,306000000,1728000
1791128836.8708,4960,1344,56437,306000000,1728000
1791128836.9209,4960,1328,56343,306000000,1728000
1791128836.9710,4960,1336,56375,306000000,1728000
1791128837.0211,4960,1352,56375,306000000,1728000
1791128837.0712,4960,1352,56343,306000000,729600
1791128837.1213,4960,1352,56281,306000000,1728000
1791128837.1713,4960,1352,56406,306000000,1728000
1791128837.2214,4960,1336,56500,306000000,1728000
1791128837.2715,4960,1344,56375,306000000,1728000
1791128837.3216,4960,1344,56500,306000000,1728000
1791128837.3717,4960,1336,56437,306000000,1728000
1791128837.4218,4960,1328,56406,306000000,1728000
1791128837.4718,4960,1328,56343,306000000,1728000
1791128837.5219,4960,1336,56343,306000000,1728000
1791128837.5720,4960,1344,56312,306000000,1267200
1791128837.6221,4960,1360,56343,306000000,1728000
1791128837.6722,4960,1352,56437,306000000,1728000
1791128837.7223,4960,1352,56312,306000000,1728000
1791128837.7724,4960,1352,56406,306000000,1728000
1791128837.8225,4960,1344,56375,306000000,1728000
1791128837.8726,4960,1336,56500,306000000,1728000
1791128837.9227,4960,1336,56312,306000000,1728000
1791128837.9727,4960,1344,56437,306000000,1728000
1791128838.0228,4960,1336,56281,306000000,1728000
1791128838.0729,4960,1336,56406,306000000,1728000
1791128838.1230,4960,1352,56406,306000000,1420800
1791128838.1731,4952,1352,56343,306000000,1728000
1791128838.2232,4952,1352,56437,306000000,1728000
1791128838.2733,4952,1352,56375,306000000,1728000
1791128838.3234,4960,1344,56437,306000000,1728000
1791128838.3735,4960,1344,56375,306000000,1728000
1791128838.4235,4960,1344,56406,306000000,1728000
1791128838.4736,4960,1344,56343,306000000,1728000
1791128838.5237,4960,1328,56437,306000000,1728000
1791128838.5738,4960,1336,56500,306000000,1728000
1791128838.6239,4960,1336,56375,306000000,1728000
1791128838.6740,4960,1336,56468,306000000,1728000
1791128838.7241,4960,1336,56343,306000000,1728000
1791128838.7742,4960,1328,56468,306000000,1728000
1791128838.8243,4960,1320,56281,306000000,1728000
1791128838.8743,4960,1312,56343,306000000,1728000
1791128838.9244,4960,1304,56281,306000000,1728000
1791128838.9745,4960,1320,56437,306000000,1728000
1791128839.0246,4960,1320,56343,306000000,1728000
1791128839.0746,4960,1312,56406,306000000,1728000
1791128839.1247,4960,1312,56437,306000000,1728000
1791128839.1748,4960,1304,56375,306000000,1728000
1791128839.2249,4960,1304,56468,306000000,1728000
1791128839.2750,4960,1328,56343,306000000,1420800
1791128839.3251,4960,1320,56406,306000000,1728000
1791128839.3751,4960,1312,56312,306000000,1728000
1791128839.4252,4960,1328,56375,306000000,1728000
1791128839.4753,4960,1328,56281,306000000,1728000
1791128839.5254,4960,1320,56312,306000000,1728000
1791128839.5754,4960,1312,56437,306000000,1728000
1791128839.6255,4960,1304,56343,306000000,1728000
1791128839.6756,4960,1320,56437,306000000,1728000
1791128839.7257,4960,1320,56312,306000000,1728000
1791128839.7758,4960,1312,56437,306000000,1728000
1791128839.8259,4960,1328,56343,306000000,1267200
1791128839.8760,4960,1336,56343,306000000,1728000
1791128839.9260,4960,1336,56343,306000000,1728000
1791128839.9761,4960,1320,56343,306000000,1728000
1791128840.0262,4960,1320,56437,306000000,1728000
1791128840.0763,4960,1328,56281,306000000,1728000
1791128840.1263,4960,1320,56468,306000000,1728000
1791128840.1764,4960,1328,56343,306000000,1728000
1791128840.2265,4960,1336,56375,306000000,1728000
1791128840.2766,4960,1320,56375,306000000,1728000
1791128840.3267,4960,1328,56437,306000000,1728000
1791128840.3768,4960,1336,56312,306000000,1728000
1791128840.4269,4960,1344,56312,306000000,1728000
1791128840.4769,4960,1336,56437,306000000,1728000
1791128840.5271,4960,1336,56343,306000000,1728000
1791128840.5771,4960,1344,56468,306000000,1728000
1791128840.6272,4960,1336,56375,306000000,1728000
1791128840.6773,4960,1328,56375,306000000,1728000
1791128840.7274,4960,1328,56343,306000000,1728000
1791128840.7775,4960,1336,56343,306000000,1728000
1791128840.8276,4960,1336,56343,306000000,1728000
1791128840.8776,4960,1328,56343,306000000,1728000
1791128840.9277,4960,1336,56406,306000000,1728000
1791128840.9778,4960,1352,56250,306000000,1728000
1791128841.0279,4960,1344,56437,306000000,1728000
1791128841.0780,4960,1336,56343,306000000,1728000
1791128841.1280,4960,1352,56312,306000000,1728000
1791128841.1781,4960,1336,56250,306000000,1728000
1791128841.2282,4960,1336,56281,306000000,1728000
1791128841.2783,4960,1344,56281,306000000,1728000
1791128841.3283,4960,1336,56343,306000000,1728000
1791128841.3784,4960,1336,56406,306000000,1728000
1791128841.4285,4960,1320,56312,306000000,1728000
1791128841.4786,4960,1328,56375,306000000,1728000
1791128841.5287,4960,1352,56250,306000000,1728000
1791128841.5788,4960,1336,56375,306000000,1728000
1791128841.6289,4960,1328,56281,306000000,1728000
1791128841.6789,4960,1320,56406,306000000,1728000
1791128841.7290,4960,1328,56343,306000000,1728000
1791128841.7791,4960,1328,56343,306000000,1728000
1791128841.8292,4960,1328,56437,306000000,1728000
1791128841.8793,4960,1328,56312,306000000,1728000
1791128841.9293,4960,1336,56406,306000000,1728000
1791128841.9794,4960,1328,56343,306000000,1728000
1791128842.0295,4960,1320,56406,306000000,1728000
1791128842.0796,4960,1328,56406,306000000,1728000
1791128842.1297,4960,1320,56406,306000000,1728000
1791128842.1797,4960,1320,56281,306000000,1728000
1791128842.2298,4960,1328,56312,306000000,1728000
1791128842.2799,4960,1328,56500,306000000,1728000
1791128842.3300,4960,1320,56343,306000000,1728000
1791128842.3800,4960,1312,56437,306000000,1728000
1791128842.4301,4960,1320,56343,306000000,1728000
1791128842.4802,4960,1328,56468,306000000,1728000
1791128842.5303,4960,1320,56312,306000000,1728000
1791128842.5804,4960,1312,56406,306000000,1728000
1791128842.6305,4960,1328,56312,306000000,1728000
1791128842.6805,4960,1336,56343,306000000,1728000
1791128842.7306,4960,1336,56406,306000000,1728000
1791128842.7807,4960,1328,56343,306000000,1728000
1791128842.8308,4960,1344,56406,306000000,1728000
1791128842.8809,4960,1336,56375,306000000,1728000
1791128842.9309,4960,1328,56437,306000000,1728000
1791128842.9810,4960,1328,56187,306000000,1728000
1791128843.0311,4960,1320,56406,306000000,1728000
1791128843.0811,4960,1328,56312,306000000,1728000
1791128843.1312,4960,1320,56375,306000000,1728000
1791128843.1813,4960,1328,56406,306000000,1728000
1791128843.2314,4960,1336,56312,306000000,1728000
1791128843.2815,4960,1336,56406,306000000,1728000
1791128843.3316,4960,1328,56312,306000000,1728000
1791128843.3817,4960,1320,56375,306000000,1728000
1791128843.4317,4960,1320,56343,306000000,1728000
1791128843.4818,4960,1328,56312,306000000,1728000
1791128843.5319,4960,1328,56343,306000000,1728000
1791128843.5820,4960,1320,56312,306000000,1728000
1791128843.6321,4960,1304,56281,306000000,1728000
1791128843.6821,4960,1304,56312,306000000,1728000
1791128843.7322,4960,1312,56375,306000000,1728000
1791128843.7823,4960,1336,56312,306000000,1728000
1791128843.8324,4960,1328,56343,306000000,1728000
1791128843.8825,4960,1320,56343,306000000,1728000
1791128843.9326,4960,1320,56312,306000000,1728000
1791128843.9827,4960,1328,56343,306000000,1728000
1791128844.0328,4960,1320,56406,306000000,1728000
1791128844.0828,4960,1312,56281,306000000,1728000
1791128844.1329,4960,1304,56406,306000000,1728000
1791128844.1830,4960,1312,56375,306000000,1728000
1791128844.2331,4960,1320,56281,306000000,1728000
1791128844.2832,4960,1320,56437,306000000,1728000
1791128844.3332,4960,1320,56343,306000000,1497600
1791128844.3833,4960,1328,56375,306000000,1728000
1791128844.4334,4960,1328,56281,306000000,1728000
1791128844.4835,4960,1328,56250,306000000,1728000
1791128844.5336,4960,1320,56281,306000000,1728000
1791128844.5836,4960,1320,56312,306000000,1728000
1791128844.6337,4960,1328,56468,306000000,1728000
1791128844.6838,4960,1320,56343,306000000,1728000
1791128844.7339,4960,1320,56437,306000000,1728000
1791128844.7840,4960,1328,56312,306000000,1728000
1791128844.8340,4960,1328,56406,306000000,1728000
1791128844.8841,4960,1336,56281,306000000,1728000
1791128844.9342,4960,1328,56343,306000000,1728000
1791128844.9843,4960,1328,56250,306000000,1728000
1791128845.0344,4960,1336,56281,306000000,1728000
1791128845.0845,4960,1328,56437,306000000,1728000
1791128845.1345,4960,1320,56312,306000000,1728000
1791128845.1846,4960,1320,56468,306000000,1728000
1791128845.2347,4960,1328,56312,306000000,1728000
1791128845.2848,4960,1320,56343,306000000,1728000
1791128845.3349,4960,1328,56281,306000000,1728000
1791128845.3850,4960,1336,56343,306000000,1728000
1791128845.4351,4960,1336,56281,306000000,1190400
1791128845.4852,4960,1328,56343,306000000,1728000
1791128845.5352,4960,1336,56437,306000000,1728000
1791128845.5853,4960,1336,56312,306000000,1728000
1791128845.6354,4960,1336,56406,306000000,1728000
1791128845.6855,4960,1320,56281,306000000,1728000
1791128845.7356,4960,1328,56312,306000000,1728000
1791128845.7856,4960,1336,56281,306000000,1728000
1791128845.8357,4960,1328,56312,306000000,1728000
1791128845.8858,4960,1320,56281,306000000,1728000
1791128845.9359,4960,1320,56375,306000000,1728000
1791128845.9860,4960,1328,56406,306000000,1728000
1791128846.0361,4960,1336,56343,306000000,1728000
1791128846.0862,4960,1328,56343,306000000,1728000
1791128846.1363,4960,1320,56343,306000000,1728000
1791128846.1863,4960,1312,56406,306000000,1728000
1791128846.2364,4960,1320,56343,306000000,1728000
1791128846.2865,4960,1328,56281,306000000,1728000
1791128846.3366,4960,1320,56218,306000000,1728000
1791128846.3866,4960,1312,56406,306000000,1728000
1791128846.4367,4960,1320,56437,306000000,1728000
1791128846.4868,4960,1320,56218,306000000,1728000
1791128846.5369,4960,1320,56437,306000000,1728000
1791128846.5870,4960,1336,56375,306000000,1728000
1791128846.6371,4960,1336,56406,306000000,1728000
1791128846.6872,4960,1336,56343,306000000,1728000
1791128846.7372,4960,1328,56375,306000000,1728000
1791128846.7873,4960,1328,56187,306000000,1728000
1791128846.8374,4960,1344,56375,306000000,1728000
1791128846.8875,4960,1328,56468,306000000,1728000
1791128846.9376,4960,1328,56125,306000000,1728000
1791128846.9876,4960,1336,56437,306000000,1728000
1791128847.0377,4960,1328,56281,306000000,1728000
1791128847.0878,4960,1328,56343,306000000,1728000
1791128847.1379,4952,1352,56312,306000000,1344000
1791128847.1880,4960,1344,56312,306000000,1728000
1791128847.2380,4960,1336,56250,306000000,1728000
1791128847.2881,4960,1328,56312,306000000,1728000
1791128847.3382,4960,1328,56218,306000000,1728000
1791128847.3883,4960,1336,56312,306000000,1728000
1791128847.4384,4960,1328,56406,306000000,1728000
1791128847.4884,4960,1320,56343,306000000,1728000
1791128847.5385,4960,1312,56406,306000000,1728000
1791128847.5886,4960,1320,56250,306000000,1728000
1791128847.6387,4960,1320,56375,306000000,1113600
1791128847.6888,4960,1328,56250,306000000,1728000
1791128847.7388,4960,1320,56250,306000000,1728000
1791128847.7889,4960,1312,56406,306000000,1728000
1791128847.8390,4960,1312,56406,306000000,1728000
1791128847.8891,4960,1328,56343,306000000,1728000
1791128847.9392,4960,1320,56250,306000000,1728000
1791128847.9892,4960,1312,56281,306000000,1728000
1791128848.0393,4960,1304,56250,306000000,1728000
1791128848.0894,4960,1296,56312,306000000,1728000
1791128848.1395,4960,1312,56250,306000000,1728000
1791128848.1896,4960,1312,56343,306000000,1728000
1791128848.2396,4960,1312,56250,306000000,1728000
1791128848.2897,4960,1312,56281,306000000,1728000
1791128848.3398,4960,1312,56375,306000000,1728000
1791128848.3899,4960,1328,56250,306000000,1728000
1791128848.4400,4960,1320,56437,306000000,1728000
1791128848.4901,4960,1312,56250,306000000,1728000
1791128848.5401,4960,1304,56375,306000000,1728000
1791128848.5902,4960,1296,56187,306000000,1728000
1791128848.6403,4960,1320,56312,306000000,1728000
1791128848.6904,4960,1320,56250,306000000,1728000
1791128848.7404,4960,1312,56250,306000000,1728000
1791128848.7905,4960,1328,56468,306000000,1728000
1791128848.8406,4960,1336,56312,306000000,1728000
1791128848.8907,4960,1328,56375,306000000,1728000
1791128848.9408,4960,1320,56218,306000000,1728000
1791128848.9909,4960,1328,56312,306000000,1728000
1791128849.0410,4960,1328,56218,306000000,1728000
1791128849.0911,4960,1328,56312,306000000,1728000
1791128849.1411,4960,1320,56156,306000000,1728000
1791128849.1912,4960,1312,56218,306000000,1728000
1791128849.2413,4960,1328,56437,306000000,1728000
1791128849.2914,4960,1320,56250,306000000,1728000
1791128849.3415,4960,1320,56343,306000000,1267200
1791128849.3916,4960,1336,56281,306000000,1728000
1791128849.4417,4960,1336,56343,306000000,1728000
1791128849.4917,4960,1336,56187,306000000,1728000
1791128849.5418,4960,1320,56281,306000000,1728000
1791128849.5919,4960,1328,56156,306000000,1728000
1791128849.6420,4960,1328,56218,306000000,1728000
1791128849.6921,4960,1328,56406,306000000,1728000
1791128849.7421,4960,1312,56250,306000000,1728000
1791128849.7922,4960,1320,56312,306000000,1728000
1791128849.8423,4960,1320,56312,306000000,1728000
1791128849.8924,4960,1328,56375,306000000,1728000
1791128849.9425,4960,1328,56187,306000000,1728000
1791128849.9925,4960,1328,56312,306000000,1728000
1791128850.0426,4960,1328,56218,306000000,1728000
1791128850.0927,4960,1328,56375,306000000,1728000
1791128850.1428,4960,1320,56500,306000000,1728000
1791128850.1929,4960,1312,56312,306000000,1728000
1791128850.2429,4960,1304,56406,306000000,1728000
1791128850.2930,4960,1296,56218,306000000,1728000
1791128850.3431,4960,1304,56312,306000000,1728000
1791128850.3931,4960,1312,56187,306000000,1728000
1791128850.4432,4960,1312,56312,306000000,1728000
1791128850.4933,4960,1312,56250,306000000,1728000
1791128850.5434,4960,1328,56218,306000000,1728000
1791128850.5935,4960,1328,56406,306000000,1728000
1791128850.6436,4960,1328,56312,306000000,1728000
1791128850.6936,4960,1320,56312,306000000,1728000
1791128850.7437,4960,1328,56218,306000000,1728000
1791128850.7938,4960,1336,56343,306000000,1728000
1791128850.8439,4960,1320,56187,306000000,1728000
1791128850.8939,4960,1320,56250,306000000,1728000
1791128850.9440,4960,1336,56156,306000000,1728000
1791128850.9941,4960,1328,56281,306000000,1728000
1791128851.0442,4960,1328,56437,306000000,1728000
1791128851.0943,4960,1336,56250,306000000,1728000
1791128851.1444,4952,1344,56406,306000000,1728000
1791128851.1945,4960,1336,56250,306000000,1728000
1791128851.2445,4960,1328,56406,306000000,1728000
1791128851.2946,4960,1336,56218,306000000,1728000
1791128851.3447,4960,1336,56250,306000000,1728000
1791128851.3948,4960,1328,56218,306000000,1728000
1791128851.4448,4960,1336,56312,306000000,1728000
1791128851.4949,4960,1336,56375,306000000,1728000
1791128851.5450,4960,1328,56281,306000000,1728000
1791128851.5951,4960,1328,56406,306000000,1420800
1791128851.6452,4960,1344,56187,306000000,1728000
1791128851.6953,4960,1344,56375,306000000,1728000
1791128851.7453,4960,1336,56156,306000000,1728000
1791128851.7954,4960,1320,56281,306000000,1728000
1791128851.8455,4960,1336,56156,306000000,1728000
1791128851.8956,4960,1336,56281,306000000,1728000
1791128851.9456,4960,1328,56218,306000000,1728000
1791128851.9957,4960,1320,56125,306000000,1728000
1791128852.0458,4960,1320,56406,306000000,1728000
1791128852.0959,4960,1328,56281,306000000,1728000
1791128852.1460,4960,1328,56375,306000000,1728000
1791128852.1961,4960,1328,56250,306000000,1728000
1791128852.2461,4960,1328,56343,306000000,1728000
1791128852.2962,4960,1328,56250,306000000,1728000
1791128852.3463,4960,1328,56218,306000000,1728000
1791128852.3964,4960,1320,56156,306000000,1728000
1791128852.4464,4960,1312,56218,306000000,1728000
1791128852.4965,4960,1312,56437,306000000,1728000
1791128852.5466,4960,1312,56250,306000000,1728000
1791128852.5967,4960,1320,56343,306000000,1728000
1791128852.6467,4960,1312,56156,306000000,1728000
1791128852.6968,4960,1312,56312,306000000,1190400
1791128852.7469,4960,1328,56125,306000000,1497600
1791128852.7970,4960,1328,56343,306000000,1728000
1791128852.8471,4960,1328,56156,306000000,1728000
1791128852.8971,4960,1320,56187,306000000,1728000
1791128852.9472,4960,1328,56437,306000000,1728000
1791128852.9973,4960,1328,56250,306000000,1728000
1791128853.0474,4960,1320,56312,306000000,1728000
1791128853.0974,4960,1312,56218,306000000,1728000
1791128853.1475,4960,1312,56375,306000000,1728000
1791128853.1976,4960,1320,56156,306000000,1728000
1791128853.2477,4960,1320,56312,306000000,1728000
1791128853.2978,4960,1320,56156,306000000,1728000
1791128853.3478,4960,1336,56250,306000000,1728000
1791128853.3979,4960,1336,56406,306000000,1728000
1791128853.4480,4960,1328,56218,306000000,1728000
1791128853.4981,4960,1320,56343,306000000,1728000
1791128853.5482,4960,1320,56156,306000000,1728000
1791128853.5982,4960,1320,56250,306000000,1728000
1791128853.6483,4960,1328,56156,306000000,1728000
1791128853.6984,4960,1320,56312,306000000,1728000
1791128853.7485,4960,1320,56250,306000000,1728000
1791128853.7985,4960,1328,56218,306000000,1728000
1791128853.8486,4960,1328,56375,306000000,1728000
1791128853.8987,4960,1328,56312,306000000,1728000
1791128853.9488,4960,1336,56375,306000000,1728000
1791128853.9989,4960,1336,56187,306000000,1728000
1791128854.0490,4960,1328,56312,306000000,1728000
1791128854.0991,4960,1320,56187,306000000,1728000
1791128854.1491,4960,1328,56218,306000000,1728000
1791128854.1992,4960,1328,56187,306000000,1728000
1791128854.2493,4960,1320,56218,306000000,1728000
1791128854.2993,4960,1312,56218,306000000,1728000
1791128854.3494,4960,1328,56343,306000000,1728000
1791128854.3995,4960,1328,56312,306000000,1728000
1791128854.4496,4960,1328,56250,306000000,1728000
1791128854.4997,4960,1336,56281,306000000,1728000
1791128854.5498,4960,1344,56250,306000000,1728000
1791128854.5998,4960,1328,56281,306000000,1728000
1791128854.6499,4960,1320,56187,306000000,1728000
1791128854.7000,4960,1328,56156,306000000,1728000
1791128854.7501,4960,1328,56125,306000000,1728000
1791128854.8002,4960,1328,56281,306000000,1728000
1791128854.8502,4960,1328,56468,306000000,1728000
1791128854.9003,4960,1336,56218,306000000,1728000
1791128854.9504,4960,1336,56437,306000000,1728000
1791128855.0005,4960,1344,56156,306000000,1728000
1791128855.0506,4960,1352,56312,306000000,1728000
1791128855.1007,4960,1344,56187,306000000,1728000
1791128855.1507,4960,1336,56250,306000000,1728000
1791128855.2008,4952,1352,56250,306000000,1728000
1791128855.2509,4960,1344,56281,306000000,1728000
1791128855.3010,4960,1336,56343,306000000,1728000
1791128855.3511,4960,1344,56218,306000000,1728000
1791128855.4011,4960,1344,56343,306000000,1728000
1791128855.4512,4960,1328,56218,306000000,1728000
1791128855.5013,4960,1336,56281,306000000,1728000
1791128855.5514,4952,1352,56125,306000000,1497600
1791128855.6015,4960,1344,56218,306000000,1728000
1791128855.6515,4960,1336,56093,306000000,1728000
1791128855.7016,4960,1352,56156,306000000,1728000
1791128855.7517,4960,1344,56343,306000000,1728000
1791128855.8018,4960,1328,56187,306000000,1728000
1791128855.8519,4960,1336,56312,306000000,1728000
1791128855.9019,4960,1336,56218,306000000,1728000
1791128855.9520,4960,1328,56312,306000000,1728000
1791128856.0021,4960,1320,56187,306000000,1728000
1791128856.0522,4960,1320,56343,306000000,1728000
1791128856.1023,4960,1336,56093,306000000,1728000
1791128856.1524,4960,1344,56250,306000000,1728000
1791128856.2025,4960,1328,56343,306000000,1728000
1791128856.2525,4960,1320,56218,306000000,1728000
1791128856.3026,4960,1320,56375,306000000,1728000
1791128856.3527,4960,1328,56218,306000000,1728000
1791128856.4028,4960,1328,56281,306000000,1728000
1791128856.4529,4960,1320,56187,306000000,1728000
1791128856.5030,4960,1312,56218,306000000,1728000
1791128856.5531,4960,1320,56093,306000000,1728000
1791128856.6031,4960,1328,56187,306000000,1728000
1791128856.6532,4960,1328,56218,306000000,1728000
1791128856.7033,4960,1328,56281,306000000,1728000
1791128856.7534,4960,1312,56375,306000000,1728000
1791128856.8035,4960,1320,56187,306000000,1728000
1791128856.8536,4960,1328,56281,306000000,1728000
1791128856.9037,4960,1320,56218,306000000,1728000
1791128856.9538,4960,1320,56281,306000000,1728000
1791128857.0038,4960,1312,56125,306000000,1728000
1791128857.0539,4960,1320,56187,306000000,1728000
1791128857.1040,4960,1320,56125,306000000,1728000
1791128857.1541,4960,1312,56156,306000000,1728000
1791128857.2042,4960,1336,56343,306000000,1728000
1791128857.2543,4960,1344,56250,306000000,1728000
1791128857.3044,4960,1328,56312,306000000,1728000
1791128857.3544,4960,1320,56187,306000000,1728000
1791128857.4045,4960,1328,56187,306000000,1728000
1791128857.4546,4960,1328,56125,306000000,1728000
1791128857.5047,4960,1328,56281,306000000,1728000
1791128857.5547,4960,1320,56250,306000000,1728000
1791128857.6048,4960,1320,56250,306000000,1728000
1791128857.6549,4960,1320,56375,306000000,1728000
1791128857.7050,4960,1320,56250,306000000,1728000
1791128857.7551,4960,1320,56250,306000000,1728000
1791128857.8052,4960,1320,56156,306000000,1728000
1791128857.8553,4960,1328,56281,306000000,1728000
1791128857.9053,4960,1336,56218,306000000,1728000
1791128857.9554,4960,1328,56187,306000000,1728000
1791128858.0055,4960,1328,56125,306000000,1728000
1791128858.0556,4960,1336,56187,306000000,1728000
1791128858.1057,4960,1328,56406,306000000,1728000
1791128858.1558,4960,1320,56156,306000000,1728000
1791128858.2059,4960,1336,56250,306000000,1728000
1791128858.2559,4960,1328,56187,306000000,1728000
1791128858.3061,4960,1320,56312,306000000,1113600
1791128858.3561,4960,1328,56062,306000000,1728000
1791128858.4062,4960,1328,56250,306000000,1728000
1791128858.4563,4960,1336,56187,306000000,1728000
1791128858.5064,4960,1328,56187,306000000,1728000
1791128858.5565,4960,1320,56312,306000000,1728000
1791128858.6066,4960,1328,56218,306000000,1728000
1791128858.6567,4960,1336,56281,306000000,1728000
1791128858.7067,4960,1320,56187,306000000,1728000
1791128858.7571,4960,1312,56250,306000000,1728000
1791128858.8071,4960,1320,56187,306000000,1728000
1791128858.8572,4960,1328,56281,306000000,1113600
1791128858.9073,4960,1336,56125,306000000,1420800
1791128858.9574,4960,1328,56281,306000000,1728000
1791128859.0075,4960,1328,56125,306000000,1728000
1791128859.0576,4960,1336,56250,306000000,1728000
1791128859.1076,4960,1328,56281,306000000,1728000
1791128859.1577,4960,1320,56218,306000000,1728000
1791128859.2078,4960,1328,56218,306000000,1728000
1791128859.2579,4960,1336,56156,306000000,1728000
1791128859.3079,4960,1328,56312,306000000,1728000
1791128859.3580,4960,1320,56281,306000000,1728000
1791128859.4081,4960,1328,56218,306000000,1728000
1791128859.4582,4960,1344,56187,306000000,1190400
1791128859.5083,4960,1336,56187,306000000,1728000
1791128859.5583,4960,1328,56343,306000000,1728000
1791128859.6084,4960,1336,56093,306000000,1728000
1791128859.6585,4960,1336,56281,306000000,1728000
1791128859.7086,4960,1328,56125,306000000,1728000
1791128859.7587,4960,1328,56281,306000000,1728000
1791128859.8088,4960,1336,56250,306000000,1728000
1791128859.8588,4960,1328,56250,306000000,1728000
1791128859.9089,4960,1320,56125,306000000,1728000
1791128859.9590,4960,1328,56125,306000000,1728000
1791128860.0091,4960,1328,56375,306000000,1728000
1791128860.0592,4960,1336,56187,306000000,1728000
1791128860.1092,4960,1328,56250,306000000,1728000
1791128860.1593,4960,1328,56156,306000000,1728000
1791128860.2094,4960,1304,56281,306000000,1728000
1791128860.2595,4960,1304,56062,306000000,1728000
1791128860.3096,4960,1296,56218,306000000,1728000
1791128860.3597,4960,1288,56125,306000000,1728000
1791128860.4097,4960,1288,56218,306000000,1728000
1791128860.4598,4960,1280,56250,306000000,1728000
1791128860.5099,4960,1264,56187,306000000,1728000
1791128860.5600,4960,1312,56250,306000000,1728000
1791128860.6101,4952,1336,56156,306000000,1728000
1791128860.6602,4952,1344,56218,306000000,1728000
1791128860.7103,4952,1344,56093,306000000,1728000
1791128860.7604,4952,1352,56156,306000000,1728000
1791128860.8104,4960,1336,56125,306000000,1728000
1791128860.8605,4960,1328,56187,306000000,1728000
1791128860.9106,4960,1336,56312,306000000,1728000
1791128860.9607,4960,1336,56218,306000000,1728000
1791128861.0108,4960,1328,56250,306000000,1728000
1791128861.0608,4960,1328,56156,306000000,1728000
1791128861.1109,4960,1336,56250,306000000,1190400
1791128861.1610,4960,1344,56156,306000000,729600
1791128861.2111,4960,1344,56250,306000000,729600
1791128861.2612,4960,1344,56218,306000000,1728000
1791128861.3113,4960,1344,56250,306000000,1728000
1791128861.3614,4960,1336,56156,306000000,1728000
1791128861.4115,4960,1328,56218,306000000,1728000
1791128861.4615,4960,1336,56281,306000000,1728000
1791128861.5116,4960,1336,56156,306000000,1728000
1791128861.5617,4960,1328,56312,306000000,1728000
1791128861.6118,4960,1320,56125,306000000,1728000
1791128861.6619,4960,1328,56250,306000000,1728000
1791128861.7120,4960,1344,56250,306000000,1728000
1791128861.7621,4960,1336,56218,306000000,1728000
1791128861.8122,4960,1328,56062,306000000,1728000
1791128861.8623,4960,1320,56125,306000000,1728000
1791128861.9123,4960,1328,56312,306000000,1728000
1791128861.9624,4960,1328,56125,306000000,1728000
1791128862.0125,4960,1320,56218,306000000,1728000
1791128862.0626,4960,1312,56187,306000000,1728000
1791128862.1126,4960,1320,56187,306000000,1728000
1791128862.1627,4960,1320,56031,306000000,1728000
1791128862.2128,4960,1320,56187,306000000,1728000
1791128862.2629,4960,1320,56093,306000000,1267200
1791128862.3130,4960,1328,56125,306000000,1728000
1791128862.3631,4960,1336,56281,306000000,1728000
1791128862.4131,4960,1328,56125,306000000,1728000
1791128862.4632,4960,1328,56343,306000000,1728000
1791128862.5133,4960,1336,56093,306000000,1728000
1791128862.5634,4960,1328,56250,306000000,1728000
1791128862.6135,4960,1320,56062,306000000,1728000
1791128862.6636,4960,1336,56156,306000000,1728000
1791128862.7137,4960,1328,56187,306000000,1728000
1791128862.7638,4960,1328,56093,306000000,1728000
1791128862.8139,4960,1344,56281,306000000,1728000
1791128862.8640,4952,1344,56125,306000000,1728000
1791128862.9141,4960,1336,56281,306000000,1728000
1791128862.9642,4960,1336,56156,306000000,1728000
1791128863.0143,4960,1344,56250,306000000,1728000
1791128863.0643,4960,1336,56093,306000000,1728000
1791128863.1144,4960,1320,56125,306000000,1728000
1791128863.1645,4960,1328,56062,306000000,1728000
1791128863.2146,4960,1336,56187,306000000,1728000
1791128863.2646,4960,1320,56187,306000000,1728000
1791128863.3147,4960,1312,56062,306000000,729600
1791128863.3648,4960,1328,56187,306000000,1728000
1791128863.4149,4960,1344,56062,306000000,1728000
1791128863.4650,4960,1336,56187,306000000,1728000
1791128863.5151,4960,1320,56156,306000000,1728000
1791128863.5651,4960,1320,56281,306000000,1728000
1791128863.6152,4960,1328,56156,306000000,1728000
1791128863.6653,4960,1328,56093,306000000,1728000
1791128863.7154,4960,1320,56125,306000000,1728000
1791128863.7655,4960,1328,56093,306000000,1728000
1791128863.8156,4960,1336,56187,306000000,1728000
1791128863.8656,4960,1328,56062,306000000,1728000
1791128863.9157,4960,1320,56218,306000000,1728000
1791128863.9658,4952,1344,56062,306000000,1344000
1791128864.0159,4960,1336,56218,306000000,1728000
1791128864.0660,4960,1336,56125,306000000,1728000
1791128864.1161,4960,1328,56125,306000000,1728000
1791128864.1662,4960,1320,56125,306000000,1728000
1791128864.2162,4960,1328,56156,306000000,1728000
1791128864.2663,4960,1336,56250,306000000,1728000
1791128864.3164,4960,1320,56125,306000000,1728000
1791128864.3665,4960,1312,56312,306000000,1728000
1791128864.4166,4960,1320,56062,306000000,1728000
1791128864.4667,4960,1328,56125,306000000,1728000
1791128864.5168,4960,1336,56093,306000000,1728000
1791128864.5668,4960,1328,56093,306000000,1728000
1791128864.6169,4960,1336,56156,306000000,1728000
1791128864.6670,4960,1336,56156,306000000,1728000
1791128864.7171,4960,1328,56281,306000000,1728000
1791128864.7671,4960,1320,56125,306000000,1728000
1791128864.8172,4960,1320,56250,306000000,1728000
1791128864.8673,4960,1328,56031,306000000,1728000
1791128864.9174,4960,1320,56218,306000000,1728000
1791128864.9675,4960,1312,56156,306000000,1728000
1791128865.0175,4960,1312,56156,306000000,1728000
1791128865.0676,4960,1336,56093,306000000,1728000
1791128865.1177,4960,1336,56156,306000000,1728000
1791128865.1678,4960,1320,56218,306000000,1728000
1791128865.2179,4960,1320,56187,306000000,1728000
1791128865.2680,4960,1328,56218,306000000,1728000
1791128865.3181,4960,1328,56093,306000000,1728000
1791128865.3681,4960,1320,56187,306000000,1728000
1791128865.4182,4960,1312,56093,306000000,1728000
1791128865.4683,4960,1312,56187,306000000,1728000
1791128865.5184,4960,1328,56062,306000000,1728000
1791128865.5685,4960,1320,56156,306000000,1728000
1791128865.6186,4960,1336,56281,306000000,1728000
1791128865.6687,4952,1344,56156,306000000,1728000
1791128865.7188,4960,1336,56281,306000000,1728000
1791128865.7688,4960,1336,56156,306000000,1728000
1791128865.8189,4960,1344,56187,306000000,1728000
1791128865.8690,4960,1336,56062,306000000,1728000
1791128865.9191,4960,1320,56156,306000000,1728000
1791128865.9692,4960,1336,56062,306000000,1728000
1791128866.0193,4960,1336,56093,306000000,1728000
1791128866.0693,4960,1320,56125,306000000,1728000
1791128866.1194,4960,1328,56062,306000000,1728000
1791128866.1695,4960,1336,56218,306000000,1728000
1791128866.2196,4952,1344,56062,306000000,1728000
1791128866.2697,4960,1344,56218,306000000,1728000
1791128866.3198,4960,1344,56093,306000000,1728000
1791128866.3699,4960,1344,56218,306000000,1728000
1791128866.4199,4960,1328,56093,306000000,1728000
1791128866.4700,4960,1328,56187,306000000,1728000
1791128866.5201,4960,1336,56093,306000000,1728000
1791128866.5702,4960,1328,56156,306000000,1728000
1791128866.6203,4960,1320,56218,306000000,1728000
1791128866.6703,4960,1328,56125,306000000,1728000
1791128866.7204,4960,1336,56218,306000000,1728000
1791128866.7705,4960,1336,56156,306000000,1728000
1791128866.8206,4960,1328,56187,306000000,1728000
1791128866.8707,4960,1320,56062,306000000,1728000
1791128866.9207,4960,1312,56218,306000000,1728000
1791128866.9708,4960,1328,56093,306000000,1728000
1791128867.0209,4960,1320,56031,306000000,1728000
1791128867.0710,4960,1312,56281,306000000,1728000
1791128867.1210,4960,1304,56156,306000000,1728000
1791128867.1711,4960,1312,56218,306000000,1728000
1791128867.2212,4960,1320,56125,306000000,1728000
1791128867.2713,4960,1312,56156,306000000,1728000
1791128867.3214,4960,1328,56093,306000000,1344000
1791128867.3714,4960,1336,56125,306000000,1728000
1791128867.4215,4960,1336,56000,306000000,1728000
1791128867.4716,4960,1328,56093,306000000,1728000
1791128867.5217,4960,1328,56250,306000000,1728000
1791128867.5718,4960,1336,56156,306000000,1728000
1791128867.6219,4960,1328,56218,306000000,1728000
1791128867.6719,4960,1336,56125,306000000,1728000
1791128867.7220,4960,1336,56125,306000000,1728000
1791128867.7721,4960,1328,56125,306000000,1728000
1791128867.8222,4960,1336,56125,306000000,1728000
1791128867.8723,4952,1344,56062,306000000,1728000
1791128867.9223,4960,1344,56156,306000000,1728000
1791128867.9724,4952,1344,56218,306000000,1728000
1791128868.0225,4952,1344,56031,306000000,1728000
1791128868.0726,4960,1336,56312,306000000,1728000
1791128868.1227,4960,1328,56062,306000000,1728000
1791128868.1727,4960,1320,56125,306000000,1728000
1791128868.2228,4960,1336,56093,306000000,1728000
1791128868.2729,4960,1328,56125,306000000,1728000
1791128868.3230,4960,1320,56062,306000000,1728000
1791128868.3731,4960,1336,56125,306000000,1728000
1791128868.4231,4960,1336,56156,306000000,1420800
1791128868.4732,4960,1336,56062,306000000,1728000
1791128868.5233,4960,1328,56187,306000000,1728000
1791128868.5734,4960,1328,56062,306000000,1728000
1791128868.6235,4960,1336,56062,306000000,1728000
1791128868.6736,4960,1328,56031,306000000,1728000
1791128868.7237,4960,1320,56093,306000000,1728000
1791128868.7737,4960,1320,56062,306000000,1728000
1791128868.8238,4960,1328,56093,306000000,1728000
1791128868.8739,4960,1320,56187,306000000,1728000
1791128868.9240,4960,1328,56125,306000000,1728000
1791128868.9741,4960,1336,56187,306000000,1728000
1791128869.0242,4960,1336,56093,306000000,1728000
1791128869.0742,4960,1328,56218,306000000,1728000
1791128869.1243,4960,1328,56125,306000000,1728000
1791128869.1744,4960,1336,56156,306000000,1728000
1791128869.2245,4960,1328,56062,306000000,1728000
1791128869.2746,4960,1328,56093,306000000,1728000
1791128869.3246,4960,1336,56250,306000000,1728000
1791128869.3747,4960,1328,56156,306000000,1728000
1791128869.4248,4960,1328,56250,306000000,1728000
1791128869.4749,4960,1328,56125,306000000,1728000
1791128869.5250,4960,1328,56250,306000000,1728000
1791128869.5751,4952,1344,56093,306000000,1728000
1791128869.6251,4952,1360,56125,306000000,1728000
1791128869.6752,4952,1344,56062,306000000,1728000
1791128869.7253,4960,1344,56187,306000000,1728000
1791128869.7754,4952,1344,56031,306000000,1728000
1791128869.8255,4960,1344,56187,306000000,1728000
1791128869.8755,4960,1336,56187,306000000,1728000
1791128869.9256,4960,1336,56062,306000000,1728000
1791128869.9757,4952,1344,56156,306000000,1728000
1791128870.0258,4960,1336,56125,306000000,1728000
1791128870.0759,4960,1336,56125,306000000,1113600
1791128870.1259,4952,1352,56093,306000000,1728000
1791128870.1760,4960,1344,56125,306000000,1728000
1791128870.2261,4960,1336,56031,306000000,1728000
1791128870.2762,4960,1336,56062,306000000,1728000
1791128870.3263,4960,1344,56250,306000000,1728000
1791128870.3764,4960,1336,56031,306000000,1728000
1791128870.4265,4960,1328,56187,306000000,1728000
1791128870.4765,4960,1312,56062,306000000,1728000
1791128870.5266,4960,1328,56218,306000000,1728000
1791128870.5767,4960,1328,56062,306000000,1728000
1791128870.6268,4960,1320,56093,306000000,1728000
1791128870.6769,4960,1320,56062,306000000,1728000
1791128870.7270,4960,1320,56093,306000000,1728000
1791128870.7771,4960,1344,56281,306000000,1728000
1791128870.8272,4960,1328,56093,306000000,1728000
1791128870.8772,4960,1336,56250,306000000,1728000
1791128870.9273,4960,1344,56062,306000000,1728000
1791128870.9774,4960,1328,56125,306000000,1728000
1791128871.0275,4960,1328,56093,306000000,1728000
1791128871.0775,4960,1336,56218,306000000,1728000
1791128871.1276,4960,1328,56031,306000000,1728000
1791128871.1777,4960,1320,56125,306000000,1728000
1791128871.2278,4960,1320,56187,306000000,1728000
1791128871.2779,4960,1328,56093,306000000,1728000
1791128871.3279,4960,1328,56281,306000000,1728000
1791128871.3780,4960,1328,56031,306000000,1728000
1791128871.4281,4960,1328,56156,306000000,1728000
1791128871.4782,4960,1328,56062,306000000,1728000
1791128871.5283,4960,1328,56125,306000000,1728000
1791128871.5783,4960,1328,56093,306000000,1728000
1791128871.6284,4960,1320,56125,306000000,1728000
1791128871.6785,4960,1312,56187,306000000,1728000
1791128871.7286,4960,1328,56093,306000000,1728000
1791128871.7787,4960,1328,56187,306000000,1728000
1791128871.8288,4960,1328,56125,306000000,1728000
1791128871.8788,4960,1320,56156,306000000,1728000
1791128871.9289,4960,1320,56062,306000000,1728000
1791128871.9790,4960,1328,56093,306000000,1728000
1791128872.0291,4960,1328,56093,306000000,1728000
1791128872.0792,4960,1328,56156,306000000,1728000
1791128872.1292,4960,1336,56250,306000000,1728000
1791128872.1793,4960,1328,56093,306000000,1728000
1791128872.2294,4960,1328,56250,306000000,1728000
1791128872.2795,4960,1328,56093,306000000,1728000
1791128872.3295,4960,1336,56218,306000000,1728000
1791128872.3796,4960,1336,56031,306000000,729600
1791128872.4297,4960,1336,56187,306000000,1728000
1791128872.4798,4952,1344,56093,306000000,1728000
1791128872.5299,4960,1336,56093,306000000,1728000
1791128872.5800,4960,1328,56218,306000000,1728000
1791128872.6300,4960,1336,56156,306000000,1728000
1791128872.6801,4960,1336,56218,306000000,1728000
1791128872.7302,4960,1328,56125,306000000,1728000
1791128872.7803,4960,1320,56062,306000000,1728000
1791128872.8304,4960,1328,56031,306000000,1728000
1791128872.8804,4960,1328,56093,306000000,1728000
1791128872.9305,4960,1336,56031,306000000,1728000
1791128872.9806,4960,1328,56031,306000000,1728000
1791128873.0307,4960,1320,56281,306000000,1728000
1791128873.0808,4960,1328,56093,306000000,1728000
1791128873.1309,4960,1328,56218,306000000,1728000
1791128873.1810,4960,1320,56031,306000000,1728000
1791128873.2310,4960,1328,56156,306000000,1728000
1791128873.2811,4960,1328,56031,306000000,1728000
1791128873.3312,4960,1320,56125,306000000,1728000
1791128873.3813,4960,1320,56062,306000000,1728000
1791128873.4314,4960,1328,56125,306000000,1728000
1791128873.4815,4960,1336,56031,306000000,1728000
1791128873.5316,4960,1336,56062,306000000,1728000
1791128873.5817,4960,1336,56218,306000000,1728000
1791128873.6317,4952,1344,56093,306000000,1728000
1791128873.6818,4960,1336,56093,306000000,1728000
1791128873.7319,4960,1336,56000,306000000,1728000
1791128873.7820,4952,1344,56093,306000000,1728000
1791128873.8321,4960,1336,55968,306000000,1728000
1791128873.8821,4960,1328,56093,306000000,1728000
1791128873.9322,4960,1336,55968,306000000,1728000
1791128873.9823,4960,1336,56125,306000000,1728000
1791128874.0324,4960,1336,56125,306000000,1728000
1791128874.0825,4952,1344,56062,306000000,1728000
1791128874.1326,4952,1352,56187,306000000,1728000
1791128874.1827,4960,1336,56031,306000000,1728000
1791128874.2327,4960,1328,56062,306000000,1728000
1791128874.2828,4960,1320,56093,306000000,1728000
1791128874.3329,4960,1328,56062,306000000,1728000
1791128874.3830,4960,1328,56031,306000000,1728000
1791128874.4331,4960,1328,56093,306000000,1728000
1791128874.4832,4960,1320,56218,306000000,1728000
1791128874.5332,4960,1320,56031,306000000,1728000
1791128874.5833,4960,1328,56187,306000000,1344000
1791128874.6334,4952,1336,56031,306000000,1728000
1791128874.6835,4960,1328,56062,306000000,1728000
1791128874.7336,4952,1336,56062,306000000,1728000
1791128874.7837,4952,1336,56062,306000000,1728000
1791128874.8338,4960,1328,56031,306000000,1728000
1791128874.8838,4960,1328,56093,306000000,1728000
1791128874.9339,4960,1328,56125,306000000,1728000
1791128874.9840,4960,1328,56093,306000000,1728000
1791128875.0341,4960,1320,56156,306000000,1728000
1791128875.0842,4952,1336,56000,306000000,1728000
1791128875.1343,4960,1336,56062,306000000,1113600
1791128875.1844,4952,1336,56000,306000000,729600
1791128875.2345,4960,1336,56093,306000000,1728000
1791128875.2845,4960,1336,55968,306000000,1728000
1791128875.3346,4960,1336,56093,306000000,1728000
1791128875.3847,4960,1328,56156,306000000,1728000
1791128875.4348,4960,1320,56031,306000000,1728000
1791128875.4849,4960,1320,56093,306000000,1728000
1791128875.5350,4960,1304,56031,306000000,1728000
1791128875.5850,4960,1320,56031,306000000,1728000
1791128875.6351,4960,1320,56000,306000000,1728000
1791128875.6852,4960,1312,56062,306000000,1728000
1791128875.7353,4960,1328,56000,306000000,1420800
1791128875.7854,4960,1328,56062,306000000,1728000
1791128875.8355,4960,1328,56218,306000000,1728000
1791128875.8856,4960,1328,56093,306000000,1728000
1791128875.9356,4960,1320,56093,306000000,1728000
1791128875.9857,4960,1320,56031,306000000,1728000
1791128876.0358,4960,1328,56031,306000000,1728000
1791128876.0859,4960,1320,56000,306000000,1728000
1791128876.1359,4960,1312,56125,306000000,1728000
1791128876.1860,4960,1312,56062,306000000,1728000
1791128876.2361,4960,1320,56062,306000000,1728000
1791128876.2862,4960,1336,56187,306000000,1728000
1791128876.3363,4960,1328,56062,306000000,1728000
1791128876.3864,4960,1320,56187,306000000,1728000
1791128876.4365,4960,1320,56031,306000000,1728000
1791128876.4865,4960,1328,56093,306000000,1728000
1791128876.5366,4960,1320,55968,306000000,1728000
1791128876.5867,4960,1320,56062,306000000,1728000
1791128876.6368,4960,1336,55968,306000000,1728000
1791128876.6869,4960,1320,56125,306000000,1728000
1791128876.7370,4960,1320,56187,306000000,1728000
1791128876.7870,4960,1328,56062,306000000,1728000
1791128876.8371,4952,1336,56125,306000000,1728000
1791128876.8872,4960,1336,56062,306000000,1728000
1791128876.9373,4960,1344,56156,306000000,1728000
1791128876.9874,4952,1344,56031,306000000,1728000
1791128877.0375,4960,1336,56062,306000000,1728000
1791128877.0876,4960,1328,56031,306000000,1728000
1791128877.1376,4960,1336,56093,306000000,1728000
1791128877.1877,4960,1336,56187,306000000,1728000
1791128877.2378,4960,1328,56093,306000000,1728000
1791128877.2879,4952,1344,56218,306000000,1728000
1791128877.3380,4960,1336,56031,306000000,1728000
1791128877.3880,4960,1328,56125,306000000,1728000
1791128877.4381,4960,1344,56031,306000000,1728000
1791128877.4882,4952,1344,56093,306000000,1728000
1791128877.5383,4960,1336,56125,306000000,1728000
1791128877.5884,4960,1328,55937,306000000,1728000
1791128877.6385,4960,1320,55968,306000000,1728000
1791128877.6886,4960,1320,56000,306000000,1728000
1791128877.7386,4960,1320,56093,306000000,1728000
1791128877.7887,4960,1320,56031,306000000,1728000
1791128877.8388,4960,1312,56062,306000000,1728000
1791128877.8889,4960,1328,56000,306000000,1728000
1791128877.9390,4960,1328,56031,306000000,1728000
1791128877.9891,4960,1336,56031,306000000,729600
1791128878.0391,4960,1320,56000,306000000,1728000
1791128878.0892,4960,1328,55968,306000000,1728000
1791128878.1393,4960,1328,55968,306000000,1728000
1791128878.1894,4960,1328,56125,306000000,1728000
1791128878.2394,4960,1320,56031,306000000,1728000
1791128878.2895,4960,1328,56187,306000000,1728000
1791128878.3396,4960,1336,56031,306000000,1728000
1791128878.3897,4960,1320,56093,306000000,1728000
1791128878.4398,4960,1312,56000,306000000,1728000
1791128878.4898,4960,1312,56187,306000000,1728000
1791128878.5399,4960,1328,56000,306000000,1728000
1791128878.5900,4960,1336,56031,306000000,1728000
1791128878.6401,4960,1328,56187,306000000,1728000
1791128878.6902,4960,1336,56031,306000000,1728000
1791128878.7403,4960,1336,56093,306000000,1728000
1791128878.7904,4960,1328,56093,306000000,1728000
1791128878.8405,4960,1320,56125,306000000,1728000
1791128878.8905,4960,1328,56000,306000000,1728000
1791128878.9406,4960,1328,56125,306000000,1728000
1791128878.9907,4960,1320,56031,306000000,1728000
1791128879.0408,4960,1320,56031,306000000,1728000
1791128879.0909,4960,1344,56093,306000000,1113600
1791128879.1410,4960,1344,56000,306000000,1728000
1791128879.1910,4960,1328,56187,306000000,1728000
1791128879.2411,4960,1328,56000,306000000,1728000
1791128879.2912,4960,1336,56125,306000000,1728000
1791128879.3413,4960,1328,56062,306000000,1728000
1791128879.3914,4960,1320,56156,306000000,1728000
1791128879.4415,4960,1312,56031,306000000,1728000
1791128879.4915,4960,1312,56062,306000000,1728000
1791128879.5416,4960,1320,56250,306000000,1728000
1791128879.5917,4960,1320,55937,306000000,1728000
1791128879.6418,4960,1320,56093,306000000,1728000
1791128879.6919,4960,1320,56031,306000000,1728000
1791128879.7420,4960,1320,56187,306000000,1728000
1791128879.7921,4960,1328,56000,306000000,1728000
1791128879.8422,4960,1328,56031,306000000,1728000
1791128879.8922,4960,1312,56062,306000000,1728000
1791128879.9423,4960,1320,56031,306000000,1728000
1791128879.9924,4960,1328,56312,306000000,1728000
1791128880.0425,4960,1320,56031,306000000,1728000
1791128880.0926,4960,1320,56281,306000000,1728000
1791128880.1427,4960,1328,56000,306000000,1728000
1791128880.1927,4960,1328,56156,306000000,1728000
1791128880.2428,4960,1328,55968,306000000,1728000
1791128880.2929,4960,1344,56125,306000000,1728000
1791128880.3430,4960,1336,56031,306000000,1728000
1791128880.3931,4960,1336,56031,306000000,1728000
1791128880.4432,4960,1336,56250,306000000,1728000
1791128880.4932,4960,1336,56031,306000000,1728000
1791128880.5433,4960,1328,56187,306000000,1728000
1791128880.5934,4960,1320,56031,306000000,1728000
1791128880.6435,4960,1328,56187,306000000,1728000
1791128880.6936,4960,1328,56031,306000000,1728000
1791128880.7437,4960,1320,56031,306000000,1190400
1791128880.7938,4960,1328,56031,306000000,1728000
1791128880.8438,4960,1328,56062,306000000,1728000
1791128880.8939,4960,1336,56281,306000000,1728000
1791128880.9440,4960,1328,56031,306000000,1728000
1791128880.9941,4960,1328,56093,306000000,1728000
1791128881.0442,4960,1320,56031,306000000,1728000
1791128881.0942,4960,1328,56187,306000000,1728000
1791128881.1443,4960,1320,56062,306000000,1728000
1791128881.1944,4960,1312,56093,306000000,1728000
1791128881.2445,4960,1312,56031,306000000,1728000
1791128881.2946,4960,1320,56093,306000000,1728000
1791128881.3446,4960,1328,56000,306000000,1728000
1791128881.3947,4960,1328,56062,306000000,1728000
1791128881.4448,4960,1336,56250,306000000,1728000
1791128881.4949,4960,1336,56031,306000000,1728000
1791128881.5450,4960,1320,56093,306000000,1728000
1791128881.5951,4960,1320,56000,306000000,1728000
1791128881.6451,4960,1328,56093,306000000,1728000
1791128881.6952,4960,1320,56031,306000000,1728000
1791128881.7453,4960,1320,56093,306000000,1728000
1791128881.7954,4960,1312,56031,306000000,1728000
1791128881.8455,4960,1312,56031,306000000,1728000
1791128881.8956,4960,1336,56187,306000000,1190400
1791128881.9457,4960,1328,55937,306000000,1728000
1791128881.9957,4960,1320,56187,306000000,1728000
1791128882.0458,4960,1320,56031,306000000,1728000
1791128882.0959,4960,1320,56031,306000000,1728000
1791128882.1460,4960,1320,56031,306000000,1728000
1791128882.1961,4960,1328,56031,306000000,1728000
1791128882.2462,4960,1328,56000,306000000,1728000
1791128882.2963,4960,1328,56031,306000000,1728000
1791128882.3463,4960,1320,56187,306000000,1728000
1791128882.3964,4960,1328,56031,306000000,1728000
1791128882.4465,4960,1336,56125,306000000,1728000
1791128882.4966,4960,1336,56031,306000000,1728000
1791128882.5467,4960,1328,56031,306000000,1728000
1791128882.5968,4960,1344,56000,306000000,1728000
1791128882.6469,4960,1336,56062,306000000,1728000
1791128882.6970,4960,1336,55937,306000000,1728000
1791128882.7470,4960,1344,56093,306000000,1728000
1791128882.7971,4960,1336,56156,306000000,1728000
1791128882.8472,4960,1344,56000,306000000,1728000
1791128882.8973,4960,1344,56125,306000000,1728000
1791128882.9474,4960,1336,56031,306000000,1728000
1791128882.9975,4960,1336,56156,306000000,1190400
1791128883.0476,4952,1360,55937,306000000,729600
1791128883.0977,4952,1344,56093,306000000,1728000
1791128883.1478,4960,1344,56031,306000000,1728000
1791128883.1979,4960,1336,56093,306000000,1728000
1791128883.2479,4960,1344,56250,306000000,1728000
1791128883.2980,4960,1336,56031,306000000,1728000
1791128883.3481,4960,1328,56125,306000000,1728000
1791128883.3982,4960,1328,56031,306000000,1728000
1791128883.4483,4960,1336,56156,306000000,1728000
1791128883.4984,4960,1320,55968,306000000,1728000
1791128883.5485,4960,1328,56062,306000000,1728000
1791128883.5986,4952,1352,56000,306000000,1728000
1791128883.6487,4960,1352,55968,306000000,1728000
1791128883.6988,4952,1360,56031,306000000,1728000
1791128883.7488,4960,1352,56093,306000000,1728000
1791128883.7989,4960,1336,56218,306000000,806400
1791128883.8490,4960,1336,56031,306000000,1728000
1791128883.8991,4960,1344,56218,306000000,1728000
1791128883.9492,4960,1336,56031,306000000,1728000
1791128883.9993,4960,1336,56062,306000000,1728000
1791128884.0494,4960,1336,55968,306000000,1728000
1791128884.0995,4960,1328,56125,306000000,1728000
1791128884.1496,4960,1344,56031,306000000,1728000
1791128884.1997,4952,1352,55937,306000000,1728000
1791128884.2498,4952,1344,56093,306000000,1728000
1791128884.2999,4960,1344,56031,306000000,1728000
1791128884.3499,4960,1344,56093,306000000,1728000
1791128884.4000,4960,1344,56062,306000000,1728000
1791128884.4501,4960,1336,56031,306000000,1728000
1791128884.5002,4960,1344,56000,306000000,1728000
1791128884.5503,4960,1344,56125,306000000,1728000
1791128884.6004,4960,1336,55968,306000000,1728000
1791128884.6505,4960,1336,56000,306000000,1728000
1791128884.7006,4960,1344,56125,306000000,1728000
1791128884.7507,4960,1344,55968,306000000,883200
1791128884.8008,4960,1344,56093,306000000,1728000
1791128884.8508,4960,1344,56000,306000000,1728000
1791128884.9009,4960,1344,56062,306000000,1728000
1791128884.9510,4960,1328,56031,306000000,1728000
1791128885.0011,4960,1320,56000,306000000,1728000
1791128885.0512,4960,1336,56000,306000000,1728000
1791128885.1013,4960,1328,56031,306000000,1728000
1791128885.1514,4960,1320,56156,306000000,1728000
1791128885.2015,4960,1328,55968,306000000,1728000
1791128885.2516,4960,1336,56093,306000000,1267200
1791128885.3017,4952,1352,56062,306000000,1728000
1791128885.3518,4952,1360,56125,306000000,1728000
1791128885.4019,4960,1352,56000,306000000,1728000
1791128885.4520,4960,1336,56062,306000000,1728000
1791128885.5021,4960,1344,55937,306000000,1728000
1791128885.5521,4960,1344,56062,306000000,1728000
1791128885.6022,4960,1336,56187,306000000,1728000
1791128885.6523,4960,1336,55968,306000000,1728000
1791128885.7024,4952,1344,56062,306000000,1728000
1791128885.7525,4960,1336,56000,306000000,1728000
1791128885.8026,4952,1344,56156,306000000,1190400
1791128885.8527,4952,1368,56062,306000000,1728000
1791128885.9028,4952,1376,56093,306000000,1728000
1791128885.9529,4952,1360,56000,306000000,1728000
1791128886.0030,4952,1368,56031,306000000,1728000
1791128886.0531,4952,1360,55968,306000000,1728000
1791128886.1032,4952,1352,56031,306000000,806400
1791128886.1533,4960,1336,56125,306000000,1728000
1791128886.2034,4960,1344,55968,306000000,1728000
1791128886.2535,4960,1344,56218,306000000,1728000
1791128886.3036,4960,1336,56000,306000000,1728000
1791128886.3537,4960,1336,56062,306000000,1728000
1791128886.4037,4952,1360,55968,306000000,1728000
1791128886.4538,4952,1352,56062,306000000,729600
1791128886.5039,4952,1352,55968,306000000,1728000
1791128886.5540,4952,1352,56093,306000000,1728000
1791128886.6041,4960,1344,56218,306000000,1728000
1791128886.6542,4960,1352,56031,306000000,1728000
1791128886.7043,4960,1352,56187,306000000,1728000
1791128886.7544,4960,1336,56031,306000000,1728000
1791128886.8044,4960,1344,56093,306000000,1728000
1791128886.8545,4952,1344,56125,306000000,1728000
1791128886.9046,4960,1336,56125,306000000,1728000
1791128886.9547,4952,1352,55968,306000000,1728000
1791128887.0048,4952,1360,56031,306000000,1728000
1791128887.0549,4952,1352,56093,306000000,806400
1791128887.1050,4952,1352,56062,306000000,1728000
1791128887.1551,4952,1352,56125,306000000,1728000
1791128887.2051,4960,1336,56093,306000000,1728000
1791128887.2552,4960,1336,56187,306000000,1728000
1791128887.3053,4960,1344,55906,306000000,1728000
1791128887.3554,4960,1336,56031,306000000,1728000
1791128887.4055,4960,1344,56031,306000000,1728000
1791128887.4556,4960,1344,56031,306000000,1728000
1791128887.5057,4960,1352,56156,306000000,1728000
1791128887.5558,4952,1376,56156,306000000,1728000
1791128887.6059,4952,1360,56218,306000000,1728000
1791128887.6560,4952,1360,56031,306000000,1728000
1791128887.7060,4952,1360,56093,306000000,1728000
1791128887.7561,4952,1352,55937,306000000,1728000
1791128887.8062,4952,1352,56031,306000000,1728000
1791128887.8563,4952,1352,55937,306000000,1728000
1791128887.9064,4960,1344,56031,306000000,1728000
1791128887.9565,4960,1336,56125,306000000,1728000
1791128888.0066,4952,1344,56031,306000000,1728000
1791128888.0567,4952,1352,56093,306000000,1728000
1791128888.1068,4952,1376,56000,306000000,1728000
1791128888.1569,4952,1368,56031,306000000,1728000
1791128888.2070,4952,1360,56000,306000000,806400
1791128888.2571,4952,1360,56031,306000000,1728000
1791128888.3071,4952,1360,55968,306000000,1728000
1791128888.3572,4952,1344,56031,306000000,1728000
1791128888.4073,4960,1336,56156,306000000,1728000
1791128888.4574,4960,1336,56031,306000000,1728000
1791128888.5074,4960,1344,56125,306000000,1728000
1791128888.5575,4960,1336,56031,306000000,1728000
1791128888.6076,4960,1328,56062,306000000,1728000
1791128888.6577,4960,1344,56031,306000000,1728000
1791128888.7078,4960,1344,56062,306000000,1728000
1791128888.7579,4960,1344,55906,306000000,1728000
1791128888.8080,4960,1336,56125,306000000,1728000
1791128888.8581,4960,1336,56062,306000000,1728000
1791128888.9081,4960,1344,55937,306000000,1728000
1791128888.9582,4960,1336,56187,306000000,1728000
1791128889.0083,4960,1320,56031,306000000,1728000
1791128889.0584,4960,1312,56125,306000000,1728000
1791128889.1085,4960,1320,56031,306000000,1728000
1791128889.1586,4960,1320,56031,306000000,1190400
1791128889.2086,4960,1328,56031,306000000,1728000
1791128889.2587,4960,1328,56031,306000000,1728000
1791128889.3088,4960,1336,56000,306000000,1728000
1791128889.3589,4960,1336,56031,306000000,1728000
1791128889.4090,4960,1320,56156,306000000,1728000
1791128889.4591,4960,1312,56031,306000000,1728000
1791128889.5091,4960,1320,56125,306000000,1728000
1791128889.5592,4960,1328,56000,306000000,1728000
1791128889.6093,4960,1320,56031,306000000,1728000
1791128889.6594,4960,1312,55937,306000000,1728000
1791128889.7095,4960,1328,56031,306000000,1728000
1791128889.7596,4960,1336,55906,306000000,1728000
1791128889.8097,4960,1336,56031,306000000,1728000
1791128889.8598,4960,1336,56187,306000000,1728000
1791128889.9098,4960,1344,56031,306000000,1728000
1791128889.9599,4960,1336,56125,306000000,1728000
1791128890.0100,4960,1328,55968,306000000,1728000
1791128890.0601,4960,1344,56062,306000000,1728000
1791128890.1101,4960,1336,55968,306000000,1728000
1791128890.1602,4960,1328,56125,306000000,1728000
1791128890.2103,4960,1320,55937,306000000,1728000
1791128890.2604,4960,1312,56093,306000000,1728000
1791128890.3105,4960,1328,56031,306000000,1497600
1791128890.3606,4952,1336,56000,306000000,1728000
1791128890.4107,4960,1336,56062,306000000,1728000
1791128890.4607,4960,1320,56031,306000000,1728000
1791128890.5108,4960,1328,56000,306000000,1728000
1791128890.5609,4960,1336,55937,306000000,1728000
1791128890.6110,4960,1328,56031,306000000,1728000
1791128890.6611,4960,1320,56000,306000000,1728000
1791128890.7112,4960,1312,56031,306000000,1728000
1791128890.7612,4960,1320,56156,306000000,1728000
1791128890.8113,4960,1328,56000,306000000,1728000
1791128890.8614,4960,1320,56093,306000000,1728000
1791128890.9115,4960,1336,56000,306000000,1728000
1791128890.9616,4952,1344,56031,306000000,1728000
1791128891.0117,4960,1336,55906,306000000,1728000
1791128891.0617,4960,1328,56031,306000000,1728000
1791128891.1118,4960,1320,56000,306000000,1728000
1791128891.1619,4960,1320,56000,306000000,729600
1791128891.2120,4960,1328,56250,306000000,1728000
1791128891.2621,4960,1320,55968,306000000,1728000
1791128891.3121,4960,1320,56093,306000000,1728000
1791128891.3622,4960,1328,56000,306000000,1728000
1791128891.4123,4960,1328,56000,306000000,1728000
1791128891.4624,4960,1336,55968,306000000,1728000
1791128891.5125,4960,1328,56062,306000000,1728000
1791128891.5626,4960,1336,55968,306000000,1728000
1791128891.6126,4960,1336,56031,306000000,1728000
1791128891.6627,4960,1320,56125,306000000,1728000
1791128891.7128,4960,1320,56000,306000000,1728000
1791128891.7629,4960,1328,56062,306000000,1728000
1791128891.8130,4960,1328,55968,306000000,1728000
1791128891.8631,4960,1320,56031,306000000,1728000
1791128891.9131,4960,1312,56000,306000000,1728000
1791128891.9632,4960,1312,56031,306000000,1190400
1791128892.0133,4960,1328,55906,306000000,1728000
1791128892.0634,4960,1328,56031,306000000,1728000
1791128892.1135,4960,1328,56187,306000000,1728000
1791128892.1636,4960,1312,56031,306000000,1728000
1791128892.2136,4960,1312,56125,306000000,1728000
1791128892.2637,4960,1320,56000,306000000,1728000
1791128892.3138,4960,1320,56218,306000000,1728000
1791128892.3639,4960,1312,56000,306000000,1728000
1791128892.4139,4960,1320,56062,306000000,1728000
1791128892.4640,4960,1328,55968,306000000,1728000
1791128892.5141,4960,1320,56031,306000000,1728000
1791128892.5642,4960,1320,56031,306000000,1267200
1791128892.6143,4960,1328,56000,306000000,1728000
1791128892.6644,4960,1336,56062,306000000,1728000
1791128892.7144,4960,1328,56000,306000000,1728000
1791128892.7645,4960,1320,56093,306000000,1728000
1791128892.8146,4960,1328,55968,306000000,1728000
1791128892.8647,4960,1328,56031,306000000,1728000
1791128892.9148,4960,1320,56000,306000000,1728000
1791128892.9649,4960,1312,56031,306000000,1728000
1791128893.0149,4960,1320,56156,306000000,1728000
1791128893.0650,4960,1328,56000,306000000,1728000
1791128893.1151,4960,1328,56187,306000000,1497600
1791128893.1652,4960,1336,56031,306000000,1728000
1791128893.2152,4960,1344,56218,306000000,1728000
1791128893.2653,4960,1336,56031,306000000,1728000
1791128893.3154,4960,1320,56093,306000000,1728000
1791128893.3655,4960,1328,55968,306000000,1728000
1791128893.4156,4960,1336,56031,306000000,1728000
1791128893.4656,4960,1320,55937,306000000,1728000
1791128893.5157,4960,1312,56031,306000000,1728000
1791128893.5658,4960,1312,56093,306000000,1728000
1791128893.6159,4960,1320,56062,306000000,1728000
1791128893.6660,4960,1328,56093,306000000,1728000
1791128893.7161,4960,1328,55968,306000000,1728000
1791128893.7662,4960,1328,56031,306000000,1728000
1791128893.8162,4960,1336,56000,306000000,1728000
1791128893.8663,4960,1328,56031,306000000,1728000
1791128893.9164,4960,1320,55937,306000000,1728000
1791128893.9665,4960,1328,56031,306000000,1728000
1791128894.0166,4960,1328,56156,306000000,1728000
1791128894.0666,4960,1320,56000,306000000,1728000
1791128894.1167,4960,1312,56093,306000000,1728000
1791128894.1668,4960,1328,55968,306000000,1728000
1791128894.2169,4960,1328,56031,306000000,1728000
1791128894.2670,4960,1336,56000,306000000,1728000
1791128894.3171,4960,1328,56062,306000000,1728000
1791128894.3671,4960,1328,55906,306000000,1728000
1791128894.4172,4960,1336,56031,306000000,1728000
1791128894.4673,4960,1328,56062,306000000,1728000
1791128894.5174,4960,1312,56031,306000000,1728000
1791128894.5675,4960,1320,56031,306000000,1728000
1791128894.6175,4960,1328,55968,306000000,1728000
1791128894.6676,4960,1320,56031,306000000,1728000
1791128894.7177,4960,1320,56000,306000000,1728000
1791128894.7678,4960,1328,55968,306000000,1113600
1791128894.8179,4960,1336,55968,306000000,1728000
1791128894.8679,4960,1328,55968,306000000,1728000
1791128894.9180,4960,1312,56187,306000000,1728000
1791128894.9681,4960,1320,56031,306000000,1728000
1791128895.0182,4960,1328,56125,306000000,1728000
1791128895.0683,4960,1320,55937,306000000,1728000
1791128895.1184,4960,1312,56031,306000000,1728000
1791128895.1685,4960,1304,55968,306000000,1728000
1791128895.2185,4960,1304,56062,306000000,1728000
1791128895.2686,4960,1312,55968,306000000,1728000
1791128895.3187,4960,1312,56062,306000000,1728000
1791128895.3688,4960,1320,56156,306000000,1728000
1791128895.4189,4960,1320,56031,306000000,1728000
1791128895.4690,4960,1320,56031,306000000,1728000
1791128895.5191,4960,1328,55937,306000000,1728000
1791128895.5691,4960,1320,56031,306000000,1728000
1791128895.6192,4960,1328,55968,306000000,1728000
1791128895.6693,4960,1336,56031,306000000,1728000
1791128895.7194,4960,1328,55906,306000000,1728000
1791128895.7695,4960,1320,56031,306000000,1728000
1791128895.8195,4960,1320,56093,306000000,1728000
1791128895.8696,4960,1336,56031,306000000,1728000
1791128895.9197,4960,1336,56156,306000000,1190400
1791128895.9698,4960,1336,56000,306000000,1728000
1791128896.0199,4960,1336,56062,306000000,1728000
1791128896.0700,4960,1344,55937,306000000,1728000
1791128896.1201,4960,1328,56062,306000000,1728000
1791128896.1702,4960,1320,56000,306000000,1728000
1791128896.2202,4960,1320,56062,306000000,1728000
1791128896.2703,4960,1328,55937,306000000,1728000
1791128896.3204,4960,1328,56031,306000000,1728000
1791128896.3705,4960,1320,56093,306000000,1728000
1791128896.4206,4960,1320,55968,306000000,1728000
1791128896.4707,4960,1328,56156,306000000,1728000
1791128896.5208,4960,1344,56093,306000000,1728000
1791128896.5709,4960,1328,56062,306000000,1728000
1791128896.6209,4960,1328,56000,306000000,1728000
1791128896.6710,4960,1328,55968,306000000,1728000
1791128896.7211,4960,1336,56000,306000000,1728000
1791128896.7712,4960,1328,56062,306000000,1728000
1791128896.8213,4960,1320,56125,306000000,1728000
1791128896.8714,4960,1320,56062,306000000,1728000
1791128896.9215,4960,1328,56250,306000000,1728000
1791128896.9715,4960,1320,55968,306000000,1728000
1791128897.0216,4960,1320,56031,306000000,1728000
1791128897.0717,4960,1320,55968,306000000,1728000
1791128897.1218,4960,1328,56000,306000000,1728000
1791128897.1719,4960,1336,55968,306000000,1728000
1791128897.2220,4960,1328,56031,306000000,1728000
1791128897.2720,4960,1320,56125,306000000,1728000
1791128897.3221,4960,1320,56000,306000000,1728000
1791128897.3722,4960,1320,56062,306000000,1728000
1791128897.4223,4960,1320,56000,306000000,1728000
1791128897.4724,4960,1320,56031,306000000,1728000
1791128897.5224,4960,1312,55968,306000000,1728000
1791128897.5725,4960,1320,56031,306000000,1728000
1791128897.6226,4960,1336,56000,306000000,1497600
1791128897.6727,4960,1328,56031,306000000,1728000
1791128897.7228,4960,1320,56218,306000000,1728000
1791128897.7729,4960,1328,56000,306000000,1728000
1791128897.8230,4960,1336,56156,306000000,1728000
1791128897.8730,4960,1320,55937,306000000,1728000
1791128897.9231,4960,1328,56093,306000000,1728000
1791128897.9732,4960,1328,55937,306000000,1728000
1791128898.0233,4960,1328,56000,306000000,1728000
1791128898.0734,4960,1320,55968,306000000,1728000
1791128898.1234,4960,1328,56031,306000000,1728000
1791128898.1735,4960,1336,56187,306000000,1728000
1791128898.2236,4960,1336,56000,306000000,1728000
1791128898.2737,4960,1328,56156,306000000,1728000
1791128898.3238,4960,1328,55968,306000000,1728000
1791128898.3739,4960,1328,56031,306000000,1728000
1791128898.4239,4960,1328,56031,306000000,1728000
1791128898.4740,4960,1320,56031,306000000,1728000
1791128898.5241,4960,1320,55937,306000000,1728000
1791128898.5742,4960,1328,56031,306000000,1728000
1791128898.6242,4960,1328,56000,306000000,1728000
1791128898.6743,4960,1320,55937,306000000,1728000
1791128898.7244,4960,1328,56093,306000000,1113600
1791128898.7745,4960,1344,56062,306000000,1728000
1791128898.8246,4960,1336,56093,306000000,1728000
1791128898.8747,4960,1328,56031,306000000,1728000
1791128898.9248,4960,1320,56093,306000000,1728000
1791128898.9748,4960,1336,56000,306000000,1728000
1791128899.0249,4960,1328,56093,306000000,1728000
1791128899.0750,4960,1320,55937,306000000,1728000
1791128899.1251,4960,1320,56062,306000000,1728000
1791128899.1752,4960,1320,56187,306000000,1728000
1791128899.2253,4960,1320,56031,306000000,1728000
1791128899.2754,4960,1312,56156,306000000,1344000
1791128899.3255,4960,1328,55937,306000000,1728000
1791128899.3756,4960,1320,56000,306000000,1728000
1791128899.4256,4960,1328,56000,306000000,1728000
1791128899.4757,4960,1328,56031,306000000,1728000
1791128899.5258,4960,1320,55968,306000000,1728000
1791128899.5759,4960,1312,55968,306000000,1728000
1791128899.6260,4960,1320,56156,306000000,1728000
1791128899.6760,4960,1320,56000,306000000,1728000
1791128899.7261,4960,1320,56062,306000000,1728000
1791128899.7762,4960,1320,56000,306000000,1728000
1791128899.8263,4960,1312,56062,306000000,1728000
1791128899.8764,4960,1336,55968,306000000,1728000
1791128899.9265,4960,1328,56093,306000000,1728000
1791128899.9766,4960,1320,56031,306000000,1728000
1791128900.0266,4960,1320,55968,306000000,1728000
1791128900.0767,4960,1328,56125,306000000,1728000
1791128900.1268,4960,1320,55968,306000000,1728000
1791128900.1769,4960,1312,56062,306000000,1728000
1791128900.2269,4960,1312,55968,306000000,1728000
1791128900.2770,4960,1312,56062,306000000,1728000
1791128900.3271,4960,1304,56000,306000000,1728000
1791128900.3772,4960,1288,56031,306000000,1651200
1791128900.4273,4960,1296,56031,306000000,1728000
1791128900.4774,4960,1296,55906,306000000,1728000
1791128900.5274,4960,1288,56250,306000000,1728000
1791128900.5775,4960,1288,56000,306000000,1728000
1791128900.6276,4960,1288,56156,306000000,1728000
1791128900.6777,4960,1280,55968,306000000,1728000
1791128900.7277,4960,1264,56000,306000000,1728000
1791128900.7778,4960,1296,55937,306000000,1728000
1791128900.8279,4960,1320,56031,306000000,1728000
1791128900.8780,4960,1336,55906,306000000,1728000
1791128900.9280,4960,1336,55937,306000000,1728000
1791128900.9781,4952,1352,55906,306000000,1728000
1791128901.0282,4960,1352,56000,306000000,1728000
1791128901.0783,4960,1344,56125,306000000,1728000
1791128901.1284,4952,1352,55937,306000000,729600
1791128901.1785,4960,1352,56062,306000000,1728000
1791128901.2285,4960,1336,55875,306000000,1728000
1791128901.2786,4960,1328,56031,306000000,1728000
1791128901.3287,4960,1336,55968,306000000,1728000
1791128901.3788,4960,1336,56031,306000000,1728000
1791128901.4289,4960,1328,55906,306000000,1728000
1791128901.4789,4960,1312,56031,306000000,1728000
1791128901.5290,4960,1328,56093,306000000,1190400
1791128901.5791,4960,1336,55937,306000000,1728000
1791128901.6292,4960,1328,56000,306000000,1728000
1791128901.6793,4960,1328,56000,306000000,1728000
1791128901.7294,4960,1336,56000,306000000,1728000
1791128901.7794,4960,1336,55937,306000000,1728000
1791128901.8295,4960,1320,56031,306000000,1728000
1791128901.8796,4960,1312,55875,306000000,1728000
1791128901.9297,4960,1320,56000,306000000,1728000
1791128901.9797,4960,1320,56093,306000000,1728000
1791128902.0298,4960,1320,55968,306000000,1728000
1791128902.0799,4960,1320,56031,306000000,1728000
1791128902.1300,4960,1328,55937,306000000,1728000
1791128902.1801,4952,1336,56031,306000000,1728000
1791128902.2302,4960,1328,56000,306000000,1728000
1791128902.2802,4960,1320,56031,306000000,1728000
1791128902.3303,4960,1328,55843,306000000,1728000
1791128902.3804,4960,1328,56031,306000000,1728000
1791128902.4305,4960,1320,56062,306000000,1728000
1791128902.4806,4960,1320,55937,306000000,1728000
1791128902.5306,4960,1328,56000,306000000,1728000
1791128902.5807,4960,1320,55937,306000000,1728000
1791128902.6308,4960,1328,56031,306000000,1190400
1791128902.6809,4952,1352,55875,306000000,1728000
1791128902.7310,4960,1336,56031,306000000,1728000
1791128902.7811,4960,1336,56031,306000000,1728000
1791128902.8311,4960,1344,56000,306000000,1728000
1791128902.8812,4960,1336,56156,306000000,1728000
1791128902.9313,4960,1352,55968,306000000,1728000
1791128902.9814,4960,1344,56125,306000000,1728000
1791128903.0314,4960,1336,55937,306000000,1728000
1791128903.0815,4960,1328,56031,306000000,1728000
1791128903.1316,4960,1336,55906,306000000,1728000
1791128903.1817,4960,1336,56031,306000000,1728000
1791128903.2318,4960,1344,56062,306000000,1728000
1791128903.2819,4952,1360,55968,306000000,1728000
1791128903.3320,4960,1352,56031,306000000,1728000
1791128903.3820,4960,1336,55937,306000000,1728000
1791128903.4321,4960,1344,56031,306000000,1728000
1791128903.4822,4960,1344,55968,306000000,1728000
1791128903.5323,4960,1336,56031,306000000,1728000
1791128903.5824,4960,1328,55906,306000000,1728000
1791128903.6324,4960,1320,56031,306000000,1728000
1791128903.6825,4960,1328,55875,306000000,1728000
1791128903.7326,4960,1328,55937,306000000,1728000
1791128903.7827,4960,1328,55906,306000000,1344000
1791128903.8328,4960,1336,56031,306000000,1728000
1791128903.8829,4960,1336,56031,306000000,1728000
1791128903.9329,4960,1336,55937,306000000,1728000
1791128903.9830,4960,1328,56031,306000000,1728000
1791128904.0331,4960,1328,55906,306000000,1728000
1791128904.0832,4960,1336,55937,306000000,1728000
1791128904.1333,4960,1328,55937,306000000,1728000
1791128904.1834,4960,1320,55968,306000000,1728000
1791128904.2335,4960,1320,55906,306000000,1728000
1791128904.2835,4960,1328,55906,306000000,1728000
1791128904.3336,4960,1336,56125,306000000,1497600
1791128904.3837,4952,1344,55937,306000000,1728000
1791128904.4338,4960,1352,56031,306000000,1728000
1791128904.4839,4960,1336,55875,306000000,1728000
1791128904.5340,4960,1328,56031,306000000,1728000
1791128904.5841,4960,1328,55937,306000000,1728000
1791128904.6342,4960,1328,55968,306000000,1728000
1791128904.6843,4960,1328,55812,306000000,1728000
1791128904.7343,4960,1328,55906,306000000,1728000
1791128904.7844,4960,1336,56093,306000000,1728000
1791128904.8345,4960,1328,55906,306000000,1728000
1791128904.8846,4960,1344,56031,306000000,1728000
1791128904.9347,4952,1360,55906,306000000,1728000
1791128904.9848,4960,1352,56062,306000000,1728000
1791128905.0349,4960,1336,55937,306000000,806400
1791128905.0850,4960,1344,55937,306000000,1728000
1791128905.1351,4960,1344,55906,306000000,1728000
1791128905.1852,4960,1336,55968,306000000,1728000
1791128905.2352,4960,1328,56125,306000000,1728000
1791128905.2853,4960,1336,56000,306000000,1728000
1791128905.3354,4960,1336,56031,306000000,1728000
1791128905.3855,4960,1328,55875,306000000,1728000
1791128905.4356,4960,1328,56031,306000000,1728000
1791128905.4857,4960,1352,55968,306000000,1344000
1791128905.5358,4960,1336,56000,306000000,1728000
1791128905.5859,4960,1344,55968,306000000,1728000
1791128905.6360,4960,1344,55968,306000000,1728000
1791128905.6861,4960,1336,55968,306000000,1728000
1791128905.7362,4960,1328,56000,306000000,1728000
1791128905.7862,4960,1336,56031,306000000,1728000
1791128905.8363,4960,1328,55875,306000000,1728000
1791128905.8864,4960,1328,56000,306000000,1728000
1791128905.9365,4960,1320,55906,306000000,1728000
1791128905.9866,4960,1320,56000,306000000,1113600
1791128906.0367,4960,1344,55875,306000000,1728000
1791128906.0868,4952,1352,55968,306000000,1728000
1791128906.1369,4952,1352,55906,306000000,1728000
1791128906.1870,4960,1344,56000,306000000,1728000
1791128906.2371,4960,1336,56031,306000000,1728000
1791128906.2872,4960,1344,56000,306000000,1728000
1791128906.3373,4960,1344,56000,306000000,1728000
1791128906.3874,4960,1328,55937,306000000,1728000
1791128906.4375,4960,1336,55906,306000000,1728000
1791128906.4875,4960,1336,55875,306000000,1728000
1791128906.5376,4960,1328,56031,306000000,1728000
1791128906.5877,4952,1352,55937,306000000,1728000
1791128906.6378,4952,1352,55937,306000000,1728000
1791128906.6879,4960,1344,56125,306000000,1728000
1791128906.7380,4960,1336,56000,306000000,1728000
1791128906.7881,4960,1320,55968,306000000,1728000
1791128906.8382,4960,1328,55906,306000000,1728000
1791128906.8883,4960,1320,56031,306000000,1728000
1791128906.9384,4960,1328,55906,306000000,1728000
1791128906.9884,4960,1320,56031,306000000,1728000
1791128907.0385,4960,1304,56000,306000000,1728000
1791128907.0886,4960,1312,55906,306000000,1728000
1791128907.1387,4960,1328,56125,306000000,1420800
1791128907.1888,4960,1328,55906,306000000,1728000
1791128907.2389,4960,1336,56125,306000000,1728000
1791128907.2890,4960,1336,55875,306000000,1728000
1791128907.3391,4960,1336,55968,306000000,729600
1791128907.3892,4960,1328,55906,306000000,1728000
1791128907.4393,4960,1320,55937,306000000,1728000
1791128907.4893,4960,1328,56000,306000000,1728000
1791128907.5394,4960,1336,55968,306000000,1728000
1791128907.5895,4960,1320,56062,306000000,1728000
1791128907.6396,4960,1312,55937,306000000,1728000
1791128907.6897,4960,1328,56031,306000000,1267200
1791128907.7398,4960,1344,55968,306000000,1728000
1791128907.7899,4960,1336,55968,306000000,1728000
1791128907.8400,4960,1320,55843,306000000,1728000
1791128907.8900,4960,1320,55937,306000000,1728000
1791128907.9401,4960,1328,55968,306000000,1728000
1791128907.9902,4960,1328,55968,306000000,1728000
1791128908.0403,4960,1320,55906,306000000,1728000
1791128908.0903,4960,1328,55937,306000000,1728000
1791128908.1404,4960,1328,56031,306000000,1728000
1791128908.1905,4960,1320,55968,306000000,1728000
1791128908.2406,4960,1328,56031,306000000,1728000
1791128908.2907,4952,1344,56000,306000000,1344000
1791128908.3408,4960,1336,55968,306000000,1728000
1791128908.3909,4960,1328,55968,306000000,1728000
1791128908.4409,4960,1328,56031,306000000,1728000
1791128908.4911,4952,1344,55906,306000000,1728000
1791128908.5411,4960,1328,56000,306000000,1728000
1791128908.5912,4960,1328,56031,306000000,1728000
1791128908.6413,4960,1336,56000,306000000,1728000
1791128908.6914,4960,1328,55968,306000000,1728000
1791128908.7415,4960,1320,55875,306000000,1728000
1791128908.7915,4960,1312,56000,306000000,1113600
1791128908.8416,4960,1320,55906,306000000,1728000
1791128908.8917,4960,1336,56000,306000000,1728000
1791128908.9418,4960,1336,55875,306000000,1728000
1791128908.9919,4960,1320,55906,306000000,1728000
1791128909.0420,4960,1320,56031,306000000,1728000
1791128909.0920,4960,1320,55968,306000000,1728000
1791128909.1421,4960,1328,56031,306000000,1728000
1791128909.1922,4960,1320,55906,306000000,1728000
1791128909.2423,4960,1320,55968,306000000,1728000
1791128909.2924,4960,1328,55843,306000000,1728000
1791128909.3424,4960,1328,55937,306000000,1728000
1791128909.3925,4960,1328,55906,306000000,1728000
1791128909.4426,4960,1336,56031,306000000,1728000
1791128909.4927,4960,1344,56093,306000000,1728000
1791128909.5428,4960,1336,55937,306000000,1728000
1791128909.5928,4960,1328,55937,306000000,1728000
1791128909.6429,4960,1320,55843,306000000,1728000
1791128909.6930,4960,1320,55937,306000000,1728000
1791128909.7431,4960,1328,55875,306000000,1728000
1791128909.7931,4960,1328,55968,306000000,1728000
1791128909.8432,4960,1320,55937,306000000,1728000
1791128909.8933,4960,1328,55968,306000000,1728000
1791128909.9434,4960,1336,56062,306000000,1728000
1791128909.9935,4960,1336,55937,306000000,1728000
1791128910.0436,4960,1336,56031,306000000,1728000
1791128910.0936,4960,1336,55906,306000000,1728000
1791128910.1437,4960,1328,56031,306000000,1728000
1791128910.1938,4960,1328,55937,306000000,1728000
1791128910.2439,4960,1320,56000,306000000,1728000
1791128910.2939,4960,1312,55812,306000000,1728000
1791128910.3440,4960,1304,55968,306000000,1728000
1791128910.3941,4960,1320,55875,306000000,1728000
1791128910.4442,4960,1320,56000,306000000,1728000
1791128910.4943,4960,1312,56031,306000000,1728000
1791128910.5444,4960,1312,56000,306000000,1728000
1791128910.5945,4960,1328,56000,306000000,1728000
1791128910.6446,4960,1328,55906,306000000,1728000
1791128910.6946,4960,1320,56031,306000000,1728000
1791128910.7447,4960,1312,55812,306000000,1728000
1791128910.7948,4960,1304,55968,306000000,1728000
1791128910.8449,4960,1320,55906,306000000,1728000
1791128910.8950,4960,1320,55812,306000000,1728000
1791128910.9450,4960,1312,56062,306000000,1728000
1791128910.9951,4960,1304,56000,306000000,1728000
1791128911.0452,4960,1320,56093,306000000,1728000
1791128911.0953,4960,1336,55875,306000000,1728000
1791128911.1454,4960,1328,55937,306000000,1728000
1791128911.1954,4960,1328,55843,306000000,1728000
1791128911.2455,4960,1328,56031,306000000,1728000
1791128911.2956,4960,1328,55843,306000000,1728000
1791128911.3457,4960,1328,55937,306000000,1728000
1791128911.3958,4960,1320,56031,306000000,1728000
1791128911.4458,4960,1320,55906,306000000,1728000
1791128911.4959,4960,1328,56031,306000000,1728000
1791128911.5460,4960,1320,56000,306000000,1728000
1791128911.5961,4960,1312,55968,306000000,1728000
1791128911.6462,4960,1328,55968,306000000,1728000
1791128911.6963,4960,1336,55937,306000000,1728000
1791128911.7463,4960,1336,55906,306000000,1728000
1791128911.7964,4960,1328,55906,306000000,1728000
1791128911.8465,4960,1328,56031,306000000,1728000
1791128911.8966,4960,1336,55906,306000000,729600
1791128911.9466,4960,1328,56031,306000000,1728000
1791128911.9967,4960,1336,55906,306000000,1728000
1791128912.0468,4960,1336,56000,306000000,1728000
1791128912.0969,4960,1328,55843,306000000,1728000
1791128912.1469,4960,1328,55937,306000000,1728000
1791128912.1970,4960,1344,55906,306000000,1728000
1791128912.2471,4960,1344,55875,306000000,1728000
1791128912.2972,4960,1336,55937,306000000,1728000
1791128912.3473,4960,1328,55906,306000000,1728000
1791128912.3974,4960,1336,55968,306000000,1728000
1791128912.4475,4960,1336,55906,306000000,1728000
1791128912.4975,4960,1336,56000,306000000,1728000
1791128912.5476,4960,1344,55937,306000000,1728000
1791128912.5977,4960,1336,56031,306000000,1728000
1791128912.6478,4960,1328,55906,306000000,1728000
1791128912.6979,4960,1320,56000,306000000,1728000
1791128912.7479,4960,1336,56000,306000000,1728000
1791128912.7980,4960,1344,55906,306000000,1728000
1791128912.8481,4960,1336,56031,306000000,1728000
1791128912.8982,4960,1328,55937,306000000,1728000
1791128912.9483,4960,1336,55968,306000000,1728000
1791128912.9984,4960,1336,55843,306000000,1728000
1791128913.0484,4960,1328,56000,306000000,1728000
1791128913.0985,4960,1328,55937,306000000,1728000
1791128913.1486,4960,1336,55968,306000000,1728000
1791128913.1986,4960,1328,56093,306000000,1728000
1791128913.2487,4960,1320,56000,306000000,1728000
1791128913.2988,4960,1320,55937,306000000,1267200
1791128913.3489,4960,1320,55937,306000000,1728000
1791128913.3990,4960,1336,56000,306000000,1728000
1791128913.4491,4960,1328,56000,306000000,1728000
1791128913.4991,4960,1320,56000,306000000,1728000
1791128913.5492,4960,1312,55906,306000000,1728000
1791128913.5993,4960,1304,55968,306000000,1728000
1791128913.6494,4960,1312,56031,306000000,1728000
1791128913.6994,4960,1320,55906,306000000,1728000
1791128913.7495,4960,1312,56031,306000000,1728000
1791128913.7996,4960,1304,55906,306000000,1728000
1791128913.8497,4960,1304,55968,306000000,1728000
1791128913.8998,4960,1320,55937,306000000,1728000
1791128913.9498,4960,1328,55906,306000000,1728000
1791128913.9999,4960,1320,55906,306000000,1728000
1791128914.0500,4960,1312,56031,306000000,1728000
1791128914.1001,4960,1304,56031,306000000,1728000
1791128914.1502,4960,1296,55906,306000000,1728000
1791128914.2002,4960,1304,56031,306000000,1728000
1791128914.2503,4960,1312,55812,306000000,1728000
1791128914.3004,4960,1304,56031,306000000,1728000
1791128914.3504,4960,1304,55937,306000000,1728000
1791128914.4005,4960,1312,55968,306000000,1728000
1791128914.4506,4960,1336,55843,306000000,1728000
1791128914.5007,4960,1328,55937,306000000,1728000
1791128914.5508,4960,1320,56062,306000000,1728000
1791128914.6009,4960,1328,55937,306000000,1728000
1791128914.6510,4960,1336,56062,306000000,1728000
1791128914.7011,4960,1320,55875,306000000,1728000
1791128914.7511,4960,1320,56031,306000000,1728000
1791128914.8012,4960,1328,55968,306000000,1728000
1791128914.8513,4960,1328,55968,306000000,1728000
1791128914.9014,4960,1328,55843,306000000,1728000
1791128914.9515,4960,1336,55937,306000000,1728000
1791128915.0016,4960,1344,55843,306000000,1190400
1791128915.0517,4960,1344,55843,306000000,1728000
1791128915.1017,4960,1352,56093,306000000,1728000
1791128915.1518,4960,1344,55937,306000000,1728000
1791128915.2019,4960,1336,55968,306000000,1728000
1791128915.2520,4960,1328,55875,306000000,1728000
1791128915.3021,4960,1336,56031,306000000,1728000
1791128915.3521,4960,1336,55906,306000000,1728000
1791128915.4022,4960,1328,56031,306000000,1728000
1791128915.4523,4960,1336,55875,306000000,1728000
1791128915.5024,4960,1336,55937,306000000,1728000
1791128915.5525,4960,1336,56093,306000000,1728000
1791128915.6026,4952,1360,56031,306000000,1728000
1791128915.6527,4952,1352,56031,306000000,1728000
1791128915.7028,4960,1336,55906,306000000,1728000
1791128915.7528,4960,1344,56031,306000000,1728000
1791128915.8029,4952,1344,55906,306000000,1728000
1791128915.8530,4960,1336,55968,306000000,1728000
1791128915.9031,4960,1320,56000,306000000,1728000
1791128915.9532,4960,1328,56000,306000000,1728000
1791128916.0032,4960,1328,56000,306000000,1728000
1791128916.0533,4960,1328,55906,306000000,1728000
1791128916.1034,4952,1336,56062,306000000,1728000
1791128916.1535,4952,1352,55937,306000000,1728000
1791128916.2036,4952,1344,56000,306000000,1728000
1791128916.2537,4952,1336,55937,306000000,1728000
1791128916.3038,4952,1344,55937,306000000,1728000
1791128916.3538,4960,1336,55968,306000000,1728000
1791128916.4039,4960,1328,55968,306000000,1728000
1791128916.4540,4960,1320,56093,306000000,1728000
1791128916.5041,4960,1320,55968,306000000,1728000
1791128916.5542,4960,1328,56000,306000000,1728000
1791128916.6042,4960,1328,55937,306000000,1728000
1791128916.6543,4960,1328,55937,306000000,1728000
1791128916.7044,4952,1352,55875,306000000,729600
1791128916.7545,4960,1344,55968,306000000,1728000
1791128916.8046,4960,1336,55906,306000000,1728000
1791128916.8547,4960,1320,55906,306000000,1728000
1791128916.9047,4960,1328,56031,306000000,1728000
1791128916.9548,4960,1336,56000,306000000,1728000
1791128917.0049,4960,1328,56031,306000000,1728000
1791128917.0550,4960,1336,56000,306000000,1728000
1791128917.1050,4960,1336,55968,306000000,1728000
1791128917.1551,4960,1320,55906,306000000,1728000
1791128917.2052,4960,1328,56031,306000000,1728000
1791128917.2553,4952,1344,55812,306000000,1728000
1791128917.3054,4952,1336,55906,306000000,1728000
1791128917.3555,4960,1328,56125,306000000,1728000
1791128917.4056,4960,1328,55906,306000000,1728000
1791128917.4556,4960,1328,56093,306000000,1728000
1791128917.5057,4960,1336,55968,306000000,1728000
1791128917.5558,4960,1328,56031,306000000,1728000
1791128917.6059,4960,1320,55906,306000000,1728000
1791128917.6560,4960,1328,56031,306000000,1728000
1791128917.7061,4960,1328,55875,306000000,1728000
1791128917.7562,4960,1320,56031,306000000,1728000
1791128917.8062,4960,1320,56062,306000000,1728000
1791128917.8563,4960,1328,55875,306000000,1728000
1791128917.9064,4960,1336,56031,306000000,1728000
1791128917.9565,4960,1328,55875,306000000,1728000
1791128918.0066,4960,1320,56000,306000000,1728000
1791128918.0567,4960,1312,55906,306000000,1728000
1791128918.1067,4960,1320,56031,306000000,1728000
1791128918.1568,4960,1328,55937,306000000,1728000
1791128918.2069,4960,1320,55937,306000000,1728000
1791128918.2570,4960,1320,56031,306000000,1728000
1791128918.3071,4960,1328,55875,306000000,1728000
1791128918.3572,4960,1328,56062,306000000,1728000
1791128918.4072,4960,1328,55906,306000000,1728000
1791128918.4573,4960,1328,55968,306000000,1728000
1791128918.5074,4960,1336,55875,306000000,1728000
1791128918.5575,4960,1336,56000,306000000,1728000
1791128918.6076,4960,1320,55968,306000000,1728000
1791128918.6577,4960,1328,55937,306000000,1728000
1791128918.7077,4960,1336,56031,306000000,1728000
1791128918.7578,4960,1320,55906,306000000,1728000
1791128918.8079,4960,1312,56031,306000000,1728000
1791128918.8580,4960,1328,55937,306000000,1728000
1791128918.9081,4960,1328,56000,306000000,1728000
1791128918.9582,4960,1336,55906,306000000,1728000
1791128919.0082,4960,1328,56031,306000000,1728000
1791128919.0583,4960,1328,55843,306000000,1728000
1791128919.1084,4960,1336,56000,306000000,1728000
1791128919.1585,4960,1320,55906,306000000,1728000
1791128919.2085,4960,1320,56000,306000000,1728000
1791128919.2586,4960,1320,56031,306000000,1728000
1791128919.3087,4960,1328,55937,306000000,1728000
1791128919.3588,4960,1312,56031,306000000,1728000
1791128919.4089,4960,1320,55906,306000000,1728000
1791128919.4590,4960,1328,56000,306000000,1728000
1791128919.5091,4960,1336,55968,306000000,729600
1791128919.5591,4960,1344,55937,306000000,1728000
1791128919.6092,4960,1344,56000,306000000,1728000
1791128919.6593,4960,1336,55937,306000000,1728000
1791128919.7094,4960,1336,56062,306000000,1728000
1791128919.7595,4960,1328,55843,306000000,1728000
1791128919.8096,4960,1336,56031,306000000,1728000
1791128919.8597,4960,1320,55968,306000000,1728000
1791128919.9097,4960,1320,56031,306000000,1728000
1791128919.9598,4960,1320,55906,306000000,1728000
1791128920.0099,4960,1328,55937,306000000,1728000
1791128920.0600,4960,1328,55937,306000000,1728000
1791128920.1101,4960,1336,56000,306000000,1728000
1791128920.1601,4960,1328,56031,306000000,1728000
1791128920.2102,4960,1336,55937,306000000,1728000
1791128920.2603,4960,1320,56031,306000000,1728000
1791128920.3104,4960,1320,55937,306000000,1728000
1791128920.3605,4960,1328,55968,306000000,1728000
1791128920.4105,4960,1328,55843,306000000,1728000
1791128920.4606,4960,1328,56000,306000000,1728000
1791128920.5107,4960,1320,55906,306000000,1728000
1791128920.5608,4960,1328,56000,306000000,1728000
1791128920.6109,4960,1336,56031,306000000,1267200
1791128920.6610,4960,1336,55968,306000000,1728000
1791128920.7111,4960,1336,56031,306000000,1728000
1791128920.7612,4960,1336,55843,306000000,1728000
1791128920.8112,4960,1328,56000,306000000,1728000
1791128920.8613,4960,1320,55906,306000000,1728000
1791128920.9114,4960,1312,55968,306000000,1728000
1791128920.9615,4960,1312,55875,306000000,1728000
1791128921.0116,4960,1320,56000,306000000,1728000
1791128921.0616,4960,1320,55937,306000000,1728000
1791128921.1117,4960,1312,55906,306000000,1728000
1791128921.1618,4960,1336,56031,306000000,1728000
1791128921.2119,4952,1344,55843,306000000,1728000
1791128921.2620,4960,1328,55968,306000000,1728000
1791128921.3121,4960,1336,55906,306000000,1728000
1791128921.3621,4960,1336,55875,306000000,1728000
1791128921.4122,4960,1328,55937,306000000,1728000
1791128921.4623,4960,1336,55937,306000000,1728000
1791128921.5124,4960,1336,56062,306000000,1728000
1791128921.5625,4960,1328,55937,306000000,1728000
1791128921.6126,4960,1336,56031,306000000,1728000
1791128921.6627,4960,1336,55906,306000000,1728000
1791128921.7128,4960,1336,56031,306000000,1728000
1791128921.7629,4952,1352,55906,306000000,1728000
1791128921.8129,4952,1352,55968,306000000,1728000
1791128921.8631,4960,1336,55937,306000000,1728000
1791128921.9131,4960,1328,55968,306000000,1728000
1791128921.9632,4960,1328,56093,306000000,1728000
1791128922.0133,4960,1336,55937,306000000,1728000
1791128922.0634,4960,1328,56031,306000000,1728000
1791128922.1135,4960,1320,55875,306000000,1728000
1791128922.1636,4960,1328,56093,306000000,1728000
1791128922.2136,4960,1328,55937,306000000,1728000
1791128922.2637,4960,1320,55968,306000000,1728000
1791128922.3138,4960,1328,55843,306000000,1728000
1791128922.3639,4960,1344,56000,306000000,1728000
1791128922.4140,4960,1336,56156,306000000,1728000
1791128922.4640,4960,1328,56000,306000000,1728000
1791128922.5141,4960,1320,56031,306000000,1728000
1791128922.5642,4960,1312,55937,306000000,1728000
1791128922.6143,4960,1320,56093,306000000,1728000
1791128922.6644,4960,1328,55875,306000000,1728000
1791128922.7145,4960,1320,56062,306000000,1728000
1791128922.7646,4960,1312,55906,306000000,1728000
1791128922.8146,4960,1320,56031,306000000,1728000
1791128922.8647,4960,1336,55937,306000000,1728000
1791128922.9148,4960,1328,55906,306000000,1728000
1791128922.9649,4960,1320,56031,306000000,1728000
1791128923.0150,4960,1320,55875,306000000,1728000
1791128923.0651,4960,1328,56062,306000000,1728000
1791128923.1151,4960,1328,55906,306000000,1728000
1791128923.1652,4960,1320,56031,306000000,1728000
1791128923.2153,4960,1328,55906,306000000,1728000
1791128923.2654,4960,1328,55968,306000000,1728000
1791128923.3155,4960,1320,55843,306000000,729600
1791128923.3655,4960,1312,55937,306000000,1728000
1791128923.4156,4960,1328,56000,306000000,1728000
1791128923.4657,4960,1336,55906,306000000,1728000
1791128923.5158,4960,1336,56062,306000000,1728000
1791128923.5659,4960,1320,55906,306000000,1728000
1791128923.6160,4960,1312,55937,306000000,1728000
1791128923.6661,4960,1320,55875,306000000,1728000
1791128923.7161,4960,1320,55968,306000000,1728000
1791128923.7662,4960,1320,55843,306000000,1728000
1791128923.8163,4960,1312,55875,306000000,1728000
1791128923.8664,4960,1304,56031,306000000,1728000
1791128923.9164,4960,1304,55875,306000000,1728000
1791128923.9665,4960,1328,56031,306000000,1113600
1791128924.0166,4960,1328,55875,306000000,1728000
1791128924.0667,4960,1328,56000,306000000,1728000
1791128924.1168,4960,1336,56000,306000000,1728000
1791128924.1669,4960,1328,55968,306000000,1728000
1791128924.2169,4960,1320,55843,306000000,1728000
1791128924.2670,4960,1320,55937,306000000,1728000
1791128924.3171,4960,1328,56031,306000000,1728000
1791128924.3672,4960,1320,55937,306000000,1728000
1791128924.4172,4960,1312,56125,306000000,1728000
1791128924.4673,4960,1304,55843,306000000,1728000
1791128924.5174,4960,1320,56000,306000000,1728000
1791128924.5675,4960,1336,55906,306000000,1728000
1791128924.6176,4960,1328,55875,306000000,1728000
1791128924.6677,4960,1328,55906,306000000,1728000
1791128924.7178,4960,1344,55906,306000000,1728000
1791128924.7678,4960,1328,56125,306000000,1728000
1791128924.8179,4960,1320,55968,306000000,1728000
1791128924.8680,4960,1320,56031,306000000,1728000
1791128924.9181,4960,1320,55875,306000000,1728000
1791128924.9682,4960,1328,56000,306000000,1728000
1791128925.0182,4960,1320,55875,306000000,1728000
1791128925.0683,4960,1328,55968,306000000,1728000
1791128925.1184,4952,1344,55906,306000000,1728000
1791128925.1685,4960,1336,55906,306000000,1728000
1791128925.2186,4960,1328,56031,306000000,1728000
1791128925.2686,4960,1336,55843,306000000,1728000
1791128925.3187,4960,1336,56031,306000000,1728000
1791128925.3688,4960,1328,55906,306000000,1728000
1791128925.4189,4960,1320,55968,306000000,1728000
1791128925.4690,4960,1336,55937,306000000,1728000
1791128925.5190,4960,1328,55937,306000000,1728000
1791128925.5691,4960,1320,55781,306000000,1728000
1791128925.6192,4960,1328,56031,306000000,1113600
1791128925.6693,4952,1344,56031,306000000,1728000
1791128925.7194,4960,1336,55812,306000000,1728000
1791128925.7695,4960,1320,56031,306000000,1728000
1791128925.8196,4960,1336,55968,306000000,1728000
1791128925.8696,4960,1336,56000,306000000,1728000
1791128925.9197,4960,1328,55812,306000000,1728000
1791128925.9698,4960,1320,55843,306000000,1728000
1791128926.0199,4960,1328,55843,306000000,1728000
1791128926.0700,4960,1328,55875,306000000,1728000
1791128926.1200,4960,1320,56031,306000000,1728000
1791128926.1701,4960,1312,55937,306000000,1728000
1791128926.2202,4960,1328,56093,306000000,1728000
1791128926.2703,4960,1336,55906,306000000,1728000
1791128926.3204,4960,1328,56031,306000000,1728000
1791128926.3705,4960,1328,55937,306000000,1728000
1791128926.4205,4960,1336,55937,306000000,1728000
1791128926.4706,4960,1328,55875,306000000,1728000
1791128926.5207,4960,1320,56000,306000000,1728000
1791128926.5708,4960,1320,56062,306000000,1728000
1791128926.6209,4960,1328,55906,306000000,1728000
1791128926.6709,4960,1320,56062,306000000,1728000
1791128926.7210,4960,1312,55875,306000000,1728000
1791128926.7711,4960,1328,55968,306000000,1190400
1791128926.8212,4960,1336,55906,306000000,1728000
1791128926.8712,4960,1336,55906,306000000,1728000
1791128926.9213,4960,1328,55843,306000000,1728000
1791128926.9714,4960,1336,55968,306000000,1728000
1791128927.0215,4960,1336,55781,306000000,1728000
1791128927.0716,4960,1328,55937,306000000,1728000
1791128927.1216,4960,1312,56062,306000000,1728000
1791128927.1717,4960,1320,55875,306000000,1728000
1791128927.2218,4960,1328,56093,306000000,1728000
1791128927.2719,4960,1320,55812,306000000,1728000
1791128927.3220,4960,1328,55937,306000000,1728000
1791128927.3721,4952,1344,55937,306000000,1728000
1791128927.4221,4960,1336,55812,306000000,1728000
1791128927.4722,4960,1336,55906,306000000,1728000
1791128927.5223,4960,1344,55875,306000000,1728000
1791128927.5724,4960,1336,56031,306000000,1728000
1791128927.6225,4960,1328,55843,306000000,1728000
1791128927.6726,4960,1336,56062,306000000,1728000
1791128927.7226,4960,1336,55937,306000000,1728000
1791128927.7727,4960,1336,55937,306000000,1728000
1791128927.8228,4952,1344,55875,306000000,1728000
1791128927.8729,4960,1336,55843,306000000,1728000
1791128927.9230,4952,1336,55968,306000000,1728000
1791128927.9731,4960,1336,55843,306000000,1728000
1791128928.0232,4960,1344,56062,306000000,1728000
1791128928.0732,4960,1336,55968,306000000,1728000
1791128928.1233,4960,1328,56031,306000000,1728000
1791128928.1734,4960,1344,55843,306000000,1728000
1791128928.2235,4960,1336,56000,306000000,1728000
1791128928.2735,4960,1328,55843,306000000,1728000
1791128928.3236,4960,1320,55937,306000000,1728000
1791128928.3737,4960,1328,55781,306000000,1728000
1791128928.4238,4960,1336,55906,306000000,1728000
1791128928.4739,4960,1336,56062,306000000,1728000
1791128928.5240,4960,1328,55812,306000000,1728000
1791128928.5740,4960,1336,56031,306000000,1728000
1791128928.6241,4960,1336,55968,306000000,1728000
1791128928.6742,4960,1328,56000,306000000,1728000
1791128928.7243,4960,1328,55875,306000000,1728000
1791128928.7744,4960,1336,56000,306000000,1728000
1791128928.8245,4960,1328,55812,306000000,1728000
1791128928.8745,4960,1320,55843,306000000,1728000
1791128928.9246,4960,1312,56031,306000000,1728000
1791128928.9747,4960,1320,55812,306000000,1728000
1791128929.0248,4960,1336,56031,306000000,1728000
1791128929.0749,4960,1328,55937,306000000,1728000
1791128929.1249,4960,1336,56031,306000000,1728000
1791128929.1750,4960,1336,55906,306000000,1728000
1791128929.2251,4960,1328,55968,306000000,1728000
1791128929.2752,4960,1320,55750,306000000,806400
1791128929.3253,4960,1336,55843,306000000,1728000
1791128929.3754,4960,1328,56031,306000000,1728000
1791128929.4255,4960,1328,55937,306000000,1728000
1791128929.4755,4952,1344,56031,306000000,1728000
1791128929.5256,4960,1328,55812,306000000,1728000
1791128929.5757,4952,1352,55968,306000000,1728000
1791128929.6258,4952,1360,55937,306000000,1728000
1791128929.6759,4952,1360,55843,306000000,1728000
1791128929.7260,4952,1360,55843,306000000,1728000
1791128929.7761,4952,1352,56000,306000000,1728000
1791128929.8262,4952,1344,55843,306000000,1728000
1791128929.8763,4960,1344,55812,306000000,1728000
1791128929.9264,4952,1336,56031,306000000,1728000
1791128929.9765,4960,1336,55875,306000000,1728000
1791128930.0266,4960,1328,56031,306000000,1728000
1791128930.0767,4960,1320,55875,306000000,1728000
1791128930.1267,4952,1344,56031,306000000,1420800
1791128930.1768,4952,1344,55843,306000000,1728000
1791128930.2269,4960,1344,55906,306000000,1728000
1791128930.2770,4952,1352,55843,306000000,1728000
1791128930.3271,4960,1344,55812,306000000,1728000
1791128930.3772,4952,1344,56031,306000000,1728000
1791128930.4273,4960,1336,55906,306000000,1728000
1791128930.4774,4960,1336,56031,306000000,1728000
1791128930.5274,4960,1328,55875,306000000,1728000
1791128930.5775,4960,1328,56000,306000000,1728000
1791128930.6276,4960,1336,55843,306000000,1728000
1791128930.6777,4960,1336,55875,306000000,1728000
1791128930.7278,4952,1368,55906,306000000,1728000
1791128930.7779,4952,1360,55906,306000000,1728000
1791128930.8280,4952,1368,56062,306000000,1728000
1791128930.8781,4952,1360,55875,306000000,1728000
1791128930.9282,4952,1360,56031,306000000,1728000
1791128930.9783,4952,1360,55937,306000000,1728000
1791128931.0284,4952,1352,56031,306000000,1728000
1791128931.0785,4960,1344,55812,306000000,1728000
1791128931.1286,4952,1352,56031,306000000,729600
1791128931.1787,4952,1352,55968,306000000,1728000
1791128931.2287,4952,1344,55906,306000000,1728000
1791128931.2788,4952,1376,56156,306000000,1497600
1791128931.3289,4952,1360,55812,306000000,1728000
1791128931.3791,4952,1360,56031,306000000,1728000
1791128931.4291,4952,1360,55937,306000000,1728000
1791128931.4792,4952,1352,56000,306000000,1728000
1791128931.5293,4952,1344,55843,306000000,1728000
1791128931.5794,4952,1344,55875,306000000,1728000
1791128931.6295,4960,1336,55906,306000000,1728000
1791128931.6796,4952,1344,55906,306000000,1728000
1791128931.7297,4960,1328,56031,306000000,1728000
1791128931.7798,4960,1320,55906,306000000,1728000
1791128931.8299,4952,1352,55968,306000000,1728000
1791128931.8800,4952,1352,55875,306000000,1728000
1791128931.9300,4952,1344,56031,306000000,1728000
1791128931.9801,4952,1360,55812,306000000,1728000
1791128932.0302,4952,1344,55937,306000000,1728000
1791128932.0803,4952,1352,55812,306000000,1728000
1791128932.1304,4952,1344,55875,306000000,1728000
1791128932.1805,4960,1344,55906,306000000,1728000
1791128932.2306,4960,1344,55906,306000000,1728000
1791128932.2807,4952,1352,56031,306000000,1728000
1791128932.3308,4960,1344,55812,306000000,1728000
1791128932.3809,4952,1360,56031,306000000,1497600
1791128932.4310,4952,1368,55968,306000000,1728000
1791128932.4811,4952,1368,55968,306000000,1728000
1791128932.5312,4952,1376,55843,306000000,1728000
1791128932.5813,4952,1360,55968,306000000,1728000
1791128932.6314,4952,1352,55875,306000000,1728000
1791128932.6815,4952,1352,55812,306000000,1728000
1791128932.7316,4952,1352,56031,306000000,1728000
1791128932.7816,4960,1344,55875,306000000,1728000
1791128932.8317,4960,1336,55937,306000000,1728000
1791128932.8818,4960,1336,55843,306000000,1728000
1791128932.9319,4952,1352,56000,306000000,1728000
1791128932.9820,4952,1352,55843,306000000,1728000
1791128933.0321,4952,1352,55906,306000000,1728000
1791128933.0822,4952,1352,55843,306000000,1728000
1791128933.1323,4960,1344,55875,306000000,1728000
1791128933.1823,4960,1336,56031,306000000,1728000
1791128933.2324,4960,1344,55906,306000000,1728000
1791128933.2825,4960,1336,55906,306000000,1728000
1791128933.3326,4960,1328,55875,306000000,1728000
1791128933.3827,4960,1320,55875,306000000,1728000
1791128933.4328,4960,1320,55812,306000000,1728000
1791128933.4828,4960,1336,55875,306000000,1267200
1791128933.5329,4952,1344,55843,306000000,1728000
1791128933.5831,4952,1344,55968,306000000,1728000
1791128933.6332,4952,1352,56031,306000000,1728000
1791128933.6833,4952,1344,55937,306000000,1728000
1791128933.7333,4952,1344,56031,306000000,1728000
1791128933.7834,4952,1344,55875,306000000,1728000
1791128933.8335,4952,1336,55906,306000000,1728000
1791128933.8836,4960,1328,55843,306000000,729600
1791128933.9337,4960,1328,55968,306000000,1728000
1791128933.9838,4960,1336,55875,306000000,1728000
1791128934.0339,4960,1328,55843,306000000,1728000
1791128934.0840,4952,1360,56093,306000000,1728000
1791128934.1341,4952,1360,55875,306000000,1728000
1791128934.1842,4952,1360,56031,306000000,1728000
1791128934.2343,4952,1352,55906,306000000,1728000
1791128934.2844,4952,1352,56031,306000000,1728000
1791128934.3345,4960,1344,55812,306000000,1728000
1791128934.3846,4960,1336,55906,306000000,1728000
1791128934.4347,4960,1344,55750,306000000,1728000
1791128934.4847,4960,1344,55937,306000000,1728000
1791128934.5348,4960,1336,55875,306000000,1728000
1791128934.5849,4960,1336,55906,306000000,1728000
1791128934.6350,4952,1360,56031,306000000,1728000
1791128934.6851,4952,1360,55843,306000000,1728000
1791128934.7352,4952,1360,56000,306000000,1728000
1791128934.7853,4952,1352,55843,306000000,1728000
1791128934.8354,4952,1352,55968,306000000,1728000
1791128934.8855,4952,1352,55875,306000000,1728000
1791128934.9356,4960,1344,55875,306000000,1728000
1791128934.9857,4960,1336,55843,306000000,1728000
1791128935.0358,4960,1336,55875,306000000,1728000
1791128935.0859,4960,1336,56093,306000000,1728000
1791128935.1359,4960,1336,55937,306000000,1728000
1791128935.1860,4960,1344,56031,306000000,1728000
1791128935.2361,4952,1360,55843,306000000,1728000
1791128935.2862,4960,1344,55937,306000000,1728000
1791128935.3363,4952,1352,55875,306000000,1728000
1791128935.3864,4960,1344,55937,306000000,1728000
1791128935.4365,4960,1344,55781,306000000,1728000
1791128935.4866,4960,1336,55812,306000000,1728000
1791128935.5367,4960,1344,56062,306000000,1728000
1791128935.5868,4960,1344,55812,306000000,1728000
1791128935.6369,4960,1336,56031,306000000,1728000
1791128935.6870,4960,1344,55906,306000000,1728000
1791128935.7371,4960,1344,55906,306000000,1728000
1791128935.7872,4952,1360,55812,306000000,1728000
1791128935.8373,4952,1360,55937,306000000,1728000
1791128935.8873,4952,1352,55781,306000000,1728000
1791128935.9374,4960,1344,55937,306000000,1728000
1791128935.9875,4960,1344,56031,306000000,1728000
1791128936.0376,4952,1344,55968,306000000,1728000
1791128936.0877,4960,1336,56000,306000000,1728000
1791128936.1378,4952,1352,55843,306000000,1728000
1791128936.1879,4960,1344,55968,306000000,1728000
1791128936.2380,4960,1336,55781,306000000,1728000
1791128936.2881,4960,1344,55906,306000000,1728000
1791128936.3382,4952,1360,55875,306000000,1728000
1791128936.3883,4952,1360,55875,306000000,1728000
1791128936.4384,4952,1360,56000,306000000,1728000
1791128936.4885,4952,1352,55843,306000000,1728000
1791128936.5386,4952,1352,56031,306000000,1728000
1791128936.5886,4952,1352,55875,306000000,1728000
1791128936.6387,4960,1344,56031,306000000,1728000
1791128936.6888,4960,1336,55812,306000000,1728000
1791128936.7389,4960,1336,56000,306000000,1728000
1791128936.7890,4960,1344,55937,306000000,1728000
1791128936.8391,4960,1336,55937,306000000,1113600
1791128936.8892,4952,1368,55812,306000000,1728000
1791128936.9393,4952,1360,55937,306000000,1728000
1791128936.9894,4952,1360,56031,306000000,1728000
1791128937.0394,4952,1352,55937,306000000,1728000
1791128937.0895,4960,1352,56031,306000000,1728000
1791128937.1396,4960,1336,55781,306000000,1728000
1791128937.1897,4960,1344,55906,306000000,1728000
1791128937.2397,4960,1344,55843,306000000,1728000
1791128937.2898,4960,1336,55875,306000000,1728000
1791128937.3399,4960,1344,55812,306000000,1728000
1791128937.3900,4960,1344,55968,306000000,1728000
1791128937.4401,4960,1344,56000,306000000,1728000
1791128937.4902,4952,1368,55812,306000000,1728000
1791128937.5402,4952,1352,56031,306000000,1728000
1791128937.5903,4952,1352,55843,306000000,1728000
1791128937.6404,4952,1360,55937,306000000,1728000
1791128937.6905,4952,1344,55781,306000000,1728000
1791128937.7406,4952,1344,55968,306000000,1728000
1791128937.7907,4952,1352,55843,306000000,1728000
1791128937.8408,4960,1344,55937,306000000,1728000
1791128937.8909,4960,1336,55968,306000000,1728000
1791128937.9410,4960,1344,55812,306000000,1728000
1791128937.9911,4952,1352,56031,306000000,1420800
1791128938.0412,4952,1368,55781,306000000,1728000
1791128938.0912,4952,1360,56062,306000000,1728000
1791128938.1413,4952,1352,55812,306000000,1728000
1791128938.1914,4952,1360,55937,306000000,1728000
1791128938.2415,4952,1352,55781,306000000,1728000
1791128938.2916,4952,1352,55906,306000000,1728000
1791128938.3417,4952,1360,56031,306000000,1728000
1791128938.3918,4952,1352,55906,306000000,1728000
1791128938.4419,4952,1352,56031,306000000,1728000
1791128938.4920,4952,1352,55937,306000000,1728000
1791128938.5421,4952,1344,55906,306000000,1728000
1791128938.5922,4952,1376,55781,306000000,1728000
1791128938.6423,4952,1368,55843,306000000,1728000
1791128938.6924,4952,1352,55812,306000000,1728000
1791128938.7424,4952,1352,55937,306000000,1728000
1791128938.7925,4960,1344,56000,306000000,1728000
1791128938.8426,4960,1344,55843,306000000,1728000
1791128938.8927,4960,1336,56000,306000000,1728000
1791128938.9428,4960,1336,55906,306000000,1728000
1791128938.9929,4960,1336,55968,306000000,1728000
1791128939.0430,4960,1336,55875,306000000,1728000
1791128939.0931,4960,1336,55968,306000000,1190400
1791128939.1432,4952,1360,55843,306000000,1420800
1791128939.1933,4952,1352,55968,306000000,1728000
1791128939.2433,4952,1352,55937,306000000,1728000
1791128939.2934,4952,1360,55843,306000000,1728000
1791128939.3435,4960,1344,56031,306000000,1728000
1791128939.3936,4960,1344,55843,306000000,1728000
1791128939.4437,4960,1336,56000,306000000,1728000
1791128939.4937,4960,1336,55937,306000000,1728000
1791128939.5438,4960,1336,55906,306000000,1728000
1791128939.5939,4960,1320,55906,306000000,1728000
1791128939.6440,4960,1328,55937,306000000,1728000
1791128939.6941,4952,1352,56062,306000000,1728000
1791128939.7442,4960,1344,55875,306000000,1728000
1791128939.7942,4952,1352,56062,306000000,1728000
1791128939.8443,4952,1352,55906,306000000,1728000
1791128939.8944,4960,1344,56031,306000000,1728000
1791128939.9445,4952,1352,55875,306000000,1728000
1791128939.9946,4960,1344,55937,306000000,1728000
1791128940.0447,4960,1336,55781,306000000,1728000
1791128940.0948,4960,1328,55968,306000000,1728000
1791128940.1448,4960,1336,55718,306000000,1728000
1791128940.1949,4960,1336,55875,306000000,1728000
1791128940.2450,4952,1344,56000,306000000,1728000
1791128940.2951,4952,1352,55937,306000000,1728000
1791128940.3452,4952,1352,56062,306000000,1728000
1791128940.3953,4960,1344,55843,306000000,1728000
1791128940.4454,4960,1336,55875,306000000,1728000
1791128940.4954,4960,1344,55843,306000000,1728000
1791128940.5455,4960,1336,55843,306000000,1728000
1791128940.5956,4960,1344,55750,306000000,1728000
1791128940.6457,4952,1344,55906,306000000,1728000
1791128940.6958,4960,1336,56031,306000000,1728000
1791128940.7459,4960,1336,55812,306000000,1728000
1791128940.7960,4952,1352,56031,306000000,1728000
1791128940.8461,4952,1352,55812,306000000,1728000
1791128940.8961,4952,1360,55937,306000000,1728000
1791128940.9462,4952,1352,55781,306000000,1728000
1791128940.9963,4952,1344,55937,306000000,1728000
1791128941.0464,4960,1336,55812,306000000,1728000
1791128941.0965,4960,1336,55906,306000000,1728000
1791128941.1466,4952,1344,56031,306000000,1728000
1791128941.1967,4960,1336,55812,306000000,1728000
1791128941.2468,4960,1336,55937,306000000,1728000
1791128941.2968,4952,1336,55906,306000000,1728000
1791128941.3469,4960,1336,55937,306000000,1728000
1791128941.3970,4952,1360,55750,306000000,1728000
1791128941.4471,4952,1360,55937,306000000,1728000
1791128941.4972,4952,1344,55781,306000000,1728000
1791128941.5473,4952,1344,55906,306000000,1728000
1791128941.5974,4952,1352,56093,306000000,1728000
1791128941.6474,4960,1344,55875,306000000,1728000
1791128941.6975,4952,1344,55906,306000000,1728000
1791128941.7476,4952,1344,55843,306000000,1728000
1791128941.7977,4960,1336,55906,306000000,1728000
1791128941.8478,4960,1336,55781,306000000,1728000
1791128941.8979,4960,1336,55875,306000000,1728000
1791128941.9480,4952,1352,55812,306000000,1728000
1791128941.9980,4952,1360,55906,306000000,1728000
1791128942.0481,4952,1360,56000,306000000,1728000
1791128942.0982,4952,1352,55937,306000000,1728000
1791128942.1483,4960,1352,56031,306000000,1728000
1791128942.1984,4960,1352,55812,306000000,1728000
1791128942.2485,4960,1344,56000,306000000,1728000
1791128942.2986,4960,1336,55843,306000000,1728000
1791128942.3486,4960,1336,55843,306000000,1728000
1791128942.3987,4960,1336,55750,306000000,1728000
1791128942.4488,4960,1336,55875,306000000,1728000
1791128942.4989,4960,1352,55968,306000000,1190400
1791128942.5490,4952,1360,55843,306000000,1728000
1791128942.5991,4960,1352,56031,306000000,1728000
1791128942.6492,4960,1344,55812,306000000,1728000
1791128942.6993,4960,1344,55906,306000000,1728000
1791128942.7493,4960,1344,55843,306000000,1728000
1791128942.7994,4960,1336,56000,306000000,1728000
1791128942.8495,4952,1352,55812,306000000,1728000
1791128942.8996,4960,1344,55875,306000000,1728000
1791128942.9497,4952,1344,55781,306000000,1728000
1791128942.9998,4952,1352,55843,306000000,1728000
1791128943.0499,4952,1360,56031,306000000,1728000
1791128943.0999,4952,1376,55781,306000000,1728000
1791128943.1500,4952,1368,55937,306000000,1728000
1791128943.2001,4952,1368,55843,306000000,1728000
1791128943.2502,4952,1360,55968,306000000,1728000
1791128943.3003,4952,1352,55875,306000000,1728000
1791128943.3504,4960,1352,55875,306000000,1728000
1791128943.4004,4960,1344,55843,306000000,1728000
1791128943.4505,4960,1336,55812,306000000,1728000
1791128943.5006,4960,1336,55968,306000000,1728000
1791128943.5507,4960,1320,55906,306000000,1728000
1791128943.6008,4960,1336,56031,306000000,1728000
1791128943.6508,4952,1352,55781,306000000,806400
1791128943.7009,4960,1344,55906,306000000,1728000
1791128943.7510,4960,1344,55906,306000000,1728000
1791128943.8011,4960,1336,55843,306000000,1728000
1791128943.8512,4960,1336,55812,306000000,1728000
1791128943.9013,4960,1328,55843,306000000,1728000
1791128943.9514,4960,1336,56031,306000000,1728000
1791128944.0014,4960,1336,55843,306000000,1728000
1791128944.0515,4960,1328,56000,306000000,1728000
1791128944.1016,4960,1320,55875,306000000,1728000
1791128944.1517,4960,1328,55906,306000000,1190400
1791128944.2018,4952,1344,55843,306000000,1728000
1791128944.2519,4952,1352,55968,306000000,1728000
1791128944.3019,4952,1352,55812,306000000,1728000
1791128944.3520,4960,1344,55906,306000000,1728000
1791128944.4021,4952,1352,55968,306000000,1728000
1791128944.4522,4952,1352,55843,306000000,1728000
1791128944.5023,4960,1336,56031,306000000,1728000
1791128944.5523,4960,1344,55812,306000000,1728000
1791128944.6024,4960,1352,55937,306000000,1728000
1791128944.6525,4960,1344,55843,306000000,1728000
1791128944.7026,4952,1360,55843,306000000,1728000
1791128944.7527,4952,1360,55843,306000000,1728000
1791128944.8028,4952,1368,55875,306000000,1728000
1791128944.8529,4952,1368,56000,306000000,1728000
1791128944.9029,4952,1352,55843,306000000,1728000
1791128944.9530,4960,1352,56000,306000000,1728000
1791128945.0031,4952,1360,55937,306000000,1728000
1791128945.0532,4960,1344,55843,306000000,1728000
1791128945.1033,4960,1344,55843,306000000,1728000
1791128945.1534,4952,1352,55875,306000000,1728000
1791128945.2034,4960,1344,55781,306000000,1728000
1791128945.2535,4952,1352,55875,306000000,1728000
1791128945.3036,4952,1360,56062,306000000,1728000
1791128945.3537,4952,1368,55875,306000000,1728000
1791128945.4038,4952,1368,55968,306000000,1728000
1791128945.4538,4952,1360,55812,306000000,1728000
1791128945.5039,4952,1352,55875,306000000,1728000
1791128945.5540,4952,1360,55781,306000000,1728000
1791128945.6041,4952,1352,55875,306000000,1728000
1791128945.6542,4952,1352,55843,306000000,1728000
1791128945.7043,4952,1352,55968,306000000,1728000
1791128945.7543,4960,1344,55750,306000000,1728000
1791128945.8044,4960,1336,55812,306000000,1728000
1791128945.8545,4952,1360,56031,306000000,1728000
1791128945.9046,4952,1360,55812,306000000,1728000
1791128945.9547,4952,1360,56031,306000000,1728000
1791128946.0047,4952,1360,55718,306000000,1728000
1791128946.0548,4960,1352,55937,306000000,1728000
1791128946.1049,4960,1352,55750,306000000,1728000
1791128946.1550,4952,1360,55875,306000000,1728000
1791128946.2050,4960,1344,55781,306000000,1728000
1791128946.2551,4960,1352,55906,306000000,1728000
1791128946.3052,4952,1352,56000,306000000,1728000
1791128946.3553,4960,1320,55968,306000000,1728000
1791128946.4054,4960,1304,56093,306000000,1728000
1791128946.4554,4960,1304,56250,306000000,1728000
1791128946.5055,4960,1288,56281,306000000,1728000
1791128946.5556,4960,1280,56281,306000000,1728000
1791128946.6057,4960,1272,56281,306000000,1728000
1791128946.6558,4960,1264,56468,306000000,1728000
1791128946.7059,4960,1256,56156,306000000,1728000
1791128946.7560,4960,1248,56281,306000000,1728000
1791128946.8060,4960,1248,56218,306000000,1728000
1791128946.8561,4960,1240,56312,306000000,1728000
1791128946.9062,4960,1232,56062,306000000,1728000
1791128946.9563,4960,1232,56312,306000000,1728000
1791128947.0064,4960,1248,56281,306000000,1728000
1791128947.0565,4960,1240,56343,306000000,1728000
1791128947.1066,4960,1232,56281,306000000,1728000
1791128947.1567,4960,1232,56281,306000000,1728000
1791128947.2067,4960,1232,56312,306000000,1728000
1791128947.2568,4960,1224,56156,306000000,1728000
1791128947.3069,4960,1224,56437,306000000,1728000
1791128947.3570,4960,1224,56156,306000000,1728000
1791128947.4071,4960,1216,56281,306000000,1728000
1791128947.4572,4960,1216,56125,306000000,1728000
1791128947.5072,4960,1216,56062,306000000,1728000
1791128947.5573,4960,1232,56281,306000000,1728000
1791128947.6074,4960,1224,56250,306000000,1728000
1791128947.6575,4960,1224,56437,306000000,1728000
1791128947.7076,4960,1224,56156,306000000,1728000
1791128947.7576,4960,1216,56343,306000000,1728000
1791128947.8077,4960,1216,56062,306000000,1728000
1791128947.8578,4960,1216,56312,306000000,1728000
1791128947.9079,4960,1208,56375,306000000,1728000
1791128947.9580,4960,1208,56312,306000000,1728000
1791128948.0081,4960,1208,56406,306000000,1728000
1791128948.0581,4960,1208,56093,306000000,1728000
1791128948.1082,4960,1224,56343,306000000,1728000
1791128948.1583,4960,1224,56125,306000000,1728000
1791128948.2084,4960,1216,56468,306000000,1728000
1791128948.2585,4960,1216,56156,306000000,1728000
1791128948.3086,4960,1216,56500,306000000,1728000
1791128948.3586,4960,1208,56187,306000000,1728000
1791128948.4087,4960,1208,56156,306000000,1728000
1791128948.4588,4960,1208,56312,306000000,1728000
1791128948.5089,4960,1216,56437,306000000,1728000
1791128948.5590,4960,1224,56500,306000000,1728000
1791128948.6091,4960,1232,56250,306000000,1728000
1791128948.6592,4960,1248,56437,306000000,1728000
1791128948.7092,4960,1248,56187,306000000,1728000
1791128948.7593,4960,1264,56406,306000000,1728000
1791128948.8094,4960,1272,56250,306000000,1728000
1791128948.8595,4960,1264,56125,306000000,1728000
1791128948.9096,4960,1256,55812,306000000,1728000
1791128948.9597,4960,1248,56000,306000000,1728000
1791128949.0098,4960,1240,56156,306000000,1728000
1791128949.0599,4960,1232,55906,306000000,1728000
1791128949.1100,4960,1224,55968,306000000,1728000
1791128949.1601,4960,1224,55937,306000000,1728000
1791128949.2102,4960,1248,56000,306000000,1728000
1791128949.2603,4960,1264,56031,306000000,1728000
1791128949.3104,4960,1272,56218,306000000,1728000
1791128949.3605,4960,1272,56093,306000000,1728000
1791128949.4106,4960,1264,56125,306000000,1728000
1791128949.4606,4960,1256,55937,306000000,1728000
1791128949.5107,4960,1248,56031,306000000,1728000
1791128949.5608,4960,1240,56218,306000000,1728000
1791128949.6109,4960,1232,55750,306000000,1728000
1791128949.6610,4960,1208,55968,306000000,1728000
1791128949.7111,4960,1200,55656,306000000,1728000
