1791129933.9486,4968,984,58312,306000000,1728000
1791129933.9987,4968,1048,58531,306000000,1728000
1791129934.0488,4968,1104,58562,306000000,1728000
1791129934.0989,4968,1120,58218,306000000,1728000
1791129934.1489,4968,1128,58281,306000000,1728000
1791129934.1990,4960,1136,58218,306000000,1728000
1791129934.2491,4960,1152,58187,306000000,1728000
1791129934.2992,4960,1168,58375,306000000,1728000
1791129934.3493,4960,1176,58156,306000000,1728000
1791129934.3994,4960,1184,58281,306000000,1728000
1791129934.4494,4960,1184,58281,306000000,1728000
1791129934.4995,4960,1184,58218,306000000,1728000
1791129934.5496,4960,1192,58406,306000000,1728000
1791129934.5997,4960,1192,58312,306000000,1728000
1791129934.6498,4960,1192,58187,306000000,1728000
1791129934.6998,4960,1200,58187,306000000,1728000
1791129934.7499,4960,1200,58343,306000000,1728000
1791129934.8000,4960,1208,58218,306000000,1728000
1791129934.8501,4960,1216,58343,306000000,1728000
1791129934.9002,4960,1216,58250,1020000000,1728000
1791129934.9503,4960,1216,58218,306000000,1728000
1791129935.0004,4960,1216,58218,306000000,1728000
1791129935.0504,4960,1216,58250,306000000,1728000
1791129935.1005,4960,1216,58250,306000000,1728000
1791129935.1506,4960,1224,58218,306000000,1728000
1791129935.2007,4960,1240,58343,306000000,1728000
1791129935.2508,4960,1248,58218,306000000,1728000
1791129935.3009,4960,1264,58281,306000000,1574400
1791129935.3510,4960,1272,58187,306000000,1728000
1791129935.4011,4960,1296,58437,306000000,1728000
1791129935.4512,4960,1304,58125,306000000,1728000
1791129935.5013,4960,1304,58218,306000000,1728000
1791129935.5514,4960,1312,58218,306000000,1728000
1791129935.6015,4960,1312,58187,306000000,1728000
1791129935.6516,4960,1312,58375,306000000,1728000
1791129935.7017,4960,1304,58250,306000000,1728000
1791129935.7518,4960,1304,58312,306000000,1728000
1791129935.8018,4960,1304,58125,306000000,1728000
1791129935.8519,4960,1304,58187,306000000,1728000
1791129935.9020,4960,1304,58187,306000000,1497600
1791129935.9521,4952,1320,58250,306000000,1497600
1791129936.0022,4952,1320,58312,306000000,1728000
1791129936.0523,4952,1320,58250,306000000,1728000
1791129936.1024,4952,1312,58125,306000000,1728000
1791129936.1525,4952,1312,58156,306000000,1728000
1791129936.2026,4960,1304,58281,306000000,1728000
1791129936.2527,4960,1304,58250,306000000,1728000
1791129936.3027,4960,1304,58281,306000000,1728000
1791129936.3528,4960,1304,58156,306000000,1728000
1791129936.4029,4960,1304,58187,306000000,1420800
1791129936.4530,4960,1296,58156,306000000,1728000
1791129936.5032,4960,1304,58218,306000000,1728000
1791129936.5533,4960,1304,58312,306000000,1728000
1791129936.6034,4960,1304,58250,306000000,1728000
1791129936.6535,4960,1296,58250,306000000,1728000
1791129936.7036,4960,1288,58187,306000000,1728000
1791129936.7537,4960,1288,58281,306000000,1728000
1791129936.8037,4960,1288,58187,306000000,1728000
1791129936.8538,4960,1288,58187,306000000,1497600
1791129936.9039,4960,1280,58156,306000000,1728000
1791129936.9540,4960,1280,58187,306000000,1728000
1791129937.0041,4960,1272,58156,306000000,1728000
1791129937.0542,4960,1288,58218,306000000,1728000
1791129937.1043,4960,1288,58281,306000000,1728000
1791129937.1544,4960,1288,58156,306000000,1728000
1791129937.2045,4960,1288,58250,306000000,1728000
1791129937.2546,4960,1288,58156,306000000,1728000
1791129937.3047,4960,1280,58250,306000000,1728000
1791129937.3547,4960,1280,58187,306000000,1728000
1791129937.4048,4960,1288,58187,306000000,1728000
1791129937.4549,4960,1288,58156,306000000,1728000
1791129937.5050,4960,1288,58156,306000000,1728000
1791129937.5551,4960,1288,58250,306000000,1728000
1791129937.6052,4960,1296,58125,306000000,1728000
1791129937.6553,4960,1296,58250,306000000,1728000
1791129937.7054,4960,1288,58062,306000000,1728000
1791129937.7555,4960,1288,58187,306000000,1728000
1791129937.8056,4960,1280,58218,306000000,1728000
1791129937.8556,4960,1280,58093,306000000,1728000
1791129937.9057,4960,1280,58156,306000000,1728000
1791129937.9558,4960,1280,58125,306000000,1728000
1791129938.0059,4960,1280,58250,306000000,1728000
1791129938.0560,4960,1280,58125,306000000,1728000
1791129938.1060,4960,1280,58281,306000000,1728000
1791129938.1561,4960,1280,58093,306000000,1728000
1791129938.2062,4960,1288,58187,306000000,1728000
1791129938.2563,4960,1280,58062,306000000,1728000
1791129938.3064,4960,1280,58156,306000000,1728000
1791129938.3565,4960,1280,58062,306000000,1728000
1791129938.4066,4960,1280,58062,306000000,1728000
1791129938.4566,4960,1272,58250,306000000,1728000
1791129938.5067,4960,1272,58156,306000000,1728000
1791129938.5568,4960,1264,58250,306000000,1728000
1791129938.6069,4960,1264,58125,306000000,1728000
1791129938.6570,4960,1272,58156,306000000,1728000
1791129938.7071,4960,1272,58156,306000000,1344000
1791129938.7572,4960,1280,58031,306000000,1728000
1791129938.8073,4960,1272,58000,306000000,1728000
1791129938.8573,4960,1272,58125,306000000,1728000
1791129938.9074,4960,1272,58125,306000000,1728000
1791129938.9575,4960,1272,58062,306000000,1728000
1791129939.0076,4960,1272,58218,306000000,1728000
1791129939.0577,4960,1272,58125,306000000,1728000
1791129939.1078,4960,1264,58218,306000000,1728000
1791129939.1578,4960,1264,58062,306000000,1728000
1791129939.2079,4960,1264,58156,306000000,1728000
1791129939.2580,4960,1264,58000,306000000,1728000
1791129939.3081,4960,1280,58062,306000000,1728000
1791129939.3582,4960,1280,58062,306000000,1728000
1791129939.4083,4960,1272,58062,306000000,1728000
1791129939.4584,4960,1272,58093,306000000,1728000
1791129939.5085,4960,1272,58062,306000000,1728000
1791129939.5586,4960,1264,58156,306000000,1728000
1791129939.6087,4960,1264,58093,306000000,1728000
1791129939.6587,4960,1272,58156,306000000,1728000
1791129939.7088,4960,1280,58000,306000000,1728000
1791129939.7589,4960,1288,58062,306000000,1728000
1791129939.8090,4960,1296,58125,306000000,1651200
1791129939.8591,4960,1312,58125,306000000,1728000
1791129939.9092,4960,1312,58187,306000000,1728000
1791129939.9593,4960,1304,58062,306000000,1728000
1791129940.0093,4960,1304,58031,306000000,1728000
1791129940.0594,4960,1304,58031,306000000,1728000
1791129940.1095,4960,1296,58062,306000000,1728000
1791129940.1596,4960,1288,57968,306000000,1728000
1791129940.2097,4960,1288,58093,306000000,1728000
1791129940.2598,4960,1288,58000,306000000,1728000
1791129940.3098,4960,1280,58093,306000000,1728000
1791129940.3599,4960,1280,58218,306000000,1728000
1791129940.4100,4960,1296,58000,306000000,1728000
1791129940.4601,4960,1296,58125,306000000,1728000
1791129940.5102,4960,1288,58031,306000000,1728000
1791129940.5603,4960,1288,58093,306000000,1728000
1791129940.6104,4960,1280,58000,306000000,1728000
1791129940.6605,4960,1280,58031,306000000,1728000
1791129940.7106,4960,1280,57906,306000000,1728000
1791129940.7606,4960,1280,58062,306000000,1728000
1791129940.8107,4960,1272,58125,306000000,1728000
1791129940.8608,4960,1272,58062,306000000,1728000
1791129940.9109,4960,1272,58093,306000000,1728000
1791129940.9610,4960,1280,58031,306000000,1728000
1791129941.0111,4960,1288,58187,306000000,1728000
1791129941.0611,4960,1280,58000,306000000,1728000
1791129941.1112,4960,1272,58031,306000000,1728000
1791129941.1613,4960,1272,57968,306000000,1728000
1791129941.2114,4960,1280,58000,306000000,1728000
1791129941.2615,4960,1272,58125,306000000,1728000
1791129941.3116,4960,1272,58031,306000000,1728000
1791129941.3617,4960,1272,58062,306000000,1728000
1791129941.4118,4960,1272,57968,306000000,1728000
1791129941.4618,4960,1264,58000,306000000,1728000
1791129941.5119,4960,1280,57968,306000000,1728000
1791129941.5620,4960,1280,58031,306000000,1728000
1791129941.6121,4960,1280,57968,306000000,1728000
1791129941.6622,4960,1272,57968,306000000,1728000
1791129941.7123,4960,1272,58156,306000000,1728000
1791129941.7624,4960,1272,57937,306000000,1728000
1791129941.8124,4960,1272,58062,306000000,1728000
1791129941.8625,4960,1264,58000,306000000,1728000
1791129941.9126,4960,1264,58125,306000000,1728000
1791129941.9627,4960,1272,58000,306000000,1728000
1791129942.0128,4960,1264,57968,306000000,1728000
1791129942.0629,4960,1280,58031,306000000,1728000
1791129942.1130,4960,1280,57968,306000000,1728000
1791129942.1630,4960,1280,57968,306000000,1728000
1791129942.2131,4960,1280,57937,306000000,1728000
1791129942.2632,4960,1272,58062,306000000,1728000
1791129942.3133,4960,1280,57937,306000000,1728000
1791129942.3634,4960,1272,58062,306000000,1728000
1791129942.4135,4960,1272,58000,306000000,1728000
1791129942.4635,4960,1264,57968,306000000,1728000
1791129942.5136,4960,1272,57937,306000000,1728000
1791129942.5637,4960,1272,58000,306000000,1728000
1791129942.6138,4960,1272,57875,306000000,1728000
1791129942.6639,4960,1280,58000,306000000,1728000
1791129942.7140,4960,1280,58062,306000000,1728000
1791129942.7641,4960,1272,57906,306000000,1728000
1791129942.8141,4960,1272,57968,306000000,1728000
1791129942.8642,4960,1272,57906,306000000,1728000
1791129942.9143,4960,1272,58000,306000000,1728000
1791129942.9644,4960,1264,57968,306000000,1728000
1791129943.0145,4960,1264,57968,306000000,1728000
1791129943.0645,4960,1272,57843,306000000,1728000
1791129943.1146,4960,1272,58000,306000000,1728000
1791129943.1647,4960,1272,57968,306000000,1344000
1791129943.2148,4960,1280,57937,306000000,1190400
1791129943.2649,4960,1272,58000,306000000,1728000
1791129943.3150,4960,1272,57906,306000000,1728000
1791129943.3651,4960,1264,58031,306000000,1728000
1791129943.4152,4960,1264,57968,306000000,1728000
1791129943.4653,4960,1264,58031,306000000,1728000
1791129943.5153,4960,1264,57843,306000000,1728000
1791129943.5654,4960,1264,57968,306000000,1728000
1791129943.6155,4960,1264,58093,306000000,1728000
1791129943.6656,4960,1264,57875,306000000,1728000
1791129943.7157,4960,1264,58062,306000000,1728000
1791129943.7658,4960,1280,57906,306000000,1728000
1791129943.8159,4960,1272,57968,306000000,1728000
1791129943.8659,4960,1272,57875,306000000,1497600
1791129943.9160,4960,1272,57968,306000000,1728000
1791129943.9661,4960,1272,57906,306000000,1728000
1791129944.0162,4960,1272,57937,306000000,1728000
1791129944.0663,4960,1264,58000,306000000,1728000
1791129944.1164,4960,1272,57937,306000000,1728000
1791129944.1665,4960,1272,58000,306000000,1728000
1791129944.2165,4960,1264,57906,306000000,1728000
1791129944.2666,4960,1264,57968,306000000,1728000
1791129944.3167,4960,1272,57781,306000000,1728000
1791129944.3668,4960,1280,57906,306000000,1728000
1791129944.4169,4960,1280,57750,306000000,1728000
1791129944.4670,4960,1272,57875,306000000,1728000
1791129944.5171,4960,1272,58062,306000000,1728000
1791129944.5671,4960,1272,57812,306000000,1728000
1791129944.6172,4960,1272,57968,306000000,1728000
1791129944.6673,4960,1272,57875,306000000,1728000
1791129944.7174,4960,1272,57968,306000000,1728000
1791129944.7675,4960,1264,57906,306000000,1728000
1791129944.8176,4960,1264,57875,306000000,1728000
1791129944.8677,4960,1272,57812,306000000,1728000
1791129944.9178,4960,1280,57968,306000000,1728000
1791129944.9679,4960,1280,57812,306000000,1728000
1791129945.0180,4960,1272,57906,306000000,1728000
1791129945.0680,4960,1272,57968,306000000,1728000
1791129945.1181,4960,1272,57875,306000000,1728000
1791129945.1682,4960,1272,57968,306000000,1728000
1791129945.2183,4960,1272,57812,306000000,1728000
1791129945.2684,4960,1264,57968,306000000,1728000
1791129945.3184,4960,1264,57843,306000000,1728000
1791129945.3685,4960,1272,57937,306000000,1728000
1791129945.4186,4960,1272,57750,306000000,1497600
1791129945.4687,4960,1280,57906,306000000,1728000
1791129945.5188,4960,1280,57968,306000000,1728000
1791129945.5689,4960,1280,57843,306000000,1728000
1791129945.6190,4960,1272,57937,306000000,1728000
1791129945.6691,4960,1272,57875,306000000,1728000
1791129945.7192,4960,1264,57968,306000000,1728000
1791129945.7692,4960,1264,57781,306000000,1728000
1791129945.8193,4960,1264,57906,306000000,1728000
1791129945.8694,4960,1264,57718,306000000,1728000
1791129945.9195,4960,1264,57875,306000000,1728000
1791129945.9696,4960,1264,57937,306000000,1728000
1791129946.0197,4960,1272,57843,306000000,1728000
1791129946.0698,4960,1264,57906,306000000,1728000
1791129946.1199,4960,1264,57812,306000000,1728000
1791129946.1700,4960,1264,57875,306000000,1728000
1791129946.2200,4960,1264,57812,306000000,1728000
1791129946.2701,4960,1264,57906,306000000,1728000
1791129946.3202,4960,1264,57750,306000000,1728000
1791129946.3703,4960,1264,57906,306000000,1728000
1791129946.4204,4960,1256,57906,306000000,1728000
1791129946.4705,4960,1256,57843,306000000,1728000
1791129946.5206,4960,1264,57968,306000000,1728000
1791129946.5706,4960,1272,57750,306000000,1267200
1791129946.6207,4960,1272,57875,306000000,1728000
1791129946.6711,4960,1272,57750,306000000,1728000
1791129946.7212,4960,1272,57843,306000000,1728000
1791129946.7712,4960,1272,57750,306000000,1728000
1791129946.8213,4960,1272,57812,306000000,1728000
1791129946.8714,4960,1272,57937,306000000,1728000
1791129946.9215,4960,1264,57843,306000000,1728000
1791129946.9716,4960,1264,57968,306000000,1728000
1791129947.0216,4960,1264,57843,306000000,1728000
1791129947.0717,4960,1272,57875,306000000,1728000
1791129947.1218,4960,1280,57750,306000000,1497600
1791129947.1719,4960,1272,57750,306000000,1728000
1791129947.2220,4960,1272,57750,306000000,1728000
1791129947.2721,4960,1272,57843,306000000,1728000
1791129947.3222,4960,1272,57718,306000000,1728000
1791129947.3722,4960,1264,57781,306000000,1728000
1791129947.4223,4960,1264,57968,306000000,1728000
1791129947.4724,4960,1264,57750,306000000,1728000
1791129947.5225,4960,1264,57937,306000000,1728000
1791129947.5725,4960,1272,57968,306000000,1728000
1791129947.6226,4960,1280,57812,306000000,1728000
1791129947.6727,4960,1304,57750,306000000,1728000
1791129947.7228,4960,1312,57781,306000000,1728000
1791129947.7729,4960,1304,57812,306000000,1728000
1791129947.8230,4960,1304,57656,306000000,1728000
1791129947.8731,4960,1296,57968,306000000,1728000
1791129947.9232,4960,1296,57750,306000000,1728000
1791129947.9733,4960,1296,57781,306000000,1728000
1791129948.0234,4960,1296,57750,306000000,1728000
1791129948.0734,4960,1296,57781,306000000,1728000
1791129948.1235,4960,1288,57625,306000000,1728000
1791129948.1736,4960,1288,57875,306000000,1728000
1791129948.2237,4960,1296,57750,306000000,1728000
1791129948.2738,4960,1296,57843,306000000,1728000
1791129948.3239,4960,1288,57906,306000000,1728000
1791129948.3740,4960,1288,57750,306000000,1728000
1791129948.4241,4960,1288,57843,306000000,1728000
1791129948.4741,4960,1288,57781,306000000,1728000
1791129948.5242,4960,1280,57781,306000000,1728000
1791129948.5743,4960,1272,57718,306000000,1728000
1791129948.6244,4960,1272,57812,306000000,1728000
1791129948.6745,4960,1280,57781,306000000,1728000
1791129948.7246,4960,1280,57812,306000000,1728000
1791129948.7747,4960,1280,57875,306000000,1497600
1791129948.8247,4960,1280,57781,306000000,1728000
1791129948.8748,4960,1280,57843,306000000,1728000
1791129948.9249,4960,1280,57750,306000000,1728000
1791129948.9750,4960,1280,57781,306000000,1728000
1791129949.0251,4960,1272,57812,306000000,1728000
1791129949.0752,4960,1280,57843,306000000,1728000
1791129949.1252,4960,1280,57656,306000000,1728000
1791129949.1753,4960,1272,57750,306000000,1728000
1791129949.2254,4960,1272,57812,306000000,1728000
1791129949.2755,4960,1272,57687,306000000,1728000
1791129949.3256,4960,1280,57843,306000000,1728000
1791129949.3757,4960,1280,57781,306000000,1728000
1791129949.4257,4960,1280,57781,306000000,1728000
1791129949.4758,4960,1280,57656,306000000,1728000
1791129949.5259,4960,1280,57781,306000000,1728000
1791129949.5760,4960,1272,57750,306000000,1728000
1791129949.6261,4960,1272,57750,306000000,1728000
1791129949.6762,4960,1272,57781,306000000,1728000
1791129949.7263,4960,1272,57718,306000000,1728000
1791129949.7764,4960,1272,57812,306000000,1728000
1791129949.8265,4960,1264,57718,306000000,1728000
1791129949.8766,4960,1272,57781,306000000,1728000
1791129949.9267,4960,1280,57781,306000000,1728000
1791129949.9768,4960,1272,57812,306000000,1728000
1791129950.0268,4960,1280,57656,306000000,1728000
1791129950.0769,4960,1272,57718,306000000,1728000
1791129950.1270,4960,1272,57906,306000000,1728000
1791129950.1771,4960,1272,57750,306000000,1728000
1791129950.2272,4960,1264,57812,306000000,1728000
1791129950.2773,4960,1264,57750,306000000,1728000
1791129950.3273,4960,1264,57750,306000000,1728000
1791129950.3774,4960,1264,57718,306000000,1728000
1791129950.4275,4960,1264,57750,306000000,1728000
1791129950.4776,4960,1272,57656,306000000,1728000
1791129950.5277,4960,1272,57718,306000000,1728000
1791129950.5778,4960,1272,57687,306000000,1728000
1791129950.6279,4960,1272,57718,306000000,1728000
1791129950.6780,4960,1272,57687,306000000,1728000
1791129950.7281,4960,1272,57656,306000000,1728000
1791129950.7782,4960,1264,57750,306000000,1728000
1791129950.8283,4960,1264,57593,306000000,1728000
1791129950.8783,4960,1264,57687,306000000,1728000
1791129950.9285,4960,1264,57687,306000000,1728000
1791129950.9785,4960,1264,57718,306000000,1497600
1791129951.0287,4960,1272,57687,306000000,1728000
1791129951.0788,4960,1280,57656,306000000,1728000
1791129951.1288,4960,1272,57812,306000000,1420800
1791129951.1789,4960,1272,57718,306000000,1728000
1791129951.2290,4960,1264,57812,306000000,1728000
1791129951.2791,4960,1264,57625,306000000,1728000
1791129951.3292,4960,1272,57687,306000000,1728000
1791129951.3793,4960,1264,57562,306000000,1728000
1791129951.4293,4960,1264,57687,306000000,1728000
1791129951.4794,4960,1264,57625,306000000,1728000
1791129951.5295,4960,1264,57718,306000000,1728000
1791129951.5796,4960,1280,57781,306000000,1728000
1791129951.6297,4960,1280,57625,306000000,1728000
1791129951.6798,4960,1280,57906,306000000,1728000
1791129951.7299,4960,1280,57625,306000000,1728000
1791129951.7800,4960,1272,57687,306000000,1728000
1791129951.8301,4960,1272,57656,306000000,1728000
1791129951.8801,4960,1272,57625,306000000,1728000
1791129951.9302,4960,1272,57687,306000000,1728000
1791129951.9803,4960,1272,57656,306000000,1728000
1791129952.0304,4960,1264,57656,306000000,1728000
1791129952.0805,4960,1272,57687,306000000,1728000
1791129952.1306,4960,1280,57718,306000000,1728000
1791129952.1806,4960,1280,57625,306000000,1728000
1791129952.2307,4960,1280,57656,306000000,1728000
1791129952.2808,4960,1272,57625,306000000,1728000
1791129952.3309,4960,1272,57718,306000000,1728000
1791129952.3810,4960,1272,57562,306000000,1728000
1791129952.4311,4960,1272,57687,306000000,1728000
1791129952.4811,4960,1264,57750,306000000,1728000
1791129952.5312,4960,1264,57593,306000000,1728000
1791129952.5813,4960,1264,57750,306000000,1728000
1791129952.6314,4960,1264,57562,306000000,1728000
1791129952.6815,4960,1272,57687,306000000,1728000
1791129952.7316,4960,1272,57531,306000000,1728000
1791129952.7817,4960,1272,57593,306000000,1728000
1791129952.8318,4960,1272,57562,306000000,1728000
1791129952.8819,4960,1272,57656,306000000,1728000
1791129952.9319,4960,1272,57625,306000000,1728000
1791129952.9820,4960,1264,57656,306000000,1728000
1791129953.0321,4960,1264,57593,306000000,1728000
1791129953.0822,4960,1264,57625,306000000,1728000
1791129953.1323,4960,1256,57656,306000000,1728000
1791129953.1823,4960,1256,57625,306000000,1728000
1791129953.2324,4960,1264,57593,306000000,1728000
1791129953.2825,4960,1272,57500,306000000,1728000
1791129953.3326,4960,1272,57593,306000000,1728000
1791129953.3827,4960,1264,57625,306000000,1728000
1791129953.4328,4960,1264,57562,306000000,1728000
1791129953.4829,4960,1264,57718,306000000,1728000
1791129953.5330,4960,1264,57625,306000000,1728000
1791129953.5830,4960,1264,57656,306000000,1728000
1791129953.6331,4960,1264,57562,306000000,1728000
1791129953.6832,4960,1264,57562,306000000,1728000
1791129953.7333,4960,1256,57500,306000000,1728000
1791129953.7834,4960,1272,57531,306000000,1728000
1791129953.8335,4960,1280,57531,306000000,1728000
1791129953.8836,4960,1272,57562,306000000,1728000
1791129953.9336,4960,1272,57687,306000000,1728000
1791129953.9837,4960,1272,57593,306000000,1728000
1791129954.0338,4960,1272,57687,306000000,1728000
1791129954.0839,4960,1264,57531,306000000,1728000
1791129954.1340,4960,1272,57562,306000000,1728000
1791129954.1841,4960,1264,57531,306000000,1728000
1791129954.2342,4960,1264,57625,306000000,1728000
1791129954.2842,4960,1264,57531,306000000,1728000
1791129954.3343,4960,1264,57625,306000000,1497600
1791129954.3844,4960,1280,57687,306000000,1728000
1791129954.4345,4960,1280,57562,306000000,1728000
1791129954.4846,4960,1280,57656,306000000,1728000
1791129954.5347,4960,1272,57562,306000000,1728000
1791129954.5848,4960,1272,57593,306000000,1728000
1791129954.6348,4960,1272,57562,306000000,1728000
1791129954.6849,4960,1272,57625,306000000,1728000
1791129954.7350,4960,1272,57562,306000000,1728000
1791129954.7851,4960,1264,57562,306000000,1728000
1791129954.8352,4960,1264,57687,306000000,1728000
1791129954.8853,4960,1264,57562,306000000,1728000
1791129954.9354,4960,1280,57781,306000000,1728000
1791129954.9854,4960,1280,57562,306000000,1728000
1791129955.0355,4960,1280,57562,306000000,1728000
1791129955.0856,4960,1288,57625,306000000,1728000
1791129955.1357,4960,1296,57531,306000000,1728000
1791129955.1858,4960,1296,57562,306000000,1728000
1791129955.2359,4960,1304,57562,306000000,1728000
1791129955.2859,4960,1304,57687,306000000,1728000
1791129955.3360,4960,1304,57531,306000000,1728000
1791129955.3861,4960,1296,57656,306000000,1728000
1791129955.4362,4960,1288,57468,306000000,1728000
1791129955.4863,4960,1304,57562,306000000,1728000
1791129955.5364,4960,1304,57468,306000000,1728000
1791129955.5865,4960,1304,57656,306000000,1728000
1791129955.6365,4960,1296,57531,306000000,1728000
1791129955.6866,4960,1296,57562,306000000,1728000
1791129955.7367,4960,1296,57656,306000000,1728000
1791129955.7868,4960,1288,57500,306000000,1728000
1791129955.8369,4960,1280,57687,306000000,1728000
1791129955.8870,4960,1280,57500,306000000,1728000
1791129955.9371,4960,1280,57625,306000000,1728000
1791129955.9871,4960,1280,57531,306000000,1728000
1791129956.0372,4960,1280,57562,306000000,1728000
1791129956.0873,4960,1288,57468,306000000,1728000
1791129956.1374,4960,1280,57531,306000000,1728000
1791129956.1875,4960,1288,57687,306000000,1728000
1791129956.2376,4960,1280,57500,306000000,1728000
1791129956.2877,4960,1272,57687,306000000,1728000
1791129956.3378,4960,1280,57500,306000000,1728000
1791129956.3878,4960,1280,57593,306000000,1728000
1791129956.4379,4960,1272,57500,306000000,1728000
1791129956.4880,4960,1264,57562,306000000,1728000
1791129956.5381,4960,1264,57468,306000000,1728000
1791129956.5882,4960,1272,57531,306000000,1728000
1791129956.6383,4960,1280,57375,306000000,1728000
1791129956.6884,4960,1280,57531,306000000,1728000
1791129956.7384,4960,1272,57562,306000000,1728000
1791129956.7885,4960,1272,57500,306000000,1728000
1791129956.8386,4960,1272,57625,306000000,1728000
1791129956.8887,4960,1272,57500,306000000,1728000
1791129956.9388,4960,1272,57500,306000000,1728000
1791129956.9889,4960,1264,57468,306000000,1728000
1791129957.0390,4960,1264,57531,306000000,1728000
1791129957.0890,4960,1264,57437,306000000,1728000
1791129957.1391,4960,1272,57468,306000000,1728000
1791129957.1892,4960,1280,57625,306000000,1728000
1791129957.2393,4960,1280,57500,306000000,1728000
1791129957.2894,4960,1272,57500,306000000,1728000
1791129957.3395,4960,1272,57468,306000000,1728000
1791129957.3896,4960,1272,57500,306000000,1728000
1791129957.4396,4960,1272,57375,306000000,1728000
1791129957.4897,4960,1272,57562,306000000,1728000
1791129957.5398,4960,1264,57437,306000000,1728000
1791129957.5899,4960,1264,57500,306000000,1728000
1791129957.6400,4960,1264,57593,306000000,1728000
1791129957.6901,4960,1288,57468,306000000,1728000
1791129957.7402,4960,1296,57531,306000000,1497600
1791129957.7903,4960,1288,57468,306000000,1728000
1791129957.8404,4960,1288,57468,306000000,1728000
1791129957.8905,4960,1288,57437,306000000,1728000
1791129957.9406,4960,1280,57468,306000000,1728000
1791129957.9906,4960,1280,57437,306000000,1728000
1791129958.0407,4960,1272,57468,306000000,1728000
1791129958.0908,4960,1272,57500,306000000,1728000
1791129958.1409,4960,1272,57468,306000000,1728000
1791129958.1910,4960,1272,57562,306000000,1728000
1791129958.2411,4960,1272,57437,306000000,1497600
1791129958.2912,4960,1280,57500,306000000,1728000
1791129958.3412,4960,1280,57468,306000000,1728000
1791129958.3913,4960,1280,57468,306000000,1728000
1791129958.4414,4960,1272,57468,306000000,1728000
1791129958.4915,4960,1272,57468,306000000,1728000
1791129958.5416,4960,1272,57593,306000000,1728000
1791129958.5917,4960,1272,57437,306000000,1728000
1791129958.6418,4960,1272,57468,306000000,1728000
1791129958.6918,4960,1272,57406,306000000,1728000
1791129958.7419,4960,1264,57531,306000000,1728000
1791129958.7920,4960,1264,57437,306000000,1728000
1791129958.8421,4960,1280,57468,306000000,1728000
1791129958.8922,4960,1280,57437,306000000,1728000
1791129958.9423,4960,1272,57468,306000000,1728000
1791129958.9924,4960,1272,57500,306000000,1728000
1791129959.0425,4960,1272,57437,306000000,1728000
1791129959.0926,4960,1272,57562,306000000,1728000
1791129959.1426,4960,1272,57468,306000000,1728000
1791129959.1927,4960,1264,57562,306000000,1728000
1791129959.2428,4960,1264,57437,306000000,1728000
1791129959.2929,4960,1264,57500,306000000,1728000
1791129959.3430,4960,1264,57437,306000000,1728000
1791129959.3931,4960,1272,57437,306000000,1728000
1791129959.4432,4960,1272,57406,306000000,1728000
1791129959.4932,4960,1272,57468,306000000,1728000
1791129959.5433,4960,1272,57531,306000000,1728000
1791129959.5934,4960,1272,57468,306000000,1728000
1791129959.6435,4960,1264,57468,306000000,1728000
1791129959.6936,4960,1264,57406,306000000,1728000
1791129959.7437,4960,1264,57406,306000000,1728000
1791129959.7938,4960,1256,57375,306000000,1728000
1791129959.8438,4960,1256,57468,306000000,1728000
1791129959.8939,4960,1256,57406,306000000,1728000
1791129959.9440,4960,1264,57437,306000000,1728000
1791129959.9941,4960,1272,57562,306000000,1728000
1791129960.0442,4960,1272,57406,306000000,1728000
1791129960.0943,4960,1272,57500,306000000,1728000
1791129960.1444,4960,1272,57437,306000000,1728000
1791129960.1944,4960,1272,57468,306000000,1728000
1791129960.2445,4960,1272,57406,306000000,1728000
1791129960.2946,4960,1264,57500,306000000,1728000
1791129960.3447,4960,1264,57343,306000000,1728000
1791129960.3948,4960,1264,57437,306000000,1728000
1791129960.4448,4960,1264,57531,306000000,1728000
1791129960.4949,4960,1272,57468,306000000,1497600
1791129960.5450,4960,1280,57468,306000000,1728000
1791129960.5951,4960,1280,57437,306000000,1728000
1791129960.6452,4960,1272,57437,306000000,1728000
1791129960.6953,4960,1272,57375,306000000,1728000
1791129960.7454,4960,1272,57468,306000000,1728000
1791129960.7955,4960,1264,57281,306000000,1728000
1791129960.8455,4960,1272,57468,306000000,1728000
1791129960.8956,4960,1272,57468,306000000,1728000
1791129960.9457,4960,1264,57468,306000000,1728000
1791129960.9958,4960,1264,57468,306000000,1728000
1791129961.0459,4960,1272,57437,306000000,1728000
1791129961.0960,4960,1280,57468,306000000,1497600
1791129961.1461,4960,1280,57281,306000000,1728000
1791129961.1962,4960,1272,57468,306000000,1728000
1791129961.2462,4960,1272,57375,306000000,1728000
1791129961.2963,4960,1272,57406,306000000,1728000
1791129961.3464,4960,1272,57468,306000000,1728000
1791129961.3965,4960,1272,57437,306000000,1728000
1791129961.4466,4960,1264,57406,306000000,1728000
1791129961.4966,4960,1264,57375,306000000,1728000
1791129961.5467,4960,1264,57406,306000000,1728000
1791129961.5968,4960,1264,57312,306000000,1728000
1791129961.6469,4960,1280,57437,306000000,1728000
1791129961.6970,4960,1272,57406,306000000,1728000
1791129961.7471,4960,1272,57437,306000000,1728000
1791129961.7971,4960,1272,57531,306000000,1728000
1791129961.8472,4960,1272,57437,306000000,1728000
1791129961.8973,4960,1272,57500,306000000,1728000
1791129961.9474,4960,1272,57375,306000000,1728000
1791129961.9975,4960,1272,57468,306000000,1728000
1791129962.0476,4960,1272,57312,306000000,1728000
1791129962.0976,4960,1272,57437,306000000,1728000
1791129962.1477,4960,1264,57343,306000000,1728000
1791129962.1978,4960,1272,57375,306000000,1728000
1791129962.2479,4960,1280,57375,306000000,1728000
1791129962.2980,4960,1280,57375,306000000,1728000
1791129962.3481,4960,1280,57437,306000000,1728000
1791129962.3982,4960,1272,57343,306000000,1728000
1791129962.4483,4960,1272,57468,306000000,1728000
1791129962.4984,4960,1264,57343,306000000,1728000
1791129962.5484,4960,1272,57437,306000000,1728000
1791129962.5985,4960,1272,57375,306000000,1728000
1791129962.6486,4960,1264,57437,306000000,1728000
1791129962.6987,4960,1264,57312,306000000,1728000
1791129962.7488,4960,1272,57375,306000000,1497600
1791129962.7989,4960,1280,57468,306000000,1728000
1791129962.8490,4960,1280,57437,306000000,1728000
1791129962.8991,4960,1272,57500,306000000,1728000
1791129962.9492,4960,1272,57218,306000000,1728000
1791129962.9993,4960,1272,57375,306000000,1728000
1791129963.0494,4960,1272,57343,306000000,1728000
1791129963.0994,4960,1264,57375,306000000,1728000
1791129963.1495,4960,1264,57312,306000000,1728000
1791129963.1996,4960,1264,57437,306000000,1728000
1791129963.2497,4960,1264,57406,306000000,1728000
1791129963.2998,4960,1272,57312,306000000,1497600
1791129963.3499,4960,1280,57468,306000000,1728000
1791129963.4000,4960,1280,57343,306000000,1728000
1791129963.4500,4960,1280,57375,306000000,1728000
1791129963.5001,4960,1272,57218,306000000,1728000
1791129963.5502,4960,1272,57406,306000000,1728000
1791129963.6003,4960,1264,57281,306000000,1728000
1791129963.6504,4960,1264,57343,306000000,1728000
1791129963.7005,4960,1272,57437,306000000,1728000
1791129963.7506,4960,1272,57343,306000000,1728000
1791129963.8006,4960,1264,57468,306000000,1728000
1791129963.8507,4960,1272,57343,306000000,1728000
1791129963.9008,4960,1280,57468,306000000,1728000
1791129963.9509,4960,1272,57343,306000000,1728000
1791129964.0010,4960,1280,57406,306000000,1728000
1791129964.0511,4960,1272,57281,306000000,1728000
1791129964.1011,4960,1272,57343,306000000,1728000
1791129964.1512,4960,1272,57468,306000000,1728000
1791129964.2013,4960,1272,57375,306000000,1728000
1791129964.2514,4960,1264,57437,306000000,1728000
1791129964.3014,4960,1272,57281,306000000,1728000
1791129964.3515,4960,1264,57468,306000000,1728000
1791129964.4016,4960,1272,57281,306000000,1728000
1791129964.4517,4960,1280,57312,306000000,1728000
1791129964.5018,4960,1280,57250,306000000,1728000
1791129964.5519,4960,1272,57343,306000000,1728000
1791129964.6020,4960,1272,57437,306000000,1728000
1791129964.6521,4960,1288,57312,306000000,1728000
1791129964.7022,4960,1288,57468,306000000,1728000
1791129964.7523,4960,1296,57343,306000000,1728000
1791129964.8023,4960,1304,57406,306000000,1728000
1791129964.8524,4960,1304,57250,306000000,1728000
1791129964.9025,4960,1304,57343,306000000,1728000
1791129964.9526,4960,1304,57281,306000000,1728000
1791129965.0027,4960,1312,57437,306000000,1574400
1791129965.0528,4960,1312,57406,306000000,1728000
1791129965.1029,4960,1312,57250,306000000,1728000
1791129965.1529,4960,1312,57406,306000000,1728000
1791129965.2031,4960,1304,57281,306000000,1728000
1791129965.2531,4960,1304,57406,306000000,1728000
1791129965.3032,4960,1296,57281,306000000,1728000
1791129965.3533,4960,1296,57406,306000000,1728000
1791129965.4034,4960,1288,57250,306000000,1728000
1791129965.4535,4960,1288,57250,306000000,1728000
1791129965.5036,4960,1288,57312,306000000,1497600
1791129965.5537,4960,1296,57312,306000000,1728000
1791129965.6037,4960,1296,57406,306000000,1728000
1791129965.6538,4960,1288,57250,306000000,1728000
1791129965.7039,4960,1288,57375,306000000,1728000
1791129965.7540,4960,1280,57312,306000000,1728000
1791129965.8041,4960,1280,57281,306000000,1728000
1791129965.8542,4960,1272,57250,306000000,1728000
1791129965.9043,4960,1272,57250,306000000,1728000
1791129965.9544,4960,1272,57250,306000000,1728000
1791129966.0045,4960,1272,57250,306000000,1728000
1791129966.0545,4960,1272,57406,306000000,1728000
1791129966.1046,4960,1288,57375,306000000,1728000
1791129966.1547,4960,1288,57406,306000000,1728000
1791129966.2048,4960,1280,57250,306000000,1728000
1791129966.2549,4960,1280,57343,306000000,1728000
1791129966.3050,4960,1280,57250,306000000,1728000
1791129966.3551,4960,1280,57343,306000000,1728000
1791129966.4052,4960,1272,57250,306000000,1728000
1791129966.4552,4960,1272,57312,306000000,1728000
1791129966.5053,4960,1272,57343,306000000,1728000
1791129966.5554,4960,1272,57250,306000000,1728000
1791129966.6055,4960,1272,57375,306000000,1728000
1791129966.6556,4960,1280,57218,306000000,1728000
1791129966.7057,4960,1280,57375,306000000,1728000
1791129966.7558,4960,1280,57250,306000000,1728000
1791129966.8058,4960,1280,57375,306000000,1728000
1791129966.8559,4960,1280,57250,306000000,1728000
1791129966.9060,4960,1272,57281,306000000,1728000
1791129966.9561,4960,1272,57375,306000000,1728000
1791129967.0062,4960,1272,57281,306000000,1728000
1791129967.0563,4960,1272,57343,306000000,1728000
1791129967.1064,4960,1272,57187,306000000,1728000
1791129967.1565,4960,1272,57281,306000000,1728000
1791129967.2066,4960,1280,57250,306000000,1497600
1791129967.2567,4960,1280,57281,306000000,1728000
1791129967.3067,4960,1280,57218,306000000,1728000
1791129967.3568,4960,1280,57281,306000000,1728000
1791129967.4069,4960,1272,57343,306000000,1728000
1791129967.4570,4960,1272,57312,306000000,1728000
1791129967.5071,4960,1272,57375,306000000,1728000
1791129967.5572,4960,1272,57187,306000000,1728000
1791129967.6073,4960,1264,57343,306000000,1728000
1791129967.6573,4960,1264,57250,306000000,1728000
1791129967.7074,4960,1264,57250,306000000,1728000
1791129967.7575,4960,1272,57218,306000000,1728000
1791129967.8076,4960,1280,57312,306000000,1728000
1791129967.8577,4960,1272,57312,306000000,1728000
1791129967.9078,4960,1272,57218,306000000,1728000
1791129967.9579,4960,1272,57312,306000000,1728000
1791129968.0080,4960,1272,57156,306000000,1728000
1791129968.0580,4960,1272,57375,306000000,1728000
1791129968.1081,4960,1272,57187,306000000,1728000
1791129968.1582,4960,1264,57218,306000000,1728000
1791129968.2083,4960,1264,57156,306000000,1728000
1791129968.2584,4960,1264,57250,306000000,1728000
1791129968.3085,4960,1272,57187,306000000,1728000
1791129968.3586,4960,1280,57281,306000000,1728000
1791129968.4087,4960,1272,57343,306000000,1728000
1791129968.4588,4960,1280,57250,306000000,1728000
1791129968.5089,4960,1272,57375,306000000,1728000
1791129968.5589,4960,1272,57218,306000000,1728000
1791129968.6090,4960,1272,57250,306000000,1728000
1791129968.6591,4960,1272,57125,306000000,1728000
1791129968.7092,4960,1272,57218,306000000,1728000
1791129968.7593,4960,1272,57156,306000000,1728000
1791129968.8094,4960,1264,57156,306000000,1728000
1791129968.8594,4960,1264,57343,306000000,1497600
1791129968.9095,4960,1272,57250,306000000,1497600
1791129968.9596,4960,1280,57375,306000000,1728000
1791129969.0097,4960,1280,57218,306000000,1728000
1791129969.0598,4960,1272,57250,306000000,1728000
1791129969.1099,4960,1272,57093,306000000,1728000
1791129969.1600,4960,1264,57218,306000000,1728000
1791129969.2101,4960,1264,57125,306000000,1728000
1791129969.2601,4960,1264,57125,306000000,1728000
1791129969.3102,4960,1264,57250,306000000,1728000
1791129969.3603,4960,1264,57218,306000000,1728000
1791129969.4104,4960,1264,57312,306000000,1497600
1791129969.4605,4960,1272,57218,306000000,1728000
1791129969.5106,4960,1272,57218,306000000,1728000
1791129969.5606,4960,1272,57156,306000000,1728000
1791129969.6107,4960,1272,57250,306000000,1728000
1791129969.6608,4960,1272,57093,306000000,1728000
1791129969.7109,4960,1264,57187,306000000,1728000
1791129969.7610,4960,1264,57406,306000000,1728000
1791129969.8111,4960,1264,57156,306000000,1728000
1791129969.8611,4960,1264,57281,306000000,1728000
1791129969.9112,4960,1264,57125,306000000,1728000
1791129969.9613,4960,1264,57187,306000000,1728000
1791129970.0114,4960,1272,57156,306000000,1728000
1791129970.0615,4960,1272,57187,306000000,1728000
1791129970.1116,4960,1272,57156,306000000,1728000
1791129970.1617,4960,1272,57218,306000000,1728000
1791129970.2118,4960,1272,57406,306000000,1728000
1791129970.2619,4960,1272,57187,306000000,1728000
1791129970.3120,4960,1280,57281,306000000,1728000
1791129970.3620,4960,1272,57281,306000000,1728000
1791129970.4121,4960,1272,57218,306000000,1728000
1791129970.4622,4960,1272,57218,306000000,1728000
1791129970.5123,4960,1272,57187,306000000,1728000
1791129970.5624,4960,1288,57156,306000000,1574400
1791129970.6125,4960,1288,57218,306000000,1728000
1791129970.6626,4960,1288,57343,306000000,1728000
1791129970.7127,4960,1280,57187,306000000,1728000
1791129970.7627,4960,1280,57281,306000000,1728000
1791129970.8128,4960,1288,57187,306000000,1728000
1791129970.8629,4960,1280,57218,306000000,1728000
1791129970.9130,4960,1280,57187,306000000,1728000
1791129970.9631,4960,1280,57218,306000000,1728000
1791129971.0132,4960,1280,57125,306000000,1728000
1791129971.0632,4960,1272,57218,306000000,1728000
1791129971.1133,4960,1280,57125,306000000,1728000
1791129971.1634,4960,1288,57156,306000000,1728000
1791129971.2135,4960,1280,57281,306000000,1728000
1791129971.2636,4960,1280,57187,306000000,1728000
1791129971.3137,4960,1280,57281,306000000,1267200
1791129971.3638,4960,1272,57125,306000000,1728000
1791129971.4138,4960,1272,57218,306000000,1728000
1791129971.4639,4960,1272,57250,306000000,1728000
1791129971.5140,4960,1272,57187,306000000,1728000
1791129971.5641,4960,1272,57375,306000000,1728000
1791129971.6142,4960,1264,57156,306000000,1728000
1791129971.6643,4960,1272,57281,306000000,1728000
1791129971.7144,4960,1280,57062,306000000,1728000
1791129971.7644,4960,1280,57281,306000000,1728000
1791129971.8145,4960,1272,57125,306000000,1728000
1791129971.8646,4960,1272,57187,306000000,1728000
1791129971.9147,4960,1272,57156,306000000,1728000
1791129971.9648,4960,1272,57156,306000000,1728000
1791129972.0148,4960,1272,57156,306000000,1728000
1791129972.0649,4960,1272,57125,306000000,1728000
1791129972.1150,4960,1264,57250,306000000,1728000
1791129972.1651,4960,1264,57250,306000000,1728000
1791129972.2152,4960,1272,57250,306000000,1497600
1791129972.2653,4960,1280,57031,306000000,1728000
1791129972.3154,4960,1280,57187,306000000,1728000
1791129972.3655,4960,1272,57125,306000000,1728000
1791129972.4155,4960,1272,57187,306000000,1728000
1791129972.4656,4960,1272,57062,306000000,1728000
1791129972.5157,4960,1272,57093,306000000,1728000
1791129972.5658,4960,1272,57218,306000000,1728000
1791129972.6159,4960,1272,57062,306000000,1728000
1791129972.6660,4960,1264,57218,306000000,1728000
1791129972.7161,4960,1264,57125,306000000,1728000
1791129972.7661,4960,1264,57218,306000000,1344000
1791129972.8162,4960,1280,57125,306000000,1728000
1791129972.8663,4960,1272,57218,306000000,1728000
1791129972.9164,4960,1272,57031,306000000,1728000
1791129972.9665,4960,1272,57125,306000000,1728000
1791129973.0166,4960,1272,57281,306000000,1728000
1791129973.0667,4960,1272,57062,306000000,1728000
1791129973.1168,4960,1264,57250,306000000,1728000
1791129973.1668,4960,1264,57156,306000000,1728000
1791129973.2169,4960,1272,57156,306000000,1728000
1791129973.2670,4960,1264,57125,306000000,1728000
1791129973.3171,4960,1272,57187,306000000,1728000
1791129973.3672,4960,1280,57093,306000000,1420800
1791129973.4173,4960,1280,57156,306000000,1728000
1791129973.4673,4960,1280,57281,306000000,1728000
1791129973.5174,4960,1272,57125,306000000,1728000
1791129973.5675,4960,1272,57281,306000000,1728000
1791129973.6176,4960,1272,57093,306000000,1728000
1791129973.6677,4960,1272,57187,306000000,1728000
1791129973.7178,4960,1272,57031,306000000,1728000
1791129973.7678,4960,1264,57187,306000000,1728000
1791129973.8179,4960,1264,57062,306000000,1728000
1791129973.8680,4960,1264,57125,306000000,1728000
1791129973.9181,4960,1280,57187,306000000,1728000
1791129973.9682,4960,1280,57125,306000000,1728000
1791129974.0183,4960,1272,57156,306000000,1728000
1791129974.0683,4960,1272,57000,306000000,1728000
1791129974.1184,4960,1264,57156,306000000,1728000
1791129974.1685,4960,1264,57062,306000000,1728000
1791129974.2186,4960,1272,57156,306000000,1728000
1791129974.2687,4960,1264,57062,306000000,1728000
1791129974.3188,4960,1264,57125,306000000,1728000
1791129974.3688,4960,1264,57250,306000000,1728000
1791129974.4189,4960,1264,57062,306000000,1728000
1791129974.4690,4960,1272,57250,306000000,1497600
1791129974.5191,4960,1280,57093,306000000,1728000
1791129974.5692,4960,1272,57187,306000000,1728000
1791129974.6193,4960,1272,57031,306000000,1728000
1791129974.6694,4960,1272,57156,306000000,1728000
1791129974.7195,4960,1272,57062,306000000,1728000
1791129974.7695,4960,1272,57187,306000000,1728000
1791129974.8196,4960,1264,57312,306000000,1728000
1791129974.8697,4960,1264,57125,306000000,1728000
1791129974.9198,4960,1264,57218,306000000,1728000
1791129974.9699,4960,1264,57093,306000000,1728000
1791129975.0200,4960,1272,57218,306000000,1728000
1791129975.0701,4960,1280,57000,306000000,1728000
1791129975.1202,4960,1272,57062,306000000,1728000
1791129975.1703,4960,1272,57000,306000000,1728000
1791129975.2203,4960,1272,57125,306000000,1728000
1791129975.2704,4960,1272,57031,306000000,1728000
1791129975.3205,4960,1272,57000,306000000,1728000
1791129975.3706,4960,1264,57125,306000000,1728000
1791129975.4207,4960,1272,57031,306000000,1728000
1791129975.4708,4960,1272,57187,306000000,1728000
1791129975.5209,4960,1264,57000,306000000,1728000
1791129975.5710,4960,1272,57093,306000000,1497600
1791129975.6211,4960,1280,56937,306000000,1728000
1791129975.6711,4960,1280,57031,306000000,1728000
1791129975.7212,4960,1280,57000,306000000,1728000
1791129975.7713,4960,1280,57062,306000000,1728000
1791129975.8214,4960,1280,57156,306000000,1728000
1791129975.8715,4960,1280,57031,306000000,1728000
1791129975.9215,4960,1272,57218,306000000,1728000
1791129975.9716,4960,1272,57031,306000000,1728000
1791129976.0217,4960,1272,57062,306000000,1728000
1791129976.0718,4960,1264,57000,306000000,1728000
1791129976.1219,4960,1272,57031,306000000,1728000
1791129976.1720,4960,1280,57031,306000000,1728000
1791129976.2221,4960,1280,57062,306000000,1728000
1791129976.2722,4960,1280,57250,306000000,1728000
1791129976.3223,4960,1280,57031,306000000,1728000
1791129976.3723,4960,1280,57156,306000000,1728000
1791129976.4224,4960,1280,57000,306000000,1728000
1791129976.4725,4960,1280,57062,306000000,1728000
1791129976.5226,4960,1288,57062,306000000,1728000
1791129976.5727,4960,1296,57062,306000000,1728000
1791129976.6227,4960,1304,57062,306000000,1728000
1791129976.6728,4960,1312,57000,306000000,1728000
1791129976.7229,4960,1320,57218,306000000,1728000
1791129976.7730,4960,1320,57062,306000000,1728000
1791129976.8231,4960,1320,57250,306000000,1728000
1791129976.8732,4960,1312,57000,306000000,1728000
1791129976.9233,4960,1304,57031,306000000,1728000
1791129976.9734,4960,1304,56937,306000000,1728000
1791129977.0234,4960,1296,57093,306000000,1728000
1791129977.0735,4960,1296,57000,306000000,1728000
1791129977.1236,4960,1288,57031,306000000,1728000
1791129977.1737,4960,1280,57218,306000000,1728000
1791129977.2238,4960,1288,57000,306000000,1728000
1791129977.2739,4960,1296,57187,306000000,1728000
1791129977.3240,4960,1288,56968,306000000,1728000
1791129977.3741,4960,1288,57156,306000000,1728000
1791129977.4241,4960,1280,56968,306000000,1728000
1791129977.4742,4960,1280,57062,306000000,1728000
1791129977.5243,4960,1280,57000,306000000,1728000
1791129977.5744,4960,1272,57062,306000000,1728000
1791129977.6245,4960,1272,57000,306000000,1728000
1791129977.6745,4960,1272,57000,306000000,1728000
1791129977.7246,4960,1272,57187,306000000,1728000
1791129977.7747,4960,1264,57000,306000000,1728000
1791129977.8248,4960,1272,57093,306000000,1728000
1791129977.8749,4960,1280,57000,306000000,1728000
1791129977.9250,4960,1280,57000,306000000,1728000
1791129977.9751,4960,1280,56968,306000000,1728000
1791129978.0251,4960,1272,57093,306000000,1728000
1791129978.0752,4960,1272,56906,306000000,1728000
1791129978.1253,4960,1264,57031,306000000,1728000
1791129978.1754,4960,1264,57156,306000000,1728000
1791129978.2254,4960,1264,57000,306000000,1728000
1791129978.2755,4960,1264,57031,306000000,1728000
1791129978.3256,4960,1264,57000,306000000,1728000
1791129978.3757,4960,1280,57031,306000000,1728000
1791129978.4258,4960,1280,56937,306000000,1728000
1791129978.4759,4960,1280,57031,306000000,1728000
1791129978.5260,4960,1280,57000,306000000,1728000
1791129978.5761,4960,1272,57031,306000000,1728000
1791129978.6262,4960,1272,57125,306000000,1728000
1791129978.6762,4960,1272,57000,306000000,1728000
1791129978.7263,4960,1272,57125,306000000,1728000
1791129978.7764,4960,1264,57000,306000000,1728000
1791129978.8265,4960,1264,57000,306000000,1728000
1791129978.8766,4960,1264,57000,306000000,1728000
1791129978.9267,4960,1272,57125,306000000,1420800
1791129978.9768,4960,1280,57000,306000000,1728000
1791129979.0269,4960,1280,57000,306000000,1728000
1791129979.0769,4960,1272,57125,306000000,1728000
1791129979.1270,4960,1272,57031,306000000,1728000
1791129979.1771,4960,1272,57156,306000000,1728000
1791129979.2272,4960,1272,56937,306000000,1728000
1791129979.2772,4960,1264,57062,306000000,1728000
1791129979.3273,4960,1264,56968,306000000,1728000
1791129979.3774,4960,1264,57031,306000000,1728000
1791129979.4275,4960,1272,57000,306000000,1728000
1791129979.4776,4960,1272,57000,306000000,1728000
1791129979.5277,4960,1280,57093,306000000,1728000
1791129979.5778,4960,1280,57000,306000000,1728000
1791129979.6279,4960,1280,57062,306000000,1728000
1791129979.6780,4960,1272,57000,306000000,1728000
1791129979.7280,4960,1272,57031,306000000,1728000
1791129979.7781,4960,1272,57000,306000000,1728000
1791129979.8282,4960,1272,57062,306000000,1728000
1791129979.8783,4960,1264,56937,306000000,1728000
1791129979.9284,4960,1264,56968,306000000,1728000
1791129979.9784,4960,1264,57062,306000000,1728000
1791129980.0285,4960,1272,57000,306000000,1728000
1791129980.0786,4960,1280,57062,306000000,1420800
1791129980.1287,4960,1280,56968,306000000,1728000
1791129980.1788,4960,1280,57031,306000000,1728000
1791129980.2289,4960,1272,56968,306000000,1728000
1791129980.2790,4960,1264,57031,306000000,1728000
1791129980.3291,4960,1272,57000,306000000,1728000
1791129980.3792,4960,1272,56968,306000000,1728000
1791129980.4292,4960,1272,56906,306000000,1728000
1791129980.4793,4960,1264,57000,306000000,1728000
1791129980.5294,4960,1272,57125,306000000,1728000
1791129980.5795,4960,1272,57000,306000000,1728000
1791129980.6296,4960,1280,57062,306000000,1728000
1791129980.6797,4960,1280,56937,306000000,1728000
1791129980.7298,4960,1272,57062,306000000,1728000
1791129980.7799,4960,1272,56937,306000000,1728000
1791129980.8299,4960,1272,57000,306000000,1728000
1791129980.8800,4960,1272,56906,306000000,1728000
1791129980.9301,4960,1264,57000,306000000,1728000
1791129980.9802,4960,1264,57093,306000000,1728000
1791129981.0303,4960,1264,56968,306000000,1728000
1791129981.0803,4960,1264,57062,306000000,1728000
1791129981.1304,4960,1264,56968,306000000,1497600
1791129981.1805,4960,1272,57031,306000000,1728000
1791129981.2306,4960,1272,56937,306000000,1728000
1791129981.2807,4960,1272,57000,306000000,1728000
1791129981.3308,4960,1272,56843,306000000,1728000
1791129981.3809,4960,1272,56906,306000000,1728000
1791129981.4310,4960,1272,57093,306000000,1728000
1791129981.4811,4960,1264,56906,306000000,1728000
1791129981.5312,4960,1264,57062,306000000,1728000
1791129981.5812,4960,1264,56875,306000000,1728000
1791129981.6313,4960,1264,57000,306000000,1728000
1791129981.6814,4960,1264,56906,306000000,1728000
1791129981.7315,4960,1272,56968,306000000,1728000
1791129981.7816,4960,1272,56906,306000000,1728000
1791129981.8317,4960,1272,57000,306000000,1728000
1791129981.8818,4960,1272,57062,306000000,1728000
1791129981.9319,4960,1272,56875,306000000,1728000
1791129981.9820,4960,1272,57093,306000000,1728000
1791129982.0320,4960,1272,56843,306000000,1728000
1791129982.0821,4960,1272,57000,306000000,1728000
1791129982.1322,4960,1272,56875,306000000,1728000
1791129982.1823,4960,1264,57031,306000000,1728000
1791129982.2324,4960,1264,56906,306000000,1728000
1791129982.2825,4960,1272,56937,306000000,1728000
1791129982.3326,4960,1272,57031,306000000,1728000
1791129982.3827,4960,1272,56875,306000000,1728000
1791129982.4327,4960,1272,57000,306000000,1728000
1791129982.4828,4960,1272,56843,306000000,1728000
1791129982.5329,4960,1272,57000,306000000,1728000
1791129982.5830,4960,1272,56843,306000000,1728000
1791129982.6331,4960,1272,56968,306000000,1728000
1791129982.6832,4960,1264,56875,306000000,1728000
1791129982.7332,4960,1272,56906,306000000,1728000
1791129982.7833,4960,1272,56843,306000000,1728000
1791129982.8334,4960,1272,56875,306000000,1728000
1791129982.8835,4960,1280,57031,306000000,1728000
1791129982.9336,4960,1280,56843,306000000,1728000
1791129982.9837,4960,1280,57000,306000000,1728000
1791129983.0338,4960,1272,56781,306000000,1728000
1791129983.0838,4960,1272,56906,306000000,1728000
1791129983.1339,4960,1272,56781,306000000,1728000
1791129983.1840,4960,1272,56906,306000000,1728000
1791129983.2341,4960,1264,56875,306000000,1728000
1791129983.2841,4960,1264,56968,306000000,1728000
1791129983.3342,4960,1264,57031,306000000,1728000
1791129983.3843,4960,1272,56875,306000000,1728000
1791129983.4344,4960,1280,57031,306000000,1728000
1791129983.4845,4960,1280,56750,306000000,1728000
1791129983.5346,4960,1272,56968,306000000,1728000
1791129983.5847,4960,1272,56781,306000000,1728000
1791129983.6348,4960,1272,57000,306000000,1728000
1791129983.6849,4960,1272,56750,306000000,1728000
1791129983.7349,4960,1264,56906,306000000,1728000
1791129983.7850,4960,1264,57000,306000000,1728000
1791129983.8351,4960,1264,56843,306000000,1728000
1791129983.8852,4960,1264,57000,306000000,1728000
1791129983.9353,4960,1264,56812,306000000,1497600
1791129983.9854,4960,1280,56968,306000000,1497600
1791129984.0355,4960,1280,56843,306000000,1728000
1791129984.0856,4960,1280,56843,306000000,1728000
1791129984.1357,4960,1280,56812,306000000,1728000
1791129984.1857,4960,1272,56812,306000000,1728000
1791129984.2358,4960,1280,56968,306000000,1728000
1791129984.2859,4960,1272,56781,306000000,1728000
1791129984.3360,4960,1272,56968,306000000,1728000
1791129984.3861,4960,1272,56843,306000000,1728000
1791129984.4361,4960,1264,56968,306000000,1728000
1791129984.4862,4960,1272,56843,306000000,1728000
1791129984.5363,4960,1280,56843,306000000,1728000
1791129984.5864,4960,1280,56781,306000000,1728000
1791129984.6365,4960,1280,56906,306000000,1728000
1791129984.6866,4960,1280,57000,306000000,1728000
1791129984.7367,4960,1272,56875,306000000,1728000
1791129984.7868,4960,1272,56968,306000000,1728000
1791129984.8369,4960,1264,56843,306000000,1728000
1791129984.8869,4960,1264,56937,306000000,1728000
1791129984.9370,4960,1264,56812,306000000,1728000
1791129984.9871,4960,1264,56937,306000000,1728000
1791129985.0371,4960,1264,56781,306000000,1728000
1791129985.0872,4960,1272,56906,306000000,1497600
1791129985.1373,4960,1272,56781,306000000,1728000
1791129985.1874,4960,1272,56843,306000000,1728000
1791129985.2375,4960,1272,56968,306000000,1728000
1791129985.2876,4960,1280,56781,306000000,1728000
1791129985.3377,4960,1272,56906,306000000,1728000
1791129985.3877,4960,1280,56812,306000000,1728000
1791129985.4378,4960,1280,56875,306000000,1728000
1791129985.4879,4960,1272,56718,306000000,1728000
1791129985.5380,4960,1272,56812,306000000,1728000
1791129985.5881,4960,1272,56718,306000000,1728000
1791129985.6382,4960,1280,56843,306000000,1728000
1791129985.6883,4960,1288,57000,306000000,1728000
1791129985.7383,4960,1280,56781,306000000,1728000
1791129985.7884,4960,1280,56875,306000000,1728000
1791129985.8385,4960,1280,56781,306000000,1728000
1791129985.8886,4960,1272,56843,306000000,1728000
1791129985.9387,4960,1272,56781,306000000,1728000
1791129985.9888,4960,1264,56812,306000000,1728000
1791129986.0388,4960,1264,56750,306000000,1728000
1791129986.0889,4960,1264,56812,306000000,1728000
1791129986.1391,4960,1264,56937,306000000,1728000
1791129986.1892,4960,1272,56781,306000000,1728000
1791129986.2393,4960,1272,57000,306000000,1728000
1791129986.2893,4960,1272,56718,306000000,1728000
1791129986.3394,4960,1272,56906,306000000,1728000
1791129986.3895,4960,1272,56781,306000000,1728000
1791129986.4396,4960,1272,56937,306000000,1728000
1791129986.4897,4960,1264,56781,306000000,1728000
1791129986.5398,4960,1264,56812,306000000,1728000
1791129986.5898,4960,1264,57000,306000000,1728000
1791129986.6399,4960,1264,56843,306000000,1728000
1791129986.6900,4960,1264,56781,306000000,1728000
1791129986.7401,4960,1272,56750,306000000,1728000
1791129986.7902,4960,1280,56781,306000000,1728000
1791129986.8403,4960,1272,56781,306000000,1728000
1791129986.8904,4960,1272,56906,306000000,1728000
1791129986.9405,4960,1272,56718,306000000,1728000
1791129986.9906,4960,1272,56843,306000000,1728000
1791129987.0407,4960,1272,56937,306000000,1728000
1791129987.0907,4960,1264,56812,306000000,1728000
1791129987.1408,4960,1272,56968,306000000,1728000
1791129987.1909,4960,1264,56750,306000000,1728000
1791129987.2410,4960,1264,56906,306000000,1728000
1791129987.2911,4960,1264,56750,306000000,1728000
1791129987.3412,4960,1272,56906,306000000,1728000
1791129987.3913,4960,1272,56781,306000000,1728000
1791129987.4414,4960,1272,56781,306000000,1728000
1791129987.4915,4960,1272,56750,306000000,1728000
1791129987.5415,4960,1272,56812,306000000,1728000
1791129987.5916,4960,1272,57000,306000000,1728000
1791129987.6417,4960,1272,56625,306000000,1728000
1791129987.6918,4960,1272,56843,306000000,1728000
1791129987.7419,4960,1264,56781,306000000,1728000
1791129987.7920,4960,1264,56906,306000000,1728000
1791129987.8421,4960,1264,56687,306000000,1728000
1791129987.8922,4960,1280,56781,306000000,1728000
1791129987.9423,4960,1280,56718,306000000,1728000
1791129987.9924,4960,1272,56781,306000000,1728000
1791129988.0427,4960,1272,56937,306000000,1728000
1791129988.0928,4960,1272,56781,306000000,1728000
1791129988.1429,4960,1272,56812,306000000,1728000
1791129988.1930,4960,1272,56750,306000000,1728000
1791129988.2430,4960,1272,56843,306000000,1728000
1791129988.2931,4960,1272,56750,306000000,1728000
1791129988.3432,4960,1264,56812,306000000,1728000
1791129988.3933,4960,1272,56687,306000000,1728000
1791129988.4434,4960,1280,56718,306000000,1497600
1791129988.4935,4960,1280,56875,306000000,1728000
1791129988.5436,4960,1280,56750,306000000,1728000
1791129988.5937,4960,1280,56843,306000000,1728000
1791129988.6438,4960,1280,56718,306000000,1728000
1791129988.6938,4960,1272,56906,306000000,1728000
1791129988.7439,4960,1272,56750,306000000,1728000
1791129988.7940,4960,1272,56750,306000000,1728000
1791129988.8441,4960,1272,56718,306000000,1728000
1791129988.8942,4960,1264,56750,306000000,1728000
1791129988.9442,4960,1264,56937,306000000,1728000
1791129988.9943,4960,1272,56812,306000000,1728000
1791129989.0444,4960,1280,56906,306000000,1728000
1791129989.0945,4960,1272,56656,306000000,1728000
1791129989.1446,4960,1272,56906,306000000,1728000
1791129989.1947,4960,1272,56750,306000000,1728000
1791129989.2448,4960,1272,56843,306000000,1728000
1791129989.2949,4960,1272,56718,306000000,1728000
1791129989.3450,4960,1264,56812,306000000,1728000
1791129989.3950,4960,1264,56968,306000000,1728000
1791129989.4451,4960,1264,56750,306000000,1728000
1791129989.4952,4960,1264,56968,306000000,1728000
1791129989.5453,4960,1264,56750,306000000,1728000
1791129989.5954,4960,1272,56875,306000000,1728000
1791129989.6455,4960,1272,56750,306000000,1728000
1791129989.6956,4960,1272,56812,306000000,1728000
1791129989.7457,4960,1272,56656,306000000,1728000
1791129989.7957,4960,1264,56750,306000000,1728000
1791129989.8458,4960,1264,56750,306000000,1728000
1791129989.8959,4960,1264,56781,306000000,1728000
1791129989.9460,4960,1256,56843,306000000,1728000
1791129989.9961,4960,1256,56718,306000000,1728000
1791129990.0462,4960,1256,56781,306000000,1728000
1791129990.0963,4960,1264,56750,306000000,1728000
1791129990.1464,4960,1280,56781,306000000,1728000
1791129990.1965,4960,1272,56687,306000000,1728000
1791129990.2466,4960,1272,56750,306000000,1344000
1791129990.2967,4960,1272,56718,306000000,1728000
1791129990.3467,4960,1272,56750,306000000,1728000
1791129990.3968,4960,1264,56875,306000000,1728000
1791129990.4469,4960,1264,56781,306000000,1728000
1791129990.4970,4960,1264,56906,306000000,1728000
1791129990.5471,4960,1264,56781,306000000,1267200
1791129990.5972,4960,1264,56843,306000000,1728000
1791129990.6473,4960,1264,56687,306000000,1728000
1791129990.6974,4960,1272,56875,306000000,1728000
1791129990.7475,4960,1280,56687,306000000,1728000
1791129990.7976,4960,1280,56718,306000000,1728000
1791129990.8477,4960,1280,56968,306000000,1728000
1791129990.8978,4960,1280,56750,306000000,1728000
1791129990.9478,4960,1272,56843,306000000,1728000
1791129990.9979,4960,1280,56718,306000000,1728000
1791129991.0480,4960,1272,56843,306000000,1728000
1791129991.0981,4960,1272,56812,306000000,1728000
1791129991.1482,4960,1272,56750,306000000,1728000
1791129991.1983,4960,1280,56718,306000000,1728000
1791129991.2484,4960,1296,56781,306000000,1728000
1791129991.2985,4960,1304,56968,306000000,1728000
1791129991.3485,4960,1304,56687,306000000,1728000
1791129991.3986,4960,1304,56906,306000000,1728000
1791129991.4487,4960,1312,56687,306000000,1728000
1791129991.4988,4960,1312,56812,306000000,1728000
1791129991.5489,4960,1304,56687,306000000,1728000
1791129991.5990,4960,1296,56718,306000000,1728000
1791129991.6491,4960,1304,56812,306000000,1728000
1791129991.6992,4960,1304,56812,306000000,1728000
1791129991.7492,4960,1296,56937,306000000,1728000
1791129991.7994,4960,1304,56750,306000000,1728000
1791129991.8495,4960,1304,56937,306000000,1728000
1791129991.8996,4960,1296,56687,306000000,1728000
1791129991.9497,4960,1288,56781,306000000,1728000
1791129991.9997,4960,1288,56625,306000000,1728000
1791129992.0498,4960,1288,56781,306000000,1728000
1791129992.0999,4960,1280,56656,306000000,1728000
1791129992.1500,4960,1280,56687,306000000,1728000
1791129992.2001,4960,1272,56625,306000000,1728000
1791129992.2502,4960,1272,56625,306000000,1728000
1791129992.3002,4960,1264,56781,306000000,1728000
1791129992.3503,4960,1280,56656,306000000,1728000
1791129992.4004,4960,1280,56718,306000000,1728000
1791129992.4505,4960,1280,56718,306000000,1728000
1791129992.5006,4960,1272,56750,306000000,1728000
1791129992.5507,4960,1272,56656,306000000,1728000
1791129992.6008,4960,1264,56718,306000000,1728000
1791129992.6509,4960,1264,56687,306000000,1728000
1791129992.7010,4960,1272,56687,306000000,1728000
1791129992.7511,4960,1264,56843,306000000,1728000
1791129992.8012,4960,1272,56656,306000000,1728000
1791129992.8513,4960,1264,56718,306000000,1728000
1791129992.9014,4960,1272,56625,306000000,1497600
1791129992.9515,4960,1272,56718,306000000,1728000
1791129993.0016,4960,1272,56656,306000000,1728000
1791129993.0516,4960,1272,56687,306000000,1728000
1791129993.1017,4960,1264,56593,306000000,1728000
1791129993.1518,4960,1264,56625,306000000,1728000
1791129993.2019,4960,1264,56843,306000000,1728000
1791129993.2520,4960,1264,56625,306000000,1728000
1791129993.3021,4960,1264,56781,306000000,1728000
1791129993.3521,4960,1256,56687,306000000,1728000
1791129993.4022,4960,1256,56750,306000000,1728000
1791129993.4523,4960,1264,56656,306000000,1728000
1791129993.5024,4960,1280,56750,306000000,1728000
1791129993.5525,4960,1272,56656,306000000,1728000
1791129993.6026,4960,1280,56718,306000000,1728000
1791129993.6527,4960,1280,56781,306000000,1728000
1791129993.7028,4960,1272,56625,306000000,1728000
1791129993.7529,4960,1280,56750,306000000,1728000
1791129993.8030,4960,1272,56656,306000000,1728000
1791129993.8531,4960,1264,56718,306000000,1728000
1791129993.9031,4960,1264,56625,306000000,1728000
1791129993.9532,4960,1264,56718,306000000,1728000
1791129994.0033,4960,1272,56625,306000000,1344000
1791129994.0534,4960,1280,56718,306000000,1728000
1791129994.1035,4960,1272,56812,306000000,1728000
1791129994.1536,4960,1272,56625,306000000,1728000
1791129994.2037,4960,1272,56750,306000000,1728000
1791129994.2538,4960,1272,56625,306000000,1728000
1791129994.3038,4960,1272,56750,306000000,1728000
1791129994.3539,4960,1264,56625,306000000,1728000
1791129994.4040,4960,1264,56687,306000000,1728000
1791129994.4541,4960,1256,56625,306000000,1728000
1791129994.5042,4960,1256,56687,306000000,1728000
1791129994.5543,4960,1256,56562,306000000,1728000
1791129994.6044,4960,1272,56718,306000000,1728000
1791129994.6545,4960,1272,56687,306000000,1728000
1791129994.7046,4960,1272,56625,306000000,1728000
1791129994.7547,4960,1264,56687,306000000,1728000
1791129994.8048,4960,1264,56687,306000000,1728000
1791129994.8549,4960,1264,56687,306000000,1728000
1791129994.9049,4960,1264,56656,306000000,1728000
1791129994.9551,4960,1264,56562,306000000,1728000
1791129995.0051,4960,1264,56625,306000000,1728000
1791129995.0552,4960,1264,56656,306000000,1728000
1791129995.1053,4960,1264,56843,306000000,1728000
1791129995.1554,4960,1280,56625,306000000,1574400
1791129995.2055,4960,1272,56750,306000000,1728000
1791129995.2556,4960,1272,56625,306000000,1728000
1791129995.3057,4960,1272,56687,306000000,1728000
1791129995.3558,4960,1272,56625,306000000,1728000
1791129995.4059,4960,1272,56593,306000000,1728000
1791129995.4559,4960,1272,56562,306000000,1728000
1791129995.5060,4960,1264,56656,306000000,1728000
1791129995.5561,4960,1264,56843,306000000,1728000
1791129995.6062,4960,1264,56656,306000000,1728000
1791129995.6562,4960,1264,56781,306000000,1728000
1791129995.7063,4960,1280,56562,306000000,1728000
1791129995.7565,4960,1280,56687,306000000,1728000
1791129995.8065,4960,1272,56593,306000000,1728000
1791129995.8566,4960,1272,56625,306000000,1728000
1791129995.9067,4960,1272,56625,306000000,1728000
1791129995.9568,4960,1264,56656,306000000,1728000
1791129996.0069,4960,1272,56750,306000000,1728000
1791129996.0570,4960,1272,56593,306000000,1728000
1791129996.1071,4960,1272,56656,306000000,1728000
1791129996.1572,4960,1280,56593,306000000,1728000
1791129996.2072,4960,1272,56656,306000000,1728000
1791129996.2573,4960,1280,56562,306000000,1728000
1791129996.3074,4960,1280,56625,306000000,1728000
1791129996.3575,4960,1272,56500,306000000,1728000
1791129996.4076,4960,1280,56656,306000000,1728000
1791129996.4577,4960,1280,56750,306000000,1728000
1791129996.5078,4960,1272,56593,306000000,1728000
1791129996.5579,4960,1272,56656,306000000,1728000
1791129996.6079,4960,1272,56593,306000000,1728000
1791129996.6580,4960,1272,56687,306000000,1728000
1791129996.7081,4960,1272,56625,306000000,1728000
1791129996.7582,4960,1264,56781,306000000,1728000
1791129996.8083,4960,1272,56625,306000000,1728000
1791129996.8584,4960,1280,56593,306000000,1728000
1791129996.9085,4960,1280,56625,306000000,1728000
1791129996.9586,4960,1272,56625,306000000,1728000
1791129997.0087,4960,1272,56750,306000000,1728000
1791129997.0588,4960,1272,56562,306000000,1728000
1791129997.1088,4960,1272,56656,306000000,1728000
1791129997.1589,4960,1272,56593,306000000,1728000
1791129997.2090,4960,1272,56718,306000000,1728000
1791129997.2591,4960,1272,56562,306000000,1728000
1791129997.3092,4960,1272,56625,306000000,1728000
1791129997.3592,4960,1272,56593,306000000,1728000
1791129997.4094,4960,1280,56656,306000000,1728000
1791129997.4594,4960,1280,56750,306000000,1728000
1791129997.5095,4960,1280,56531,306000000,1728000
1791129997.5596,4960,1272,56593,306000000,1728000
1791129997.6097,4960,1272,56562,306000000,1728000
1791129997.6598,4960,1272,56718,306000000,1728000
1791129997.7099,4960,1272,56562,306000000,1728000
1791129997.7600,4960,1264,56625,306000000,1728000
1791129997.8101,4960,1264,56531,306000000,1728000
1791129997.8602,4960,1264,56593,306000000,1728000
1791129997.9102,4960,1264,56812,306000000,1728000
1791129997.9603,4960,1280,56625,306000000,1728000
1791129998.0104,4960,1272,56656,306000000,1728000
1791129998.0605,4960,1272,56500,306000000,1728000
1791129998.1106,4960,1264,56750,306000000,1728000
1791129998.1607,4960,1264,56593,306000000,1728000
1791129998.2108,4960,1264,56593,306000000,1728000
1791129998.2609,4960,1264,56500,306000000,1728000
1791129998.3109,4960,1264,56593,306000000,1728000
1791129998.3610,4960,1264,56718,306000000,1728000
1791129998.4111,4960,1264,56562,306000000,1728000
1791129998.4612,4960,1264,56750,306000000,1497600
1791129998.5113,4960,1280,56562,306000000,1497600
1791129998.5614,4960,1272,56656,306000000,1728000
1791129998.6115,4960,1272,56593,306000000,1728000
1791129998.6616,4960,1272,56687,306000000,1728000
1791129998.7116,4960,1272,56562,306000000,1728000
1791129998.7617,4960,1272,56625,306000000,1728000
1791129998.8118,4960,1264,56687,306000000,1728000
1791129998.8619,4960,1272,56625,306000000,1728000
1791129998.9120,4960,1272,56718,306000000,1728000
1791129998.9621,4960,1264,56562,306000000,1728000
1791129999.0122,4960,1264,56687,306000000,1728000
1791129999.0623,4960,1272,56562,306000000,1728000
1791129999.1124,4960,1280,56625,306000000,1728000
1791129999.1625,4960,1280,56562,306000000,1728000
1791129999.2125,4960,1272,56625,306000000,1728000
1791129999.2626,4960,1272,56531,306000000,1728000
1791129999.3127,4960,1272,56656,306000000,1728000
1791129999.3628,4960,1264,56718,306000000,1728000
1791129999.4129,4960,1272,56593,306000000,1728000
1791129999.4630,4960,1264,56687,306000000,1728000
1791129999.5131,4960,1264,56531,306000000,1728000
1791129999.5632,4960,1264,56656,306000000,1728000
1791129999.6133,4960,1272,56593,306000000,1728000
1791129999.6634,4960,1280,56625,306000000,1728000
1791129999.7135,4960,1272,56531,306000000,1728000
1791129999.7635,4960,1272,56656,306000000,1728000
1791129999.8136,4960,1272,56812,306000000,1728000
1791129999.8637,4960,1272,56531,306000000,1728000
1791129999.9138,4960,1272,56562,306000000,1728000
1791129999.9639,4960,1264,56531,306000000,1728000
1791130000.0140,4960,1264,56687,306000000,1728000
1791130000.0641,4960,1264,56593,306000000,1728000
1791130000.1142,4960,1264,56562,306000000,1728000
1791130000.1643,4960,1272,56562,306000000,1728000
1791130000.2144,4960,1272,56562,306000000,1728000
1791130000.2644,4960,1272,56718,306000000,1728000
1791130000.3145,4960,1272,56531,306000000,1728000
1791130000.3646,4960,1272,56656,306000000,1728000
1791130000.4147,4960,1264,56625,306000000,1728000
1791130000.4648,4960,1264,56625,306000000,1728000
1791130000.5149,4960,1264,56531,306000000,1728000
1791130000.5649,4960,1264,56593,306000000,1728000
1791130000.6150,4960,1264,56500,306000000,1728000
1791130000.6651,4960,1264,56500,306000000,1728000
1791130000.7152,4960,1264,56781,306000000,1497600
1791130000.7653,4960,1272,56531,306000000,1728000
1791130000.8154,4960,1272,56625,306000000,1728000
1791130000.8655,4960,1272,56531,306000000,1728000
1791130000.9156,4960,1272,56562,306000000,1728000
1791130000.9657,4960,1272,56531,306000000,1728000
1791130001.0158,4960,1272,56531,306000000,1728000
1791130001.0659,4960,1264,56500,306000000,1728000
1791130001.1159,4960,1264,56562,306000000,1728000
1791130001.1660,4960,1264,56781,306000000,1728000
1791130001.2161,4960,1264,56562,306000000,1728000
1791130001.2662,4960,1272,56687,306000000,1728000
1791130001.3163,4960,1280,56562,306000000,1728000
1791130001.3664,4960,1280,56593,306000000,1728000
1791130001.4165,4960,1280,56500,306000000,1728000
1791130001.4666,4960,1272,56593,306000000,1728000
1791130001.5167,4960,1272,56468,306000000,1728000
1791130001.5668,4960,1264,56625,306000000,1728000
1791130001.6169,4960,1264,56531,306000000,1728000
1791130001.6669,4960,1264,56593,306000000,1728000
1791130001.7170,4960,1264,56656,306000000,1728000
1791130001.7671,4960,1264,56500,306000000,1728000
1791130001.8172,4960,1264,56656,306000000,1728000
1791130001.8673,4960,1272,56531,306000000,1728000
1791130001.9174,4960,1272,56593,306000000,1728000
1791130001.9675,4960,1272,56500,306000000,1728000
1791130002.0176,4960,1272,56562,306000000,1728000
1791130002.0677,4960,1264,56500,306000000,1728000
1791130002.1178,4960,1264,56531,306000000,1728000
1791130002.1679,4960,1264,56687,306000000,1728000
1791130002.2179,4960,1256,56562,306000000,1728000
1791130002.2680,4960,1256,56531,306000000,1728000
1791130002.3181,4960,1264,56531,306000000,1728000
1791130002.3682,4960,1264,56531,306000000,1728000
1791130002.4183,4960,1272,56531,306000000,1497600
1791130002.4684,4960,1272,56562,306000000,1728000
1791130002.5185,4960,1272,56531,306000000,1728000
1791130002.5686,4960,1272,56562,306000000,1728000
1791130002.6187,4960,1272,56593,306000000,1728000
1791130002.6687,4960,1272,56500,306000000,1728000
1791130002.7188,4960,1264,56593,306000000,1728000
1791130002.7689,4960,1264,56500,306000000,1728000
1791130002.8190,4960,1264,56625,306000000,1728000
1791130002.8691,4960,1264,56500,306000000,1728000
1791130002.9191,4960,1264,56500,306000000,1728000
1791130002.9692,4960,1272,56531,306000000,1497600
1791130003.0193,4960,1272,56562,306000000,1728000
1791130003.0694,4960,1272,56718,306000000,1728000
1791130003.1195,4960,1272,56500,306000000,1728000
1791130003.1696,4960,1272,56656,306000000,1728000
1791130003.2197,4960,1264,56562,306000000,1728000
1791130003.2697,4960,1264,56562,306000000,1728000
1791130003.3198,4960,1272,56500,306000000,1728000
1791130003.3699,4960,1264,56562,306000000,1728000
1791130003.4200,4960,1264,56468,306000000,1728000
1791130003.4701,4960,1256,56531,306000000,1728000
1791130003.5202,4960,1272,56718,306000000,1728000
1791130003.5703,4960,1272,56531,306000000,1728000
1791130003.6204,4960,1272,56562,306000000,1728000
1791130003.6704,4960,1264,56500,306000000,1728000
1791130003.7205,4960,1264,56562,306000000,1728000
1791130003.7706,4960,1264,56531,306000000,1728000
1791130003.8207,4960,1264,56531,306000000,1728000
1791130003.8708,4960,1264,56500,306000000,1728000
1791130003.9209,4960,1264,56468,306000000,1728000
1791130003.9710,4960,1256,56562,306000000,1728000
1791130004.0210,4960,1256,56500,306000000,1728000
1791130004.0711,4960,1272,56656,306000000,1728000
1791130004.1212,4960,1280,56500,306000000,1728000
1791130004.1713,4960,1272,56593,306000000,1728000
1791130004.2214,4960,1272,56500,306000000,1728000
1791130004.2715,4960,1272,56562,306000000,1728000
1791130004.3216,4960,1272,56468,306000000,1728000
1791130004.3717,4960,1264,56500,306000000,1728000
1791130004.4218,4960,1264,56500,306000000,1728000
1791130004.4719,4960,1256,56406,306000000,1728000
1791130004.5220,4960,1264,56531,306000000,1728000
1791130004.5720,4960,1264,56500,306000000,1728000
1791130004.6221,4960,1264,56531,306000000,1728000
1791130004.6722,4960,1280,56500,306000000,1728000
1791130004.7223,4960,1272,56562,306000000,1728000
1791130004.7724,4960,1272,56500,306000000,1728000
1791130004.8225,4960,1272,56531,306000000,1728000
1791130004.8726,4960,1264,56468,306000000,1728000
1791130004.9227,4960,1264,56562,306000000,1728000
1791130004.9728,4960,1264,56656,306000000,1728000
1791130005.0229,4960,1272,56500,306000000,1728000
1791130005.0730,4960,1264,56593,306000000,1728000
1791130005.1231,4960,1264,56437,306000000,1728000
1791130005.1732,4960,1272,56593,306000000,1420800
1791130005.2233,4960,1280,56468,306000000,1728000
1791130005.2734,4960,1280,56500,306000000,1728000
1791130005.3234,4960,1280,56406,306000000,1728000
1791130005.3735,4960,1272,56468,306000000,1728000
1791130005.4236,4960,1272,56718,306000000,1728000
1791130005.4737,4960,1272,56500,306000000,1728000
1791130005.5238,4960,1272,56593,306000000,1728000
1791130005.5739,4960,1272,56500,306000000,1728000
1791130005.6240,4960,1264,56531,306000000,1728000
1791130005.6741,4960,1264,56500,306000000,1728000
1791130005.7242,4960,1264,56531,306000000,1728000
1791130005.7743,4960,1280,56406,306000000,1728000
1791130005.8243,4960,1280,56500,306000000,1728000
1791130005.8744,4960,1272,56750,306000000,1728000
1791130005.9245,4960,1272,56500,306000000,1728000
1791130005.9746,4960,1264,56500,306000000,1728000
1791130006.0247,4960,1272,56500,306000000,1728000
1791130006.0748,4960,1272,56562,306000000,1728000
1791130006.1249,4960,1264,56500,306000000,1728000
1791130006.1750,4960,1264,56500,306000000,1728000
1791130006.2251,4960,1264,56468,306000000,1728000
1791130006.2752,4960,1264,56562,306000000,1497600
1791130006.3253,4960,1280,56437,306000000,1728000
1791130006.3754,4960,1280,56500,306000000,1728000
1791130006.4254,4960,1272,56593,306000000,1728000
1791130006.4755,4960,1264,56500,306000000,1728000
1791130006.5256,4960,1272,56531,306000000,1728000
1791130006.5757,4960,1264,56500,306000000,1728000
1791130006.6258,4960,1264,56593,306000000,1728000
1791130006.6759,4960,1264,56468,306000000,1728000
1791130006.7260,4960,1264,56531,306000000,1728000
1791130006.7761,4960,1256,56500,306000000,1728000
1791130006.8262,4960,1256,56500,306000000,1728000
1791130006.8763,4960,1272,56593,306000000,1728000
1791130006.9264,4960,1272,56500,306000000,1728000
1791130006.9765,4960,1272,56562,306000000,1728000
1791130007.0266,4960,1264,56468,306000000,1728000
1791130007.0767,4960,1264,56562,306000000,1728000
1791130007.1267,4960,1272,56468,306000000,1728000
1791130007.1768,4960,1264,56500,306000000,1728000
1791130007.2269,4960,1264,56406,306000000,1728000
1791130007.2770,4960,1264,56500,306000000,1728000
1791130007.3271,4960,1256,56593,306000000,1728000
1791130007.3772,4960,1256,56500,306000000,1728000
1791130007.4273,4960,1264,56531,306000000,1497600
1791130007.4774,4960,1272,56437,306000000,1728000
1791130007.5275,4960,1272,56593,306000000,1728000
1791130007.5776,4960,1272,56437,306000000,1728000
1791130007.6277,4960,1264,56500,306000000,1728000
1791130007.6777,4960,1264,56437,306000000,1728000
1791130007.7278,4960,1264,56500,306000000,1728000
1791130007.7779,4960,1264,56593,306000000,1728000
1791130007.8280,4960,1264,56406,306000000,1728000
1791130007.8781,4960,1264,56562,306000000,1728000
1791130007.9282,4960,1264,56500,306000000,1728000
1791130007.9783,4960,1272,56500,306000000,1728000
1791130008.0284,4960,1280,56500,306000000,1728000
1791130008.0785,4960,1272,56468,306000000,1728000
1791130008.1286,4960,1272,56437,306000000,1728000
1791130008.1786,4960,1272,56500,306000000,1728000
1791130008.2287,4960,1264,56562,306000000,1728000
1791130008.2788,4960,1264,56500,306000000,1728000
1791130008.3289,4960,1264,56531,306000000,1728000
1791130008.3790,4960,1264,56500,306000000,1728000
1791130008.4291,4960,1264,56562,306000000,1728000
1791130008.4791,4960,1264,56500,306000000,1728000
1791130008.5292,4960,1264,56406,306000000,1728000
1791130008.5793,4960,1272,56468,306000000,1728000
1791130008.6294,4960,1272,56500,306000000,1728000
1791130008.6795,4960,1272,56468,306000000,1728000
1791130008.7296,4960,1272,56500,306000000,1728000
1791130008.7797,4960,1264,56562,306000000,1728000
1791130008.8298,4960,1264,56500,306000000,1728000
1791130008.8799,4960,1264,56531,306000000,1728000
1791130008.9300,4960,1264,56500,306000000,1728000
1791130008.9800,4960,1272,56500,306000000,1728000
1791130009.0301,4960,1272,56375,306000000,1728000
1791130009.0802,4960,1272,56500,306000000,1728000
1791130009.1303,4960,1288,56500,306000000,1728000
1791130009.1804,4960,1288,56500,306000000,1728000
1791130009.2305,4960,1288,56531,306000000,1728000
1791130009.2806,4960,1280,56437,306000000,1728000
1791130009.3307,4960,1280,56593,306000000,1728000
1791130009.3808,4960,1280,56718,306000000,1728000
1791130009.4308,4960,1280,56531,306000000,1728000
1791130009.4809,4960,1280,56500,306000000,1728000
1791130009.5310,4960,1280,56531,306000000,1728000
1791130009.5811,4960,1272,56437,306000000,1728000
1791130009.6312,4960,1288,56500,306000000,1728000
1791130009.6813,4960,1304,56656,306000000,1728000
1791130009.7314,4952,1312,56500,306000000,1728000
1791130009.7815,4952,1312,56500,306000000,1728000
1791130009.8315,4960,1312,56500,306000000,1728000
1791130009.8816,4952,1312,56531,306000000,1728000
1791130009.9317,4952,1312,56437,306000000,1728000
1791130009.9818,4960,1304,56500,306000000,1728000
1791130010.0319,4960,1304,56375,306000000,1728000
1791130010.0820,4960,1304,56531,306000000,1728000
1791130010.1320,4960,1296,56625,306000000,1728000
1791130010.1821,4960,1296,56500,306000000,1728000
1791130010.2322,4960,1304,56531,306000000,1728000
1791130010.2823,4960,1296,56500,306000000,1728000
1791130010.3324,4960,1296,56531,306000000,1728000
1791130010.3825,4960,1288,56468,306000000,1728000
1791130010.4326,4960,1280,56500,306000000,1728000
1791130010.4827,4960,1280,56406,306000000,1728000
1791130010.5328,4960,1280,56500,306000000,1728000
1791130010.5829,4960,1272,56687,306000000,1728000
1791130010.6330,4960,1272,56500,306000000,1728000
1791130010.6831,4960,1272,56500,306000000,1728000
1791130010.7332,4960,1264,56468,306000000,1728000
1791130010.7833,4960,1272,56531,306000000,1728000
1791130010.8334,4960,1272,56437,306000000,1728000
1791130010.8834,4960,1272,56500,306000000,1728000
1791130010.9335,4960,1272,56437,306000000,1728000
1791130010.9836,4960,1272,56500,306000000,1728000
1791130011.0337,4960,1272,56500,306000000,1728000
1791130011.0838,4960,1264,56437,306000000,1728000
1791130011.1339,4960,1264,56500,306000000,1728000
1791130011.1839,4960,1264,56500,306000000,1728000
1791130011.2340,4960,1264,56500,306000000,1728000
1791130011.2841,4960,1264,56406,306000000,1728000
1791130011.3342,4960,1272,56500,306000000,1728000
1791130011.3843,4960,1272,56468,306000000,1728000
1791130011.4344,4960,1272,56500,306000000,1728000
1791130011.4845,4960,1272,56500,306000000,1728000
1791130011.5346,4960,1272,56500,306000000,1728000
1791130011.5847,4960,1272,56593,306000000,1728000
1791130011.6348,4960,1264,56468,306000000,1728000
1791130011.6848,4960,1264,56531,306000000,1728000
1791130011.7349,4960,1264,56500,306000000,1728000
1791130011.7850,4960,1264,56500,306000000,1728000
1791130011.8351,4960,1264,56468,306000000,1728000
1791130011.8852,4960,1272,56468,306000000,1728000
1791130011.9353,4960,1280,56437,306000000,1497600
1791130011.9854,4960,1272,56500,306000000,1728000
1791130012.0355,4960,1272,56625,306000000,1728000
1791130012.0856,4960,1272,56437,306000000,1728000
1791130012.1357,4960,1272,56531,306000000,1728000
1791130012.1858,4960,1272,56343,306000000,1728000
1791130012.2359,4960,1272,56500,306000000,1728000
1791130012.2859,4960,1272,56468,306000000,1728000
1791130012.3360,4960,1272,56500,306000000,1728000
1791130012.3861,4960,1264,56343,306000000,1728000
1791130012.4362,4960,1272,56500,306000000,1728000
1791130012.4863,4960,1280,56625,306000000,1728000
1791130012.5364,4960,1280,56375,306000000,1728000
1791130012.5865,4960,1272,56562,306000000,1728000
1791130012.6366,4960,1272,56468,306000000,1728000
1791130012.6867,4960,1264,56500,306000000,1728000
1791130012.7368,4960,1264,56437,306000000,1728000
1791130012.7869,4960,1272,56468,306000000,1728000
1791130012.8370,4960,1264,56406,306000000,1728000
1791130012.8870,4960,1264,56468,306000000,1728000
1791130012.9371,4960,1264,56531,306000000,1728000
1791130012.9872,4960,1264,56500,306000000,1497600
1791130013.0373,4960,1280,56500,306000000,1728000
1791130013.0874,4960,1272,56406,306000000,1728000
1791130013.1375,4960,1272,56500,306000000,1728000
1791130013.1876,4960,1272,56437,306000000,1728000
1791130013.2377,4960,1272,56500,306000000,1728000
1791130013.2878,4960,1272,56406,306000000,1728000
1791130013.3379,4960,1264,56406,306000000,1728000
1791130013.3880,4960,1264,56468,306000000,1728000
1791130013.4381,4960,1264,56500,306000000,1728000
1791130013.4881,4960,1256,56562,306000000,1728000
1791130013.5382,4960,1264,56468,306000000,1728000
1791130013.5883,4960,1280,56500,306000000,1497600
1791130013.6384,4960,1272,56375,306000000,1728000
1791130013.6885,4960,1272,56531,306000000,1728000
1791130013.7386,4960,1264,56406,306000000,1728000
1791130013.7887,4960,1264,56468,306000000,1728000
1791130013.8388,4960,1264,56343,306000000,1728000
1791130013.8889,4960,1264,56437,306000000,1728000
1791130013.9389,4960,1264,56500,306000000,1728000
1791130013.9890,4960,1264,56500,306000000,1728000
1791130014.0391,4960,1256,56500,306000000,1728000
1791130014.0892,4960,1256,56375,306000000,1728000
1791130014.1393,4960,1272,56500,306000000,1728000
1791130014.1894,4960,1272,56437,306000000,1728000
1791130014.2395,4960,1272,56468,306000000,1728000
1791130014.2896,4960,1264,56437,306000000,1728000
1791130014.3397,4960,1264,56500,306000000,1728000
1791130014.3897,4960,1264,56531,306000000,1728000
1791130014.4398,4960,1264,56437,306000000,1728000
1791130014.4899,4960,1256,56531,306000000,1728000
1791130014.5400,4960,1256,56468,306000000,1728000
1791130014.5901,4960,1256,56500,306000000,1728000
1791130014.6402,4960,1256,56312,306000000,1728000
1791130014.6903,4960,1264,56468,306000000,1728000
1791130014.7404,4960,1272,56437,306000000,1728000
1791130014.7905,4960,1272,56468,306000000,1728000
1791130014.8406,4960,1264,56500,306000000,1728000
1791130014.8907,4960,1264,56500,306000000,1728000
1791130014.9408,4960,1264,56500,306000000,1728000
1791130014.9908,4960,1264,56437,306000000,1728000
1791130015.0409,4960,1264,56468,306000000,1728000
1791130015.0910,4960,1264,56406,306000000,1728000
1791130015.1411,4960,1256,56468,306000000,1728000
1791130015.1912,4960,1264,56437,306000000,1728000
1791130015.2413,4960,1272,56406,306000000,1728000
1791130015.2914,4960,1272,56531,306000000,1728000
1791130015.3415,4960,1264,56406,306000000,1728000
1791130015.3915,4960,1272,56468,306000000,1728000
1791130015.4416,4960,1264,56375,306000000,1728000
1791130015.4917,4960,1264,56500,306000000,1728000
1791130015.5418,4960,1264,56375,306000000,1728000
1791130015.5919,4960,1264,56468,306000000,1728000
1791130015.6420,4960,1264,56375,306000000,1728000
1791130015.6921,4960,1264,56406,306000000,1728000
1791130015.7422,4960,1264,56468,306000000,1728000
1791130015.7923,4960,1264,56468,306000000,1420800
1791130015.8424,4960,1272,56468,306000000,1728000
1791130015.8925,4960,1272,56437,306000000,1728000
1791130015.9426,4960,1272,56468,306000000,1728000
1791130015.9927,4960,1264,56375,306000000,1728000
1791130016.0428,4960,1256,56437,306000000,1728000
1791130016.0929,4960,1264,56375,306000000,1728000
1791130016.1430,4960,1264,56468,306000000,1728000
1791130016.1930,4960,1264,56375,306000000,1728000
1791130016.2431,4960,1264,56437,306000000,1728000
1791130016.2932,4960,1264,56500,306000000,1728000
1791130016.3433,4960,1272,56437,306000000,1497600
1791130016.3934,4960,1280,56500,306000000,1728000
1791130016.4435,4960,1272,56406,306000000,1728000
1791130016.4936,4960,1272,56468,306000000,1728000
1791130016.5437,4960,1272,56406,306000000,1728000
1791130016.5938,4960,1272,56375,306000000,1728000
1791130016.6439,4960,1264,56375,306000000,1728000
1791130016.6940,4960,1264,56437,306000000,1728000
1791130016.7440,4960,1264,56468,306000000,1728000
1791130016.7941,4960,1264,56375,306000000,1728000
1791130016.8442,4960,1264,56500,306000000,1728000
1791130016.8943,4960,1264,56406,306000000,1728000
1791130016.9444,4960,1272,56500,306000000,1728000
1791130016.9945,4960,1272,56406,306000000,1728000
1791130017.0446,4960,1264,56406,306000000,1728000
1791130017.0947,4960,1264,56375,306000000,1728000
1791130017.1448,4960,1264,56500,306000000,1728000
1791130017.1949,4960,1264,56562,306000000,1728000
1791130017.2450,4960,1264,56406,306000000,1728000
1791130017.2951,4960,1264,56437,306000000,1728000
1791130017.3451,4960,1264,56375,306000000,1728000
1791130017.3952,4960,1264,56500,306000000,1728000
1791130017.4453,4960,1264,56375,306000000,1728000
1791130017.4954,4960,1280,56406,306000000,1728000
1791130017.5455,4960,1272,56375,306000000,1728000
1791130017.5956,4960,1272,56406,306000000,1728000
1791130017.6457,4960,1272,56531,306000000,1728000
1791130017.6958,4960,1264,56406,306000000,1728000
1791130017.7459,4960,1264,56500,306000000,1728000
1791130017.7960,4960,1264,56375,306000000,1728000
1791130017.8461,4960,1264,56500,306000000,1728000
1791130017.8962,4960,1264,56375,306000000,1728000
1791130017.9462,4960,1256,56406,306000000,1728000
1791130017.9963,4960,1256,56375,306000000,1728000
1791130018.0464,4960,1272,56437,306000000,1728000
1791130018.0965,4960,1264,56375,306000000,1728000
1791130018.1466,4960,1272,56406,306000000,1728000
1791130018.1967,4960,1264,56468,306000000,1728000
1791130018.2468,4960,1264,56437,306000000,1728000
1791130018.2968,4960,1264,56468,306000000,1728000
1791130018.3469,4960,1264,56406,306000000,1728000
1791130018.3970,4960,1264,56437,306000000,1728000
1791130018.4471,4960,1264,56343,306000000,1728000
1791130018.4972,4960,1264,56437,306000000,1728000
1791130018.5473,4960,1264,56375,306000000,1728000
1791130018.5973,4960,1272,56437,306000000,1728000
1791130018.6474,4960,1272,56500,306000000,1728000
1791130018.6975,4960,1272,56406,306000000,1728000
1791130018.7476,4960,1272,56406,306000000,1728000
1791130018.7977,4960,1264,56406,306000000,1728000
1791130018.8478,4960,1264,56406,306000000,1728000
1791130018.8979,4960,1264,56281,306000000,1728000
1791130018.9480,4960,1256,56468,306000000,1728000
1791130018.9980,4960,1264,56406,306000000,1728000
1791130019.0481,4960,1264,56406,306000000,1728000
1791130019.0982,4960,1264,56500,306000000,1728000
1791130019.1483,4960,1272,56437,306000000,1728000
1791130019.1984,4960,1272,56437,306000000,1728000
1791130019.2485,4960,1272,56375,306000000,1728000
1791130019.2986,4960,1272,56500,306000000,1728000
1791130019.3487,4960,1264,56343,306000000,1728000
1791130019.3988,4960,1264,56375,306000000,1728000
1791130019.4488,4960,1264,56281,306000000,1728000
1791130019.4989,4960,1264,56406,306000000,1728000
1791130019.5490,4960,1264,56468,306000000,1728000
1791130019.5991,4960,1264,56343,306000000,1728000
1791130019.6492,4960,1264,56406,306000000,1728000
1791130019.6993,4960,1272,56375,306000000,1728000
1791130019.7494,4960,1280,56375,306000000,1728000
1791130019.7995,4960,1272,56375,306000000,1728000
1791130019.8496,4960,1272,56500,306000000,1728000
1791130019.8996,4960,1272,56468,306000000,1728000
1791130019.9497,4960,1272,56468,306000000,1728000
1791130019.9998,4960,1264,56562,306000000,1728000
1791130020.0499,4960,1264,56343,306000000,1728000
1791130020.1000,4960,1264,56468,306000000,1728000
1791130020.1501,4960,1272,56375,306000000,1728000
1791130020.2002,4960,1264,56406,306000000,1728000
1791130020.2503,4960,1272,56343,306000000,1728000
1791130020.3004,4960,1280,56437,306000000,1728000
1791130020.3505,4960,1272,56406,306000000,1728000
1791130020.4006,4960,1272,56468,306000000,1728000
1791130020.4507,4960,1272,56406,306000000,1728000
1791130020.5007,4960,1272,56375,306000000,1728000
1791130020.5508,4960,1264,56500,306000000,1728000
1791130020.6009,4960,1264,56375,306000000,1728000
1791130020.6511,4960,1264,56468,306000000,1728000
1791130020.7011,4960,1264,56312,306000000,1728000
1791130020.7512,4960,1264,56343,306000000,1728000
1791130020.8013,4960,1272,56375,306000000,1728000
1791130020.8514,4960,1280,56406,306000000,1728000
1791130020.9015,4960,1280,56343,306000000,1728000
1791130020.9516,4960,1272,56343,306000000,1728000
1791130021.0017,4960,1272,56437,306000000,1728000
1791130021.0517,4960,1264,56312,306000000,1728000
1791130021.1018,4960,1264,56468,306000000,1728000
1791130021.1519,4960,1264,56312,306000000,1728000
1791130021.2020,4960,1264,56406,306000000,1728000
1791130021.2521,4960,1264,56343,306000000,1728000
1791130021.3021,4960,1264,56406,306000000,1728000
1791130021.3522,4960,1264,56312,306000000,1728000
1791130021.4023,4960,1272,56375,306000000,1728000
1791130021.4524,4960,1272,56468,306000000,1728000
1791130021.5025,4960,1272,56312,306000000,1728000
1791130021.5526,4960,1272,56437,306000000,1728000
1791130021.6027,4960,1264,56406,306000000,1728000
1791130021.6528,4960,1264,56468,306000000,1728000
1791130021.7029,4960,1264,56281,306000000,1728000
1791130021.7530,4960,1264,56343,306000000,1728000
1791130021.8031,4960,1264,56218,306000000,1728000
1791130021.8531,4960,1264,56406,306000000,1728000
1791130021.9032,4960,1264,56375,306000000,1728000
1791130021.9533,4960,1272,56312,306000000,1497600
1791130022.0034,4960,1272,56437,306000000,1728000
1791130022.0535,4960,1272,56312,306000000,1728000
1791130022.1036,4960,1272,56406,306000000,1728000
1791130022.1537,4960,1264,56343,306000000,1728000
1791130022.2038,4960,1264,56437,306000000,1728000
1791130022.2539,4960,1264,56343,306000000,1728000
1791130022.3039,4960,1264,56343,306000000,1728000
1791130022.3540,4960,1264,56437,306000000,1728000
1791130022.4041,4960,1264,56312,306000000,1728000
1791130022.4542,4960,1264,56406,306000000,1728000
1791130022.5043,4960,1272,56375,306000000,1728000
1791130022.5544,4960,1280,56406,306000000,1728000
1791130022.6045,4960,1280,56312,306000000,1728000
1791130022.6546,4960,1272,56437,306000000,1728000
1791130022.7047,4960,1272,56187,306000000,1728000
1791130022.7548,4960,1264,56406,306000000,1728000
1791130022.8049,4960,1264,56343,306000000,1728000
1791130022.8550,4960,1256,56312,306000000,1728000
1791130022.9050,4960,1264,56437,306000000,1728000
1791130022.9551,4960,1264,56312,306000000,1728000
1791130023.0052,4960,1264,56468,306000000,1728000
1791130023.0553,4960,1272,56281,306000000,1497600
1791130023.1054,4960,1272,56437,306000000,1728000
1791130023.1555,4960,1280,56250,306000000,1728000
1791130023.2056,4960,1272,56343,306000000,1728000
1791130023.2557,4960,1272,56343,306000000,1728000
1791130023.3058,4960,1264,56218,306000000,1728000
1791130023.3558,4960,1264,56343,306000000,1728000
1791130023.4059,4960,1264,56250,306000000,1728000
1791130023.4560,4960,1264,56437,306000000,1728000
1791130023.5061,4960,1264,56343,306000000,1728000
1791130023.5562,4960,1256,56375,306000000,1728000
1791130023.6063,4960,1272,56343,306000000,1728000
1791130023.6564,4960,1280,56281,306000000,1728000
1791130023.7065,4960,1272,56250,306000000,1728000
1791130023.7566,4960,1264,56281,306000000,1728000
1791130023.8067,4960,1264,56437,306000000,1728000
1791130023.8568,4960,1264,56406,306000000,1728000
1791130023.9068,4960,1264,56437,306000000,1728000
1791130023.9569,4960,1264,56343,306000000,1728000
1791130024.0070,4960,1264,56375,306000000,1728000
1791130024.0571,4960,1256,56218,306000000,1728000
1791130024.1072,4960,1264,56250,306000000,1728000
1791130024.1573,4960,1264,56281,306000000,1728000
1791130024.2074,4960,1272,56312,306000000,1728000
1791130024.2575,4960,1272,56406,306000000,1728000
1791130024.3076,4960,1272,56312,306000000,1728000
1791130024.3577,4960,1272,56375,306000000,1728000
1791130024.4078,4960,1272,56343,306000000,1728000
1791130024.4578,4960,1264,56343,306000000,1728000
1791130024.5079,4960,1272,56250,306000000,1728000
1791130024.5580,4960,1264,56375,306000000,1728000
1791130024.6081,4960,1264,56343,306000000,1728000
1791130024.6582,4960,1264,56343,306000000,1728000
1791130024.7083,4960,1272,56437,306000000,1344000
1791130024.7584,4960,1280,56312,306000000,1728000
1791130024.8085,4960,1280,56343,306000000,1728000
1791130024.8586,4960,1280,56281,306000000,1728000
1791130024.9086,4960,1272,56375,306000000,1728000
1791130024.9587,4960,1272,56250,306000000,1728000
1791130025.0088,4960,1264,56406,306000000,1728000
1791130025.0589,4960,1272,56156,306000000,1728000
1791130025.1090,4960,1264,56375,306000000,1728000
1791130025.1591,4960,1264,56281,306000000,1728000
1791130025.2092,4960,1264,56281,306000000,1728000
1791130025.2595,4960,1264,56312,306000000,1728000
1791130025.3096,4960,1272,56187,306000000,1728000
1791130025.3597,4960,1280,56375,306000000,1728000
1791130025.4098,4960,1272,56218,306000000,1728000
1791130025.4599,4960,1272,56312,306000000,1728000
1791130025.5100,4960,1272,56312,306000000,1728000
1791130025.5601,4960,1264,56312,306000000,1728000
1791130025.6102,4960,1264,56250,306000000,1728000
1791130025.6602,4960,1264,56281,306000000,1728000
1791130025.7103,4960,1264,56375,306000000,1728000
1791130025.7604,4960,1264,56218,306000000,1728000
1791130025.8105,4960,1264,56312,306000000,1728000
1791130025.8606,4960,1272,56343,306000000,1728000
1791130025.9107,4960,1272,56375,306000000,1728000
1791130025.9608,4960,1272,56218,306000000,1728000
1791130026.0109,4960,1264,56250,306000000,1728000
1791130026.0609,4960,1264,56187,306000000,1728000
1791130026.1111,4960,1256,56281,306000000,1728000
1791130026.1611,4960,1256,56406,306000000,1728000
1791130026.2112,4960,1256,56281,306000000,1728000
1791130026.2613,4960,1256,56250,306000000,1728000
1791130026.3114,4960,1264,56281,306000000,1728000
1791130026.3615,4960,1256,56343,306000000,1728000
1791130026.4116,4960,1272,56218,306000000,1728000
1791130026.4617,4960,1272,56218,306000000,1728000
1791130026.5118,4960,1272,56187,306000000,1728000
1791130026.5619,4960,1272,56250,306000000,1728000
1791130026.6120,4960,1272,56406,306000000,1728000
1791130026.6621,4960,1272,56218,306000000,1728000
1791130026.7122,4960,1264,56343,306000000,1728000
1791130026.7622,4960,1264,56187,306000000,1728000
1791130026.8123,4960,1264,56250,306000000,1728000
1791130026.8624,4960,1264,56187,306000000,1728000
1791130026.9125,4960,1256,56375,306000000,1728000
1791130026.9626,4960,1264,56250,306000000,1497600
1791130027.0127,4960,1272,56343,306000000,1728000
1791130027.0628,4960,1272,56406,306000000,1728000
1791130027.1129,4960,1272,56187,306000000,1728000
1791130027.1630,4960,1264,56406,306000000,1728000
1791130027.2131,4960,1272,56281,306000000,1728000
1791130027.2631,4960,1264,56375,306000000,1728000
1791130027.3132,4960,1264,56250,306000000,1728000
1791130027.3633,4960,1264,56250,306000000,1728000
1791130027.4134,4960,1256,56187,306000000,1728000
1791130027.4635,4960,1256,56250,306000000,1728000
1791130027.5135,4960,1264,56250,306000000,1728000
1791130027.5637,4960,1280,56218,306000000,1728000
1791130027.6138,4960,1272,56406,306000000,1728000
1791130027.6638,4960,1272,56250,306000000,1728000
1791130027.7139,4960,1272,56343,306000000,1728000
1791130027.7640,4960,1272,56281,306000000,1728000
1791130027.8141,4960,1272,56250,306000000,1728000
1791130027.8642,4960,1264,56250,306000000,1728000
1791130027.9143,4960,1264,56312,306000000,1728000
1791130027.9643,4960,1264,56218,306000000,1728000
1791130028.0144,4960,1264,56281,306000000,1728000
1791130028.0645,4960,1264,56375,306000000,1728000
1791130028.1146,4960,1280,56218,306000000,1497600
1791130028.1647,4960,1272,56343,306000000,1728000
1791130028.2148,4960,1272,56281,306000000,1728000
1791130028.2649,4960,1272,56281,306000000,1728000
1791130028.3150,4960,1272,56187,306000000,1728000
1791130028.3650,4960,1272,56312,306000000,1728000
1791130028.4151,4960,1264,56187,306000000,1728000
1791130028.4652,4960,1264,56281,306000000,1728000
1791130028.5153,4960,1264,56343,306000000,1728000
1791130028.5654,4960,1264,56218,306000000,1728000
1791130028.6155,4960,1264,56343,306000000,1344000
1791130028.6656,4960,1272,56250,306000000,1728000
1791130028.7157,4960,1272,56312,306000000,1728000
1791130028.7658,4960,1272,56187,306000000,1728000
1791130028.8159,4960,1272,56312,306000000,1728000
1791130028.8660,4960,1272,56281,306000000,1728000
1791130028.9161,4960,1264,56218,306000000,1728000
1791130028.9661,4960,1264,56375,306000000,1728000
1791130029.0162,4960,1264,56250,306000000,1728000
1791130029.0663,4960,1264,56406,306000000,1728000
1791130029.1164,4960,1272,56312,306000000,1728000
1791130029.1665,4960,1272,56375,306000000,1728000
1791130029.2166,4960,1280,56187,306000000,1728000
1791130029.2667,4960,1280,56281,306000000,1728000
1791130029.3168,4960,1280,56218,306000000,1728000
1791130029.3668,4960,1280,56281,306000000,1728000
1791130029.4169,4960,1280,56375,306000000,1728000
1791130029.4670,4960,1272,56187,306000000,1728000
1791130029.5171,4960,1272,56437,306000000,1728000
1791130029.5672,4960,1272,56156,306000000,1728000
1791130029.6173,4960,1272,56250,306000000,1728000
1791130029.6673,4960,1272,56281,306000000,1728000
1791130029.7174,4960,1264,56281,306000000,1728000
1791130029.7675,4960,1280,56187,306000000,1728000
1791130029.8176,4960,1280,56250,306000000,1728000
1791130029.8677,4960,1280,56343,306000000,1728000
1791130029.9178,4960,1272,56218,306000000,1728000
1791130029.9678,4960,1272,56250,306000000,1728000
1791130030.0179,4960,1272,56281,306000000,1728000
1791130030.0680,4960,1272,56375,306000000,1728000
1791130030.1181,4960,1272,56218,306000000,1728000
1791130030.1682,4960,1272,56250,306000000,1728000
1791130030.2182,4960,1272,56125,306000000,1728000
1791130030.2683,4960,1272,56250,306000000,1728000
1791130030.3184,4960,1280,56187,306000000,1728000
1791130030.3685,4960,1280,56218,306000000,1728000
1791130030.4186,4960,1272,56375,306000000,1728000
1791130030.4687,4960,1272,56156,306000000,1728000
1791130030.5188,4960,1272,56343,306000000,1728000
1791130030.5689,4960,1272,56250,306000000,1728000
1791130030.6190,4960,1264,56250,306000000,1728000
1791130030.6691,4960,1264,56187,306000000,1728000
1791130030.7191,4960,1264,56218,306000000,1728000
1791130030.7692,4960,1264,56218,306000000,1728000
1791130030.8193,4960,1264,56250,306000000,1728000
1791130030.8694,4960,1272,56343,306000000,1728000
1791130030.9195,4960,1280,56312,306000000,1728000
1791130030.9696,4960,1280,56281,306000000,1728000
1791130031.0197,4960,1280,56187,306000000,1728000
1791130031.0698,4960,1280,56281,306000000,1728000
1791130031.1198,4960,1272,56093,306000000,1728000
1791130031.1699,4960,1272,56250,306000000,1728000
1791130031.2200,4960,1272,56281,306000000,1728000
1791130031.2701,4960,1272,56312,306000000,1728000
1791130031.3202,4960,1272,56406,306000000,1728000
1791130031.3703,4960,1272,56187,306000000,1728000
1791130031.4204,4960,1280,56281,306000000,1728000
1791130031.4705,4960,1288,56187,306000000,1728000
1791130031.5206,4960,1288,56312,306000000,1728000
1791130031.5706,4960,1288,56406,306000000,1728000
1791130031.6208,4960,1288,56156,306000000,1728000
1791130031.6708,4960,1288,56343,306000000,1728000
1791130031.7209,4960,1288,56281,306000000,1728000
1791130031.7710,4960,1288,56250,306000000,1728000
1791130031.8213,4960,1280,56218,306000000,1728000
1791130031.8714,4960,1288,56312,306000000,1728000
1791130031.9215,4960,1296,56156,306000000,1728000
1791130031.9716,4960,1304,56250,306000000,1728000
1791130032.0217,4952,1320,56218,306000000,1651200
1791130032.0718,4960,1312,56312,306000000,1728000
1791130032.1219,4952,1320,56187,306000000,1728000
1791130032.1720,4960,1312,56187,306000000,1728000
1791130032.2221,4960,1304,56343,306000000,1728000
1791130032.2721,4960,1304,56250,306000000,1728000
1791130032.3222,4960,1296,56281,306000000,1728000
1791130032.3723,4960,1296,56187,306000000,1728000
1791130032.4224,4960,1288,56250,306000000,1728000
1791130032.4725,4960,1288,56156,306000000,1728000
1791130032.5226,4960,1280,56218,306000000,1728000
1791130032.5727,4960,1288,56156,306000000,1728000
1791130032.6228,4960,1288,56156,306000000,1728000
1791130032.6729,4960,1288,56187,306000000,1728000
1791130032.7229,4960,1288,56250,306000000,1728000
1791130032.7730,4960,1280,56250,306000000,1728000
1791130032.8231,4960,1280,56218,306000000,1728000
1791130032.8732,4960,1272,56250,306000000,1728000
1791130032.9233,4960,1280,56156,306000000,1728000
1791130032.9734,4960,1272,56218,306000000,1728000
1791130033.0235,4960,1264,56156,306000000,1728000
1791130033.0735,4960,1272,56312,306000000,1728000
1791130033.1236,4960,1280,56187,306000000,1728000
1791130033.1738,4960,1272,56343,306000000,1728000
1791130033.2239,4960,1272,56312,306000000,1728000
1791130033.2740,4960,1264,56156,306000000,1728000
1791130033.3241,4960,1264,56375,306000000,1728000
1791130033.3741,4960,1264,56156,306000000,1728000
1791130033.4242,4960,1264,56281,306000000,1728000
1791130033.4743,4960,1256,56187,306000000,1728000
1791130033.5244,4960,1256,56218,306000000,1728000
1791130033.5745,4960,1256,56156,306000000,1728000
1791130033.6246,4960,1256,56187,306000000,1728000
1791130033.6747,4960,1272,56312,306000000,1728000
1791130033.7248,4960,1272,56250,306000000,1728000
1791130033.7749,4960,1272,56343,306000000,1728000
1791130033.8249,4960,1272,56218,306000000,1728000
1791130033.8750,4960,1272,56312,306000000,1728000
1791130033.9251,4960,1272,56187,306000000,1728000
1791130033.9752,4960,1264,56187,306000000,1728000
1791130034.0253,4960,1264,56187,306000000,1728000
1791130034.0753,4960,1264,56281,306000000,1728000
1791130034.1254,4960,1264,56437,306000000,1728000
1791130034.1755,4960,1264,56218,306000000,1728000
1791130034.2256,4960,1272,56281,306000000,1267200
1791130034.2757,4960,1272,56250,306000000,1728000
1791130034.3258,4960,1272,56312,306000000,1728000
1791130034.3759,4960,1264,56187,306000000,1728000
1791130034.4260,4960,1272,56250,306000000,1728000
1791130034.4761,4960,1272,56187,306000000,1728000
1791130034.5262,4960,1264,56218,306000000,1728000
1791130034.5762,4960,1264,56312,306000000,1728000
1791130034.6263,4960,1264,56187,306000000,1728000
1791130034.6764,4960,1264,56343,306000000,1728000
1791130034.7265,4960,1264,56187,306000000,1728000
1791130034.7766,4960,1272,56281,306000000,1728000
1791130034.8267,4960,1280,56250,306000000,1728000
1791130034.8768,4960,1280,56250,306000000,1728000
1791130034.9269,4960,1272,56250,306000000,1728000
1791130034.9770,4960,1272,56250,306000000,1728000
1791130035.0271,4960,1264,56218,306000000,1728000
1791130035.0772,4960,1264,56187,306000000,1728000
1791130035.1272,4960,1264,56312,306000000,1728000
1791130035.1773,4960,1264,56250,306000000,1728000
1791130035.2274,4960,1264,56343,306000000,1728000
1791130035.2775,4960,1264,56031,306000000,1728000
1791130035.3276,4960,1264,56281,306000000,1728000
1791130035.3777,4960,1272,56156,306000000,1728000
1791130035.4278,4960,1272,56218,306000000,1728000
1791130035.4778,4960,1272,56156,306000000,1728000
1791130035.5279,4960,1272,56125,306000000,1728000
1791130035.5780,4960,1264,56343,306000000,1728000
1791130035.6281,4960,1264,56156,306000000,1728000
1791130035.6782,4960,1264,56312,306000000,1728000
1791130035.7283,4960,1264,56250,306000000,1728000
1791130035.7783,4960,1256,56187,306000000,1728000
1791130035.8284,4960,1256,56187,306000000,1728000
1791130035.8785,4960,1256,56187,306000000,1728000
1791130035.9286,4960,1272,56125,306000000,1728000
1791130035.9787,4960,1264,56187,306000000,1728000
1791130036.0288,4960,1256,56312,306000000,1728000
1791130036.0789,4960,1256,56187,306000000,1728000
1791130036.1290,4960,1256,56250,306000000,1497600
1791130036.1791,4960,1256,56062,306000000,1728000
1791130036.2291,4960,1256,56250,306000000,1728000
1791130036.2792,4960,1256,56218,306000000,1728000
1791130036.3293,4960,1256,56187,306000000,1728000
1791130036.3794,4960,1256,56187,306000000,1728000
1791130036.4295,4960,1256,56218,306000000,1344000
1791130036.4796,4960,1272,56312,306000000,1728000
1791130036.5296,4960,1264,56156,306000000,1728000
1791130036.5797,4960,1264,56312,306000000,1728000
1791130036.6298,4960,1264,56156,306000000,1728000
1791130036.6799,4960,1264,56156,306000000,1728000
1791130036.7300,4960,1264,56156,306000000,1728000
1791130036.7801,4960,1264,56281,306000000,1728000
1791130036.8302,4960,1264,56093,306000000,1728000
1791130036.8803,4960,1256,56281,306000000,1728000
1791130036.9303,4960,1256,56281,306000000,1728000
1791130036.9804,4960,1256,56156,306000000,1728000
1791130037.0305,4960,1264,56343,306000000,1728000
1791130037.0806,4960,1272,56125,306000000,1728000
1791130037.1307,4960,1272,56312,306000000,1728000
1791130037.1808,4960,1264,56093,306000000,1728000
1791130037.2309,4960,1264,56281,306000000,1728000
1791130037.2810,4960,1256,56062,306000000,1728000
1791130037.3311,4960,1264,56187,306000000,1728000
1791130037.3811,4960,1264,56375,306000000,1728000
1791130037.4312,4960,1264,56156,306000000,1728000
1791130037.4813,4960,1256,56250,306000000,1728000
1791130037.5314,4960,1256,56062,306000000,1728000
1791130037.5815,4960,1264,56281,306000000,1728000
1791130037.6316,4960,1264,56156,306000000,1728000
1791130037.6817,4960,1272,56187,306000000,1728000
1791130037.7318,4960,1272,56062,306000000,1728000
1791130037.7818,4960,1264,56187,306000000,1728000
1791130037.8319,4960,1264,56312,306000000,1728000
1791130037.8820,4960,1264,56125,306000000,1728000
1791130037.9321,4960,1264,56343,306000000,1728000
1791130037.9822,4960,1264,56125,306000000,1728000
1791130038.0323,4960,1256,56281,306000000,1728000
1791130038.0823,4960,1256,56125,306000000,1728000
1791130038.1324,4960,1272,56156,306000000,1728000
1791130038.1825,4960,1272,56062,306000000,1728000
1791130038.2326,4960,1272,56187,306000000,1728000
1791130038.2827,4960,1264,56125,306000000,1728000
1791130038.3328,4960,1264,56093,306000000,1728000
1791130038.3829,4960,1264,56343,306000000,1728000
1791130038.4330,4960,1264,56187,306000000,1728000
1791130038.4831,4960,1264,56312,306000000,1728000
1791130038.5331,4960,1256,56093,306000000,1728000
1791130038.5832,4960,1264,56218,306000000,1728000
1791130038.6333,4960,1264,56156,306000000,1728000
1791130038.6834,4960,1272,56281,306000000,1728000
1791130038.7335,4960,1272,56156,306000000,1728000
1791130038.7836,4960,1272,56218,306000000,1728000
1791130038.8337,4960,1272,56250,306000000,1728000
1791130038.8838,4960,1272,56156,306000000,1728000
1791130038.9339,4960,1272,56187,306000000,1728000
1791130038.9840,4960,1272,56187,306000000,1728000
1791130039.0340,4960,1264,56281,306000000,1728000
1791130039.0841,4960,1264,56125,306000000,1728000
1791130039.1342,4960,1272,56218,306000000,1728000
1791130039.1843,4960,1264,56031,306000000,1728000
1791130039.2344,4960,1272,56281,306000000,1728000
1791130039.2845,4960,1280,56312,306000000,1728000
1791130039.3346,4960,1280,56156,306000000,1728000
1791130039.3847,4960,1272,56343,306000000,1728000
1791130039.4348,4960,1272,56062,306000000,1728000
1791130039.4848,4960,1272,56218,306000000,1728000
1791130039.5349,4960,1272,56156,306000000,1728000
1791130039.5850,4960,1264,56187,306000000,1728000
1791130039.6351,4960,1264,56218,306000000,1728000
1791130039.6852,4960,1264,56281,306000000,1728000
1791130039.7352,4960,1264,56218,306000000,1728000
1791130039.7853,4960,1264,56187,306000000,1728000
1791130039.8354,4960,1280,56343,306000000,1728000
1791130039.8855,4960,1272,56218,306000000,1728000
1791130039.9356,4960,1272,56281,306000000,1728000
1791130039.9857,4960,1272,56125,306000000,1728000
1791130040.0358,4960,1272,56218,306000000,1728000
1791130040.0859,4960,1264,56125,306000000,1728000
1791130040.1360,4960,1264,56250,306000000,1728000
1791130040.1860,4960,1264,56281,306000000,1728000
1791130040.2361,4960,1264,56250,306000000,1728000
1791130040.2862,4960,1264,56281,306000000,1728000
1791130040.3363,4960,1264,56281,306000000,1728000
1791130040.3864,4960,1272,56281,306000000,1728000
1791130040.4365,4960,1272,56125,306000000,1728000
1791130040.4866,4960,1272,56218,306000000,1728000
1791130040.5367,4960,1272,56062,306000000,1728000
1791130040.5867,4960,1264,56218,306000000,1728000
1791130040.6368,4960,1264,56093,306000000,1728000
1791130040.6869,4960,1264,56156,306000000,1728000
1791130040.7370,4960,1264,56281,306000000,1728000
1791130040.7871,4960,1272,56125,306000000,1728000
1791130040.8372,4960,1272,56312,306000000,1728000
1791130040.8873,4960,1272,56156,306000000,1728000
1791130040.9374,4960,1280,56187,306000000,1728000
1791130040.9875,4960,1288,56218,306000000,1728000
1791130041.0376,4960,1280,56250,306000000,1728000
1791130041.0877,4960,1280,56093,306000000,1728000
1791130041.1378,4960,1272,56250,306000000,1728000
1791130041.1879,4960,1272,56250,306000000,1728000
1791130041.2379,4960,1272,56281,306000000,1728000
1791130041.2880,4960,1272,56312,306000000,1728000
1791130041.3381,4960,1264,56125,306000000,1728000
1791130041.3882,4960,1264,56187,306000000,1728000
1791130041.4383,4960,1264,56062,306000000,1728000
1791130041.4884,4960,1272,56250,306000000,1728000
1791130041.5385,4960,1272,56156,306000000,1728000
1791130041.5886,4960,1272,56125,306000000,1728000
1791130041.6387,4960,1264,56312,306000000,1728000
1791130041.6888,4960,1264,56125,306000000,1728000
1791130041.7389,4960,1264,56281,306000000,1728000
1791130041.7889,4960,1264,56093,306000000,1728000
1791130041.8391,4960,1264,56156,306000000,1728000
1791130041.8892,4960,1264,56156,306000000,1728000
1791130041.9392,4960,1264,56250,306000000,1728000
1791130041.9893,4960,1264,56125,306000000,1728000
1791130042.0394,4960,1272,56187,306000000,1497600
1791130042.0895,4960,1272,56312,306000000,1728000
1791130042.1396,4960,1272,56218,306000000,1728000
1791130042.1897,4960,1264,56218,306000000,1728000
1791130042.2398,4960,1264,56125,306000000,1728000
1791130042.2899,4960,1264,56156,306000000,1728000
1791130042.3400,4960,1264,56125,306000000,1728000
1791130042.3901,4960,1264,56187,306000000,1728000
1791130042.4401,4960,1256,56000,306000000,1728000
1791130042.4902,4960,1256,56187,306000000,1728000
1791130042.5403,4960,1256,56343,306000000,1728000
1791130042.5904,4960,1264,56156,306000000,1728000
1791130042.6405,4960,1272,56250,306000000,1728000
1791130042.6906,4960,1272,56093,306000000,1728000
1791130042.7407,4960,1264,56187,306000000,1728000
1791130042.7908,4960,1264,56156,306000000,1728000
1791130042.8409,4960,1264,56218,306000000,1728000
1791130042.8910,4960,1264,56062,306000000,1728000
1791130042.9411,4960,1264,56218,306000000,1728000
1791130042.9912,4960,1256,56093,306000000,1728000
1791130043.0412,4960,1264,56156,306000000,1728000
1791130043.0913,4960,1264,56250,306000000,1728000
1791130043.1414,4960,1264,56125,306000000,1728000
1791130043.1915,4960,1272,56218,306000000,1728000
1791130043.2416,4960,1272,56062,306000000,1728000
1791130043.2917,4960,1272,56218,306000000,1728000
1791130043.3418,4960,1272,56125,306000000,1728000
1791130043.3919,4960,1264,56156,306000000,1728000
1791130043.4420,4960,1264,56093,306000000,1728000
1791130043.4920,4960,1264,56187,306000000,1728000
1791130043.5421,4960,1264,56250,306000000,1728000
1791130043.5922,4960,1264,56156,306000000,1728000
1791130043.6423,4960,1256,56187,306000000,1728000
1791130043.6924,4960,1264,56093,306000000,1728000
1791130043.7425,4960,1280,56218,306000000,1728000
1791130043.7926,4960,1272,56187,306000000,1728000
1791130043.8427,4960,1272,56156,306000000,1728000
1791130043.8928,4960,1272,56062,306000000,1728000
1791130043.9429,4960,1272,56093,306000000,1728000
1791130043.9929,4960,1264,56250,306000000,1728000
1791130044.0430,4960,1272,56156,306000000,1728000
1791130044.0931,4960,1272,56312,306000000,1728000
1791130044.1432,4960,1264,56187,306000000,1728000
1791130044.1933,4960,1264,56156,306000000,1728000
1791130044.2434,4960,1256,56093,306000000,1497600
1791130044.2935,4960,1272,56156,306000000,1728000
1791130044.3436,4960,1272,56093,306000000,1728000
1791130044.3936,4960,1272,56156,306000000,1728000
1791130044.4437,4960,1264,56312,306000000,1728000
1791130044.4938,4960,1264,56156,306000000,1728000
1791130044.5439,4960,1256,56218,306000000,1728000
1791130044.5940,4960,1264,56125,306000000,1728000
1791130044.6441,4960,1264,56281,306000000,1728000
1791130044.6942,4960,1256,56156,306000000,1728000
1791130044.7443,4960,1264,56218,306000000,1728000
1791130044.7943,4960,1264,56093,306000000,1728000
1791130044.8444,4960,1272,56156,306000000,1728000
1791130044.8945,4960,1272,56218,306000000,1728000
1791130044.9446,4960,1272,56093,306000000,1728000
1791130044.9947,4960,1272,56187,306000000,1728000
1791130045.0448,4960,1264,56156,306000000,1728000
1791130045.0949,4960,1264,56218,306000000,1728000
1791130045.1449,4960,1264,56031,306000000,1728000
1791130045.1950,4960,1264,56218,306000000,1728000
1791130045.2451,4960,1264,56031,306000000,1728000
1791130045.2952,4960,1256,56156,306000000,1728000
1791130045.3453,4960,1256,56281,306000000,1728000
1791130045.3954,4960,1272,56093,306000000,1728000
1791130045.4455,4960,1272,56250,306000000,1728000
1791130045.4956,4960,1272,56125,306000000,1728000
1791130045.5456,4960,1272,56218,306000000,1728000
1791130045.5957,4960,1264,56093,306000000,1728000
1791130045.6458,4960,1264,56156,306000000,1728000
1791130045.6959,4960,1264,56031,306000000,1728000
1791130045.7460,4960,1256,56250,306000000,1728000
1791130045.7961,4960,1256,56218,306000000,1728000
1791130045.8462,4960,1248,56093,306000000,1728000
1791130045.8963,4960,1248,56218,306000000,1728000
1791130045.9463,4960,1256,56187,306000000,1728000
1791130045.9964,4960,1264,56281,306000000,1728000
1791130046.0465,4960,1264,56031,306000000,1728000
1791130046.0966,4960,1264,56125,306000000,1728000
1791130046.1467,4960,1264,56125,306000000,1728000
1791130046.1968,4960,1256,56062,306000000,1728000
1791130046.2469,4960,1256,56062,306000000,1728000
1791130046.2970,4960,1256,56125,306000000,1728000
1791130046.3471,4960,1256,56250,306000000,1728000
1791130046.3972,4960,1256,56062,306000000,1728000
1791130046.4473,4960,1256,56156,306000000,1728000
1791130046.4974,4960,1264,56093,306000000,1267200
1791130046.5475,4960,1272,56187,306000000,1728000
1791130046.5976,4960,1272,56031,306000000,1728000
1791130046.6477,4960,1272,56093,306000000,1728000
1791130046.6978,4960,1272,56156,306000000,1728000
1791130046.7478,4960,1264,56093,306000000,1728000
1791130046.7979,4960,1264,56250,306000000,1728000
1791130046.8480,4960,1264,56062,306000000,1728000
1791130046.8981,4960,1256,56156,306000000,1728000
1791130046.9482,4960,1264,56156,306000000,1728000
1791130046.9983,4960,1264,56250,306000000,1728000
1791130047.0484,4960,1272,56125,306000000,1728000
1791130047.0985,4960,1280,56187,306000000,1728000
1791130047.1486,4960,1272,56093,306000000,1728000
1791130047.1986,4960,1272,56156,306000000,1728000
1791130047.2487,4960,1264,56250,306000000,1728000
1791130047.2988,4960,1264,56125,306000000,1728000
1791130047.3489,4960,1264,56093,306000000,1728000
1791130047.3990,4960,1264,56156,306000000,1728000
1791130047.4491,4960,1264,56125,306000000,1728000
1791130047.4992,4960,1264,56156,306000000,1728000
1791130047.5493,4960,1264,56125,306000000,1728000
1791130047.5994,4960,1264,56000,306000000,1497600
1791130047.6495,4960,1280,56125,306000000,1728000
1791130047.6996,4960,1280,56250,306000000,1728000
1791130047.7497,4960,1272,56062,306000000,1728000
1791130047.7998,4960,1264,56156,306000000,1728000
1791130047.8498,4960,1264,56093,306000000,1728000
1791130047.8999,4960,1264,56187,306000000,1728000
1791130047.9500,4960,1264,56062,306000000,1728000
1791130048.0001,4960,1264,56093,306000000,1728000
1791130048.0502,4960,1256,56125,306000000,1728000
1791130048.1003,4960,1256,56062,306000000,1728000
1791130048.1504,4960,1256,56031,306000000,1497600
1791130048.2005,4960,1272,56156,306000000,1728000
1791130048.2506,4960,1272,56281,306000000,1728000
1791130048.3007,4960,1264,56093,306000000,1728000
1791130048.3508,4960,1264,56250,306000000,1728000
1791130048.4009,4960,1264,56125,306000000,1728000
1791130048.4510,4960,1264,56218,306000000,1728000
1791130048.5011,4960,1264,56093,306000000,1728000
1791130048.5511,4960,1256,56218,306000000,1728000
1791130048.6012,4960,1256,56062,306000000,1728000
1791130048.6513,4960,1256,56156,306000000,1728000
1791130048.7014,4960,1256,56187,306000000,1497600
1791130048.7515,4960,1264,56125,306000000,1420800
1791130048.8016,4960,1272,56156,306000000,1728000
1791130048.8517,4960,1264,56031,306000000,1728000
1791130048.9018,4960,1256,56187,306000000,1728000
1791130048.9519,4960,1256,56093,306000000,1728000
1791130049.0020,4960,1256,56125,306000000,1728000
1791130049.0520,4960,1264,56031,306000000,1728000
1791130049.1021,4960,1256,56187,306000000,1728000
1791130049.1522,4960,1256,56281,306000000,1728000
1791130049.2023,4960,1256,56093,306000000,1728000
1791130049.2524,4960,1256,56156,306000000,1728000
1791130049.3025,4960,1264,56093,306000000,1728000
1791130049.3526,4960,1272,56156,306000000,1728000
1791130049.4027,4960,1272,56093,306000000,1728000
1791130049.4528,4960,1272,56156,306000000,1728000
1791130049.5029,4960,1264,56031,306000000,1728000
1791130049.5530,4960,1264,56156,306000000,1728000
1791130049.6031,4960,1264,56187,306000000,1728000
1791130049.6532,4960,1264,56125,306000000,1728000
1791130049.7032,4960,1264,56218,306000000,1728000
1791130049.7533,4960,1256,56062,306000000,1728000
1791130049.8034,4960,1256,56156,306000000,1728000
1791130049.8535,4960,1264,56031,306000000,1497600
1791130049.9036,4960,1272,56156,306000000,1728000
1791130049.9537,4960,1272,56031,306000000,1728000
1791130050.0038,4960,1264,56062,306000000,1728000
1791130050.0541,4960,1264,56031,306000000,1728000
1791130050.1042,4960,1264,56187,306000000,1728000
1791130050.1543,4960,1264,56218,306000000,1728000
1791130050.2044,4960,1264,56093,306000000,1728000
1791130050.2545,4960,1256,56218,306000000,1728000
1791130050.3046,4960,1264,56093,306000000,1728000
1791130050.3547,4960,1256,56093,306000000,1728000
1791130050.4048,4960,1256,56000,306000000,1728000
1791130050.4549,4960,1256,56156,306000000,1728000
1791130050.5050,4960,1256,56031,306000000,1728000
1791130050.5550,4960,1248,56031,306000000,1728000
1791130050.6051,4960,1240,56156,306000000,1728000
1791130050.6552,4960,1240,56062,306000000,1728000
1791130050.7053,4960,1232,56156,306000000,1728000
1791130050.7554,4960,1232,56031,306000000,1728000
1791130050.8054,4960,1224,56062,306000000,1728000
1791130050.8555,4960,1224,56156,306000000,1728000
1791130050.9056,4960,1216,56125,306000000,1728000
1791130050.9557,4960,1224,56375,306000000,1728000
1791130051.0058,4960,1232,56125,306000000,1728000
1791130051.0559,4960,1232,56218,306000000,1728000
1791130051.1059,4960,1224,56093,306000000,1728000
1791130051.1560,4960,1224,56156,306000000,1728000
1791130051.2061,4960,1216,56062,306000000,1728000
1791130051.2562,4960,1216,56156,306000000,1728000
1791130051.3062,4960,1216,56031,306000000,1728000
1791130051.3563,4960,1216,56062,306000000,1728000
1791130051.4064,4960,1208,56125,306000000,1728000
1791130051.4565,4960,1208,56093,306000000,1728000
1791130051.5066,4960,1216,56250,306000000,1728000
1791130051.5567,4960,1224,56187,306000000,1728000
1791130051.6068,4960,1224,56156,306000000,1728000
1791130051.6568,4960,1216,56187,306000000,1728000
1791130051.7069,4960,1216,56156,306000000,1728000
1791130051.7570,4960,1216,56343,306000000,1728000
1791130051.8071,4960,1216,56156,306000000,1728000
1791130051.8572,4960,1208,56093,306000000,1728000
1791130051.9072,4960,1208,56093,306000000,1728000
1791130051.9573,4960,1208,56250,306000000,1728000
1791130052.0074,4960,1208,56062,306000000,1728000
1791130052.0575,4960,1208,56281,306000000,1728000
1791130052.1076,4960,1224,56187,306000000,1728000
1791130052.1577,4960,1224,56187,306000000,1728000
1791130052.2078,4960,1216,56156,306000000,1728000
1791130052.2578,4960,1216,56125,306000000,1728000
1791130052.3079,4960,1216,56250,306000000,1728000
1791130052.3580,4960,1208,56125,306000000,1728000
1791130052.4080,4960,1208,56187,306000000,1728000
1791130052.4581,4960,1208,56031,306000000,1728000
1791130052.5082,4960,1208,56156,306000000,1728000
1791130052.5583,4960,1208,56031,306000000,1728000
1791130052.6083,4960,1208,56062,306000000,1728000
1791130052.6585,4960,1216,56093,306000000,1728000
1791130052.7086,4960,1216,56093,306000000,1728000
1791130052.7587,4960,1216,56187,306000000,1728000
1791130052.8087,4960,1216,56062,306000000,1728000
1791130052.8588,4960,1216,56343,306000000,1728000
1791130052.9089,4960,1216,56156,306000000,1728000
1791130052.9590,4960,1224,56187,306000000,1728000
1791130053.0091,4960,1232,56093,306000000,1728000
1791130053.0592,4960,1232,56125,306000000,1728000
1791130053.1093,4960,1240,56281,306000000,1728000
1791130053.1594,4960,1248,56187,306000000,1728000
1791130053.2095,4960,1272,56312,306000000,1728000
1791130053.2596,4960,1272,56062,306000000,1728000
1791130053.3097,4960,1264,56218,306000000,1728000
1791130053.3597,4960,1256,56093,306000000,1728000
