1791128960.3129,4968,1104,55531,306000000,1728000
1791128960.3630,4960,1160,55875,306000000,1728000
1791128960.4131,4960,1208,55906,306000000,1728000
1791128960.4631,4960,1200,55375,306000000,1728000
1791128960.5132,4960,1200,55531,306000000,1728000
1791128960.5633,4960,1200,55437,306000000,1728000
1791128960.6134,4960,1200,55468,306000000,1728000
1791128960.6635,4960,1200,55593,306000000,1728000
1791128960.7136,4960,1200,55500,306000000,1728000
1791128960.7636,4960,1200,55562,306000000,1728000
1791128960.8137,4960,1200,55531,306000000,1728000
1791128960.8638,4960,1200,55562,306000000,1728000
1791128960.9139,4960,1216,55812,306000000,1728000
1791128960.9640,4960,1216,55468,306000000,1728000
1791128961.0141,4960,1216,55468,306000000,1728000
1791128961.0641,4960,1216,55531,306000000,1728000
1791128961.1142,4960,1216,55593,306000000,1728000
1791128961.1643,4960,1216,55531,306000000,1728000
1791128961.2144,4960,1216,55625,306000000,1728000
1791128961.2645,4960,1208,55500,1020000000,1728000
1791128961.3146,4960,1208,55500,306000000,1728000
1791128961.3646,4960,1208,55718,306000000,1728000
1791128961.4147,4960,1208,55750,306000000,1728000
1791128961.4648,4960,1224,56062,306000000,1728000
1791128961.5149,4960,1232,55562,306000000,1728000
1791128961.5650,4960,1240,55656,306000000,1728000
1791128961.6151,4960,1256,55531,306000000,1728000
1791128961.6652,4960,1264,55687,306000000,1728000
1791128961.7153,4960,1272,55500,306000000,1728000
1791128961.7654,4960,1280,55750,306000000,1728000
1791128961.8155,4960,1280,55468,306000000,1728000
1791128961.8655,4960,1280,55531,306000000,1728000
1791128961.9156,4960,1288,55500,306000000,1420800
1791128961.9668,4960,1280,55531,306000000,1728000
1791128962.0169,4960,1296,55750,306000000,1728000
1791128962.0670,4960,1288,55562,306000000,1497600
1791128962.1171,4960,1288,55562,306000000,1728000
1791128962.1672,4960,1288,55500,306000000,1728000
1791128962.2173,4960,1288,55625,306000000,1728000
1791128962.2674,4960,1280,55531,306000000,1728000
1791128962.3175,4960,1280,55625,306000000,1728000
1791128962.3676,4960,1280,55531,306000000,1267200
1791128962.4176,4960,1280,55562,306000000,1728000
1791128962.4677,4960,1280,55437,306000000,1728000
1791128962.5178,4960,1280,55531,306000000,1728000
1791128962.5679,4960,1288,55687,306000000,1728000
1791128962.6180,4960,1288,55468,306000000,1728000
1791128962.6681,4960,1288,55625,306000000,1728000
1791128962.7182,4960,1280,55531,306000000,1728000
1791128962.7683,4960,1280,55593,306000000,1728000
1791128962.8184,4960,1280,55531,306000000,1497600
1791128962.8684,4960,1280,55593,306000000,1728000
1791128962.9185,4960,1280,55468,306000000,1728000
1791128962.9686,4960,1280,55531,306000000,1728000
1791128963.0187,4960,1272,55562,306000000,1497600
1791128963.0688,4960,1272,55437,306000000,1728000
1791128963.1189,4960,1280,55593,306000000,1728000
1791128963.1690,4960,1288,55500,306000000,1420800
1791128963.2191,4960,1280,55562,306000000,1728000
1791128963.2692,4960,1280,55531,306000000,1728000
1791128963.3193,4960,1272,55656,306000000,1728000
1791128963.3694,4960,1280,55562,306000000,1574400
1791128963.4194,4960,1280,55531,306000000,1728000
1791128963.4695,4960,1280,55437,306000000,1728000
1791128963.5196,4960,1280,55500,306000000,1728000
1791128963.5697,4960,1280,55625,306000000,1728000
1791128963.6198,4960,1280,55531,306000000,1728000
1791128963.6699,4960,1296,55656,306000000,1420800
1791128963.7200,4960,1296,55531,306000000,1728000
1791128963.7701,4960,1288,55500,306000000,1728000
1791128963.8202,4960,1288,55531,306000000,1497600
1791128963.8703,4960,1288,55531,306000000,1728000
1791128963.9204,4960,1288,55531,306000000,1728000
1791128963.9704,4960,1280,55531,306000000,1728000
1791128964.0205,4960,1272,55593,306000000,1728000
1791128964.0706,4960,1280,55468,306000000,1344000
1791128964.1207,4960,1272,55593,306000000,1728000
1791128964.1708,4960,1272,55531,306000000,1344000
1791128964.2209,4960,1280,55593,306000000,1728000
1791128964.2710,4960,1280,55531,306000000,1728000
1791128964.3211,4960,1288,55625,306000000,1420800
1791128964.3712,4960,1280,55468,306000000,1728000
1791128964.4213,4960,1280,55531,306000000,1728000
1791128964.4713,4960,1272,55593,306000000,1728000
1791128964.5214,4960,1280,55531,306000000,1728000
1791128964.5715,4960,1280,55562,306000000,1728000
1791128964.6216,4960,1280,55531,306000000,1574400
1791128964.6717,4960,1272,55656,306000000,1728000
1791128964.7218,4960,1272,55531,306000000,1728000
1791128964.7719,4960,1288,55562,306000000,1728000
1791128964.8220,4960,1288,55500,306000000,1728000
1791128964.8721,4960,1280,55531,306000000,1728000
1791128964.9222,4960,1288,55656,306000000,1728000
1791128964.9723,4960,1288,55531,306000000,1728000
1791128965.0224,4960,1280,55562,306000000,1728000
1791128965.0724,4960,1280,55562,306000000,1728000
1791128965.1225,4960,1280,55562,306000000,1497600
1791128965.1726,4960,1272,55531,306000000,1574400
1791128965.2227,4960,1272,55562,306000000,1728000
1791128965.2728,4960,1272,55531,306000000,1728000
1791128965.3229,4960,1280,55500,306000000,1728000
1791128965.3730,4960,1280,55562,306000000,1728000
1791128965.4231,4960,1280,55531,306000000,1728000
1791128965.4731,4960,1280,55593,306000000,1728000
1791128965.5232,4960,1280,55531,306000000,1728000
1791128965.5733,4960,1272,55593,306000000,1728000
1791128965.6234,4960,1280,55500,306000000,1497600
1791128965.6735,4960,1280,55562,306000000,1728000
1791128965.7236,4960,1272,55500,306000000,1728000
1791128965.7737,4960,1272,55593,306000000,1728000
1791128965.8237,4960,1272,55562,306000000,1728000
1791128965.8739,4960,1272,55531,306000000,1728000
1791128965.9240,4960,1280,55562,306000000,1728000
1791128965.9740,4960,1288,55531,306000000,1728000
1791128966.0241,4960,1296,55625,306000000,1651200
1791128966.0742,4960,1296,55531,306000000,1728000
1791128966.1243,4960,1304,55531,306000000,1728000
1791128966.1744,4960,1304,55500,306000000,1728000
1791128966.2245,4960,1304,55531,306000000,1728000
1791128966.2746,4960,1296,55531,306000000,1728000
1791128966.3247,4960,1304,55531,306000000,1728000
1791128966.3748,4960,1296,55625,306000000,1728000
1791128966.4249,4960,1296,55562,306000000,1728000
1791128966.4750,4960,1312,55687,306000000,1497600
1791128966.5251,4960,1296,55531,306000000,1728000
1791128966.5752,4960,1296,55562,306000000,1728000
1791128966.6253,4960,1296,55531,306000000,1497600
1791128966.6754,4960,1288,55531,306000000,1728000
1791128966.7255,4960,1288,55562,306000000,1728000
1791128966.7755,4960,1288,55531,306000000,1728000
1791128966.8256,4960,1280,55656,306000000,1497600
1791128966.8757,4960,1272,55500,306000000,1728000
1791128966.9258,4960,1272,55656,306000000,1728000
1791128966.9760,4960,1280,55531,306000000,1728000
1791128967.0261,4960,1288,55687,306000000,1728000
1791128967.0762,4960,1288,55531,306000000,1728000
1791128967.1263,4960,1288,55562,306000000,1728000
1791128967.1763,4960,1288,55531,306000000,1728000
1791128967.2264,4960,1280,55593,306000000,1728000
1791128967.2765,4960,1280,55687,306000000,1728000
1791128967.3266,4960,1280,55593,306000000,1728000
1791128967.3767,4960,1280,55625,306000000,1728000
1791128967.4268,4960,1272,55500,306000000,1728000
1791128967.4768,4960,1272,55593,306000000,1728000
1791128967.5269,4960,1272,55531,306000000,1420800
1791128967.5770,4960,1280,55531,306000000,1728000
1791128967.6271,4960,1280,55531,306000000,1728000
1791128967.6772,4960,1280,55531,306000000,1728000
1791128967.7273,4960,1272,55593,306000000,1728000
1791128967.7774,4960,1264,55531,306000000,1728000
1791128967.8274,4960,1264,55593,306000000,1728000
1791128967.8775,4960,1256,55562,306000000,1728000
1791128967.9276,4960,1264,55656,306000000,1728000
1791128967.9777,4960,1256,55531,306000000,1728000
1791128968.0277,4960,1256,55531,306000000,1728000
1791128968.0778,4960,1256,55468,306000000,1728000
1791128968.1279,4960,1264,55562,306000000,1728000
1791128968.1780,4960,1264,55531,306000000,1728000
1791128968.2281,4960,1272,55531,306000000,1728000
1791128968.2782,4960,1272,55562,306000000,1728000
1791128968.3283,4960,1264,55531,306000000,1728000
1791128968.3784,4960,1264,55531,306000000,1728000
1791128968.4284,4960,1264,55468,306000000,1728000
1791128968.4785,4960,1264,55531,306000000,1728000
1791128968.5286,4960,1256,55500,306000000,1728000
1791128968.5787,4960,1256,55531,306000000,1728000
1791128968.6288,4960,1256,55468,306000000,1728000
1791128968.6789,4960,1264,55562,306000000,1497600
1791128968.7290,4960,1272,55625,306000000,1728000
1791128968.7791,4960,1272,55500,306000000,1728000
1791128968.8292,4960,1264,55656,306000000,1497600
1791128968.8793,4960,1264,55531,306000000,1728000
1791128968.9293,4960,1264,55531,306000000,1728000
1791128968.9794,4960,1264,55500,306000000,1728000
1791128969.0295,4960,1264,55531,306000000,1497600
1791128969.0796,4960,1256,55500,306000000,1728000
1791128969.1297,4960,1264,55531,306000000,1728000
1791128969.1798,4960,1264,55718,306000000,1728000
1791128969.2299,4960,1272,55562,306000000,1728000
1791128969.2801,4960,1272,55593,306000000,1497600
1791128969.3302,4960,1280,55531,306000000,1728000
1791128969.3803,4960,1272,55531,306000000,1728000
1791128969.4304,4960,1272,55500,306000000,1728000
1791128969.4805,4960,1272,55531,306000000,1728000
1791128969.5306,4960,1264,55468,306000000,1420800
1791128969.5807,4960,1264,55500,306000000,1728000
1791128969.6308,4960,1264,55718,306000000,1574400
1791128969.6809,4960,1264,55500,306000000,1728000
1791128969.7310,4960,1272,55593,306000000,1420800
1791128969.7811,4960,1272,55562,306000000,1728000
1791128969.8312,4960,1280,55531,306000000,1728000
1791128969.8813,4960,1280,55593,306000000,1728000
1791128969.9313,4960,1280,55625,306000000,1497600
1791128969.9814,4960,1280,55468,306000000,1728000
1791128970.0315,4960,1272,55531,306000000,1728000
1791128970.0816,4960,1272,55437,306000000,1728000
1791128970.1317,4960,1272,55500,306000000,1728000
1791128970.1818,4960,1272,55625,306000000,1728000
1791128970.2319,4960,1272,55531,306000000,1728000
1791128970.2820,4960,1272,55656,306000000,1728000
1791128970.3321,4960,1272,55562,306000000,1728000
1791128970.3822,4960,1280,55531,306000000,1344000
1791128970.4323,4960,1280,55531,306000000,1728000
1791128970.4824,4960,1272,55531,306000000,1728000
1791128970.5325,4960,1272,55500,306000000,1728000
1791128970.5826,4960,1272,55531,306000000,1267200
1791128970.6326,4960,1272,55656,306000000,1728000
1791128970.6827,4960,1264,55500,306000000,1728000
1791128970.7328,4960,1272,55593,306000000,1728000
1791128970.7829,4960,1272,55468,306000000,1728000
1791128970.8330,4960,1264,55593,306000000,1728000
1791128970.8831,4960,1272,55531,306000000,1728000
1791128970.9332,4960,1288,55531,306000000,1420800
1791128970.9833,4960,1280,55468,306000000,1728000
1791128971.0334,4960,1272,55531,306000000,1728000
1791128971.0835,4960,1272,55625,306000000,1728000
1791128971.1336,4960,1272,55437,306000000,1497600
1791128971.1837,4960,1272,55593,306000000,1728000
1791128971.2338,4960,1272,55500,306000000,1728000
1791128971.2839,4960,1272,55593,306000000,1728000
1791128971.3340,4960,1264,55531,306000000,1728000
1791128971.3841,4960,1264,55531,306000000,1728000
1791128971.4342,4960,1272,55531,306000000,1728000
1791128971.4843,4960,1280,55531,306000000,1728000
1791128971.5344,4960,1280,55593,306000000,1497600
1791128971.5845,4960,1272,55468,306000000,1728000
1791128971.6346,4960,1272,55656,306000000,1728000
1791128971.6847,4960,1272,55562,306000000,1728000
1791128971.7347,4960,1272,55531,306000000,1728000
1791128971.7848,4960,1272,55468,306000000,1728000
1791128971.8349,4960,1272,55531,306000000,1267200
1791128971.8850,4960,1264,55500,306000000,1728000
1791128971.9351,4960,1264,55593,306000000,1728000
1791128971.9852,4960,1264,55687,306000000,1728000
1791128972.0353,4960,1280,55500,306000000,1728000
1791128972.0854,4960,1280,55593,306000000,1728000
1791128972.1355,4960,1280,55500,306000000,1728000
1791128972.1856,4960,1280,55625,306000000,1728000
1791128972.2357,4960,1272,55500,306000000,1728000
1791128972.2858,4960,1272,55562,306000000,1728000
1791128972.3358,4960,1272,55437,306000000,1728000
1791128972.3859,4960,1272,55500,306000000,1728000
1791128972.4360,4960,1272,55531,306000000,1728000
1791128972.4861,4960,1264,55562,306000000,1728000
1791128972.5362,4960,1264,55625,306000000,1728000
1791128972.5863,4960,1272,55562,306000000,1728000
1791128972.6364,4960,1280,55531,306000000,1728000
1791128972.6865,4960,1280,55562,306000000,1728000
1791128972.7366,4960,1272,55625,306000000,1728000
1791128972.7867,4960,1272,55500,306000000,1728000
1791128972.8368,4960,1272,55562,306000000,1728000
1791128972.8869,4960,1272,55531,306000000,1420800
1791128972.9369,4960,1264,55531,306000000,1728000
1791128972.9871,4960,1264,55625,306000000,1728000
1791128973.0371,4960,1272,55593,306000000,1728000
1791128973.0872,4960,1264,55562,306000000,1267200
1791128973.1373,4960,1272,55750,306000000,1728000
1791128973.1874,4960,1272,55531,306000000,1728000
1791128973.2375,4960,1280,55468,306000000,1728000
1791128973.2876,4960,1272,55531,306000000,1728000
1791128973.3377,4960,1272,55500,306000000,1497600
1791128973.3878,4960,1264,55531,306000000,1728000
1791128973.4378,4960,1264,55593,306000000,1728000
1791128973.4879,4960,1272,55500,306000000,1344000
1791128973.5380,4960,1264,55593,306000000,1728000
1791128973.5881,4960,1264,55531,306000000,1728000
1791128973.6382,4960,1256,55500,306000000,1728000
1791128973.6883,4960,1272,55656,306000000,1728000
1791128973.7384,4960,1296,55531,306000000,1728000
1791128973.7885,4960,1296,55531,306000000,1728000
1791128973.8386,4960,1304,55531,306000000,1728000
1791128973.8887,4960,1304,55656,306000000,1651200
1791128973.9388,4960,1304,55500,306000000,1728000
1791128973.9888,4960,1304,55625,306000000,1728000
1791128974.0389,4960,1304,55531,306000000,1728000
1791128974.0890,4960,1304,55531,306000000,1728000
1791128974.1391,4960,1304,55500,306000000,1728000
1791128974.1892,4960,1296,55531,306000000,1728000
1791128974.2393,4960,1312,55531,306000000,1728000
1791128974.2894,4960,1312,55531,306000000,1728000
1791128974.3395,4960,1312,55562,306000000,1728000
1791128974.3896,4960,1304,55531,306000000,1728000
1791128974.4397,4960,1304,55593,306000000,1728000
1791128974.4897,4960,1304,55531,306000000,1728000
1791128974.5398,4960,1296,55625,306000000,1728000
1791128974.5899,4960,1296,55500,306000000,1728000
1791128974.6400,4960,1288,55531,306000000,1728000
1791128974.6901,4960,1296,55531,306000000,1497600
1791128974.7402,4960,1288,55531,306000000,1728000
1791128974.7903,4960,1296,55500,306000000,1728000
1791128974.8404,4960,1304,55562,306000000,1728000
1791128974.8905,4960,1304,55562,306000000,1728000
1791128974.9406,4960,1304,55531,306000000,1728000
1791128974.9907,4960,1296,55593,306000000,1728000
1791128975.0408,4960,1296,55500,306000000,1728000
1791128975.0909,4960,1296,55531,306000000,1267200
1791128975.1409,4960,1288,55437,306000000,1728000
1791128975.1914,4960,1288,55531,306000000,1344000
1791128975.2414,4960,1288,55531,306000000,1728000
1791128975.2915,4960,1280,55531,306000000,1728000
1791128975.3416,4960,1280,55625,306000000,1728000
1791128975.3917,4960,1288,55531,306000000,1728000
1791128975.4418,4960,1288,55593,306000000,1728000
1791128975.4919,4960,1280,55531,306000000,1728000
1791128975.5420,4960,1280,55593,306000000,1728000
1791128975.5921,4960,1280,55468,306000000,1728000
1791128975.6422,4960,1280,55562,306000000,1728000
1791128975.6923,4960,1272,55468,306000000,1728000
1791128975.7424,4960,1272,55562,306000000,1728000
1791128975.7925,4960,1264,55718,306000000,1728000
1791128975.8426,4960,1272,55437,306000000,1344000
1791128975.8927,4960,1272,55593,306000000,1497600
1791128975.9428,4960,1280,55500,306000000,1728000
1791128975.9928,4960,1272,55562,306000000,1728000
1791128976.0429,4960,1272,55562,306000000,1728000
1791128976.0930,4960,1272,55500,306000000,1728000
1791128976.1431,4960,1272,55500,306000000,1728000
1791128976.1932,4960,1264,55500,306000000,1728000
1791128976.2433,4960,1264,55687,306000000,1728000
1791128976.2934,4960,1272,55500,306000000,1497600
1791128976.3435,4960,1272,55593,306000000,1728000
1791128976.3935,4960,1272,55500,306000000,1728000
1791128976.4436,4960,1272,55593,306000000,1728000
1791128976.4937,4960,1280,55531,306000000,1728000
1791128976.5438,4960,1280,55593,306000000,1728000
1791128976.5939,4960,1272,55531,306000000,1728000
1791128976.6440,4960,1272,55531,306000000,1728000
1791128976.6941,4960,1272,55593,306000000,1728000
1791128976.7442,4960,1264,55500,306000000,1728000
1791128976.7942,4960,1264,55625,306000000,1728000
1791128976.8443,4960,1264,55562,306000000,1728000
1791128976.8944,4960,1264,55562,306000000,1728000
1791128976.9445,4960,1264,55500,306000000,1728000
1791128976.9946,4960,1264,55531,306000000,1728000
1791128977.0447,4960,1272,55468,306000000,1728000
1791128977.0948,4960,1272,55562,306000000,1728000
1791128977.1449,4960,1264,55500,306000000,1728000
1791128977.1950,4960,1264,55500,306000000,1728000
1791128977.2450,4960,1256,55656,306000000,1728000
1791128977.2951,4960,1264,55375,306000000,1728000
1791128977.3452,4960,1264,55531,306000000,1728000
1791128977.3953,4960,1256,55531,306000000,1728000
1791128977.4454,4960,1256,55593,306000000,1728000
1791128977.4954,4960,1256,55500,306000000,1728000
1791128977.5455,4960,1248,55531,306000000,1728000
1791128977.5956,4960,1272,55531,306000000,1728000
1791128977.6457,4960,1272,55625,306000000,1728000
1791128977.6958,4960,1264,55718,306000000,1728000
1791128977.7459,4960,1264,55531,306000000,1728000
1791128977.7960,4960,1264,55562,306000000,1728000
1791128977.8460,4960,1264,55531,306000000,1728000
1791128977.8961,4960,1264,55562,306000000,1728000
1791128977.9462,4960,1256,55593,306000000,1728000
1791128977.9963,4960,1256,55531,306000000,1728000
1791128978.0464,4960,1256,55500,306000000,1728000
1791128978.0965,4960,1256,55531,306000000,1728000
1791128978.1466,4960,1264,55593,306000000,1497600
1791128978.1967,4960,1264,55531,306000000,1728000
1791128978.2468,4960,1272,55625,306000000,1728000
1791128978.2968,4960,1264,55531,306000000,1728000
1791128978.3469,4960,1264,55562,306000000,1728000
1791128978.3970,4960,1264,55531,306000000,1728000
1791128978.4471,4960,1256,55531,306000000,1728000
1791128978.4971,4960,1256,55468,306000000,1728000
1791128978.5472,4960,1256,55593,306000000,1728000
1791128978.5973,4960,1256,55687,306000000,1728000
1791128978.6474,4960,1256,55531,306000000,1728000
1791128978.6975,4960,1264,55656,306000000,1728000
1791128978.7476,4960,1272,55531,306000000,1728000
1791128978.7977,4960,1264,55593,306000000,1728000
1791128978.8478,4960,1264,55500,306000000,1728000
1791128978.8978,4960,1264,55562,306000000,1728000
1791128978.9479,4960,1264,55437,306000000,1728000
1791128978.9980,4960,1256,55531,306000000,1728000
1791128979.0481,4960,1256,55625,306000000,1728000
1791128979.0982,4960,1256,55531,306000000,1728000
1791128979.1483,4960,1256,55625,306000000,1728000
1791128979.1983,4960,1256,55531,306000000,1728000
1791128979.2484,4960,1256,55593,306000000,1728000
1791128979.2985,4960,1264,55468,306000000,1728000
1791128979.3486,4960,1264,55593,306000000,1728000
1791128979.3987,4960,1264,55500,306000000,1728000
1791128979.4488,4960,1264,55593,306000000,1728000
1791128979.4989,4960,1264,55656,306000000,1728000
1791128979.5489,4960,1256,55531,306000000,1728000
1791128979.5990,4960,1256,55625,306000000,1728000
1791128979.6491,4960,1256,55562,306000000,1728000
1791128979.6992,4960,1256,55625,306000000,1728000
1791128979.7493,4960,1256,55468,306000000,1728000
1791128979.7993,4960,1256,55531,306000000,1497600
1791128979.8494,4960,1264,55500,306000000,1728000
1791128979.8995,4960,1264,55468,306000000,1728000
1791128979.9496,4960,1264,55406,306000000,1728000
1791128979.9997,4960,1264,55500,306000000,1728000
1791128980.0498,4960,1264,55687,306000000,1728000
1791128980.0999,4960,1256,55500,306000000,1728000
1791128980.1500,4960,1248,55656,306000000,1728000
1791128980.2001,4960,1248,55468,306000000,1728000
1791128980.2501,4960,1256,55531,306000000,1728000
1791128980.3002,4960,1248,55531,306000000,1728000
1791128980.3503,4960,1256,55656,306000000,1497600
1791128980.4005,4960,1264,55500,306000000,1728000
1791128980.4506,4960,1264,55531,306000000,1728000
1791128980.5006,4960,1264,55625,306000000,1728000
1791128980.5507,4960,1264,55531,306000000,1728000
1791128980.6008,4960,1256,55625,306000000,1728000
1791128980.6509,4960,1256,55531,306000000,1728000
1791128980.7010,4960,1256,55531,306000000,1728000
1791128980.7511,4960,1256,55531,306000000,1728000
1791128980.8011,4960,1256,55531,306000000,1728000
1791128980.8512,4960,1256,55531,306000000,1728000
1791128980.9013,4960,1256,55531,306000000,1728000
1791128980.9514,4960,1264,55562,306000000,1728000
1791128981.0015,4960,1264,55531,306000000,1728000
1791128981.0516,4960,1264,55531,306000000,1728000
1791128981.1017,4960,1264,55562,306000000,1728000
1791128981.1518,4960,1272,55531,306000000,1728000
1791128981.2018,4960,1272,55500,306000000,1728000
1791128981.2519,4960,1288,55531,306000000,1728000
1791128981.3020,4960,1288,55406,306000000,1728000
1791128981.3521,4960,1296,55531,306000000,1728000
1791128981.4022,4960,1296,55593,306000000,1728000
1791128981.4522,4960,1288,55531,306000000,1728000
1791128981.5023,4960,1304,55625,306000000,1728000
1791128981.5525,4960,1304,55500,306000000,1728000
1791128981.6026,4960,1304,55656,306000000,1728000
1791128981.6527,4960,1312,55500,306000000,1728000
1791128981.7028,4960,1328,55625,306000000,1728000
1791128981.7529,4960,1328,55437,306000000,1728000
1791128981.8029,4960,1320,55593,306000000,1728000
1791128981.8530,4960,1312,55656,306000000,1728000
1791128981.9031,4960,1304,55531,306000000,1728000
1791128981.9531,4960,1304,55687,306000000,1728000
1791128982.0032,4960,1296,55468,306000000,1728000
1791128982.0533,4960,1296,55625,306000000,1728000
1791128982.1034,4960,1296,55500,306000000,1728000
1791128982.1535,4960,1296,55531,306000000,1728000
1791128982.2036,4960,1288,55468,306000000,1728000
1791128982.2537,4960,1288,55562,306000000,1728000
1791128982.3038,4960,1280,55562,306000000,1728000
1791128982.3539,4960,1280,55531,306000000,1728000
1791128982.4039,4960,1272,55593,306000000,1728000
1791128982.4540,4960,1272,55562,306000000,1728000
1791128982.5041,4960,1264,55593,306000000,1728000
1791128982.5542,4960,1264,55531,306000000,1728000
1791128982.6043,4960,1264,55562,306000000,1728000
1791128982.6544,4960,1272,55531,306000000,1728000
1791128982.7045,4960,1264,55562,306000000,1728000
1791128982.7545,4960,1264,55531,306000000,1728000
1791128982.8046,4960,1264,55500,306000000,1728000
1791128982.8547,4960,1264,55625,306000000,1728000
1791128982.9048,4960,1256,55468,306000000,1728000
1791128982.9548,4960,1256,55562,306000000,1728000
1791128983.0049,4960,1264,55531,306000000,1728000
1791128983.0550,4960,1256,55562,306000000,1728000
1791128983.1051,4960,1256,55500,306000000,1728000
1791128983.1552,4960,1256,55531,306000000,1497600
1791128983.2053,4960,1264,55531,306000000,1728000
1791128983.2554,4960,1264,55531,306000000,1420800
1791128983.3055,4960,1264,55593,306000000,1728000
1791128983.3556,4960,1264,55531,306000000,1728000
1791128983.4056,4960,1256,55531,306000000,1728000
1791128983.4557,4960,1256,55468,306000000,1728000
1791128983.5058,4960,1256,55593,306000000,1728000
1791128983.5559,4960,1248,55500,306000000,1728000
1791128983.6060,4960,1256,55562,306000000,1728000
1791128983.6561,4960,1256,55437,306000000,1728000
1791128983.7062,4960,1256,55468,306000000,1497600
1791128983.7563,4960,1264,55625,306000000,1728000
1791128983.8064,4960,1264,55531,306000000,1728000
1791128983.8564,4960,1264,55562,306000000,1728000
1791128983.9065,4960,1264,55531,306000000,1728000
1791128983.9566,4960,1264,55531,306000000,1728000
1791128984.0067,4960,1256,55531,306000000,1728000
1791128984.0568,4960,1264,55562,306000000,1728000
1791128984.1069,4960,1264,55468,306000000,1728000
1791128984.1570,4960,1264,55468,306000000,1728000
1791128984.2071,4960,1256,55593,306000000,1728000
1791128984.2571,4960,1256,55500,306000000,1728000
1791128984.3072,4960,1272,55562,306000000,1728000
1791128984.3573,4960,1264,55531,306000000,1728000
1791128984.4074,4960,1264,55562,306000000,1728000
1791128984.4575,4960,1256,55406,306000000,1728000
1791128984.5076,4960,1256,55500,306000000,1728000
1791128984.5577,4960,1248,55468,306000000,1728000
1791128984.6078,4960,1256,55531,306000000,1728000
1791128984.6578,4960,1248,55687,306000000,1728000
1791128984.7079,4960,1248,55531,306000000,1728000
1791128984.7580,4960,1248,55625,306000000,1728000
1791128984.8081,4960,1248,55468,306000000,1728000
1791128984.8582,4960,1256,55531,306000000,1497600
1791128984.9083,4960,1256,55437,306000000,1728000
1791128984.9584,4960,1256,55593,306000000,1728000
1791128985.0085,4960,1264,55406,306000000,1728000
1791128985.0586,4960,1264,55531,306000000,1728000
1791128985.1086,4960,1256,55531,306000000,1728000
1791128985.1587,4960,1256,55531,306000000,1728000
1791128985.2088,4960,1256,55593,306000000,1728000
1791128985.2589,4960,1256,55437,306000000,1728000
1791128985.3090,4960,1256,55593,306000000,1728000
1791128985.3591,4960,1256,55437,306000000,1728000
1791128985.4092,4960,1264,55500,306000000,1497600
1791128985.4593,4960,1264,55468,306000000,1728000
1791128985.5094,4960,1272,55531,306000000,1728000
1791128985.5594,4960,1264,55656,306000000,1728000
1791128985.6095,4960,1264,55531,306000000,1728000
1791128985.6596,4960,1264,55593,306000000,1728000
1791128985.7097,4960,1264,55406,306000000,1728000
1791128985.7598,4960,1264,55656,306000000,1728000
1791128985.8098,4960,1256,55468,306000000,1728000
1791128985.8599,4960,1256,55562,306000000,1728000
1791128985.9100,4960,1256,55500,306000000,1728000
1791128985.9601,4960,1256,55593,306000000,1728000
1791128986.0102,4960,1264,55437,306000000,1728000
1791128986.0603,4960,1264,55531,306000000,1728000
1791128986.1104,4960,1272,55656,306000000,1728000
1791128986.1605,4960,1264,55531,306000000,1728000
1791128986.2106,4960,1264,55593,306000000,1728000
1791128986.2607,4960,1264,55531,306000000,1728000
1791128986.3108,4960,1264,55531,306000000,1728000
1791128986.3609,4960,1264,55406,306000000,1728000
1791128986.4109,4960,1264,55593,306000000,1728000
1791128986.4610,4960,1256,55531,306000000,1728000
1791128986.5111,4960,1264,55468,306000000,1497600
1791128986.5612,4960,1272,55625,306000000,1728000
1791128986.6113,4960,1272,55593,306000000,1728000
1791128986.6614,4960,1264,55656,306000000,1728000
1791128986.7115,4960,1264,55500,306000000,1728000
1791128986.7616,4960,1264,55593,306000000,1728000
1791128986.8116,4960,1264,55531,306000000,1728000
1791128986.8617,4960,1264,55562,306000000,1728000
1791128986.9118,4960,1256,55437,306000000,1728000
1791128986.9619,4960,1256,55531,306000000,1728000
1791128987.0120,4960,1256,55625,306000000,1728000
1791128987.0621,4960,1264,55468,306000000,1728000
1791128987.1122,4960,1272,55625,306000000,1728000
1791128987.1623,4960,1272,55437,306000000,1728000
1791128987.2123,4960,1264,55593,306000000,1728000
1791128987.2624,4960,1264,55468,306000000,1728000
1791128987.3125,4960,1264,55531,306000000,1728000
1791128987.3626,4960,1264,55562,306000000,1728000
1791128987.4127,4960,1256,55562,306000000,1728000
1791128987.4628,4960,1256,55593,306000000,1728000
1791128987.5128,4960,1248,55468,306000000,1728000
1791128987.5629,4960,1256,55625,306000000,1728000
1791128987.6130,4960,1256,55468,306000000,1728000
1791128987.6631,4960,1264,55656,306000000,1497600
1791128987.7132,4960,1264,55437,306000000,1728000
1791128987.7633,4960,1264,55562,306000000,1728000
1791128987.8134,4960,1256,55406,306000000,1728000
1791128987.8634,4960,1264,55562,306000000,1728000
1791128987.9135,4960,1264,55625,306000000,1728000
1791128987.9636,4960,1256,55531,306000000,1728000
1791128988.0137,4960,1256,55656,306000000,1728000
1791128988.0638,4960,1256,55500,306000000,1728000
1791128988.1139,4960,1256,55656,306000000,1728000
1791128988.1640,4960,1256,55437,306000000,1728000
1791128988.2141,4960,1264,55500,306000000,1728000
1791128988.2642,4960,1264,55406,306000000,1728000
1791128988.3143,4960,1272,55531,306000000,1728000
1791128988.3644,4960,1264,55718,306000000,1728000
1791128988.4144,4960,1264,55531,306000000,1728000
1791128988.4645,4960,1264,55593,306000000,1728000
1791128988.5146,4960,1264,55500,306000000,1728000
1791128988.5647,4960,1256,55656,306000000,1728000
1791128988.6148,4960,1256,55500,306000000,1728000
1791128988.6649,4960,1256,55562,306000000,1728000
1791128988.7149,4960,1256,55500,306000000,1728000
1791128988.7650,4960,1264,55531,306000000,1728000
1791128988.8151,4960,1264,55500,306000000,1728000
1791128988.8652,4960,1272,55531,306000000,1728000
1791128988.9153,4960,1264,55593,306000000,1728000
1791128988.9654,4960,1264,55468,306000000,1728000
1791128989.0155,4960,1264,55625,306000000,1728000
1791128989.0656,4960,1256,55468,306000000,1728000
1791128989.1156,4960,1256,55593,306000000,1728000
1791128989.1657,4960,1256,55406,306000000,1728000
1791128989.2158,4960,1256,55531,306000000,1728000
1791128989.2659,4960,1248,55531,306000000,1728000
1791128989.3160,4960,1256,55468,306000000,1728000
1791128989.3661,4960,1272,55593,306000000,1728000
1791128989.4162,4960,1264,55406,306000000,1728000
1791128989.4663,4960,1264,55562,306000000,1728000
1791128989.5163,4960,1264,55437,306000000,1728000
1791128989.5664,4960,1264,55437,306000000,1728000
1791128989.6165,4960,1256,55437,306000000,1728000
1791128989.6666,4960,1256,55593,306000000,1728000
1791128989.7167,4960,1256,55500,306000000,1728000
1791128989.7667,4960,1256,55531,306000000,1728000
1791128989.8168,4960,1256,55656,306000000,1728000
1791128989.8669,4960,1264,55437,306000000,1497600
1791128989.9170,4960,1264,55625,306000000,1728000
1791128989.9671,4960,1264,55531,306000000,1728000
1791128990.0172,4960,1256,55500,306000000,1728000
1791128990.0673,4960,1264,55406,306000000,1728000
1791128990.1174,4960,1264,55531,306000000,1728000
1791128990.1675,4960,1264,55468,306000000,1728000
1791128990.2175,4960,1256,55531,306000000,1728000
1791128990.2676,4960,1256,55593,306000000,1728000
1791128990.3177,4960,1256,55375,306000000,1728000
1791128990.3678,4960,1264,55562,306000000,1728000
1791128990.4179,4960,1264,55531,306000000,1728000
1791128990.4680,4960,1272,55593,306000000,1497600
1791128990.5181,4960,1272,55437,306000000,1728000
1791128990.5682,4960,1272,55500,306000000,1728000
1791128990.6182,4960,1264,55437,306000000,1728000
1791128990.6683,4960,1264,55500,306000000,1728000
1791128990.7184,4960,1264,55593,306000000,1728000
1791128990.7685,4960,1264,55468,306000000,1728000
1791128990.8186,4960,1272,55562,306000000,1728000
1791128990.8686,4960,1280,55437,306000000,1728000
1791128990.9187,4960,1288,55500,306000000,1728000
1791128990.9688,4960,1296,55406,306000000,1728000
1791128991.0189,4960,1312,55625,306000000,1651200
1791128991.0690,4960,1304,55406,306000000,1728000
1791128991.1191,4960,1296,55531,306000000,1728000
1791128991.1692,4960,1296,55593,306000000,1728000
1791128991.2193,4960,1296,55531,306000000,1728000
1791128991.2693,4960,1296,55718,306000000,1728000
1791128991.3194,4960,1288,55500,306000000,1728000
1791128991.3695,4960,1280,55625,306000000,1728000
1791128991.4196,4960,1288,55468,306000000,1728000
1791128991.4697,4960,1280,55468,306000000,1728000
1791128991.5197,4960,1280,55437,306000000,1728000
1791128991.5698,4960,1288,55500,306000000,1728000
1791128991.6199,4960,1288,55437,306000000,1728000
1791128991.6700,4960,1288,55531,306000000,1728000
1791128991.7201,4960,1280,55625,306000000,1728000
1791128991.7702,4960,1280,55500,306000000,1728000
1791128991.8203,4960,1280,55625,306000000,1728000
1791128991.8703,4960,1272,55437,306000000,1728000
1791128991.9204,4960,1272,55531,306000000,1728000
1791128991.9705,4960,1264,55468,306000000,1728000
1791128992.0206,4960,1256,55531,306000000,1728000
1791128992.0706,4960,1256,55500,306000000,1728000
1791128992.1207,4960,1272,55531,306000000,1728000
1791128992.1708,4960,1272,55687,306000000,1728000
1791128992.2209,4960,1272,55500,306000000,1728000
1791128992.2710,4960,1272,55593,306000000,1728000
1791128992.3211,4960,1272,55437,306000000,1728000
1791128992.3712,4960,1272,55531,306000000,1728000
1791128992.4212,4960,1264,55437,306000000,1728000
1791128992.4713,4960,1264,55531,306000000,1728000
1791128992.5214,4960,1256,55500,306000000,1728000
1791128992.5715,4960,1264,55468,306000000,1728000
1791128992.6215,4960,1264,55687,306000000,1728000
1791128992.6716,4960,1264,55500,306000000,1728000
1791128992.7217,4960,1272,55593,306000000,1728000
1791128992.7718,4960,1272,55500,306000000,1728000
1791128992.8219,4960,1272,55531,306000000,1728000
1791128992.8720,4960,1272,55375,306000000,1728000
1791128992.9221,4960,1264,55531,306000000,1728000
1791128992.9721,4960,1272,55437,306000000,1728000
1791128993.0222,4960,1264,55531,306000000,1728000
1791128993.0723,4960,1264,55687,306000000,1728000
1791128993.1224,4960,1264,55468,306000000,1728000
1791128993.1724,4960,1256,55656,306000000,1728000
1791128993.2225,4960,1264,55468,306000000,1267200
1791128993.2727,4960,1272,55531,306000000,1728000
1791128993.3228,4960,1272,55406,306000000,1728000
1791128993.3728,4960,1264,55531,306000000,1728000
1791128993.4229,4960,1264,55437,306000000,1728000
1791128993.4730,4960,1264,55468,306000000,1728000
1791128993.5231,4960,1264,55531,306000000,1728000
1791128993.5731,4960,1264,55468,306000000,1728000
1791128993.6232,4960,1264,55562,306000000,1728000
1791128993.6733,4960,1264,55500,306000000,1728000
1791128993.7234,4960,1256,55562,306000000,1728000
1791128993.7735,4960,1256,55468,306000000,1728000
1791128993.8236,4960,1272,55531,306000000,1728000
1791128993.8736,4960,1272,55500,306000000,1728000
1791128993.9237,4960,1272,55468,306000000,1728000
1791128993.9738,4960,1264,55437,306000000,1728000
1791128994.0239,4960,1264,55531,306000000,1728000
1791128994.0740,4960,1256,55593,306000000,1728000
1791128994.1240,4960,1256,55468,306000000,1728000
1791128994.1741,4960,1256,55562,306000000,1728000
1791128994.2242,4960,1256,55468,306000000,1728000
1791128994.2743,4960,1256,55531,306000000,1728000
1791128994.3244,4960,1256,55500,306000000,1497600
1791128994.3745,4960,1264,55531,306000000,1728000
1791128994.4246,4960,1272,55375,306000000,1728000
1791128994.4747,4960,1272,55406,306000000,1728000
1791128994.5247,4960,1272,55625,306000000,1728000
1791128994.5748,4960,1264,55437,306000000,1728000
1791128994.6249,4960,1272,55531,306000000,1728000
1791128994.6750,4960,1264,55375,306000000,1728000
1791128994.7251,4960,1264,55531,306000000,1728000
1791128994.7751,4960,1264,55437,306000000,1728000
1791128994.8252,4960,1256,55531,306000000,1728000
1791128994.8753,4960,1264,55375,306000000,1728000
1791128994.9254,4960,1272,55468,306000000,1728000
1791128994.9755,4960,1272,55562,306000000,1728000
1791128995.0256,4960,1272,55437,306000000,1728000
1791128995.0757,4960,1264,55531,306000000,1728000
1791128995.1257,4960,1264,55437,306000000,1728000
1791128995.1758,4960,1272,55531,306000000,1728000
1791128995.2259,4960,1264,55500,306000000,1728000
1791128995.2760,4960,1264,55500,306000000,1728000
1791128995.3261,4960,1256,55437,306000000,1728000
1791128995.3762,4960,1256,55562,306000000,1728000
1791128995.4262,4960,1256,55656,306000000,1728000
1791128995.4763,4960,1264,55531,306000000,1728000
1791128995.5264,4960,1272,55562,306000000,1728000
1791128995.5765,4960,1272,55468,306000000,1728000
1791128995.6266,4960,1264,55562,306000000,1728000
1791128995.6767,4960,1272,55468,306000000,1728000
1791128995.7268,4960,1272,55531,306000000,1728000
1791128995.7768,4960,1264,55437,306000000,1728000
1791128995.8269,4960,1264,55531,306000000,1728000
1791128995.8770,4960,1256,55687,306000000,1728000
1791128995.9271,4960,1264,55500,306000000,1728000
1791128995.9772,4960,1264,55625,306000000,1728000
1791128996.0273,4960,1264,55437,306000000,1497600
1791128996.0774,4960,1280,55593,306000000,1728000
1791128996.1274,4960,1272,55531,306000000,1728000
1791128996.1775,4960,1264,55500,306000000,1728000
1791128996.2276,4960,1264,55343,306000000,1728000
1791128996.2777,4960,1264,55531,306000000,1728000
1791128996.3278,4960,1264,55468,306000000,1728000
1791128996.3779,4960,1264,55500,306000000,1420800
1791128996.4279,4960,1264,55656,306000000,1728000
1791128996.4780,4960,1264,55500,306000000,1728000
1791128996.5281,4960,1264,55562,306000000,1728000
1791128996.5782,4960,1264,55468,306000000,1497600
1791128996.6283,4960,1272,55562,306000000,1728000
1791128996.6784,4960,1272,55531,306000000,1728000
1791128996.7284,4960,1272,55500,306000000,1728000
1791128996.7785,4960,1272,55437,306000000,1728000
1791128996.8286,4960,1264,55531,306000000,1728000
1791128996.8787,4960,1264,55593,306000000,1728000
1791128996.9288,4960,1256,55437,306000000,1728000
1791128996.9789,4960,1256,55531,306000000,1728000
1791128997.0289,4960,1256,55437,306000000,1728000
1791128997.0791,4960,1256,55562,306000000,1728000
1791128997.1291,4960,1264,55437,306000000,1728000
1791128997.1792,4960,1272,55531,306000000,1728000
1791128997.2293,4960,1264,55468,306000000,1728000
1791128997.2794,4960,1264,55500,306000000,1728000
1791128997.3295,4960,1264,55593,306000000,1728000
1791128997.3796,4960,1272,55500,306000000,1728000
1791128997.4297,4960,1264,55531,306000000,1728000
1791128997.4798,4960,1264,55500,306000000,1728000
1791128997.5298,4960,1264,55593,306000000,1728000
1791128997.5799,4960,1264,55406,306000000,1728000
1791128997.6300,4960,1264,55468,306000000,1728000
1791128997.6801,4960,1256,55406,306000000,1728000
1791128997.7302,4960,1272,55437,306000000,1728000
1791128997.7803,4960,1272,55656,306000000,1728000
1791128997.8304,4960,1272,55437,306000000,1728000
1791128997.8804,4960,1272,55562,306000000,1728000
1791128997.9305,4960,1272,55375,306000000,1728000
1791128997.9806,4960,1272,55531,306000000,1728000
1791128998.0307,4960,1264,55437,306000000,1728000
1791128998.0808,4960,1264,55531,306000000,1728000
1791128998.1309,4960,1264,55468,306000000,1728000
1791128998.1809,4960,1264,55500,306000000,1728000
1791128998.2310,4960,1264,55593,306000000,1728000
1791128998.2811,4960,1272,55531,306000000,1497600
1791128998.3312,4960,1272,55531,306000000,1728000
1791128998.3813,4960,1272,55406,306000000,1728000
1791128998.4314,4960,1272,55531,306000000,1728000
1791128998.4815,4960,1272,55437,306000000,1728000
1791128998.5316,4960,1264,55531,306000000,1728000
1791128998.5816,4960,1264,55406,306000000,1728000
1791128998.6317,4960,1264,55468,306000000,1728000
1791128998.6818,4960,1264,55437,306000000,1728000
1791128998.7319,4960,1264,55500,306000000,1728000
1791128998.7820,4960,1256,55531,306000000,1728000
1791128998.8321,4960,1264,55468,306000000,1728000
1791128998.8822,4960,1272,55531,306000000,1728000
1791128998.9323,4960,1272,55468,306000000,1728000
1791128998.9824,4960,1272,55531,306000000,1728000
1791128999.0324,4960,1264,55406,306000000,1728000
1791128999.0825,4960,1264,55625,306000000,1728000
1791128999.1326,4960,1264,55468,306000000,1728000
1791128999.1827,4960,1264,55531,306000000,1728000
1791128999.2328,4960,1264,55593,306000000,1728000
1791128999.2829,4960,1256,55437,306000000,1728000
1791128999.3330,4960,1264,55593,306000000,1728000
1791128999.3831,4960,1272,55562,306000000,1420800
1791128999.4332,4960,1272,55593,306000000,1728000
1791128999.4833,4960,1272,55468,306000000,1728000
1791128999.5334,4960,1272,55468,306000000,1728000
1791128999.5834,4960,1264,55500,306000000,1728000
1791128999.6335,4960,1264,55468,306000000,1728000
1791128999.6836,4960,1256,55625,306000000,1728000
1791128999.7337,4960,1256,55500,306000000,1728000
1791128999.7838,4960,1256,55562,306000000,1728000
1791128999.8338,4960,1248,55468,306000000,1728000
1791128999.8839,4960,1256,55531,306000000,1728000
1791128999.9340,4960,1256,55437,306000000,1344000
1791128999.9841,4960,1272,55562,306000000,1728000
1791129000.0342,4960,1264,55500,306000000,1728000
1791129000.0843,4960,1264,55500,306000000,1728000
1791129000.1344,4960,1264,55625,306000000,1728000
1791129000.1845,4960,1256,55468,306000000,1728000
1791129000.2346,4960,1256,55531,306000000,1728000
1791129000.2847,4960,1256,55500,306000000,1728000
1791129000.3348,4960,1256,55593,306000000,1728000
1791129000.3848,4960,1256,55468,306000000,1728000
1791129000.4350,4960,1264,55593,306000000,1728000
1791129000.4850,4960,1264,55468,306000000,1728000
1791129000.5351,4960,1272,55531,306000000,1574400
1791129000.5852,4960,1272,55593,306000000,1728000
1791129000.6353,4960,1264,55468,306000000,1728000
1791129000.6854,4960,1264,55562,306000000,1728000
1791129000.7355,4960,1264,55500,306000000,1728000
1791129000.7856,4960,1264,55531,306000000,1728000
1791129000.8357,4960,1264,55437,306000000,1728000
1791129000.8859,4960,1256,55593,306000000,1728000
1791129000.9360,4960,1256,55531,306000000,1728000
1791129000.9861,4960,1264,55500,306000000,1728000
1791129001.0362,4960,1256,55468,306000000,1728000
1791129001.0862,4960,1272,55468,306000000,1728000
1791129001.1367,4960,1272,55593,306000000,1728000
1791129001.1868,4960,1272,55500,306000000,1728000
1791129001.2369,4960,1264,55593,306000000,1728000
1791129001.2870,4960,1264,55437,306000000,1728000
1791129001.3371,4960,1264,55531,306000000,1728000
1791129001.3872,4960,1264,55500,306000000,1728000
1791129001.4372,4960,1256,55500,306000000,1728000
1791129001.4874,4960,1256,55437,306000000,1728000
1791129001.5374,4960,1256,55468,306000000,1728000
1791129001.5875,4960,1256,55625,306000000,1728000
1791129001.6376,4960,1264,55468,306000000,1420800
1791129001.6877,4960,1264,55593,306000000,1728000
1791129001.7378,4960,1264,55468,306000000,1728000
1791129001.7879,4960,1264,55562,306000000,1728000
1791129001.8380,4960,1264,55437,306000000,1728000
1791129001.8881,4960,1256,55500,306000000,1728000
1791129001.9382,4960,1256,55468,306000000,1728000
1791129001.9883,4960,1256,55500,306000000,1728000
1791129002.0384,4960,1248,55531,306000000,1728000
1791129002.0885,4960,1248,55531,306000000,1728000
1791129002.1385,4960,1248,55531,306000000,1728000
1791129002.1886,4960,1256,55468,306000000,1574400
1791129002.2389,4960,1256,55531,306000000,1728000
1791129002.2889,4960,1256,55468,306000000,1728000
1791129002.3391,4960,1256,55468,306000000,1728000
1791129002.3892,4960,1264,55375,306000000,1728000
1791129002.4393,4960,1264,55500,306000000,1728000
1791129002.4894,4960,1264,55656,306000000,1728000
1791129002.5395,4960,1264,55500,306000000,1728000
1791129002.5896,4960,1264,55593,306000000,1728000
1791129002.6396,4960,1264,55500,306000000,1728000
1791129002.6897,4960,1280,55531,306000000,1728000
1791129002.7398,4960,1296,55437,306000000,1728000
1791129002.7899,4960,1304,55468,306000000,1728000
1791129002.8400,4960,1304,55468,306000000,1728000
1791129002.8901,4960,1312,55468,306000000,1728000
1791129002.9402,4960,1304,55562,306000000,1728000
1791129002.9903,4960,1296,55468,306000000,1728000
1791129003.0404,4960,1296,55593,306000000,1728000
1791129003.0905,4960,1296,55468,306000000,1728000
1791129003.1406,4960,1296,55531,306000000,1728000
1791129003.1907,4960,1288,55468,306000000,1728000
1791129003.2407,4960,1280,55531,306000000,1728000
1791129003.2908,4960,1288,55468,306000000,1728000
1791129003.3409,4960,1296,55500,306000000,1728000
1791129003.3911,4960,1288,55437,306000000,1728000
1791129003.4411,4960,1280,55500,306000000,1728000
1791129003.4912,4960,1280,55593,306000000,1728000
1791129003.5413,4960,1280,55531,306000000,1728000
1791129003.5914,4960,1272,55625,306000000,1728000
1791129003.6415,4960,1272,55531,306000000,1728000
1791129003.6916,4960,1264,55531,306000000,1728000
1791129003.7417,4960,1264,55500,306000000,1728000
1791129003.7918,4960,1264,55500,306000000,1728000
1791129003.8419,4960,1272,55468,306000000,1728000
1791129003.8920,4960,1280,55468,306000000,1728000
1791129003.9421,4960,1272,55593,306000000,1728000
1791129003.9922,4960,1272,55500,306000000,1728000
1791129004.0423,4960,1264,55500,306000000,1728000
1791129004.0924,4960,1264,55468,306000000,1728000
1791129004.1425,4960,1264,55531,306000000,1728000
1791129004.1926,4960,1264,55500,306000000,1728000
1791129004.2427,4960,1264,55531,306000000,1728000
1791129004.2928,4960,1264,55468,306000000,1728000
1791129004.3429,4960,1264,55406,306000000,1728000
1791129004.3930,4960,1264,55531,306000000,1728000
1791129004.4431,4960,1272,55406,306000000,1728000
1791129004.4932,4960,1272,55562,306000000,1728000
1791129004.5432,4960,1272,55531,306000000,1728000
1791129004.5933,4960,1272,55593,306000000,1728000
1791129004.6434,4960,1264,55531,306000000,1728000
1791129004.6935,4960,1264,55593,306000000,1728000
1791129004.7436,4960,1264,55437,306000000,1728000
1791129004.7937,4960,1264,55531,306000000,1728000
1791129004.8438,4960,1264,55625,306000000,1728000
1791129004.8939,4960,1264,55468,306000000,1728000
1791129004.9440,4960,1256,55625,306000000,1728000
1791129004.9941,4960,1272,55437,306000000,1728000
1791129005.0442,4960,1272,55593,306000000,1728000
1791129005.0943,4960,1272,55531,306000000,1728000
1791129005.1444,4960,1272,55468,306000000,1728000
1791129005.1944,4960,1264,55468,306000000,1728000
1791129005.2445,4960,1256,55531,306000000,1728000
1791129005.2946,4960,1256,55625,306000000,1728000
1791129005.3447,4960,1264,55593,306000000,1728000
1791129005.3948,4960,1264,55593,306000000,1728000
1791129005.4449,4960,1264,55500,306000000,1728000
1791129005.4950,4960,1256,55531,306000000,1728000
1791129005.5451,4960,1272,55500,306000000,1728000
1791129005.5952,4960,1280,55531,306000000,1728000
1791129005.6452,4960,1272,55500,306000000,1728000
1791129005.6953,4960,1272,55531,306000000,1728000
1791129005.7454,4960,1272,55406,306000000,1728000
1791129005.7955,4960,1272,55500,306000000,1497600
1791129005.8456,4960,1264,55593,306000000,1728000
1791129005.8957,4960,1272,55500,306000000,1728000
1791129005.9457,4960,1264,55562,306000000,1497600
1791129005.9958,4960,1264,55500,306000000,1728000
1791129006.0459,4960,1256,55531,306000000,1728000
1791129006.0960,4960,1272,55468,306000000,1728000
1791129006.1461,4960,1280,55500,306000000,1728000
1791129006.1962,4960,1272,55406,306000000,1728000
1791129006.2463,4960,1272,55531,306000000,1728000
1791129006.2964,4960,1272,55593,306000000,1728000
1791129006.3465,4960,1264,55531,306000000,1728000
1791129006.3965,4960,1264,55562,306000000,1728000
1791129006.4466,4960,1264,55468,306000000,1728000
1791129006.4967,4960,1264,55593,306000000,1728000
1791129006.5468,4960,1264,55531,306000000,1728000
1791129006.5969,4960,1264,55531,306000000,1728000
1791129006.6470,4960,1264,55437,306000000,1728000
1791129006.6971,4960,1272,55500,306000000,1728000
1791129006.7472,4960,1272,55593,306000000,1728000
1791129006.7973,4960,1272,55437,306000000,1728000
1791129006.8473,4960,1264,55625,306000000,1728000
1791129006.8974,4960,1264,55437,306000000,1728000
1791129006.9475,4960,1256,55500,306000000,1728000
1791129006.9976,4960,1256,55468,306000000,1728000
1791129007.0477,4960,1256,55562,306000000,1728000
1791129007.0978,4960,1256,55500,306000000,1728000
1791129007.1479,4960,1264,55562,306000000,1728000
1791129007.1980,4960,1264,55625,306000000,1728000
1791129007.2481,4960,1272,55468,306000000,1728000
1791129007.2982,4960,1272,55562,306000000,1728000
1791129007.3483,4960,1272,55500,306000000,1728000
1791129007.3984,4960,1264,55500,306000000,1728000
1791129007.4485,4960,1264,55500,306000000,1728000
1791129007.4986,4960,1264,55531,306000000,1728000
1791129007.5487,4960,1264,55406,306000000,1728000
1791129007.5988,4960,1264,55531,306000000,1728000
1791129007.6488,4960,1272,55593,306000000,1728000
1791129007.6989,4960,1272,55500,306000000,1728000
1791129007.7490,4960,1272,55656,306000000,1574400
1791129007.7991,4960,1288,55468,306000000,1344000
1791129007.8492,4960,1280,55531,306000000,1728000
1791129007.8993,4960,1280,55468,306000000,1728000
1791129007.9494,4960,1272,55562,306000000,1728000
1791129007.9995,4960,1272,55468,306000000,1728000
1791129008.0496,4960,1272,55562,306000000,1728000
1791129008.0996,4960,1272,55406,306000000,1728000
1791129008.1497,4960,1264,55500,306000000,1728000
1791129008.1998,4960,1264,55625,306000000,1728000
1791129008.2499,4960,1264,55468,306000000,1728000
1791129008.3000,4960,1264,55562,306000000,1728000
1791129008.3501,4960,1272,55500,306000000,1728000
1791129008.4002,4960,1272,55562,306000000,1728000
1791129008.4503,4960,1272,55468,306000000,1728000
1791129008.5004,4960,1264,55531,306000000,1728000
1791129008.5505,4960,1264,55468,306000000,1728000
1791129008.6006,4960,1264,55500,306000000,1728000
1791129008.6507,4960,1272,55593,306000000,1728000
1791129008.7008,4960,1264,55531,306000000,1728000
1791129008.7509,4960,1264,55625,306000000,1728000
1791129008.8010,4960,1264,55468,306000000,1728000
1791129008.8511,4960,1264,55500,306000000,1728000
1791129008.9012,4960,1272,55406,306000000,1728000
1791129008.9513,4960,1272,55468,306000000,1728000
1791129009.0014,4960,1272,55406,306000000,1728000
1791129009.0515,4960,1272,55500,306000000,1728000
1791129009.1016,4960,1272,55656,306000000,1728000
1791129009.1517,4960,1272,55468,306000000,1728000
1791129009.2018,4960,1264,55687,306000000,1728000
1791129009.2519,4960,1264,55406,306000000,1728000
1791129009.3019,4960,1264,55562,306000000,1728000
1791129009.3520,4960,1264,55406,306000000,1728000
1791129009.4021,4960,1264,55531,306000000,1728000
1791129009.4522,4960,1264,55500,306000000,1497600
1791129009.5023,4960,1272,55468,306000000,1728000
1791129009.5524,4960,1272,55625,306000000,1728000
1791129009.6025,4960,1272,55531,306000000,1728000
1791129009.6526,4960,1272,55531,306000000,1728000
1791129009.7027,4960,1272,55531,306000000,1728000
1791129009.7528,4960,1272,55562,306000000,1728000
1791129009.8029,4960,1272,55468,306000000,1728000
1791129009.8530,4960,1264,55531,306000000,1728000
1791129009.9031,4960,1264,55500,306000000,1728000
1791129009.9532,4960,1264,55500,306000000,1728000
1791129010.0033,4960,1264,55562,306000000,1497600
1791129010.0534,4960,1272,55531,306000000,1728000
1791129010.1035,4960,1272,55625,306000000,1728000
1791129010.1536,4960,1272,55468,306000000,1728000
1791129010.2037,4960,1272,55625,306000000,1728000
1791129010.2538,4960,1272,55500,306000000,1728000
1791129010.3038,4960,1272,55531,306000000,1728000
1791129010.3539,4960,1264,55406,306000000,1728000
1791129010.4040,4960,1264,55531,306000000,1728000
1791129010.4541,4960,1264,55375,306000000,1728000
1791129010.5042,4960,1256,55468,306000000,1728000
1791129010.5543,4960,1256,55593,306000000,1728000
1791129010.6044,4960,1264,55500,306000000,1728000
1791129010.6545,4960,1264,55562,306000000,1728000
1791129010.7046,4960,1264,55437,306000000,1728000
1791129010.7547,4960,1264,55531,306000000,1728000
1791129010.8048,4960,1256,55468,306000000,1728000
1791129010.8549,4960,1256,55562,306000000,1728000
1791129010.9050,4960,1256,55468,306000000,1728000
1791129010.9551,4960,1256,55468,306000000,1728000
1791129011.0052,4960,1256,55562,306000000,1728000
1791129011.0553,4960,1256,55500,306000000,1728000
1791129011.1053,4960,1256,55656,306000000,1728000
1791129011.1554,4960,1272,55406,306000000,1728000
1791129011.2055,4960,1272,55531,306000000,1728000
1791129011.2557,4960,1264,55531,306000000,1728000
1791129011.3058,4960,1264,55531,306000000,1728000
1791129011.3558,4960,1264,55468,306000000,1728000
1791129011.4059,4960,1256,55500,306000000,1728000
1791129011.4560,4960,1256,55593,306000000,1728000
1791129011.5061,4960,1256,55468,306000000,1728000
1791129011.5562,4960,1256,55562,306000000,1728000
1791129011.6062,4960,1256,55500,306000000,1728000
1791129011.6563,4960,1256,55562,306000000,1728000
1791129011.7064,4960,1272,55406,306000000,1728000
1791129011.7565,4960,1272,55531,306000000,1728000
1791129011.8066,4960,1272,55437,306000000,1728000
1791129011.8567,4960,1264,55468,306000000,1728000
1791129011.9067,4960,1264,55531,306000000,1728000
1791129011.9568,4960,1264,55500,306000000,1728000
1791129012.0069,4960,1264,55562,306000000,1728000
1791129012.0570,4960,1256,55562,306000000,1728000
1791129012.1071,4960,1256,55531,306000000,1728000
1791129012.1571,4960,1256,55312,306000000,1728000
1791129012.2072,4960,1256,55531,306000000,1728000
1791129012.2573,4960,1272,55468,306000000,1728000
1791129012.3074,4960,1272,55500,306000000,1728000
1791129012.3575,4960,1264,55687,306000000,1728000
1791129012.4076,4960,1264,55500,306000000,1728000
1791129012.4576,4960,1264,55625,306000000,1728000
1791129012.5077,4960,1264,55593,306000000,1728000
1791129012.5578,4960,1264,55562,306000000,1728000
1791129012.6079,4960,1256,55468,306000000,1728000
1791129012.6579,4960,1256,55531,306000000,1728000
1791129012.7080,4960,1256,55531,306000000,1728000
1791129012.7581,4960,1264,55468,306000000,1728000
1791129012.8082,4960,1272,55500,306000000,1497600
1791129012.8583,4960,1280,55468,306000000,1728000
1791129012.9084,4960,1280,55625,306000000,1728000
1791129012.9585,4960,1272,55500,306000000,1728000
1791129013.0085,4960,1264,55531,306000000,1728000
1791129013.0586,4960,1264,55500,306000000,1728000
1791129013.1087,4960,1264,55531,306000000,1728000
1791129013.1588,4960,1264,55437,306000000,1728000
1791129013.2089,4960,1264,55531,306000000,1728000
1791129013.2590,4960,1256,55437,306000000,1728000
1791129013.3090,4960,1264,55437,306000000,1728000
1791129013.3591,4960,1272,55593,306000000,1420800
1791129013.4092,4960,1272,55531,306000000,1728000
1791129013.4593,4960,1272,55562,306000000,1728000
1791129013.5094,4960,1264,55437,306000000,1728000
1791129013.5595,4960,1264,55531,306000000,1728000
1791129013.6096,4960,1264,55531,306000000,1728000
1791129013.6597,4960,1264,55531,306000000,1728000
1791129013.7098,4960,1264,55406,306000000,1728000
1791129013.7599,4960,1264,55531,306000000,1728000
1791129013.8099,4960,1264,55625,306000000,1728000
1791129013.8600,4960,1256,55468,306000000,1728000
1791129013.9101,4960,1264,55531,306000000,1728000
1791129013.9602,4960,1272,55468,306000000,1728000
1791129014.0103,4960,1264,55593,306000000,1728000
1791129014.0604,4960,1272,55500,306000000,1728000
1791129014.1105,4960,1264,55562,306000000,1728000
1791129014.1606,4960,1264,55468,306000000,1728000
1791129014.2107,4960,1256,55531,306000000,1728000
1791129014.2607,4960,1256,55593,306000000,1728000
1791129014.3108,4960,1256,55531,306000000,1728000
1791129014.3609,4960,1256,55593,306000000,1728000
1791129014.4110,4960,1256,55468,306000000,1728000
1791129014.4611,4960,1264,55531,306000000,1728000
1791129014.5112,4960,1272,55531,306000000,1497600
1791129014.5613,4960,1272,55531,306000000,1728000
1791129014.6114,4960,1272,55406,306000000,1728000
1791129014.6614,4960,1272,55468,306000000,1728000
1791129014.7115,4960,1264,55562,306000000,1728000
1791129014.7616,4960,1264,55531,306000000,1728000
1791129014.8117,4960,1264,55656,306000000,1728000
1791129014.8618,4960,1264,55437,306000000,1728000
1791129014.9119,4960,1264,55562,306000000,1728000
1791129014.9619,4960,1264,55500,306000000,1728000
1791129015.0120,4960,1264,55562,306000000,1728000
1791129015.0621,4960,1272,55437,306000000,1728000
1791129015.1122,4960,1272,55531,306000000,1728000
1791129015.1623,4960,1264,55468,306000000,1728000
1791129015.2124,4960,1264,55531,306000000,1728000
1791129015.2624,4960,1264,55531,306000000,1728000
1791129015.3125,4960,1264,55343,306000000,1728000
1791129015.3626,4960,1264,55562,306000000,1728000
1791129015.4127,4960,1256,55468,306000000,1728000
1791129015.4628,4960,1264,55562,306000000,1728000
1791129015.5129,4960,1264,55437,306000000,1728000
1791129015.5629,4960,1256,55531,306000000,1497600
1791129015.6130,4960,1272,55468,306000000,1728000
1791129015.6631,4960,1272,55406,306000000,1728000
1791129015.7132,4960,1272,55625,306000000,1728000
1791129015.7633,4960,1272,55468,306000000,1728000
1791129015.8134,4960,1264,55562,306000000,1728000
1791129015.8635,4960,1264,55500,306000000,1728000
1791129015.9135,4960,1264,55531,306000000,1728000
1791129015.9636,4960,1264,55531,306000000,1728000
1791129016.0137,4960,1256,55500,306000000,1728000
1791129016.0638,4960,1264,55437,306000000,1728000
1791129016.1138,4960,1256,55531,306000000,1728000
1791129016.1639,4960,1272,55562,306000000,1728000
1791129016.2140,4960,1272,55500,306000000,1728000
1791129016.2641,4960,1264,55531,306000000,1728000
1791129016.3142,4960,1272,55500,306000000,1728000
1791129016.3643,4960,1264,55531,306000000,1728000
1791129016.4144,4960,1264,55500,306000000,1728000
1791129016.4644,4960,1264,55531,306000000,1728000
1791129016.5145,4960,1256,55375,306000000,1728000
1791129016.5646,4960,1264,55468,306000000,1728000
1791129016.6147,4960,1264,55625,306000000,1728000
1791129016.6648,4960,1256,55531,306000000,1728000
1791129016.7149,4960,1264,55656,306000000,1497600
1791129016.7650,4960,1272,55500,306000000,1728000
1791129016.8151,4960,1264,55593,306000000,1728000
1791129016.8652,4960,1272,55437,306000000,1728000
1791129016.9153,4960,1272,55500,306000000,1728000
1791129016.9653,4960,1264,55468,306000000,1728000
1791129017.0154,4960,1264,55531,306000000,1728000
1791129017.0655,4960,1264,55625,306000000,1728000
1791129017.1156,4960,1256,55531,306000000,1728000
1791129017.1657,4960,1256,55562,306000000,1728000
1791129017.2158,4960,1256,55437,306000000,1728000
1791129017.2659,4960,1272,55562,306000000,1728000
1791129017.3160,4960,1280,55750,306000000,1728000
1791129017.3660,4960,1280,55531,306000000,1728000
1791129017.4161,4960,1280,55468,306000000,1728000
1791129017.4662,4960,1288,55468,306000000,1728000
1791129017.5163,4960,1296,55468,306000000,1728000
1791129017.5664,4960,1296,55531,306000000,1728000
1791129017.6165,4960,1296,55593,306000000,1728000
1791129017.6665,4960,1296,55500,306000000,1728000
1791129017.7166,4960,1296,55531,306000000,1728000
1791129017.7667,4960,1296,55531,306000000,1728000
1791129017.8168,4960,1296,55531,306000000,1728000
1791129017.8669,4960,1304,55437,306000000,1728000
1791129017.9170,4960,1296,55531,306000000,1728000
1791129017.9671,4960,1296,55468,306000000,1728000
1791129018.0172,4960,1288,55500,306000000,1728000
1791129018.0672,4960,1288,55593,306000000,1728000
1791129018.1173,4960,1280,55500,306000000,1728000
1791129018.1674,4960,1280,55531,306000000,1728000
1791129018.2175,4960,1272,55468,306000000,1728000
1791129018.2676,4960,1272,55531,306000000,1728000
1791129018.3176,4960,1272,55531,306000000,1728000
1791129018.3677,4960,1272,55531,306000000,1728000
1791129018.4178,4960,1280,55500,306000000,1497600
1791129018.4679,4960,1272,55468,306000000,1728000
1791129018.5180,4960,1272,55562,306000000,1728000
1791129018.5681,4960,1272,55406,306000000,1728000
1791129018.6182,4960,1272,55562,306000000,1728000
1791129018.6683,4960,1272,55437,306000000,1728000
1791129018.7183,4960,1264,55531,306000000,1728000
1791129018.7684,4960,1264,55500,306000000,1728000
1791129018.8185,4960,1264,55500,306000000,1728000
1791129018.8686,4960,1264,55468,306000000,1728000
1791129018.9187,4960,1264,55531,306000000,1267200
1791129018.9688,4960,1272,55687,306000000,1728000
1791129019.0189,4960,1272,55531,306000000,1728000
1791129019.0690,4960,1280,55562,306000000,1728000
1791129019.1191,4960,1272,55468,306000000,1728000
1791129019.1691,4960,1272,55531,306000000,1728000
1791129019.2192,4960,1264,55500,306000000,1728000
1791129019.2693,4960,1264,55500,306000000,1728000
1791129019.3194,4960,1264,55500,306000000,1728000
1791129019.3695,4960,1256,55468,306000000,1728000
1791129019.4195,4960,1264,55656,306000000,1728000
1791129019.4696,4960,1264,55468,306000000,1728000
1791129019.5197,4960,1272,55593,306000000,1728000
1791129019.5698,4960,1272,55468,306000000,1728000
1791129019.6199,4960,1272,55500,306000000,1728000
1791129019.6700,4960,1264,55468,306000000,1728000
1791129019.7201,4960,1264,55531,306000000,1728000
1791129019.7701,4960,1272,55500,306000000,1728000
1791129019.8202,4960,1272,55500,306000000,1728000
1791129019.8703,4960,1272,55468,306000000,1728000
1791129019.9204,4960,1272,55531,306000000,1728000
1791129019.9705,4960,1272,55593,306000000,1728000
1791129020.0206,4960,1264,55468,306000000,1728000
1791129020.0707,4960,1272,55562,306000000,1497600
1791129020.1208,4960,1280,55500,306000000,1728000
1791129020.1708,4960,1280,55593,306000000,1728000
1791129020.2209,4960,1272,55468,306000000,1728000
1791129020.2710,4960,1264,55437,306000000,1728000
1791129020.3211,4960,1264,55468,306000000,1728000
1791129020.3712,4960,1264,55500,306000000,1728000
1791129020.4212,4960,1264,55562,306000000,1728000
1791129020.4713,4960,1264,55406,306000000,1728000
1791129020.5214,4960,1256,55562,306000000,1728000
1791129020.5715,4960,1256,55437,306000000,1728000
1791129020.6216,4960,1264,55531,306000000,1728000
1791129020.6717,4960,1272,55468,306000000,1728000
1791129020.7218,4960,1272,55500,306000000,1728000
1791129020.7719,4960,1272,55500,306000000,1728000
1791129020.8220,4960,1264,55468,306000000,1728000
1791129020.8721,4960,1264,55531,306000000,1728000
1791129020.9222,4960,1272,55437,306000000,1728000
1791129020.9722,4960,1272,55531,306000000,1728000
1791129021.0223,4960,1264,55468,306000000,1728000
1791129021.0724,4960,1264,55625,306000000,1728000
1791129021.1225,4960,1256,55500,306000000,1728000
1791129021.1726,4960,1264,55500,306000000,1728000
1791129021.2227,4960,1272,55468,306000000,1344000
1791129021.2728,4960,1272,55500,306000000,1728000
1791129021.3228,4960,1272,55687,306000000,1728000
1791129021.3729,4960,1272,55500,306000000,1728000
1791129021.4230,4960,1272,55531,306000000,1728000
1791129021.4731,4960,1264,55500,306000000,1728000
1791129021.5232,4960,1264,55531,306000000,1728000
1791129021.5732,4960,1264,55468,306000000,1728000
1791129021.6233,4960,1264,55593,306000000,1728000
1791129021.6734,4960,1256,55437,306000000,1728000
1791129021.7235,4960,1256,55500,306000000,1497600
1791129021.7736,4960,1272,55656,306000000,1728000
1791129021.8237,4960,1272,55500,306000000,1728000
1791129021.8738,4960,1272,55531,306000000,1728000
1791129021.9239,4960,1272,55468,306000000,1728000
1791129021.9739,4960,1264,55531,306000000,1728000
1791129022.0240,4960,1264,55468,306000000,1728000
1791129022.0741,4960,1264,55531,306000000,1728000
1791129022.1242,4960,1264,55437,306000000,1728000
1791129022.1743,4960,1264,55531,306000000,1728000
1791129022.2244,4960,1264,55500,306000000,1728000
1791129022.2745,4960,1264,55468,306000000,1728000
1791129022.3246,4960,1280,55593,306000000,1728000
1791129022.3747,4960,1280,55437,306000000,1728000
1791129022.4248,4960,1280,55531,306000000,1728000
1791129022.4749,4960,1272,55468,306000000,1728000
1791129022.5249,4960,1272,55531,306000000,1728000
1791129022.5751,4960,1272,55531,306000000,1728000
1791129022.6251,4960,1272,55468,306000000,1728000
1791129022.6752,4960,1264,55468,306000000,1728000
1791129022.7253,4960,1264,55437,306000000,1728000
1791129022.7754,4960,1264,55593,306000000,1728000
1791129022.8255,4960,1264,55437,306000000,1728000
1791129022.8756,4960,1272,55531,306000000,1728000
1791129022.9257,4960,1272,55468,306000000,1728000
1791129022.9760,4960,1272,55531,306000000,1728000
1791129023.0261,4960,1272,55468,306000000,1728000
1791129023.0762,4960,1272,55562,306000000,1728000
1791129023.1263,4960,1264,55437,306000000,1728000
1791129023.1764,4960,1264,55562,306000000,1728000
1791129023.2265,4960,1264,55531,306000000,1728000
1791129023.2766,4960,1264,55468,306000000,1728000
1791129023.3266,4960,1264,55531,306000000,1728000
1791129023.3767,4960,1256,55437,306000000,1728000
1791129023.4268,4960,1272,55531,306000000,1497600
1791129023.4769,4960,1272,55468,306000000,1728000
1791129023.5270,4960,1272,55531,306000000,1728000
1791129023.5771,4960,1264,55406,306000000,1728000
1791129023.6272,4960,1264,55437,306000000,1728000
1791129023.6773,4960,1256,55593,306000000,1728000
1791129023.7273,4960,1256,55500,306000000,1728000
1791129023.7774,4960,1256,55531,306000000,1728000
1791129023.8275,4960,1248,55500,306000000,1728000
1791129023.8776,4960,1248,55531,306000000,1728000
1791129023.9277,4960,1248,55406,306000000,1728000
1791129023.9778,4960,1256,55500,306000000,1728000
1791129024.0279,4960,1264,55468,306000000,1728000
1791129024.0779,4960,1256,55531,306000000,1728000
1791129024.1280,4960,1256,55625,306000000,1728000
1791129024.1781,4960,1256,55531,306000000,1728000
1791129024.2282,4960,1256,55531,306000000,1728000
1791129024.2783,4960,1256,55468,306000000,1728000
1791129024.3284,4960,1256,55531,306000000,1728000
1791129024.3784,4960,1256,55468,306000000,1728000
1791129024.4285,4960,1256,55437,306000000,1728000
1791129024.4786,4960,1248,55468,306000000,1728000
1791129024.5287,4960,1256,55531,306000000,1728000
1791129024.5788,4960,1264,55468,306000000,1728000
1791129024.6289,4960,1264,55531,306000000,1728000
1791129024.6790,4960,1264,55531,306000000,1728000
1791129024.7291,4960,1264,55375,306000000,1728000
1791129024.7791,4960,1264,55562,306000000,1728000
1791129024.8292,4960,1264,55468,306000000,1728000
1791129024.8793,4960,1264,55531,306000000,1728000
1791129024.9294,4960,1256,55406,306000000,1728000
1791129024.9795,4960,1256,55531,306000000,1728000
1791129025.0296,4960,1256,55437,306000000,1728000
1791129025.0797,4960,1264,55468,306000000,1728000
1791129025.1298,4960,1272,55593,306000000,1728000
1791129025.1798,4960,1272,55375,306000000,1728000
1791129025.2299,4960,1272,55531,306000000,1728000
1791129025.2800,4960,1272,55468,306000000,1728000
1791129025.3301,4960,1264,55531,306000000,1728000
1791129025.3802,4960,1264,55375,306000000,1728000
1791129025.4303,4960,1256,55468,306000000,1728000
1791129025.4804,4960,1256,55375,306000000,1728000
1791129025.5304,4960,1256,55437,306000000,1728000
1791129025.5805,4960,1256,55593,306000000,1728000
1791129025.6306,4960,1256,55437,306000000,1728000
1791129025.6807,4960,1264,55593,306000000,1728000
1791129025.7308,4960,1264,55500,306000000,1728000
1791129025.7809,4960,1264,55531,306000000,1728000
1791129025.8310,4960,1264,55437,306000000,1728000
1791129025.8811,4960,1264,55468,306000000,1728000
1791129025.9312,4960,1264,55468,306000000,1728000
1791129025.9812,4960,1256,55406,306000000,1728000
1791129026.0313,4960,1264,55562,306000000,1728000
1791129026.0814,4960,1256,55531,306000000,1728000
1791129026.1315,4960,1256,55562,306000000,1728000
1791129026.1816,4960,1256,55500,306000000,1728000
1791129026.2317,4960,1272,55500,306000000,1420800
1791129026.2818,4960,1272,55406,306000000,1728000
1791129026.3319,4960,1272,55531,306000000,1728000
1791129026.3820,4960,1272,55437,306000000,1728000
1791129026.4321,4960,1264,55437,306000000,1728000
1791129026.4821,4960,1264,55593,306000000,1728000
1791129026.5322,4960,1264,55406,306000000,1728000
1791129026.5823,4960,1256,55593,306000000,1728000
1791129026.6324,4960,1256,55468,306000000,1728000
1791129026.6825,4960,1256,55500,306000000,1728000
1791129026.7326,4960,1256,55406,306000000,1728000
1791129026.7827,4960,1264,55531,306000000,1728000
1791129026.8328,4960,1272,55406,306000000,1728000
1791129026.8829,4960,1264,55500,306000000,1728000
1791129026.9330,4960,1264,55375,306000000,1728000
1791129026.9831,4960,1264,55468,306000000,1728000
1791129027.0331,4960,1264,55593,306000000,1728000
1791129027.0832,4960,1264,55406,306000000,1728000
1791129027.1333,4960,1264,55531,306000000,1728000
1791129027.1834,4960,1264,55468,306000000,1728000
1791129027.2335,4960,1256,55531,306000000,1728000
1791129027.2836,4960,1256,55343,306000000,1728000
1791129027.3336,4960,1256,55468,306000000,1728000
1791129027.3837,4960,1272,55375,306000000,1728000
1791129027.4338,4960,1272,55500,306000000,1728000
1791129027.4839,4960,1272,55531,306000000,1728000
1791129027.5340,4960,1264,55468,306000000,1728000
1791129027.5841,4960,1264,55531,306000000,1728000
1791129027.6342,4960,1264,55468,306000000,1728000
1791129027.6843,4960,1264,55531,306000000,1728000
1791129027.7343,4960,1256,55500,306000000,1728000
1791129027.7844,4960,1256,55500,306000000,1728000
1791129027.8345,4960,1256,55437,306000000,1728000
1791129027.8846,4960,1256,55468,306000000,1497600
1791129027.9347,4960,1272,55562,306000000,1497600
1791129027.9848,4960,1264,55500,306000000,1728000
1791129028.0348,4960,1264,55562,306000000,1728000
1791129028.0849,4960,1264,55468,306000000,1728000
1791129028.1351,4960,1264,55531,306000000,1728000
1791129028.1851,4960,1264,55406,306000000,1728000
1791129028.2352,4960,1264,55468,306000000,1728000
1791129028.2853,4960,1256,55531,306000000,1728000
1791129028.3354,4960,1256,55531,306000000,1728000
1791129028.3854,4960,1248,55531,306000000,1728000
1791129028.4355,4960,1256,55375,306000000,1728000
1791129028.4856,4960,1256,55562,306000000,1728000
1791129028.5357,4960,1264,55531,306000000,1728000
1791129028.5858,4960,1264,55531,306000000,1728000
1791129028.6359,4960,1264,55437,306000000,1728000
1791129028.6860,4960,1264,55531,306000000,1728000
1791129028.7361,4960,1264,55437,306000000,1728000
1791129028.7862,4960,1264,55500,306000000,1728000
1791129028.8362,4960,1264,55562,306000000,1728000
1791129028.8863,4960,1256,55468,306000000,1728000
1791129028.9364,4960,1256,55531,306000000,1728000
1791129028.9865,4960,1248,55406,306000000,1728000
1791129029.0366,4960,1264,55500,306000000,1728000
1791129029.0867,4960,1272,55406,306000000,1728000
1791129029.1368,4960,1264,55500,306000000,1728000
1791129029.1869,4960,1264,55406,306000000,1728000
1791129029.2370,4960,1264,55437,306000000,1728000
1791129029.2870,4960,1264,55500,306000000,1728000
1791129029.3371,4960,1264,55437,306000000,1728000
1791129029.3872,4960,1264,55562,306000000,1728000
1791129029.4373,4960,1256,55468,306000000,1728000
1791129029.4874,4960,1264,55468,306000000,1728000
1791129029.5375,4960,1264,55406,306000000,1728000
1791129029.5876,4960,1264,55406,306000000,1728000
1791129029.6377,4960,1272,55406,306000000,1728000
1791129029.6878,4960,1272,55468,306000000,1728000
1791129029.7378,4960,1272,55468,306000000,1728000
1791129029.7879,4960,1272,55500,306000000,1728000
1791129029.8380,4960,1264,55562,306000000,1728000
1791129029.8881,4960,1264,55406,306000000,1728000
1791129029.9382,4960,1264,55531,306000000,1728000
1791129029.9883,4960,1264,55531,306000000,1728000
1791129030.0383,4960,1264,55406,306000000,1728000
1791129030.0884,4960,1256,55406,306000000,1728000
1791129030.1385,4960,1264,55468,306000000,1728000
1791129030.1886,4960,1264,55437,306000000,1728000
1791129030.2387,4960,1272,55437,306000000,1728000
1791129030.2888,4960,1272,55593,306000000,1728000
1791129030.3389,4960,1264,55468,306000000,1728000
1791129030.3890,4960,1264,55562,306000000,1728000
1791129030.4391,4960,1256,55437,306000000,1728000
1791129030.4891,4960,1264,55531,306000000,1728000
1791129030.5392,4960,1256,55437,306000000,1728000
1791129030.5893,4960,1256,55468,306000000,1728000
1791129030.6394,4960,1256,55250,306000000,1728000
1791129030.6895,4960,1264,55531,306000000,1728000
1791129030.7396,4960,1272,55625,306000000,1728000
1791129030.7897,4960,1264,55500,306000000,1728000
1791129030.8398,4960,1264,55531,306000000,1728000
1791129030.8899,4960,1264,55437,306000000,1728000
1791129030.9400,4960,1264,55531,306000000,1728000
1791129030.9900,4960,1264,55406,306000000,1728000
1791129031.0401,4960,1256,55500,306000000,1728000
1791129031.0902,4960,1256,55437,306000000,1728000
1791129031.1403,4960,1264,55500,306000000,1728000
1791129031.1904,4960,1264,55531,306000000,1728000
1791129031.2405,4960,1256,55468,306000000,1728000
1791129031.2906,4960,1264,55531,306000000,1497600
1791129031.3407,4960,1264,55437,306000000,1728000
1791129031.3908,4960,1264,55531,306000000,1728000
1791129031.4409,4960,1256,55375,306000000,1728000
1791129031.4909,4960,1256,55406,306000000,1728000
1791129031.5410,4960,1248,55375,306000000,1728000
1791129031.5911,4960,1248,55406,306000000,1728000
1791129031.6411,4960,1248,55468,306000000,1728000
1791129031.6912,4960,1248,55500,306000000,1728000
1791129031.7413,4960,1240,55531,306000000,1728000
1791129031.7914,4960,1248,55500,306000000,1728000
1791129031.8415,4960,1256,55562,306000000,1728000
1791129031.8916,4960,1256,55468,306000000,1728000
1791129031.9416,4960,1256,55468,306000000,1728000
1791129031.9917,4960,1248,55437,306000000,1728000
1791129032.0418,4960,1248,55500,306000000,1728000
1791129032.0919,4960,1248,55437,306000000,1728000
1791129032.1420,4960,1248,55406,306000000,1728000
1791129032.1921,4960,1248,55531,306000000,1728000
1791129032.2421,4960,1248,55437,306000000,1728000
1791129032.2922,4960,1248,55531,306000000,1728000
1791129032.3423,4960,1248,55437,306000000,1728000
1791129032.3924,4960,1264,55531,306000000,1728000
1791129032.4425,4960,1264,55468,306000000,1728000
1791129032.4926,4960,1256,55531,306000000,1728000
1791129032.5427,4960,1256,55406,306000000,1728000
1791129032.5927,4960,1256,55468,306000000,1728000
1791129032.6428,4960,1256,55531,306000000,1728000
1791129032.6929,4960,1256,55468,306000000,1728000
1791129032.7430,4960,1256,55500,306000000,1728000
1791129032.7931,4960,1256,55406,306000000,1728000
1791129032.8431,4960,1256,55500,306000000,1728000
1791129032.8932,4960,1256,55437,306000000,1728000
1791129032.9433,4960,1256,55531,306000000,1420800
1791129032.9934,4960,1264,55312,306000000,1728000
1791129033.0435,4960,1264,55500,306000000,1728000
1791129033.0936,4960,1256,55531,306000000,1728000
1791129033.1437,4960,1256,55375,306000000,1728000
1791129033.1938,4960,1264,55468,306000000,1728000
1791129033.2439,4960,1256,55406,306000000,1728000
1791129033.2940,4960,1256,55500,306000000,1728000
1791129033.3440,4960,1256,55500,306000000,1728000
1791129033.3941,4960,1256,55437,306000000,1728000
1791129033.4442,4960,1248,55343,306000000,1728000
1791129033.4943,4960,1256,55406,306000000,1728000
1791129033.5444,4960,1272,55468,306000000,1728000
1791129033.5945,4960,1264,55375,306000000,1728000
1791129033.6446,4960,1264,55531,306000000,1728000
1791129033.6947,4960,1256,55468,306000000,1728000
1791129033.7448,4960,1256,55562,306000000,1728000
1791129033.7948,4960,1256,55437,306000000,1728000
1791129033.8449,4960,1256,55562,306000000,1728000
1791129033.8950,4960,1256,55343,306000000,1728000
1791129033.9451,4960,1248,55468,306000000,1728000
1791129033.9951,4960,1248,55531,306000000,1728000
1791129034.0452,4960,1256,55437,306000000,1728000
1791129034.0953,4960,1264,55531,306000000,1728000
1791129034.1454,4960,1264,55312,306000000,1728000
1791129034.1955,4960,1256,55437,306000000,1728000
1791129034.2456,4960,1264,55437,306000000,1728000
1791129034.2957,4960,1256,55406,306000000,1728000
1791129034.3458,4960,1256,55437,306000000,1728000
1791129034.3959,4960,1248,55468,306000000,1728000
1791129034.4459,4960,1248,55500,306000000,1728000
1791129034.4960,4960,1248,55500,306000000,1728000
1791129034.5461,4960,1248,55531,306000000,1728000
1791129034.5962,4960,1248,55500,306000000,1728000
1791129034.6463,4960,1256,55468,306000000,1420800
1791129034.6964,4960,1256,55375,306000000,1728000
1791129034.7465,4960,1248,55500,306000000,1728000
1791129034.7965,4960,1256,55437,306000000,1728000
1791129034.8466,4960,1256,55375,306000000,1728000
1791129034.8967,4960,1248,55406,306000000,1728000
1791129034.9468,4960,1248,55468,306000000,1728000
1791129034.9969,4960,1248,55468,306000000,1728000
1791129035.0470,4960,1248,55406,306000000,1728000
1791129035.0970,4960,1248,55531,306000000,1728000
1791129035.1471,4960,1248,55437,306000000,1728000
1791129035.1972,4960,1264,55531,306000000,1728000
1791129035.2473,4960,1264,55437,306000000,1728000
1791129035.2974,4960,1264,55437,306000000,1728000
1791129035.3475,4960,1264,55437,306000000,1728000
1791129035.3976,4960,1264,55468,306000000,1728000
1791129035.4477,4960,1256,55468,306000000,1728000
1791129035.4977,4960,1256,55437,306000000,1728000
1791129035.5478,4960,1256,55531,306000000,1728000
1791129035.5979,4960,1264,55468,306000000,1728000
1791129035.6480,4960,1264,55468,306000000,1728000
1791129035.6981,4960,1264,55500,306000000,1728000
1791129035.7482,4960,1280,55500,306000000,1728000
1791129035.7983,4960,1280,55375,306000000,1728000
1791129035.8483,4960,1280,55437,306000000,1728000
1791129035.8984,4960,1288,55500,306000000,1728000
1791129035.9485,4960,1288,55375,306000000,1728000
1791129035.9986,4960,1296,55468,306000000,1728000
1791129036.0487,4960,1296,55375,306000000,1728000
1791129036.0988,4960,1296,55468,306000000,1728000
1791129036.1489,4960,1304,55437,306000000,1728000
1791129036.1989,4960,1296,55531,306000000,1728000
1791129036.2490,4960,1296,55468,306000000,1728000
1791129036.2992,4960,1304,55468,306000000,1728000
1791129036.3493,4960,1304,55531,306000000,1728000
1791129036.3994,4960,1304,55437,306000000,1728000
1791129036.4495,4960,1296,55531,306000000,1728000
1791129036.4995,4960,1288,55468,306000000,1728000
1791129036.5496,4960,1288,55531,306000000,1728000
1791129036.5997,4960,1280,55375,306000000,1728000
1791129036.6498,4960,1272,55468,306000000,1728000
1791129036.6999,4960,1272,55468,306000000,1728000
1791129036.7500,4960,1272,55500,306000000,1728000
1791129036.8000,4960,1272,55500,306000000,1728000
1791129036.8501,4960,1272,55375,306000000,1728000
1791129036.9002,4960,1280,55531,306000000,1728000
1791129036.9503,4960,1272,55468,306000000,1728000
1791129037.0004,4960,1272,55500,306000000,1728000
1791129037.0505,4960,1264,55468,306000000,1728000
1791129037.1006,4960,1264,55437,306000000,1728000
1791129037.1506,4960,1264,55437,306000000,1728000
1791129037.2007,4960,1264,55531,306000000,1728000
1791129037.2508,4960,1256,55562,306000000,1728000
1791129037.3009,4960,1256,55437,306000000,1728000
1791129037.3510,4960,1264,55500,306000000,1728000
1791129037.4011,4960,1264,55500,306000000,1728000
1791129037.4512,4960,1272,55437,306000000,1728000
1791129037.5013,4960,1272,55468,306000000,1728000
1791129037.5514,4960,1272,55375,306000000,1728000
1791129037.6015,4960,1272,55343,306000000,1728000
1791129037.6515,4960,1264,55468,306000000,1728000
1791129037.7016,4960,1264,55375,306000000,1728000
1791129037.7517,4960,1264,55406,306000000,1728000
1791129037.8018,4960,1264,55531,306000000,1728000
1791129037.8519,4960,1264,55375,306000000,1728000
1791129037.9019,4960,1264,55437,306000000,1728000
1791129037.9520,4960,1264,55406,306000000,1728000
1791129038.0021,4960,1272,55468,306000000,1728000
1791129038.0522,4960,1272,55312,306000000,1728000
1791129038.1023,4960,1272,55468,306000000,1728000
1791129038.1524,4960,1272,55437,306000000,1728000
1791129038.2025,4960,1264,55437,306000000,1728000
1791129038.2525,4960,1264,55531,306000000,1728000
1791129038.3026,4960,1256,55531,306000000,1728000
1791129038.3527,4960,1256,55500,306000000,1728000
1791129038.4028,4960,1256,55468,306000000,1728000
1791129038.4529,4960,1256,55468,306000000,1728000
1791129038.5029,4960,1256,55437,306000000,1497600
1791129038.5530,4960,1272,55500,306000000,1728000
1791129038.6031,4960,1272,55468,306000000,1728000
1791129038.6532,4960,1272,55500,306000000,1728000
1791129038.7033,4960,1264,55562,306000000,1728000
1791129038.7534,4960,1264,55437,306000000,1728000
1791129038.8034,4960,1264,55500,306000000,1728000
1791129038.8535,4960,1264,55468,306000000,1728000
1791129038.9036,4960,1264,55500,306000000,1728000
1791129038.9537,4960,1264,55406,306000000,1728000
1791129039.0038,4960,1256,55500,306000000,1728000
1791129039.0539,4960,1256,55406,306000000,1728000
1791129039.1040,4960,1264,55531,306000000,1728000
1791129039.1541,4960,1272,55531,306000000,1728000
1791129039.2042,4960,1272,55406,306000000,1728000
1791129039.2542,4960,1264,55531,306000000,1728000
1791129039.3043,4960,1264,55437,306000000,1728000
1791129039.3544,4960,1264,55531,306000000,1728000
1791129039.4045,4960,1264,55406,306000000,1728000
1791129039.4546,4960,1264,55437,306000000,1728000
1791129039.5047,4960,1256,55375,306000000,1728000
1791129039.5548,4960,1256,55437,306000000,1728000
1791129039.6048,4960,1256,55531,306000000,1728000
1791129039.6550,4960,1264,55437,306000000,1344000
1791129039.7051,4960,1272,55500,306000000,1728000
1791129039.7552,4960,1264,55437,306000000,1728000
1791129039.8052,4960,1264,55500,306000000,1728000
1791129039.8553,4960,1264,55406,306000000,1728000
1791129039.9054,4960,1256,55531,306000000,1728000
1791129039.9555,4960,1256,55312,306000000,1728000
1791129040.0056,4960,1256,55468,306000000,1728000
1791129040.0557,4960,1256,55593,306000000,1728000
1791129040.1057,4960,1256,55437,306000000,1728000
1791129040.1558,4960,1256,55468,306000000,1728000
1791129040.2059,4960,1264,55468,306000000,1728000
1791129040.2560,4960,1272,55531,306000000,1728000
1791129040.3061,4960,1264,55468,306000000,1728000
1791129040.3562,4960,1264,55531,306000000,1728000
1791129040.4063,4960,1264,55406,306000000,1728000
1791129040.4564,4960,1264,55500,306000000,1728000
1791129040.5064,4960,1264,55562,306000000,1728000
1791129040.5565,4960,1256,55531,306000000,1728000
1791129040.6066,4960,1256,55531,306000000,1728000
1791129040.6567,4960,1256,55468,306000000,1728000
1791129040.7068,4960,1256,55500,306000000,1728000
1791129040.7569,4960,1256,55406,306000000,1728000
1791129040.8070,4960,1272,55437,306000000,1728000
1791129040.8571,4960,1264,55406,306000000,1728000
1791129040.9072,4960,1264,55468,306000000,1728000
1791129040.9573,4960,1264,55375,306000000,1728000
1791129041.0073,4960,1264,55406,306000000,1728000
1791129041.0574,4960,1264,55562,306000000,1728000
1791129041.1075,4960,1256,55468,306000000,1728000
1791129041.1576,4960,1256,55531,306000000,1728000
1791129041.2077,4960,1256,55375,306000000,1728000
1791129041.2578,4960,1256,55500,306000000,1728000
1791129041.3079,4960,1264,55375,306000000,1728000
1791129041.3580,4960,1272,55500,306000000,1728000
1791129041.4081,4960,1272,55406,306000000,1728000
1791129041.4581,4960,1272,55437,306000000,1728000
1791129041.5082,4960,1264,55531,306000000,1728000
1791129041.5583,4960,1256,55406,306000000,1728000
1791129041.6084,4960,1256,55500,306000000,1728000
1791129041.6585,4960,1256,55437,306000000,1728000
1791129041.7086,4960,1256,55531,306000000,1728000
1791129041.7587,4960,1256,55406,306000000,1728000
1791129041.8088,4960,1248,55437,306000000,1728000
1791129041.8588,4960,1256,55406,306000000,1728000
1791129041.9089,4960,1272,55437,306000000,1574400
1791129041.9591,4960,1264,55531,306000000,1728000
1791129042.0092,4960,1264,55375,306000000,1728000
1791129042.0592,4960,1264,55531,306000000,1728000
1791129042.1093,4960,1264,55406,306000000,1728000
1791129042.1594,4960,1264,55437,306000000,1728000
1791129042.2095,4960,1256,55312,306000000,1728000
1791129042.2595,4960,1256,55437,306000000,1728000
1791129042.3096,4960,1256,55375,306000000,1728000
1791129042.3597,4960,1256,55468,306000000,1728000
1791129042.4098,4960,1256,55343,306000000,1728000
1791129042.4599,4960,1264,55375,306000000,1728000
1791129042.5100,4960,1272,55531,306000000,1728000
1791129042.5601,4960,1272,55406,306000000,1728000
1791129042.6102,4960,1264,55500,306000000,1728000
1791129042.6602,4960,1264,55281,306000000,1728000
1791129042.7103,4960,1264,55500,306000000,1728000
1791129042.7604,4960,1264,55437,306000000,1728000
1791129042.8105,4960,1256,55406,306000000,1728000
1791129042.8606,4960,1256,55562,306000000,1728000
1791129042.9107,4960,1256,55437,306000000,1728000
1791129042.9607,4960,1256,55531,306000000,1728000
1791129043.0108,4960,1272,55312,306000000,1497600
1791129043.0609,4960,1264,55500,306000000,1728000
1791129043.1110,4960,1264,55375,306000000,1728000
1791129043.1611,4960,1264,55437,306000000,1728000
1791129043.2112,4960,1264,55375,306000000,1728000
1791129043.2613,4960,1264,55406,306000000,1728000
1791129043.3114,4960,1264,55500,306000000,1728000
1791129043.3615,4960,1256,55312,306000000,1728000
1791129043.4115,4960,1264,55500,306000000,1728000
1791129043.4616,4960,1256,55406,306000000,1728000
1791129043.5117,4960,1256,55531,306000000,1728000
1791129043.5618,4960,1264,55437,306000000,1728000
1791129043.6119,4960,1272,55531,306000000,1728000
1791129043.6620,4960,1272,55437,306000000,1728000
1791129043.7121,4960,1264,55406,306000000,1728000
1791129043.7622,4960,1264,55312,306000000,1728000
1791129043.8123,4960,1264,55468,306000000,1728000
1791129043.8624,4960,1264,55562,306000000,1728000
1791129043.9124,4960,1256,55375,306000000,1728000
1791129043.9625,4960,1264,55500,306000000,1728000
1791129044.0126,4960,1264,55406,306000000,1728000
1791129044.0627,4960,1256,55500,306000000,1728000
1791129044.1128,4960,1264,55375,306000000,1728000
1791129044.1629,4960,1272,55437,306000000,1728000
1791129044.2130,4960,1264,55343,306000000,1728000
1791129044.2631,4960,1272,55406,306000000,1728000
1791129044.3131,4960,1272,55500,306000000,1728000
1791129044.3632,4960,1264,55343,306000000,1728000
1791129044.4133,4960,1264,55500,306000000,1728000
1791129044.4634,4960,1264,55437,306000000,1728000
1791129044.5135,4960,1264,55437,306000000,1728000
1791129044.5636,4960,1264,55343,306000000,1728000
1791129044.6137,4960,1264,55437,306000000,1728000
1791129044.6638,4960,1264,55437,306000000,1728000
1791129044.7139,4960,1272,55500,306000000,1728000
1791129044.7640,4960,1272,55531,306000000,1728000
1791129044.8141,4960,1264,55437,306000000,1728000
1791129044.8641,4960,1264,55500,306000000,1728000
1791129044.9142,4960,1264,55375,306000000,1728000
1791129044.9643,4960,1264,55531,306000000,1728000
1791129045.0144,4960,1264,55531,306000000,1728000
1791129045.0645,4960,1256,55500,306000000,1728000
1791129045.1145,4960,1256,55375,306000000,1728000
1791129045.1646,4960,1256,55531,306000000,1728000
1791129045.2147,4960,1256,55531,306000000,1497600
1791129045.2648,4960,1272,55406,306000000,1728000
1791129045.3149,4960,1272,55531,306000000,1728000
1791129045.3650,4960,1272,55406,306000000,1728000
1791129045.4151,4960,1264,55562,306000000,1728000
1791129045.4652,4960,1264,55406,306000000,1728000
1791129045.5153,4960,1256,55500,306000000,1728000
1791129045.5654,4960,1256,55375,306000000,1728000
1791129045.6155,4960,1264,55531,306000000,1728000
1791129045.6656,4960,1264,55406,306000000,1728000
1791129045.7157,4960,1256,55468,306000000,1728000
1791129045.7658,4960,1264,55531,306000000,1420800
1791129045.8159,4960,1272,55468,306000000,1728000
1791129045.8660,4960,1272,55437,306000000,1728000
1791129045.9161,4960,1272,55437,306000000,1728000
1791129045.9662,4960,1272,55500,306000000,1728000
1791129046.0163,4960,1264,55375,306000000,1728000
1791129046.0663,4960,1264,55500,306000000,1728000
1791129046.1164,4960,1264,55406,306000000,1728000
1791129046.1665,4960,1264,55468,306000000,1728000
1791129046.2166,4960,1264,55562,306000000,1728000
1791129046.2667,4960,1256,55468,306000000,1728000
1791129046.3168,4960,1256,55531,306000000,1728000
1791129046.3669,4960,1264,55468,306000000,1728000
1791129046.4170,4960,1264,55531,306000000,1728000
1791129046.4671,4960,1264,55406,306000000,1728000
1791129046.5172,4960,1264,55468,306000000,1728000
1791129046.5673,4960,1264,55468,306000000,1728000
1791129046.6173,4960,1264,55437,306000000,1728000
1791129046.6674,4960,1256,55562,306000000,1728000
1791129046.7175,4960,1256,55406,306000000,1728000
1791129046.7676,4960,1256,55500,306000000,1728000
1791129046.8177,4960,1248,55406,306000000,1728000
1791129046.8678,4960,1256,55468,306000000,1728000
1791129046.9179,4960,1264,55343,306000000,1728000
1791129046.9680,4960,1272,55500,306000000,1728000
1791129047.0181,4960,1272,55375,306000000,1728000
1791129047.0682,4960,1272,55500,306000000,1728000
1791129047.1182,4960,1264,55531,306000000,1728000
1791129047.1683,4960,1264,55406,306000000,1728000
1791129047.2184,4960,1264,55531,306000000,1728000
1791129047.2685,4960,1264,55406,306000000,1728000
1791129047.3186,4960,1264,55500,306000000,1728000
1791129047.3686,4960,1256,55500,306000000,1728000
1791129047.4187,4960,1256,55531,306000000,1728000
1791129047.4688,4960,1264,55437,306000000,1728000
1791129047.5189,4960,1272,55468,306000000,1728000
1791129047.5690,4960,1272,55593,306000000,1728000
1791129047.6191,4960,1264,55468,306000000,1728000
1791129047.6692,4960,1264,55531,306000000,1728000
1791129047.7193,4960,1264,55468,306000000,1728000
1791129047.7693,4960,1264,55531,306000000,1728000
1791129047.8194,4960,1264,55375,306000000,1728000
1791129047.8695,4960,1256,55437,306000000,1728000
1791129047.9196,4960,1256,55375,306000000,1728000
1791129047.9697,4960,1256,55437,306000000,1728000
1791129048.0198,4960,1264,55375,306000000,1728000
1791129048.0699,4960,1272,55437,306000000,1728000
1791129048.1200,4960,1264,55531,306000000,1728000
1791129048.1701,4960,1264,55500,306000000,1728000
1791129048.2202,4960,1264,55531,306000000,1728000
1791129048.2703,4960,1264,55468,306000000,1728000
1791129048.3203,4960,1264,55500,306000000,1728000
1791129048.3704,4960,1264,55343,306000000,1728000
1791129048.4205,4960,1256,55406,306000000,1728000
1791129048.4706,4960,1256,55343,306000000,1728000
1791129048.5207,4960,1256,55406,306000000,1728000
1791129048.5708,4960,1264,55500,306000000,1728000
1791129048.6209,4960,1272,55500,306000000,1728000
1791129048.6710,4960,1272,55531,306000000,1728000
1791129048.7211,4960,1264,55468,306000000,1728000
1791129048.7712,4960,1264,55500,306000000,1728000
1791129048.8212,4960,1264,55406,306000000,1728000
1791129048.8713,4960,1264,55531,306000000,1728000
1791129048.9214,4960,1256,55437,306000000,1728000
1791129048.9715,4960,1256,55468,306000000,1728000
1791129049.0216,4960,1256,55531,306000000,1728000
1791129049.0716,4960,1256,55437,306000000,1728000
1791129049.1217,4960,1264,55531,306000000,1728000
1791129049.1718,4960,1272,55437,306000000,1728000
1791129049.2219,4960,1272,55437,306000000,1728000
1791129049.2720,4960,1272,55468,306000000,1728000
1791129049.3221,4960,1272,55437,306000000,1728000
1791129049.3722,4960,1272,55312,306000000,1728000
1791129049.4223,4960,1264,55343,306000000,1728000
1791129049.4723,4960,1264,55531,306000000,1728000
1791129049.5224,4960,1256,55468,306000000,1728000
1791129049.5725,4960,1264,55531,306000000,1728000
1791129049.6226,4960,1264,55437,306000000,1728000
1791129049.6727,4960,1256,55500,306000000,1728000
1791129049.7228,4960,1272,55437,306000000,1574400
1791129049.7729,4960,1272,55468,306000000,1728000
1791129049.8230,4960,1272,55406,306000000,1728000
1791129049.8731,4960,1264,55437,306000000,1728000
1791129049.9232,4960,1264,55531,306000000,1728000
1791129049.9733,4960,1256,55437,306000000,1728000
1791129050.0234,4960,1256,55468,306000000,1728000
1791129050.0734,4960,1256,55437,306000000,1728000
1791129050.1235,4960,1256,55531,306000000,1728000
1791129050.1736,4960,1256,55406,306000000,1728000
1791129050.2237,4960,1248,55468,306000000,1728000
1791129050.2738,4960,1264,55437,306000000,1728000
1791129050.3239,4960,1272,55406,306000000,1728000
1791129050.3740,4960,1264,55531,306000000,1728000
1791129050.4241,4960,1264,55437,306000000,1728000
1791129050.4742,4960,1264,55500,306000000,1728000
1791129050.5243,4960,1264,55375,306000000,1728000
1791129050.5744,4960,1264,55500,306000000,1728000
1791129050.6245,4960,1264,55406,306000000,1728000
1791129050.6746,4960,1264,55468,306000000,1728000
1791129050.7246,4960,1264,55437,306000000,1728000
1791129050.7747,4960,1264,55531,306000000,1728000
1791129050.8248,4960,1272,55375,306000000,1728000
1791129050.8749,4960,1272,55375,306000000,1728000
1791129050.9250,4960,1272,55500,306000000,1728000
1791129050.9751,4960,1264,55468,306000000,1728000
1791129051.0252,4960,1264,55468,306000000,1728000
1791129051.0753,4960,1264,55406,306000000,1728000
1791129051.1254,4960,1256,55500,306000000,1728000
1791129051.1755,4960,1256,55375,306000000,1728000
1791129051.2256,4960,1256,55500,306000000,1728000
1791129051.2756,4960,1248,55375,306000000,1728000
1791129051.3257,4960,1248,55500,306000000,1728000
1791129051.3758,4960,1264,55531,306000000,1728000
1791129051.4259,4960,1272,55437,306000000,1728000
1791129051.4760,4960,1264,55531,306000000,1728000
1791129051.5261,4960,1264,55312,306000000,1728000
1791129051.5762,4960,1264,55406,306000000,1728000
1791129051.6263,4960,1264,55406,306000000,1728000
1791129051.6764,4960,1264,55437,306000000,1728000
1791129051.7265,4960,1264,55406,306000000,1728000
1791129051.7765,4960,1256,55468,306000000,1728000
1791129051.8266,4960,1256,55500,306000000,1728000
1791129051.8767,4960,1256,55406,306000000,1728000
1791129051.9268,4960,1264,55531,306000000,1497600
1791129051.9769,4960,1272,55468,306000000,1728000
1791129052.0270,4960,1264,55406,306000000,1728000
1791129052.0771,4960,1264,55406,306000000,1728000
1791129052.1272,4960,1264,55500,306000000,1728000
1791129052.1773,4960,1256,55406,306000000,1728000
1791129052.2273,4960,1256,55375,306000000,1728000
1791129052.2774,4960,1256,55531,306000000,1728000
1791129052.3275,4960,1248,55437,306000000,1728000
1791129052.3776,4960,1240,55531,306000000,1728000
1791129052.4277,4960,1240,55375,306000000,1728000
1791129052.4778,4960,1248,55406,306000000,1728000
1791129052.5279,4960,1264,55343,306000000,1728000
1791129052.5779,4960,1264,55406,306000000,1728000
1791129052.6280,4960,1264,55312,306000000,1728000
1791129052.6781,4960,1264,55500,306000000,1728000
1791129052.7282,4960,1264,55625,306000000,1728000
1791129052.7783,4960,1264,55468,306000000,1728000
1791129052.8284,4960,1264,55531,306000000,1728000
1791129052.8785,4960,1256,55437,306000000,1728000
1791129052.9286,4960,1256,55531,306000000,1728000
1791129052.9786,4960,1248,55406,306000000,1728000
1791129053.0287,4960,1256,55531,306000000,1728000
1791129053.0788,4960,1272,55375,306000000,1497600
1791129053.1289,4960,1264,55468,306000000,1728000
1791129053.1790,4960,1264,55531,306000000,1728000
1791129053.2291,4960,1264,55468,306000000,1728000
1791129053.2792,4960,1264,55468,306000000,1728000
1791129053.3292,4960,1264,55375,306000000,1728000
1791129053.3793,4960,1256,55500,306000000,1728000
1791129053.4294,4960,1256,55406,306000000,1728000
1791129053.4795,4960,1256,55531,306000000,1728000
1791129053.5296,4960,1256,55406,306000000,1728000
1791129053.5797,4960,1256,55437,306000000,1728000
1791129053.6298,4960,1264,55437,306000000,1728000
1791129053.6799,4960,1264,55437,306000000,1728000
1791129053.7300,4960,1264,55531,306000000,1728000
1791129053.7800,4960,1264,55375,306000000,1728000
1791129053.8301,4960,1256,55531,306000000,1728000
1791129053.8802,4960,1264,55406,306000000,1728000
1791129053.9303,4960,1264,55531,306000000,1728000
1791129053.9804,4960,1264,55343,306000000,1728000
1791129054.0304,4960,1256,55437,306000000,1728000
1791129054.0805,4960,1264,55531,306000000,1728000
1791129054.1306,4960,1264,55375,306000000,1728000
1791129054.1807,4960,1272,55531,306000000,1728000
1791129054.2308,4960,1272,55437,306000000,1728000
1791129054.2809,4960,1272,55593,306000000,1728000
1791129054.3310,4960,1264,55406,306000000,1728000
1791129054.3810,4960,1264,55500,306000000,1728000
1791129054.4311,4960,1264,55406,306000000,1728000
1791129054.4812,4960,1256,55500,306000000,1728000
1791129054.5313,4960,1256,55500,306000000,1728000
1791129054.5813,4960,1256,55531,306000000,1728000
1791129054.6314,4960,1256,55500,306000000,1728000
1791129054.6815,4960,1256,55437,306000000,1728000
1791129054.7316,4960,1264,55531,306000000,1728000
1791129054.7817,4960,1272,55500,306000000,1728000
1791129054.8318,4960,1264,55500,306000000,1728000
1791129054.8819,4960,1264,55406,306000000,1728000
1791129054.9320,4960,1264,55468,306000000,1728000
1791129054.9820,4960,1264,55437,306000000,1728000
1791129055.0321,4960,1256,55500,306000000,1728000
1791129055.0822,4960,1256,55500,306000000,1728000
1791129055.1323,4960,1256,55468,306000000,1728000
1791129055.1824,4960,1256,55531,306000000,1728000
1791129055.2324,4960,1264,55437,306000000,1728000
1791129055.2825,4960,1272,55468,306000000,1728000
1791129055.3326,4960,1280,55375,306000000,1728000
1791129055.3827,4960,1272,55500,306000000,1728000
1791129055.4328,4960,1280,55406,306000000,1728000
1791129055.4829,4960,1280,55500,306000000,1728000
1791129055.5330,4960,1272,55593,306000000,1728000
1791129055.5831,4960,1272,55406,306000000,1728000
1791129055.6332,4960,1272,55562,306000000,1728000
1791129055.6832,4960,1272,55343,306000000,1728000
1791129055.7333,4960,1264,55500,306000000,1728000
1791129055.7834,4960,1264,55406,306000000,1728000
1791129055.8335,4960,1272,55406,306000000,1728000
1791129055.8836,4960,1280,55437,306000000,1728000
1791129055.9337,4960,1272,55468,306000000,1728000
1791129055.9838,4960,1272,55562,306000000,1728000
1791129056.0339,4960,1272,55437,306000000,1728000
1791129056.0840,4960,1272,55531,306000000,1728000
1791129056.1341,4960,1264,55406,306000000,1728000
1791129056.1841,4960,1264,55500,306000000,1728000
1791129056.2342,4960,1264,55468,306000000,1728000
1791129056.2843,4960,1264,55406,306000000,1728000
1791129056.3344,4960,1264,55406,306000000,1728000
1791129056.3845,4960,1264,55531,306000000,1497600
1791129056.4346,4960,1272,55562,306000000,1497600
1791129056.4847,4960,1272,55468,306000000,1728000
1791129056.5347,4960,1272,55562,306000000,1728000
1791129056.5848,4960,1264,55468,306000000,1728000
1791129056.6349,4960,1264,55531,306000000,1728000
1791129056.6850,4960,1264,55343,306000000,1728000
1791129056.7351,4960,1264,55468,306000000,1728000
1791129056.7852,4960,1264,55500,306000000,1728000
1791129056.8352,4960,1256,55437,306000000,1728000
1791129056.8853,4960,1256,55500,306000000,1728000
1791129056.9354,4960,1256,55468,306000000,1267200
1791129056.9855,4960,1264,55593,306000000,1728000
1791129057.0356,4960,1264,55468,306000000,1728000
1791129057.0857,4960,1264,55625,306000000,1728000
1791129057.1358,4960,1264,55500,306000000,1728000
1791129057.1858,4960,1264,55531,306000000,1728000
1791129057.2359,4960,1264,55437,306000000,1728000
1791129057.2860,4960,1264,55500,306000000,1728000
1791129057.3361,4960,1264,55531,306000000,1728000
1791129057.3862,4960,1264,55437,306000000,1728000
1791129057.4363,4960,1256,55531,306000000,1728000
1791129057.4863,4960,1256,55437,306000000,1728000
1791129057.5364,4960,1272,55562,306000000,1728000
1791129057.5865,4960,1280,55406,306000000,1728000
1791129057.6366,4960,1272,55531,306000000,1728000
1791129057.6867,4960,1272,55468,306000000,1728000
1791129057.7368,4960,1272,55500,306000000,1728000
1791129057.7869,4960,1280,55625,306000000,1728000
1791129057.8370,4960,1272,55468,306000000,1728000
1791129057.8871,4960,1280,55562,306000000,1728000
1791129057.9372,4960,1280,55406,306000000,1728000
1791129057.9872,4960,1280,55468,306000000,1728000
1791129058.0373,4960,1272,55343,306000000,1728000
1791129058.0874,4960,1288,55531,306000000,1728000
1791129058.1375,4960,1304,55375,306000000,1728000
1791129058.1876,4960,1304,55468,306000000,1728000
1791129058.2377,4960,1304,55468,306000000,1728000
1791129058.2878,4960,1304,55500,306000000,1728000
1791129058.3378,4960,1304,55593,306000000,1728000
1791129058.3879,4960,1296,55437,306000000,1728000
1791129058.4380,4960,1296,55562,306000000,1728000
1791129058.4881,4960,1296,55406,306000000,1728000
1791129058.5381,4960,1288,55500,306000000,1728000
1791129058.5882,4960,1288,55468,306000000,1728000
1791129058.6383,4960,1296,55500,306000000,1728000
1791129058.6884,4960,1296,55343,306000000,1728000
1791129058.7385,4960,1288,55468,306000000,1728000
1791129058.7886,4960,1288,55531,306000000,1728000
1791129058.8387,4960,1288,55468,306000000,1728000
1791129058.8887,4960,1280,55593,306000000,1728000
1791129058.9388,4960,1272,55375,306000000,1728000
1791129058.9889,4960,1272,55468,306000000,1728000
1791129059.0390,4960,1272,55500,306000000,1728000
1791129059.0890,4960,1272,55437,306000000,1728000
1791129059.1391,4960,1264,55343,306000000,1728000
1791129059.1892,4960,1272,55437,306000000,1728000
1791129059.2393,4960,1280,55531,306000000,1728000
1791129059.2894,4960,1272,55406,306000000,1728000
1791129059.3395,4960,1272,55531,306000000,1728000
1791129059.3895,4960,1272,55406,306000000,1728000
1791129059.4396,4960,1272,55500,306000000,1728000
1791129059.4897,4960,1264,55375,306000000,1728000
1791129059.5398,4960,1264,55531,306000000,1728000
1791129059.5898,4960,1256,55406,306000000,1728000
1791129059.6399,4960,1264,55531,306000000,1728000
1791129059.6900,4960,1264,55562,306000000,1728000
1791129059.7401,4960,1264,55406,306000000,1728000
1791129059.7902,4960,1272,55531,306000000,1728000
1791129059.8403,4960,1264,55406,306000000,1728000
1791129059.8904,4960,1264,55531,306000000,1728000
1791129059.9405,4960,1272,55406,306000000,1728000
1791129059.9905,4960,1264,55531,306000000,1728000
1791129060.0406,4960,1264,55375,306000000,1728000
1791129060.0907,4960,1256,55468,306000000,1728000
1791129060.1408,4960,1256,55562,306000000,1728000
1791129060.1909,4960,1256,55406,306000000,1728000
1791129060.2410,4960,1256,55562,306000000,1728000
1791129060.2910,4960,1256,55437,306000000,1728000
1791129060.3411,4960,1264,55531,306000000,1728000
1791129060.3912,4960,1264,55406,306000000,1728000
1791129060.4413,4960,1264,55531,306000000,1728000
1791129060.4914,4960,1264,55406,306000000,1728000
1791129060.5415,4960,1264,55468,306000000,1728000
1791129060.5916,4960,1256,55531,306000000,1728000
1791129060.6416,4960,1256,55437,306000000,1728000
1791129060.6917,4960,1256,55593,306000000,1728000
1791129060.7418,4960,1256,55437,306000000,1728000
1791129060.7919,4960,1256,55531,306000000,1728000
1791129060.8420,4960,1256,55437,306000000,1728000
1791129060.8921,4960,1272,55468,306000000,1728000
1791129060.9422,4960,1272,55343,306000000,1728000
1791129060.9923,4960,1272,55468,306000000,1728000
1791129061.0424,4960,1272,55375,306000000,1728000
1791129061.0925,4960,1264,55375,306000000,1728000
1791129061.1426,4960,1264,55468,306000000,1728000
1791129061.1926,4960,1264,55468,306000000,1728000
1791129061.2427,4960,1264,55531,306000000,1728000
1791129061.2928,4960,1256,55406,306000000,1728000
1791129061.3429,4960,1264,55500,306000000,1728000
1791129061.3929,4960,1264,55375,306000000,1728000
1791129061.4431,4960,1272,55531,306000000,1497600
1791129061.4932,4960,1272,55343,306000000,1728000
1791129061.5433,4960,1272,55500,306000000,1728000
1791129061.5933,4960,1272,55531,306000000,1728000
1791129061.6434,4960,1264,55437,306000000,1728000
1791129061.6935,4960,1264,55500,306000000,1728000
1791129061.7436,4960,1264,55375,306000000,1728000
1791129061.7937,4960,1264,55531,306000000,1728000
1791129061.8438,4960,1264,55343,306000000,1728000
1791129061.8939,4960,1264,55437,306000000,1728000
1791129061.9439,4960,1256,55375,306000000,1728000
1791129061.9940,4960,1264,55375,306000000,1728000
1791129062.0441,4960,1264,55531,306000000,1728000
1791129062.0942,4960,1264,55406,306000000,1728000
1791129062.1443,4960,1264,55531,306000000,1728000
1791129062.1944,4960,1256,55500,306000000,1728000
1791129062.2445,4960,1256,55500,306000000,1728000
1791129062.2946,4960,1256,55343,306000000,1728000
1791129062.3447,4960,1256,55531,306000000,1728000
1791129062.3948,4960,1256,55437,306000000,1267200
1791129062.4449,4960,1256,55500,306000000,1497600
1791129062.4950,4960,1256,55531,306000000,1728000
1791129062.5451,4960,1256,55375,306000000,1728000
1791129062.5952,4960,1272,55562,306000000,1728000
1791129062.6453,4960,1272,55406,306000000,1728000
1791129062.6954,4960,1264,55531,306000000,1728000
1791129062.7455,4960,1264,55468,306000000,1728000
1791129062.7955,4960,1256,55531,306000000,1728000
1791129062.8456,4960,1264,55375,306000000,1728000
1791129062.8957,4960,1264,55468,306000000,1728000
1791129062.9458,4960,1264,55593,306000000,1728000
1791129062.9959,4960,1256,55437,306000000,1728000
1791129063.0460,4960,1256,55531,306000000,1728000
1791129063.0961,4960,1256,55406,306000000,1728000
1791129063.1462,4960,1264,55531,306000000,1728000
1791129063.1963,4960,1264,55437,306000000,1728000
1791129063.2464,4960,1264,55468,306000000,1728000
1791129063.2964,4960,1264,55343,306000000,1728000
1791129063.3465,4960,1264,55406,306000000,1728000
1791129063.3966,4960,1256,55468,306000000,1728000
1791129063.4467,4960,1256,55468,306000000,1728000
1791129063.4968,4960,1256,55531,306000000,1728000
1791129063.5469,4960,1256,55437,306000000,1728000
1791129063.5970,4960,1256,55531,306000000,1728000
1791129063.6470,4960,1256,55343,306000000,1728000
1791129063.6971,4960,1264,55500,306000000,1728000
1791129063.7472,4960,1272,55375,306000000,1728000
1791129063.7973,4960,1264,55406,306000000,1728000
1791129063.8474,4960,1272,55375,306000000,1728000
1791129063.8975,4960,1264,55406,306000000,1728000
1791129063.9476,4960,1264,55562,306000000,1728000
1791129063.9977,4960,1256,55437,306000000,1728000
1791129064.0478,4960,1264,55531,306000000,1728000
1791129064.0979,4960,1264,55406,306000000,1728000
1791129064.1480,4960,1256,55468,306000000,1728000
1791129064.1980,4960,1256,55437,306000000,1728000
1791129064.2481,4960,1272,55531,306000000,1728000
1791129064.2982,4960,1272,55468,306000000,1728000
1791129064.3483,4960,1264,55375,306000000,1728000
1791129064.3984,4960,1264,55531,306000000,1728000
1791129064.4485,4960,1256,55468,306000000,1728000
1791129064.4986,4960,1256,55562,306000000,1728000
1791129064.5486,4960,1256,55406,306000000,1728000
1791129064.5987,4960,1256,55437,306000000,1728000
1791129064.6488,4960,1256,55281,306000000,1728000
1791129064.6989,4960,1256,55500,306000000,1728000
1791129064.7490,4960,1256,55343,306000000,1728000
1791129064.7991,4960,1264,55437,306000000,1497600
1791129064.8492,4960,1272,55593,306000000,1728000
1791129064.8993,4960,1264,55406,306000000,1728000
1791129064.9494,4960,1264,55531,306000000,1728000
1791129064.9995,4960,1272,55500,306000000,1728000
1791129065.0495,4960,1264,55468,306000000,1728000
1791129065.0996,4960,1264,55468,306000000,1728000
1791129065.1497,4960,1264,55500,306000000,1728000
1791129065.1998,4960,1264,55437,306000000,1728000
1791129065.2499,4960,1264,55437,306000000,1728000
1791129065.2999,4960,1256,55593,306000000,1728000
1791129065.3500,4960,1264,55437,306000000,1728000
1791129065.4001,4960,1280,55500,306000000,1728000
1791129065.4502,4960,1280,55468,306000000,1728000
1791129065.5003,4960,1272,55531,306000000,1728000
1791129065.5504,4960,1264,55375,306000000,1728000
1791129065.6005,4960,1264,55500,306000000,1728000
1791129065.6506,4960,1272,55406,306000000,1728000
1791129065.7007,4960,1264,55500,306000000,1728000
1791129065.7508,4960,1264,55593,306000000,1728000
1791129065.8009,4960,1264,55468,306000000,1728000
1791129065.8509,4960,1264,55562,306000000,1728000
1791129065.9010,4960,1264,55531,306000000,1344000
1791129065.9511,4960,1272,55531,306000000,1497600
1791129066.0012,4960,1272,55406,306000000,1728000
1791129066.0513,4960,1272,55468,306000000,1728000
1791129066.1014,4960,1272,55343,306000000,1728000
1791129066.1515,4960,1272,55500,306000000,1728000
1791129066.2016,4960,1264,55468,306000000,1728000
1791129066.2516,4960,1264,55437,306000000,1728000
1791129066.3017,4960,1256,55531,306000000,1728000
1791129066.3518,4960,1264,55468,306000000,1728000
1791129066.4019,4960,1264,55593,306000000,1728000
1791129066.4520,4960,1264,55468,306000000,1728000
1791129066.5021,4960,1280,55500,306000000,1728000
1791129066.5522,4960,1272,55343,306000000,1728000
1791129066.6022,4960,1272,55468,306000000,1728000
1791129066.6523,4960,1272,55406,306000000,1728000
1791129066.7024,4960,1264,55468,306000000,1728000
1791129066.7525,4960,1264,55562,306000000,1728000
1791129066.8026,4960,1256,55500,306000000,1728000
1791129066.8527,4960,1256,55531,306000000,1728000
1791129066.9027,4960,1256,55375,306000000,1728000
1791129066.9528,4960,1256,55500,306000000,1728000
1791129067.0029,4960,1256,55406,306000000,1728000
1791129067.0530,4960,1272,55468,306000000,1728000
1791129067.1031,4960,1272,55468,306000000,1728000
1791129067.1532,4960,1272,55500,306000000,1728000
1791129067.2033,4960,1272,55531,306000000,1728000
1791129067.2534,4960,1264,55406,306000000,1728000
1791129067.3034,4960,1264,55531,306000000,1728000
1791129067.3535,4960,1256,55437,306000000,1728000
1791129067.4036,4960,1264,55531,306000000,1728000
1791129067.4537,4960,1256,55375,306000000,1728000
1791129067.5038,4960,1256,55500,306000000,1728000
1791129067.5538,4960,1256,55406,306000000,1728000
1791129067.6039,4960,1272,55531,306000000,1728000
1791129067.6540,4960,1272,55562,306000000,1728000
1791129067.7041,4960,1272,55500,306000000,1728000
1791129067.7542,4960,1272,55562,306000000,1728000
1791129067.8043,4960,1264,55375,306000000,1728000
1791129067.8544,4960,1264,55531,306000000,1728000
1791129067.9044,4960,1264,55375,306000000,1728000
1791129067.9545,4960,1256,55437,306000000,1728000
1791129068.0046,4960,1264,55406,306000000,1728000
1791129068.0547,4960,1264,55500,306000000,1728000
1791129068.1048,4960,1264,55500,306000000,1728000
1791129068.1549,4960,1264,55500,306000000,1497600
1791129068.2050,4960,1272,55531,306000000,1728000
1791129068.2551,4960,1264,55468,306000000,1728000
1791129068.3052,4960,1272,55500,306000000,1728000
1791129068.3552,4960,1264,55406,306000000,1728000
1791129068.4053,4960,1264,55500,306000000,1728000
1791129068.4554,4960,1264,55375,306000000,1728000
1791129068.5055,4960,1256,55437,306000000,1728000
1791129068.5556,4960,1256,55531,306000000,1728000
1791129068.6057,4960,1256,55500,306000000,1728000
1791129068.6558,4960,1256,55562,306000000,1728000
1791129068.7059,4960,1264,55437,306000000,1728000
1791129068.7560,4960,1272,55531,306000000,1728000
1791129068.8061,4960,1272,55468,306000000,1728000
1791129068.8562,4960,1272,55468,306000000,1728000
1791129068.9063,4960,1264,55406,306000000,1728000
1791129068.9563,4960,1264,55437,306000000,1728000
1791129069.0064,4960,1264,55625,306000000,1728000
1791129069.0565,4960,1264,55468,306000000,1728000
1791129069.1066,4960,1256,55531,306000000,1728000
1791129069.1567,4960,1264,55468,306000000,1728000
1791129069.2068,4960,1264,55531,306000000,1728000
1791129069.2569,4960,1256,55437,306000000,1728000
1791129069.3070,4960,1272,55468,306000000,1728000
1791129069.3571,4960,1272,55468,306000000,1728000
1791129069.4071,4960,1272,55531,306000000,1728000
1791129069.4572,4960,1272,55468,306000000,1728000
1791129069.5073,4960,1264,55468,306000000,1728000
1791129069.5574,4960,1264,55531,306000000,1728000
1791129069.6075,4960,1264,55437,306000000,1728000
1791129069.6576,4960,1264,55500,306000000,1728000
1791129069.7077,4960,1256,55375,306000000,1728000
1791129069.7578,4960,1256,55531,306000000,1728000
1791129069.8078,4960,1256,55468,306000000,1728000
1791129069.8579,4960,1272,55500,306000000,1728000
1791129069.9080,4960,1272,55500,306000000,1728000
1791129069.9581,4960,1264,55437,306000000,1728000
1791129070.0082,4960,1264,55593,306000000,1728000
1791129070.0583,4960,1264,55437,306000000,1728000
1791129070.1084,4960,1264,55562,306000000,1728000
1791129070.1585,4960,1264,55500,306000000,1728000
1791129070.2086,4960,1264,55500,306000000,1728000
1791129070.2587,4960,1264,55343,306000000,1728000
1791129070.3088,4960,1264,55437,306000000,1728000
1791129070.3589,4960,1264,55375,306000000,1728000
1791129070.4090,4960,1272,55531,306000000,1728000
1791129070.4591,4960,1272,55531,306000000,1728000
1791129070.5092,4960,1272,55437,306000000,1728000
1791129070.5592,4960,1272,55531,306000000,1728000
1791129070.6093,4960,1264,55468,306000000,1728000
1791129070.6594,4960,1272,55531,306000000,1728000
1791129070.7095,4960,1264,55343,306000000,1728000
1791129070.7596,4960,1264,55437,306000000,1728000
1791129070.8097,4960,1264,55437,306000000,1728000
1791129070.8598,4960,1264,55500,306000000,1728000
1791129070.9098,4960,1264,55531,306000000,1728000
1791129070.9599,4960,1264,55500,306000000,1728000
1791129071.0100,4960,1272,55531,306000000,1728000
1791129071.0601,4960,1272,55406,306000000,1728000
1791129071.1102,4960,1272,55531,306000000,1728000
1791129071.1603,4960,1272,55375,306000000,1728000
1791129071.2104,4960,1264,55500,306000000,1728000
1791129071.2605,4960,1264,55343,306000000,1728000
1791129071.3106,4960,1264,55468,306000000,1728000
1791129071.3607,4960,1264,55531,306000000,1728000
1791129071.4107,4960,1256,55437,306000000,1728000
1791129071.4608,4960,1256,55562,306000000,1728000
1791129071.5109,4960,1264,55375,306000000,1728000
1791129071.5610,4960,1272,55500,306000000,1728000
1791129071.6111,4960,1272,55468,306000000,1728000
1791129071.6612,4960,1272,55437,306000000,1728000
1791129071.7113,4960,1272,55437,306000000,1728000
1791129071.7614,4960,1264,55531,306000000,1728000
1791129071.8115,4960,1256,55406,306000000,1728000
1791129071.8615,4960,1256,55343,306000000,1728000
1791129071.9116,4960,1256,55531,306000000,1728000
1791129071.9617,4960,1256,55437,306000000,1728000
1791129072.0118,4960,1256,55468,306000000,1728000
1791129072.0619,4960,1256,55437,306000000,1728000
1791129072.1120,4960,1264,55406,306000000,1728000
1791129072.1621,4960,1264,55406,306000000,1728000
1791129072.2121,4960,1264,55500,306000000,1728000
1791129072.2622,4960,1264,55343,306000000,1728000
1791129072.3123,4960,1264,55437,306000000,1728000
1791129072.3624,4960,1256,55531,306000000,1728000
1791129072.4125,4960,1256,55437,306000000,1728000
1791129072.4625,4960,1256,55531,306000000,1728000
1791129072.5126,4960,1256,55437,306000000,1728000
1791129072.5627,4960,1256,55500,306000000,1728000
1791129072.6128,4960,1256,55437,306000000,1728000
1791129072.6629,4960,1272,55468,306000000,1728000
1791129072.7130,4960,1272,55312,306000000,1728000
1791129072.7631,4960,1272,55468,306000000,1728000
1791129072.8131,4960,1272,55562,306000000,1728000
1791129072.8632,4960,1272,55406,306000000,1728000
1791129072.9133,4960,1264,55562,306000000,1728000
1791129072.9634,4960,1264,55437,306000000,1728000
1791129073.0135,4960,1256,55437,306000000,1728000
1791129073.0635,4960,1264,55406,306000000,1728000
1791129073.1136,4960,1264,55468,306000000,1728000
1791129073.1637,4960,1264,55375,306000000,1728000
1791129073.2138,4960,1272,55406,306000000,1728000
1791129073.2639,4960,1280,55562,306000000,1728000
1791129073.3140,4960,1272,55437,306000000,1728000
1791129073.3641,4960,1272,55593,306000000,1728000
1791129073.4142,4960,1264,55343,306000000,1728000
1791129073.4643,4960,1264,55468,306000000,1728000
1791129073.5143,4960,1264,55437,306000000,1728000
1791129073.5644,4960,1264,55437,306000000,1728000
1791129073.6145,4960,1264,55406,306000000,1728000
1791129073.6646,4960,1256,55468,306000000,1728000
1791129073.7147,4960,1264,55531,306000000,1728000
1791129073.7648,4960,1264,55500,306000000,1728000
1791129073.8149,4960,1272,55562,306000000,1728000
1791129073.8650,4960,1272,55437,306000000,1728000
1791129073.9151,4960,1264,55531,306000000,1728000
1791129073.9652,4960,1264,55437,306000000,1728000
1791129074.0152,4960,1264,55500,306000000,1728000
1791129074.0653,4960,1264,55437,306000000,1728000
1791129074.1154,4960,1256,55468,306000000,1728000
1791129074.1655,4960,1256,55375,306000000,1728000
1791129074.2156,4960,1256,55468,306000000,1728000
1791129074.2657,4960,1264,55531,306000000,1728000
1791129074.3158,4960,1264,55437,306000000,1497600
1791129074.3659,4960,1272,55531,306000000,1728000
1791129074.4160,4960,1272,55406,306000000,1728000
1791129074.4661,4960,1272,55406,306000000,1728000
1791129074.5162,4960,1272,55343,306000000,1728000
1791129074.5663,4960,1264,55437,306000000,1728000
1791129074.6164,4960,1264,55343,306000000,1728000
1791129074.6665,4960,1264,55500,306000000,1728000
1791129074.7165,4960,1264,55593,306000000,1728000
1791129074.7666,4960,1264,55531,306000000,1728000
1791129074.8167,4960,1256,55562,306000000,1728000
1791129074.8668,4960,1264,55406,306000000,1497600
1791129074.9169,4960,1272,55500,306000000,1728000
1791129074.9670,4960,1272,55468,306000000,1728000
1791129075.0171,4960,1272,55468,306000000,1728000
1791129075.0672,4960,1272,55312,306000000,1728000
1791129075.1173,4960,1264,55406,306000000,1728000
1791129075.1674,4960,1264,55531,306000000,1728000
1791129075.2174,4960,1264,55468,306000000,1728000
1791129075.2675,4960,1264,55562,306000000,1728000
1791129075.3176,4960,1264,55500,306000000,1728000
1791129075.3677,4960,1256,55500,306000000,1728000
1791129075.4178,4960,1264,55343,306000000,1728000
1791129075.4679,4960,1272,55500,306000000,1728000
1791129075.5180,4960,1272,55375,306000000,1728000
1791129075.5681,4960,1264,55437,306000000,1728000
1791129075.6182,4960,1272,55562,306000000,1728000
1791129075.6683,4960,1264,55406,306000000,1728000
1791129075.7183,4960,1264,55500,306000000,1728000
1791129075.7684,4960,1264,55406,306000000,1728000
1791129075.8185,4960,1256,55500,306000000,1728000
1791129075.8686,4960,1256,55406,306000000,1728000
1791129075.9187,4960,1256,55500,306000000,1728000
1791129075.9688,4960,1256,55375,306000000,1728000
1791129076.0189,4960,1272,55468,306000000,1497600
1791129076.0690,4960,1264,55531,306000000,1728000
1791129076.1191,4960,1264,55437,306000000,1728000
1791129076.1691,4960,1272,55531,306000000,1728000
1791129076.2192,4960,1272,55375,306000000,1728000
1791129076.2693,4960,1264,55468,306000000,1728000
1791129076.3194,4960,1264,55375,306000000,1728000
1791129076.3695,4960,1264,55437,306000000,1728000
1791129076.4196,4960,1264,55375,306000000,1728000
1791129076.4696,4960,1256,55468,306000000,1728000
1791129076.5197,4960,1256,55562,306000000,1728000
1791129076.5698,4960,1256,55468,306000000,1728000
1791129076.6199,4960,1256,55625,306000000,1728000
1791129076.6700,4960,1248,55343,306000000,1728000
1791129076.7201,4960,1240,55562,306000000,1728000
1791129076.7702,4960,1240,55406,306000000,1728000
1791129076.8203,4960,1232,55468,306000000,1728000
1791129076.8703,4960,1232,55500,306000000,1728000
1791129076.9204,4960,1224,55468,306000000,1728000
1791129076.9705,4960,1224,55562,306000000,1728000
1791129077.0206,4960,1216,55500,306000000,1728000
1791129077.0707,4960,1216,55531,306000000,1728000
1791129077.1208,4960,1224,55437,306000000,1728000
1791129077.1708,4960,1232,55531,306000000,1728000
1791129077.2209,4960,1224,55468,306000000,1728000
1791129077.2710,4960,1224,55500,306000000,1728000
1791129077.3211,4960,1216,55437,306000000,1728000
1791129077.3712,4960,1216,55406,306000000,1728000
1791129077.4213,4960,1216,55562,306000000,1728000
1791129077.4713,4960,1216,55406,306000000,1728000
1791129077.5214,4960,1208,55531,306000000,1728000
1791129077.5715,4960,1208,55375,306000000,1728000
1791129077.6216,4960,1208,55531,306000000,1728000
1791129077.6717,4960,1216,55375,306000000,1728000
1791129077.7218,4960,1224,55468,306000000,1728000
1791129077.7719,4960,1216,55312,306000000,1728000
1791129077.8220,4960,1216,55500,306000000,1728000
1791129077.8720,4960,1216,55343,306000000,1728000
1791129077.9221,4960,1216,55437,306000000,1728000
1791129077.9722,4960,1208,55531,306000000,1728000
1791129078.0223,4960,1208,55468,306000000,1728000
1791129078.0724,4960,1208,55562,306000000,1728000
1791129078.1224,4960,1208,55406,306000000,1728000
1791129078.1725,4960,1208,55468,306000000,1728000
1791129078.2226,4960,1208,55375,306000000,1728000
1791129078.2727,4960,1224,55437,306000000,1728000
1791129078.3228,4960,1216,55343,306000000,1728000
1791129078.3729,4960,1216,55375,306000000,1728000
1791129078.4230,4960,1216,55531,306000000,1728000
1791129078.4731,4960,1208,55406,306000000,1728000
1791129078.5232,4960,1208,55500,306000000,1728000
1791129078.5732,4960,1208,55406,306000000,1728000
1791129078.6233,4960,1208,55531,306000000,1728000
1791129078.6734,4960,1208,55406,306000000,1728000
1791129078.7235,4960,1208,55500,306000000,1728000
1791129078.7736,4960,1208,55406,306000000,1728000
1791129078.8237,4960,1224,55500,306000000,1728000
1791129078.8738,4960,1216,55500,306000000,1728000
1791129078.9239,4960,1216,55406,306000000,1728000
1791129078.9739,4960,1216,55500,306000000,1728000
1791129079.0240,4960,1208,55468,306000000,1728000
1791129079.0741,4960,1224,55500,306000000,1728000
1791129079.1242,4960,1224,55406,306000000,1728000
1791129079.1743,4960,1224,55500,306000000,1728000
1791129079.2243,4960,1232,55375,306000000,1728000
1791129079.2744,4960,1240,55468,306000000,1728000
1791129079.3245,4960,1256,55531,306000000,1728000
1791129079.3746,4960,1264,55468,306000000,1728000
1791129079.4247,4960,1264,55500,306000000,1728000
1791129079.4748,4960,1240,55468,306000000,1728000
1791129079.5249,4960,1208,55468,306000000,1728000
