1791120134.9089,4976,976,54312,306000000,1728000
1791120134.9590,4968,1032,54375,306000000,1728000
1791120135.0091,4968,1096,54812,306000000,1728000
1791120135.0591,4968,1120,54468,306000000,1728000
1791120135.1092,4968,1128,54593,306000000,1728000
1791120135.1593,4968,1136,54468,306000000,1728000
1791120135.2094,4968,1144,54500,306000000,1728000
1791120135.2595,4968,1152,54500,306000000,1728000
1791120135.3096,4968,1160,54687,306000000,1728000
1791120135.3597,4968,1160,54250,306000000,1728000
1791120135.4098,4968,1168,54375,306000000,1728000
1791120135.4599,4968,1168,54468,306000000,1728000
1791120135.5100,4968,1176,54437,306000000,1728000
1791120135.5601,4968,1176,54562,306000000,1728000
1791120135.6102,4968,1192,54468,306000000,1728000
1791120135.6603,4960,1200,54781,306000000,1728000
1791120135.7104,4960,1200,54406,306000000,1728000
1791120135.7605,4960,1200,54312,306000000,1728000
1791120135.8105,4960,1200,54718,306000000,1728000
1791120135.8606,4960,1200,54406,1020000000,1728000
1791120135.9107,4960,1200,54218,306000000,1728000
1791120135.9608,4960,1200,54281,306000000,1728000
1791120136.0109,4960,1200,54468,306000000,1728000
1791120136.0610,4960,1208,54250,306000000,1728000
1791120136.1111,4960,1224,54531,306000000,1728000
1791120136.1612,4960,1256,54437,306000000,1728000
1791120136.2113,4960,1272,54531,306000000,1651200
1791120136.2614,4960,1288,54343,306000000,1728000
1791120136.3115,4960,1296,54437,306000000,1728000
1791120136.3616,4960,1296,54281,306000000,1728000
1791120136.4117,4960,1304,54375,306000000,1728000
1791120136.4618,4960,1312,54218,306000000,1497600
1791120136.5119,4960,1312,54281,306000000,1728000
1791120136.5620,4960,1312,54250,306000000,1728000
1791120136.6121,4960,1312,54281,306000000,1728000
1791120136.6622,4960,1304,54375,306000000,1728000
1791120136.7123,4960,1312,54250,306000000,1728000
1791120136.7624,4960,1312,54343,306000000,1728000
1791120136.8125,4960,1312,54343,306000000,1728000
1791120136.8626,4960,1304,54312,306000000,1190400
1791120136.9127,4960,1296,54281,306000000,1728000
1791120136.9628,4960,1288,54343,306000000,1728000
1791120137.0129,4960,1288,54250,306000000,1728000
1791120137.0630,4960,1304,54406,306000000,1267200
1791120137.1131,4960,1296,54343,306000000,1728000
1791120137.1632,4960,1288,54250,306000000,1728000
1791120137.2133,4960,1288,54468,306000000,1344000
1791120137.2634,4960,1304,54250,306000000,1497600
1791120137.3135,4960,1312,54343,306000000,1728000
1791120137.3636,4960,1304,54218,306000000,1728000
1791120137.4137,4960,1296,54281,306000000,1728000
1791120137.4638,4960,1304,54375,306000000,1728000
1791120137.5139,4960,1304,54312,306000000,1728000
1791120137.5640,4960,1296,54218,306000000,1728000
1791120137.6141,4960,1296,54312,306000000,1728000
1791120137.6642,4960,1288,54406,306000000,1728000
1791120137.7143,4960,1296,54312,306000000,1728000
1791120137.7644,4960,1296,54343,306000000,1344000
1791120137.8145,4960,1304,54218,306000000,1728000
1791120137.8646,4960,1304,54343,306000000,1728000
1791120137.9147,4960,1304,54218,306000000,1728000
1791120137.9648,4960,1304,54375,306000000,1728000
1791120138.0149,4960,1296,54218,306000000,1728000
1791120138.0650,4960,1296,54343,306000000,1728000
1791120138.1151,4960,1296,54437,306000000,1728000
1791120138.1652,4960,1296,54281,306000000,1728000
1791120138.2153,4960,1296,54406,306000000,1113600
1791120138.2654,4960,1296,54343,306000000,1728000
1791120138.3155,4960,1296,54343,306000000,1728000
1791120138.3655,4960,1296,54250,306000000,1190400
1791120138.4157,4960,1296,54375,306000000,1728000
1791120138.4658,4960,1288,54375,306000000,1728000
1791120138.5159,4960,1288,54312,306000000,1728000
1791120138.5660,4960,1288,54531,306000000,1728000
1791120138.6160,4960,1288,54375,306000000,1728000
1791120138.6661,4960,1288,54468,306000000,1728000
1791120138.7162,4960,1288,54406,306000000,1728000
1791120138.7663,4960,1288,54281,306000000,1190400
1791120138.8164,4960,1280,54250,306000000,1728000
1791120138.8665,4960,1280,54375,306000000,1728000
1791120138.9166,4960,1280,54343,306000000,1728000
1791120138.9667,4960,1280,54343,306000000,1728000
1791120139.0168,4960,1288,54375,306000000,1728000
1791120139.0669,4960,1272,54218,306000000,1728000
1791120139.1170,4960,1288,54437,306000000,1267200
1791120139.1671,4960,1280,54281,306000000,1728000
1791120139.2172,4960,1280,54468,306000000,1113600
1791120139.2673,4960,1272,54281,306000000,1728000
1791120139.3174,4960,1272,54375,306000000,1113600
1791120139.3675,4960,1272,54250,306000000,1728000
1791120139.4176,4960,1264,54343,306000000,1728000
1791120139.4677,4960,1272,54312,306000000,1728000
1791120139.5178,4960,1288,54343,306000000,1267200
1791120139.5679,4960,1272,54468,306000000,1728000
1791120139.6180,4960,1280,54343,306000000,1728000
1791120139.6681,4960,1280,54406,306000000,1728000
1791120139.7182,4960,1272,54312,306000000,1728000
1791120139.7683,4960,1272,54406,306000000,1728000
1791120139.8184,4960,1264,54250,306000000,1190400
1791120139.8685,4960,1256,54343,306000000,1728000
1791120139.9186,4960,1264,54312,306000000,1728000
1791120139.9687,4960,1264,54312,306000000,1190400
1791120140.0188,4960,1256,54468,306000000,1190400
1791120140.0689,4960,1272,54343,306000000,1728000
1791120140.1190,4960,1280,54375,306000000,1728000
1791120140.1691,4960,1280,54343,306000000,1728000
1791120140.2192,4960,1280,54437,306000000,1728000
1791120140.2692,4960,1280,54312,306000000,1728000
1791120140.3193,4960,1280,54406,306000000,1344000
1791120140.3694,4960,1264,54281,306000000,1190400
1791120140.4195,4960,1272,54312,306000000,1728000
1791120140.4696,4960,1272,54406,306000000,1728000
1791120140.5197,4960,1264,54312,306000000,1728000
1791120140.5698,4960,1264,54468,306000000,1113600
1791120140.6199,4960,1280,54406,306000000,1728000
1791120140.6700,4960,1272,54406,306000000,1728000
1791120140.7201,4960,1272,54281,306000000,1728000
1791120140.7702,4960,1272,54312,306000000,1728000
1791120140.8203,4960,1264,54250,306000000,1728000
1791120140.8703,4960,1272,54375,306000000,1728000
1791120140.9204,4960,1264,54437,306000000,1728000
1791120140.9705,4960,1264,54343,306000000,1190400
1791120141.0206,4960,1264,54375,306000000,1728000
1791120141.0707,4960,1256,54250,306000000,1190400
1791120141.1208,4960,1256,54468,306000000,1190400
1791120141.1709,4960,1280,54343,306000000,1497600
1791120141.2210,4960,1280,54406,306000000,1728000
1791120141.2711,4960,1280,54218,306000000,1728000
1791120141.3212,4960,1280,54406,306000000,1728000
1791120141.3713,4960,1272,54562,306000000,1728000
1791120141.4214,4960,1272,54250,306000000,1728000
1791120141.4715,4960,1272,54406,306000000,1728000
1791120141.5216,4960,1264,54312,306000000,1267200
1791120141.5716,4960,1264,54406,306000000,1113600
1791120141.6217,4960,1256,54343,306000000,1728000
1791120141.6718,4960,1256,54375,306000000,1728000
1791120141.7219,4960,1256,54312,306000000,1728000
1791120141.7720,4960,1264,54468,306000000,1728000
1791120141.8221,4960,1256,54281,306000000,1728000
1791120141.8722,4960,1272,54375,306000000,1728000
1791120141.9223,4960,1288,54437,306000000,1574400
1791120141.9724,4960,1288,54281,306000000,1728000
1791120142.0225,4960,1288,54437,306000000,1728000
1791120142.0726,4960,1280,54343,306000000,1728000
1791120142.1227,4960,1280,54406,306000000,1728000
1791120142.1728,4960,1280,54375,306000000,1728000
1791120142.2229,4960,1288,54375,306000000,1420800
1791120142.2730,4960,1288,54343,306000000,1728000
1791120142.3231,4960,1304,54343,306000000,1728000
1791120142.3732,4960,1304,54406,306000000,1728000
1791120142.4233,4960,1296,54312,306000000,1113600
1791120142.4734,4960,1288,54531,306000000,1728000
1791120142.5235,4960,1288,54312,306000000,1190400
1791120142.5736,4960,1288,54406,306000000,1728000
1791120142.6237,4960,1280,54312,306000000,1728000
1791120142.6738,4960,1272,54343,306000000,1190400
1791120142.7239,4960,1280,54312,306000000,1190400
1791120142.7740,4960,1272,54375,306000000,1728000
1791120142.8241,4960,1272,54562,306000000,1728000
1791120142.8742,4960,1296,54406,306000000,1728000
1791120142.9243,4960,1296,54468,306000000,1728000
1791120142.9744,4960,1296,54312,306000000,1190400
1791120143.0244,4960,1280,54437,306000000,1728000
1791120143.0746,4960,1288,54375,306000000,1728000
1791120143.1246,4960,1280,54375,306000000,1728000
1791120143.1747,4960,1272,54343,306000000,1267200
1791120143.2248,4960,1288,54343,306000000,1728000
1791120143.2749,4960,1288,54500,306000000,1113600
1791120143.3250,4960,1272,54375,306000000,1728000
1791120143.3751,4960,1272,54406,306000000,1728000
1791120143.4252,4960,1288,54437,306000000,1728000
1791120143.4753,4960,1280,54406,306000000,1728000
1791120143.5254,4960,1280,54312,306000000,1728000
1791120143.5755,4960,1280,54406,306000000,1728000
1791120143.6256,4960,1280,54343,306000000,1728000
1791120143.6757,4960,1272,54437,306000000,1728000
1791120143.7258,4960,1272,54593,306000000,1728000
1791120143.7759,4960,1272,54343,306000000,1728000
1791120143.8261,4960,1272,54375,306000000,1728000
1791120143.8762,4960,1272,54343,306000000,1036800
1791120143.9263,4960,1272,54406,306000000,1113600
1791120143.9765,4960,1272,54343,306000000,1267200
1791120144.0266,4960,1280,54406,306000000,1113600
1791120144.0766,4960,1280,54250,306000000,1728000
1791120144.1267,4960,1272,54406,306000000,1190400
1791120144.1768,4960,1272,54312,306000000,1267200
1791120144.2269,4960,1272,54343,306000000,1267200
1791120144.2770,4960,1272,54468,306000000,1190400
1791120144.3271,4960,1264,54375,306000000,1036800
1791120144.3772,4960,1256,54406,306000000,1728000
1791120144.4273,4960,1264,54375,306000000,1728000
1791120144.4774,4960,1264,54437,306000000,1190400
1791120144.5275,4960,1264,54343,306000000,1728000
1791120144.5776,4960,1272,54437,306000000,1728000
1791120144.6277,4960,1280,54281,306000000,1728000
1791120144.6778,4960,1272,54406,306000000,1728000
1791120144.7279,4960,1272,54531,306000000,1728000
1791120144.7780,4960,1272,54406,306000000,1344000
1791120144.8281,4960,1264,54468,306000000,1728000
1791120144.8782,4960,1264,54375,306000000,1344000
1791120144.9283,4960,1264,54406,306000000,1728000
1791120144.9783,4960,1264,54375,306000000,1113600
1791120145.0284,4960,1264,54406,306000000,1728000
1791120145.0785,4960,1264,54312,306000000,1190400
1791120145.1286,4960,1272,54375,306000000,960000
1791120145.1787,4960,1264,54562,306000000,1728000
1791120145.2288,4960,1264,54406,306000000,960000
1791120145.2789,4960,1264,54500,306000000,1728000
1791120145.3289,4960,1256,54375,306000000,960000
1791120145.3790,4960,1248,54500,306000000,1728000
1791120145.4291,4960,1248,54343,306000000,1113600
1791120145.4792,4960,1256,54406,306000000,1728000
1791120145.5293,4960,1248,54312,306000000,1113600
1791120145.5793,4960,1248,54437,306000000,1728000
1791120145.6294,4960,1248,54593,306000000,1190400
1791120145.6795,4960,1256,54406,306000000,1420800
1791120145.7296,4960,1264,54468,306000000,1728000
1791120145.7797,4960,1256,54312,306000000,1728000
1791120145.8298,4960,1256,54468,306000000,1728000
1791120145.8799,4960,1256,54312,306000000,1728000
1791120145.9300,4960,1248,54406,306000000,1728000
1791120145.9800,4960,1248,54312,306000000,1728000
1791120146.0301,4960,1240,54500,306000000,1728000
1791120146.0802,4960,1248,54468,306000000,1728000
1791120146.1303,4960,1240,54375,306000000,1728000
1791120146.1804,4960,1240,54468,306000000,1728000
1791120146.2305,4960,1248,54312,306000000,1728000
1791120146.2806,4960,1256,54437,306000000,1190400
1791120146.3307,4960,1256,54343,306000000,1728000
1791120146.3808,4960,1248,54343,306000000,1113600
1791120146.4308,4960,1256,54281,306000000,1728000
1791120146.4809,4960,1256,54437,306000000,1728000
1791120146.5311,4960,1248,54406,306000000,1728000
1791120146.5811,4960,1256,54406,306000000,1728000
1791120146.6312,4960,1248,54500,306000000,1728000
1791120146.6813,4960,1248,54375,306000000,1728000
1791120146.7314,4960,1240,54562,306000000,1728000
1791120146.7815,4960,1248,54375,306000000,1728000
1791120146.8316,4960,1256,54406,306000000,1728000
1791120146.8817,4960,1248,54375,306000000,1728000
1791120146.9318,4960,1248,54437,306000000,1728000
1791120146.9819,4960,1248,54375,306000000,1113600
1791120147.0319,4960,1248,54406,306000000,1728000
1791120147.0820,4960,1240,54562,306000000,1728000
1791120147.1321,4960,1248,54406,306000000,1728000
1791120147.1822,4960,1240,54500,306000000,1036800
1791120147.2323,4960,1240,54406,306000000,1728000
1791120147.2823,4960,1232,54531,306000000,1728000
1791120147.3324,4960,1256,54343,306000000,1728000
1791120147.3825,4960,1256,54437,306000000,1728000
1791120147.4326,4960,1256,54375,306000000,1728000
1791120147.4827,4960,1248,54406,306000000,1728000
1791120147.5328,4960,1248,54531,306000000,1728000
1791120147.5829,4960,1248,54343,306000000,1728000
1791120147.6330,4960,1240,54437,306000000,1728000
1791120147.6831,4960,1240,54500,306000000,1728000
1791120147.7332,4960,1240,54468,306000000,1728000
1791120147.7833,4960,1240,54406,306000000,1728000
1791120147.8333,4960,1232,54375,306000000,1728000
1791120147.8834,4960,1248,54343,306000000,1344000
1791120147.9336,4960,1256,54437,306000000,1728000
1791120147.9836,4960,1256,54500,306000000,1728000
1791120148.0337,4960,1256,54437,306000000,1728000
1791120148.0838,4960,1248,54437,306000000,1728000
1791120148.1339,4960,1248,54375,306000000,960000
1791120148.1840,4960,1248,54468,306000000,1728000
1791120148.2340,4960,1240,54437,306000000,960000
1791120148.2841,4960,1240,54468,306000000,1728000
1791120148.3342,4960,1240,54406,306000000,1728000
1791120148.3843,4960,1248,54406,306000000,1728000
1791120148.4344,4960,1240,54562,306000000,1728000
1791120148.4845,4960,1264,54468,306000000,1728000
1791120148.5346,4960,1264,54562,306000000,1728000
1791120148.5847,4960,1256,54406,306000000,960000
1791120148.6348,4960,1248,54500,306000000,1728000
1791120148.6849,4960,1248,54437,306000000,1728000
1791120148.7349,4960,1240,54468,306000000,1728000
1791120148.7850,4960,1248,54375,306000000,1113600
1791120148.8351,4960,1248,54437,306000000,1728000
1791120148.8852,4960,1240,54281,306000000,1728000
1791120148.9353,4960,1240,54406,306000000,1728000
1791120148.9853,4960,1240,54562,306000000,1344000
1791120149.0354,4960,1256,54406,306000000,1497600
1791120149.0855,4960,1248,54500,306000000,1728000
1791120149.1356,4960,1256,54343,306000000,1728000
1791120149.1857,4960,1248,54375,306000000,1728000
1791120149.2358,4960,1248,54343,306000000,1728000
1791120149.2859,4960,1240,54468,306000000,1728000
1791120149.3359,4960,1240,54406,306000000,1113600
1791120149.3860,4960,1248,54312,306000000,1728000
1791120149.4361,4960,1248,54562,306000000,1728000
1791120149.4862,4960,1248,54437,306000000,1728000
1791120149.5363,4960,1240,54468,306000000,1728000
1791120149.5864,4960,1256,54406,306000000,1420800
1791120149.6365,4960,1256,54437,306000000,1728000
1791120149.6866,4960,1248,54437,306000000,1113600
1791120149.7367,4960,1256,54437,306000000,1728000
1791120149.7867,4960,1248,54406,306000000,1728000
1791120149.8368,4960,1248,54343,306000000,1728000
1791120149.8869,4960,1248,54500,306000000,1728000
1791120149.9370,4960,1248,54437,306000000,1113600
1791120149.9871,4960,1248,54468,306000000,1728000
1791120150.0371,4960,1248,54375,306000000,1728000
1791120150.0872,4960,1240,54500,306000000,1728000
1791120150.1373,4960,1256,54437,306000000,1728000
1791120150.1874,4960,1256,54500,306000000,960000
1791120150.2375,4960,1256,54375,306000000,1728000
1791120150.2876,4960,1248,54468,306000000,1728000
1791120150.3377,4960,1248,54531,306000000,1728000
1791120150.3878,4960,1256,54406,306000000,1728000
1791120150.4378,4960,1256,54406,306000000,1728000
1791120150.4879,4960,1256,54437,306000000,1728000
1791120150.5380,4960,1248,54375,306000000,1728000
1791120150.5881,4960,1248,54406,306000000,1728000
1791120150.6381,4960,1240,54406,306000000,1036800
1791120150.6882,4960,1256,54406,306000000,1728000
1791120150.7383,4960,1256,54437,306000000,1728000
1791120150.7884,4960,1256,54500,306000000,1728000
1791120150.8385,4960,1256,54375,306000000,1728000
1791120150.8886,4960,1256,54562,306000000,1728000
1791120150.9387,4960,1256,54375,306000000,1728000
1791120150.9888,4960,1248,54531,306000000,1113600
1791120151.0389,4960,1248,54343,306000000,1728000
1791120151.0889,4960,1248,54468,306000000,1728000
1791120151.1391,4960,1248,54375,306000000,1728000
1791120151.1891,4960,1240,54468,306000000,1728000
1791120151.2392,4960,1248,54375,306000000,1344000
1791120151.2894,4960,1256,54437,306000000,1728000
1791120151.3394,4960,1256,54531,306000000,1113600
1791120151.3895,4960,1248,54437,306000000,1728000
1791120151.4396,4960,1256,54531,306000000,1728000
1791120151.4897,4960,1256,54406,306000000,1728000
1791120151.5398,4960,1248,54437,306000000,1113600
1791120151.5899,4960,1256,54406,306000000,1728000
1791120151.6400,4960,1248,54468,306000000,1728000
1791120151.6901,4960,1256,54406,306000000,1728000
1791120151.7401,4960,1248,54375,306000000,1728000
1791120151.7902,4960,1256,54562,306000000,1190400
1791120151.8403,4960,1264,54406,306000000,1728000
1791120151.8904,4960,1256,54531,306000000,960000
1791120151.9405,4960,1256,54375,306000000,1728000
1791120151.9906,4960,1248,54468,306000000,1728000
1791120152.0407,4960,1248,54406,306000000,1728000
1791120152.0908,4960,1240,54500,306000000,1728000
1791120152.1409,4960,1240,54375,306000000,1728000
1791120152.1910,4960,1240,54468,306000000,1728000
1791120152.2410,4960,1240,54531,306000000,1728000
1791120152.2911,4960,1248,54406,306000000,1728000
1791120152.3412,4960,1264,54531,306000000,1728000
1791120152.3913,4960,1280,54500,306000000,1267200
1791120152.4414,4960,1288,54468,306000000,1728000
1791120152.4919,4960,1280,54437,306000000,1728000
1791120152.5420,4960,1280,54437,306000000,1728000
1791120152.5921,4960,1272,54406,306000000,1728000
1791120152.6422,4960,1272,54500,306000000,1190400
1791120152.6923,4960,1264,54562,306000000,1728000
1791120152.7424,4960,1264,54468,306000000,1190400
1791120152.7924,4960,1256,54531,306000000,1728000
1791120152.8425,4960,1248,54437,306000000,1728000
1791120152.8926,4960,1256,54468,306000000,1113600
1791120152.9427,4960,1256,54406,306000000,1420800
1791120152.9928,4960,1256,54562,306000000,1728000
1791120153.0429,4960,1256,54437,306000000,1728000
1791120153.0930,4960,1256,54531,306000000,1728000
1791120153.1431,4960,1248,54625,306000000,1728000
1791120153.1932,4960,1248,54468,306000000,1728000
1791120153.2432,4960,1232,54500,306000000,1036800
1791120153.2933,4960,1232,54375,306000000,1728000
1791120153.3434,4960,1232,54562,306000000,1728000
1791120153.3935,4960,1240,54406,306000000,1728000
1791120153.4436,4960,1232,54531,306000000,1728000
1791120153.4937,4960,1256,54375,306000000,1728000
1791120153.5438,4960,1264,54437,306000000,1728000
1791120153.5938,4960,1256,54406,306000000,1728000
1791120153.6439,4960,1256,54500,306000000,1728000
1791120153.6940,4960,1248,54500,306000000,1728000
1791120153.7441,4960,1248,54437,306000000,960000
1791120153.7942,4960,1240,54500,306000000,1728000
1791120153.8442,4960,1240,54437,306000000,1728000
1791120153.8943,4960,1240,54500,306000000,1728000
1791120153.9444,4960,1240,54406,306000000,960000
1791120153.9945,4960,1232,54468,306000000,1728000
1791120154.0446,4960,1240,54406,306000000,1728000
1791120154.0947,4960,1256,54468,306000000,1728000
1791120154.1448,4960,1248,54562,306000000,1728000
1791120154.1948,4960,1256,54562,306000000,1728000
1791120154.2449,4960,1248,54531,306000000,1728000
1791120154.2950,4960,1256,54437,306000000,1728000
1791120154.3451,4960,1248,54468,306000000,1728000
1791120154.3952,4960,1248,54312,306000000,1728000
1791120154.4452,4960,1232,54562,306000000,1728000
1791120154.4953,4960,1248,54437,306000000,1190400
1791120154.5454,4960,1248,54500,306000000,1728000
1791120154.5955,4960,1248,54625,306000000,1728000
1791120154.6456,4960,1264,54468,306000000,1728000
1791120154.6957,4960,1256,54562,306000000,1728000
1791120154.7458,4960,1256,54500,306000000,1728000
1791120154.7959,4960,1256,54500,306000000,1728000
1791120154.8460,4960,1248,54437,306000000,1728000
1791120154.8961,4960,1248,54468,306000000,1728000
1791120154.9461,4960,1248,54437,306000000,1728000
1791120154.9962,4960,1248,54531,306000000,1728000
1791120155.0463,4960,1248,54562,306000000,1728000
1791120155.0964,4960,1248,54468,306000000,1728000
1791120155.1465,4960,1248,54562,306000000,1728000
1791120155.1966,4960,1256,54468,306000000,1728000
1791120155.2467,4960,1256,54531,306000000,1728000
1791120155.2967,4960,1248,54375,306000000,1036800
1791120155.3468,4960,1248,54468,306000000,1728000
1791120155.3969,4960,1240,54406,306000000,1728000
1791120155.4470,4960,1248,54468,306000000,1728000
1791120155.4970,4960,1240,54593,306000000,1728000
1791120155.5471,4960,1248,54500,306000000,1113600
1791120155.5972,4960,1248,54531,306000000,1728000
1791120155.6473,4960,1240,54468,306000000,1728000
1791120155.6974,4960,1248,54531,306000000,1728000
1791120155.7475,4960,1248,54562,306000000,1728000
1791120155.7976,4960,1256,54562,306000000,1728000
1791120155.8477,4960,1256,54468,306000000,1728000
1791120155.8978,4960,1248,54468,306000000,1113600
1791120155.9478,4960,1248,54562,306000000,1728000
1791120155.9979,4960,1240,54468,306000000,1113600
1791120156.0480,4960,1240,54562,306000000,1728000
1791120156.0981,4960,1240,54375,306000000,1728000
1791120156.1482,4960,1240,54531,306000000,1728000
1791120156.1983,4960,1232,54375,306000000,1728000
1791120156.2484,4960,1232,54531,306000000,1728000
1791120156.2985,4960,1240,54437,306000000,1728000
1791120156.3486,4960,1248,54468,306000000,1728000
1791120156.3986,4960,1240,54562,306000000,1728000
1791120156.4487,4960,1240,54500,306000000,1728000
1791120156.4988,4960,1232,54562,306000000,1728000
1791120156.5489,4960,1240,54437,306000000,1190400
1791120156.5990,4960,1232,54562,306000000,1728000
1791120156.6491,4960,1240,54437,306000000,1728000
1791120156.6991,4960,1240,54500,306000000,1728000
1791120156.7492,4960,1240,54437,306000000,1113600
1791120156.7993,4960,1240,54531,306000000,1728000
1791120156.8494,4960,1240,54468,306000000,1497600
1791120156.8995,4960,1248,54468,306000000,1728000
1791120156.9496,4960,1248,54562,306000000,1728000
1791120156.9997,4960,1256,54468,306000000,1728000
1791120157.0497,4960,1240,54531,306000000,1728000
1791120157.0998,4960,1248,54437,306000000,1728000
1791120157.1499,4960,1240,54531,306000000,1728000
1791120157.2000,4960,1240,54406,306000000,1728000
1791120157.2501,4960,1232,54437,306000000,1728000
1791120157.3001,4960,1232,54468,306000000,960000
1791120157.3502,4960,1232,54531,306000000,1728000
1791120157.4003,4960,1232,54531,306000000,1728000
1791120157.4504,4960,1248,54468,306000000,1728000
1791120157.5005,4960,1240,54500,306000000,1728000
1791120157.5506,4960,1248,54406,306000000,1728000
1791120157.6007,4960,1240,54500,306000000,1728000
1791120157.6507,4960,1248,54343,306000000,1036800
1791120157.7008,4960,1240,54500,306000000,1728000
1791120157.7509,4960,1240,54406,306000000,1728000
1791120157.8010,4960,1240,54500,306000000,1728000
1791120157.8510,4960,1240,54562,306000000,1113600
1791120157.9011,4960,1240,54437,306000000,1728000
1791120157.9512,4960,1240,54593,306000000,1190400
1791120158.0013,4960,1256,54437,306000000,1267200
1791120158.0514,4960,1240,54468,306000000,1728000
1791120158.1015,4960,1248,54375,306000000,1728000
1791120158.1515,4960,1248,54531,306000000,1728000
1791120158.2016,4960,1240,54375,306000000,1728000
1791120158.2517,4960,1232,54468,306000000,1728000
1791120158.3018,4960,1240,54593,306000000,1728000
1791120158.3519,4960,1240,54375,306000000,1728000
1791120158.4019,4960,1232,54500,306000000,1728000
1791120158.4520,4960,1224,54468,306000000,1728000
1791120158.5021,4960,1224,54531,306000000,1036800
1791120158.5522,4960,1240,54312,306000000,1728000
1791120158.6023,4960,1248,54500,306000000,1728000
1791120158.6524,4960,1248,54406,306000000,1728000
1791120158.7025,4960,1240,54500,306000000,1728000
1791120158.7526,4960,1240,54562,306000000,1728000
1791120158.8027,4960,1232,54500,306000000,1728000
1791120158.8527,4960,1240,54593,306000000,1728000
1791120158.9028,4960,1232,54468,306000000,1728000
1791120158.9529,4960,1232,54531,306000000,1728000
1791120159.0030,4960,1240,54468,306000000,1728000
1791120159.0531,4960,1232,54500,306000000,1728000
1791120159.1032,4960,1248,54531,306000000,1267200
1791120159.1533,4960,1248,54468,306000000,1728000
1791120159.2034,4960,1256,54562,306000000,1728000
1791120159.2535,4960,1248,54531,306000000,1728000
1791120159.3035,4960,1248,54593,306000000,960000
1791120159.3536,4960,1240,54468,306000000,1728000
1791120159.4037,4960,1240,54531,306000000,1728000
1791120159.4538,4960,1240,54437,306000000,1728000
1791120159.5039,4960,1232,54468,306000000,1190400
1791120159.5540,4960,1240,54468,306000000,1728000
1791120159.6041,4960,1232,54531,306000000,1113600
1791120159.6542,4960,1248,54437,306000000,1728000
1791120159.7043,4960,1248,54437,306000000,1728000
1791120159.7544,4960,1248,54562,306000000,1728000
1791120159.8045,4960,1248,54468,306000000,1728000
1791120159.8546,4960,1240,54593,306000000,1728000
1791120159.9047,4960,1240,54437,306000000,1728000
1791120159.9549,4960,1248,54500,306000000,1190400
1791120160.0050,4960,1248,54437,306000000,1728000
1791120160.0551,4960,1240,54531,306000000,1728000
1791120160.1052,4960,1248,54562,306000000,1728000
1791120160.1553,4960,1240,54500,306000000,1728000
1791120160.2054,4960,1248,54625,306000000,1728000
1791120160.2555,4960,1264,54375,306000000,1728000
1791120160.3056,4960,1256,54593,306000000,1036800
1791120160.3557,4960,1256,54531,306000000,1728000
1791120160.4057,4960,1248,54562,306000000,1036800
1791120160.4558,4960,1248,54468,306000000,1728000
1791120160.5059,4960,1240,54531,306000000,1728000
1791120160.5560,4960,1248,54500,306000000,1728000
1791120160.6061,4960,1240,54500,306000000,1728000
1791120160.6562,4960,1248,54562,306000000,1728000
1791120160.7063,4960,1248,54531,306000000,1728000
1791120160.7564,4960,1248,54625,306000000,1728000
1791120160.8065,4960,1248,54500,306000000,1190400
1791120160.8565,4960,1256,54562,306000000,1113600
1791120160.9066,4960,1248,54468,306000000,1728000
1791120160.9567,4960,1248,54437,306000000,1728000
1791120161.0068,4960,1248,54468,306000000,1728000
1791120161.0569,4960,1240,54500,306000000,1728000
1791120161.1070,4960,1240,54593,306000000,1728000
1791120161.1571,4960,1240,54375,306000000,1728000
1791120161.2072,4960,1240,54562,306000000,1113600
1791120161.2573,4960,1240,54531,306000000,1728000
1791120161.3073,4960,1240,54593,306000000,1190400
1791120161.3574,4960,1248,54437,306000000,1728000
1791120161.4075,4960,1256,54500,306000000,1728000
1791120161.4576,4960,1256,54500,306000000,1728000
1791120161.5077,4960,1248,54562,306000000,1728000
1791120161.5578,4960,1248,54593,306000000,1728000
1791120161.6079,4960,1248,54500,306000000,1728000
1791120161.6580,4960,1248,54593,306000000,1728000
1791120161.7081,4960,1256,54437,306000000,1728000
1791120161.7582,4960,1248,54562,306000000,1728000
1791120161.8083,4960,1248,54562,306000000,1728000
1791120161.8584,4960,1248,54500,306000000,1728000
1791120161.9085,4960,1256,54531,306000000,1728000
1791120161.9586,4960,1264,54562,306000000,1728000
1791120162.0087,4960,1256,54437,306000000,1728000
1791120162.0588,4960,1256,54406,306000000,1728000
1791120162.1088,4960,1248,54593,306000000,1036800
1791120162.1589,4960,1256,54437,306000000,1728000
1791120162.2090,4960,1248,54562,306000000,1728000
1791120162.2591,4960,1248,54468,306000000,1728000
1791120162.3092,4960,1248,54562,306000000,1728000
1791120162.3593,4960,1248,54531,306000000,1728000
1791120162.4094,4960,1248,54531,306000000,1728000
1791120162.4595,4960,1248,54531,306000000,1728000
1791120162.5096,4960,1264,54562,306000000,1728000
1791120162.5597,4960,1248,54562,306000000,1728000
1791120162.6097,4960,1248,54531,306000000,1728000
1791120162.6598,4960,1248,54593,306000000,1728000
1791120162.7099,4960,1256,54468,306000000,1728000
1791120162.7600,4960,1256,54531,306000000,1728000
1791120162.8101,4960,1264,54468,306000000,1728000
1791120162.8602,4960,1264,54562,306000000,1420800
1791120162.9103,4960,1280,54562,306000000,1728000
1791120162.9603,4960,1272,54468,306000000,1728000
1791120163.0104,4960,1272,54625,306000000,1344000
1791120163.0605,4960,1280,54531,306000000,1728000
1791120163.1106,4960,1272,54562,306000000,1728000
1791120163.1607,4960,1272,54500,306000000,1036800
1791120163.2108,4960,1264,54500,306000000,1728000
1791120163.2609,4960,1264,54500,306000000,1728000
1791120163.3110,4960,1264,54562,306000000,1728000
1791120163.3611,4960,1256,54562,306000000,1728000
1791120163.4112,4960,1256,54531,306000000,1728000
1791120163.4613,4960,1248,54562,306000000,1728000
1791120163.5114,4960,1248,54437,306000000,1728000
1791120163.5615,4960,1248,54656,306000000,1728000
1791120163.6116,4960,1256,54562,306000000,1728000
1791120163.6617,4960,1264,54593,306000000,1728000
1791120163.7117,4960,1256,54468,306000000,1728000
1791120163.7618,4960,1256,54562,306000000,1728000
1791120163.8119,4960,1248,54468,306000000,1728000
1791120163.8620,4960,1248,54562,306000000,1728000
1791120163.9121,4960,1248,54468,306000000,1728000
1791120163.9622,4960,1248,54562,306000000,1728000
1791120164.0122,4960,1240,54593,306000000,960000
1791120164.0623,4960,1240,54468,306000000,1728000
1791120164.1124,4960,1232,54593,306000000,1113600
1791120164.1625,4960,1248,54468,306000000,1728000
1791120164.2126,4960,1248,54531,306000000,1728000
1791120164.2627,4960,1248,54531,306000000,1728000
1791120164.3128,4960,1248,54562,306000000,1728000
1791120164.3629,4960,1248,54468,306000000,1728000
1791120164.4130,4960,1248,54531,306000000,1728000
1791120164.4630,4960,1248,54593,306000000,1113600
1791120164.5131,4960,1248,54500,306000000,1728000
1791120164.5632,4960,1240,54593,306000000,1728000
1791120164.6133,4960,1240,54531,306000000,1728000
1791120164.6634,4960,1232,54593,306000000,1728000
1791120164.7135,4960,1248,54500,306000000,1728000
1791120164.7636,4960,1248,54531,306000000,1190400
1791120164.8137,4960,1256,54437,306000000,1728000
1791120164.8637,4960,1256,54500,306000000,1728000
1791120164.9138,4960,1248,54562,306000000,1728000
1791120164.9639,4960,1256,54562,306000000,1728000
1791120165.0140,4960,1248,54593,306000000,1728000
1791120165.0640,4960,1248,54406,306000000,1728000
1791120165.1141,4960,1248,54562,306000000,1728000
1791120165.1642,4960,1240,54468,306000000,1728000
1791120165.2143,4960,1240,54562,306000000,1728000
1791120165.2644,4960,1240,54468,306000000,1190400
1791120165.3145,4960,1256,54531,306000000,1728000
1791120165.3646,4960,1248,54593,306000000,1728000
1791120165.4147,4960,1248,54468,306000000,1728000
1791120165.4647,4960,1240,54562,306000000,1728000
1791120165.5148,4960,1248,54500,306000000,1728000
1791120165.5649,4960,1240,54562,306000000,1728000
1791120165.6150,4960,1240,54531,306000000,1728000
1791120165.6651,4960,1248,54562,306000000,1728000
1791120165.7151,4960,1240,54468,306000000,1728000
1791120165.7652,4960,1240,54500,306000000,1728000
1791120165.8153,4960,1248,54562,306000000,1497600
1791120165.8654,4960,1256,54468,306000000,1728000
1791120165.9155,4960,1256,54593,306000000,1728000
1791120165.9656,4960,1248,54468,306000000,1728000
1791120166.0157,4960,1248,54562,306000000,1728000
1791120166.0658,4960,1240,54468,306000000,1036800
1791120166.1158,4960,1240,54562,306000000,1728000
1791120166.1659,4960,1232,54531,306000000,1728000
1791120166.2160,4960,1232,54500,306000000,1728000
1791120166.2661,4960,1232,54593,306000000,1728000
1791120166.3162,4960,1240,54531,306000000,1728000
1791120166.3663,4960,1232,54562,306000000,1728000
1791120166.4164,4960,1248,54500,306000000,1728000
1791120166.4664,4960,1248,54593,306000000,1728000
1791120166.5165,4960,1240,54468,306000000,1728000
1791120166.5666,4960,1240,54562,306000000,1728000
1791120166.6167,4960,1240,54500,306000000,1728000
1791120166.6667,4960,1240,54593,306000000,1728000
1791120166.7168,4960,1232,54625,306000000,1113600
1791120166.7669,4960,1240,54500,306000000,1728000
1791120166.8170,4960,1240,54562,306000000,1190400
1791120166.8671,4960,1240,54500,306000000,1728000
1791120166.9172,4960,1240,54593,306000000,1267200
1791120166.9673,4960,1256,54531,306000000,960000
1791120167.0174,4960,1248,54593,306000000,1728000
1791120167.0675,4960,1248,54531,306000000,1728000
1791120167.1176,4960,1240,54562,306000000,1728000
1791120167.1677,4960,1248,54593,306000000,1728000
1791120167.2178,4960,1248,54500,306000000,1728000
1791120167.2679,4960,1240,54593,306000000,1728000
1791120167.3180,4960,1248,54562,306000000,1728000
1791120167.3680,4960,1240,54593,306000000,1728000
1791120167.4181,4960,1248,54531,306000000,1728000
1791120167.4682,4960,1240,54562,306000000,1728000
1791120167.5183,4960,1256,54531,306000000,1728000
1791120167.5684,4960,1264,54562,306000000,1728000
1791120167.6185,4960,1248,54500,306000000,1728000
1791120167.6686,4960,1256,54562,306000000,1728000
1791120167.7187,4960,1248,54656,306000000,1728000
1791120167.7687,4960,1248,54531,306000000,1728000
1791120167.8188,4960,1248,54562,306000000,1728000
1791120167.8689,4960,1248,54562,306000000,1036800
1791120167.9190,4960,1248,54531,306000000,1728000
1791120167.9691,4960,1248,54593,306000000,1728000
1791120168.0192,4960,1248,54593,306000000,1728000
1791120168.0693,4960,1256,54562,306000000,1728000
1791120168.1194,4960,1256,54500,306000000,1728000
1791120168.1695,4960,1248,54656,306000000,1728000
1791120168.2195,4960,1256,54531,306000000,1728000
1791120168.2696,4960,1240,54625,306000000,1728000
1791120168.3197,4960,1240,54500,306000000,1728000
1791120168.3698,4960,1240,54531,306000000,1728000
1791120168.4199,4960,1248,54468,306000000,1728000
1791120168.4700,4960,1240,54562,306000000,1728000
1791120168.5201,4960,1240,54500,306000000,1728000
1791120168.5701,4960,1232,54531,306000000,1728000
1791120168.6202,4960,1248,54656,306000000,1728000
1791120168.6703,4960,1248,54562,306000000,1728000
1791120168.7204,4960,1256,54562,306000000,1728000
1791120168.7705,4960,1256,54562,306000000,1728000
1791120168.8206,4960,1248,54562,306000000,1728000
1791120168.8707,4960,1256,54500,306000000,1728000
1791120168.9208,4960,1256,54562,306000000,1728000
1791120168.9709,4960,1248,54531,306000000,1728000
1791120169.0209,4960,1240,54562,306000000,1728000
1791120169.0711,4960,1248,54562,306000000,1728000
1791120169.1211,4960,1240,54531,306000000,1728000
1791120169.1712,4960,1248,54625,306000000,1728000
1791120169.2213,4960,1256,54500,306000000,1728000
1791120169.2714,4960,1256,54625,306000000,1728000
1791120169.3215,4960,1256,54562,306000000,1728000
1791120169.3716,4960,1248,54500,306000000,1728000
1791120169.4217,4960,1256,54562,306000000,1728000
1791120169.4718,4960,1256,54656,306000000,1728000
1791120169.5218,4960,1248,54625,306000000,1728000
1791120169.5719,4960,1240,54500,306000000,1728000
1791120169.6220,4960,1248,54656,306000000,960000
1791120169.6721,4960,1240,54531,306000000,1728000
1791120169.7222,4960,1248,54593,306000000,1728000
1791120169.7723,4960,1256,54500,306000000,1728000
1791120169.8224,4960,1248,54625,306000000,1036800
1791120169.8724,4960,1248,54468,306000000,1728000
1791120169.9225,4960,1248,54593,306000000,1728000
1791120169.9726,4960,1256,54437,306000000,1728000
1791120170.0227,4960,1248,54531,306000000,1728000
1791120170.0728,4960,1248,54562,306000000,1728000
1791120170.1229,4960,1240,54562,306000000,1728000
1791120170.1730,4960,1248,54625,306000000,1728000
1791120170.2231,4960,1240,54531,306000000,1036800
1791120170.2732,4960,1248,54562,306000000,1728000
1791120170.3233,4960,1256,54468,306000000,1113600
1791120170.3733,4960,1248,54562,306000000,1728000
1791120170.4234,4960,1248,54531,306000000,1728000
1791120170.4735,4960,1248,54531,306000000,960000
1791120170.5236,4960,1248,54593,306000000,1728000
1791120170.5737,4960,1240,54500,306000000,1728000
1791120170.6238,4960,1240,54625,306000000,1728000
1791120170.6739,4960,1240,54500,306000000,1728000
1791120170.7239,4960,1240,54562,306000000,1728000
1791120170.7740,4960,1232,54531,306000000,1728000
1791120170.8241,4960,1232,54562,306000000,1728000
1791120170.8742,4960,1248,54531,306000000,1728000
1791120170.9243,4960,1256,54531,306000000,1728000
1791120170.9744,4960,1248,54625,306000000,1728000
1791120171.0245,4960,1248,54531,306000000,1728000
1791120171.0745,4960,1248,54593,306000000,1728000
1791120171.1246,4960,1248,54531,306000000,1728000
1791120171.1747,4960,1240,54593,306000000,1036800
1791120171.2247,4960,1240,54562,306000000,1728000
1791120171.2748,4960,1240,54593,306000000,1036800
1791120171.3249,4960,1240,54531,306000000,1728000
1791120171.3749,4960,1232,54468,306000000,1036800
1791120171.4250,4960,1248,54625,306000000,1728000
1791120171.4751,4960,1248,54531,306000000,1728000
1791120171.5252,4960,1248,54687,306000000,1036800
1791120171.5753,4960,1248,54562,306000000,1728000
1791120171.6254,4960,1248,54562,306000000,1728000
1791120171.6754,4960,1248,54500,306000000,1728000
1791120171.7255,4960,1240,54625,306000000,1113600
1791120171.7756,4960,1240,54562,306000000,1728000
1791120171.8257,4960,1240,54562,306000000,1728000
1791120171.8757,4960,1240,54656,306000000,1728000
1791120171.9258,4960,1240,54500,306000000,1113600
1791120171.9759,4960,1256,54656,306000000,1267200
1791120172.0260,4960,1264,54531,306000000,1728000
1791120172.0761,4960,1256,54593,306000000,1728000
1791120172.1262,4960,1256,54562,306000000,1728000
1791120172.1762,4960,1248,54562,306000000,1036800
1791120172.2263,4960,1248,54562,306000000,1728000
1791120172.2764,4960,1240,54656,306000000,1728000
1791120172.3265,4960,1240,54625,306000000,1728000
1791120172.3766,4960,1240,54531,306000000,1728000
1791120172.4267,4960,1240,54656,306000000,1728000
1791120172.4767,4960,1232,54562,306000000,1728000
1791120172.5268,4960,1248,54625,306000000,960000
1791120172.5769,4960,1240,54562,306000000,1728000
1791120172.6271,4960,1248,54593,306000000,1728000
1791120172.6771,4960,1240,54500,306000000,1728000
1791120172.7272,4960,1240,54531,306000000,960000
1791120172.7773,4960,1240,54625,306000000,1728000
1791120172.8274,4960,1240,54562,306000000,1728000
1791120172.8775,4960,1240,54593,306000000,1728000
1791120172.9276,4960,1232,54562,306000000,1728000
1791120172.9777,4960,1248,54656,306000000,1728000
1791120173.0277,4960,1232,54562,306000000,1728000
1791120173.0778,4960,1240,54531,306000000,1728000
1791120173.1279,4960,1256,54468,306000000,1728000
1791120173.1780,4960,1248,54562,306000000,1728000
1791120173.2281,4960,1248,54625,306000000,1728000
1791120173.2782,4960,1240,54531,306000000,1728000
1791120173.3283,4960,1248,54562,306000000,1728000
1791120173.3784,4960,1240,54531,306000000,1728000
1791120173.4285,4960,1240,54625,306000000,1728000
1791120173.4786,4960,1240,54531,306000000,1728000
1791120173.5287,4960,1240,54625,306000000,1036800
1791120173.5788,4960,1240,54562,306000000,1728000
1791120173.6289,4960,1240,54593,306000000,1267200
1791120173.6790,4960,1256,54562,306000000,1344000
1791120173.7291,4960,1248,54500,306000000,1728000
1791120173.7792,4960,1248,54656,306000000,1728000
1791120173.8292,4960,1240,54562,306000000,1036800
1791120173.8793,4960,1248,54656,306000000,1728000
1791120173.9294,4960,1240,54593,306000000,1728000
1791120173.9795,4960,1240,54593,306000000,1113600
1791120174.0296,4960,1240,54500,306000000,1728000
1791120174.0797,4960,1240,54531,306000000,1728000
1791120174.1298,4960,1232,54500,306000000,1728000
1791120174.1798,4960,1240,54531,306000000,1728000
1791120174.2299,4960,1248,54593,306000000,1728000
1791120174.2800,4960,1248,54531,306000000,1728000
1791120174.3301,4960,1248,54687,306000000,1728000
1791120174.3802,4960,1248,54562,306000000,1113600
1791120174.4303,4960,1240,54625,306000000,1728000
1791120174.4803,4960,1248,54531,306000000,1728000
1791120174.5304,4960,1248,54562,306000000,1728000
1791120174.5805,4960,1248,54562,306000000,1728000
1791120174.6306,4960,1248,54562,306000000,1728000
1791120174.6807,4960,1248,54718,306000000,1728000
1791120174.7308,4960,1248,54562,306000000,1190400
1791120174.7809,4960,1256,54687,306000000,1728000
1791120174.8310,4960,1256,54562,306000000,1190400
1791120174.8811,4960,1256,54593,306000000,1728000
1791120174.9312,4960,1256,54500,306000000,1113600
1791120174.9812,4960,1256,54593,306000000,1728000
1791120175.0314,4960,1256,54562,306000000,1728000
1791120175.0815,4960,1256,54656,306000000,1728000
1791120175.1316,4960,1256,54750,306000000,1728000
1791120175.1817,4960,1248,54531,306000000,1728000
1791120175.2317,4960,1248,54656,306000000,1728000
1791120175.2818,4960,1248,54593,306000000,1728000
1791120175.3319,4960,1256,54718,306000000,1497600
1791120175.3820,4960,1264,54531,306000000,1728000
1791120175.4321,4960,1256,54562,306000000,1728000
1791120175.4822,4960,1256,54562,306000000,1728000
1791120175.5323,4960,1248,54562,306000000,1728000
1791120175.5824,4960,1248,54625,306000000,1728000
1791120175.6324,4960,1248,54593,306000000,1728000
1791120175.6825,4960,1240,54656,306000000,1728000
1791120175.7326,4960,1240,54562,306000000,1728000
1791120175.7827,4960,1248,54656,306000000,1728000
1791120175.8328,4960,1248,54468,306000000,1728000
1791120175.8829,4960,1272,54656,306000000,1728000
1791120175.9330,4960,1280,54562,306000000,1728000
1791120175.9830,4960,1280,54593,306000000,1267200
1791120176.0331,4960,1280,54687,306000000,1728000
1791120176.0832,4960,1280,54562,306000000,1728000
1791120176.1333,4960,1280,54656,306000000,1728000
1791120176.1834,4960,1272,54593,306000000,1728000
1791120176.2335,4960,1264,54625,306000000,1113600
1791120176.2836,4960,1264,54593,306000000,1728000
1791120176.3336,4960,1256,54625,306000000,1728000
1791120176.3837,4960,1256,54562,306000000,1728000
1791120176.4338,4960,1256,54562,306000000,1728000
1791120176.4839,4960,1264,54593,306000000,1728000
1791120176.5340,4960,1264,54531,306000000,1728000
1791120176.5841,4960,1264,54625,306000000,1728000
1791120176.6342,4960,1264,54562,306000000,1728000
1791120176.6843,4960,1256,54625,306000000,1728000
1791120176.7344,4960,1256,54562,306000000,1728000
1791120176.7844,4960,1256,54625,306000000,1728000
1791120176.8345,4960,1248,54562,306000000,1728000
1791120176.8846,4960,1248,54687,306000000,1728000
1791120176.9347,4960,1248,54562,306000000,1728000
1791120176.9848,4960,1248,54593,306000000,1728000
1791120177.0349,4960,1264,54687,306000000,1420800
1791120177.0850,4960,1264,54562,306000000,1728000
1791120177.1351,4960,1264,54656,306000000,1728000
1791120177.1851,4960,1248,54562,306000000,1728000
1791120177.2352,4960,1256,54687,306000000,1728000
1791120177.2853,4960,1248,54468,306000000,1728000
1791120177.3354,4960,1248,54562,306000000,1728000
1791120177.3855,4960,1240,54468,306000000,1728000
1791120177.4355,4960,1240,54625,306000000,1113600
1791120177.4856,4960,1240,54750,306000000,1728000
1791120177.5357,4960,1240,54593,306000000,1728000
1791120177.5858,4960,1248,54718,306000000,1728000
1791120177.6359,4960,1256,54593,306000000,1036800
1791120177.6860,4960,1256,54562,306000000,1728000
1791120177.7361,4960,1248,54562,306000000,1728000
1791120177.7862,4960,1248,54562,306000000,1728000
1791120177.8362,4960,1240,54531,306000000,960000
1791120177.8863,4960,1240,54593,306000000,1728000
1791120177.9364,4960,1240,54718,306000000,1728000
1791120177.9865,4960,1248,54562,306000000,1728000
1791120178.0366,4960,1240,54687,306000000,1728000
1791120178.0866,4960,1248,54593,306000000,1190400
1791120178.1367,4960,1264,54718,306000000,1267200
1791120178.1868,4960,1256,54531,306000000,1728000
1791120178.2369,4960,1264,54562,306000000,1728000
1791120178.2871,4960,1256,54593,306000000,1728000
1791120178.3371,4960,1248,54593,306000000,1728000
1791120178.3872,4960,1248,54718,306000000,1728000
1791120178.4373,4960,1240,54625,306000000,1728000
1791120178.4874,4960,1240,54687,306000000,1728000
1791120178.5375,4960,1240,54531,306000000,1113600
1791120178.5876,4960,1232,54687,306000000,1728000
1791120178.6376,4960,1240,54562,306000000,1728000
1791120178.6877,4960,1248,54625,306000000,1728000
1791120178.7379,4960,1256,54562,306000000,1728000
1791120178.7879,4960,1256,54625,306000000,1728000
1791120178.8380,4960,1248,54718,306000000,1728000
1791120178.8881,4960,1256,54562,306000000,883200
1791120178.9382,4960,1248,54718,306000000,1728000
1791120178.9883,4960,1248,54687,306000000,1728000
1791120179.0384,4960,1240,54718,306000000,1728000
1791120179.0885,4960,1240,54562,306000000,1728000
1791120179.1386,4960,1248,54625,306000000,1728000
1791120179.1887,4960,1240,54593,306000000,1728000
1791120179.2388,4960,1248,54593,306000000,1420800
1791120179.2888,4960,1256,54562,306000000,960000
1791120179.3389,4960,1256,54625,306000000,1728000
1791120179.3890,4960,1248,54656,306000000,1728000
1791120179.4391,4960,1256,54562,306000000,1728000
1791120179.4892,4960,1248,54687,306000000,1728000
1791120179.5393,4960,1248,54625,306000000,1728000
1791120179.5893,4960,1248,54656,306000000,1728000
1791120179.6394,4960,1240,54562,306000000,960000
1791120179.6895,4960,1240,54718,306000000,1728000
1791120179.7396,4960,1240,54562,306000000,1728000
1791120179.7897,4960,1248,54625,306000000,1728000
1791120179.8398,4960,1256,54718,306000000,1728000
1791120179.8899,4960,1256,54625,306000000,1728000
1791120179.9400,4960,1256,54718,306000000,1728000
1791120179.9900,4960,1248,54562,306000000,1728000
1791120180.0401,4960,1248,54687,306000000,1728000
1791120180.0902,4960,1240,54531,306000000,1728000
1791120180.1403,4960,1248,54562,306000000,1267200
1791120180.1904,4960,1248,54468,306000000,1728000
1791120180.2405,4960,1240,54625,306000000,960000
1791120180.2906,4960,1248,54687,306000000,1728000
1791120180.3407,4960,1240,54593,306000000,1728000
1791120180.3908,4960,1256,54656,306000000,1497600
1791120180.4409,4960,1256,54562,306000000,1728000
1791120180.4909,4960,1256,54656,306000000,1728000
1791120180.5410,4960,1248,54656,306000000,1728000
1791120180.5911,4960,1248,54625,306000000,1728000
1791120180.6412,4960,1240,54562,306000000,1728000
1791120180.6913,4960,1248,54593,306000000,1113600
1791120180.7414,4960,1248,54562,306000000,1728000
1791120180.7915,4960,1240,54562,306000000,1728000
1791120180.8416,4960,1248,54718,306000000,1728000
1791120180.8916,4960,1232,54531,306000000,1728000
1791120180.9417,4960,1248,54656,306000000,1728000
1791120180.9918,4960,1248,54562,306000000,1728000
1791120181.0419,4960,1248,54687,306000000,1113600
1791120181.0920,4960,1248,54531,306000000,1728000
1791120181.1421,4960,1240,54625,306000000,1728000
1791120181.1922,4960,1256,54531,306000000,1728000
1791120181.2422,4960,1248,54562,306000000,1036800
1791120181.2923,4960,1248,54656,306000000,1728000
1791120181.3424,4960,1240,54656,306000000,1728000
1791120181.3925,4960,1240,54656,306000000,1728000
1791120181.4426,4960,1240,54593,306000000,1728000
1791120181.4927,4960,1248,54625,306000000,1728000
1791120181.5428,4960,1248,54562,306000000,1036800
1791120181.5929,4960,1248,54625,306000000,1728000
1791120181.6430,4960,1240,54531,306000000,1728000
1791120181.6931,4960,1248,54562,306000000,1728000
1791120181.7432,4960,1240,54656,306000000,1728000
1791120181.7932,4960,1240,54593,306000000,1728000
1791120181.8433,4960,1240,54656,306000000,1728000
1791120181.8934,4960,1232,54562,306000000,1728000
1791120181.9435,4960,1240,54625,306000000,1728000
1791120181.9936,4960,1232,54562,306000000,1728000
1791120182.0437,4960,1248,54656,306000000,1728000
1791120182.0938,4960,1248,54562,306000000,1036800
1791120182.1439,4960,1248,54562,306000000,1728000
1791120182.1940,4960,1248,54687,306000000,1113600
1791120182.2441,4960,1248,54625,306000000,1728000
1791120182.2942,4960,1256,54687,306000000,1728000
1791120182.3442,4960,1248,54562,306000000,1728000
1791120182.3943,4960,1248,54656,306000000,1728000
1791120182.4444,4960,1240,54562,306000000,1728000
1791120182.4945,4960,1240,54562,306000000,1728000
1791120182.5446,4960,1240,54593,306000000,1728000
1791120182.5947,4960,1248,54593,306000000,1728000
1791120182.6448,4960,1272,54656,306000000,1728000
1791120182.6949,4960,1256,54625,306000000,1728000
1791120182.7450,4960,1256,54718,306000000,1728000
1791120182.7951,4960,1248,54593,306000000,1728000
1791120182.8451,4960,1256,54625,306000000,1728000
1791120182.8952,4960,1240,54562,306000000,1728000
1791120182.9453,4960,1248,54750,306000000,1728000
1791120182.9954,4960,1248,54562,306000000,1728000
1791120183.0455,4960,1240,54656,306000000,1036800
1791120183.0955,4960,1248,54687,306000000,1728000
1791120183.1456,4960,1248,54625,306000000,1728000
1791120183.1958,4960,1264,54718,306000000,1728000
1791120183.2459,4960,1256,54625,306000000,1728000
1791120183.2959,4960,1264,54687,306000000,1728000
1791120183.3460,4960,1248,54625,306000000,1728000
1791120183.3961,4960,1256,54687,306000000,1728000
1791120183.4462,4960,1240,54562,306000000,1728000
1791120183.4962,4960,1248,54625,306000000,1036800
1791120183.5463,4960,1240,54656,306000000,1728000
1791120183.5964,4960,1240,54593,306000000,1036800
1791120183.6465,4960,1232,54625,306000000,1728000
1791120183.6966,4960,1240,54562,306000000,1728000
1791120183.7467,4960,1256,54656,306000000,1420800
1791120183.7968,4960,1256,54500,306000000,1728000
1791120183.8469,4960,1248,54593,306000000,1113600
1791120183.8969,4960,1248,54562,306000000,1728000
1791120183.9470,4960,1248,54625,306000000,1728000
1791120183.9971,4960,1248,54781,306000000,1728000
1791120184.0472,4960,1240,54593,306000000,1036800
1791120184.0973,4960,1240,54750,306000000,1728000
1791120184.1473,4960,1232,54593,306000000,1728000
1791120184.1974,4960,1232,54625,306000000,1728000
1791120184.2475,4960,1232,54593,306000000,1728000
1791120184.2976,4960,1248,54656,306000000,1728000
1791120184.3477,4960,1248,54593,306000000,1728000
1791120184.3978,4960,1248,54687,306000000,1728000
1791120184.4479,4960,1248,54593,306000000,1728000
1791120184.4980,4960,1248,54625,306000000,1728000
1791120184.5481,4960,1248,54718,306000000,1728000
1791120184.5982,4960,1248,54562,306000000,1728000
1791120184.6483,4960,1248,54781,306000000,1728000
1791120184.6984,4960,1256,54562,306000000,1728000
1791120184.7484,4960,1240,54562,306000000,1728000
1791120184.7985,4960,1248,54593,306000000,1728000
1791120184.8486,4960,1248,54562,306000000,1728000
1791120184.8987,4960,1256,54593,306000000,1728000
1791120184.9488,4960,1248,54656,306000000,1728000
1791120184.9988,4960,1256,54687,306000000,1728000
1791120185.0489,4960,1240,54562,306000000,1728000
1791120185.0990,4960,1248,54718,306000000,1728000
1791120185.1491,4960,1240,54562,306000000,1728000
1791120185.1992,4960,1240,54687,306000000,1728000
1791120185.2493,4960,1240,54531,306000000,1728000
1791120185.2994,4960,1248,54625,306000000,1728000
1791120185.3494,4960,1240,54625,306000000,1728000
1791120185.3995,4960,1248,54625,306000000,1728000
1791120185.4496,4960,1248,54750,306000000,1728000
1791120185.4997,4960,1256,54562,306000000,1728000
1791120185.5498,4960,1248,54718,306000000,1728000
1791120185.5999,4960,1240,54656,306000000,1728000
1791120185.6500,4960,1240,54656,306000000,1728000
1791120185.7001,4960,1240,54562,306000000,960000
1791120185.7502,4960,1240,54687,306000000,1728000
1791120185.8002,4960,1232,54593,306000000,1728000
1791120185.8503,4960,1240,54625,306000000,1728000
1791120185.9004,4960,1232,54718,306000000,1728000
1791120185.9505,4960,1240,54562,306000000,1728000
1791120186.0006,4960,1240,54687,306000000,1728000
1791120186.0507,4960,1248,54593,306000000,1728000
1791120186.1008,4960,1240,54656,306000000,1728000
1791120186.1508,4960,1248,54562,306000000,1036800
1791120186.2009,4960,1240,54656,306000000,1728000
1791120186.2510,4960,1240,54531,306000000,1113600
1791120186.3011,4960,1248,54656,306000000,1267200
1791120186.3512,4960,1248,54750,306000000,1728000
1791120186.4013,4960,1248,54656,306000000,883200
1791120186.4514,4960,1240,54718,306000000,1728000
1791120186.5015,4960,1240,54625,306000000,1190400
1791120186.5516,4960,1256,54687,306000000,1728000
1791120186.6016,4960,1256,54593,306000000,1728000
1791120186.6517,4960,1256,54625,306000000,1728000
1791120186.7018,4960,1248,54625,306000000,1728000
1791120186.7519,4960,1256,54625,306000000,1728000
1791120186.8020,4960,1256,54718,306000000,1728000
1791120186.8520,4960,1248,54625,306000000,1036800
1791120186.9021,4960,1248,54718,306000000,1728000
1791120186.9522,4960,1248,54562,306000000,1728000
1791120187.0023,4960,1248,54625,306000000,1728000
1791120187.0524,4960,1240,54562,306000000,1728000
1791120187.1025,4960,1256,54625,306000000,1728000
1791120187.1526,4960,1256,54562,306000000,960000
1791120187.2026,4960,1248,54656,306000000,1728000
1791120187.2527,4960,1248,54718,306000000,1728000
1791120187.3028,4960,1248,54593,306000000,1728000
1791120187.3529,4960,1248,54718,306000000,1728000
1791120187.4030,4960,1248,54593,306000000,1728000
1791120187.4531,4960,1240,54656,306000000,1728000
1791120187.5032,4960,1248,54562,306000000,1728000
1791120187.5532,4960,1248,54687,306000000,1728000
1791120187.6033,4960,1240,54593,306000000,1728000
1791120187.6534,4960,1256,54687,306000000,1728000
1791120187.7035,4960,1256,54625,306000000,1728000
1791120187.7536,4960,1256,54687,306000000,1728000
1791120187.8037,4960,1248,54687,306000000,1728000
1791120187.8537,4960,1248,54562,306000000,1728000
1791120187.9038,4960,1248,54656,306000000,1728000
1791120187.9539,4960,1248,54625,306000000,1036800
1791120188.0040,4960,1248,54656,306000000,960000
1791120188.0541,4960,1240,54625,306000000,1728000
1791120188.1042,4960,1240,54625,306000000,1728000
1791120188.1543,4960,1248,54562,306000000,1190400
1791120188.2044,4960,1248,54593,306000000,1267200
1791120188.2545,4960,1264,54781,306000000,1728000
1791120188.3046,4960,1264,54625,306000000,1344000
1791120188.3548,4960,1272,54718,306000000,1344000
1791120188.4049,4960,1272,54656,306000000,1190400
1791120188.4550,4960,1272,54625,306000000,1267200
1791120188.5051,4960,1272,54531,306000000,1036800
1791120188.5552,4960,1264,54687,306000000,1728000
1791120188.6053,4960,1256,54593,306000000,1036800
1791120188.6554,4960,1264,54625,306000000,1728000
1791120188.7055,4960,1256,54750,306000000,1728000
1791120188.7556,4960,1264,54625,306000000,1728000
1791120188.8057,4960,1272,54718,306000000,1728000
1791120188.8558,4960,1272,54593,306000000,1728000
1791120188.9059,4960,1272,54656,306000000,1728000
1791120188.9560,4960,1280,54593,306000000,1190400
1791120189.0061,4960,1280,54687,306000000,1728000
1791120189.0562,4960,1272,54562,306000000,1728000
1791120189.1063,4960,1272,54656,306000000,960000
1791120189.1564,4960,1264,54562,306000000,1267200
1791120189.2065,4960,1256,54562,306000000,1190400
1791120189.2566,4960,1264,54750,306000000,1728000
1791120189.3067,4960,1264,54593,306000000,1267200
1791120189.3568,4960,1272,54718,306000000,1113600
1791120189.4070,4960,1280,54593,306000000,1267200
1791120189.4571,4960,1280,54687,306000000,1728000
1791120189.5071,4960,1264,54562,306000000,1190400
1791120189.5572,4960,1272,54656,306000000,1728000
1791120189.6073,4960,1264,54593,306000000,1190400
1791120189.6574,4960,1264,54625,306000000,1113600
1791120189.7075,4960,1264,54718,306000000,1728000
1791120189.7576,4960,1256,54625,306000000,1728000
1791120189.8077,4960,1256,54687,306000000,1728000
1791120189.8578,4960,1256,54625,306000000,1728000
1791120189.9079,4960,1272,54718,306000000,1728000
1791120189.9580,4960,1272,54625,306000000,1190400
1791120190.0081,4960,1272,54656,306000000,1728000
1791120190.0581,4960,1264,54625,306000000,1728000
1791120190.1082,4960,1264,54625,306000000,1728000
1791120190.1583,4960,1264,54718,306000000,1728000
1791120190.2084,4960,1264,54625,306000000,1728000
1791120190.2585,4960,1264,54656,306000000,1190400
1791120190.3086,4960,1264,54593,306000000,1728000
1791120190.3587,4960,1256,54687,306000000,1728000
1791120190.4088,4960,1256,54593,306000000,1728000
1791120190.4589,4960,1280,54687,306000000,1728000
1791120190.5090,4960,1288,54593,306000000,1728000
1791120190.5591,4960,1280,54593,306000000,1728000
1791120190.6092,4960,1280,54656,306000000,1113600
1791120190.6593,4960,1280,54562,306000000,1728000
1791120190.7094,4960,1272,54687,306000000,1728000
1791120190.7594,4960,1272,54625,306000000,1728000
1791120190.8095,4960,1264,54687,306000000,1728000
1791120190.8596,4960,1264,54593,306000000,1728000
1791120190.9097,4960,1264,54687,306000000,1267200
1791120190.9598,4960,1256,54562,306000000,1728000
1791120191.0099,4960,1264,54656,306000000,1728000
1791120191.0600,4960,1280,54687,306000000,1728000
1791120191.1101,4960,1280,54593,306000000,1190400
1791120191.1602,4960,1264,54718,306000000,1728000
1791120191.2103,4960,1264,54656,306000000,1113600
1791120191.2604,4960,1264,54718,306000000,1728000
1791120191.3105,4960,1256,54625,306000000,1728000
1791120191.3606,4960,1264,54625,306000000,1728000
1791120191.4107,4960,1256,54625,306000000,1728000
1791120191.4608,4960,1264,54656,306000000,1728000
1791120191.5109,4960,1264,55000,306000000,1728000
1791120191.5610,4960,1264,54812,306000000,1728000
1791120191.6111,4960,1280,55062,306000000,1728000
1791120191.6612,4960,1272,54812,306000000,1728000
1791120191.7113,4960,1288,54656,306000000,1728000
1791120191.7614,4960,1296,54593,306000000,1420800
1791120191.8115,4960,1296,54593,306000000,1728000
1791120191.8616,4960,1296,54625,306000000,1728000
1791120191.9116,4960,1296,54687,306000000,1728000
1791120191.9618,4960,1288,54562,306000000,1728000
1791120192.0118,4960,1288,54625,306000000,1728000
1791120192.0619,4960,1288,54656,306000000,1728000
1791120192.1120,4960,1296,54593,306000000,1728000
1791120192.1621,4960,1296,54687,306000000,1728000
1791120192.2122,4960,1296,54593,306000000,1728000
1791120192.2623,4960,1288,54593,306000000,1728000
1791120192.3124,4960,1280,54625,306000000,1728000
1791120192.3625,4960,1280,54656,306000000,1728000
1791120192.4126,4960,1272,54625,306000000,1728000
1791120192.4627,4960,1272,54718,306000000,1267200
1791120192.5128,4960,1280,54718,306000000,1728000
1791120192.5629,4960,1272,54593,306000000,1728000
1791120192.6129,4960,1272,54718,306000000,1728000
1791120192.6631,4960,1264,54625,306000000,1267200
1791120192.7132,4960,1288,54718,306000000,1190400
1791120192.7633,4960,1272,54562,306000000,1728000
1791120192.8134,4960,1272,54593,306000000,1728000
1791120192.8634,4960,1256,54593,306000000,1113600
1791120192.9135,4960,1256,54687,306000000,1728000
1791120192.9636,4960,1248,54750,306000000,1728000
1791120193.0137,4960,1256,54687,306000000,1728000
1791120193.0638,4960,1248,54781,306000000,1728000
1791120193.1139,4960,1248,54593,306000000,1728000
1791120193.1639,4960,1248,54656,306000000,1728000
1791120193.2140,4960,1248,54593,306000000,1728000
1791120193.2641,4960,1256,54687,306000000,1728000
1791120193.3142,4960,1256,54562,306000000,1728000
1791120193.3643,4960,1248,54656,306000000,1728000
1791120193.4144,4960,1256,54718,306000000,1728000
1791120193.4644,4960,1248,54593,306000000,1728000
1791120193.5145,4960,1256,54781,306000000,1728000
1791120193.5646,4960,1256,54593,306000000,1728000
1791120193.6147,4960,1248,54718,306000000,1036800
1791120193.6648,4960,1248,54656,306000000,1728000
1791120193.7149,4960,1248,54593,306000000,1728000
1791120193.7650,4960,1248,54593,306000000,1728000
1791120193.8151,4960,1248,54687,306000000,1728000
1791120193.8652,4960,1256,54593,306000000,1728000
1791120193.9153,4960,1248,54562,306000000,1728000
1791120193.9654,4960,1248,54843,306000000,1728000
1791120194.0154,4960,1248,54687,306000000,1728000
1791120194.0655,4960,1248,54718,306000000,1728000
1791120194.1156,4960,1248,54625,306000000,1728000
1791120194.1657,4960,1240,54750,306000000,1728000
1791120194.2158,4960,1248,54562,306000000,1036800
1791120194.2659,4960,1248,54750,306000000,1728000
1791120194.3160,4960,1240,54593,306000000,1728000
1791120194.3661,4960,1256,54656,306000000,1113600
1791120194.4161,4960,1256,54750,306000000,1728000
1791120194.4662,4960,1256,54656,306000000,1728000
1791120194.5163,4960,1264,54687,306000000,1728000
1791120194.5664,4960,1256,54656,306000000,1728000
1791120194.6165,4960,1264,54656,306000000,1728000
1791120194.6666,4960,1256,54562,306000000,1728000
1791120194.7167,4960,1256,54625,306000000,1728000
1791120194.7668,4960,1264,54625,306000000,1728000
1791120194.8169,4960,1248,54625,306000000,1728000
1791120194.8669,4960,1256,54750,306000000,1728000
1791120194.9170,4960,1264,54593,306000000,1728000
1791120194.9671,4960,1272,54687,306000000,1728000
1791120195.0172,4960,1264,54562,306000000,1728000
1791120195.0674,4960,1256,54656,306000000,1728000
1791120195.1175,4960,1256,54625,306000000,1728000
1791120195.1675,4960,1248,54718,306000000,1728000
1791120195.2176,4960,1256,54593,306000000,1728000
1791120195.2677,4960,1248,54656,306000000,1728000
1791120195.3178,4960,1256,54750,306000000,1728000
1791120195.3679,4960,1248,54656,306000000,1728000
1791120195.4180,4960,1248,54718,306000000,1728000
1791120195.4681,4960,1248,54531,306000000,1190400
1791120195.5182,4960,1256,54718,306000000,1728000
1791120195.5683,4960,1256,54531,306000000,1728000
1791120195.6184,4960,1256,54625,306000000,1728000
1791120195.6685,4960,1248,54656,306000000,1728000
1791120195.7185,4960,1248,54687,306000000,1113600
1791120195.7686,4960,1248,54781,306000000,1728000
1791120195.8187,4960,1240,54625,306000000,1728000
1791120195.8688,4960,1240,54687,306000000,1728000
1791120195.9189,4960,1232,54625,306000000,1728000
1791120195.9689,4960,1240,54718,306000000,1728000
1791120196.0191,4960,1232,54593,306000000,1190400
1791120196.0692,4960,1256,54656,306000000,1728000
1791120196.1192,4960,1248,54625,306000000,1728000
1791120196.1693,4960,1248,54750,306000000,1728000
1791120196.2194,4960,1248,54687,306000000,1728000
1791120196.2695,4960,1248,54593,306000000,1036800
1791120196.3196,4960,1248,54750,306000000,1728000
1791120196.3696,4960,1240,54625,306000000,1728000
1791120196.4197,4960,1248,54656,306000000,1728000
1791120196.4698,4960,1248,54593,306000000,1728000
1791120196.5199,4960,1240,54656,306000000,1728000
1791120196.5700,4960,1248,54562,306000000,1728000
1791120196.6201,4960,1256,54656,306000000,1728000
1791120196.6701,4960,1264,54593,306000000,1728000
1791120196.7202,4960,1264,54625,306000000,1728000
1791120196.7703,4960,1256,54687,306000000,1728000
1791120196.8204,4960,1264,54625,306000000,1728000
1791120196.8705,4960,1264,54718,306000000,1728000
1791120196.9206,4960,1264,54593,306000000,1728000
1791120196.9706,4960,1264,54687,306000000,1728000
1791120197.0207,4960,1264,54625,306000000,1728000
1791120197.0708,4960,1272,54625,306000000,1728000
1791120197.1209,4960,1272,54625,306000000,1728000
1791120197.1710,4960,1280,54562,306000000,1344000
1791120197.2211,4960,1288,54687,306000000,1728000
1791120197.2712,4960,1288,54593,306000000,1728000
1791120197.3213,4960,1288,54656,306000000,1728000
1791120197.3714,4960,1280,54625,306000000,1728000
1791120197.4214,4960,1280,54687,306000000,1728000
1791120197.4715,4960,1280,54593,306000000,1728000
1791120197.5216,4960,1280,54656,306000000,1728000
1791120197.5717,4960,1280,54593,306000000,1728000
1791120197.6218,4960,1288,54593,306000000,1728000
1791120197.6719,4960,1288,54750,306000000,1728000
1791120197.7220,4960,1288,54562,306000000,1728000
1791120197.7721,4960,1296,54718,306000000,1728000
1791120197.8222,4960,1296,54625,306000000,1728000
1791120197.8722,4960,1288,54593,306000000,1728000
1791120197.9223,4960,1280,54531,306000000,1728000
1791120197.9724,4960,1288,54687,306000000,1728000
1791120198.0225,4960,1288,54562,306000000,1728000
1791120198.0726,4960,1288,54625,306000000,1728000
1791120198.1227,4960,1280,54718,306000000,1728000
1791120198.1727,4960,1272,54656,306000000,1728000
1791120198.2228,4960,1280,54750,306000000,1728000
1791120198.2729,4960,1280,54625,306000000,1728000
1791120198.3231,4960,1280,54781,306000000,1728000
1791120198.3732,4960,1288,54656,306000000,1728000
1791120198.4232,4960,1288,54625,306000000,1728000
1791120198.4733,4960,1280,54562,306000000,1728000
1791120198.5234,4960,1280,54562,306000000,1728000
1791120198.5735,4960,1280,54750,306000000,1728000
1791120198.6236,4960,1288,54593,306000000,1728000
1791120198.6737,4960,1288,54718,306000000,1728000
1791120198.7238,4960,1280,54593,306000000,1728000
1791120198.7739,4960,1280,54687,306000000,1728000
1791120198.8240,4960,1288,54656,306000000,1728000
1791120198.8741,4960,1296,54718,306000000,1190400
1791120198.9242,4960,1288,54625,306000000,1728000
1791120198.9742,4960,1288,54718,306000000,1728000
1791120199.0243,4960,1280,54718,306000000,1728000
1791120199.0744,4960,1280,54625,306000000,1728000
1791120199.1245,4960,1280,54750,306000000,1728000
1791120199.1746,4960,1280,54625,306000000,1728000
1791120199.2247,4960,1280,54750,306000000,1728000
1791120199.2748,4960,1272,54562,306000000,1728000
1791120199.3248,4960,1272,54593,306000000,1728000
1791120199.3749,4960,1280,54593,306000000,1190400
1791120199.4250,4960,1288,54625,306000000,1728000
1791120199.4751,4960,1296,54593,306000000,1728000
1791120199.5252,4960,1288,54625,306000000,1728000
1791120199.5753,4960,1288,54843,306000000,1728000
1791120199.6254,4960,1280,54562,306000000,1728000
1791120199.6755,4960,1280,54656,306000000,1728000
1791120199.7256,4960,1280,54593,306000000,1728000
1791120199.7756,4960,1280,54687,306000000,1728000
1791120199.8257,4960,1272,54593,306000000,1728000
1791120199.8758,4960,1272,54687,306000000,1728000
1791120199.9259,4960,1272,54656,306000000,1728000
1791120199.9760,4960,1280,54656,306000000,1728000
1791120200.0261,4960,1280,54812,306000000,1728000
1791120200.0761,4960,1288,54562,306000000,1728000
1791120200.1262,4960,1288,54718,306000000,1728000
1791120200.1763,4960,1280,54625,306000000,1728000
1791120200.2264,4960,1280,54687,306000000,1728000
1791120200.2765,4960,1280,54593,306000000,1728000
1791120200.3266,4960,1280,54625,306000000,1728000
1791120200.3767,4960,1272,54593,306000000,1728000
1791120200.4267,4960,1280,54593,306000000,1728000
1791120200.4768,4960,1280,54843,306000000,1728000
1791120200.5269,4960,1280,54593,306000000,1728000
1791120200.5770,4960,1280,54718,306000000,1728000
1791120200.6271,4960,1288,54562,306000000,1728000
1791120200.6772,4960,1288,54750,306000000,1728000
1791120200.7273,4960,1288,54593,306000000,1728000
1791120200.7774,4960,1280,54687,306000000,1728000
1791120200.8275,4960,1280,54562,306000000,1728000
1791120200.8776,4960,1280,54625,306000000,1728000
1791120200.9277,4960,1272,54687,306000000,1728000
1791120200.9777,4960,1280,54687,306000000,1728000
1791120201.0278,4960,1272,54812,306000000,1728000
1791120201.0779,4960,1272,54656,306000000,1728000
1791120201.1280,4960,1288,54718,306000000,1728000
1791120201.1782,4960,1288,54593,306000000,1728000
1791120201.2282,4960,1280,54656,306000000,1728000
1791120201.2783,4960,1280,54562,306000000,1728000
1791120201.3284,4960,1280,54687,306000000,1728000
1791120201.3785,4960,1280,54781,306000000,1728000
1791120201.4286,4960,1272,54656,306000000,1728000
1791120201.4786,4960,1272,54812,306000000,1728000
1791120201.5287,4960,1272,54562,306000000,1728000
1791120201.5788,4960,1272,54781,306000000,1728000
1791120201.6289,4960,1280,54593,306000000,1190400
1791120201.6791,4960,1288,54687,306000000,1344000
1791120201.7292,4960,1288,54593,306000000,1728000
1791120201.7793,4960,1288,54625,306000000,1728000
1791120201.8293,4960,1288,54625,306000000,1728000
1791120201.8794,4960,1288,54656,306000000,1728000
1791120201.9295,4960,1280,54812,306000000,1728000
1791120201.9796,4960,1288,54656,306000000,1728000
1791120202.0297,4960,1288,54625,306000000,1728000
1791120202.0797,4960,1288,54593,306000000,1728000
1791120202.1298,4960,1280,54718,306000000,1728000
1791120202.1799,4960,1280,54593,306000000,1728000
1791120202.2300,4960,1296,54718,306000000,1728000
1791120202.2801,4960,1296,54625,306000000,1728000
1791120202.3302,4960,1296,54687,306000000,1728000
1791120202.3803,4960,1288,54750,306000000,1728000
1791120202.4304,4960,1288,54656,306000000,1728000
1791120202.4805,4960,1288,54718,306000000,1728000
1791120202.5306,4960,1280,54593,306000000,1728000
1791120202.5806,4960,1280,54687,306000000,1728000
1791120202.6307,4960,1280,54562,306000000,1728000
1791120202.6808,4960,1272,54687,306000000,1728000
1791120202.7309,4960,1272,54562,306000000,1344000
1791120202.7810,4960,1288,54718,306000000,1344000
1791120202.8311,4960,1280,54781,306000000,1728000
1791120202.8812,4960,1280,54687,306000000,1728000
1791120202.9313,4960,1280,54781,306000000,1728000
1791120202.9814,4960,1280,54687,306000000,1728000
1791120203.0315,4960,1280,54593,306000000,1728000
1791120203.0815,4960,1280,54562,306000000,1728000
1791120203.1316,4960,1288,54687,306000000,1728000
1791120203.1817,4960,1280,54687,306000000,1728000
1791120203.2318,4960,1280,54593,306000000,1728000
1791120203.2819,4960,1272,54781,306000000,1728000
1791120203.3320,4960,1288,54625,306000000,1728000
1791120203.3821,4960,1296,54750,306000000,1728000
1791120203.4321,4960,1288,54562,306000000,1728000
1791120203.4822,4960,1288,54625,306000000,1728000
1791120203.5323,4960,1288,54625,306000000,1728000
1791120203.5824,4960,1280,54718,306000000,1728000
1791120203.6325,4960,1280,54625,306000000,1728000
1791120203.6826,4960,1280,54656,306000000,1728000
1791120203.7327,4960,1280,54718,306000000,1728000
1791120203.7828,4960,1280,54562,306000000,1728000
1791120203.8329,4960,1272,54687,306000000,1728000
1791120203.8830,4960,1280,54593,306000000,1420800
1791120203.9331,4960,1288,54750,306000000,1728000
1791120203.9832,4960,1280,54625,306000000,1728000
1791120204.0333,4960,1280,54656,306000000,1728000
1791120204.0834,4960,1280,54562,306000000,1728000
1791120204.1334,4960,1272,54687,306000000,1728000
1791120204.1835,4960,1272,54843,306000000,1728000
1791120204.2336,4960,1272,54656,306000000,1728000
1791120204.2837,4960,1272,54781,306000000,1728000
1791120204.3338,4960,1272,54625,306000000,1728000
1791120204.3839,4960,1272,54718,306000000,1728000
1791120204.4340,4960,1280,54562,306000000,1728000
1791120204.4841,4960,1280,54718,306000000,1728000
1791120204.5342,4960,1280,54687,306000000,1728000
1791120204.5843,4960,1280,54656,306000000,1728000
1791120204.6344,4960,1272,54562,306000000,1728000
1791120204.6845,4960,1272,54625,306000000,1728000
1791120204.7345,4960,1280,54781,306000000,1728000
1791120204.7847,4960,1280,54656,306000000,1728000
1791120204.8348,4960,1280,54718,306000000,1728000
1791120204.8849,4960,1280,54562,306000000,1728000
1791120204.9349,4960,1288,54718,306000000,1728000
1791120204.9850,4960,1288,54625,306000000,1728000
1791120205.0351,4960,1296,54750,306000000,1728000
1791120205.0852,4960,1296,54593,306000000,1728000
1791120205.1353,4960,1296,54593,306000000,1728000
1791120205.1854,4960,1288,54812,306000000,1728000
1791120205.2355,4960,1288,54718,306000000,1728000
1791120205.2856,4960,1288,54750,306000000,1728000
1791120205.3357,4960,1288,54687,306000000,1728000
1791120205.3857,4960,1288,54718,306000000,1728000
1791120205.4358,4960,1280,54593,306000000,1728000
1791120205.4859,4960,1280,54687,306000000,1728000
1791120205.5360,4960,1280,54625,306000000,1728000
1791120205.5861,4960,1288,54656,306000000,1728000
1791120205.6362,4960,1288,54781,306000000,1728000
1791120205.6863,4960,1288,54656,306000000,1728000
1791120205.7364,4960,1288,54750,306000000,1728000
1791120205.7865,4960,1280,54656,306000000,1728000
1791120205.8366,4960,1288,54687,306000000,1728000
1791120205.8867,4960,1288,54625,306000000,1728000
1791120205.9367,4960,1288,54687,306000000,1728000
1791120205.9868,4960,1272,54562,306000000,1728000
1791120206.0369,4960,1272,54687,306000000,1728000
1791120206.0870,4960,1272,54750,306000000,1728000
1791120206.1371,4960,1288,54687,306000000,1728000
1791120206.1872,4960,1288,54843,306000000,1728000
1791120206.2373,4960,1288,54656,306000000,1728000
1791120206.2873,4960,1288,54781,306000000,1728000
1791120206.3374,4960,1288,54593,306000000,1728000
1791120206.3875,4960,1280,54687,306000000,1728000
1791120206.4376,4960,1280,54562,306000000,1728000
1791120206.4877,4960,1280,54625,306000000,1728000
1791120206.5377,4960,1280,54750,306000000,1728000
1791120206.5878,4960,1280,54562,306000000,1728000
1791120206.6379,4960,1272,54687,306000000,1728000
1791120206.6880,4960,1288,54687,306000000,1728000
1791120206.7381,4960,1288,54718,306000000,1728000
1791120206.7882,4960,1280,54656,306000000,1728000
1791120206.8383,4960,1288,54718,306000000,1344000
1791120206.8884,4960,1288,54562,306000000,1728000
1791120206.9385,4960,1288,54687,306000000,1728000
1791120206.9886,4960,1280,54562,306000000,1728000
1791120207.0387,4960,1288,54625,306000000,1728000
1791120207.0888,4960,1288,54750,306000000,1728000
1791120207.1388,4960,1288,54625,306000000,1728000
1791120207.1889,4960,1280,54750,306000000,1728000
1791120207.2391,4960,1288,54656,306000000,1344000
1791120207.2892,4960,1296,54750,306000000,1728000
1791120207.3392,4960,1304,54656,306000000,1728000
1791120207.3893,4960,1296,54750,306000000,1728000
1791120207.4394,4960,1288,54593,306000000,1728000
1791120207.4895,4960,1288,54687,306000000,1728000
1791120207.5396,4960,1288,54843,306000000,1728000
1791120207.5897,4960,1280,54656,306000000,1728000
1791120207.6398,4960,1288,54750,306000000,1728000
1791120207.6899,4960,1288,54687,306000000,1728000
1791120207.7399,4960,1288,54750,306000000,1728000
1791120207.7900,4960,1288,54593,306000000,1728000
1791120207.8401,4960,1296,54750,306000000,1728000
1791120207.8902,4960,1304,54593,306000000,1728000
1791120207.9403,4960,1304,54687,306000000,1728000
1791120207.9904,4960,1288,54781,306000000,1728000
1791120208.0405,4960,1288,54687,306000000,1728000
1791120208.0906,4960,1296,54781,306000000,1728000
1791120208.1407,4960,1288,54718,306000000,1728000
1791120208.1908,4960,1288,54656,306000000,1728000
1791120208.2408,4960,1288,54656,306000000,1728000
1791120208.2909,4960,1288,54718,306000000,1728000
1791120208.3410,4960,1280,54593,306000000,1344000
1791120208.3911,4960,1296,54687,306000000,1420800
1791120208.4412,4960,1296,54812,306000000,1728000
1791120208.4913,4960,1288,54656,306000000,1728000
1791120208.5414,4960,1288,54812,306000000,1728000
1791120208.5915,4960,1288,54687,306000000,1728000
1791120208.6416,4960,1288,54781,306000000,1728000
1791120208.6917,4960,1280,54625,306000000,1728000
1791120208.7417,4960,1288,54656,306000000,1728000
1791120208.7918,4960,1288,54625,306000000,1728000
1791120208.8419,4960,1288,54687,306000000,1728000
1791120208.8920,4960,1296,54625,306000000,1728000
1791120208.9421,4960,1304,54687,306000000,1728000
1791120208.9922,4960,1312,54750,306000000,1728000
1791120209.0423,4960,1304,54718,306000000,1728000
1791120209.0924,4960,1304,54781,306000000,1728000
1791120209.1424,4960,1304,54625,306000000,1728000
1791120209.1925,4960,1296,54718,306000000,1728000
1791120209.2426,4960,1288,54625,306000000,1728000
1791120209.2927,4960,1288,54718,306000000,1728000
1791120209.3428,4960,1280,54781,306000000,1728000
1791120209.3929,4960,1280,54625,306000000,1728000
1791120209.4430,4960,1280,54750,306000000,1728000
1791120209.4931,4960,1288,54625,306000000,1267200
1791120209.5432,4960,1288,54718,306000000,1728000
1791120209.5943,4960,1296,54625,306000000,1728000
1791120209.6444,4960,1288,54718,306000000,1728000
1791120209.6945,4960,1288,54625,306000000,1728000
1791120209.7445,4960,1288,54718,306000000,1728000
1791120209.7946,4960,1288,54625,306000000,1728000
1791120209.8447,4960,1288,54687,306000000,1728000
1791120209.8948,4960,1288,54687,306000000,1728000
1791120209.9449,4960,1288,54625,306000000,1728000
1791120209.9950,4960,1288,54812,306000000,1728000
1791120210.0451,4960,1296,54687,306000000,1728000
1791120210.0952,4960,1296,54750,306000000,1728000
1791120210.1453,4960,1296,54593,306000000,1728000
1791120210.1953,4960,1288,54687,306000000,1728000
1791120210.2454,4960,1296,54656,306000000,1728000
1791120210.2955,4960,1296,54656,306000000,1728000
1791120210.3456,4960,1288,54656,306000000,1728000
1791120210.3957,4960,1288,54718,306000000,1728000
1791120210.4458,4960,1288,54750,306000000,1728000
1791120210.4959,4960,1280,54750,306000000,1728000
1791120210.5460,4960,1280,54750,306000000,1728000
1791120210.5961,4960,1280,54625,306000000,1728000
1791120210.6462,4960,1288,54781,306000000,1728000
1791120210.6963,4960,1288,54625,306000000,1728000
1791120210.7463,4960,1288,54718,306000000,1728000
1791120210.7964,4960,1280,54812,306000000,1728000
1791120210.8465,4960,1288,54656,306000000,1728000
1791120210.8966,4960,1296,54750,306000000,1728000
1791120210.9467,4960,1312,54625,306000000,1728000
1791120210.9968,4960,1320,54750,306000000,1728000
1791120211.0469,4960,1320,54625,306000000,1728000
1791120211.0970,4960,1320,54625,306000000,1728000
1791120211.1471,4960,1328,54687,306000000,1728000
1791120211.1972,4960,1344,54656,306000000,1497600
1791120211.2472,4960,1344,54625,306000000,1728000
1791120211.2973,4960,1336,54718,306000000,1728000
1791120211.3474,4960,1320,54812,306000000,1728000
1791120211.3975,4960,1320,54625,306000000,1728000
1791120211.4476,4960,1320,54781,306000000,1728000
1791120211.4977,4960,1312,54625,306000000,1728000
1791120211.5477,4960,1304,54812,306000000,1728000
1791120211.5978,4960,1304,54625,306000000,1728000
1791120211.6479,4960,1296,54656,306000000,1728000
1791120211.6980,4960,1288,54593,306000000,1344000
1791120211.7481,4960,1304,54687,306000000,1728000
1791120211.7982,4960,1296,54656,306000000,1728000
1791120211.8483,4960,1288,54687,306000000,1728000
1791120211.8984,4960,1288,54781,306000000,1728000
1791120211.9484,4960,1288,54656,306000000,1728000
1791120211.9985,4960,1288,54781,306000000,1420800
1791120212.0486,4960,1280,54625,306000000,1728000
1791120212.0987,4960,1288,54750,306000000,1728000
1791120212.1488,4960,1288,54656,306000000,1728000
1791120212.1989,4960,1280,54687,306000000,1728000
1791120212.2490,4960,1280,54625,306000000,1344000
1791120212.2992,4960,1288,54687,306000000,1420800
1791120212.3492,4960,1288,54781,306000000,1728000
1791120212.3993,4960,1288,54656,306000000,1728000
1791120212.4494,4960,1288,54687,306000000,1728000
1791120212.4995,4960,1288,54656,306000000,1728000
1791120212.5496,4960,1280,54687,306000000,1728000
1791120212.5997,4960,1280,54687,306000000,1728000
1791120212.6497,4960,1280,54687,306000000,1728000
1791120212.6998,4960,1280,54625,306000000,1728000
1791120212.7499,4960,1272,54687,306000000,1728000
1791120212.8000,4960,1272,54781,306000000,1728000
1791120212.8501,4960,1288,54656,306000000,1497600
1791120212.9002,4960,1280,54750,306000000,1728000
1791120212.9503,4960,1280,54687,306000000,1728000
1791120213.0004,4960,1288,54625,306000000,1728000
1791120213.0505,4960,1288,54687,306000000,1728000
1791120213.1006,4960,1288,54656,306000000,1728000
1791120213.1507,4960,1280,54625,306000000,1728000
1791120213.2008,4960,1280,54656,306000000,1728000
1791120213.2508,4960,1288,54781,306000000,1728000
1791120213.3009,4960,1288,54718,306000000,1728000
1791120213.3510,4960,1280,54750,306000000,1728000
1791120213.4011,4960,1288,54656,306000000,1728000
1791120213.4513,4960,1304,54781,306000000,1728000
1791120213.5014,4960,1296,54625,306000000,1728000
1791120213.5515,4960,1288,54718,306000000,1728000
1791120213.6016,4960,1296,54562,306000000,1728000
1791120213.6517,4960,1288,54718,306000000,1728000
1791120213.7018,4960,1280,54718,306000000,1728000
1791120213.7518,4960,1280,54687,306000000,1728000
1791120213.8019,4960,1280,54781,306000000,1728000
1791120213.8520,4960,1280,54687,306000000,1728000
1791120213.9021,4960,1280,54812,306000000,1728000
1791120213.9522,4960,1280,54687,306000000,1728000
1791120214.0023,4960,1296,54718,306000000,1728000
1791120214.0524,4960,1296,54656,306000000,1728000
1791120214.1024,4960,1296,54718,306000000,1728000
1791120214.1525,4960,1296,54843,306000000,1728000
1791120214.2026,4960,1296,54718,306000000,1728000
1791120214.2527,4960,1288,54750,306000000,1728000
1791120214.3028,4960,1280,54656,306000000,1728000
1791120214.3528,4960,1280,54750,306000000,1728000
1791120214.4029,4960,1280,54687,306000000,1036800
1791120214.4530,4960,1272,54687,306000000,1728000
1791120214.5031,4960,1280,54656,306000000,1344000
1791120214.5532,4960,1296,54656,306000000,1728000
1791120214.6033,4960,1288,54625,306000000,1728000
1791120214.6534,4960,1280,54625,306000000,1728000
1791120214.7034,4960,1280,54750,306000000,1728000
1791120214.7535,4960,1280,54687,306000000,1728000
1791120214.8036,4960,1272,54750,306000000,1728000
1791120214.8537,4960,1272,54687,306000000,1728000
1791120214.9038,4960,1272,54750,306000000,1728000
1791120214.9538,4960,1264,54687,306000000,1728000
1791120215.0039,4960,1272,54687,306000000,1728000
1791120215.0540,4960,1280,54625,306000000,1190400
1791120215.1041,4960,1288,54656,306000000,1728000
1791120215.1542,4960,1288,54781,306000000,1728000
1791120215.2043,4960,1296,54656,306000000,1728000
1791120215.2544,4960,1288,54750,306000000,1728000
1791120215.3045,4960,1288,54593,306000000,1728000
1791120215.3545,4960,1288,54656,306000000,1728000
1791120215.4046,4960,1288,54656,306000000,1728000
1791120215.4547,4960,1288,54750,306000000,1728000
1791120215.5048,4960,1280,54562,306000000,1728000
1791120215.5549,4960,1280,54687,306000000,1728000
1791120215.6050,4960,1280,54750,306000000,1728000
1791120215.6551,4960,1288,54687,306000000,1267200
1791120215.7052,4960,1288,54718,306000000,1728000
1791120215.7552,4960,1288,54687,306000000,1728000
1791120215.8053,4960,1296,54781,306000000,1728000
1791120215.8554,4960,1288,54593,306000000,1728000
1791120215.9055,4960,1288,54687,306000000,1728000
1791120215.9556,4960,1288,54593,306000000,1728000
1791120216.0057,4960,1288,54781,306000000,1728000
1791120216.0557,4960,1288,54781,306000000,1728000
1791120216.1058,4960,1288,54656,306000000,1728000
1791120216.1559,4960,1288,54781,306000000,1728000
1791120216.2060,4960,1288,54625,306000000,1728000
1791120216.2561,4960,1296,54750,306000000,1728000
1791120216.3062,4960,1296,54656,306000000,1728000
1791120216.3563,4960,1296,54687,306000000,1728000
1791120216.4064,4960,1296,54593,306000000,1728000
1791120216.4564,4960,1288,54625,306000000,1728000
1791120216.5065,4960,1288,54781,306000000,1728000
1791120216.5566,4960,1288,54750,306000000,1728000
1791120216.6067,4960,1280,54687,306000000,1728000
1791120216.6568,4960,1288,54656,306000000,1728000
1791120216.7069,4960,1288,54718,306000000,1728000
1791120216.7570,4960,1288,54687,306000000,1728000
1791120216.8071,4960,1296,54718,306000000,1728000
1791120216.8572,4960,1296,54625,306000000,1728000
1791120216.9073,4960,1296,54750,306000000,1728000
1791120216.9573,4960,1288,54812,306000000,1728000
1791120217.0074,4960,1280,54656,306000000,1728000
1791120217.0575,4960,1280,54812,306000000,1728000
1791120217.1076,4960,1288,54687,306000000,1728000
1791120217.1577,4960,1296,54718,306000000,1728000
1791120217.2078,4960,1288,54687,306000000,1728000
1791120217.2579,4960,1288,54843,306000000,1728000
1791120217.3080,4960,1296,54687,306000000,1728000
1791120217.3581,4960,1304,54718,306000000,1728000
1791120217.4082,4960,1304,54656,306000000,1728000
1791120217.4582,4960,1296,54750,306000000,1728000
1791120217.5083,4960,1296,54687,306000000,1728000
1791120217.5584,4960,1296,54687,306000000,1728000
1791120217.6085,4960,1280,54781,306000000,1728000
1791120217.6586,4960,1288,54625,306000000,1728000
1791120217.7087,4960,1288,54656,306000000,1728000
1791120217.7588,4960,1288,54625,306000000,1728000
1791120217.8089,4960,1280,54687,306000000,1728000
1791120217.8590,4960,1288,54687,306000000,1728000
1791120217.9090,4960,1304,54750,306000000,1728000
1791120217.9591,4960,1296,54781,306000000,1728000
1791120218.0092,4960,1288,54687,306000000,1728000
1791120218.0593,4960,1296,54750,306000000,1728000
1791120218.1094,4960,1280,54625,306000000,1728000
1791120218.1595,4960,1288,54718,306000000,1728000
1791120218.2096,4960,1288,54687,306000000,1728000
1791120218.2596,4960,1280,54812,306000000,1728000
1791120218.3097,4960,1280,54656,306000000,1728000
1791120218.3598,4960,1280,54687,306000000,1728000
1791120218.4099,4960,1280,54781,306000000,1728000
1791120218.4600,4960,1288,54687,306000000,1344000
1791120218.5101,4960,1288,54812,306000000,1728000
1791120218.5601,4960,1296,54656,306000000,1728000
1791120218.6102,4960,1288,54687,306000000,1728000
1791120218.6603,4960,1288,54656,306000000,1728000
1791120218.7104,4960,1288,54781,306000000,1728000
1791120218.7605,4960,1288,54625,306000000,1728000
1791120218.8106,4960,1288,54718,306000000,1728000
1791120218.8606,4960,1280,54750,306000000,1728000
1791120218.9107,4960,1280,54687,306000000,1728000
1791120218.9608,4960,1280,54750,306000000,1728000
1791120219.0109,4960,1288,54687,306000000,1267200
1791120219.0610,4960,1296,54750,306000000,1728000
1791120219.1111,4960,1288,54687,306000000,1728000
1791120219.1612,4960,1296,54718,306000000,1728000
1791120219.2113,4960,1296,54625,306000000,1728000
1791120219.2614,4960,1280,54656,306000000,1728000
1791120219.3115,4960,1280,54750,306000000,1728000
1791120219.3616,4960,1280,54687,306000000,1728000
1791120219.4116,4960,1280,54750,306000000,1728000
1791120219.4617,4960,1272,54687,306000000,1728000
1791120219.5132,4960,1280,54781,306000000,1728000
1791120219.5633,4960,1288,54625,306000000,1344000
1791120219.6134,4960,1296,54687,306000000,1728000
1791120219.6634,4960,1288,54625,306000000,1728000
1791120219.7135,4960,1288,54718,306000000,1728000
1791120219.7636,4960,1288,54562,306000000,1728000
1791120219.8137,4960,1288,54750,306000000,1728000
1791120219.8638,4960,1296,54656,306000000,1728000
1791120219.9139,4960,1280,54656,306000000,1728000
1791120219.9639,4960,1280,54843,306000000,1728000
1791120220.0140,4960,1280,54718,306000000,1728000
1791120220.0641,4960,1272,54687,306000000,1728000
1791120220.1142,4960,1272,54687,306000000,1728000
1791120220.1643,4960,1288,54718,306000000,1267200
1791120220.2144,4960,1296,54718,306000000,1728000
1791120220.2645,4960,1288,54718,306000000,1728000
1791120220.3146,4960,1280,54625,306000000,1728000
1791120220.3647,4960,1280,54625,306000000,1728000
1791120220.4148,4960,1280,54781,306000000,1728000
1791120220.4648,4960,1272,54718,306000000,1728000
1791120220.5149,4960,1272,54781,306000000,1728000
1791120220.5650,4960,1272,54687,306000000,1728000
1791120220.6151,4960,1264,54687,306000000,1728000
1791120220.6652,4960,1264,54656,306000000,1728000
1791120220.7153,4960,1280,54718,306000000,1420800
1791120220.7654,4960,1272,54656,306000000,1728000
1791120220.8155,4960,1272,54750,306000000,1728000
1791120220.8656,4960,1280,54781,306000000,1728000
1791120220.9156,4960,1272,54625,306000000,1728000
1791120220.9657,4960,1272,54750,306000000,1728000
1791120221.0158,4960,1272,54750,306000000,1728000
1791120221.0659,4960,1272,54656,306000000,1728000
1791120221.1160,4960,1272,54656,306000000,1728000
1791120221.1661,4960,1272,54687,306000000,1728000
1791120221.2162,4960,1280,54625,306000000,1728000
1791120221.2663,4960,1288,54656,306000000,1728000
1791120221.3164,4960,1296,54812,306000000,1728000
1791120221.3664,4960,1296,54687,306000000,1728000
1791120221.4165,4960,1288,54750,306000000,1728000
1791120221.4666,4960,1288,54656,306000000,1728000
1791120221.5167,4960,1280,54718,306000000,1728000
1791120221.5668,4960,1280,54656,306000000,1728000
1791120221.6169,4960,1288,54687,306000000,1728000
1791120221.6670,4960,1288,54625,306000000,1728000
1791120221.7171,4960,1280,54718,306000000,1728000
1791120221.7672,4960,1280,54687,306000000,1728000
1791120221.8173,4960,1296,54687,306000000,1190400
1791120221.8674,4960,1296,54843,306000000,1344000
1791120221.9175,4960,1288,54687,306000000,1728000
1791120221.9675,4960,1288,54718,306000000,1728000
1791120222.0176,4960,1288,54687,306000000,1728000
1791120222.0677,4960,1288,54750,306000000,1728000
1791120222.1178,4960,1280,54656,306000000,1728000
1791120222.1679,4960,1280,54781,306000000,1728000
1791120222.2180,4960,1288,54718,306000000,1728000
1791120222.2681,4960,1296,54687,306000000,1728000
1791120222.3182,4960,1288,54781,306000000,1728000
1791120222.3683,4960,1296,54718,306000000,1728000
1791120222.4184,4960,1304,54718,306000000,1728000
1791120222.4685,4960,1296,54718,306000000,1728000
1791120222.5186,4960,1296,54750,306000000,1728000
1791120222.5687,4960,1288,54718,306000000,1728000
1791120222.6187,4960,1296,54781,306000000,1728000
1791120222.6688,4960,1288,54656,306000000,1728000
1791120222.7189,4960,1280,54750,306000000,1728000
1791120222.7690,4960,1288,54718,306000000,1728000
1791120222.8191,4960,1280,54718,306000000,1728000
1791120222.8692,4960,1280,54812,306000000,1728000
1791120222.9192,4960,1280,54687,306000000,1344000
1791120222.9694,4960,1296,54843,306000000,1728000
1791120223.0194,4960,1288,54781,306000000,1728000
1791120223.0695,4960,1288,54781,306000000,1728000
1791120223.1196,4960,1288,54625,306000000,1728000
1791120223.1697,4960,1288,54718,306000000,1728000
1791120223.2197,4960,1288,54781,306000000,1728000
1791120223.2698,4960,1288,54625,306000000,1344000
1791120223.3199,4960,1288,54875,306000000,1728000
1791120223.3700,4960,1288,54718,306000000,1728000
1791120223.4201,4960,1288,54781,306000000,1728000
1791120223.4702,4960,1288,54687,306000000,1113600
1791120223.5203,4960,1296,54781,306000000,1728000
1791120223.5704,4960,1296,54625,306000000,1728000
1791120223.6205,4960,1296,54718,306000000,1728000
1791120223.6706,4960,1296,54843,306000000,1728000
1791120223.7207,4960,1288,54656,306000000,1728000
1791120223.7708,4960,1288,54812,306000000,1728000
1791120223.8208,4960,1288,54718,306000000,1728000
1791120223.8709,4960,1288,54781,306000000,1728000
1791120223.9210,4960,1288,54656,306000000,1728000
1791120223.9711,4960,1280,54750,306000000,1728000
1791120224.0212,4960,1280,54718,306000000,1728000
1791120224.0713,4960,1288,54718,306000000,1344000
1791120224.1214,4960,1288,54875,306000000,1728000
1791120224.1714,4960,1288,54781,306000000,1728000
1791120224.2215,4960,1288,54781,306000000,1728000
1791120224.2716,4960,1288,54750,306000000,1728000
1791120224.3217,4960,1296,54875,306000000,1728000
1791120224.3718,4960,1288,54687,306000000,1728000
1791120224.4219,4960,1288,54843,306000000,1728000
1791120224.4720,4960,1288,54718,306000000,1728000
1791120224.5221,4960,1288,54750,306000000,1728000
1791120224.5722,4960,1288,54687,306000000,1728000
1791120224.6223,4960,1296,54718,306000000,1344000
1791120224.6724,4960,1296,54843,306000000,1728000
1791120224.7225,4960,1288,54687,306000000,1728000
1791120224.7726,4960,1296,54781,306000000,1728000
1791120224.8227,4960,1296,54656,306000000,1728000
1791120224.8728,4960,1296,54656,306000000,1728000
1791120224.9228,4960,1288,54687,306000000,1728000
1791120224.9729,4960,1288,54781,306000000,1728000
1791120225.0230,4960,1288,54625,306000000,1728000
1791120225.0731,4960,1280,54656,306000000,1728000
1791120225.1232,4960,1280,54781,306000000,1728000
1791120225.1733,4960,1288,54687,306000000,1728000
1791120225.2234,4960,1296,54843,306000000,1728000
1791120225.2735,4960,1296,54687,306000000,1728000
1791120225.3236,4960,1296,54687,306000000,1728000
1791120225.3737,4960,1288,54750,306000000,1728000
1791120225.4237,4960,1288,54843,306000000,1728000
1791120225.4738,4960,1288,54718,306000000,1728000
1791120225.5239,4960,1280,54687,306000000,1728000
1791120225.5740,4960,1280,54812,306000000,1728000
1791120225.6241,4960,1288,54656,306000000,1728000
1791120225.6742,4960,1288,54812,306000000,1728000
1791120225.7243,4960,1280,54718,306000000,1728000
1791120225.7744,4960,1296,54750,306000000,1728000
1791120225.8245,4960,1296,54718,306000000,1728000
1791120225.8745,4960,1288,54687,306000000,1728000
1791120225.9246,4960,1288,54656,306000000,1728000
1791120225.9747,4960,1288,54718,306000000,1728000
1791120226.0248,4960,1280,54843,306000000,1728000
1791120226.0749,4960,1280,54781,306000000,1728000
1791120226.1249,4960,1280,54843,306000000,1728000
1791120226.1750,4960,1280,54750,306000000,1728000
1791120226.2251,4960,1272,54812,306000000,1728000
1791120226.2752,4960,1272,54687,306000000,1420800
1791120226.3253,4960,1288,54812,306000000,1728000
1791120226.3754,4960,1296,54656,306000000,1728000
1791120226.4255,4960,1288,54781,306000000,1728000
1791120226.4756,4960,1288,54875,306000000,1728000
1791120226.5256,4960,1288,54812,306000000,1728000
1791120226.5757,4960,1288,54750,306000000,1728000
1791120226.6258,4960,1280,54718,306000000,1728000
1791120226.6759,4960,1280,54781,306000000,1728000
1791120226.7260,4960,1280,54781,306000000,1728000
1791120226.7761,4960,1280,54781,306000000,1728000
1791120226.8261,4960,1272,54656,306000000,1728000
1791120226.8762,4960,1288,54781,306000000,1728000
1791120226.9263,4960,1288,54718,306000000,1728000
1791120226.9764,4960,1280,54750,306000000,1728000
1791120227.0265,4960,1280,54843,306000000,1728000
1791120227.0766,4960,1280,54687,306000000,1728000
1791120227.1267,4960,1280,54843,306000000,1728000
1791120227.1767,4960,1272,54750,306000000,1728000
1791120227.2268,4960,1280,54718,306000000,1728000
1791120227.2769,4960,1280,54718,306000000,1728000
1791120227.3270,4960,1280,54718,306000000,1728000
1791120227.3771,4960,1280,54718,306000000,1728000
1791120227.4272,4960,1288,54718,306000000,1344000
1791120227.4773,4960,1296,54750,306000000,1728000
1791120227.5274,4960,1296,54656,306000000,1728000
1791120227.5774,4960,1296,54812,306000000,1728000
1791120227.6275,4960,1288,54687,306000000,1728000
1791120227.6776,4960,1288,54781,306000000,1728000
1791120227.7277,4960,1288,54718,306000000,1728000
1791120227.7778,4960,1280,54718,306000000,1728000
1791120227.8279,4960,1280,54656,306000000,1728000
1791120227.8779,4960,1280,54687,306000000,1728000
1791120227.9280,4960,1288,54875,306000000,1728000
1791120227.9781,4960,1288,54750,306000000,1728000
1791120228.0282,4960,1288,54937,306000000,1728000
1791120228.0783,4960,1288,54750,306000000,1728000
1791120228.1284,4960,1288,54781,306000000,1728000
1791120228.1784,4960,1288,54656,306000000,1728000
1791120228.2285,4960,1288,54718,306000000,1728000
1791120228.2786,4960,1288,54656,306000000,1728000
1791120228.3287,4960,1280,54687,306000000,1728000
1791120228.3788,4960,1280,54937,306000000,1728000
1791120228.4289,4960,1288,54781,306000000,1728000
1791120228.4789,4960,1288,54875,306000000,1728000
1791120228.5290,4960,1288,54718,306000000,1728000
1791120228.5791,4960,1296,54781,306000000,1728000
1791120228.6292,4960,1296,54718,306000000,1728000
1791120228.6793,4960,1296,54718,306000000,1728000
1791120228.7294,4960,1296,54687,306000000,1728000
1791120228.7795,4960,1288,54718,306000000,1728000
1791120228.8296,4960,1288,54843,306000000,1728000
1791120228.8797,4960,1288,54687,306000000,1728000
1791120228.9297,4960,1288,54875,306000000,1728000
1791120228.9798,4960,1288,54687,306000000,1728000
1791120229.0299,4960,1280,54812,306000000,1728000
1791120229.0800,4960,1280,54687,306000000,1728000
1791120229.1301,4960,1296,54812,306000000,1497600
1791120229.1802,4960,1288,54718,306000000,1728000
1791120229.2305,4960,1288,54750,306000000,1728000
1791120229.2806,4960,1288,54812,306000000,1728000
1791120229.3306,4960,1288,54781,306000000,1728000
1791120229.3807,4960,1288,54843,306000000,1728000
1791120229.4308,4960,1288,54687,306000000,1728000
1791120229.4809,4960,1288,54937,306000000,1728000
1791120229.5310,4960,1288,54718,306000000,1728000
1791120229.5811,4960,1288,54750,306000000,1728000
1791120229.6312,4960,1280,54718,306000000,1728000
1791120229.6813,4960,1296,54781,306000000,1728000
1791120229.7314,4960,1296,54843,306000000,1728000
1791120229.7815,4960,1296,54687,306000000,1728000
1791120229.8315,4960,1288,54906,306000000,1728000
1791120229.8817,4960,1288,54718,306000000,1728000
1791120229.9317,4960,1288,54937,306000000,1728000
1791120229.9818,4960,1288,54750,306000000,1728000
1791120230.0319,4960,1280,54750,306000000,1728000
1791120230.0820,4960,1280,54656,306000000,1728000
1791120230.1321,4960,1280,54750,306000000,1728000
1791120230.1821,4960,1280,54687,306000000,1728000
1791120230.2322,4960,1288,54718,306000000,1728000
1791120230.2823,4960,1288,54937,306000000,1728000
1791120230.3324,4960,1288,54750,306000000,1728000
1791120230.3825,4960,1288,54812,306000000,1728000
1791120230.4326,4960,1280,54781,306000000,1728000
1791120230.4827,4960,1288,54750,306000000,1728000
1791120230.5328,4960,1288,54750,306000000,1728000
1791120230.5829,4960,1288,54812,306000000,1728000
1791120230.6330,4960,1280,54718,306000000,1728000
1791120230.6831,4960,1280,54750,306000000,1728000
1791120230.7331,4960,1280,54781,306000000,1728000
1791120230.7832,4960,1280,54718,306000000,1420800
1791120230.8333,4960,1288,54781,306000000,1728000
1791120230.8834,4960,1288,54812,306000000,1728000
1791120230.9335,4960,1280,54843,306000000,1728000
1791120230.9836,4960,1280,54625,306000000,1728000
1791120231.0337,4960,1272,54718,306000000,1728000
1791120231.0838,4960,1280,54718,306000000,1728000
1791120231.1339,4960,1280,54812,306000000,1728000
1791120231.1840,4960,1272,54906,306000000,1728000
1791120231.2340,4960,1272,54812,306000000,1728000
1791120231.2841,4960,1272,54781,306000000,1728000
1791120231.3342,4960,1280,54750,306000000,1728000
1791120231.3843,4960,1288,54750,306000000,1728000
1791120231.4344,4960,1288,54656,306000000,1728000
1791120231.4845,4960,1288,54781,306000000,1728000
1791120231.5346,4960,1288,54687,306000000,1728000
1791120231.5847,4960,1288,54781,306000000,1728000
1791120231.6348,4960,1288,54875,306000000,1728000
1791120231.6849,4960,1288,54750,306000000,1728000
1791120231.7349,4960,1280,54843,306000000,1728000
1791120231.7850,4960,1280,54718,306000000,1728000
1791120231.8351,4960,1280,54906,306000000,1728000
1791120231.8852,4960,1272,54718,306000000,1728000
1791120231.9353,4960,1288,54718,306000000,1728000
1791120231.9854,4960,1288,54718,306000000,1728000
1791120232.0354,4960,1288,54812,306000000,1728000
1791120232.0855,4960,1280,54906,306000000,1728000
1791120232.1356,4960,1280,54687,306000000,1728000
1791120232.1857,4960,1280,54875,306000000,1728000
1791120232.2358,4960,1280,54812,306000000,1728000
1791120232.2858,4960,1272,54906,306000000,1728000
1791120232.3359,4960,1272,54781,306000000,1728000
1791120232.3860,4960,1280,54687,306000000,1728000
1791120232.4361,4960,1280,54718,306000000,1728000
1791120232.4862,4960,1288,54812,306000000,1728000
1791120232.5363,4960,1288,54843,306000000,1728000
1791120232.5864,4960,1288,54812,306000000,1728000
1791120232.6364,4960,1288,54968,306000000,1728000
1791120232.6865,4960,1280,54750,306000000,1728000
1791120232.7366,4960,1280,54875,306000000,1728000
1791120232.7867,4960,1280,54750,306000000,1728000
1791120232.8368,4960,1272,54812,306000000,1728000
1791120232.8868,4960,1272,54718,306000000,1728000
1791120232.9369,4960,1264,54781,306000000,1728000
1791120232.9871,4960,1272,54718,306000000,1728000
1791120233.0372,4960,1280,54781,306000000,1728000
1791120233.0872,4960,1288,54968,306000000,1728000
1791120233.1373,4960,1288,54718,306000000,1728000
1791120233.1874,4960,1280,54812,306000000,1728000
1791120233.2375,4960,1296,54750,306000000,1728000
1791120233.2876,4960,1304,54750,306000000,1728000
1791120233.3376,4960,1312,54718,306000000,1728000
1791120233.3877,4960,1320,54781,306000000,1728000
1791120233.4378,4960,1320,54718,306000000,1728000
1791120233.4879,4960,1320,54750,306000000,1728000
1791120233.5380,4960,1320,54812,306000000,1728000
1791120233.5881,4960,1336,54781,306000000,1728000
1791120233.6382,4960,1336,54843,306000000,1728000
1791120233.6883,4960,1336,54625,306000000,1728000
1791120233.7384,4960,1328,54781,306000000,1728000
1791120233.7884,4960,1328,54687,306000000,1728000
1791120233.8385,4960,1312,54750,306000000,1728000
1791120233.8886,4960,1312,54718,306000000,1728000
1791120233.9387,4960,1312,54718,306000000,1728000
1791120233.9888,4960,1304,54812,306000000,1728000
1791120234.0389,4960,1304,54718,306000000,1728000
1791120234.0889,4960,1304,54812,306000000,1728000
1791120234.1390,4960,1312,54718,306000000,1113600
1791120234.1891,4960,1312,54781,306000000,1728000
1791120234.2392,4960,1304,54687,306000000,1728000
1791120234.2893,4960,1304,54812,306000000,1728000
1791120234.3394,4960,1304,54781,306000000,1728000
1791120234.3895,4960,1296,54781,306000000,1728000
1791120234.4395,4960,1288,54906,306000000,1728000
1791120234.4896,4960,1288,54687,306000000,1728000
1791120234.5397,4960,1288,54906,306000000,1728000
1791120234.5898,4960,1296,54718,306000000,1728000
1791120234.6399,4960,1288,54843,306000000,1728000
1791120234.6900,4960,1296,54718,306000000,1728000
1791120234.7413,4960,1304,54875,306000000,1728000
1791120234.7914,4960,1296,54750,306000000,1728000
1791120234.8414,4960,1288,54781,306000000,1728000
1791120234.8915,4960,1288,54750,306000000,1728000
1791120234.9416,4960,1288,54718,306000000,1728000
1791120234.9917,4960,1288,54718,306000000,1728000
1791120235.0418,4960,1288,54718,306000000,1728000
1791120235.0919,4960,1280,54875,306000000,1728000
1791120235.1420,4960,1280,54718,306000000,1728000
1791120235.1921,4960,1280,54812,306000000,1728000
1791120235.2421,4960,1288,54687,306000000,1728000
1791120235.2922,4960,1288,54843,306000000,1728000
1791120235.3423,4960,1288,54781,306000000,1728000
1791120235.3924,4960,1288,54750,306000000,1728000
1791120235.4425,4960,1288,54687,306000000,1728000
1791120235.4926,4960,1280,54812,306000000,1728000
1791120235.5427,4960,1288,54812,306000000,1728000
1791120235.5927,4960,1296,54750,306000000,1728000
1791120235.6429,4960,1288,54843,306000000,1728000
1791120235.6929,4960,1288,54718,306000000,1728000
1791120235.7431,4960,1288,54750,306000000,1728000
1791120235.7931,4960,1280,54656,306000000,1113600
1791120235.8432,4960,1288,54750,306000000,1728000
1791120235.8933,4960,1288,54687,306000000,1728000
1791120235.9434,4960,1288,54750,306000000,1728000
1791120235.9935,4960,1288,54812,306000000,1728000
1791120236.0436,4960,1280,54718,306000000,1728000
1791120236.0937,4960,1280,54812,306000000,1728000
1791120236.1438,4960,1280,54656,306000000,1728000
1791120236.1938,4960,1280,54875,306000000,1728000
1791120236.2439,4960,1272,54781,306000000,1728000
1791120236.2940,4960,1272,54843,306000000,1728000
1791120236.3441,4960,1272,54750,306000000,1728000
1791120236.3942,4960,1280,54812,306000000,1728000
1791120236.4443,4960,1288,54781,306000000,1728000
1791120236.4944,4960,1288,54718,306000000,1728000
1791120236.5445,4960,1288,54875,306000000,1728000
1791120236.5945,4960,1280,54718,306000000,1728000
1791120236.6446,4960,1288,54843,306000000,1728000
1791120236.6947,4960,1288,54687,306000000,1728000
1791120236.7448,4960,1280,54843,306000000,1728000
1791120236.7949,4960,1280,54718,306000000,1728000
1791120236.8450,4960,1280,54718,306000000,1728000
1791120236.8950,4960,1280,54875,306000000,1728000
1791120236.9451,4960,1280,54812,306000000,1344000
1791120236.9952,4960,1288,54812,306000000,1728000
1791120237.0453,4960,1288,54750,306000000,1728000
1791120237.0954,4960,1280,54843,306000000,1728000
1791120237.1455,4960,1280,54750,306000000,1728000
1791120237.1956,4960,1280,54812,306000000,1728000
1791120237.2457,4960,1280,54750,306000000,1728000
1791120237.2957,4960,1272,54812,306000000,1728000
1791120237.3458,4960,1272,54875,306000000,1728000
1791120237.3959,4960,1280,54750,306000000,1728000
1791120237.4460,4960,1272,54843,306000000,1728000
1791120237.4961,4960,1280,54718,306000000,1728000
1791120237.5462,4960,1288,54812,306000000,1728000
1791120237.5962,4960,1288,54718,306000000,1728000
1791120237.6463,4960,1288,54843,306000000,1728000
1791120237.6965,4960,1288,54781,306000000,1728000
1791120237.7465,4960,1288,54812,306000000,1728000
1791120237.7966,4960,1280,54906,306000000,1728000
1791120237.8467,4960,1280,54718,306000000,1728000
1791120237.8968,4960,1288,54875,306000000,1728000
1791120237.9469,4960,1280,54781,306000000,1728000
1791120237.9970,4960,1272,54843,306000000,1728000
1791120238.0471,4960,1280,54781,306000000,1344000
1791120238.0972,4960,1288,54843,306000000,1728000
1791120238.1473,4960,1288,54718,306000000,1728000
1791120238.1974,4960,1280,54812,306000000,1728000
1791120238.2475,4960,1280,54812,306000000,1728000
1791120238.2976,4960,1288,54687,306000000,1728000
1791120238.3477,4960,1288,54875,306000000,1728000
1791120238.3978,4960,1280,54718,306000000,1728000
1791120238.4479,4960,1280,54875,306000000,1728000
1791120238.4979,4960,1280,54718,306000000,1728000
1791120238.5480,4960,1280,54781,306000000,1728000
1791120238.5981,4960,1272,54781,306000000,1728000
1791120238.6482,4960,1288,54781,306000000,1497600
1791120238.6983,4960,1296,54718,306000000,1728000
1791120238.7484,4960,1296,54812,306000000,1728000
1791120238.7985,4960,1288,54875,306000000,1728000
1791120238.8493,4960,1288,54812,306000000,1728000
1791120238.8994,4960,1288,54812,306000000,1728000
1791120238.9495,4960,1288,54781,306000000,1728000
1791120238.9996,4960,1280,54812,306000000,1728000
1791120239.0497,4960,1280,54718,306000000,1728000
1791120239.0998,4960,1288,54781,306000000,1728000
1791120239.1498,4960,1280,54718,306000000,1190400
1791120239.1999,4960,1288,54843,306000000,1728000
1791120239.2500,4960,1288,54750,306000000,1728000
1791120239.3001,4960,1288,54812,306000000,1728000
1791120239.3502,4960,1280,54843,306000000,1728000
1791120239.4003,4960,1280,54812,306000000,1728000
1791120239.4504,4960,1280,54968,306000000,1728000
1791120239.5005,4960,1280,54718,306000000,1728000
1791120239.5505,4960,1272,54750,306000000,1728000
1791120239.6006,4960,1272,54750,306000000,1728000
1791120239.6507,4960,1272,54781,306000000,1728000
1791120239.7008,4960,1280,54718,306000000,1728000
1791120239.7509,4960,1288,54812,306000000,1344000
1791120239.8010,4960,1296,54875,306000000,1728000
1791120239.8511,4960,1296,54812,306000000,1728000
1791120239.9012,4960,1288,54781,306000000,1728000
1791120239.9512,4960,1288,54781,306000000,1728000
1791120240.0013,4960,1288,54906,306000000,1728000
1791120240.0514,4960,1288,54718,306000000,1728000
1791120240.1015,4960,1288,54875,306000000,1728000
1791120240.1516,4960,1280,54718,306000000,1728000
1791120240.2017,4960,1280,54812,306000000,1728000
1791120240.2518,4960,1288,54843,306000000,1728000
1791120240.3019,4960,1288,54750,306000000,1344000
1791120240.3520,4960,1296,54906,306000000,1728000
1791120240.4021,4960,1296,54750,306000000,1728000
1791120240.4521,4960,1288,54812,306000000,1728000
1791120240.5022,4960,1280,54718,306000000,1728000
1791120240.5523,4960,1288,54812,306000000,1728000
1791120240.6024,4960,1288,54656,306000000,1728000
1791120240.6525,4960,1280,54843,306000000,1728000
1791120240.7025,4960,1280,54937,306000000,1728000
1791120240.7527,4960,1288,54812,306000000,1728000
1791120240.8027,4960,1288,54875,306000000,1728000
1791120240.8528,4960,1288,54718,306000000,1728000
1791120240.9038,4960,1296,54906,306000000,1728000
1791120240.9539,4960,1296,54781,306000000,1728000
1791120241.0040,4960,1288,54812,306000000,1728000
1791120241.0541,4960,1280,54812,306000000,1728000
1791120241.1041,4960,1280,54843,306000000,1728000
1791120241.1542,4960,1288,54750,306000000,1728000
1791120241.2043,4960,1280,54875,306000000,1728000
1791120241.2544,4960,1272,54875,306000000,1728000
1791120241.3045,4960,1280,54750,306000000,1728000
1791120241.3546,4960,1272,54812,306000000,1728000
1791120241.4047,4960,1272,54687,306000000,1728000
1791120241.4548,4960,1288,54875,306000000,1728000
1791120241.5049,4960,1288,54781,306000000,1728000
1791120241.5550,4960,1288,54812,306000000,1728000
1791120241.6050,4960,1280,54718,306000000,1728000
1791120241.6551,4960,1280,54750,306000000,1728000
1791120241.7052,4960,1280,54937,306000000,1728000
1791120241.7553,4960,1280,54812,306000000,1344000
1791120241.8054,4960,1280,54937,306000000,1728000
1791120241.8555,4960,1280,54718,306000000,1728000
1791120241.9056,4960,1272,54781,306000000,1728000
1791120241.9557,4960,1272,54781,306000000,1344000
1791120242.0058,4960,1288,54781,306000000,1728000
1791120242.0559,4960,1296,54718,306000000,1728000
1791120242.1060,4960,1288,54781,306000000,1728000
1791120242.1561,4960,1280,54875,306000000,1728000
1791120242.2062,4960,1280,54781,306000000,1728000
1791120242.2562,4960,1280,54812,306000000,1728000
1791120242.3063,4960,1280,54781,306000000,1728000
1791120242.3564,4960,1280,54875,306000000,1728000
1791120242.4065,4960,1272,54750,306000000,1728000
1791120242.4566,4960,1280,54875,306000000,1728000
1791120242.5067,4960,1280,54687,306000000,1728000
1791120242.5568,4960,1288,54843,306000000,1728000
1791120242.6069,4960,1288,54875,306000000,1728000
1791120242.6569,4960,1280,54812,306000000,1728000
1791120242.7071,4960,1288,54906,306000000,1728000
1791120242.7571,4960,1288,54718,306000000,1728000
1791120242.8073,4960,1280,54843,306000000,1728000
1791120242.8573,4960,1288,54718,306000000,1728000
1791120242.9074,4960,1280,54812,306000000,1728000
1791120242.9575,4960,1280,54687,306000000,1728000
1791120243.0076,4960,1280,54812,306000000,1728000
1791120243.0577,4960,1280,54687,306000000,1728000
1791120243.1078,4960,1296,54812,306000000,1344000
1791120243.1579,4960,1296,54875,306000000,1728000
1791120243.2080,4960,1288,54781,306000000,1728000
1791120243.2581,4960,1288,54875,306000000,1728000
1791120243.3081,4960,1296,54718,306000000,1728000
1791120243.3582,4960,1288,54843,306000000,1728000
1791120243.4083,4960,1280,54718,306000000,1728000
1791120243.4584,4960,1280,54750,306000000,1728000
1791120243.5085,4960,1280,54812,306000000,1728000
1791120243.5586,4960,1280,54781,306000000,1728000
1791120243.6087,4960,1272,54875,306000000,1728000
1791120243.6588,4960,1280,54750,306000000,1344000
1791120243.7089,4960,1288,54906,306000000,1728000
1791120243.7590,4960,1288,54718,306000000,1728000
1791120243.8091,4960,1288,54843,306000000,1728000
1791120243.8592,4960,1288,54781,306000000,1728000
1791120243.9092,4960,1296,54812,306000000,1728000
1791120243.9593,4960,1288,54750,306000000,1728000
1791120244.0094,4960,1288,54781,306000000,1728000
1791120244.0595,4960,1288,54937,306000000,1728000
1791120244.1096,4960,1288,54781,306000000,1728000
1791120244.1597,4960,1288,54843,306000000,1728000
1791120244.2098,4960,1288,54875,306000000,1728000
1791120244.2599,4960,1296,54843,306000000,1728000
1791120244.3100,4960,1296,54750,306000000,1728000
1791120244.3600,4960,1288,54843,306000000,1728000
1791120244.4101,4960,1280,54812,306000000,1728000
1791120244.4602,4960,1288,54812,306000000,1728000
1791120244.5103,4960,1288,54968,306000000,1728000
1791120244.5604,4960,1288,54781,306000000,1728000
1791120244.6105,4960,1280,54906,306000000,1728000
1791120244.6606,4960,1280,54750,306000000,1728000
1791120244.7106,4960,1280,54843,306000000,1728000
1791120244.7607,4960,1280,54781,306000000,1344000
1791120244.8108,4960,1288,54843,306000000,1420800
1791120244.8609,4960,1296,54750,306000000,1728000
1791120244.9111,4960,1288,54812,306000000,1728000
1791120244.9611,4960,1288,55000,306000000,1728000
1791120245.0112,4960,1288,54750,306000000,1728000
1791120245.0613,4960,1296,54875,306000000,1728000
1791120245.1114,4960,1288,54750,306000000,1728000
1791120245.1615,4960,1288,54875,306000000,1728000
1791120245.2116,4960,1288,54781,306000000,1728000
1791120245.2617,4960,1288,54812,306000000,1728000
1791120245.3118,4960,1288,54750,306000000,1728000
1791120245.3618,4960,1288,54687,306000000,1728000
1791120245.4119,4960,1296,54750,306000000,1728000
1791120245.4620,4960,1296,54781,306000000,1728000
1791120245.5121,4960,1296,54906,306000000,1728000
1791120245.5622,4960,1288,54750,306000000,1728000
1791120245.6123,4960,1288,54937,306000000,1728000
1791120245.6624,4960,1288,54781,306000000,1728000
1791120245.7125,4960,1280,54781,306000000,1728000
1791120245.7626,4960,1280,54750,306000000,1728000
1791120245.8126,4960,1280,54781,306000000,1728000
1791120245.8627,4960,1288,54718,306000000,1728000
1791120245.9128,4960,1288,54781,306000000,1344000
1791120245.9629,4960,1296,54843,306000000,1728000
1791120246.0130,4960,1296,54812,306000000,1728000
1791120246.0631,4960,1288,54906,306000000,1728000
1791120246.1132,4960,1288,54750,306000000,1728000
1791120246.1633,4960,1288,54875,306000000,1728000
1791120246.2134,4960,1288,54750,306000000,1728000
1791120246.2635,4960,1280,54875,306000000,1728000
1791120246.3136,4960,1280,54656,306000000,1728000
1791120246.3637,4960,1288,54750,306000000,1728000
1791120246.4138,4960,1280,54875,306000000,1728000
1791120246.4639,4960,1288,54812,306000000,1728000
1791120246.5140,4960,1296,54843,306000000,1728000
1791120246.5641,4960,1296,54843,306000000,1728000
1791120246.6141,4960,1288,54875,306000000,1728000
1791120246.6642,4960,1288,54781,306000000,1728000
1791120246.7143,4960,1288,54937,306000000,1728000
1791120246.7644,4960,1288,54718,306000000,1728000
1791120246.8145,4960,1280,54750,306000000,1728000
1791120246.8646,4960,1280,54968,306000000,1728000
1791120246.9147,4960,1288,54781,306000000,1728000
1791120246.9648,4960,1288,54875,306000000,1728000
1791120247.0149,4960,1288,54812,306000000,1728000
1791120247.0650,4960,1296,54812,306000000,1728000
1791120247.1151,4960,1296,54812,306000000,1728000
1791120247.1652,4960,1288,54843,306000000,1728000
1791120247.2152,4960,1288,54718,306000000,1728000
1791120247.2653,4960,1288,54843,306000000,1728000
1791120247.3154,4960,1288,54937,306000000,1728000
1791120247.3655,4960,1288,54750,306000000,1728000
1791120247.4156,4960,1280,54875,306000000,1728000
1791120247.4656,4960,1280,54781,306000000,1728000
1791120247.5157,4960,1288,54843,306000000,1728000
1791120247.5658,4960,1280,54843,306000000,1728000
1791120247.6159,4960,1288,54906,306000000,1728000
1791120247.6660,4960,1288,54750,306000000,1728000
1791120247.7161,4960,1288,54843,306000000,1728000
1791120247.7662,4960,1280,54781,306000000,1728000
1791120247.8163,4960,1280,54781,306000000,1728000
1791120247.8664,4960,1288,54875,306000000,1728000
1791120247.9165,4960,1288,54687,306000000,1728000
1791120247.9666,4960,1288,54937,306000000,1728000
1791120248.0167,4960,1288,54812,306000000,1728000
1791120248.0668,4960,1288,54843,306000000,1728000
1791120248.1168,4960,1288,54812,306000000,1728000
1791120248.1669,4960,1296,54812,306000000,1728000
1791120248.2170,4960,1296,54656,306000000,1728000
1791120248.2671,4960,1296,54812,306000000,1728000
1791120248.3172,4960,1296,54906,306000000,1728000
1791120248.3673,4960,1296,54750,306000000,1728000
1791120248.4174,4960,1288,54968,306000000,1728000
1791120248.4675,4960,1288,54750,306000000,1728000
1791120248.5175,4960,1288,54875,306000000,1728000
1791120248.5676,4960,1288,54687,306000000,1728000
1791120248.6177,4960,1280,54843,306000000,1728000
1791120248.6678,4960,1280,54812,306000000,1728000
1791120248.7179,4960,1288,54781,306000000,1728000
1791120248.7680,4960,1288,55062,306000000,1728000
1791120248.8181,4960,1280,54843,306000000,1728000
1791120248.8681,4960,1288,54843,306000000,1728000
1791120248.9182,4960,1280,54781,306000000,1728000
1791120248.9683,4960,1288,54906,306000000,1728000
1791120249.0184,4960,1280,54781,306000000,1728000
1791120249.0685,4960,1288,54875,306000000,1728000
1791120249.1186,4960,1280,54812,306000000,1728000
1791120249.1687,4960,1272,54812,306000000,1728000
1791120249.2187,4960,1272,54875,306000000,1728000
1791120249.2688,4960,1280,54812,306000000,1728000
1791120249.3190,4960,1280,54875,306000000,1728000
1791120249.3690,4960,1288,54843,306000000,1728000
1791120249.4191,4960,1288,54843,306000000,1728000
1791120249.4692,4960,1280,54812,306000000,1728000
1791120249.5193,4960,1280,54812,306000000,1728000
1791120249.5694,4960,1280,54781,306000000,1728000
1791120249.6194,4960,1288,54843,306000000,1728000
1791120249.6695,4960,1280,54937,306000000,1728000
1791120249.7196,4960,1280,54812,306000000,1728000
1791120249.7697,4960,1280,54906,306000000,1728000
1791120249.8198,4960,1288,54812,306000000,1728000
1791120249.8699,4960,1296,54906,306000000,1728000
1791120249.9200,4960,1288,54843,306000000,1728000
1791120249.9706,4960,1296,54843,306000000,1344000
1791120250.0207,4960,1296,54750,306000000,1728000
1791120250.0707,4960,1296,54906,306000000,1728000
1791120250.1208,4960,1288,54843,306000000,1728000
1791120250.1709,4960,1288,54906,306000000,1728000
1791120250.2210,4960,1288,54968,306000000,1728000
1791120250.2711,4960,1296,54812,306000000,1728000
1791120250.3212,4960,1288,54906,306000000,1728000
1791120250.3713,4960,1288,54875,306000000,1728000
1791120250.4214,4960,1304,54906,306000000,1728000
1791120250.4714,4960,1296,54750,306000000,1728000
1791120250.5215,4960,1296,54750,306000000,1728000
1791120250.5716,4960,1296,54781,306000000,1728000
1791120250.6217,4960,1296,54812,306000000,1728000
1791120250.6718,4960,1288,55062,306000000,1728000
1791120250.7219,4960,1288,54843,306000000,1728000
1791120250.7720,4960,1288,54843,306000000,1728000
1791120250.8221,4960,1280,54843,306000000,1728000
1791120250.8721,4960,1280,54843,306000000,1728000
1791120250.9222,4960,1280,54875,306000000,1728000
1791120250.9723,4960,1296,54906,306000000,1728000
1791120251.0224,4960,1296,54843,306000000,1728000
1791120251.0725,4960,1296,54812,306000000,1728000
1791120251.1226,4960,1296,54968,306000000,1728000
1791120251.1727,4960,1296,54781,306000000,1728000
1791120251.2227,4960,1288,54906,306000000,1728000
1791120251.2728,4960,1288,54750,306000000,1728000
1791120251.3229,4960,1288,54906,306000000,1728000
1791120251.3730,4960,1288,54843,306000000,1728000
1791120251.4231,4960,1280,54843,306000000,1728000
1791120251.4732,4960,1280,54812,306000000,1728000
1791120251.5233,4960,1288,54781,306000000,1728000
1791120251.5734,4960,1280,54968,306000000,1728000
1791120251.6245,4960,1288,54906,306000000,1728000
1791120251.6746,4960,1288,55000,306000000,1344000
1791120251.7247,4960,1288,54812,306000000,1728000
1791120251.7747,4960,1280,54812,306000000,1728000
1791120251.8248,4960,1280,54750,306000000,1728000
1791120251.8749,4960,1288,54968,306000000,1728000
1791120251.9250,4960,1280,54875,306000000,1728000
1791120251.9751,4960,1280,54906,306000000,1728000
1791120252.0252,4960,1288,55031,306000000,1728000
1791120252.0753,4960,1296,54750,306000000,1190400
1791120252.1254,4960,1296,55031,306000000,1728000
1791120252.1755,4960,1296,54812,306000000,1728000
1791120252.2256,4960,1296,54875,306000000,1728000
1791120252.2756,4960,1296,54750,306000000,1728000
1791120252.3257,4960,1288,54875,306000000,1728000
1791120252.3758,4960,1288,54718,306000000,1728000
1791120252.4259,4960,1288,54937,306000000,1728000
1791120252.4760,4960,1288,54812,306000000,1728000
1791120252.5261,4960,1280,54781,306000000,1728000
1791120252.5762,4960,1280,54906,306000000,1344000
1791120252.6263,4960,1288,54843,306000000,1728000
1791120252.6764,4960,1296,54937,306000000,1728000
1791120252.7265,4960,1288,54812,306000000,1728000
1791120252.7766,4960,1288,54968,306000000,1728000
1791120252.8267,4960,1288,54781,306000000,1728000
1791120252.8768,4960,1280,54875,306000000,1728000
1791120252.9269,4960,1280,54750,306000000,1728000
1791120252.9770,4960,1288,54906,306000000,1728000
1791120253.0271,4960,1288,55062,306000000,1728000
1791120253.0772,4960,1296,54781,306000000,1728000
1791120253.1272,4960,1288,54937,306000000,1728000
1791120253.1773,4960,1288,54781,306000000,1728000
1791120253.2274,4960,1304,54937,306000000,1728000
1791120253.2775,4960,1296,54875,306000000,1728000
1791120253.3276,4960,1288,54906,306000000,1728000
1791120253.3777,4960,1288,54812,306000000,1728000
1791120253.4278,4960,1280,54843,306000000,1728000
1791120253.4779,4960,1280,54937,306000000,1728000
1791120253.5279,4960,1280,54812,306000000,1728000
1791120253.5780,4960,1280,55000,306000000,1728000
1791120253.6281,4960,1272,54781,306000000,1728000
1791120253.6782,4960,1272,54875,306000000,1728000
1791120253.7283,4960,1280,54812,306000000,1728000
1791120253.7784,4960,1296,54875,306000000,1728000
1791120253.8285,4960,1288,54781,306000000,1728000
1791120253.8786,4960,1280,54843,306000000,1728000
1791120253.9287,4960,1288,55000,306000000,1728000
1791120253.9788,4960,1288,54875,306000000,1728000
1791120254.0289,4960,1280,54968,306000000,1728000
1791120254.0790,4960,1280,54750,306000000,1267200
1791120254.1291,4960,1280,54906,306000000,1728000
1791120254.1792,4960,1288,54843,306000000,1728000
1791120254.2292,4960,1280,54906,306000000,1728000
1791120254.2793,4960,1280,54781,306000000,1728000
1791120254.3294,4960,1296,54843,306000000,1728000
1791120254.3795,4960,1296,55031,306000000,1728000
1791120254.4296,4960,1296,54906,306000000,1728000
1791120254.4797,4960,1288,54968,306000000,1728000
1791120254.5298,4960,1280,54875,306000000,1728000
1791120254.5799,4960,1280,54906,306000000,1728000
1791120254.6300,4960,1280,54812,306000000,1728000
1791120254.6801,4960,1280,54843,306000000,1728000
1791120254.7302,4960,1272,54843,306000000,1728000
1791120254.7803,4960,1272,54906,306000000,1728000
1791120254.8303,4960,1272,54812,306000000,1728000
1791120254.8804,4960,1280,54843,306000000,1728000
1791120254.9305,4960,1280,55000,306000000,1728000
1791120254.9806,4960,1288,54812,306000000,1728000
1791120255.0307,4960,1272,55031,306000000,1728000
1791120255.0808,4960,1272,54906,306000000,1728000
1791120255.1309,4960,1288,55000,306000000,1728000
1791120255.1810,4960,1288,54781,306000000,1728000
1791120255.2311,4960,1280,54937,306000000,1728000
1791120255.2812,4960,1280,54781,306000000,1728000
1791120255.3313,4960,1288,54750,306000000,1728000
1791120255.3814,4960,1280,54968,306000000,1728000
1791120255.4315,4960,1288,54875,306000000,1728000
1791120255.4816,4960,1288,54906,306000000,1728000
1791120255.5316,4960,1288,54781,306000000,1728000
1791120255.5817,4960,1280,54906,306000000,1728000
1791120255.6318,4960,1280,54812,306000000,1728000
1791120255.6819,4960,1288,54843,306000000,1728000
1791120255.7320,4960,1280,54781,306000000,1728000
1791120255.7821,4960,1280,54875,306000000,1728000
1791120255.8322,4960,1280,55000,306000000,1728000
1791120255.8823,4960,1280,54906,306000000,1728000
1791120255.9323,4960,1280,54968,306000000,1728000
1791120255.9825,4960,1288,54906,306000000,1728000
1791120256.0340,4960,1296,54906,306000000,1728000
1791120256.0841,4960,1296,54843,306000000,1728000
1791120256.1342,4960,1304,54875,306000000,1420800
1791120256.1843,4960,1296,54812,306000000,1728000
1791120256.2343,4960,1296,54968,306000000,1420800
1791120256.2844,4960,1296,54843,306000000,1728000
1791120256.3345,4960,1296,54812,306000000,1190400
1791120256.3846,4960,1288,54968,306000000,1344000
1791120256.4347,4960,1288,54875,306000000,1344000
1791120256.4847,4960,1288,55031,306000000,1728000
1791120256.5348,4960,1288,54875,306000000,1728000
1791120256.5849,4960,1304,55000,306000000,1728000
1791120256.6350,4960,1304,54843,306000000,1728000
1791120256.6851,4960,1296,54968,306000000,1728000
1791120256.7352,4960,1296,54875,306000000,1728000
1791120256.7853,4960,1296,54906,306000000,1420800
1791120256.8354,4960,1304,55031,306000000,1113600
1791120256.8854,4960,1296,54906,306000000,1267200
1791120256.9355,4960,1296,55000,306000000,1728000
1791120256.9856,4960,1296,54812,306000000,1728000
1791120257.0357,4960,1296,54968,306000000,1728000
1791120257.0858,4960,1296,54906,306000000,1190400
1791120257.1359,4960,1304,54968,306000000,1728000
1791120257.1860,4960,1312,54843,306000000,1728000
1791120257.2361,4960,1304,54906,306000000,1728000
1791120257.2861,4960,1304,55062,306000000,1728000
1791120257.3362,4960,1296,54906,306000000,1267200
1791120257.3863,4960,1296,55062,306000000,1728000
1791120257.4364,4960,1296,54812,306000000,1728000
1791120257.4865,4960,1296,55062,306000000,1420800
1791120257.5366,4960,1296,54843,306000000,1728000
1791120257.5867,4960,1296,55031,306000000,1728000
1791120257.6368,4960,1288,54843,306000000,1728000
1791120257.6869,4960,1312,54937,306000000,1728000
1791120257.7370,4960,1320,54781,306000000,1728000
1791120257.7871,4960,1320,54812,306000000,1728000
1791120257.8371,4960,1320,55000,306000000,1728000
1791120257.8872,4960,1312,54875,306000000,1728000
1791120257.9373,4960,1312,55062,306000000,1728000
1791120257.9874,4960,1312,54843,306000000,1728000
1791120258.0375,4960,1304,55000,306000000,1728000
1791120258.0876,4960,1304,54812,306000000,1728000
1791120258.1377,4960,1296,54906,306000000,1728000
1791120258.1878,4960,1304,54812,306000000,1728000
1791120258.2379,4960,1320,54843,306000000,1728000
1791120258.2880,4960,1320,55031,306000000,1728000
1791120258.3380,4960,1320,54875,306000000,1728000
1791120258.3881,4960,1312,55000,306000000,1728000
1791120258.4382,4960,1312,54843,306000000,1728000
1791120258.4883,4960,1304,55000,306000000,1728000
1791120258.5384,4960,1296,54812,306000000,1728000
1791120258.5885,4960,1296,54875,306000000,1728000
1791120258.6385,4960,1296,54812,306000000,1728000
1791120258.6886,4960,1296,55000,306000000,1728000
1791120258.7387,4960,1288,55062,306000000,1728000
1791120258.7888,4960,1296,54843,306000000,1344000
1791120258.8389,4960,1304,55031,306000000,1728000
1791120258.8890,4960,1304,54812,306000000,1728000
1791120258.9391,4960,1296,54937,306000000,1728000
1791120258.9891,4960,1288,54875,306000000,1728000
1791120259.0392,4960,1288,54937,306000000,1728000
1791120259.0893,4960,1280,54843,306000000,1728000
1791120259.1394,4960,1280,54843,306000000,1728000
1791120259.1894,4960,1280,55000,306000000,1728000
1791120259.2395,4960,1280,54906,306000000,1728000
1791120259.2896,4960,1280,55062,306000000,1728000
1791120259.3397,4960,1288,54875,306000000,1728000
1791120259.3898,4960,1296,55000,306000000,1728000
1791120259.4399,4960,1288,54812,306000000,1728000
1791120259.4900,4960,1288,54968,306000000,1728000
1791120259.5401,4960,1288,54875,306000000,1728000
1791120259.5902,4960,1288,54968,306000000,1728000
1791120259.6403,4960,1288,54968,306000000,1728000
1791120259.6904,4960,1280,54968,306000000,1728000
1791120259.7404,4960,1280,54968,306000000,1728000
1791120259.7905,4960,1280,54843,306000000,1728000
1791120259.8406,4960,1272,54875,306000000,1728000
1791120259.8907,4960,1272,54875,306000000,1420800
1791120259.9408,4960,1280,54937,306000000,1728000
1791120259.9909,4960,1288,54812,306000000,1728000
1791120260.0410,4960,1280,54906,306000000,1728000
1791120260.0911,4960,1280,55000,306000000,1728000
1791120260.1411,4960,1288,54843,306000000,1728000
1791120260.1912,4960,1280,55062,306000000,1728000
1791120260.2413,4960,1280,54937,306000000,1728000
1791120260.2914,4960,1296,55062,306000000,1728000
1791120260.3415,4960,1304,54875,306000000,1728000
1791120260.3916,4960,1312,54906,306000000,1728000
1791120260.4417,4960,1320,54906,306000000,1728000
1791120260.4917,4960,1336,54968,306000000,1728000
1791120260.5418,4960,1336,55093,306000000,1728000
1791120260.5919,4960,1328,54906,306000000,1728000
1791120260.6420,4960,1328,55031,306000000,1728000
1791120260.6921,4960,1328,54875,306000000,1728000
1791120260.7422,4960,1320,55062,306000000,1728000
1791120260.7923,4960,1320,54843,306000000,1728000
1791120260.8423,4960,1312,54906,306000000,1728000
1791120260.8924,4960,1304,54812,306000000,1728000
1791120260.9425,4960,1304,54968,306000000,1728000
1791120260.9926,4960,1296,55093,306000000,1728000
1791120261.0427,4960,1304,54937,306000000,1344000
1791120261.0928,4960,1304,55000,306000000,1728000
1791120261.1429,4960,1304,54812,306000000,1728000
1791120261.1929,4960,1296,54906,306000000,1728000
1791120261.2431,4960,1296,54937,306000000,1728000
1791120261.2932,4960,1304,54937,306000000,1728000
1791120261.3432,4960,1304,54812,306000000,1728000
1791120261.3933,4960,1296,54906,306000000,1728000
1791120261.4434,4960,1288,54843,306000000,1728000
1791120261.4935,4960,1288,54906,306000000,1728000
1791120261.5436,4960,1288,55000,306000000,1728000
1791120261.5937,4960,1296,54968,306000000,1190400
1791120261.6438,4960,1288,55000,306000000,1728000
1791120261.6938,4960,1288,54843,306000000,1728000
1791120261.7439,4960,1288,54968,306000000,1728000
1791120261.7940,4960,1296,54812,306000000,1728000
1791120261.8441,4960,1280,54875,306000000,1728000
1791120261.8942,4960,1280,54843,306000000,1728000
1791120261.9442,4960,1280,54875,306000000,1728000
1791120261.9943,4960,1280,55062,306000000,1728000
1791120262.0444,4960,1272,54875,306000000,1728000
1791120262.0945,4960,1280,55031,306000000,1728000
1791120262.1446,4960,1288,54843,306000000,1728000
1791120262.1947,4960,1288,54968,306000000,1728000
1791120262.2447,4960,1288,54843,306000000,1728000
1791120262.2949,4960,1288,54968,306000000,1190400
1791120262.3450,4960,1288,54843,306000000,1728000
1791120262.3951,4960,1280,54906,306000000,1728000
1791120262.4452,4960,1280,54968,306000000,1728000
1791120262.4952,4960,1280,54843,306000000,1728000
1791120262.5453,4960,1280,55031,306000000,1728000
1791120262.5954,4960,1280,54937,306000000,1728000
1791120262.6455,4960,1280,55031,306000000,1728000
1791120262.6956,4960,1272,54875,306000000,1728000
1791120262.7457,4960,1288,54968,306000000,1728000
1791120262.7958,4960,1288,54843,306000000,1728000
1791120262.8459,4960,1280,54937,306000000,1728000
1791120262.8960,4960,1280,55093,306000000,1728000
1791120262.9460,4960,1272,54906,306000000,1728000
1791120262.9961,4960,1272,55000,306000000,1728000
1791120263.0462,4960,1272,54906,306000000,1728000
1791120263.0963,4960,1272,54937,306000000,1728000
1791120263.1464,4960,1272,54875,306000000,1728000
1791120263.1965,4960,1272,54937,306000000,1728000
1791120263.2465,4960,1264,54937,306000000,1728000
1791120263.2966,4960,1280,54968,306000000,1728000
1791120263.3467,4960,1288,54812,306000000,1728000
1791120263.3968,4960,1288,54843,306000000,1728000
1791120263.4469,4960,1280,55062,306000000,1728000
1791120263.4970,4960,1280,54875,306000000,1728000
1791120263.5471,4960,1280,55062,306000000,1728000
1791120263.5971,4960,1288,54875,306000000,1728000
1791120263.6472,4960,1288,54968,306000000,1728000
1791120263.6973,4960,1280,54843,306000000,1728000
1791120263.7474,4960,1272,54906,306000000,1728000
1791120263.7975,4960,1272,55093,306000000,1728000
1791120263.8476,4960,1280,54906,306000000,1728000
1791120263.8977,4960,1280,55031,306000000,1728000
1791120263.9478,4960,1280,54937,306000000,1728000
1791120263.9978,4960,1280,55062,306000000,1728000
1791120264.0479,4960,1280,54875,306000000,1728000
1791120264.0980,4960,1272,54937,306000000,1728000
1791120264.1481,4960,1272,54812,306000000,1728000
1791120264.1982,4960,1272,54968,306000000,1728000
1791120264.2482,4960,1272,54875,306000000,1728000
1791120264.2983,4960,1264,54812,306000000,1728000
1791120264.3484,4960,1272,55062,306000000,1728000
1791120264.3985,4960,1288,54968,306000000,1728000
1791120264.4486,4960,1288,55062,306000000,1728000
1791120264.4987,4960,1280,54906,306000000,1728000
1791120264.5488,4960,1280,54875,306000000,1728000
1791120264.5989,4960,1280,54843,306000000,1728000
1791120264.6489,4960,1272,54937,306000000,1728000
1791120264.6991,4960,1272,54781,306000000,1728000
1791120264.7492,4960,1280,54875,306000000,1728000
1791120264.7992,4960,1280,55062,306000000,1728000
1791120264.8493,4960,1280,54937,306000000,1728000
1791120264.8994,4960,1272,55093,306000000,1728000
1791120264.9495,4960,1280,54906,306000000,1728000
1791120264.9996,4960,1288,54937,306000000,1728000
1791120265.0497,4960,1280,54875,306000000,1728000
1791120265.0998,4960,1280,54937,306000000,1728000
1791120265.1498,4960,1280,54906,306000000,1728000
1791120265.1999,4960,1280,54875,306000000,1728000
1791120265.2500,4960,1272,54968,306000000,1728000
1791120265.3001,4960,1272,54937,306000000,1728000
1791120265.3502,4960,1272,55000,306000000,1728000
1791120265.4003,4960,1272,54843,306000000,1728000
1791120265.4504,4960,1272,54937,306000000,1728000
1791120265.5005,4960,1280,54843,306000000,1728000
1791120265.5506,4960,1288,54968,306000000,1036800
1791120265.6007,4960,1280,54812,306000000,1728000
1791120265.6508,4960,1280,54843,306000000,1728000
1791120265.7008,4960,1280,55062,306000000,1728000
1791120265.7509,4960,1272,54875,306000000,1728000
1791120265.8010,4960,1272,55031,306000000,1728000
1791120265.8511,4960,1272,54875,306000000,1728000
1791120265.9012,4960,1272,55031,306000000,1728000
1791120265.9513,4960,1272,54906,306000000,1728000
1791120266.0013,4960,1272,54906,306000000,1728000
1791120266.0514,4960,1272,54781,306000000,1113600
1791120266.1015,4960,1280,54906,306000000,1728000
1791120266.1516,4960,1280,55000,306000000,1728000
1791120266.2017,4960,1280,54875,306000000,1728000
1791120266.2518,4960,1272,54937,306000000,1728000
1791120266.3019,4960,1272,54968,306000000,1728000
1791120266.3519,4960,1280,55093,306000000,1728000
1791120266.4020,4960,1272,54843,306000000,1267200
1791120266.4521,4960,1272,55000,306000000,1728000
1791120266.5022,4960,1272,54843,306000000,1728000
1791120266.5523,4960,1272,54906,306000000,1728000
1791120266.6024,4960,1272,54843,306000000,1728000
1791120266.6525,4960,1280,54843,306000000,1728000
1791120266.7026,4960,1280,55062,306000000,1728000
1791120266.7527,4960,1272,54906,306000000,1728000
1791120266.8028,4960,1272,55031,306000000,1728000
1791120266.8529,4960,1272,54843,306000000,1728000
1791120266.9030,4960,1272,54937,306000000,1728000
1791120266.9531,4960,1264,54781,306000000,1728000
1791120267.0031,4960,1272,54937,306000000,1728000
1791120267.0532,4960,1272,54843,306000000,1728000
1791120267.1033,4960,1272,54875,306000000,1728000
1791120267.1534,4960,1272,55062,306000000,1728000
1791120267.2035,4960,1280,54875,306000000,1728000
1791120267.2536,4960,1288,55062,306000000,1728000
1791120267.3037,4960,1280,54875,306000000,1728000
1791120267.3538,4960,1280,54968,306000000,1728000
1791120267.4039,4960,1280,54843,306000000,1728000
1791120267.4540,4960,1280,54937,306000000,1728000
1791120267.5040,4960,1280,54843,306000000,1728000
1791120267.5541,4960,1272,54750,306000000,1728000
1791120267.6042,4960,1272,55062,306000000,1728000
1791120267.6543,4960,1264,54875,306000000,1728000
1791120267.7044,4960,1272,55031,306000000,1728000
1791120267.7545,4960,1280,54937,306000000,1728000
1791120267.8046,4960,1280,54937,306000000,1728000
1791120267.8547,4960,1280,54875,306000000,1728000
1791120267.9048,4960,1280,54968,306000000,1728000
1791120267.9549,4960,1280,54906,306000000,1728000
1791120268.0050,4960,1272,54937,306000000,1728000
1791120268.0551,4960,1280,55062,306000000,1728000
1791120268.1052,4960,1280,54875,306000000,1728000
1791120268.1553,4960,1280,55062,306000000,1728000
1791120268.2054,4960,1272,54875,306000000,1728000
1791120268.2554,4960,1272,55031,306000000,1728000
1791120268.3055,4960,1280,54843,306000000,1728000
1791120268.3556,4960,1288,54968,306000000,1728000
1791120268.4057,4960,1280,54843,306000000,1728000
1791120268.4558,4960,1288,54937,306000000,1728000
1791120268.5059,4960,1288,54812,306000000,1728000
1791120268.5560,4960,1288,54843,306000000,1728000
1791120268.6061,4960,1280,55093,306000000,1728000
1791120268.6562,4960,1280,54843,306000000,1728000
1791120268.7063,4960,1280,55093,306000000,1728000
1791120268.7564,4960,1280,54906,306000000,1728000
1791120268.8065,4960,1272,54906,306000000,1728000
1791120268.8566,4960,1272,54906,306000000,1728000
1791120268.9067,4960,1288,55031,306000000,1497600
1791120268.9568,4960,1280,54781,306000000,1728000
1791120269.0069,4960,1280,54906,306000000,1728000
1791120269.0569,4960,1280,55000,306000000,1728000
1791120269.1071,4960,1272,54812,306000000,1728000
1791120269.1572,4960,1272,55031,306000000,1728000
1791120269.2072,4960,1280,54875,306000000,1728000
1791120269.2573,4960,1272,54875,306000000,1728000
1791120269.3074,4960,1272,54843,306000000,1728000
1791120269.3575,4960,1272,54968,306000000,1728000
1791120269.4075,4960,1272,54875,306000000,1728000
1791120269.4576,4960,1280,54906,306000000,1728000
1791120269.5078,4960,1296,55000,306000000,1728000
1791120269.5579,4960,1296,54843,306000000,1728000
1791120269.6079,4960,1288,55031,306000000,1728000
1791120269.6580,4960,1288,54781,306000000,1728000
1791120269.7081,4960,1288,54875,306000000,1728000
1791120269.7582,4960,1288,54812,306000000,1728000
1791120269.8083,4960,1288,54906,306000000,1728000
1791120269.8584,4960,1280,54875,306000000,1728000
1791120269.9085,4960,1280,54812,306000000,1728000
1791120269.9585,4960,1280,55062,306000000,1728000
1791120270.0086,4960,1280,54875,306000000,1728000
1791120270.0587,4960,1288,55062,306000000,1728000
1791120270.1088,4960,1288,54812,306000000,1728000
1791120270.1589,4960,1280,55031,306000000,1728000
1791120270.2091,4960,1280,54906,306000000,1728000
1791120270.2591,4960,1288,54937,306000000,1728000
1791120270.3092,4960,1288,54843,306000000,1113600
1791120270.3593,4960,1280,54875,306000000,1728000
1791120270.4094,4960,1280,55125,306000000,1728000
1791120270.4595,4960,1280,54906,306000000,1728000
1791120270.5096,4960,1288,55000,306000000,1728000
1791120270.5597,4960,1296,54937,306000000,1420800
1791120270.6098,4960,1296,55031,306000000,1728000
1791120270.6599,4960,1304,54812,306000000,1728000
1791120270.7100,4960,1304,54937,306000000,1728000
1791120270.7601,4960,1296,54875,306000000,1728000
1791120270.8102,4960,1288,54937,306000000,1728000
1791120270.8602,4960,1288,55031,306000000,1728000
1791120270.9103,4960,1288,54875,306000000,1728000
1791120270.9604,4960,1280,55062,306000000,1728000
1791120271.0105,4960,1280,54968,306000000,1728000
1791120271.0606,4960,1280,55062,306000000,1728000
1791120271.1107,4960,1288,54906,306000000,1344000
1791120271.1608,4960,1288,54937,306000000,1728000
1791120271.2109,4960,1288,54843,306000000,1728000
1791120271.2609,4960,1296,54937,306000000,1728000
1791120271.3111,4960,1288,54750,306000000,1728000
1791120271.3611,4960,1280,54875,306000000,1728000
1791120271.4112,4960,1280,55031,306000000,1728000
1791120271.4613,4960,1280,54843,306000000,1728000
1791120271.5114,4960,1280,55062,306000000,1113600
1791120271.5615,4960,1288,54875,306000000,1728000
1791120271.6116,4960,1280,54937,306000000,1728000
1791120271.6617,4960,1288,54937,306000000,1728000
1791120271.7118,4960,1296,55000,306000000,1728000
1791120271.7619,4960,1288,54937,306000000,1728000
1791120271.8119,4960,1288,54906,306000000,1728000
1791120271.8620,4960,1296,55062,306000000,1728000
1791120271.9121,4960,1288,54875,306000000,1728000
1791120271.9622,4960,1280,55031,306000000,1728000
1791120272.0123,4960,1280,54812,306000000,1728000
1791120272.0624,4960,1280,54906,306000000,1728000
1791120272.1124,4960,1288,54875,306000000,1728000
1791120272.1625,4960,1280,54968,306000000,1728000
1791120272.2126,4960,1280,54812,306000000,1728000
1791120272.2627,4960,1296,54906,306000000,1497600
1791120272.3128,4960,1296,55062,306000000,1728000
1791120272.3629,4960,1296,54875,306000000,1728000
1791120272.4130,4960,1288,55125,306000000,1728000
1791120272.4631,4960,1288,54906,306000000,1728000
1791120272.5131,4960,1280,54906,306000000,1728000
1791120272.5632,4960,1288,54843,306000000,1344000
1791120272.6133,4960,1288,54906,306000000,1728000
1791120272.6634,4960,1280,54812,306000000,1728000
1791120272.7135,4960,1280,54875,306000000,1728000
1791120272.7636,4960,1272,55093,306000000,1728000
1791120272.8137,4960,1288,54937,306000000,1728000
1791120272.8638,4960,1296,55031,306000000,1728000
1791120272.9139,4960,1288,54937,306000000,1728000
1791120272.9640,4960,1280,54968,306000000,1728000
1791120273.0140,4960,1272,54937,306000000,1728000
1791120273.0641,4960,1280,54968,306000000,1728000
1791120273.1142,4960,1272,54875,306000000,1728000
1791120273.1643,4960,1272,54906,306000000,1728000
1791120273.2143,4960,1272,55062,306000000,1728000
1791120273.2644,4960,1272,54843,306000000,1728000
1791120273.3145,4960,1264,55093,306000000,1728000
1791120273.3646,4960,1272,54875,306000000,1728000
1791120273.4147,4960,1280,55062,306000000,1728000
1791120273.4648,4960,1272,54906,306000000,1728000
1791120273.5149,4960,1272,54968,306000000,1728000
1791120273.5649,4960,1272,54937,306000000,1728000
1791120273.6151,4960,1280,54968,306000000,1728000
1791120273.6652,4960,1272,54968,306000000,1728000
1791120273.7153,4960,1280,54937,306000000,1728000
1791120273.7653,4960,1280,55062,306000000,1728000
1791120273.8154,4960,1280,54875,306000000,1728000
1791120273.8655,4960,1272,55031,306000000,1728000
1791120273.9156,4960,1288,54906,306000000,1728000
1791120273.9657,4960,1296,55000,306000000,1728000
1791120274.0158,4960,1288,54906,306000000,1728000
1791120274.0659,4960,1288,54937,306000000,1728000
1791120274.1160,4960,1288,54875,306000000,1728000
1791120274.1660,4960,1288,54875,306000000,1728000
1791120274.2161,4960,1280,55031,306000000,1728000
1791120274.2662,4960,1280,55000,306000000,1728000
1791120274.3163,4960,1280,55062,306000000,1728000
1791120274.3664,4960,1272,54906,306000000,1728000
1791120274.4165,4960,1272,55000,306000000,1728000
1791120274.4666,4960,1272,54875,306000000,1267200
1791120274.5167,4960,1280,55031,306000000,1728000
1791120274.5668,4960,1272,54937,306000000,1728000
1791120274.6169,4960,1280,54906,306000000,1344000
1791120274.6670,4960,1272,55093,306000000,1728000
1791120274.7170,4960,1272,54937,306000000,1728000
1791120274.7671,4960,1272,55093,306000000,1728000
1791120274.8172,4960,1272,54843,306000000,1728000
1791120274.8673,4960,1272,54968,306000000,1728000
1791120274.9174,4960,1272,54968,306000000,1728000
1791120274.9675,4960,1272,54968,306000000,1728000
1791120275.0176,4960,1272,54812,306000000,1728000
1791120275.0677,4960,1288,54875,306000000,1728000
1791120275.1177,4960,1288,55093,306000000,1728000
1791120275.1678,4960,1288,54937,306000000,1728000
1791120275.2179,4960,1280,55093,306000000,1728000
1791120275.2680,4960,1280,54937,306000000,1728000
1791120275.3181,4960,1280,54906,306000000,1728000
1791120275.3681,4960,1280,54812,306000000,1728000
1791120275.4182,4960,1272,54968,306000000,1728000
1791120275.4683,4960,1272,54875,306000000,1728000
1791120275.5184,4960,1272,54968,306000000,1728000
1791120275.5685,4960,1280,55000,306000000,1728000
1791120275.6186,4960,1280,54875,306000000,1728000
1791120275.6687,4960,1296,55062,306000000,1728000
1791120275.7188,4960,1296,54843,306000000,1728000
1791120275.7688,4960,1288,55031,306000000,1728000
1791120275.8189,4960,1280,54875,306000000,1728000
1791120275.8690,4960,1280,55000,306000000,1728000
1791120275.9191,4960,1288,54937,306000000,1728000
1791120275.9692,4960,1280,54937,306000000,1728000
1791120276.0193,4960,1280,54843,306000000,1728000
1791120276.0694,4960,1272,54937,306000000,1728000
1791120276.1195,4960,1272,55093,306000000,1728000
1791120276.1696,4960,1288,54843,306000000,1728000
1791120276.2197,4960,1296,55000,306000000,1728000
1791120276.2698,4960,1296,54843,306000000,1728000
1791120276.3198,4960,1296,54937,306000000,1728000
1791120276.3699,4960,1288,54843,306000000,1728000
1791120276.4200,4960,1288,54937,306000000,1728000
1791120276.4701,4960,1288,54875,306000000,1728000
1791120276.5202,4960,1288,54875,306000000,1728000
1791120276.5702,4960,1280,55062,306000000,1728000
1791120276.6203,4960,1280,54937,306000000,1728000
1791120276.6704,4960,1288,55062,306000000,1728000
1791120276.7205,4960,1288,54906,306000000,1728000
1791120276.7706,4960,1296,54968,306000000,1728000
1791120276.8207,4960,1296,54875,306000000,1728000
1791120276.8708,4960,1296,54968,306000000,1728000
1791120276.9209,4960,1288,54906,306000000,1728000
1791120276.9710,4960,1288,55000,306000000,1728000
1791120277.0210,4960,1288,55125,306000000,1728000
1791120277.0711,4960,1280,55031,306000000,1728000
1791120277.1212,4960,1280,55062,306000000,1728000
1791120277.1713,4960,1288,54937,306000000,1728000
1791120277.2214,4960,1280,54937,306000000,1728000
1791120277.2715,4960,1288,54843,306000000,1728000
1791120277.3216,4960,1296,54968,306000000,1728000
1791120277.3716,4960,1296,54906,306000000,1728000
1791120277.4217,4960,1288,54968,306000000,1728000
1791120277.4718,4960,1288,55093,306000000,1728000
1791120277.5219,4960,1288,54875,306000000,1728000
1791120277.5720,4960,1288,55062,306000000,1728000
1791120277.6221,4960,1288,54937,306000000,1728000
1791120277.6721,4960,1280,55031,306000000,1728000
1791120277.7222,4960,1288,54875,306000000,1728000
1791120277.7723,4960,1288,55062,306000000,1728000
1791120277.8224,4960,1288,54968,306000000,1728000
1791120277.8725,4960,1296,55000,306000000,1728000
1791120277.9226,4960,1288,55156,306000000,1728000
1791120277.9727,4960,1288,54968,306000000,1728000
1791120278.0228,4960,1280,55093,306000000,1728000
1791120278.0729,4960,1280,54968,306000000,1728000
1791120278.1230,4960,1280,55062,306000000,1728000
1791120278.1731,4960,1280,54937,306000000,1728000
1791120278.2231,4960,1272,55031,306000000,1728000
1791120278.2732,4960,1272,54875,306000000,1728000
1791120278.3233,4960,1280,54968,306000000,1728000
1791120278.3734,4960,1264,54906,306000000,1728000
1791120278.4235,4960,1280,54968,306000000,1728000
1791120278.4736,4960,1288,55093,306000000,1728000
1791120278.5237,4960,1272,55000,306000000,1728000
1791120278.5738,4960,1272,55062,306000000,1728000
1791120278.6238,4960,1280,55000,306000000,1728000
1791120278.6739,4960,1280,54968,306000000,1728000
1791120278.7240,4960,1280,54875,306000000,1728000
1791120278.7741,4960,1280,55000,306000000,1728000
1791120278.8242,4960,1288,54906,306000000,1728000
1791120278.8743,4960,1280,54906,306000000,1728000
1791120278.9244,4960,1280,55125,306000000,1728000
1791120278.9745,4960,1288,54875,306000000,1728000
1791120279.0246,4960,1296,55062,306000000,1728000
1791120279.0747,4960,1288,54906,306000000,1728000
1791120279.1248,4960,1280,55062,306000000,1728000
1791120279.1749,4960,1280,54875,306000000,1728000
1791120279.2250,4960,1280,55000,306000000,1728000
1791120279.2751,4960,1280,54875,306000000,1728000
1791120279.3251,4960,1272,55062,306000000,1728000
1791120279.3752,4960,1272,55093,306000000,1728000
1791120279.4253,4960,1272,54937,306000000,1728000
1791120279.4754,4960,1272,55062,306000000,1728000
1791120279.5255,4960,1272,54875,306000000,1728000
1791120279.5756,4960,1280,55062,306000000,1728000
1791120279.6257,4960,1280,54843,306000000,1728000
1791120279.6757,4960,1272,55062,306000000,1728000
1791120279.7258,4960,1280,54906,306000000,1728000
1791120279.7759,4960,1288,54937,306000000,1728000
1791120279.8260,4960,1288,55125,306000000,1728000
1791120279.8761,4960,1288,55000,306000000,1728000
1791120279.9262,4960,1280,55093,306000000,1728000
1791120279.9763,4960,1280,54906,306000000,1728000
1791120280.0264,4960,1272,54906,306000000,1728000
1791120280.0765,4960,1272,54906,306000000,1728000
1791120280.1266,4960,1288,54968,306000000,1728000
1791120280.1767,4960,1288,54937,306000000,1728000
1791120280.2267,4960,1288,54968,306000000,1728000
1791120280.2768,4960,1280,55156,306000000,1728000
1791120280.3269,4960,1280,54875,306000000,1728000
1791120280.3770,4960,1280,55062,306000000,1728000
1791120280.4271,4960,1280,55000,306000000,1728000
1791120280.4772,4960,1272,55031,306000000,1728000
1791120280.5273,4960,1272,54937,306000000,1728000
1791120280.5773,4960,1272,55000,306000000,1728000
1791120280.6274,4960,1272,54875,306000000,1728000
1791120280.6775,4960,1280,54937,306000000,1728000
1791120280.7276,4960,1280,54937,306000000,1728000
1791120280.7777,4960,1288,55000,306000000,1728000
1791120280.8278,4960,1280,55062,306000000,1728000
1791120280.8779,4960,1280,55000,306000000,1728000
1791120280.9280,4960,1280,55062,306000000,1728000
1791120280.9781,4960,1280,54937,306000000,1728000
1791120281.0282,4960,1272,54968,306000000,1728000
1791120281.0782,4960,1272,54906,306000000,1728000
1791120281.1283,4960,1280,55062,306000000,1728000
1791120281.1784,4960,1280,54937,306000000,1728000
1791120281.2285,4960,1280,54968,306000000,1728000
1791120281.2786,4960,1288,55093,306000000,1728000
1791120281.3287,4960,1280,54906,306000000,1728000
1791120281.3788,4960,1272,55031,306000000,1728000
1791120281.4289,4960,1280,54968,306000000,1728000
1791120281.4790,4960,1280,55062,306000000,1728000
1791120281.5291,4960,1272,54906,306000000,1728000
1791120281.5792,4960,1272,54937,306000000,1728000
1791120281.6292,4960,1272,54843,306000000,1728000
1791120281.6793,4960,1272,55000,306000000,1728000
1791120281.7294,4960,1272,55093,306000000,1728000
1791120281.7795,4960,1280,55000,306000000,1728000
1791120281.8296,4960,1296,55062,306000000,1728000
1791120281.8797,4960,1296,54906,306000000,1728000
1791120281.9298,4960,1288,55000,306000000,1728000
1791120281.9799,4960,1288,54875,306000000,1728000
1791120282.0300,4960,1280,55000,306000000,1728000
1791120282.0800,4960,1280,54843,306000000,1728000
1791120282.1301,4960,1280,54968,306000000,1728000
1791120282.1802,4960,1280,55187,306000000,1728000
1791120282.2303,4960,1280,54968,306000000,1728000
1791120282.2804,4960,1280,55156,306000000,1728000
1791120282.3305,4960,1288,54937,306000000,1344000
1791120282.3806,4960,1296,55000,306000000,1728000
1791120282.4307,4960,1288,54843,306000000,1728000
1791120282.4808,4960,1288,55000,306000000,1728000
1791120282.5309,4960,1280,54968,306000000,1728000
1791120282.5809,4960,1272,55000,306000000,1728000
1791120282.6311,4960,1280,55125,306000000,1728000
1791120282.6811,4960,1280,54937,306000000,1728000
1791120282.7312,4960,1280,55125,306000000,1728000
1791120282.7813,4960,1272,54968,306000000,1728000
1791120282.8314,4960,1280,55062,306000000,1728000
1791120282.8815,4960,1288,54968,306000000,1728000
1791120282.9316,4960,1296,54937,306000000,1728000
1791120282.9817,4960,1288,54937,306000000,1728000
1791120283.0318,4960,1288,54937,306000000,1728000
1791120283.0819,4960,1288,54937,306000000,1728000
1791120283.1320,4960,1280,55000,306000000,1728000
1791120283.1821,4960,1280,55093,306000000,1728000
1791120283.2322,4960,1280,54968,306000000,1728000
1791120283.2822,4960,1280,54968,306000000,1728000
1791120283.3323,4960,1272,54875,306000000,1728000
1791120283.3824,4960,1280,54968,306000000,1728000
1791120283.4325,4960,1280,54906,306000000,1728000
1791120283.4826,4960,1296,54968,306000000,1728000
1791120283.5327,4960,1288,54843,306000000,1728000
1791120283.5836,4960,1288,54906,306000000,1728000
1791120283.6337,4960,1288,55156,306000000,1728000
1791120283.6837,4960,1288,54843,306000000,1728000
1791120283.7338,4960,1280,55062,306000000,1728000
1791120283.7839,4960,1280,54968,306000000,1728000
1791120283.8340,4960,1280,54968,306000000,1728000
1791120283.8841,4960,1288,54875,306000000,1728000
1791120283.9342,4960,1280,54968,306000000,1728000
1791120283.9843,4960,1288,54906,306000000,1344000
1791120284.0344,4960,1296,55000,306000000,1497600
1791120284.0845,4960,1296,55125,306000000,1728000
1791120284.1346,4960,1288,54937,306000000,1728000
1791120284.1847,4960,1288,55187,306000000,1728000
1791120284.2347,4960,1288,54968,306000000,1728000
1791120284.2848,4960,1280,55031,306000000,1728000
1791120284.3349,4960,1280,54906,306000000,1728000
1791120284.3850,4960,1288,54968,306000000,1728000
1791120284.4351,4960,1288,54812,306000000,1728000
1791120284.4852,4960,1280,54937,306000000,1728000
1791120284.5353,4960,1280,55093,306000000,1728000
1791120284.5854,4960,1288,54968,306000000,1728000
1791120284.6355,4960,1296,55062,306000000,1728000
1791120284.6855,4960,1288,55000,306000000,1728000
1791120284.7356,4960,1288,55093,306000000,1728000
1791120284.7857,4960,1288,54937,306000000,1728000
1791120284.8358,4960,1288,54968,306000000,1728000
1791120284.8859,4960,1288,54875,306000000,1728000
1791120284.9360,4960,1288,55031,306000000,1728000
1791120284.9861,4960,1280,55093,306000000,1728000
1791120285.0362,4960,1280,54906,306000000,1728000
1791120285.0863,4960,1280,55062,306000000,1728000
1791120285.1364,4960,1288,54906,306000000,1728000
1791120285.1865,4960,1296,55062,306000000,1728000
1791120285.2366,4960,1288,55000,306000000,1728000
1791120285.2866,4960,1288,54937,306000000,1728000
1791120285.3367,4960,1288,54906,306000000,1728000
1791120285.3868,4960,1288,55000,306000000,1728000
1791120285.4369,4960,1280,54906,306000000,1728000
1791120285.4870,4960,1280,55000,306000000,1728000
1791120285.5371,4960,1280,55187,306000000,1728000
1791120285.5871,4960,1280,54968,306000000,1728000
1791120285.6372,4960,1280,55062,306000000,1728000
1791120285.6873,4960,1280,54937,306000000,1728000
1791120285.7374,4960,1288,55000,306000000,1728000
1791120285.7875,4960,1288,54843,306000000,1728000
1791120285.8376,4960,1272,55062,306000000,1728000
1791120285.8877,4960,1280,54968,306000000,1728000
1791120285.9378,4960,1288,55031,306000000,1728000
1791120285.9879,4960,1280,55125,306000000,1728000
1791120286.0380,4960,1272,54843,306000000,1728000
1791120286.0881,4960,1272,55093,306000000,1728000
1791120286.1381,4960,1272,54968,306000000,1728000
1791120286.1882,4960,1272,55062,306000000,1728000
1791120286.2383,4960,1280,54968,306000000,1728000
1791120286.2884,4960,1288,54968,306000000,1728000
1791120286.3385,4960,1280,54937,306000000,1728000
1791120286.3886,4960,1280,54906,306000000,1728000
1791120286.4387,4960,1280,55093,306000000,1728000
1791120286.4887,4960,1272,54875,306000000,1728000
1791120286.5388,4960,1272,55093,306000000,1728000
1791120286.5889,4960,1272,54968,306000000,1728000
1791120286.6390,4960,1272,55062,306000000,1728000
1791120286.6891,4960,1264,54906,306000000,1728000
1791120286.7392,4960,1272,55062,306000000,1728000
1791120286.7893,4960,1272,54906,306000000,1728000
1791120286.8394,4960,1288,55062,306000000,1497600
1791120286.8895,4960,1280,55156,306000000,1728000
1791120286.9396,4960,1288,54937,306000000,1728000
1791120286.9897,4960,1288,55093,306000000,1728000
1791120287.0398,4960,1288,54906,306000000,1728000
1791120287.0898,4960,1280,55031,306000000,1728000
1791120287.1399,4960,1264,54937,306000000,1728000
1791120287.1900,4960,1256,55031,306000000,1728000
1791120287.2401,4960,1256,54937,306000000,1728000
1791120287.2902,4960,1248,55062,306000000,1728000
1791120287.3403,4960,1240,55125,306000000,1728000
1791120287.3904,4960,1248,55000,306000000,1728000
1791120287.4405,4960,1248,55062,306000000,1728000
1791120287.4905,4960,1240,54968,306000000,1728000
1791120287.5406,4960,1240,55187,306000000,1728000
1791120287.5907,4960,1232,55000,306000000,1728000
1791120287.6408,4960,1232,55062,306000000,1728000
1791120287.6908,4960,1224,55125,306000000,1728000
1791120287.7409,4960,1224,55031,306000000,1728000
1791120287.7910,4960,1224,54906,306000000,1728000
1791120287.8411,4960,1216,55031,306000000,1728000
1791120287.8912,4960,1216,55125,306000000,1728000
1791120287.9413,4960,1232,55093,306000000,1728000
1791120287.9914,4960,1232,55250,306000000,1728000
1791120288.0415,4960,1232,55062,306000000,1728000
1791120288.0915,4960,1232,55062,306000000,1728000
1791120288.1416,4960,1224,54968,306000000,1728000
1791120288.1917,4960,1224,55125,306000000,1728000
1791120288.2418,4960,1224,55218,306000000,1728000
1791120288.2919,4960,1216,54937,306000000,1728000
1791120288.3420,4960,1216,55156,306000000,1728000
1791120288.3920,4960,1216,54968,306000000,1728000
1791120288.4421,4960,1216,55156,306000000,1728000
1791120288.4922,4960,1224,55218,306000000,1728000
1791120288.5423,4960,1224,55187,306000000,1728000
1791120288.5924,4960,1224,55062,306000000,1728000
1791120288.6425,4960,1224,54937,306000000,1728000
1791120288.6926,4960,1216,55093,306000000,1728000
1791120288.7426,4960,1216,55000,306000000,1728000
1791120288.7927,4960,1216,55218,306000000,1728000
1791120288.8428,4960,1216,55000,306000000,1728000
1791120288.8929,4960,1208,55156,306000000,1728000
1791120288.9430,4960,1208,54906,306000000,1728000
1791120288.9931,4960,1216,55187,306000000,1728000
1791120289.0432,4960,1224,55312,306000000,1728000
1791120289.0933,4960,1232,55156,306000000,1728000
1791120289.1434,4960,1224,54937,306000000,1728000
1791120289.1934,4960,1224,55031,306000000,1728000
1791120289.2435,4960,1224,55125,306000000,1728000
1791120289.2936,4960,1216,55000,306000000,1728000
1791120289.3437,4960,1216,55093,306000000,1728000
1791120289.3938,4960,1216,55000,306000000,1728000
1791120289.4438,4960,1216,55062,306000000,1728000
1791120289.4939,4960,1208,55000,306000000,1728000
1791120289.5440,4960,1224,55031,306000000,1728000
1791120289.5941,4960,1232,55187,306000000,1728000
1791120289.6442,4960,1240,55000,306000000,1728000
1791120289.6943,4960,1240,55125,306000000,1728000
1791120289.7444,4960,1256,55093,306000000,1728000
1791120289.7945,4960,1272,55125,306000000,1728000
1791120289.8445,4960,1256,55031,306000000,1728000
1791120289.8946,4960,1256,54968,306000000,1728000
1791120289.9447,4960,1232,54906,306000000,1728000
1791120289.9948,4960,1208,55000,306000000,1497600
