1791122173.3912,4976,984,59250,306000000,1728000
1791122173.4413,4968,1032,59468,306000000,1728000
1791122173.4914,4968,1064,59156,306000000,1728000
1791122173.5415,4968,1072,59343,306000000,1728000
1791122173.5916,4968,1088,59218,306000000,1728000
1791122173.6417,4968,1104,59281,306000000,1728000
1791122173.6918,4968,1120,59187,306000000,1728000
1791122173.7418,4968,1120,59218,306000000,1728000
1791122173.7919,4968,1136,59187,306000000,1728000
1791122173.8420,4968,1136,59187,306000000,1728000
1791122173.8921,4968,1144,59406,306000000,1728000
1791122173.9421,4968,1144,59250,306000000,1728000
1791122173.9922,4968,1152,59375,306000000,1728000
1791122174.0423,4968,1152,59187,306000000,1728000
1791122174.0924,4968,1152,59250,306000000,1728000
1791122174.1424,4968,1160,59156,306000000,1728000
1791122174.1925,4968,1160,59187,306000000,1728000
1791122174.2426,4968,1176,59125,306000000,1728000
1791122174.2927,4968,1184,59156,306000000,1728000
1791122174.3427,4968,1184,59343,306000000,1728000
1791122174.3928,4968,1184,59187,306000000,1728000
1791122174.4429,4968,1192,59250,306000000,1728000
1791122174.4930,4968,1192,59156,306000000,1728000
1791122174.5431,4968,1192,59187,306000000,1728000
1791122174.5931,4968,1192,59312,306000000,1728000
1791122174.6432,4968,1192,59250,306000000,1728000
1791122174.6933,4968,1192,59437,306000000,1728000
1791122174.7434,4968,1192,59156,306000000,1728000
1791122174.7935,4968,1208,59437,306000000,1728000
1791122174.8436,4968,1208,59218,306000000,1728000
1791122174.8937,4968,1208,59250,306000000,1728000
1791122174.9437,4968,1208,59156,306000000,1728000
1791122174.9938,4968,1200,59187,306000000,1728000
1791122175.0439,4968,1200,59125,306000000,1728000
1791122175.0939,4968,1200,59156,306000000,1728000
1791122175.1440,4960,1200,59125,306000000,1728000
1791122175.1941,4968,1200,59187,306000000,1728000
1791122175.2442,4968,1200,59406,306000000,1728000
1791122175.2943,4968,1200,59125,306000000,1728000
1791122175.3443,4960,1208,59218,306000000,1728000
1791122175.3944,4960,1216,59375,306000000,1728000
1791122175.4445,4960,1216,59218,306000000,1728000
1791122175.4946,4960,1208,59187,306000000,1728000
1791122175.5447,4960,1208,59125,306000000,1728000
1791122175.5948,4968,1208,59156,306000000,1728000
1791122175.6449,4968,1200,59187,306000000,1728000
1791122175.6949,4968,1200,59250,306000000,1728000
1791122175.7450,4968,1200,59093,306000000,1728000
1791122175.7951,4960,1208,59250,306000000,1728000
1791122175.8452,4960,1208,59187,306000000,1728000
1791122175.8953,4960,1216,59250,306000000,1728000
1791122175.9454,4960,1216,59125,306000000,1728000
1791122175.9955,4960,1216,59187,306000000,1728000
1791122176.0455,4960,1240,59062,306000000,1728000
1791122176.0956,4960,1232,59218,306000000,1728000
1791122176.1457,4960,1232,59218,306000000,1728000
1791122176.1958,4960,1224,59093,306000000,1728000
1791122176.2459,4960,1224,59187,306000000,1728000
1791122176.2959,4960,1224,59125,306000000,1728000
1791122176.3460,4960,1224,59125,306000000,1728000
1791122176.3961,4960,1224,59093,306000000,1728000
1791122176.4462,4960,1224,59125,306000000,1728000
1791122176.4963,4960,1232,59375,306000000,1728000
1791122176.5464,4960,1232,59093,306000000,1728000
1791122176.5965,4960,1224,59062,1020000000,1728000
1791122176.6466,4960,1224,59093,306000000,1728000
1791122176.6967,4960,1224,59218,306000000,1728000
1791122176.7467,4960,1216,59031,306000000,1728000
1791122176.7968,4960,1216,59156,306000000,1728000
1791122176.8469,4960,1216,59000,306000000,1728000
1791122176.8970,4960,1224,59125,306000000,1728000
1791122176.9470,4960,1232,58937,306000000,1728000
1791122176.9971,4960,1240,59156,306000000,1728000
1791122177.0472,4960,1248,59062,306000000,1728000
1791122177.0973,4960,1240,59000,306000000,1728000
1791122177.1474,4960,1232,59218,306000000,1728000
1791122177.1975,4960,1248,59093,306000000,1728000
1791122177.2475,4960,1248,59156,306000000,1728000
1791122177.2976,4960,1240,59062,306000000,1728000
1791122177.3477,4960,1248,59125,306000000,1728000
1791122177.3978,4960,1256,59062,306000000,1728000
1791122177.4478,4960,1256,59062,306000000,1728000
1791122177.4979,4960,1264,59062,306000000,1728000
1791122177.5480,4960,1248,59000,306000000,1728000
1791122177.5981,4960,1264,59187,306000000,1728000
1791122177.6482,4960,1256,59000,306000000,1728000
1791122177.6983,4960,1240,59187,306000000,1728000
1791122177.7483,4960,1240,59031,306000000,1728000
1791122177.7984,4960,1248,59062,306000000,1728000
1791122177.8485,4960,1232,59000,306000000,1728000
1791122177.8986,4960,1232,59093,306000000,1728000
1791122177.9486,4960,1224,59031,306000000,1728000
1791122177.9987,4960,1232,59031,306000000,1728000
1791122178.0488,4960,1232,59125,306000000,1728000
1791122178.0989,4960,1224,59093,306000000,1190400
1791122178.1490,4960,1240,59156,306000000,1728000
1791122178.1991,4960,1232,59093,306000000,1728000
1791122178.2492,4960,1232,59093,306000000,1728000
1791122178.2992,4960,1232,58937,306000000,1728000
1791122178.3493,4960,1224,58968,306000000,1728000
1791122178.3994,4960,1224,58937,306000000,1728000
1791122178.4495,4960,1224,58937,306000000,1728000
1791122178.4995,4960,1216,59125,306000000,1728000
1791122178.5496,4960,1216,58937,306000000,1728000
1791122178.5997,4960,1224,59156,306000000,1728000
1791122178.6498,4960,1216,58937,306000000,1728000
1791122178.6999,4960,1232,59062,306000000,1728000
1791122178.7500,4960,1224,58937,306000000,1728000
1791122178.8000,4960,1224,59031,306000000,1728000
1791122178.8501,4960,1216,58937,306000000,1728000
1791122178.9002,4960,1216,58968,306000000,1728000
1791122178.9503,4960,1216,59218,306000000,1728000
1791122179.0003,4960,1216,58937,306000000,1728000
1791122179.0504,4960,1216,59093,306000000,1728000
1791122179.1005,4960,1216,58937,306000000,1728000
1791122179.1506,4960,1216,59000,306000000,1728000
1791122179.2006,4960,1216,58937,306000000,1728000
1791122179.2507,4960,1224,59031,306000000,1497600
1791122179.3008,4960,1232,58937,306000000,1728000
1791122179.3509,4960,1232,58937,306000000,1728000
1791122179.4010,4960,1224,59125,306000000,1728000
1791122179.4511,4960,1224,58968,306000000,1728000
1791122179.5011,4960,1224,59062,306000000,1728000
1791122179.5512,4960,1216,58937,306000000,1728000
1791122179.6013,4960,1224,58937,306000000,1728000
1791122179.6514,4960,1216,58906,306000000,1728000
1791122179.7015,4960,1216,59000,306000000,1728000
1791122179.7516,4960,1208,58843,306000000,1728000
1791122179.8016,4960,1224,58937,306000000,1728000
1791122179.8517,4960,1240,59062,306000000,1728000
1791122179.9018,4960,1224,58968,306000000,1728000
1791122179.9519,4960,1232,59031,306000000,1728000
1791122180.0020,4960,1216,58906,306000000,1728000
1791122180.0521,4960,1216,59031,306000000,1728000
1791122180.1021,4960,1216,58906,306000000,1728000
1791122180.1522,4960,1216,58906,306000000,1728000
1791122180.2023,4960,1208,58812,306000000,1728000
1791122180.2524,4960,1216,58937,306000000,1728000
1791122180.3024,4960,1208,59031,306000000,1728000
1791122180.3525,4960,1216,58906,306000000,1728000
1791122180.4026,4960,1224,59031,306000000,1728000
1791122180.4527,4960,1224,58937,306000000,1728000
1791122180.5028,4960,1216,58937,306000000,1728000
1791122180.5528,4960,1216,58875,306000000,1728000
1791122180.6029,4960,1216,58937,306000000,1728000
1791122180.6530,4960,1216,58875,306000000,1728000
1791122180.7031,4960,1216,58937,306000000,1728000
1791122180.7531,4960,1216,58968,306000000,1728000
1791122180.8032,4960,1216,58875,306000000,1728000
1791122180.8533,4960,1216,58937,306000000,1728000
1791122180.9034,4960,1216,58875,306000000,1728000
1791122180.9535,4960,1224,59000,306000000,1728000
1791122181.0036,4960,1232,58781,306000000,1728000
1791122181.0536,4960,1224,58937,306000000,1728000
1791122181.1037,4960,1224,58843,306000000,1728000
1791122181.1538,4960,1216,58843,306000000,1728000
1791122181.2039,4960,1224,59000,306000000,1728000
1791122181.2540,4968,1216,58906,306000000,1728000
1791122181.3040,4960,1216,58968,306000000,1728000
1791122181.3541,4960,1208,58843,306000000,1728000
1791122181.4042,4960,1216,58968,306000000,1728000
1791122181.4543,4968,1208,58812,306000000,1728000
1791122181.5044,4960,1224,58906,306000000,1728000
1791122181.5545,4960,1232,58843,306000000,1728000
1791122181.6046,4960,1224,58906,306000000,1728000
1791122181.6547,4960,1224,58843,306000000,1728000
1791122181.7047,4960,1216,58843,306000000,1728000
1791122181.7548,4960,1224,58968,306000000,1728000
1791122181.8049,4968,1216,58906,306000000,1728000
1791122181.8550,4960,1216,58968,306000000,1728000
1791122181.9050,4968,1216,58843,306000000,1728000
1791122181.9551,4960,1216,58843,306000000,1728000
1791122182.0052,4960,1224,58781,306000000,1728000
1791122182.0553,4960,1216,58875,306000000,1420800
1791122182.1054,4960,1224,58875,306000000,1728000
1791122182.1555,4960,1216,58875,306000000,1728000
1791122182.2056,4960,1224,59031,306000000,1728000
1791122182.2556,4968,1216,58843,306000000,1728000
1791122182.3057,4960,1216,58937,306000000,1728000
1791122182.3558,4960,1224,58843,306000000,1728000
1791122182.4059,4968,1216,58937,306000000,1728000
1791122182.4560,4960,1216,58750,306000000,1728000
1791122182.5061,4968,1208,58906,306000000,1728000
1791122182.5561,4968,1200,58875,306000000,1728000
1791122182.6062,4960,1216,58875,306000000,1728000
1791122182.6563,4960,1224,58968,306000000,1728000
1791122182.7064,4960,1224,58875,306000000,1728000
1791122182.7565,4968,1216,58968,306000000,1728000
1791122182.8066,4960,1216,58781,306000000,1728000
1791122182.8567,4960,1224,58812,306000000,1728000
1791122182.9067,4968,1208,58843,306000000,1728000
1791122182.9568,4960,1216,58875,306000000,1728000
1791122183.0069,4968,1208,58812,306000000,1728000
1791122183.0570,4960,1208,58843,306000000,1728000
1791122183.1071,4968,1200,58906,306000000,1728000
1791122183.1572,4960,1208,58843,306000000,1728000
1791122183.2073,4960,1224,58906,306000000,729600
1791122183.2574,4960,1224,58812,306000000,1728000
1791122183.3074,4960,1216,58843,306000000,1728000
1791122183.3575,4960,1216,58875,306000000,1728000
1791122183.4076,4960,1224,58812,306000000,1728000
1791122183.4577,4960,1208,58718,306000000,1728000
1791122183.5078,4960,1216,58843,306000000,1728000
1791122183.5579,4960,1216,58875,306000000,1728000
1791122183.6079,4960,1216,58750,306000000,1728000
1791122183.6580,4968,1208,58875,306000000,1728000
1791122183.7081,4960,1216,58750,306000000,1728000
1791122183.7582,4960,1224,58812,306000000,1728000
1791122183.8083,4960,1224,58718,306000000,1728000
1791122183.8584,4960,1224,58781,306000000,1728000
1791122183.9085,4960,1216,58718,306000000,1728000
1791122183.9585,4960,1224,58781,306000000,1728000
1791122184.0086,4960,1216,58843,306000000,1728000
1791122184.0587,4960,1216,58718,306000000,1728000
1791122184.1088,4960,1208,58906,306000000,1728000
1791122184.1589,4960,1208,58718,306000000,1728000
1791122184.2090,4960,1216,58781,306000000,1728000
1791122184.2590,4968,1208,58750,306000000,1728000
1791122184.3091,4960,1224,58843,306000000,1728000
1791122184.3592,4960,1232,58718,306000000,1728000
1791122184.4093,4960,1224,58843,306000000,1728000
1791122184.4594,4960,1224,58906,306000000,1728000
1791122184.5095,4960,1216,58750,306000000,1728000
1791122184.5596,4960,1216,58812,306000000,1728000
1791122184.6096,4960,1216,58750,306000000,1728000
1791122184.6597,4960,1216,58812,306000000,1728000
1791122184.7098,4960,1216,58718,306000000,1728000
1791122184.7599,4960,1216,58781,306000000,1728000
1791122184.8100,4960,1216,58750,306000000,1728000
1791122184.8601,4960,1224,58750,306000000,1728000
1791122184.9102,4960,1224,58687,306000000,1728000
1791122184.9603,4960,1224,58718,306000000,1728000
1791122185.0103,4960,1216,58843,306000000,1728000
1791122185.0604,4960,1216,58718,306000000,1728000
1791122185.1105,4960,1216,58843,306000000,1728000
1791122185.1606,4960,1216,58750,306000000,1728000
1791122185.2106,4960,1216,58687,306000000,1728000
1791122185.2607,4960,1208,58656,306000000,1728000
1791122185.3108,4960,1216,58781,306000000,1728000
1791122185.3609,4960,1216,58718,306000000,1728000
1791122185.4109,4960,1216,58687,306000000,1344000
1791122185.4610,4960,1224,58812,306000000,1728000
1791122185.5111,4960,1224,58656,306000000,1728000
1791122185.5612,4960,1224,58812,306000000,1728000
1791122185.6113,4960,1224,58562,306000000,1728000
1791122185.6614,4960,1216,58656,306000000,1728000
1791122185.7114,4960,1216,58687,306000000,1728000
1791122185.7615,4960,1224,58812,306000000,1728000
1791122185.8116,4960,1216,58687,306000000,1728000
1791122185.8617,4960,1216,58656,306000000,1728000
1791122185.9117,4960,1208,58750,306000000,1728000
1791122185.9618,4960,1216,58656,306000000,1728000
1791122186.0119,4960,1224,58812,306000000,1728000
1791122186.0620,4960,1224,58718,306000000,1728000
1791122186.1121,4960,1216,58687,306000000,1728000
1791122186.1622,4960,1224,58656,306000000,1728000
1791122186.2122,4960,1216,58687,306000000,1728000
1791122186.2623,4960,1216,58593,306000000,1728000
1791122186.3124,4968,1208,58718,306000000,1728000
1791122186.3625,4968,1216,58812,306000000,1728000
1791122186.4125,4968,1208,58687,306000000,1728000
1791122186.4626,4960,1208,58750,306000000,1728000
1791122186.5127,4968,1208,58593,306000000,1728000
1791122186.5628,4960,1224,58687,306000000,1420800
1791122186.6129,4960,1216,58593,306000000,1728000
1791122186.6630,4960,1216,58687,306000000,1728000
1791122186.7130,4960,1208,58531,306000000,1728000
1791122186.7631,4960,1216,58625,306000000,1728000
1791122186.8132,4968,1208,58781,306000000,1728000
1791122186.8633,4968,1208,58625,306000000,1728000
1791122186.9134,4968,1208,58750,306000000,1728000
1791122186.9634,4968,1208,58593,306000000,1728000
1791122187.0135,4968,1200,58656,306000000,1728000
1791122187.0636,4960,1208,58500,306000000,1728000
1791122187.1137,4960,1224,58656,306000000,1728000
1791122187.1638,4960,1224,58500,306000000,1728000
1791122187.2138,4960,1224,58531,306000000,1728000
1791122187.2639,4968,1216,58781,306000000,1728000
1791122187.3140,4960,1224,58656,306000000,1728000
1791122187.3641,4968,1216,58718,306000000,1728000
1791122187.4141,4968,1208,58625,306000000,1728000
1791122187.4642,4968,1200,58687,306000000,1728000
1791122187.5143,4968,1208,58531,306000000,1728000
1791122187.5644,4968,1208,58687,306000000,1728000
1791122187.6144,4968,1208,58593,306000000,1728000
1791122187.6645,4960,1232,58593,306000000,1728000
1791122187.7146,4960,1256,58593,306000000,1728000
1791122187.7647,4960,1264,58562,306000000,1728000
1791122187.8148,4960,1264,58687,306000000,1728000
1791122187.8649,4960,1264,58593,306000000,1728000
1791122187.9149,4960,1256,58531,306000000,1728000
1791122187.9650,4960,1256,58500,306000000,1728000
1791122188.0151,4960,1248,58593,306000000,1728000
1791122188.0652,4960,1240,58500,306000000,1728000
1791122188.1152,4960,1248,58531,306000000,1728000
1791122188.1653,4960,1232,58531,306000000,1728000
1791122188.2154,4960,1240,58656,306000000,1344000
1791122188.2655,4960,1240,58718,306000000,1728000
1791122188.3156,4960,1240,58500,306000000,1728000
1791122188.3657,4960,1232,58625,306000000,1728000
1791122188.4157,4960,1232,58593,306000000,1728000
1791122188.4658,4960,1232,58593,306000000,1728000
1791122188.5159,4960,1224,58562,306000000,1728000
1791122188.5660,4960,1232,58593,306000000,1728000
1791122188.6161,4960,1216,58468,306000000,1728000
1791122188.6661,4960,1224,58593,306000000,1728000
1791122188.7162,4960,1224,58687,306000000,1728000
1791122188.7663,4960,1224,58468,306000000,1728000
1791122188.8164,4960,1240,58687,306000000,1728000
1791122188.8665,4960,1240,58500,306000000,1728000
1791122188.9166,4960,1232,58562,306000000,1728000
1791122188.9666,4960,1232,58500,306000000,1728000
1791122189.0167,4960,1224,58500,306000000,1728000
1791122189.0668,4960,1224,58468,306000000,1728000
1791122189.1169,4960,1216,58468,306000000,1728000
1791122189.1669,4960,1224,58750,306000000,1728000
1791122189.2170,4960,1208,58406,306000000,1728000
1791122189.2671,4960,1216,58531,306000000,1728000
1791122189.3171,4960,1216,58437,306000000,1113600
1791122189.3672,4960,1224,58593,306000000,1497600
1791122189.4173,4960,1232,58562,306000000,1728000
1791122189.4674,4960,1224,58593,306000000,1728000
1791122189.5175,4960,1224,58468,306000000,1728000
1791122189.5676,4960,1224,58437,306000000,1728000
1791122189.6177,4960,1216,58656,306000000,1728000
1791122189.6677,4960,1224,58531,306000000,1728000
1791122189.7178,4960,1216,58593,306000000,1728000
1791122189.7679,4960,1224,58468,306000000,1728000
1791122189.8180,4960,1216,58593,306000000,1728000
1791122189.8681,4960,1216,58500,306000000,1728000
1791122189.9182,4960,1224,58437,306000000,1728000
1791122189.9683,4960,1232,58406,306000000,1728000
1791122190.0184,4960,1224,58468,306000000,1728000
1791122190.0684,4960,1224,58437,306000000,1728000
1791122190.1185,4960,1224,58468,306000000,1728000
1791122190.1686,4960,1216,58625,306000000,1728000
1791122190.2187,4960,1224,58437,306000000,1728000
1791122190.2687,4960,1216,58562,306000000,1728000
1791122190.3188,4960,1216,58406,306000000,1728000
1791122190.3689,4960,1216,58562,306000000,1728000
1791122190.4190,4960,1208,58437,306000000,1728000
1791122190.4691,4960,1224,58468,306000000,1728000
1791122190.5192,4960,1224,58406,306000000,1728000
1791122190.5693,4960,1224,58437,306000000,1728000
1791122190.6193,4960,1224,58531,306000000,1728000
1791122190.6694,4960,1224,58437,306000000,1728000
1791122190.7195,4960,1216,58437,306000000,1728000
1791122190.7696,4960,1216,58437,306000000,1728000
1791122190.8197,4960,1208,58531,306000000,1728000
1791122190.8697,4960,1216,58437,306000000,1728000
1791122190.9198,4960,1216,58375,306000000,1728000
1791122190.9699,4960,1208,58406,306000000,1728000
1791122191.0200,4960,1216,58468,306000000,1728000
1791122191.0701,4960,1224,58562,306000000,1728000
1791122191.1202,4960,1216,58343,306000000,1728000
1791122191.1703,4960,1224,58531,306000000,1728000
1791122191.2203,4960,1216,58375,306000000,1728000
1791122191.2704,4960,1216,58500,306000000,1728000
1791122191.3205,4960,1224,58312,306000000,1728000
1791122191.3706,4960,1216,58437,306000000,1728000
1791122191.4207,4960,1224,58406,306000000,1728000
1791122191.4708,4968,1216,58375,306000000,1728000
1791122191.5208,4960,1216,58593,306000000,1728000
1791122191.5709,4960,1216,58375,306000000,1728000
1791122191.6210,4960,1232,58468,306000000,1728000
1791122191.6711,4960,1224,58312,306000000,1728000
1791122191.7212,4960,1224,58468,306000000,1728000
1791122191.7713,4960,1224,58312,306000000,1728000
1791122191.8214,4968,1216,58406,306000000,1728000
1791122191.8715,4960,1224,58281,306000000,1728000
1791122191.9216,4968,1216,58406,306000000,1728000
1791122191.9716,4968,1216,58531,306000000,1728000
1791122192.0217,4968,1216,58312,306000000,1728000
1791122192.0718,4960,1216,58406,306000000,1728000
1791122192.1219,4960,1224,58343,306000000,1113600
1791122192.1720,4960,1232,58437,306000000,1728000
1791122192.2221,4960,1232,58312,306000000,1728000
1791122192.2722,4960,1232,58343,306000000,1728000
1791122192.3222,4960,1224,58312,306000000,1728000
1791122192.3723,4960,1224,58437,306000000,1728000
1791122192.4224,4960,1224,58343,306000000,1728000
1791122192.4725,4960,1224,58375,306000000,1728000
1791122192.5225,4960,1216,58468,306000000,1728000
1791122192.5726,4960,1216,58343,306000000,1728000
1791122192.6227,4960,1224,58437,306000000,1728000
1791122192.6728,4960,1224,58375,306000000,1728000
1791122192.7229,4960,1232,58437,306000000,1728000
1791122192.7730,4960,1232,58312,306000000,1728000
1791122192.8231,4960,1224,58343,306000000,1728000
1791122192.8732,4960,1232,58281,306000000,1728000
1791122192.9232,4960,1232,58312,306000000,1728000
1791122192.9733,4960,1224,58468,306000000,1728000
1791122193.0234,4960,1224,58343,306000000,1728000
1791122193.0735,4960,1216,58500,306000000,1728000
1791122193.1236,4968,1216,58312,306000000,1728000
1791122193.1736,4968,1216,58375,306000000,1728000
1791122193.2237,4960,1216,58250,306000000,1728000
1791122193.2738,4960,1224,58343,306000000,1190400
1791122193.3239,4960,1232,58218,306000000,1728000
1791122193.3740,4960,1224,58375,306000000,1728000
1791122193.4241,4960,1224,58437,306000000,1728000
1791122193.4741,4968,1216,58375,306000000,1728000
1791122193.5242,4960,1224,58437,306000000,1728000
1791122193.5743,4960,1208,58250,306000000,1728000
1791122193.6244,4960,1216,58406,306000000,1728000
1791122193.6745,4968,1216,58218,306000000,1728000
1791122193.7246,4968,1208,58375,306000000,1728000
1791122193.7747,4968,1208,58281,306000000,1728000
1791122193.8248,4960,1216,58312,306000000,1728000
1791122193.8749,4960,1224,58437,306000000,1728000
1791122193.9250,4960,1224,58250,306000000,1728000
1791122193.9751,4960,1216,58375,306000000,1728000
1791122194.0251,4960,1224,58343,306000000,1728000
1791122194.0752,4960,1216,58343,306000000,1728000
1791122194.1253,4960,1216,58250,306000000,1728000
1791122194.1754,4960,1216,58250,306000000,1728000
1791122194.2255,4960,1216,58250,306000000,1728000
1791122194.2755,4960,1216,58343,306000000,1728000
1791122194.3256,4968,1208,58406,306000000,1728000
1791122194.3757,4960,1216,58250,306000000,1728000
1791122194.4258,4960,1232,58281,306000000,729600
1791122194.4759,4960,1224,58218,306000000,1728000
1791122194.5260,4960,1232,58312,306000000,1728000
1791122194.5761,4960,1224,58187,306000000,1728000
1791122194.6261,4960,1224,58281,306000000,1728000
1791122194.6762,4960,1208,58156,306000000,1728000
1791122194.7263,4960,1216,58187,306000000,1728000
1791122194.7764,4960,1208,58156,306000000,1728000
1791122194.8265,4960,1216,58250,306000000,1728000
1791122194.8765,4968,1200,58250,306000000,1728000
1791122194.9266,4960,1208,58218,306000000,1190400
1791122194.9767,4960,1224,58375,306000000,1728000
1791122195.0268,4960,1240,58218,306000000,1728000
1791122195.0769,4960,1232,58250,306000000,1728000
1791122195.1270,4960,1232,58250,306000000,1728000
1791122195.1771,4960,1232,58281,306000000,1728000
1791122195.2271,4960,1232,58156,306000000,1728000
1791122195.2772,4960,1224,58218,306000000,1728000
1791122195.3273,4960,1224,58343,306000000,1728000
1791122195.3774,4960,1216,58156,306000000,1728000
1791122195.4274,4960,1216,58281,306000000,1728000
1791122195.4775,4960,1224,58187,306000000,1728000
1791122195.5276,4960,1224,58343,306000000,1728000
1791122195.5777,4960,1240,58093,306000000,1728000
1791122195.6278,4960,1224,58093,306000000,1728000
1791122195.6779,4960,1232,58187,306000000,1728000
1791122195.7280,4960,1224,58250,306000000,1728000
1791122195.7780,4960,1224,58406,306000000,1728000
1791122195.8281,4960,1224,58187,306000000,1728000
1791122195.8782,4960,1216,58281,306000000,729600
1791122195.9283,4960,1216,58125,306000000,1728000
1791122195.9784,4968,1216,58250,306000000,1728000
1791122196.0284,4968,1208,58218,306000000,1728000
1791122196.0785,4960,1224,58218,306000000,1497600
1791122196.1286,4960,1224,58156,306000000,729600
1791122196.1787,4960,1224,58218,306000000,1728000
1791122196.2288,4960,1216,58312,306000000,1728000
1791122196.2788,4960,1224,58156,306000000,1728000
1791122196.3289,4968,1216,58281,306000000,1728000
1791122196.3790,4968,1216,58156,306000000,1728000
1791122196.4291,4968,1208,58218,306000000,1728000
1791122196.4792,4968,1216,58125,306000000,1728000
1791122196.5293,4968,1208,58156,306000000,1728000
1791122196.5793,4968,1208,58156,306000000,1728000
1791122196.6294,4960,1216,58156,306000000,1728000
1791122196.6795,4960,1224,58375,306000000,1728000
1791122196.7296,4960,1232,58281,306000000,1728000
1791122196.7797,4960,1216,58218,306000000,1728000
1791122196.8298,4960,1224,58062,306000000,1728000
1791122196.8798,4960,1224,58187,306000000,1728000
1791122196.9299,4960,1216,58062,306000000,1728000
1791122196.9800,4960,1224,58156,306000000,1728000
1791122197.0301,4960,1216,58125,306000000,1728000
1791122197.0802,4960,1216,58125,306000000,1728000
1791122197.1302,4960,1224,58031,306000000,1728000
1791122197.1803,4960,1216,58156,306000000,1190400
1791122197.2305,4960,1232,58156,306000000,1728000
1791122197.2805,4960,1224,58093,306000000,1728000
1791122197.3306,4960,1224,58187,306000000,1728000
1791122197.3807,4960,1216,58125,306000000,1728000
1791122197.4308,4960,1224,58125,306000000,1728000
1791122197.4809,4960,1224,58000,306000000,1728000
1791122197.5310,4960,1216,58093,306000000,1728000
1791122197.5810,4960,1224,58062,306000000,1728000
1791122197.6311,4960,1224,58125,306000000,1728000
1791122197.6812,4960,1216,58187,306000000,1728000
1791122197.7313,4960,1216,58031,306000000,1190400
1791122197.7814,4960,1224,58218,306000000,1728000
1791122197.8315,4960,1232,58093,306000000,1728000
1791122197.8815,4960,1224,58156,306000000,1728000
1791122197.9316,4960,1224,58093,306000000,1728000
1791122197.9817,4960,1216,58125,306000000,1728000
1791122198.0318,4960,1224,58062,306000000,1728000
1791122198.0819,4968,1208,58125,306000000,1728000
1791122198.1319,4960,1216,58187,306000000,1728000
1791122198.1820,4968,1208,58062,306000000,1728000
1791122198.2321,4960,1208,58187,306000000,1728000
1791122198.2822,4960,1208,58093,306000000,1728000
1791122198.3323,4960,1216,58156,306000000,1728000
1791122198.3823,4960,1232,58031,306000000,1728000
1791122198.4324,4960,1216,58062,306000000,1728000
1791122198.4825,4960,1224,58031,306000000,1728000
1791122198.5326,4960,1216,58062,306000000,1728000
1791122198.5827,4960,1216,58187,306000000,1728000
1791122198.6327,4960,1208,58031,306000000,1728000
1791122198.6828,4960,1216,58187,306000000,1728000
1791122198.7329,4960,1208,58031,306000000,1728000
1791122198.7830,4960,1216,58093,306000000,1728000
1791122198.8331,4960,1216,58031,306000000,1728000
1791122198.8832,4960,1216,58093,306000000,1420800
1791122198.9333,4960,1224,58000,306000000,1728000
1791122198.9833,4960,1224,58062,306000000,1728000
1791122199.0334,4960,1216,58093,306000000,1728000
1791122199.0835,4960,1216,58031,306000000,1728000
1791122199.1335,4960,1216,58156,306000000,1728000
1791122199.1836,4960,1208,58062,306000000,1728000
1791122199.2337,4960,1216,58062,306000000,1728000
1791122199.2838,4968,1208,57968,306000000,1728000
1791122199.3338,4968,1216,58062,306000000,1728000
1791122199.3839,4968,1208,58000,306000000,1728000
1791122199.4340,4960,1216,58125,306000000,1728000
1791122199.4841,4960,1216,58093,306000000,1728000
1791122199.5342,4960,1216,58031,306000000,1728000
1791122199.5843,4960,1216,58125,306000000,1728000
1791122199.6344,4960,1224,58000,306000000,1728000
1791122199.6844,4960,1216,58062,306000000,1728000
1791122199.7345,4960,1240,58031,306000000,1728000
1791122199.7846,4960,1256,58031,306000000,1728000
1791122199.8347,4960,1264,57968,306000000,1728000
1791122199.8847,4960,1264,58031,306000000,1728000
1791122199.9348,4960,1256,58093,306000000,1728000
1791122199.9849,4960,1264,58093,306000000,1728000
1791122200.0350,4960,1272,58093,306000000,729600
1791122200.0851,4960,1256,57968,306000000,1728000
1791122200.1351,4960,1256,58093,306000000,1728000
1791122200.1852,4960,1248,58000,306000000,1728000
1791122200.2353,4960,1248,58062,306000000,1728000
1791122200.2854,4960,1240,57968,306000000,1728000
1791122200.3355,4960,1240,58093,306000000,1728000
1791122200.3855,4960,1240,58125,306000000,1728000
1791122200.4356,4960,1232,57937,306000000,1728000
1791122200.4857,4960,1232,58031,306000000,1728000
1791122200.5358,4960,1216,57968,306000000,1113600
1791122200.5859,4960,1232,58031,306000000,1728000
1791122200.6360,4960,1232,57968,306000000,1728000
1791122200.6861,4960,1232,58031,306000000,1728000
1791122200.7361,4960,1224,57937,306000000,1728000
1791122200.7862,4960,1224,57937,306000000,1728000
1791122200.8363,4960,1224,58062,306000000,1728000
1791122200.8864,4960,1216,58000,306000000,1728000
1791122200.9365,4960,1224,57968,306000000,1728000
1791122200.9865,4968,1208,57968,306000000,1728000
1791122201.0366,4960,1216,58062,306000000,1728000
1791122201.0867,4968,1208,57968,306000000,1728000
1791122201.1368,4960,1224,58031,306000000,1728000
1791122201.1869,4960,1232,57968,306000000,1728000
1791122201.2370,4960,1224,57968,306000000,1728000
1791122201.2870,4960,1232,57968,306000000,1728000
1791122201.3371,4960,1224,57968,306000000,1728000
1791122201.3872,4960,1224,58031,306000000,1728000
1791122201.4373,4960,1224,58000,306000000,1728000
1791122201.4873,4968,1216,58062,306000000,1728000
1791122201.5374,4960,1216,57968,306000000,1728000
1791122201.5875,4968,1208,58031,306000000,1728000
1791122201.6376,4960,1216,57906,306000000,1728000
1791122201.6877,4968,1216,57968,306000000,1728000
1791122201.7378,4960,1224,57843,306000000,1728000
1791122201.7879,4960,1216,57968,306000000,1728000
1791122201.8379,4960,1224,58000,306000000,1728000
1791122201.8880,4968,1208,57968,306000000,1728000
1791122201.9381,4960,1216,57968,306000000,1728000
1791122201.9882,4968,1208,57968,306000000,1728000
1791122202.0382,4968,1208,57968,306000000,1728000
1791122202.0883,4960,1216,57906,306000000,1728000
1791122202.1384,4968,1208,57968,306000000,1728000
1791122202.1885,4968,1208,57968,306000000,1728000
1791122202.2386,4968,1208,57968,306000000,1267200
1791122202.2887,4960,1224,58000,306000000,1728000
1791122202.3388,4960,1216,57906,306000000,1728000
1791122202.3888,4960,1224,58031,306000000,1728000
1791122202.4389,4968,1216,57968,306000000,1728000
1791122202.4890,4960,1216,57875,306000000,1728000
1791122202.5391,4968,1216,57937,306000000,1728000
1791122202.5892,4960,1216,57937,306000000,1728000
1791122202.6392,4960,1216,57937,306000000,1728000
1791122202.6893,4968,1208,57875,306000000,1728000
1791122202.7394,4960,1216,57968,306000000,1728000
1791122202.7895,4968,1208,57875,306000000,1728000
1791122202.8396,4960,1232,58031,306000000,1728000
1791122202.8896,4960,1216,57906,306000000,1728000
1791122202.9397,4960,1224,57968,306000000,1728000
1791122202.9898,4968,1216,57875,306000000,1728000
1791122203.0399,4960,1216,57906,306000000,1728000
1791122203.0900,4968,1208,57875,306000000,1728000
1791122203.1400,4960,1216,57875,306000000,1728000
1791122203.1901,4960,1216,57968,306000000,1728000
1791122203.2402,4968,1208,57906,306000000,1728000
1791122203.2903,4960,1216,57968,306000000,1728000
1791122203.3404,4968,1208,57781,306000000,1113600
1791122203.3905,4960,1224,57906,306000000,1728000
1791122203.4406,4960,1216,57812,306000000,1728000
1791122203.4906,4960,1224,57968,306000000,1728000
1791122203.5407,4968,1208,57812,306000000,1728000
1791122203.5908,4968,1216,57937,306000000,1728000
1791122203.6409,4968,1208,57937,306000000,1728000
1791122203.6910,4968,1216,57937,306000000,1728000
1791122203.7410,4960,1216,57906,306000000,1728000
1791122203.7911,4960,1208,57812,306000000,1728000
1791122203.8412,4968,1208,57875,306000000,1728000
1791122203.8913,4968,1208,57812,306000000,1728000
1791122203.9414,4960,1216,57906,306000000,1728000
1791122203.9914,4960,1216,57781,306000000,1728000
1791122204.0415,4960,1224,57906,306000000,1728000
1791122204.0916,4960,1216,57937,306000000,1728000
1791122204.1417,4960,1216,57875,306000000,1728000
1791122204.1917,4960,1224,57968,306000000,1728000
1791122204.2418,4968,1216,57875,306000000,1728000
1791122204.2919,4960,1216,57906,306000000,1728000
1791122204.3420,4968,1208,57812,306000000,1728000
1791122204.3920,4960,1216,57843,306000000,1728000
1791122204.4421,4968,1208,57812,306000000,1728000
1791122204.4922,4960,1216,57937,306000000,1728000
1791122204.5423,4960,1224,57750,306000000,1728000
1791122204.5924,4968,1208,57812,306000000,1728000
1791122204.6425,4960,1216,57968,306000000,1728000
1791122204.6925,4960,1216,57812,306000000,1728000
1791122204.7426,4968,1216,57937,306000000,1728000
1791122204.7927,4960,1216,57781,306000000,1728000
1791122204.8428,4960,1224,57906,306000000,1728000
1791122204.8928,4968,1208,57781,306000000,1728000
1791122204.9429,4960,1216,57843,306000000,1728000
1791122204.9930,4968,1208,57968,306000000,1728000
1791122205.0431,4960,1216,57843,306000000,1728000
1791122205.0932,4960,1216,57875,306000000,1728000
1791122205.1435,4960,1224,57750,306000000,1728000
1791122205.1936,4968,1216,57937,306000000,1728000
1791122205.2437,4960,1216,57718,306000000,1728000
1791122205.2938,4968,1208,57875,306000000,1728000
1791122205.3438,4960,1216,57718,306000000,1728000
1791122205.3939,4968,1208,57875,306000000,1728000
1791122205.4440,4968,1208,57781,306000000,1728000
1791122205.4941,4968,1200,57812,306000000,1728000
1791122205.5442,4968,1208,57968,306000000,1728000
1791122205.5942,4968,1208,57781,306000000,1728000
1791122205.6443,4960,1224,57875,306000000,1728000
1791122205.6944,4960,1224,57781,306000000,1728000
1791122205.7445,4960,1216,57906,306000000,1728000
1791122205.7946,4960,1224,57718,306000000,1728000
1791122205.8446,4968,1208,57843,306000000,1728000
1791122205.8947,4960,1216,57875,306000000,1728000
1791122205.9448,4968,1208,57750,306000000,1728000
1791122205.9949,4960,1208,57875,306000000,1728000
1791122206.0449,4968,1200,57812,306000000,1728000
1791122206.0950,4960,1208,57843,306000000,1728000
1791122206.1451,4968,1200,57812,306000000,1728000
1791122206.1952,4960,1216,57781,306000000,1728000
1791122206.2453,4960,1216,57718,306000000,1728000
1791122206.2954,4960,1216,57781,306000000,1728000
1791122206.3454,4960,1216,57687,306000000,1728000
1791122206.3955,4960,1216,57718,306000000,1728000
1791122206.4456,4968,1208,57906,306000000,1728000
1791122206.4957,4960,1208,57718,306000000,1728000
1791122206.5457,4968,1200,57843,306000000,1728000
1791122206.5958,4968,1208,57718,306000000,1728000
1791122206.6459,4968,1200,57781,306000000,1728000
1791122206.6960,4960,1208,57750,306000000,1728000
1791122206.7461,4960,1208,57718,306000000,1728000
1791122206.7962,4960,1224,57718,306000000,1728000
1791122206.8462,4960,1224,57781,306000000,1728000
1791122206.8963,4960,1216,57843,306000000,1728000
1791122206.9464,4968,1208,57718,306000000,1728000
1791122206.9965,4960,1208,57843,306000000,1728000
1791122207.0466,4960,1208,57687,306000000,1728000
1791122207.0967,4960,1208,57875,306000000,1728000
1791122207.1468,4960,1216,57718,306000000,1728000
1791122207.1969,4960,1216,57718,306000000,1728000
1791122207.2469,4968,1208,57750,306000000,806400
1791122207.2970,4960,1224,57875,306000000,1728000
1791122207.3471,4960,1240,57875,306000000,1728000
1791122207.3972,4960,1240,57781,306000000,1728000
1791122207.4473,4960,1248,57875,306000000,729600
1791122207.4974,4960,1232,57687,306000000,1728000
1791122207.5475,4960,1240,57875,306000000,1728000
1791122207.5976,4960,1240,57687,306000000,1728000
1791122207.6477,4960,1240,57843,306000000,1728000
1791122207.6978,4960,1232,57718,306000000,1728000
1791122207.7479,4960,1240,57718,306000000,1728000
1791122207.7980,4960,1240,57687,306000000,1728000
1791122207.8481,4960,1232,57687,306000000,1728000
1791122207.8982,4960,1248,57812,306000000,1728000
1791122207.9483,4960,1232,57687,306000000,1728000
1791122207.9983,4960,1240,57843,306000000,1728000
1791122208.0484,4960,1240,57718,306000000,1728000
1791122208.0985,4960,1232,57750,306000000,1728000
1791122208.1486,4960,1232,57625,306000000,1728000
1791122208.1986,4960,1224,57656,306000000,1728000
1791122208.2487,4960,1224,57718,306000000,1728000
1791122208.2988,4960,1224,57718,306000000,1728000
1791122208.3489,4960,1224,57781,306000000,1728000
1791122208.3990,4960,1224,57687,306000000,1728000
1791122208.4491,4960,1232,57781,306000000,1728000
1791122208.4992,4960,1232,57656,306000000,1728000
1791122208.5493,4960,1248,57687,306000000,1728000
1791122208.5994,4960,1240,57625,306000000,1728000
1791122208.6494,4960,1248,57687,306000000,1728000
1791122208.6995,4960,1232,57625,306000000,1728000
1791122208.7496,4960,1232,57687,306000000,1728000
1791122208.7997,4960,1224,57875,306000000,1728000
1791122208.8498,4960,1216,57750,306000000,1036800
1791122208.8999,4960,1216,57750,306000000,1728000
1791122208.9499,4960,1216,57656,306000000,1728000
1791122209.0000,4960,1224,57625,306000000,1728000
1791122209.0501,4960,1232,57656,306000000,1728000
1791122209.1002,4960,1224,57718,306000000,1728000
1791122209.1503,4960,1216,57562,306000000,1728000
1791122209.2004,4960,1224,57656,306000000,1728000
1791122209.2505,4960,1224,57781,306000000,1728000
1791122209.3005,4960,1216,57718,306000000,1728000
1791122209.3506,4960,1224,57687,306000000,1728000
1791122209.4007,4960,1208,57656,306000000,1728000
1791122209.4508,4960,1216,57687,306000000,1728000
1791122209.5009,4968,1208,57593,306000000,1728000
1791122209.5509,4960,1224,57593,306000000,1728000
1791122209.6011,4960,1224,57593,306000000,1728000
1791122209.6511,4960,1224,57625,306000000,1728000
1791122209.7012,4960,1232,57718,306000000,1728000
1791122209.7513,4960,1224,57562,306000000,1728000
1791122209.8014,4960,1224,57687,306000000,1728000
1791122209.8515,4960,1224,57593,306000000,1728000
1791122209.9016,4960,1216,57625,306000000,1728000
1791122209.9516,4960,1224,57562,306000000,1728000
1791122210.0017,4968,1216,57625,306000000,1728000
1791122210.0518,4960,1216,57687,306000000,1728000
1791122210.1019,4968,1216,57656,306000000,1728000
1791122210.1520,4960,1224,57750,306000000,1728000
1791122210.2021,4960,1216,57593,306000000,1728000
1791122210.2521,4960,1224,57687,306000000,1728000
1791122210.3022,4968,1216,57687,306000000,1728000
1791122210.3523,4960,1224,57625,306000000,1728000
1791122210.4024,4968,1208,57562,306000000,1728000
1791122210.4525,4968,1216,57656,306000000,1728000
1791122210.5026,4968,1208,57593,306000000,1728000
1791122210.5526,4968,1208,57718,306000000,1728000
1791122210.6027,4968,1200,57812,306000000,1728000
1791122210.6528,4968,1208,57562,306000000,1728000
1791122210.7029,4960,1216,57750,306000000,1728000
1791122210.7530,4960,1224,57500,306000000,1728000
1791122210.8031,4960,1216,57656,306000000,1728000
1791122210.8531,4960,1216,57562,306000000,1728000
1791122210.9032,4960,1224,57593,306000000,1728000
1791122210.9533,4968,1216,57593,306000000,1728000
1791122211.0034,4960,1216,57593,306000000,1728000
1791122211.0534,4968,1208,57718,306000000,1728000
1791122211.1035,4968,1216,57500,306000000,1728000
1791122211.1536,4968,1208,57718,306000000,1728000
1791122211.2037,4968,1200,57562,306000000,1190400
1791122211.2538,4960,1224,57625,306000000,1728000
1791122211.3039,4960,1216,57562,306000000,1728000
1791122211.3539,4960,1216,57562,306000000,1728000
1791122211.4040,4960,1224,57562,306000000,1728000
1791122211.4541,4968,1208,57625,306000000,1728000
1791122211.5042,4960,1216,57687,306000000,1728000
1791122211.5543,4968,1208,57500,306000000,1728000
1791122211.6044,4960,1216,57718,306000000,1728000
1791122211.6544,4960,1216,57531,306000000,1728000
1791122211.7045,4968,1208,57625,306000000,1728000
1791122211.7546,4960,1216,57468,306000000,1728000
1791122211.8047,4960,1224,57500,306000000,1728000
1791122211.8548,4960,1232,57562,306000000,1728000
1791122211.9049,4960,1224,57625,306000000,1728000
1791122211.9550,4960,1224,57500,306000000,1728000
1791122212.0050,4960,1224,57562,306000000,1728000
1791122212.0551,4960,1216,57625,306000000,1728000
1791122212.1052,4960,1216,57531,306000000,1728000
1791122212.1553,4960,1208,57718,306000000,1728000
1791122212.2054,4968,1208,57625,306000000,1728000
1791122212.2555,4960,1208,57593,306000000,1728000
1791122212.3055,4968,1200,57531,306000000,1728000
1791122212.3556,4960,1216,57656,306000000,1190400
1791122212.4057,4960,1216,57500,306000000,1728000
1791122212.4558,4960,1216,57531,306000000,1728000
1791122212.5059,4960,1216,57625,306000000,1728000
1791122212.5560,4960,1216,57500,306000000,1728000
1791122212.6061,4960,1216,57656,306000000,1728000
1791122212.6561,4968,1208,57531,306000000,1728000
1791122212.7062,4960,1216,57625,306000000,1728000
1791122212.7563,4968,1200,57500,306000000,1728000
1791122212.8064,4968,1208,57562,306000000,1728000
1791122212.8565,4968,1200,57468,306000000,1728000
1791122212.9066,4960,1216,57562,306000000,1344000
1791122212.9567,4960,1216,57718,306000000,1728000
1791122213.0067,4960,1216,57468,306000000,1728000
1791122213.0568,4968,1208,57687,306000000,1728000
1791122213.1069,4960,1216,57531,306000000,1728000
1791122213.1570,4968,1216,57593,306000000,1728000
1791122213.2071,4968,1208,57468,306000000,1728000
1791122213.2571,4960,1216,57468,306000000,1728000
1791122213.3072,4960,1216,57468,306000000,1728000
1791122213.3573,4968,1208,57562,306000000,1728000
1791122213.4074,4960,1216,57625,306000000,1728000
1791122213.4575,4968,1208,57500,306000000,1728000
1791122213.5076,4960,1232,57562,306000000,1728000
1791122213.5577,4960,1224,57531,306000000,1728000
1791122213.6078,4960,1224,57531,306000000,1728000
1791122213.6578,4960,1224,57437,306000000,1728000
1791122213.7079,4960,1216,57562,306000000,1728000
1791122213.7580,4960,1216,57437,306000000,1728000
1791122213.8081,4960,1216,57531,306000000,1728000
1791122213.8582,4960,1216,57687,306000000,1728000
1791122213.9082,4960,1216,57468,306000000,1728000
1791122213.9583,4968,1208,57593,306000000,1728000
1791122214.0084,4960,1216,57500,306000000,1728000
1791122214.0585,4960,1224,57562,306000000,1728000
1791122214.1086,4960,1224,57437,306000000,1728000
1791122214.1587,4960,1224,57562,306000000,1728000
1791122214.2087,4960,1216,57406,306000000,1728000
1791122214.2588,4960,1224,57531,306000000,1728000
1791122214.3089,4960,1216,57625,306000000,1728000
1791122214.3590,4960,1216,57468,306000000,1728000
1791122214.4091,4968,1208,57593,306000000,1728000
1791122214.4592,4968,1208,57468,306000000,1728000
1791122214.5092,4968,1208,57531,306000000,1728000
1791122214.5593,4968,1208,57468,306000000,1728000
1791122214.6094,4960,1224,57531,306000000,1728000
1791122214.6595,4960,1224,57468,306000000,1728000
1791122214.7096,4960,1216,57531,306000000,1728000
1791122214.7597,4960,1224,57656,306000000,1728000
1791122214.8098,4968,1208,57500,306000000,1728000
1791122214.8598,4968,1216,57562,306000000,1728000
1791122214.9099,4960,1216,57468,306000000,1728000
1791122214.9600,4968,1208,57500,306000000,1728000
1791122215.0101,4968,1208,57437,306000000,1728000
1791122215.0602,4968,1208,57468,306000000,1728000
1791122215.1102,4960,1216,57500,306000000,1728000
1791122215.1603,4960,1224,57562,306000000,1728000
1791122215.2104,4960,1224,57468,306000000,1728000
1791122215.2605,4960,1248,57468,306000000,1728000
1791122215.3106,4960,1264,57625,306000000,1728000
1791122215.3607,4960,1272,57468,306000000,1728000
1791122215.4108,4960,1272,57468,306000000,1728000
1791122215.4608,4960,1264,57406,306000000,1728000
1791122215.5109,4960,1264,57531,306000000,1728000
1791122215.5610,4960,1256,57468,306000000,1728000
1791122215.6111,4960,1248,57468,306000000,1728000
1791122215.6612,4960,1248,57437,306000000,1728000
1791122215.7112,4960,1248,57468,306000000,1420800
1791122215.7613,4960,1256,57500,306000000,1728000
1791122215.8114,4960,1248,57531,306000000,1728000
1791122215.8615,4960,1240,57500,306000000,1728000
1791122215.9116,4960,1232,57406,306000000,1728000
1791122215.9617,4960,1232,57468,306000000,1728000
1791122216.0117,4960,1224,57437,306000000,1728000
1791122216.0618,4960,1224,57500,306000000,1728000
1791122216.1119,4968,1216,57406,306000000,1728000
1791122216.1620,4960,1224,57468,306000000,1728000
1791122216.2120,4968,1208,57562,306000000,1728000
1791122216.2621,4960,1224,57437,306000000,1728000
1791122216.3122,4960,1224,57468,306000000,1728000
1791122216.3623,4960,1224,57437,306000000,1728000
1791122216.4124,4968,1216,57531,306000000,1728000
1791122216.4625,4968,1224,57437,306000000,1728000
1791122216.5126,4968,1216,57500,306000000,1728000
1791122216.5627,4968,1216,57375,306000000,1728000
1791122216.6128,4968,1216,57406,306000000,1728000
1791122216.6628,4968,1208,57531,306000000,1728000
1791122216.7129,4960,1216,57468,306000000,1728000
1791122216.7630,4968,1208,57468,306000000,1728000
1791122216.8131,4960,1216,57468,306000000,1728000
1791122216.8632,4960,1216,57468,306000000,1497600
1791122216.9133,4968,1208,57406,306000000,1728000
1791122216.9633,4968,1216,57500,306000000,1728000
1791122217.0134,4960,1216,57343,306000000,1728000
1791122217.0635,4968,1216,57468,306000000,1728000
1791122217.1136,4968,1208,57468,306000000,1728000
1791122217.1637,4968,1208,57312,306000000,1728000
1791122217.2137,4968,1200,57500,306000000,1728000
1791122217.2638,4968,1208,57406,306000000,1728000
1791122217.3139,4968,1200,57468,306000000,1728000
1791122217.3640,4968,1208,57343,306000000,1728000
1791122217.4141,4960,1208,57468,306000000,1728000
1791122217.4642,4960,1224,57437,306000000,1728000
1791122217.5142,4960,1224,57375,306000000,1728000
1791122217.5643,4960,1216,57531,306000000,1728000
1791122217.6144,4960,1216,57437,306000000,1728000
1791122217.6645,4960,1216,57531,306000000,1728000
1791122217.7146,4960,1216,57343,306000000,1728000
1791122217.7646,4960,1208,57468,306000000,1728000
1791122217.8147,4968,1208,57375,306000000,1728000
1791122217.8648,4960,1208,57437,306000000,1728000
1791122217.9149,4968,1208,57312,306000000,1728000
1791122217.9650,4960,1216,57468,306000000,1728000
1791122218.0151,4960,1216,57562,306000000,1728000
1791122218.0651,4960,1224,57406,306000000,1728000
1791122218.1152,4968,1216,57531,306000000,1728000
1791122218.1653,4968,1216,57437,306000000,1728000
1791122218.2154,4968,1208,57406,306000000,1728000
1791122218.2655,4968,1216,57375,306000000,1728000
1791122218.3155,4968,1208,57468,306000000,1728000
1791122218.3656,4968,1208,57312,306000000,1728000
1791122218.4157,4968,1200,57406,306000000,1728000
1791122218.4658,4968,1208,57343,306000000,1728000
1791122218.5159,4968,1208,57406,306000000,1728000
1791122218.5660,4960,1224,57468,306000000,1728000
1791122218.6161,4960,1224,57312,306000000,1728000
1791122218.6662,4968,1216,57531,306000000,1728000
1791122218.7162,4968,1216,57281,306000000,1728000
1791122218.7663,4968,1208,57437,306000000,1728000
1791122218.8164,4968,1216,57375,306000000,1728000
1791122218.8665,4968,1216,57375,306000000,1728000
1791122218.9166,4968,1208,57531,306000000,1728000
1791122218.9666,4968,1208,57468,306000000,1728000
1791122219.0167,4968,1208,57500,306000000,1728000
1791122219.0668,4960,1216,57406,306000000,1267200
1791122219.1169,4960,1224,57468,306000000,1728000
1791122219.1670,4960,1224,57375,306000000,1728000
1791122219.2171,4960,1224,57437,306000000,1728000
1791122219.2672,4968,1216,57312,306000000,1728000
1791122219.3173,4960,1224,57437,306000000,1728000
1791122219.3673,4968,1216,57312,306000000,1728000
1791122219.4174,4968,1216,57343,306000000,1728000
1791122219.4675,4968,1216,57468,306000000,1728000
1791122219.5176,4968,1208,57343,306000000,1728000
1791122219.5677,4960,1216,57531,306000000,1728000
1791122219.6178,4968,1208,57312,306000000,1728000
1791122219.6679,4960,1232,57375,306000000,1728000
1791122219.7180,4960,1216,57312,306000000,1728000
1791122219.7681,4960,1224,57312,306000000,1728000
1791122219.8181,4968,1208,57343,306000000,1728000
1791122219.8682,4968,1216,57375,306000000,1728000
1791122219.9183,4968,1208,57531,306000000,1728000
1791122219.9684,4968,1208,57281,306000000,1728000
1791122220.0185,4968,1208,57468,306000000,1728000
1791122220.0686,4968,1208,57343,306000000,1728000
1791122220.1186,4968,1200,57437,306000000,1728000
1791122220.1687,4968,1200,57312,306000000,1728000
1791122220.2188,4960,1208,57343,306000000,1728000
1791122220.2689,4960,1224,57187,306000000,1728000
1791122220.3190,4960,1208,57406,306000000,1728000
1791122220.3691,4960,1216,57468,306000000,1728000
1791122220.4192,4968,1208,57343,306000000,1728000
1791122220.4692,4968,1208,57468,306000000,1728000
1791122220.5193,4968,1216,57375,306000000,1728000
1791122220.5694,4968,1208,57406,306000000,1728000
1791122220.6195,4960,1216,57343,306000000,1728000
1791122220.6696,4968,1208,57406,306000000,1728000
1791122220.7197,4968,1208,57312,306000000,1728000
1791122220.7698,4968,1208,57312,306000000,1728000
1791122220.8199,4960,1224,57468,306000000,1728000
1791122220.8699,4968,1208,57343,306000000,1728000
1791122220.9200,4960,1216,57375,306000000,1728000
1791122220.9701,4968,1208,57281,306000000,1728000
1791122221.0202,4968,1208,57375,306000000,1728000
1791122221.0703,4968,1208,57343,306000000,1728000
1791122221.1203,4968,1208,57406,306000000,1728000
1791122221.1704,4968,1200,57281,306000000,1728000
1791122221.2205,4968,1208,57375,306000000,1728000
1791122221.2706,4968,1200,57437,306000000,1728000
1791122221.3207,4968,1216,57312,306000000,1728000
1791122221.3708,4960,1216,57468,306000000,1728000
1791122221.4209,4960,1216,57218,306000000,1728000
1791122221.4710,4968,1208,57437,306000000,1728000
1791122221.5210,4968,1208,57250,306000000,1728000
1791122221.5711,4968,1208,57343,306000000,1728000
1791122221.6212,4960,1216,57218,306000000,1728000
1791122221.6713,4960,1216,57406,306000000,1728000
1791122221.7214,4968,1208,57468,306000000,1728000
1791122221.7714,4968,1208,57343,306000000,1728000
1791122221.8215,4968,1208,57468,306000000,1728000
1791122221.8716,4968,1208,57312,306000000,1728000
1791122221.9217,4960,1216,57468,306000000,1728000
1791122221.9718,4960,1224,57281,306000000,1728000
1791122222.0219,4968,1224,57281,306000000,1728000
1791122222.0720,4968,1216,57281,306000000,1728000
1791122222.1220,4960,1216,57312,306000000,1728000
1791122222.1721,4968,1216,57437,306000000,1728000
1791122222.2222,4960,1216,57281,306000000,1728000
1791122222.2723,4960,1216,57406,306000000,1728000
1791122222.3224,4968,1208,57312,306000000,1728000
1791122222.3724,4960,1216,57406,306000000,1728000
1791122222.4225,4968,1208,57281,306000000,1190400
1791122222.4726,4960,1224,57312,306000000,1728000
1791122222.5227,4960,1224,57218,306000000,1728000
1791122222.5728,4968,1224,57343,306000000,1728000
1791122222.6229,4968,1216,57281,306000000,1728000
1791122222.6730,4968,1216,57281,306000000,1728000
1791122222.7230,4960,1224,57343,306000000,1728000
1791122222.7731,4968,1208,57281,306000000,1728000
1791122222.8232,4960,1216,57406,306000000,1728000
1791122222.8733,4968,1208,57312,306000000,1728000
1791122222.9234,4960,1216,57281,306000000,1728000
1791122222.9734,4960,1216,57250,306000000,1728000
1791122223.0235,4960,1224,57187,306000000,1728000
1791122223.0736,4960,1232,57343,306000000,1728000
1791122223.1237,4968,1216,57281,306000000,1728000
1791122223.1738,4960,1224,57437,306000000,1728000
1791122223.2239,4968,1216,57312,306000000,1728000
1791122223.2739,4968,1216,57406,306000000,1728000
1791122223.3240,4968,1208,57187,306000000,1728000
1791122223.3741,4968,1216,57343,306000000,1728000
1791122223.4242,4968,1208,57312,306000000,1728000
1791122223.4743,4968,1208,57281,306000000,1728000
1791122223.5243,4968,1216,57250,306000000,1728000
1791122223.5744,4968,1216,57281,306000000,1728000
1791122223.6245,4960,1224,57375,306000000,1728000
1791122223.6746,4968,1216,57250,306000000,1728000
1791122223.7247,4968,1208,57406,306000000,1728000
1791122223.7748,4968,1216,57281,306000000,1728000
1791122223.8249,4968,1200,57312,306000000,1728000
1791122223.8749,4968,1208,57125,306000000,1728000
1791122223.9250,4968,1208,57218,306000000,1728000
1791122223.9751,4968,1208,57187,306000000,1728000
1791122224.0252,4968,1208,57250,306000000,1728000
1791122224.0752,4968,1208,57406,306000000,1728000
1791122224.1253,4960,1216,57250,306000000,1728000
1791122224.1754,4960,1216,57406,306000000,1728000
1791122224.2255,4960,1224,57218,306000000,1728000
1791122224.2756,4960,1216,57343,306000000,1728000
1791122224.3257,4960,1216,57250,306000000,1728000
1791122224.3758,4968,1208,57312,306000000,1728000
1791122224.4258,4968,1208,57281,306000000,1728000
1791122224.4759,4960,1216,57312,306000000,1728000
1791122224.5260,4968,1208,57468,306000000,1728000
1791122224.5761,4960,1216,57281,306000000,1728000
1791122224.6262,4968,1208,57468,306000000,1728000
1791122224.6763,4960,1216,57312,306000000,1728000
1791122224.7264,4960,1224,57437,306000000,1728000
1791122224.7765,4960,1224,57187,306000000,1728000
1791122224.8266,4960,1224,57343,306000000,1728000
1791122224.8767,4968,1216,57187,306000000,1728000
1791122224.9267,4968,1216,57250,306000000,1728000
1791122224.9768,4968,1208,57125,306000000,1728000
1791122225.0269,4968,1216,57218,306000000,1728000
1791122225.0770,4968,1208,57343,306000000,1728000
1791122225.1271,4968,1216,57218,306000000,1728000
1791122225.1772,4968,1208,57343,306000000,1728000
1791122225.2272,4968,1216,57187,306000000,1190400
1791122225.2773,4960,1216,57250,306000000,1728000
1791122225.3274,4960,1224,57250,306000000,1728000
1791122225.3775,4960,1216,57250,306000000,1728000
1791122225.4276,4968,1216,57156,306000000,1728000
1791122225.4777,4960,1224,57250,306000000,1728000
1791122225.5277,4968,1208,57343,306000000,1728000
1791122225.5778,4968,1216,57218,306000000,1728000
1791122225.6279,4968,1208,57343,306000000,1728000
1791122225.6780,4960,1216,57218,306000000,1728000
1791122225.7281,4968,1208,57281,306000000,1728000
1791122225.7781,4960,1208,57187,306000000,1728000
1791122225.8282,4960,1224,57250,306000000,1728000
1791122225.8783,4960,1224,57156,306000000,1728000
1791122225.9284,4960,1216,57156,306000000,1728000
1791122225.9785,4960,1216,57343,306000000,1728000
1791122226.0285,4960,1216,57218,306000000,1728000
1791122226.0786,4960,1224,57375,306000000,1728000
1791122226.1287,4960,1216,57156,306000000,729600
1791122226.1788,4960,1216,57250,306000000,1728000
1791122226.2288,4968,1208,57218,306000000,1728000
1791122226.2789,4960,1216,57281,306000000,1728000
1791122226.3290,4968,1208,57125,306000000,1728000
1791122226.3791,4960,1224,57187,306000000,1113600
1791122226.4292,4960,1216,57375,306000000,1728000
1791122226.4792,4968,1208,57218,306000000,1728000
1791122226.5293,4968,1216,57343,306000000,1728000
1791122226.5794,4968,1208,57093,306000000,1728000
1791122226.6295,4968,1208,57250,306000000,1728000
1791122226.6796,4968,1200,57093,306000000,1728000
1791122226.7296,4960,1208,57218,306000000,1728000
1791122226.7797,4968,1200,57093,306000000,1728000
1791122226.8298,4968,1192,57187,306000000,1728000
1791122226.8799,4968,1200,57343,306000000,1728000
1791122226.9300,4960,1208,57187,306000000,1728000
1791122226.9801,4960,1216,57343,306000000,1728000
1791122227.0301,4960,1216,57156,306000000,1728000
1791122227.0802,4960,1216,57250,306000000,1728000
1791122227.1303,4968,1208,57125,306000000,1728000
1791122227.1804,4968,1208,57250,306000000,1728000
1791122227.2305,4968,1200,57125,306000000,1728000
1791122227.2805,4968,1208,57125,306000000,1728000
1791122227.3306,4968,1208,57125,306000000,1728000
1791122227.3807,4968,1200,57218,306000000,1728000
1791122227.4308,4968,1200,57375,306000000,1728000
1791122227.4809,4968,1208,57218,306000000,1728000
1791122227.5309,4960,1224,57250,306000000,1728000
1791122227.5810,4960,1216,57187,306000000,1728000
1791122227.6311,4960,1224,57218,306000000,1728000
1791122227.6812,4960,1208,57093,306000000,1728000
1791122227.7313,4968,1208,57187,306000000,1728000
1791122227.7814,4968,1208,57156,306000000,1728000
1791122227.8314,4968,1208,57187,306000000,1728000
1791122227.8815,4968,1208,57281,306000000,1728000
1791122227.9316,4968,1208,57125,306000000,1728000
1791122227.9817,4968,1200,57187,306000000,1728000
1791122228.0318,4968,1208,57125,306000000,1728000
1791122228.0819,4960,1224,57125,306000000,1728000
1791122228.1320,4960,1224,57093,306000000,1728000
1791122228.1820,4968,1208,57156,306000000,1728000
1791122228.2321,4960,1216,57031,306000000,1728000
1791122228.2822,4968,1216,57156,306000000,1728000
1791122228.3323,4968,1216,57343,306000000,1728000
1791122228.3823,4960,1216,57156,306000000,1728000
1791122228.4324,4968,1208,57187,306000000,1728000
1791122228.4825,4960,1216,57187,306000000,1728000
1791122228.5326,4968,1208,57281,306000000,1728000
1791122228.5827,4968,1208,57093,306000000,1728000
1791122228.6328,4960,1224,57125,306000000,1728000
1791122228.6828,4960,1224,57093,306000000,1728000
1791122228.7329,4960,1224,57156,306000000,1728000
1791122228.7831,4960,1224,57343,306000000,1728000
1791122228.8332,4960,1224,57156,306000000,1728000
1791122228.8832,4960,1224,57281,306000000,1728000
1791122228.9333,4968,1216,57031,306000000,1728000
1791122228.9834,4968,1216,57187,306000000,1728000
1791122229.0335,4960,1224,57187,306000000,1728000
1791122229.0836,4960,1232,57187,306000000,1728000
1791122229.1337,4960,1232,57062,306000000,1728000
1791122229.1838,4960,1240,57125,306000000,1728000
1791122229.2339,4960,1248,57281,306000000,883200
1791122229.2840,4960,1248,57125,306000000,1728000
1791122229.3340,4960,1248,57281,306000000,1728000
1791122229.3841,4960,1240,57093,306000000,1728000
1791122229.4342,4960,1240,57156,306000000,1728000
1791122229.4843,4960,1240,57031,306000000,1728000
1791122229.5344,4960,1232,57156,306000000,729600
1791122229.5845,4960,1232,57125,306000000,1728000
1791122229.6346,4960,1232,57187,306000000,806400
1791122229.6847,4960,1224,57000,306000000,1728000
1791122229.7348,4960,1232,57125,306000000,1728000
1791122229.7849,4960,1248,57250,306000000,1728000
1791122229.8350,4960,1248,57093,306000000,1728000
1791122229.8851,4960,1248,57250,306000000,1728000
1791122229.9352,4960,1248,57062,306000000,1728000
1791122229.9853,4960,1240,57250,306000000,729600
1791122230.0354,4960,1240,57062,306000000,1728000
1791122230.0855,4960,1240,57125,306000000,1728000
1791122230.1356,4960,1232,57000,306000000,1728000
1791122230.1856,4960,1232,57093,306000000,1728000
1791122230.2357,4960,1232,57281,306000000,1728000
1791122230.2858,4960,1240,57156,306000000,1728000
1791122230.3359,4960,1248,57218,306000000,1113600
1791122230.3860,4960,1248,57093,306000000,883200
1791122230.4361,4960,1240,57218,306000000,1728000
1791122230.4862,4960,1240,57093,306000000,1728000
1791122230.5363,4960,1240,57218,306000000,1728000
1791122230.5864,4960,1232,57062,306000000,1728000
1791122230.6365,4960,1232,57062,306000000,1728000
1791122230.6866,4960,1232,57312,306000000,1728000
1791122230.7367,4960,1240,57093,306000000,1728000
1791122230.7868,4960,1240,57250,306000000,1728000
1791122230.8369,4960,1232,57093,306000000,1728000
1791122230.8870,4960,1248,57125,306000000,1728000
1791122230.9371,4960,1240,57093,306000000,1728000
1791122230.9872,4960,1240,57218,306000000,1728000
1791122231.0373,4960,1232,56968,306000000,1728000
1791122231.0874,4960,1232,57125,306000000,1728000
1791122231.1375,4960,1232,57312,306000000,1728000
1791122231.1876,4968,1224,57187,306000000,1728000
1791122231.2376,4968,1224,57125,306000000,1728000
1791122231.2877,4968,1224,57062,306000000,1728000
1791122231.3378,4968,1216,57156,306000000,1728000
1791122231.3879,4968,1208,57031,306000000,1728000
1791122231.4380,4960,1224,57156,306000000,1190400
1791122231.4881,4968,1224,57062,306000000,1728000
1791122231.5382,4968,1224,57093,306000000,1728000
1791122231.5882,4960,1224,57218,306000000,1728000
1791122231.6383,4968,1216,57187,306000000,1728000
1791122231.6884,4968,1216,57281,306000000,1728000
1791122231.7385,4968,1208,57031,306000000,1728000
1791122231.7886,4960,1216,57125,306000000,1728000
1791122231.8387,4960,1224,57093,306000000,729600
1791122231.8888,4968,1216,57250,306000000,1728000
1791122231.9389,4968,1216,57062,306000000,1728000
1791122231.9890,4960,1224,57125,306000000,1728000
1791122232.0391,4960,1232,57125,306000000,883200
1791122232.0892,4960,1232,57031,306000000,1728000
1791122232.1393,4960,1240,57250,306000000,1728000
1791122232.1894,4960,1232,57000,306000000,1728000
1791122232.2395,4960,1232,57156,306000000,1728000
1791122232.2895,4960,1232,57093,306000000,1728000
1791122232.3396,4960,1232,57125,306000000,806400
1791122232.3897,4968,1224,57031,306000000,1728000
1791122232.4398,4960,1232,57062,306000000,1728000
1791122232.4899,4960,1232,57093,306000000,1728000
1791122232.5400,4960,1240,57000,306000000,1728000
1791122232.5901,4960,1256,57156,306000000,883200
1791122232.6402,4960,1248,57093,306000000,806400
1791122232.6903,4960,1240,57218,306000000,1728000
1791122232.7404,4960,1240,57000,306000000,1728000
1791122232.7905,4960,1240,57093,306000000,1728000
1791122232.8406,4960,1232,57093,306000000,1728000
1791122232.8909,4960,1232,57093,306000000,1113600
1791122232.9410,4960,1224,57031,306000000,1728000
1791122232.9911,4960,1232,57062,306000000,1728000
1791122233.0412,4960,1232,57250,306000000,1728000
1791122233.0912,4960,1240,57156,306000000,1728000
1791122233.1413,4960,1248,57281,306000000,1728000
1791122233.1914,4960,1240,57062,306000000,1728000
1791122233.2415,4960,1264,57125,306000000,1574400
1791122233.2916,4960,1280,57031,306000000,1728000
1791122233.3417,4960,1280,57125,306000000,1113600
1791122233.3918,4960,1280,57125,306000000,1728000
1791122233.4419,4960,1272,57062,306000000,1728000
1791122233.4920,4960,1264,57218,306000000,1728000
1791122233.5421,4960,1264,57062,306000000,1728000
1791122233.5921,4960,1264,57218,306000000,1728000
1791122233.6422,4960,1256,57093,306000000,1728000
1791122233.6923,4960,1272,57093,306000000,1728000
1791122233.7424,4960,1264,57062,306000000,1728000
1791122233.7925,4960,1264,57125,306000000,1728000
1791122233.8426,4960,1264,57031,306000000,1728000
1791122233.8927,4960,1264,57000,306000000,1728000
1791122233.9428,4960,1248,57187,306000000,1728000
1791122233.9929,4960,1256,57062,306000000,1728000
1791122234.0430,4960,1256,57187,306000000,1728000
1791122234.0930,4960,1256,57062,306000000,1728000
1791122234.1431,4960,1240,57156,306000000,806400
1791122234.1932,4960,1240,57000,306000000,1728000
1791122234.2433,4960,1256,57031,306000000,883200
1791122234.2934,4960,1264,57000,306000000,1728000
1791122234.3435,4960,1264,57031,306000000,1728000
1791122234.3936,4960,1264,57000,306000000,883200
1791122234.4437,4960,1248,57093,306000000,1728000
1791122234.4938,4960,1248,57187,306000000,1728000
1791122234.5439,4960,1248,57000,306000000,883200
1791122234.5940,4960,1240,57187,306000000,729600
1791122234.6441,4960,1240,57000,306000000,1728000
1791122234.6942,4960,1240,57125,306000000,1728000
1791122234.7443,4960,1232,57031,306000000,1728000
1791122234.7944,4960,1240,57093,306000000,1728000
1791122234.8445,4960,1256,56968,306000000,1728000
1791122234.8946,4960,1256,57031,306000000,806400
1791122234.9447,4960,1256,57218,306000000,1728000
1791122234.9948,4960,1248,57031,306000000,1728000
1791122235.0449,4960,1240,57156,306000000,1728000
1791122235.0950,4960,1232,57000,306000000,1728000
1791122235.1450,4960,1232,57125,306000000,1728000
1791122235.1951,4960,1232,56968,306000000,1728000
1791122235.2452,4960,1232,57125,306000000,1728000
1791122235.2953,4960,1232,56968,306000000,1728000
1791122235.3454,4960,1240,57000,306000000,1728000
1791122235.3955,4960,1256,57187,306000000,1728000
1791122235.4456,4960,1256,57000,306000000,1728000
1791122235.4957,4960,1256,57187,306000000,1728000
1791122235.5458,4960,1264,57000,306000000,1728000
1791122235.5959,4960,1264,57125,306000000,1728000
1791122235.6460,4960,1256,56968,306000000,1728000
1791122235.6961,4960,1248,57031,306000000,1728000
1791122235.7461,4960,1248,56968,306000000,1728000
1791122235.7962,4960,1240,57000,306000000,729600
1791122235.8463,4960,1240,57187,306000000,1728000
1791122235.8964,4960,1240,56906,306000000,1728000
1791122235.9465,4960,1256,57156,306000000,1728000
1791122235.9966,4960,1248,57000,306000000,1728000
1791122236.0467,4960,1248,57062,306000000,1728000
1791122236.0968,4960,1248,57000,306000000,1728000
1791122236.1469,4960,1240,57125,306000000,1728000
1791122236.1970,4960,1240,57000,306000000,1728000
1791122236.2471,4968,1232,57031,306000000,1728000
1791122236.2971,4968,1232,57187,306000000,1728000
1791122236.3472,4960,1232,57031,306000000,1728000
1791122236.3973,4968,1224,57125,306000000,1728000
1791122236.4474,4968,1224,57031,306000000,1728000
1791122236.4975,4960,1232,57031,306000000,1728000
1791122236.5476,4960,1232,56937,306000000,1728000
1791122236.5977,4960,1224,57062,306000000,1728000
1791122236.6478,4960,1224,57000,306000000,1728000
1791122236.6978,4968,1216,57000,306000000,1728000
1791122236.7479,4968,1224,56968,306000000,1728000
1791122236.7980,4968,1216,57000,306000000,1728000
1791122236.8481,4968,1216,57156,306000000,1728000
1791122236.8982,4968,1224,57000,306000000,1728000
1791122236.9483,4968,1208,57000,306000000,1728000
1791122236.9984,4968,1216,57000,306000000,1728000
1791122237.0484,4960,1216,57093,306000000,1728000
1791122237.0985,4960,1224,57000,306000000,1728000
1791122237.1486,4960,1224,57000,306000000,1728000
1791122237.1987,4960,1224,56906,306000000,1728000
1791122237.2488,4968,1216,56968,306000000,1728000
1791122237.2989,4968,1216,57156,306000000,1728000
1791122237.3489,4968,1208,56937,306000000,1728000
1791122237.3990,4968,1216,57000,306000000,1728000
1791122237.4491,4968,1208,56937,306000000,1728000
1791122237.4992,4968,1216,57031,306000000,1728000
1791122237.5493,4968,1208,57000,306000000,1728000
1791122237.5994,4960,1216,57062,306000000,1344000
1791122237.6495,4960,1224,56906,306000000,1728000
1791122237.6995,4960,1224,57000,306000000,1728000
1791122237.7496,4960,1224,57125,306000000,1728000
1791122237.7997,4968,1216,56968,306000000,1728000
1791122237.8498,4968,1224,57000,306000000,1728000
1791122237.8999,4968,1216,56906,306000000,1728000
1791122237.9499,4960,1216,57000,306000000,1728000
1791122238.0000,4968,1208,57000,306000000,1728000
1791122238.0501,4968,1216,57093,306000000,1728000
1791122238.1002,4968,1208,56937,306000000,1728000
1791122238.1503,4968,1208,56937,306000000,1728000
1791122238.2003,4960,1232,57125,306000000,1728000
1791122238.2504,4960,1232,57000,306000000,1728000
1791122238.3005,4960,1224,57000,306000000,1728000
1791122238.3506,4960,1224,56968,306000000,1728000
1791122238.4006,4960,1224,57031,306000000,1728000
1791122238.4507,4968,1216,56937,306000000,1728000
1791122238.5008,4960,1224,57000,306000000,1728000
1791122238.5509,4968,1208,56937,306000000,1728000
1791122238.6009,4968,1216,56968,306000000,1728000
1791122238.6511,4968,1208,57062,306000000,1728000
1791122238.7011,4968,1216,56968,306000000,1728000
1791122238.7512,4960,1224,57062,306000000,1420800
1791122238.8013,4960,1224,56843,306000000,1728000
1791122238.8514,4968,1208,57000,306000000,1728000
1791122238.9015,4968,1216,56937,306000000,1728000
1791122238.9516,4968,1208,57000,306000000,1728000
1791122239.0016,4968,1216,56937,306000000,1728000
1791122239.0517,4968,1216,57000,306000000,1728000
1791122239.1018,4968,1208,56875,306000000,1728000
1791122239.1519,4968,1216,57000,306000000,1728000
1791122239.2019,4968,1200,57062,306000000,1728000
1791122239.2520,4968,1208,56937,306000000,1728000
1791122239.3021,4968,1208,57062,306000000,1728000
1791122239.3522,4960,1224,57000,306000000,1728000
1791122239.4023,4960,1224,57031,306000000,1728000
1791122239.4524,4968,1216,56843,306000000,1728000
1791122239.5024,4960,1224,56968,306000000,1728000
1791122239.5525,4968,1208,56875,306000000,1728000
1791122239.6026,4968,1216,56937,306000000,1728000
1791122239.6527,4968,1208,57093,306000000,1728000
1791122239.7028,4968,1200,56968,306000000,1728000
1791122239.7529,4968,1200,57000,306000000,1728000
1791122239.8029,4968,1208,56843,306000000,1728000
1791122239.8530,4968,1216,57000,306000000,1728000
1791122239.9031,4960,1224,56937,306000000,1728000
1791122239.9532,4960,1224,56906,306000000,1728000
1791122240.0033,4968,1216,56875,306000000,1728000
1791122240.0534,4968,1216,56906,306000000,1728000
1791122240.1034,4968,1208,57031,306000000,1728000
1791122240.1535,4968,1208,56781,306000000,1728000
1791122240.2036,4968,1208,57031,306000000,1728000
1791122240.2537,4968,1216,56843,306000000,1728000
1791122240.3037,4968,1216,56968,306000000,1728000
1791122240.3538,4968,1216,56906,306000000,1728000
1791122240.4039,4960,1224,56937,306000000,1728000
1791122240.4540,4960,1232,56843,306000000,1728000
1791122240.5041,4960,1224,56968,306000000,1728000
1791122240.5542,4968,1224,57062,306000000,1728000
1791122240.6043,4960,1216,56812,306000000,1728000
1791122240.6543,4968,1216,57000,306000000,1728000
1791122240.7044,4968,1216,56875,306000000,1728000
1791122240.7545,4968,1216,56937,306000000,1728000
1791122240.8046,4968,1208,56875,306000000,1728000
1791122240.8547,4968,1216,56968,306000000,1728000
1791122240.9047,4968,1216,56843,306000000,1728000
1791122240.9548,4968,1216,56875,306000000,1728000
1791122241.0049,4960,1232,57031,306000000,1728000
1791122241.0550,4960,1224,56906,306000000,1728000
1791122241.1051,4960,1224,56937,306000000,1728000
1791122241.1552,4968,1224,56875,306000000,1728000
1791122241.2052,4968,1224,57000,306000000,1728000
1791122241.2553,4968,1208,56812,306000000,1728000
1791122241.3054,4968,1216,56875,306000000,1728000
1791122241.3555,4968,1216,56937,306000000,1728000
1791122241.4056,4968,1216,56875,306000000,1728000
1791122241.4556,4968,1200,56906,306000000,1728000
1791122241.5057,4968,1208,56968,306000000,1190400
1791122241.5558,4960,1224,57062,306000000,1728000
1791122241.6059,4960,1216,56875,306000000,1728000
1791122241.6560,4960,1224,56968,306000000,1728000
1791122241.7061,4968,1216,56875,306000000,1728000
1791122241.7561,4960,1216,56843,306000000,1728000
1791122241.8062,4968,1224,56875,306000000,1728000
1791122241.8563,4968,1216,56968,306000000,1728000
1791122241.9064,4968,1216,56843,306000000,1728000
1791122241.9565,4968,1208,56875,306000000,1728000
1791122242.0065,4968,1216,56968,306000000,1728000
1791122242.0566,4968,1208,56875,306000000,1728000
1791122242.1067,4960,1224,56968,306000000,1344000
1791122242.1568,4960,1224,56906,306000000,1728000
1791122242.2069,4960,1224,56937,306000000,1728000
1791122242.2570,4968,1216,56812,306000000,1728000
1791122242.3071,4968,1216,56968,306000000,1728000
1791122242.3571,4968,1216,56812,306000000,1728000
1791122242.4072,4968,1208,56875,306000000,1728000
1791122242.4573,4968,1216,56937,306000000,1728000
1791122242.5074,4968,1208,56812,306000000,1728000
1791122242.5574,4968,1208,56937,306000000,1728000
1791122242.6075,4968,1200,56875,306000000,1728000
1791122242.6576,4960,1216,56968,306000000,1728000
1791122242.7077,4968,1216,56843,306000000,1728000
1791122242.7578,4960,1224,56906,306000000,1728000
1791122242.8079,4968,1208,56781,306000000,1728000
1791122242.8580,4968,1216,56781,306000000,1728000
1791122242.9080,4968,1208,56968,306000000,1728000
1791122242.9581,4968,1208,56812,306000000,1728000
1791122243.0082,4968,1200,56968,306000000,1728000
1791122243.0583,4968,1208,56781,306000000,1728000
1791122243.1084,4960,1216,57000,306000000,1728000
1791122243.1585,4968,1200,56781,306000000,1728000
1791122243.2086,4960,1216,56875,306000000,1728000
1791122243.2587,4960,1216,56812,306000000,1728000
1791122243.3087,4960,1216,56843,306000000,1728000
1791122243.3588,4968,1208,57000,306000000,1728000
1791122243.4089,4960,1216,56906,306000000,1728000
1791122243.4590,4968,1208,56937,306000000,1728000
1791122243.5091,4968,1200,56812,306000000,1728000
1791122243.5591,4968,1208,56937,306000000,1728000
1791122243.6092,4968,1200,56812,306000000,1728000
1791122243.6593,4968,1200,56781,306000000,1728000
1791122243.7094,4968,1208,56843,306000000,1728000
1791122243.7595,4968,1208,56906,306000000,1728000
1791122243.8096,4960,1224,56875,306000000,1728000
1791122243.8596,4960,1224,56843,306000000,1728000
1791122243.9097,4968,1216,56875,306000000,1728000
1791122243.9598,4968,1216,56875,306000000,1728000
1791122244.0099,4968,1216,56906,306000000,1728000
1791122244.0600,4968,1216,56812,306000000,1728000
1791122244.1101,4968,1216,56843,306000000,1728000
1791122244.1601,4968,1208,56781,306000000,1728000
1791122244.2102,4968,1216,56843,306000000,1728000
1791122244.2603,4968,1208,56687,306000000,1728000
1791122244.3104,4968,1208,56781,306000000,1728000
1791122244.3605,4960,1216,56937,306000000,1728000
1791122244.4106,4960,1224,56781,306000000,1728000
1791122244.4606,4968,1216,56906,306000000,1728000
1791122244.5107,4968,1216,56812,306000000,1728000
1791122244.5608,4968,1224,56843,306000000,1728000
1791122244.6109,4968,1216,56718,306000000,1728000
1791122244.6610,4968,1216,56906,306000000,1728000
1791122244.7111,4968,1216,56718,306000000,1728000
1791122244.7612,4968,1216,56781,306000000,1728000
1791122244.8112,4968,1208,56875,306000000,1728000
1791122244.8613,4968,1208,56750,306000000,1728000
1791122244.9114,4960,1224,56968,306000000,1190400
1791122244.9615,4968,1224,56781,306000000,1728000
1791122245.0116,4960,1224,56812,306000000,1728000
1791122245.0617,4968,1216,56750,306000000,1728000
1791122245.1118,4968,1208,56843,306000000,1728000
1791122245.1618,4968,1208,56781,306000000,1728000
1791122245.2119,4968,1208,56843,306000000,1728000
1791122245.2620,4968,1208,56906,306000000,1728000
1791122245.3121,4968,1200,56656,306000000,1728000
1791122245.3622,4968,1200,56906,306000000,1728000
1791122245.4122,4968,1192,56781,306000000,1728000
1791122245.4623,4968,1208,56906,306000000,1728000
1791122245.5124,4968,1208,56687,306000000,1728000
1791122245.5625,4968,1208,56843,306000000,1728000
1791122245.6126,4968,1208,56718,306000000,1728000
1791122245.6627,4968,1208,56750,306000000,1728000
1791122245.7128,4968,1200,56875,306000000,1728000
1791122245.7628,4968,1208,56718,306000000,1728000
1791122245.8129,4968,1208,56906,306000000,1728000
1791122245.8630,4968,1208,56781,306000000,1728000
1791122245.9131,4968,1208,56875,306000000,1728000
1791122245.9632,4968,1200,56781,306000000,1728000
1791122246.0133,4968,1216,56843,306000000,1728000
1791122246.0634,4960,1224,56718,306000000,1728000
1791122246.1135,4968,1224,56906,306000000,1728000
1791122246.1636,4960,1224,56687,306000000,1728000
1791122246.2137,4968,1216,56781,306000000,1728000
1791122246.2638,4968,1224,56781,306000000,1728000
1791122246.3139,4968,1216,56718,306000000,1728000
1791122246.3640,4968,1216,56843,306000000,1728000
1791122246.4141,4968,1208,56656,306000000,1728000
1791122246.4641,4968,1216,56781,306000000,1728000
1791122246.5142,4968,1200,56750,306000000,1728000
1791122246.5643,4968,1216,56750,306000000,1728000
1791122246.6144,4960,1224,56656,306000000,1497600
1791122246.6645,4968,1224,56718,306000000,1728000
1791122246.7146,4968,1216,56843,306000000,1728000
1791122246.7647,4968,1216,56718,306000000,1728000
1791122246.8148,4968,1216,56781,306000000,1728000
1791122246.8648,4968,1216,56750,306000000,1728000
1791122246.9149,4968,1216,56843,306000000,1728000
1791122246.9650,4968,1208,56687,306000000,1728000
1791122247.0151,4968,1208,56812,306000000,1728000
1791122247.0651,4968,1216,56562,306000000,1728000
1791122247.1152,4968,1208,56718,306000000,1728000
1791122247.1653,4960,1224,56875,306000000,1728000
1791122247.2154,4968,1216,56750,306000000,1728000
1791122247.2655,4968,1224,56843,306000000,1728000
1791122247.3155,4968,1216,56687,306000000,1728000
1791122247.3656,4968,1216,56781,306000000,1728000
1791122247.4157,4968,1208,56656,306000000,1728000
1791122247.4658,4968,1200,56812,306000000,1728000
1791122247.5159,4968,1208,56687,306000000,1728000
1791122247.5659,4968,1200,56687,306000000,1728000
1791122247.6160,4968,1208,56781,306000000,1728000
1791122247.6661,4968,1200,56656,306000000,1728000
1791122247.7162,4968,1216,56875,306000000,1728000
1791122247.7663,4968,1216,56750,306000000,1728000
1791122247.8164,4968,1216,56718,306000000,1728000
1791122247.8664,4968,1216,56625,306000000,1728000
1791122247.9165,4968,1208,56750,306000000,1728000
1791122247.9666,4968,1216,56625,306000000,1728000
1791122248.0167,4968,1208,56750,306000000,1728000
1791122248.0668,4968,1216,56906,306000000,1728000
1791122248.1169,4968,1208,56750,306000000,883200
1791122248.1670,4968,1208,56843,306000000,1728000
1791122248.2171,4960,1216,56718,306000000,1728000
1791122248.2672,4960,1232,56812,306000000,1344000
1791122248.3173,4960,1240,56718,306000000,1728000
1791122248.3674,4960,1248,56718,306000000,1728000
1791122248.4175,4960,1248,56687,306000000,1728000
1791122248.4675,4960,1248,56812,306000000,1728000
1791122248.5176,4960,1240,56812,306000000,1728000
1791122248.5677,4960,1240,56687,306000000,1728000
1791122248.6178,4960,1240,56781,306000000,1728000
1791122248.6679,4960,1232,56812,306000000,1728000
1791122248.7180,4960,1232,56812,306000000,883200
1791122248.7681,4968,1224,56656,306000000,1728000
1791122248.8182,4960,1232,56750,306000000,1344000
1791122248.8683,4960,1248,56687,306000000,1728000
1791122248.9184,4960,1248,56687,306000000,1728000
1791122248.9685,4960,1248,56656,306000000,1728000
1791122249.0185,4960,1240,56656,306000000,1728000
1791122249.0686,4960,1240,56781,306000000,1728000
1791122249.1187,4968,1224,56687,306000000,1728000
1791122249.1688,4960,1232,56750,306000000,1728000
1791122249.2189,4968,1216,56656,306000000,1728000
1791122249.2689,4968,1224,56750,306000000,1728000
1791122249.3190,4968,1216,56593,306000000,1728000
1791122249.3691,4968,1224,56656,306000000,1728000
1791122249.4192,4960,1232,56625,306000000,1420800
1791122249.4693,4960,1232,56750,306000000,1728000
1791122249.5194,4960,1232,56718,306000000,1728000
1791122249.5695,4968,1224,56687,306000000,1728000
1791122249.6196,4968,1224,56812,306000000,1728000
1791122249.6697,4968,1216,56656,306000000,1728000
1791122249.7198,4968,1216,56843,306000000,1728000
1791122249.7698,4968,1216,56593,306000000,1728000
1791122249.8199,4968,1216,56750,306000000,1728000
1791122249.8700,4968,1216,56625,306000000,1728000
1791122249.9201,4968,1208,56687,306000000,1728000
1791122249.9702,4960,1224,56812,306000000,1728000
1791122250.0203,4968,1216,56687,306000000,1728000
1791122250.0703,4960,1224,56843,306000000,1728000
1791122250.1204,4968,1216,56687,306000000,1728000
1791122250.1705,4968,1216,56625,306000000,1728000
1791122250.2206,4968,1208,56750,306000000,1728000
1791122250.2707,4968,1216,56718,306000000,1728000
1791122250.3208,4968,1208,56593,306000000,1728000
1791122250.3708,4968,1208,56718,306000000,1728000
1791122250.4209,4968,1200,56812,306000000,1728000
1791122250.4710,4968,1208,56562,306000000,1728000
1791122250.5211,4960,1224,56843,306000000,1113600
1791122250.5712,4960,1216,56625,306000000,1728000
1791122250.6213,4960,1216,56687,306000000,1728000
1791122250.6714,4968,1216,56625,306000000,1728000
1791122250.7215,4960,1216,56625,306000000,1728000
1791122250.7716,4968,1208,56625,306000000,1728000
1791122250.8216,4968,1216,56593,306000000,1728000
1791122250.8717,4968,1208,56781,306000000,1728000
1791122250.9218,4968,1208,56656,306000000,1728000
1791122250.9719,4968,1208,56812,306000000,1728000
1791122251.0220,4968,1208,56562,306000000,1728000
1791122251.0721,4968,1216,56687,306000000,1728000
1791122251.1221,4960,1216,56687,306000000,1728000
1791122251.1722,4960,1216,56625,306000000,1728000
1791122251.2223,4968,1216,56593,306000000,1728000
1791122251.2724,4968,1216,56593,306000000,1728000
1791122251.3225,4968,1208,56625,306000000,1728000
1791122251.3726,4968,1200,56562,306000000,1728000
1791122251.4227,4968,1208,56718,306000000,1728000
1791122251.4727,4968,1192,56531,306000000,1728000
1791122251.5228,4968,1200,56656,306000000,1728000
1791122251.5729,4968,1192,56625,306000000,1728000
1791122251.6230,4968,1208,56625,306000000,1267200
1791122251.6731,4968,1208,56625,306000000,1728000
1791122251.7232,4968,1208,56656,306000000,1728000
1791122251.7733,4968,1208,56750,306000000,1728000
1791122251.8234,4968,1208,56625,306000000,1728000
1791122251.8735,4968,1208,56812,306000000,1728000
1791122251.9235,4968,1208,56531,306000000,1728000
1791122251.9736,4968,1200,56687,306000000,1728000
1791122252.0237,4968,1208,56562,306000000,1728000
1791122252.0738,4968,1200,56656,306000000,1728000
1791122252.1238,4968,1208,56562,306000000,1728000
1791122252.1739,4968,1200,56593,306000000,1113600
1791122252.2240,4968,1216,56562,306000000,1728000
1791122252.2741,4968,1216,56593,306000000,1728000
1791122252.3242,4968,1216,56625,306000000,1728000
1791122252.3743,4968,1208,56593,306000000,1728000
1791122252.4244,4968,1208,56781,306000000,1728000
1791122252.4745,4968,1216,56562,306000000,1728000
1791122252.5246,4968,1216,56687,306000000,1728000
1791122252.5747,4968,1208,56593,306000000,1728000
1791122252.6247,4968,1216,56593,306000000,1728000
1791122252.6748,4968,1208,56625,306000000,1728000
1791122252.7249,4968,1208,56593,306000000,1728000
1791122252.7750,4960,1224,56656,306000000,1267200
1791122252.8251,4960,1224,56593,306000000,1728000
1791122252.8752,4968,1224,56750,306000000,1728000
1791122252.9253,4968,1216,56562,306000000,1728000
1791122252.9754,4968,1216,56593,306000000,1728000
1791122253.0254,4968,1208,56593,306000000,1728000
1791122253.0755,4968,1216,56593,306000000,1728000
1791122253.1256,4968,1216,56593,306000000,1728000
1791122253.1757,4968,1208,56562,306000000,1728000
1791122253.2258,4968,1208,56687,306000000,1728000
1791122253.2759,4968,1208,56593,306000000,1728000
1791122253.3260,4960,1224,56781,306000000,1728000
1791122253.3761,4960,1224,56500,306000000,1728000
1791122253.4262,4960,1224,56656,306000000,1728000
1791122253.4762,4960,1216,56593,306000000,1728000
1791122253.5263,4968,1216,56656,306000000,1728000
1791122253.5764,4968,1216,56562,306000000,1728000
1791122253.6265,4968,1208,56593,306000000,1728000
1791122253.6766,4968,1208,56718,306000000,1728000
1791122253.7267,4968,1208,56593,306000000,1728000
1791122253.7767,4968,1208,56625,306000000,1728000
1791122253.8268,4968,1200,56656,306000000,1728000
1791122253.8769,4968,1216,56562,306000000,1728000
1791122253.9270,4968,1216,56531,306000000,1728000
1791122253.9771,4968,1224,56562,306000000,1728000
1791122254.0271,4968,1208,56593,306000000,1728000
1791122254.0772,4968,1216,56656,306000000,1728000
1791122254.1273,4968,1208,56718,306000000,1728000
1791122254.1774,4968,1208,56593,306000000,1728000
1791122254.2275,4968,1200,56750,306000000,1728000
1791122254.2776,4968,1208,56593,306000000,1728000
1791122254.3277,4968,1200,56593,306000000,1728000
1791122254.3778,4968,1200,56500,306000000,1728000
1791122254.4278,4968,1200,56562,306000000,1728000
1791122254.4779,4968,1224,56500,306000000,1728000
1791122254.5280,4968,1208,56656,306000000,1728000
1791122254.5781,4968,1216,56625,306000000,1728000
1791122254.6282,4968,1216,56531,306000000,1728000
1791122254.6783,4968,1208,56687,306000000,1728000
1791122254.7284,4968,1208,56531,306000000,1728000
1791122254.7785,4968,1208,56687,306000000,1728000
1791122254.8285,4968,1208,56531,306000000,1728000
1791122254.8786,4968,1200,56593,306000000,1728000
1791122254.9287,4968,1208,56562,306000000,1728000
1791122254.9788,4968,1200,56531,306000000,1190400
1791122255.0289,4968,1216,56656,306000000,1728000
1791122255.0790,4968,1208,56562,306000000,1728000
1791122255.1291,4960,1216,56562,306000000,1728000
1791122255.1791,4968,1208,56593,306000000,1728000
1791122255.2292,4968,1216,56687,306000000,1728000
1791122255.2793,4968,1200,56500,306000000,1728000
1791122255.3294,4968,1200,56531,306000000,1728000
1791122255.3795,4968,1200,56500,306000000,1728000
1791122255.4295,4968,1208,56531,306000000,1728000
1791122255.4796,4968,1200,56687,306000000,1728000
1791122255.5297,4968,1208,56500,306000000,1728000
1791122255.5798,4968,1208,56593,306000000,1728000
1791122255.6299,4968,1216,56562,306000000,1728000
1791122255.6800,4968,1208,56625,306000000,1728000
1791122255.7300,4968,1208,56500,306000000,1728000
1791122255.7801,4968,1208,56562,306000000,1728000
1791122255.8302,4968,1208,56500,306000000,1728000
1791122255.8803,4968,1200,56593,306000000,1728000
1791122255.9304,4968,1208,56531,306000000,1728000
1791122255.9804,4968,1200,56562,306000000,1728000
1791122256.0305,4968,1208,56625,306000000,1728000
1791122256.0806,4968,1200,56531,306000000,1728000
1791122256.1307,4968,1216,56593,306000000,1113600
1791122256.1808,4968,1224,56500,306000000,1728000
1791122256.2308,4968,1216,56625,306000000,1728000
1791122256.2809,4960,1216,56500,306000000,1728000
1791122256.3310,4968,1208,56531,306000000,1728000
1791122256.3811,4968,1208,56531,306000000,1728000
1791122256.4312,4968,1200,56562,306000000,1728000
1791122256.4813,4968,1216,56625,306000000,1728000
1791122256.5313,4968,1216,56500,306000000,1728000
1791122256.5814,4960,1224,56625,306000000,1728000
1791122256.6315,4960,1224,56500,306000000,1728000
1791122256.6816,4960,1232,56562,306000000,1728000
1791122256.7317,4960,1240,56500,306000000,1728000
1791122256.7818,4960,1256,56531,306000000,1728000
1791122256.8319,4960,1272,56500,306000000,1728000
1791122256.8820,4960,1272,56500,306000000,1728000
1791122256.9320,4960,1272,56625,306000000,1728000
1791122256.9821,4960,1272,56531,306000000,1728000
1791122257.0322,4960,1264,56562,306000000,1728000
1791122257.0823,4960,1256,56562,306000000,1728000
1791122257.1323,4960,1248,56593,306000000,1728000
1791122257.1824,4960,1248,56500,306000000,1728000
1791122257.2325,4960,1240,56531,306000000,1728000
1791122257.2826,4960,1256,56468,306000000,1728000
1791122257.3327,4960,1240,56500,306000000,1728000
1791122257.3828,4960,1240,56656,306000000,1728000
1791122257.4329,4960,1232,56500,306000000,1728000
1791122257.4830,4960,1232,56531,306000000,1728000
1791122257.5330,4968,1224,56500,306000000,1728000
1791122257.5831,4960,1224,56625,306000000,1728000
1791122257.6332,4968,1216,56500,306000000,1728000
1791122257.6833,4968,1216,56562,306000000,1728000
1791122257.7334,4968,1208,56468,306000000,1728000
1791122257.7834,4960,1216,56593,306000000,1728000
1791122257.8335,4960,1224,56656,306000000,1497600
1791122257.8836,4960,1224,56500,306000000,1728000
1791122257.9337,4960,1224,56656,306000000,1728000
1791122257.9838,4968,1216,56500,306000000,1728000
1791122258.0339,4968,1216,56562,306000000,1728000
1791122258.0839,4968,1208,56500,306000000,1728000
1791122258.1340,4968,1216,56562,306000000,1728000
1791122258.1841,4968,1208,56468,306000000,1728000
1791122258.2342,4968,1216,56593,306000000,1728000
1791122258.2842,4968,1216,56687,306000000,1728000
1791122258.3343,4968,1208,56437,306000000,1728000
1791122258.3844,4960,1224,56593,306000000,1728000
1791122258.4345,4968,1232,56500,306000000,1728000
1791122258.4846,4968,1224,56562,306000000,1728000
1791122258.5347,4968,1224,56468,306000000,1728000
1791122258.5847,4968,1216,56500,306000000,1728000
1791122258.6348,4968,1224,56437,306000000,1728000
1791122258.6849,4968,1208,56531,306000000,1728000
1791122258.7350,4968,1208,56531,306000000,1728000
1791122258.7851,4968,1208,56500,306000000,1728000
1791122258.8351,4968,1208,56625,306000000,1728000
1791122258.8852,4968,1208,56500,306000000,1728000
1791122258.9353,4968,1208,56593,306000000,1728000
1791122258.9854,4968,1216,56500,306000000,1728000
1791122259.0355,4968,1208,56562,306000000,1728000
1791122259.0856,4968,1216,56500,306000000,1728000
1791122259.1356,4968,1208,56531,306000000,1728000
1791122259.1857,4968,1208,56562,306000000,1728000
1791122259.2358,4968,1200,56468,306000000,1728000
1791122259.2859,4968,1200,56562,306000000,1728000
1791122259.3359,4968,1192,56468,306000000,1728000
1791122259.3860,4968,1200,56625,306000000,1728000
1791122259.4361,4968,1192,56468,306000000,1728000
1791122259.4862,4968,1208,56500,306000000,1728000
1791122259.5363,4968,1208,56437,306000000,1728000
1791122259.5864,4968,1208,56500,306000000,1728000
1791122259.6364,4968,1208,56625,306000000,1728000
1791122259.6865,4968,1208,56500,306000000,1728000
1791122259.7366,4968,1216,56531,306000000,1728000
1791122259.7867,4968,1208,56500,306000000,1728000
1791122259.8368,4968,1208,56593,306000000,1728000
1791122259.8868,4968,1200,56406,306000000,1728000
1791122259.9369,4968,1200,56531,306000000,1728000
1791122259.9870,4968,1200,56468,306000000,1728000
1791122260.0371,4968,1208,56468,306000000,1728000
1791122260.0872,4968,1208,56500,306000000,1728000
1791122260.1373,4960,1216,56531,306000000,1728000
1791122260.1874,4968,1208,56562,306000000,1728000
1791122260.2374,4968,1208,56500,306000000,1728000
1791122260.2875,4968,1200,56593,306000000,1728000
1791122260.3376,4968,1208,56468,306000000,1728000
1791122260.3877,4968,1208,56531,306000000,1728000
1791122260.4377,4968,1208,56500,306000000,1728000
1791122260.4878,4968,1208,56562,306000000,1728000
1791122260.5379,4968,1200,56500,306000000,1728000
1791122260.5880,4968,1208,56500,306000000,1190400
1791122260.6381,4968,1216,56562,306000000,1728000
1791122260.6882,4960,1216,56531,306000000,1728000
1791122260.7383,4968,1208,56593,306000000,1728000
1791122260.7884,4968,1216,56468,306000000,1728000
1791122260.8384,4968,1200,56468,306000000,1728000
1791122260.8885,4968,1208,56406,306000000,1728000
1791122260.9386,4968,1200,56500,306000000,1728000
1791122260.9887,4968,1192,56437,306000000,1728000
1791122261.0387,4968,1200,56500,306000000,1728000
1791122261.0888,4968,1200,56593,306000000,1728000
1791122261.1389,4968,1200,56437,306000000,1728000
1791122261.1890,4968,1216,56562,306000000,1728000
1791122261.2391,4968,1216,56437,306000000,1728000
1791122261.2892,4968,1216,56500,306000000,1728000
1791122261.3392,4968,1208,56437,306000000,1728000
1791122261.3893,4968,1216,56437,306000000,1728000
1791122261.4394,4968,1208,56406,306000000,1728000
1791122261.4895,4968,1208,56531,306000000,1728000
1791122261.5396,4968,1208,56562,306000000,1728000
1791122261.5897,4968,1208,56437,306000000,1728000
1791122261.6398,4968,1208,56593,306000000,1728000
1791122261.6898,4968,1208,56406,306000000,1728000
1791122261.7399,4960,1224,56562,306000000,1190400
1791122261.7900,4968,1216,56406,306000000,1728000
1791122261.8401,4960,1224,56500,306000000,1728000
1791122261.8902,4960,1224,56437,306000000,1728000
1791122261.9403,4968,1216,56468,306000000,1728000
1791122261.9904,4960,1216,56562,306000000,1728000
1791122262.0405,4968,1208,56468,306000000,1728000
1791122262.0905,4968,1216,56562,306000000,1728000
1791122262.1406,4968,1216,56437,306000000,1728000
1791122262.1907,4968,1208,56468,306000000,1728000
1791122262.2408,4968,1208,56468,306000000,1728000
1791122262.2909,4968,1216,56500,306000000,1728000
1791122262.3410,4968,1224,56406,306000000,1728000
1791122262.3911,4968,1216,56500,306000000,1728000
1791122262.4411,4968,1216,56500,306000000,1728000
1791122262.4912,4968,1216,56468,306000000,1728000
1791122262.5413,4968,1208,56625,306000000,1728000
1791122262.5914,4968,1208,56406,306000000,1728000
1791122262.6415,4968,1208,56562,306000000,1728000
1791122262.6916,4968,1208,56406,306000000,1728000
1791122262.7417,4968,1200,56500,306000000,1728000
1791122262.7918,4968,1200,56406,306000000,1728000
1791122262.8418,4968,1200,56500,306000000,1728000
1791122262.8919,4968,1216,56468,306000000,1728000
1791122262.9420,4968,1208,56500,306000000,1728000
1791122262.9921,4968,1216,56531,306000000,1728000
1791122263.0422,4968,1208,56406,306000000,1728000
1791122263.0923,4968,1208,56500,306000000,1728000
1791122263.1424,4968,1208,56375,306000000,1728000
1791122263.1924,4968,1200,56468,306000000,1728000
1791122263.2425,4968,1208,56312,306000000,1728000
1791122263.2926,4968,1200,56406,306000000,1728000
1791122263.3427,4968,1208,56437,306000000,1728000
1791122263.3928,4968,1200,56437,306000000,1728000
1791122263.4428,4960,1224,56593,306000000,1728000
1791122263.4929,4968,1216,56375,306000000,1728000
1791122263.5431,4968,1216,56437,306000000,1728000
1791122263.5931,4968,1208,56406,306000000,1728000
1791122263.6432,4968,1216,56406,306000000,1728000
1791122263.6933,4968,1216,56406,306000000,1728000
1791122263.7434,4968,1208,56500,306000000,1728000
1791122263.7935,4968,1216,56343,306000000,1728000
1791122263.8435,4968,1208,56437,306000000,1728000
1791122263.8936,4968,1208,56500,306000000,1728000
1791122263.9437,4968,1208,56406,306000000,1728000
1791122263.9938,4968,1224,56500,306000000,1728000
1791122264.0439,4968,1224,56375,306000000,1728000
1791122264.0940,4968,1216,56437,306000000,1728000
1791122264.1440,4968,1216,56406,306000000,1728000
1791122264.1941,4968,1208,56468,306000000,1728000
1791122264.2442,4968,1216,56343,306000000,1728000
1791122264.2943,4968,1208,56406,306000000,1728000
1791122264.3443,4968,1216,56562,306000000,1728000
1791122264.3944,4968,1208,56406,306000000,1728000
1791122264.4445,4968,1208,56500,306000000,1728000
1791122264.4946,4968,1208,56312,306000000,1728000
1791122264.5447,4968,1216,56437,306000000,1728000
1791122264.5947,4960,1224,56375,306000000,1728000
1791122264.6448,4968,1216,56468,306000000,1728000
1791122264.6949,4968,1224,56343,306000000,1728000
1791122264.7450,4960,1224,56375,306000000,1728000
1791122264.7951,4968,1216,56500,306000000,1728000
1791122264.8452,4968,1216,56406,306000000,1728000
1791122264.8952,4968,1208,56500,306000000,1728000
1791122264.9453,4968,1216,56406,306000000,1728000
1791122264.9954,4960,1224,56531,306000000,1728000
1791122265.0455,4968,1216,56406,306000000,1728000
1791122265.0956,4960,1224,56500,306000000,1267200
1791122265.1457,4960,1232,56375,306000000,1728000
1791122265.1958,4968,1224,56343,306000000,1728000
1791122265.2459,4968,1224,56500,306000000,1728000
1791122265.2959,4968,1224,56468,306000000,1728000
1791122265.3460,4968,1216,56468,306000000,1728000
1791122265.3961,4968,1224,56375,306000000,1728000
1791122265.4462,4968,1216,56437,306000000,1728000
1791122265.4963,4968,1216,56375,306000000,1728000
1791122265.5463,4968,1216,56375,306000000,1728000
1791122265.5964,4968,1216,56375,306000000,1728000
1791122265.6465,4968,1216,56468,306000000,1728000
1791122265.6966,4960,1224,56500,306000000,1728000
1791122265.7467,4968,1216,56406,306000000,1728000
1791122265.7968,4968,1224,56437,306000000,729600
1791122265.8469,4968,1208,56468,306000000,1728000
1791122265.8970,4968,1216,56375,306000000,1728000
1791122265.9471,4968,1200,56375,306000000,1728000
1791122265.9971,4968,1208,56406,306000000,1728000
1791122266.0472,4968,1200,56343,306000000,1728000
1791122266.0973,4968,1208,56437,306000000,1728000
1791122266.1474,4968,1208,56500,306000000,1728000
1791122266.1975,4968,1208,56343,306000000,1728000
1791122266.2476,4968,1208,56500,306000000,1728000
1791122266.2977,4968,1216,56406,306000000,1728000
1791122266.3478,4968,1208,56468,306000000,1728000
1791122266.3978,4968,1216,56312,306000000,1728000
1791122266.4479,4968,1200,56468,306000000,1728000
1791122266.4980,4968,1208,56343,306000000,1728000
1791122266.5481,4968,1208,56406,306000000,1728000
1791122266.5982,4968,1208,56281,306000000,1728000
1791122266.6483,4968,1208,56343,306000000,1728000
1791122266.6983,4968,1200,56500,306000000,1728000
1791122266.7484,4968,1200,56343,306000000,1728000
1791122266.7985,4968,1216,56500,306000000,1728000
1791122266.8486,4968,1216,56406,306000000,1728000
1791122266.8987,4968,1208,56468,306000000,1728000
1791122266.9488,4968,1216,56281,306000000,1728000
1791122266.9988,4968,1208,56437,306000000,1728000
1791122267.0489,4968,1208,56281,306000000,1728000
1791122267.0990,4968,1200,56375,306000000,1728000
1791122267.1491,4968,1208,56437,306000000,1728000
1791122267.1992,4968,1200,56375,306000000,1728000
1791122267.2492,4968,1208,56437,306000000,1728000
1791122267.2993,4968,1208,56375,306000000,1728000
1791122267.3494,4968,1216,56437,306000000,1728000
1791122267.3995,4968,1224,56312,306000000,1728000
1791122267.4496,4968,1224,56437,306000000,1728000
1791122267.4997,4968,1216,56312,306000000,1728000
1791122267.5497,4968,1208,56312,306000000,1728000
1791122267.5998,4968,1208,56468,306000000,1728000
1791122267.6499,4968,1200,56312,306000000,1728000
1791122267.7000,4968,1208,56500,306000000,1728000
1791122267.7501,4968,1208,56281,306000000,1728000
1791122267.8002,4968,1208,56343,306000000,1728000
1791122267.8503,4968,1200,56343,306000000,1728000
1791122267.9004,4968,1216,56343,306000000,1113600
1791122267.9505,4968,1216,56312,306000000,1728000
1791122268.0005,4968,1216,56343,306000000,1728000
1791122268.0506,4968,1208,56468,306000000,1728000
1791122268.1007,4968,1208,56375,306000000,1728000
1791122268.1508,4968,1208,56468,306000000,1728000
1791122268.2009,4968,1200,56250,306000000,1728000
1791122268.2509,4968,1208,56468,306000000,1728000
1791122268.3010,4968,1200,56250,306000000,1728000
1791122268.3511,4968,1208,56468,306000000,1728000
1791122268.4011,4968,1208,56250,306000000,1728000
1791122268.4512,4968,1208,56312,306000000,1344000
1791122268.5013,4968,1216,56500,306000000,1728000
1791122268.5514,4968,1216,56343,306000000,1728000
1791122268.6015,4968,1216,56406,306000000,1728000
1791122268.6516,4968,1216,56312,306000000,1728000
1791122268.7017,4968,1216,56406,306000000,1728000
1791122268.7518,4968,1216,56281,306000000,1728000
1791122268.8018,4968,1208,56375,306000000,1728000
1791122268.8519,4968,1208,56281,306000000,1728000
1791122268.9020,4968,1208,56375,306000000,1728000
1791122268.9521,4968,1208,56375,306000000,1728000
1791122269.0022,4968,1208,56312,306000000,1728000
1791122269.0523,4968,1224,56437,306000000,1728000
1791122269.1024,4968,1224,56406,306000000,1728000
1791122269.1524,4968,1216,56406,306000000,1728000
1791122269.2025,4968,1224,56218,306000000,1728000
1791122269.2526,4968,1224,56375,306000000,1728000
1791122269.3027,4968,1216,56281,306000000,1728000
1791122269.3528,4968,1216,56406,306000000,1728000
1791122269.4029,4968,1208,56437,306000000,1728000
1791122269.4529,4968,1216,56406,306000000,1728000
1791122269.5031,4968,1208,56437,306000000,1728000
1791122269.5531,4968,1208,56312,306000000,1728000
1791122269.6032,4968,1232,56437,306000000,1420800
1791122269.6533,4968,1216,56312,306000000,1728000
1791122269.7034,4968,1224,56437,306000000,1728000
1791122269.7535,4968,1208,56312,306000000,1728000
1791122269.8036,4968,1216,56343,306000000,1728000
1791122269.8537,4968,1208,56437,306000000,1728000
1791122269.9037,4968,1208,56218,306000000,1728000
1791122269.9538,4968,1200,56406,306000000,1728000
1791122270.0039,4968,1208,56343,306000000,1728000
1791122270.0540,4968,1200,56375,306000000,1728000
1791122270.1041,4968,1208,56312,306000000,1728000
1791122270.1542,4968,1208,56375,306000000,1728000
1791122270.2043,4968,1216,56250,306000000,1728000
1791122270.2543,4968,1208,56375,306000000,1728000
1791122270.3044,4968,1216,56468,306000000,1728000
1791122270.3545,4968,1200,56343,306000000,1728000
1791122270.4046,4968,1208,56437,306000000,1728000
1791122270.4547,4968,1200,56312,306000000,1728000
1791122270.5048,4968,1208,56468,306000000,1728000
1791122270.5549,4968,1208,56281,306000000,1728000
1791122270.6049,4968,1200,56343,306000000,1728000
1791122270.6551,4968,1208,56281,306000000,1728000
1791122270.7051,4968,1216,56312,306000000,1728000
1791122270.7553,4960,1232,56281,306000000,1728000
1791122270.8054,4968,1232,56375,306000000,1728000
1791122270.8555,4960,1232,56218,306000000,1728000
1791122270.9056,4960,1232,56312,306000000,1728000
1791122270.9557,4968,1224,56375,306000000,1728000
1791122271.0058,4960,1232,56375,306000000,1728000
1791122271.0559,4960,1232,56312,306000000,1728000
1791122271.1060,4960,1240,56281,306000000,1728000
1791122271.1561,4968,1232,56406,306000000,1728000
1791122271.2062,4960,1232,56187,306000000,1728000
1791122271.2563,4960,1240,56312,306000000,1728000
1791122271.3064,4960,1256,56437,306000000,1728000
1791122271.3565,4960,1248,56281,306000000,883200
1791122271.4066,4960,1248,56406,306000000,1728000
1791122271.4567,4960,1248,56343,306000000,1728000
1791122271.5068,4960,1248,56406,306000000,883200
1791122271.5569,4960,1248,56281,306000000,1728000
1791122271.6070,4960,1232,56375,306000000,1728000
1791122271.6571,4960,1240,56250,306000000,1728000
1791122271.7072,4968,1224,56343,306000000,883200
1791122271.7572,4968,1224,56250,306000000,1728000
1791122271.8073,4960,1232,56281,306000000,1113600
1791122271.8574,4960,1248,56406,306000000,806400
1791122271.9075,4960,1240,56312,306000000,1728000
1791122271.9576,4960,1240,56375,306000000,806400
1791122272.0077,4960,1240,56218,306000000,1728000
1791122272.0578,4968,1232,56312,306000000,1728000
1791122272.1079,4960,1232,56187,306000000,1728000
1791122272.1580,4960,1232,56343,306000000,1728000
1791122272.2081,4968,1224,56250,306000000,1728000
1791122272.2582,4968,1224,56281,306000000,1728000
1791122272.3083,4968,1224,56437,306000000,1728000
1791122272.3584,4968,1224,56187,306000000,1728000
1791122272.4085,4960,1240,56343,306000000,1728000
1791122272.4586,4960,1240,56281,306000000,960000
1791122272.5087,4960,1248,56375,306000000,1728000
1791122272.5588,4968,1232,56281,306000000,1728000
1791122272.6089,4960,1240,56375,306000000,1728000
1791122272.6590,4960,1240,56187,306000000,1728000
1791122272.7090,4968,1224,56218,306000000,1728000
1791122272.7591,4960,1232,56406,306000000,1728000
1791122272.8092,4960,1232,56312,306000000,1728000
1791122272.8593,4960,1232,56343,306000000,1728000
1791122272.9094,4968,1224,56250,306000000,1728000
1791122272.9595,4960,1240,56312,306000000,1728000
1791122273.0096,4960,1248,56250,306000000,1728000
1791122273.0597,4960,1256,56375,306000000,1728000
1791122273.1098,4960,1248,56281,306000000,1728000
1791122273.1599,4960,1240,56312,306000000,1728000
1791122273.2100,4960,1240,56406,306000000,1728000
1791122273.2601,4960,1240,56281,306000000,1728000
1791122273.3102,4960,1232,56343,306000000,1728000
1791122273.3603,4960,1232,56250,306000000,1728000
1791122273.4104,4960,1232,56281,306000000,1728000
1791122273.4605,4960,1232,56187,306000000,1728000
1791122273.5106,4960,1240,56312,306000000,1420800
1791122273.5607,4960,1248,56250,306000000,1728000
1791122273.6108,4960,1248,56250,306000000,1728000
1791122273.6609,4960,1248,56406,306000000,1728000
1791122273.7109,4960,1240,56218,306000000,883200
1791122273.7610,4960,1240,56437,306000000,1728000
1791122273.8111,4960,1240,56312,306000000,1728000
1791122273.8612,4960,1232,56312,306000000,1728000
1791122273.9113,4960,1232,56187,306000000,1728000
1791122273.9614,4960,1232,56281,306000000,1728000
1791122274.0115,4960,1224,56156,306000000,1728000
1791122274.0616,4960,1232,56343,306000000,1728000
1791122274.1117,4960,1232,56250,306000000,1728000
1791122274.1617,4960,1232,56281,306000000,1728000
1791122274.2118,4968,1224,56437,306000000,1728000
1791122274.2619,4960,1224,56281,306000000,1728000
1791122274.3120,4968,1224,56375,306000000,1728000
1791122274.3620,4968,1216,56187,306000000,1728000
1791122274.4121,4968,1224,56281,306000000,1728000
1791122274.4622,4968,1224,56187,306000000,1728000
1791122274.5123,4968,1224,56250,306000000,1728000
1791122274.5624,4968,1216,56218,306000000,1728000
1791122274.6125,4968,1224,56312,306000000,1728000
1791122274.6625,4960,1232,56406,306000000,1728000
1791122274.7126,4960,1224,56187,306000000,1728000
1791122274.7627,4968,1224,56375,306000000,1728000
1791122274.8128,4968,1208,56218,306000000,1728000
1791122274.8629,4968,1216,56406,306000000,1728000
1791122274.9130,4960,1224,56218,306000000,1728000
1791122274.9631,4968,1208,56250,306000000,1728000
1791122275.0131,4968,1216,56187,306000000,1728000
1791122275.0632,4968,1208,56312,306000000,1728000
1791122275.1133,4968,1208,56375,306000000,1728000
1791122275.1634,4968,1208,56250,306000000,1728000
1791122275.2135,4960,1216,56312,306000000,1728000
1791122275.2636,4960,1224,56187,306000000,1728000
1791122275.3136,4968,1216,56281,306000000,1728000
1791122275.3637,4960,1216,56250,306000000,1728000
1791122275.4138,4960,1216,56281,306000000,1728000
1791122275.4639,4968,1216,56218,306000000,1728000
1791122275.5140,4960,1216,56187,306000000,1728000
1791122275.5640,4968,1208,56406,306000000,1728000
1791122275.6141,4968,1208,56218,306000000,1728000
1791122275.6642,4968,1200,56406,306000000,1728000
1791122275.7143,4968,1208,56125,306000000,1728000
1791122275.7644,4960,1224,56281,306000000,1728000
1791122275.8145,4960,1224,56187,306000000,1728000
1791122275.8646,4960,1224,56281,306000000,1728000
1791122275.9147,4960,1224,56250,306000000,1728000
1791122275.9647,4968,1216,56187,306000000,1728000
1791122276.0148,4960,1224,56312,306000000,1728000
1791122276.0649,4968,1216,56250,306000000,1728000
1791122276.1150,4968,1216,56406,306000000,1728000
1791122276.1651,4968,1216,56250,306000000,1728000
1791122276.2152,4968,1208,56281,306000000,1728000
1791122276.2652,4968,1216,56093,306000000,1728000
1791122276.3153,4960,1224,56218,306000000,1420800
1791122276.3654,4960,1224,56156,306000000,1728000
1791122276.4155,4960,1224,56250,306000000,1728000
1791122276.4656,4968,1224,56312,306000000,1728000
1791122276.5157,4968,1216,56250,306000000,1728000
1791122276.5658,4968,1208,56312,306000000,1728000
1791122276.6159,4968,1216,56218,306000000,1728000
1791122276.6660,4968,1200,56250,306000000,1728000
1791122276.7160,4968,1208,56218,306000000,1728000
1791122276.7661,4968,1200,56218,306000000,1728000
1791122276.8162,4968,1208,56187,306000000,1728000
1791122276.8663,4968,1208,56187,306000000,1728000
1791122276.9164,4960,1224,56375,306000000,1728000
1791122276.9665,4968,1224,56156,306000000,1728000
1791122277.0166,4968,1216,56375,306000000,1728000
1791122277.0667,4968,1216,56156,306000000,1728000
1791122277.1167,4968,1216,56250,306000000,1728000
1791122277.1668,4968,1216,56187,306000000,1728000
1791122277.2169,4968,1216,56312,306000000,1728000
1791122277.2670,4968,1208,56125,306000000,1728000
1791122277.3171,4968,1208,56312,306000000,1728000
1791122277.3671,4968,1208,56312,306000000,1728000
1791122277.4172,4968,1200,56187,306000000,1728000
1791122277.4673,4968,1224,56343,306000000,1728000
1791122277.5174,4960,1224,56156,306000000,1728000
1791122277.5675,4968,1216,56250,306000000,1728000
1791122277.6176,4968,1216,56218,306000000,1728000
1791122277.6677,4968,1208,56250,306000000,1728000
1791122277.7178,4968,1216,56156,306000000,1728000
1791122277.7678,4968,1208,56187,306000000,1728000
1791122277.8179,4968,1208,56406,306000000,1728000
1791122277.8680,4968,1200,56156,306000000,1728000
1791122277.9181,4968,1200,56312,306000000,1728000
1791122277.9682,4968,1200,56156,306000000,1113600
1791122278.0183,4960,1216,56281,306000000,1728000
1791122278.0684,4960,1224,56187,306000000,1728000
1791122278.1184,4960,1216,56218,306000000,1728000
1791122278.1685,4960,1224,56156,306000000,1728000
1791122278.2186,4968,1208,56218,306000000,1728000
1791122278.2687,4968,1216,56218,306000000,1728000
1791122278.3188,4968,1216,56125,306000000,1728000
1791122278.3688,4968,1208,56312,306000000,1728000
1791122278.4189,4968,1216,56156,306000000,1728000
1791122278.4690,4968,1208,56343,306000000,1728000
1791122278.5191,4968,1208,56125,306000000,1728000
1791122278.5692,4968,1216,56187,306000000,1728000
1791122278.6193,4968,1224,56093,306000000,1728000
1791122278.6694,4968,1216,56281,306000000,1728000
1791122278.7194,4968,1216,56187,306000000,1728000
1791122278.7695,4968,1208,56218,306000000,1728000
1791122278.8196,4968,1208,56343,306000000,1728000
1791122278.8697,4968,1200,56187,306000000,1728000
1791122278.9198,4968,1208,56312,306000000,1728000
1791122278.9698,4968,1208,56218,306000000,1728000
1791122279.0199,4968,1200,56250,306000000,1728000
1791122279.0700,4968,1208,56281,306000000,1728000
1791122279.1201,4968,1208,56250,306000000,1728000
1791122279.1702,4960,1224,56125,306000000,1728000
1791122279.2203,4960,1216,56187,306000000,1728000
1791122279.2704,4968,1216,56312,306000000,1728000
1791122279.3204,4960,1216,56125,306000000,1728000
1791122279.3705,4960,1216,56281,306000000,1728000
1791122279.4206,4968,1208,56125,306000000,1728000
1791122279.4707,4968,1216,56218,306000000,1728000
1791122279.5207,4968,1208,56093,306000000,1728000
1791122279.5708,4968,1216,56218,306000000,1728000
1791122279.6209,4968,1200,56187,306000000,1728000
1791122279.6710,4968,1216,56156,306000000,1728000
1791122279.7211,4960,1216,56375,306000000,1728000
1791122279.7711,4960,1216,56156,306000000,1728000
1791122279.8212,4968,1208,56343,306000000,1728000
1791122279.8713,4968,1216,56156,306000000,1728000
1791122279.9214,4968,1208,56187,306000000,1728000
1791122279.9715,4968,1208,56125,306000000,1728000
1791122280.0216,4968,1208,56187,306000000,1728000
1791122280.0716,4968,1208,56093,306000000,1728000
1791122280.1217,4960,1216,56093,306000000,1728000
1791122280.1718,4968,1208,56250,306000000,1728000
1791122280.2219,4960,1216,56156,306000000,1190400
1791122280.2720,4960,1224,56281,306000000,1728000
1791122280.3220,4960,1224,56062,306000000,1728000
1791122280.3721,4960,1224,56218,306000000,1728000
1791122280.4222,4968,1216,56031,306000000,1728000
1791122280.4723,4960,1224,56125,306000000,1728000
1791122280.5223,4968,1216,56031,306000000,1728000
1791122280.5724,4968,1216,56125,306000000,1728000
1791122280.6225,4968,1208,56343,306000000,1728000
1791122280.6726,4968,1208,56093,306000000,1728000
1791122280.7227,4968,1200,56218,306000000,1728000
1791122280.7728,4968,1208,56125,306000000,1113600
1791122280.8229,4968,1208,56250,306000000,1728000
1791122280.8729,4968,1208,56062,306000000,1728000
1791122280.9231,4968,1216,56187,306000000,1728000
1791122280.9732,4960,1216,56156,306000000,1728000
1791122281.0233,4968,1208,56218,306000000,1728000
1791122281.0733,4968,1208,56093,306000000,1728000
1791122281.1234,4968,1208,56125,306000000,1728000
1791122281.1735,4960,1208,56218,306000000,1728000
1791122281.2236,4968,1200,56156,306000000,1728000
1791122281.2737,4960,1208,56343,306000000,1728000
1791122281.3237,4968,1200,56062,306000000,1728000
1791122281.3738,4960,1216,56062,306000000,1728000
1791122281.4239,4960,1216,56062,306000000,1728000
1791122281.4740,4960,1224,56156,306000000,1728000
1791122281.5241,4968,1208,56031,306000000,1728000
1791122281.5742,4968,1216,56093,306000000,1728000
1791122281.6243,4960,1216,56250,306000000,1728000
1791122281.6743,4960,1208,56062,306000000,1728000
1791122281.7244,4960,1216,56250,306000000,1728000
1791122281.7745,4968,1208,56031,306000000,1728000
1791122281.8246,4960,1208,56156,306000000,1728000
1791122281.8747,4960,1208,56125,306000000,1728000
1791122281.9247,4960,1216,56187,306000000,1728000
1791122281.9748,4960,1224,56093,306000000,1728000
1791122282.0249,4960,1216,56187,306000000,1728000
1791122282.0751,4960,1224,56281,306000000,1728000
1791122282.1251,4960,1216,56031,306000000,1728000
1791122282.1752,4968,1216,56218,306000000,1728000
1791122282.2253,4960,1216,56062,306000000,1728000
1791122282.2754,4968,1216,56187,306000000,1728000
1791122282.3254,4968,1216,56125,306000000,1728000
1791122282.3755,4968,1208,56187,306000000,1728000
1791122282.4256,4968,1208,56031,306000000,1728000
1791122282.4757,4968,1208,56093,306000000,1728000
1791122282.5258,4960,1224,56250,306000000,1728000
1791122282.5759,4968,1216,56031,306000000,1728000
1791122282.6260,4960,1216,56250,306000000,1728000
1791122282.6761,4960,1216,56031,306000000,1728000
1791122282.7262,4968,1216,56093,306000000,1728000
1791122282.7762,4968,1216,56062,306000000,1728000
1791122282.8263,4968,1208,56093,306000000,1728000
1791122282.8764,4968,1208,56000,306000000,1728000
1791122282.9265,4968,1200,56093,306000000,1728000
1791122282.9766,4968,1200,56250,306000000,1728000
1791122283.0267,4968,1208,56093,306000000,1190400
1791122283.0768,4960,1224,56250,306000000,1728000
1791122283.1268,4968,1216,56125,306000000,1728000
1791122283.1769,4960,1216,56125,306000000,1728000
1791122283.2270,4968,1208,56031,306000000,1728000
1791122283.2771,4968,1208,56187,306000000,1728000
1791122283.3272,4968,1200,55968,306000000,1728000
1791122283.3773,4968,1208,56156,306000000,1728000
1791122283.4274,4968,1200,55968,306000000,1728000
1791122283.4774,4968,1208,56093,306000000,1728000
1791122283.5275,4968,1208,56250,306000000,1728000
1791122283.5776,4968,1200,56031,306000000,1113600
1791122283.6277,4960,1216,56187,306000000,1728000
1791122283.6778,4960,1216,56031,306000000,1728000
1791122283.7278,4960,1224,56156,306000000,1728000
1791122283.7779,4968,1208,56031,306000000,1728000
1791122283.8280,4960,1216,56156,306000000,1728000
1791122283.8781,4968,1208,56031,306000000,1728000
1791122283.9282,4968,1208,56093,306000000,1728000
1791122283.9783,4968,1200,56250,306000000,1728000
1791122284.0284,4968,1208,56062,306000000,1728000
1791122284.0784,4968,1200,56187,306000000,1728000
1791122284.1285,4968,1208,56062,306000000,1728000
1791122284.1786,4968,1208,56156,306000000,1267200
1791122284.2287,4960,1216,56000,306000000,1728000
1791122284.2788,4968,1208,56062,306000000,1728000
1791122284.3289,4968,1216,56031,306000000,1728000
1791122284.3790,4960,1216,56093,306000000,1728000
1791122284.4290,4960,1224,56156,306000000,1728000
1791122284.4791,4968,1216,56093,306000000,1728000
1791122284.5292,4960,1216,56187,306000000,1728000
1791122284.5793,4968,1208,56031,306000000,1420800
1791122284.6294,4960,1208,56093,306000000,1728000
1791122284.6795,4960,1224,56281,306000000,1728000
1791122284.7296,4960,1232,56031,306000000,1728000
1791122284.7797,4960,1248,56031,306000000,1728000
1791122284.8298,4960,1256,56031,306000000,1728000
1791122284.8798,4960,1248,56218,306000000,1728000
1791122284.9299,4960,1240,56031,306000000,1728000
1791122284.9800,4960,1248,56218,306000000,1728000
1791122285.0301,4960,1272,56062,306000000,1344000
1791122285.0802,4960,1280,56156,306000000,1728000
1791122285.1303,4960,1272,56062,306000000,883200
1791122285.1804,4960,1272,56187,306000000,1728000
1791122285.2305,4960,1256,56031,306000000,1728000
1791122285.2806,4960,1264,56062,306000000,1728000
1791122285.3307,4960,1280,56250,306000000,1728000
1791122285.3808,4960,1280,56031,306000000,1728000
1791122285.4309,4960,1280,56218,306000000,883200
1791122285.4810,4960,1272,56031,306000000,1728000
1791122285.5311,4960,1264,56093,306000000,1728000
1791122285.5812,4960,1256,56062,306000000,1728000
1791122285.6313,4960,1256,56156,306000000,1728000
1791122285.6813,4960,1248,56000,306000000,1728000
1791122285.7314,4960,1248,56031,306000000,1728000
1791122285.7815,4960,1248,56031,306000000,1728000
1791122285.8316,4960,1248,56062,306000000,1190400
1791122285.8817,4960,1264,56156,306000000,1267200
1791122285.9318,4960,1256,56093,306000000,1728000
1791122285.9819,4960,1256,56156,306000000,1728000
1791122286.0320,4960,1256,56031,306000000,1728000
1791122286.0821,4960,1256,56156,306000000,1728000
1791122286.1322,4960,1256,56000,306000000,1728000
1791122286.1823,4960,1256,56031,306000000,806400
1791122286.2324,4960,1240,56000,306000000,729600
1791122286.2825,4960,1240,56031,306000000,1728000
1791122286.3326,4960,1240,56281,306000000,1728000
1791122286.3827,4960,1240,56031,306000000,1728000
1791122286.4328,4960,1256,56250,306000000,1728000
1791122286.4829,4960,1248,56000,306000000,1728000
1791122286.5330,4960,1248,56062,306000000,1728000
1791122286.5831,4960,1240,56000,306000000,1728000
1791122286.6332,4960,1240,56093,306000000,1728000
1791122286.6833,4960,1232,56031,306000000,1728000
1791122286.7334,4960,1232,56031,306000000,1728000
1791122286.7834,4960,1232,56187,306000000,1728000
1791122286.8335,4968,1224,56093,306000000,1728000
1791122286.8836,4960,1224,56187,306000000,1728000
1791122286.9337,4960,1224,56031,306000000,1728000
1791122286.9838,4960,1232,56031,306000000,1728000
1791122287.0339,4960,1224,56000,306000000,1728000
1791122287.0840,4960,1232,56093,306000000,1728000
1791122287.1340,4968,1224,55968,306000000,1728000
1791122287.1841,4968,1224,56031,306000000,1728000
1791122287.2342,4968,1216,56187,306000000,1728000
1791122287.2843,4968,1216,56031,306000000,1728000
1791122287.3343,4968,1216,56125,306000000,1728000
1791122287.3844,4968,1216,56031,306000000,1728000
1791122287.4345,4968,1208,56031,306000000,1728000
1791122287.4846,4968,1208,56000,306000000,1728000
1791122287.5347,4960,1224,56031,306000000,1420800
1791122287.5848,4960,1224,56031,306000000,1728000
1791122287.6349,4960,1224,56031,306000000,1728000
1791122287.6850,4968,1224,56187,306000000,1728000
1791122287.7350,4968,1216,56062,306000000,1728000
1791122287.7851,4968,1208,56187,306000000,1728000
1791122287.8352,4968,1216,55968,306000000,1728000
1791122287.8853,4968,1216,56156,306000000,1728000
1791122287.9354,4968,1208,56031,306000000,1728000
1791122287.9855,4968,1208,56125,306000000,1728000
1791122288.0355,4968,1200,56031,306000000,1728000
1791122288.0856,4968,1208,56062,306000000,1728000
1791122288.1357,4960,1216,56000,306000000,729600
1791122288.1858,4960,1224,56031,306000000,1728000
1791122288.2359,4968,1208,56125,306000000,1728000
1791122288.2860,4968,1216,56031,306000000,1728000
1791122288.3361,4960,1216,56031,306000000,1728000
1791122288.3862,4968,1208,55937,306000000,1728000
1791122288.4362,4968,1216,56093,306000000,1728000
1791122288.4863,4968,1200,55875,306000000,1728000
1791122288.5364,4968,1200,56000,306000000,1728000
1791122288.5865,4968,1200,55906,306000000,1728000
1791122288.6366,4968,1192,56000,306000000,1728000
1791122288.6867,4960,1216,56187,306000000,1497600
1791122288.7368,4968,1200,56031,306000000,1728000
1791122288.7868,4968,1208,56187,306000000,1728000
1791122288.8369,4968,1200,55937,306000000,1728000
1791122288.8870,4968,1208,56093,306000000,1728000
1791122288.9371,4968,1200,56062,306000000,1728000
1791122288.9872,4968,1200,56031,306000000,1728000
1791122289.0373,4960,1208,55875,306000000,1728000
1791122289.0874,4968,1200,55968,306000000,883200
1791122289.1375,4968,1208,56156,306000000,1728000
1791122289.1876,4968,1208,56093,306000000,1728000
1791122289.2377,4960,1216,56187,306000000,1728000
1791122289.2878,4960,1224,55968,306000000,1728000
1791122289.3379,4960,1224,56093,306000000,1728000
1791122289.3879,4960,1224,55968,306000000,1728000
1791122289.4380,4960,1232,56062,306000000,1728000
1791122289.4881,4960,1224,55937,306000000,1728000
1791122289.5382,4960,1232,56031,306000000,1728000
1791122289.5883,4960,1232,56156,306000000,1728000
1791122289.6384,4960,1216,55968,306000000,1728000
1791122289.6884,4968,1208,56125,306000000,1728000
1791122289.7385,4968,1216,56031,306000000,1728000
1791122289.7886,4960,1224,56031,306000000,1728000
1791122289.8387,4960,1224,56031,306000000,1728000
1791122289.8888,4960,1224,56062,306000000,1728000
1791122289.9389,4968,1216,56000,306000000,1728000
1791122289.9890,4960,1224,56000,306000000,1728000
1791122290.0391,4968,1208,56125,306000000,1728000
1791122290.0892,4968,1216,55968,306000000,1728000
1791122290.1393,4960,1224,56156,306000000,1728000
1791122290.1894,4960,1216,56031,306000000,1728000
1791122290.2395,4960,1216,56031,306000000,1728000
1791122290.2896,4960,1224,56000,306000000,1728000
1791122290.3397,4960,1232,56000,306000000,1728000
1791122290.3898,4960,1248,56031,306000000,1728000
1791122290.4399,4960,1240,56031,306000000,1728000
1791122290.4899,4960,1240,55937,306000000,1728000
1791122290.5400,4960,1240,56000,306000000,1728000
1791122290.5901,4960,1232,56093,306000000,1728000
1791122290.6402,4960,1232,56000,306000000,1728000
1791122290.6903,4960,1232,56062,306000000,1728000
1791122290.7404,4960,1224,56031,306000000,1728000
1791122290.7905,4960,1224,56031,306000000,1728000
1791122290.8406,4968,1216,55968,306000000,1728000
1791122290.8907,4960,1224,56062,306000000,1190400
1791122290.9408,4960,1232,56000,306000000,729600
1791122290.9908,4960,1224,55937,306000000,1728000
1791122291.0409,4960,1232,56156,306000000,1728000
1791122291.0910,4968,1216,56062,306000000,1728000
1791122291.1411,4960,1224,56062,306000000,1728000
1791122291.1912,4968,1216,56031,306000000,1728000
1791122291.2413,4968,1216,56031,306000000,1728000
1791122291.2913,4968,1216,56031,306000000,1728000
1791122291.3414,4968,1216,56093,306000000,1728000
1791122291.3915,4968,1208,55937,306000000,1728000
1791122291.4416,4968,1208,56031,306000000,1728000
1791122291.4917,4960,1224,56125,306000000,1728000
1791122291.5418,4968,1216,56031,306000000,1728000
1791122291.5918,4960,1216,56031,306000000,1728000
1791122291.6419,4968,1208,56000,306000000,1728000
1791122291.6920,4960,1216,56062,306000000,1728000
1791122291.7421,4968,1208,55906,306000000,1728000
1791122291.7922,4960,1208,56031,306000000,1728000
1791122291.8423,4968,1200,55875,306000000,1728000
1791122291.8923,4968,1208,55968,306000000,1728000
1791122291.9424,4968,1208,56125,306000000,1728000
1791122291.9925,4968,1200,55937,306000000,1728000
1791122292.0426,4968,1208,56062,306000000,1728000
1791122292.0927,4960,1216,55968,306000000,1728000
1791122292.1428,4968,1208,56062,306000000,1728000
1791122292.1929,4968,1216,56000,306000000,1728000
1791122292.2429,4968,1208,56000,306000000,1728000
1791122292.2930,4968,1208,55937,306000000,1728000
1791122292.3431,4968,1200,56000,306000000,1728000
1791122292.3932,4968,1208,56093,306000000,1728000
1791122292.4433,4968,1200,55937,306000000,1728000
1791122292.4934,4968,1200,56062,306000000,1728000
1791122292.5435,4968,1208,55937,306000000,1728000
1791122292.5935,4968,1208,56062,306000000,1728000
1791122292.6436,4960,1224,55937,306000000,1728000
1791122292.6937,4968,1216,56062,306000000,1728000
1791122292.7438,4968,1216,55906,306000000,1728000
1791122292.7939,4968,1216,55937,306000000,1728000
1791122292.8440,4968,1208,55906,306000000,1728000
1791122292.8941,4968,1216,55937,306000000,1728000
1791122292.9441,4968,1208,56125,306000000,1728000
1791122292.9942,4968,1208,56000,306000000,1728000
1791122293.0443,4968,1200,56062,306000000,1728000
1791122293.0944,4968,1208,55906,306000000,1728000
1791122293.1445,4968,1208,56000,306000000,1728000
1791122293.1946,4960,1224,55906,306000000,1728000
1791122293.2447,4960,1216,56000,306000000,1728000
1791122293.2948,4960,1216,55875,306000000,1728000
1791122293.3449,4968,1208,56000,306000000,1728000
1791122293.3949,4960,1216,56062,306000000,1728000
1791122293.4450,4968,1200,55937,306000000,1728000
1791122293.4951,4968,1208,56031,306000000,1728000
1791122293.5451,4968,1200,55937,306000000,1728000
1791122293.5952,4968,1208,56000,306000000,1728000
1791122293.6453,4968,1200,55875,306000000,1728000
1791122293.6954,4968,1208,56000,306000000,1728000
1791122293.7455,4960,1216,55843,306000000,806400
1791122293.7956,4960,1216,56000,306000000,1728000
1791122293.8456,4968,1216,56125,306000000,1728000
1791122293.8957,4968,1216,55906,306000000,1728000
1791122293.9458,4968,1216,56031,306000000,1728000
1791122293.9959,4968,1208,55906,306000000,1728000
1791122294.0460,4968,1208,56031,306000000,1728000
1791122294.0960,4968,1200,55937,306000000,1728000
1791122294.1461,4968,1208,56000,306000000,1728000
1791122294.1962,4968,1200,55937,306000000,1728000
1791122294.2463,4968,1208,55937,306000000,1728000
1791122294.2964,4968,1208,56093,306000000,1728000
1791122294.3465,4960,1216,56000,306000000,1728000
1791122294.3966,4968,1208,56031,306000000,1728000
1791122294.4466,4968,1208,55937,306000000,1728000
1791122294.4967,4968,1200,56031,306000000,1728000
1791122294.5468,4968,1208,55937,306000000,1728000
1791122294.5969,4968,1200,55937,306000000,1728000
1791122294.6470,4968,1200,55968,306000000,1728000
1791122294.6970,4968,1200,55968,306000000,1728000
1791122294.7471,4968,1208,56062,306000000,1728000
1791122294.7972,4968,1200,55937,306000000,1728000
1791122294.8473,4960,1216,56031,306000000,1267200
1791122294.8974,4960,1216,55937,306000000,1728000
1791122294.9475,4968,1216,55937,306000000,1728000
1791122294.9976,4960,1216,55937,306000000,1728000
1791122295.0476,4968,1208,56000,306000000,1728000
1791122295.0977,4960,1216,55875,306000000,1728000
1791122295.1478,4968,1208,56031,306000000,1728000
1791122295.1979,4968,1208,55812,306000000,1728000
1791122295.2480,4968,1200,55937,306000000,1728000
1791122295.2981,4968,1208,56156,306000000,1728000
1791122295.3481,4968,1200,55937,306000000,1728000
1791122295.3983,4960,1216,56000,306000000,1267200
1791122295.4484,4960,1224,55968,306000000,1728000
1791122295.4985,4968,1216,56031,306000000,1728000
1791122295.5485,4960,1216,55843,306000000,1728000
1791122295.5986,4968,1208,55875,306000000,729600
1791122295.6487,4968,1208,55906,306000000,1728000
1791122295.6988,4968,1200,55937,306000000,1728000
1791122295.7489,4968,1208,56031,306000000,1728000
1791122295.7990,4968,1200,55906,306000000,806400
1791122295.8491,4968,1200,56000,306000000,1728000
1791122295.8991,4968,1200,55843,306000000,1728000
1791122295.9492,4968,1208,56062,306000000,1728000
1791122295.9993,4960,1224,55906,306000000,1728000
1791122296.0494,4968,1208,55906,306000000,1728000
1791122296.0995,4960,1216,55843,306000000,1728000
1791122296.1496,4968,1208,55906,306000000,1728000
1791122296.1997,4968,1208,56093,306000000,1728000
1791122296.2498,4960,1216,55906,306000000,1728000
1791122296.2999,4968,1208,55937,306000000,1728000
1791122296.3499,4968,1208,55906,306000000,1728000
1791122296.4000,4968,1200,55937,306000000,1728000
1791122296.4501,4968,1208,55812,306000000,1728000
1791122296.5002,4968,1208,55906,306000000,1728000
1791122296.5503,4960,1224,55843,306000000,1728000
1791122296.6004,4968,1216,55968,306000000,1728000
1791122296.6505,4960,1216,56000,306000000,1728000
1791122296.7006,4968,1216,55906,306000000,1728000
1791122296.7507,4968,1216,55875,306000000,1728000
1791122296.8008,4968,1208,55843,306000000,1728000
1791122296.8508,4968,1208,55906,306000000,1728000
1791122296.9009,4968,1200,55812,306000000,1728000
1791122296.9510,4968,1208,55906,306000000,1728000
1791122297.0011,4968,1192,55875,306000000,1728000
1791122297.0512,4968,1200,55937,306000000,1190400
1791122297.1013,4968,1208,56062,306000000,1728000
1791122297.1513,4968,1208,55875,306000000,1728000
1791122297.2014,4968,1208,55968,306000000,1728000
1791122297.2515,4960,1216,55843,306000000,1728000
1791122297.3016,4968,1200,55968,306000000,1728000
1791122297.3517,4960,1208,55937,306000000,1728000
1791122297.4018,4960,1208,55875,306000000,1728000
1791122297.4518,4968,1208,55875,306000000,1728000
1791122297.5019,4960,1208,55906,306000000,1728000
1791122297.5520,4968,1200,55812,306000000,1728000
1791122297.6021,4968,1208,55781,306000000,1728000
1791122297.6522,4960,1224,55968,306000000,1728000
1791122297.7023,4960,1216,55843,306000000,1728000
1791122297.7524,4960,1216,55968,306000000,1728000
1791122297.8024,4968,1208,55781,306000000,1728000
1791122297.8525,4968,1208,55906,306000000,1728000
1791122297.9026,4968,1208,55875,306000000,1728000
1791122297.9527,4968,1208,55875,306000000,1728000
1791122298.0028,4968,1208,55875,306000000,1728000
1791122298.0529,4968,1208,55812,306000000,1728000
1791122298.1029,4968,1200,55968,306000000,1728000
1791122298.1530,4968,1208,55875,306000000,1728000
1791122298.2031,4968,1208,55968,306000000,1728000
1791122298.2532,4960,1216,55812,306000000,1728000
1791122298.3033,4968,1208,55937,306000000,1728000
1791122298.3533,4968,1208,55687,306000000,1728000
1791122298.4034,4968,1208,55843,306000000,1728000
1791122298.4535,4968,1208,55750,306000000,1728000
1791122298.5036,4968,1200,55906,306000000,1728000
1791122298.5537,4968,1200,55906,306000000,1728000
1791122298.6038,4968,1200,55812,306000000,1728000
1791122298.6538,4968,1208,55937,306000000,1728000
1791122298.7039,4968,1200,55781,306000000,1728000
1791122298.7540,4960,1208,55937,306000000,1728000
1791122298.8041,4960,1216,55843,306000000,1728000
1791122298.8542,4960,1216,55843,306000000,1728000
1791122298.9043,4968,1208,55875,306000000,1728000
1791122298.9544,4960,1216,55843,306000000,1728000
1791122299.0045,4968,1208,56062,306000000,1728000
1791122299.0545,4960,1208,55875,306000000,1728000
1791122299.1046,4968,1200,55937,306000000,1728000
1791122299.1547,4968,1208,55812,306000000,1728000
1791122299.2048,4960,1208,55875,306000000,1728000
1791122299.2549,4968,1200,55875,306000000,1728000
1791122299.3049,4960,1208,55812,306000000,1728000
1791122299.3551,4960,1216,55781,306000000,729600
1791122299.4052,4960,1216,55968,306000000,1728000
1791122299.4552,4968,1208,56031,306000000,1728000
1791122299.5053,4960,1216,55843,306000000,1728000
1791122299.5554,4968,1208,55906,306000000,1728000
1791122299.6055,4968,1208,55750,306000000,1728000
1791122299.6556,4968,1208,55875,306000000,1728000
1791122299.7056,4968,1208,55750,306000000,1728000
1791122299.7557,4968,1208,55875,306000000,1728000
1791122299.8058,4968,1200,55843,306000000,1728000
1791122299.8559,4968,1208,55875,306000000,1728000
1791122299.9060,4968,1216,55781,306000000,1728000
1791122299.9561,4960,1216,55781,306000000,1728000
1791122300.0061,4968,1208,55968,306000000,1728000
1791122300.0562,4968,1216,55812,306000000,1728000
1791122300.1063,4968,1208,55875,306000000,1728000
1791122300.1564,4968,1208,55843,306000000,1728000
1791122300.2065,4968,1208,55875,306000000,1728000
1791122300.2565,4968,1208,55875,306000000,1728000
1791122300.3066,4968,1200,55875,306000000,1728000
1791122300.3567,4968,1192,55750,306000000,1728000
1791122300.4068,4968,1200,55875,306000000,1728000
1791122300.4569,4960,1216,55937,306000000,1728000
1791122300.5070,4968,1208,55781,306000000,1728000
1791122300.5570,4960,1216,55968,306000000,1728000
1791122300.6071,4968,1200,55750,306000000,1728000
1791122300.6572,4968,1208,55843,306000000,1728000
1791122300.7073,4968,1208,55750,306000000,1728000
1791122300.7574,4968,1208,55843,306000000,1728000
1791122300.8074,4968,1200,55781,306000000,1728000
1791122300.8575,4968,1200,55843,306000000,1728000
1791122300.9076,4968,1200,55968,306000000,1728000
1791122300.9577,4968,1200,55875,306000000,1728000
1791122301.0078,4960,1216,55937,306000000,1190400
1791122301.0578,4960,1216,55781,306000000,1728000
1791122301.1079,4960,1216,55906,306000000,1728000
1791122301.1580,4968,1208,55750,306000000,1728000
1791122301.2081,4968,1216,55750,306000000,1728000
1791122301.2582,4968,1208,55812,306000000,1728000
1791122301.3082,4968,1208,55843,306000000,1728000
1791122301.3583,4968,1216,55937,306000000,1728000
1791122301.4084,4968,1208,55812,306000000,1728000
1791122301.4585,4968,1208,55968,306000000,1728000
1791122301.5086,4968,1216,55781,306000000,1728000
1791122301.5587,4968,1216,55968,306000000,1728000
1791122301.6088,4960,1224,55812,306000000,1728000
1791122301.6589,4968,1216,55875,306000000,1728000
1791122301.7090,4968,1216,55750,306000000,1728000
1791122301.7591,4968,1208,55812,306000000,1728000
1791122301.8091,4968,1216,55968,306000000,1728000
1791122301.8592,4968,1200,55750,306000000,1728000
1791122301.9093,4968,1208,55875,306000000,1728000
1791122301.9594,4968,1200,55718,306000000,1728000
1791122302.0095,4968,1208,55843,306000000,1728000
1791122302.0595,4968,1200,55718,306000000,1728000
1791122302.1096,4968,1208,55812,306000000,1728000
1791122302.1597,4960,1216,55843,306000000,1728000
1791122302.2098,4960,1216,55750,306000000,1728000
1791122302.2598,4968,1200,55843,306000000,1728000
1791122302.3099,4968,1208,55781,306000000,1728000
1791122302.3600,4968,1208,55937,306000000,1728000
1791122302.4101,4968,1208,55750,306000000,1728000
1791122302.4602,4968,1208,55875,306000000,1728000
1791122302.5102,4968,1208,55718,306000000,1728000
1791122302.5603,4968,1208,55875,306000000,1728000
1791122302.6104,4960,1208,55718,306000000,1728000
1791122302.6605,4968,1208,55906,306000000,1728000
1791122302.7106,4960,1224,55687,306000000,1267200
1791122302.7607,4960,1232,55812,306000000,1728000
1791122302.8108,4960,1224,55875,306000000,1728000
1791122302.8608,4960,1224,55781,306000000,1728000
1791122302.9109,4960,1224,55781,306000000,1728000
1791122302.9610,4960,1224,55781,306000000,1728000
1791122303.0111,4960,1224,55812,306000000,1728000
1791122303.0611,4960,1224,55750,306000000,1728000
1791122303.1112,4968,1216,55781,306000000,1728000
1791122303.1613,4968,1216,55718,306000000,1728000
1791122303.2114,4968,1216,55781,306000000,1728000
1791122303.2615,4960,1232,55812,306000000,1728000
1791122303.3116,4960,1232,55750,306000000,1728000
1791122303.3616,4968,1224,55875,306000000,1728000
1791122303.4117,4960,1224,55718,306000000,1728000
1791122303.4618,4968,1216,55812,306000000,1728000
1791122303.5119,4968,1216,55718,306000000,1728000
1791122303.5620,4968,1208,55781,306000000,1728000
1791122303.6121,4968,1216,55718,306000000,1728000
1791122303.6621,4968,1208,55718,306000000,1728000
1791122303.7122,4968,1216,55843,306000000,1728000
1791122303.7623,4968,1200,55750,306000000,1728000
1791122303.8124,4960,1216,55843,306000000,1728000
1791122303.8625,4960,1216,55750,306000000,1728000
1791122303.9126,4960,1216,55875,306000000,1728000
1791122303.9627,4960,1224,55843,306000000,1728000
1791122304.0127,4968,1208,55843,306000000,1728000
1791122304.0628,4968,1216,55718,306000000,1728000
1791122304.1129,4968,1208,55625,306000000,1728000
1791122304.1630,4968,1208,55875,306000000,1728000
1791122304.2131,4968,1208,55750,306000000,1728000
1791122304.2631,4968,1208,55875,306000000,1728000
1791122304.3132,4968,1200,55812,306000000,1728000
1791122304.3633,4960,1216,55812,306000000,1420800
1791122304.4134,4960,1216,55656,306000000,1728000
1791122304.4635,4960,1216,55843,306000000,1728000
1791122304.5136,4968,1216,55687,306000000,1728000
1791122304.5637,4968,1216,55812,306000000,1728000
1791122304.6138,4960,1216,55812,306000000,1728000
1791122304.6638,4968,1208,55750,306000000,1728000
1791122304.7139,4968,1208,55875,306000000,1728000
1791122304.7640,4968,1200,55812,306000000,1728000
1791122304.8140,4968,1208,55843,306000000,1728000
1791122304.8641,4968,1200,55718,306000000,1728000
1791122304.9142,4968,1208,55781,306000000,1728000
1791122304.9643,4960,1216,55718,306000000,1728000
1791122305.0144,4960,1216,55843,306000000,1728000
1791122305.0645,4968,1208,55843,306000000,1728000
1791122305.1146,4968,1208,55718,306000000,1728000
1791122305.1646,4968,1200,55875,306000000,1728000
1791122305.2147,4968,1200,55687,306000000,1728000
1791122305.2648,4968,1200,55781,306000000,1728000
1791122305.3149,4968,1200,55687,306000000,1728000
1791122305.3649,4968,1200,55781,306000000,1728000
1791122305.4150,4968,1192,55687,306000000,1728000
1791122305.4651,4968,1200,55812,306000000,1190400
1791122305.5152,4960,1208,55875,306000000,729600
1791122305.5653,4960,1208,55812,306000000,1728000
1791122305.6154,4968,1208,55812,306000000,1728000
1791122305.6655,4968,1208,55750,306000000,1728000
1791122305.7156,4968,1208,55843,306000000,1728000
1791122305.7657,4968,1200,55750,306000000,1728000
1791122305.8158,4968,1200,55750,306000000,1728000
1791122305.8658,4968,1200,55687,306000000,1728000
1791122305.9159,4968,1200,55781,306000000,1728000
1791122305.9660,4968,1208,55812,306000000,1728000
1791122306.0161,4968,1200,55781,306000000,1113600
1791122306.0662,4960,1216,55750,306000000,1728000
1791122306.1163,4968,1208,55718,306000000,1728000
1791122306.1664,4968,1208,55843,306000000,1728000
1791122306.2164,4968,1208,55750,306000000,1728000
1791122306.2665,4968,1208,55750,306000000,1728000
1791122306.3166,4968,1200,55718,306000000,1728000
1791122306.3667,4968,1200,55750,306000000,1728000
1791122306.4168,4968,1200,55875,306000000,1728000
1791122306.4669,4968,1192,55718,306000000,1728000
1791122306.5169,4968,1200,55906,306000000,1728000
1791122306.5671,4968,1208,55718,306000000,1728000
1791122306.6172,4968,1208,55875,306000000,1728000
1791122306.6673,4960,1216,55687,306000000,1728000
1791122306.7174,4960,1216,55750,306000000,1728000
1791122306.7674,4968,1208,55750,306000000,1728000
1791122306.8175,4968,1200,55750,306000000,1728000
1791122306.8676,4968,1208,55656,306000000,1728000
1791122306.9177,4968,1200,55812,306000000,1728000
1791122306.9678,4968,1200,55812,306000000,1728000
1791122307.0179,4968,1200,55718,306000000,1728000
1791122307.0679,4968,1200,55843,306000000,1728000
1791122307.1180,4968,1192,55718,306000000,1728000
1791122307.1681,4968,1208,55750,306000000,1728000
1791122307.2182,4968,1208,55687,306000000,1728000
1791122307.2683,4968,1208,55812,306000000,1728000
1791122307.3183,4968,1216,55687,306000000,1728000
1791122307.3684,4968,1208,55781,306000000,1728000
1791122307.4185,4968,1208,55843,306000000,1728000
1791122307.4686,4968,1208,55781,306000000,1728000
1791122307.5187,4968,1208,55843,306000000,1728000
1791122307.5687,4968,1200,55718,306000000,1728000
1791122307.6188,4968,1200,55781,306000000,1728000
1791122307.6689,4968,1208,55718,306000000,1728000
1791122307.7190,4968,1208,55781,306000000,1344000
1791122307.7691,4960,1216,55687,306000000,1728000
1791122307.8192,4968,1208,55750,306000000,1728000
1791122307.8693,4960,1216,55906,306000000,1728000
1791122307.9193,4968,1200,55750,306000000,1728000
1791122307.9694,4968,1208,55875,306000000,1728000
1791122308.0195,4968,1200,55718,306000000,1728000
1791122308.0696,4968,1200,55750,306000000,1728000
1791122308.1197,4968,1192,55750,306000000,1728000
1791122308.1697,4968,1200,55781,306000000,1728000
1791122308.2198,4968,1200,55750,306000000,1728000
1791122308.2699,4968,1200,55781,306000000,1190400
1791122308.3200,4960,1208,55906,306000000,729600
1791122308.3701,4960,1208,55750,306000000,1728000
1791122308.4202,4960,1216,55812,306000000,1728000
1791122308.4702,4968,1208,55750,306000000,1728000
1791122308.5203,4968,1208,55750,306000000,1728000
1791122308.5704,4968,1200,55687,306000000,1728000
1791122308.6206,4968,1208,55781,306000000,1728000
1791122308.6706,4960,1216,55656,306000000,1728000
1791122308.7207,4960,1216,55718,306000000,1728000
1791122308.7708,4968,1208,55906,306000000,1728000
1791122308.8209,4960,1216,55781,306000000,1113600
1791122308.8710,4960,1232,55781,306000000,1728000
1791122308.9211,4960,1232,55718,306000000,883200
1791122308.9712,4960,1224,55875,306000000,1728000
1791122309.0213,4960,1232,55656,306000000,883200
1791122309.0714,4960,1224,55718,306000000,1728000
1791122309.1215,4960,1224,55750,306000000,729600
1791122309.1716,4960,1224,55812,306000000,1728000
1791122309.2217,4968,1216,55718,306000000,1728000
1791122309.2718,4960,1216,55687,306000000,806400
1791122309.3219,4968,1208,55843,306000000,729600
1791122309.3720,4968,1216,55750,306000000,1728000
1791122309.4221,4960,1224,55968,306000000,1190400
1791122309.4722,4960,1232,55687,306000000,806400
1791122309.5223,4960,1232,55812,306000000,1728000
1791122309.5724,4960,1232,55718,306000000,1728000
1791122309.6225,4960,1232,55687,306000000,1728000
1791122309.6726,4960,1224,55687,306000000,729600
1791122309.7227,4960,1224,55781,306000000,806400
1791122309.7728,4968,1216,55812,306000000,1728000
1791122309.8229,4960,1224,55781,306000000,1728000
1791122309.8730,4960,1224,55812,306000000,1728000
1791122309.9231,4960,1224,55750,306000000,729600
1791122309.9732,4960,1224,55812,306000000,1728000
1791122310.0233,4960,1240,55718,306000000,1728000
1791122310.0734,4960,1248,55750,306000000,883200
1791122310.1234,4960,1240,55718,306000000,1728000
1791122310.1735,4960,1232,55750,306000000,729600
1791122310.2236,4960,1232,55750,306000000,1728000
1791122310.2737,4960,1232,55687,306000000,1728000
1791122310.3238,4960,1232,55781,306000000,1728000
1791122310.3739,4960,1224,55812,306000000,1728000
1791122310.4240,4960,1232,55843,306000000,1728000
1791122310.4741,4960,1224,55750,306000000,1728000
1791122310.5242,4960,1232,55843,306000000,1190400
1791122310.5743,4960,1256,55687,306000000,1728000
1791122310.6244,4960,1248,55781,306000000,1728000
1791122310.6745,4960,1248,55812,306000000,1728000
1791122310.7246,4960,1248,55687,306000000,1728000
1791122310.7747,4960,1232,55875,306000000,729600
1791122310.8248,4960,1232,55781,306000000,1728000
1791122310.8748,4960,1224,55875,306000000,1728000
1791122310.9249,4960,1224,55718,306000000,1728000
1791122310.9750,4960,1232,55781,306000000,1728000
1791122311.0251,4960,1232,55593,306000000,1728000
1791122311.0752,4960,1224,55718,306000000,1190400
1791122311.1253,4960,1240,55656,306000000,1728000
1791122311.1754,4960,1248,55656,306000000,1728000
1791122311.2255,4960,1232,55843,306000000,1728000
1791122311.2755,4960,1232,55812,306000000,1728000
1791122311.3256,4960,1224,55750,306000000,1728000
1791122311.3757,4960,1224,55656,306000000,1728000
1791122311.4258,4968,1216,55750,306000000,1728000
1791122311.4758,4968,1216,55750,306000000,1728000
1791122311.5259,4968,1208,55750,306000000,1728000
1791122311.5760,4968,1216,55875,306000000,1728000
1791122311.6261,4968,1208,55781,306000000,1728000
1791122311.6762,4968,1216,55906,306000000,1728000
1791122311.7263,4968,1216,55781,306000000,1728000
1791122311.7764,4960,1224,55812,306000000,1728000
1791122311.8264,4968,1208,55750,306000000,1728000
1791122311.8765,4968,1208,55812,306000000,1728000
1791122311.9266,4968,1208,55656,306000000,1728000
1791122311.9767,4968,1200,55750,306000000,1728000
1791122312.0267,4968,1200,55656,306000000,1728000
1791122312.0768,4968,1200,55718,306000000,1728000
1791122312.1269,4968,1200,55843,306000000,1728000
1791122312.1770,4968,1200,55781,306000000,1728000
1791122312.2271,4968,1200,55781,306000000,1344000
1791122312.2772,4968,1216,55656,306000000,1728000
1791122312.3272,4968,1216,55718,306000000,1728000
1791122312.3773,4968,1208,55656,306000000,1728000
1791122312.4274,4968,1208,55781,306000000,1728000
1791122312.4775,4968,1208,55656,306000000,1728000
1791122312.5276,4968,1208,55687,306000000,1728000
1791122312.5776,4968,1208,55843,306000000,1728000
1791122312.6277,4968,1208,55687,306000000,1728000
1791122312.6778,4968,1216,55875,306000000,1728000
1791122312.7279,4968,1200,55687,306000000,1728000
1791122312.7780,4968,1208,55781,306000000,1728000
1791122312.8281,4960,1224,55718,306000000,1728000
1791122312.8781,4960,1216,55718,306000000,1728000
1791122312.9282,4960,1224,55687,306000000,1728000
1791122312.9783,4960,1224,55656,306000000,1728000
1791122313.0284,4968,1216,55843,306000000,1728000
1791122313.0785,4960,1224,55687,306000000,1728000
1791122313.1285,4960,1216,55750,306000000,1728000
1791122313.1786,4968,1216,55687,306000000,1728000
1791122313.2287,4968,1216,55843,306000000,1728000
1791122313.2788,4968,1208,55687,306000000,1728000
1791122313.3288,4968,1200,55718,306000000,1728000
1791122313.3789,4960,1216,55625,306000000,1420800
1791122313.4290,4960,1224,55656,306000000,1728000
1791122313.4791,4960,1224,55781,306000000,1728000
1791122313.5292,4968,1216,55718,306000000,1728000
1791122313.5792,4960,1224,55875,306000000,1728000
1791122313.6293,4968,1208,55687,306000000,1728000
1791122313.6794,4968,1216,55781,306000000,1728000
1791122313.7295,4968,1208,55750,306000000,1728000
1791122313.7796,4968,1208,55718,306000000,1728000
1791122313.8297,4968,1200,55750,306000000,1728000
1791122313.8797,4968,1208,55718,306000000,1728000
1791122313.9298,4960,1224,55812,306000000,1728000
1791122313.9799,4960,1216,55750,306000000,1728000
1791122314.0300,4960,1224,55875,306000000,1728000
1791122314.0801,4968,1208,55656,306000000,1728000
1791122314.1301,4960,1216,55718,306000000,1728000
1791122314.1802,4968,1216,55625,306000000,1728000
1791122314.2303,4968,1208,55781,306000000,1728000
1791122314.2804,4968,1216,55687,306000000,1728000
1791122314.3305,4968,1208,55750,306000000,1728000
1791122314.3805,4968,1208,55812,306000000,1728000
1791122314.4306,4968,1208,55687,306000000,1728000
1791122314.4807,4960,1216,55843,306000000,1497600
1791122314.5308,4960,1216,55625,306000000,1728000
1791122314.5809,4960,1216,55750,306000000,1728000
1791122314.6310,4968,1208,55656,306000000,1728000
1791122314.6811,4968,1216,55750,306000000,1728000
1791122314.7312,4968,1216,55593,306000000,1728000
1791122314.7812,4960,1208,55750,306000000,1728000
1791122314.8313,4968,1208,55875,306000000,1728000
1791122314.8814,4968,1208,55718,306000000,1728000
1791122314.9315,4968,1208,55812,306000000,1728000
1791122314.9815,4968,1200,55687,306000000,1728000
1791122315.0316,4968,1200,55812,306000000,1728000
1791122315.0817,4960,1216,55656,306000000,1728000
1791122315.1318,4968,1216,55843,306000000,1728000
1791122315.1819,4968,1216,55625,306000000,1728000
1791122315.2320,4960,1216,55781,306000000,1728000
1791122315.2820,4968,1216,55750,306000000,1728000
1791122315.3321,4968,1208,55687,306000000,1728000
1791122315.3822,4968,1208,55781,306000000,1728000
1791122315.4323,4968,1208,55718,306000000,1728000
1791122315.4823,4968,1200,55812,306000000,1728000
1791122315.5324,4968,1200,55562,306000000,1728000
1791122315.5825,4968,1216,55750,306000000,1728000
1791122315.6326,4968,1216,55718,306000000,1728000
1791122315.6827,4960,1224,55812,306000000,1728000
1791122315.7328,4968,1216,55781,306000000,1728000
1791122315.7829,4968,1216,55656,306000000,1728000
1791122315.8330,4968,1216,55906,306000000,1728000
1791122315.8830,4968,1208,55687,306000000,1728000
1791122315.9331,4968,1216,55843,306000000,1728000
1791122315.9832,4968,1208,55687,306000000,1728000
1791122316.0333,4968,1208,55781,306000000,1728000
1791122316.0834,4968,1208,55625,306000000,1728000
1791122316.1335,4968,1208,55718,306000000,1728000
1791122316.1836,4960,1224,55593,306000000,1728000
1791122316.2336,4968,1216,55656,306000000,1728000
1791122316.2837,4960,1224,55843,306000000,1728000
1791122316.3338,4960,1224,55687,306000000,1728000
1791122316.3839,4968,1216,55812,306000000,1728000
1791122316.4340,4968,1216,55656,306000000,1728000
1791122316.4841,4968,1208,55718,306000000,1728000
1791122316.5341,4968,1216,55750,306000000,1728000
1791122316.5842,4968,1208,55781,306000000,1728000
1791122316.6343,4968,1208,55750,306000000,1728000
1791122316.6844,4968,1200,55750,306000000,1728000
1791122316.7345,4960,1216,55843,306000000,1728000
1791122316.7846,4968,1216,55718,306000000,1728000
1791122316.8346,4960,1216,55781,306000000,1728000
1791122316.8847,4968,1208,55718,306000000,1728000
1791122316.9348,4968,1216,55750,306000000,1728000
1791122316.9849,4960,1216,55687,306000000,1728000
1791122317.0349,4968,1208,55718,306000000,1728000
1791122317.0850,4968,1216,55687,306000000,1728000
1791122317.1351,4968,1208,55687,306000000,1728000
1791122317.1852,4968,1208,55843,306000000,1728000
1791122317.2352,4968,1208,55656,306000000,1728000
1791122317.2853,4960,1216,55781,306000000,1344000
1791122317.3354,4968,1208,55625,306000000,1728000
1791122317.3855,4960,1216,55718,306000000,1728000
1791122317.4356,4968,1208,55718,306000000,1728000
1791122317.4857,4968,1208,55750,306000000,1728000
1791122317.5358,4968,1216,55656,306000000,1728000
1791122317.5858,4968,1208,55656,306000000,1728000
1791122317.6359,4968,1208,55937,306000000,1728000
1791122317.6860,4960,1208,55656,306000000,1728000
1791122317.7361,4968,1208,55812,306000000,1728000
1791122317.7862,4960,1216,55656,306000000,1728000
1791122317.8363,4960,1216,55687,306000000,1728000
1791122317.8864,4960,1224,55781,306000000,1728000
1791122317.9364,4960,1232,55750,306000000,1728000
1791122317.9865,4960,1224,55593,306000000,1728000
1791122318.0366,4960,1224,55718,306000000,1728000
1791122318.0867,4960,1224,55875,306000000,1728000
1791122318.1368,4968,1216,55687,306000000,1728000
1791122318.1869,4968,1216,55781,306000000,1728000
1791122318.2369,4968,1208,55718,306000000,1728000
1791122318.2870,4968,1216,55718,306000000,1728000
1791122318.3371,4968,1208,55625,306000000,1728000
1791122318.3872,4960,1208,55781,306000000,1728000
1791122318.4373,4960,1224,55656,306000000,1728000
1791122318.4874,4960,1216,55687,306000000,1728000
1791122318.5375,4960,1224,55781,306000000,1728000
1791122318.5875,4968,1208,55687,306000000,1728000
1791122318.6376,4968,1208,55781,306000000,1728000
1791122318.6877,4968,1208,55656,306000000,1728000
1791122318.7378,4968,1208,55687,306000000,1728000
1791122318.7879,4968,1208,55687,306000000,1728000
1791122318.8380,4968,1208,55687,306000000,1728000
1791122318.8881,4968,1200,55656,306000000,1728000
1791122318.9381,4968,1208,55625,306000000,1728000
1791122318.9882,4960,1216,55781,306000000,1728000
1791122319.0383,4960,1216,55656,306000000,1728000
1791122319.0884,4968,1208,55750,306000000,1728000
1791122319.1385,4960,1208,55687,306000000,1728000
1791122319.1886,4968,1200,55812,306000000,1728000
1791122319.2386,4968,1208,55687,306000000,1728000
1791122319.2887,4968,1200,55750,306000000,1728000
1791122319.3388,4968,1208,55562,306000000,1728000
1791122319.3889,4968,1200,55656,306000000,1728000
1791122319.4389,4968,1200,55781,306000000,1728000
1791122319.4890,4968,1200,55656,306000000,1728000
1791122319.5391,4960,1208,55781,306000000,1267200
1791122319.5892,4968,1208,55656,306000000,1728000
1791122319.6393,4968,1216,55812,306000000,1728000
1791122319.6894,4968,1200,55718,306000000,1728000
1791122319.7395,4968,1208,55625,306000000,1728000
1791122319.7895,4968,1200,55656,306000000,1728000
1791122319.8396,4968,1200,55687,306000000,1728000
1791122319.8897,4968,1200,55593,306000000,1728000
1791122319.9398,4968,1216,55687,306000000,1728000
1791122319.9899,4960,1216,55781,306000000,1728000
1791122320.0399,4968,1216,55625,306000000,1728000
1791122320.0900,4960,1240,55750,306000000,1728000
1791122320.1401,4960,1248,55656,306000000,1728000
1791122320.1902,4960,1248,55750,306000000,1728000
1791122320.2403,4960,1248,55625,306000000,1728000
1791122320.2904,4960,1232,55718,306000000,1728000
1791122320.3405,4960,1264,55656,306000000,1728000
1791122320.3905,4960,1280,55687,306000000,1728000
1791122320.4406,4960,1280,55812,306000000,1728000
1791122320.4907,4960,1272,55718,306000000,1728000
1791122320.5408,4960,1264,55718,306000000,1728000
1791122320.5909,4960,1256,55718,306000000,1728000
1791122320.6410,4960,1256,55718,306000000,1728000
1791122320.6911,4960,1264,55625,306000000,1728000
1791122320.7412,4960,1264,55812,306000000,1728000
1791122320.7912,4960,1248,55593,306000000,1728000
1791122320.8413,4960,1248,55656,306000000,1728000
1791122320.8914,4960,1248,55750,306000000,1728000
1791122320.9415,4960,1232,55593,306000000,1728000
1791122320.9916,4960,1232,55781,306000000,1728000
1791122321.0417,4960,1224,55656,306000000,1728000
1791122321.0917,4960,1224,55812,306000000,1728000
1791122321.1418,4960,1216,55656,306000000,1728000
1791122321.1919,4960,1224,55687,306000000,1728000
1791122321.2420,4960,1224,55593,306000000,806400
1791122321.2921,4960,1232,55718,306000000,1728000
1791122321.3422,4968,1216,55843,306000000,1728000
1791122321.3923,4968,1224,55593,306000000,1728000
1791122321.4423,4968,1216,55781,306000000,1728000
1791122321.4924,4968,1216,55656,306000000,1728000
1791122321.5425,4968,1216,55718,306000000,1728000
1791122321.5926,4968,1208,55656,306000000,1728000
1791122321.6427,4968,1216,55750,306000000,1728000
1791122321.6928,4968,1200,55593,306000000,1728000
1791122321.7428,4968,1208,55656,306000000,1190400
1791122321.7929,4960,1224,55843,306000000,1728000
1791122321.8430,4960,1216,55656,306000000,1728000
1791122321.8931,4968,1216,55781,306000000,1728000
1791122321.9432,4968,1208,55750,306000000,1728000
1791122321.9933,4968,1208,55687,306000000,1728000
1791122322.0434,4968,1208,55687,306000000,1728000
1791122322.0935,4968,1208,55656,306000000,1728000
1791122322.1435,4968,1200,55625,306000000,1728000
1791122322.1936,4968,1208,55718,306000000,1728000
1791122322.2437,4968,1208,55875,306000000,1728000
1791122322.2938,4968,1200,55593,306000000,1728000
1791122322.3439,4960,1216,55812,306000000,1728000
1791122322.3940,4968,1216,55656,306000000,1728000
1791122322.4440,4968,1216,55812,306000000,1728000
1791122322.4941,4968,1208,55687,306000000,1728000
1791122322.5442,4968,1208,55718,306000000,1728000
1791122322.5943,4968,1200,55593,306000000,1728000
1791122322.6444,4968,1208,55718,306000000,1728000
1791122322.6945,4968,1208,55750,306000000,1728000
1791122322.7445,4968,1208,55656,306000000,1728000
1791122322.7946,4968,1200,55812,306000000,1728000
1791122322.8447,4968,1200,55687,306000000,1728000
1791122322.8948,4960,1216,55687,306000000,1728000
1791122322.9449,4960,1216,55562,306000000,1728000
1791122322.9950,4960,1224,55750,306000000,1728000
1791122323.0451,4960,1224,55562,306000000,1728000
1791122323.0951,4968,1216,55656,306000000,1728000
1791122323.1452,4968,1216,55593,306000000,1728000
1791122323.1953,4968,1208,55687,306000000,1728000
1791122323.2454,4968,1216,55812,306000000,1728000
1791122323.2954,4968,1216,55656,306000000,1728000
1791122323.3455,4968,1216,55812,306000000,1728000
1791122323.3956,4968,1208,55593,306000000,1728000
1791122323.4457,4960,1224,55750,306000000,1728000
1791122323.4958,4960,1224,55562,306000000,1728000
1791122323.5459,4960,1224,55718,306000000,1728000
1791122323.5959,4968,1216,55562,306000000,1728000
1791122323.6460,4968,1216,55625,306000000,1728000
1791122323.6961,4968,1216,55718,306000000,1728000
1791122323.7462,4968,1208,55593,306000000,1728000
1791122323.7963,4968,1208,55781,306000000,1728000
1791122323.8463,4968,1208,55593,306000000,1728000
1791122323.8964,4968,1208,55750,306000000,1728000
1791122323.9465,4968,1200,55593,306000000,1728000
1791122323.9966,4968,1208,55687,306000000,1728000
1791122324.0467,4968,1216,55625,306000000,1344000
1791122324.0967,4968,1216,55593,306000000,1728000
1791122324.1468,4968,1216,55781,306000000,1728000
1791122324.1969,4968,1208,55593,306000000,1728000
1791122324.2470,4968,1208,55625,306000000,1728000
1791122324.2971,4968,1200,55625,306000000,1728000
1791122324.3471,4968,1208,55656,306000000,1728000
1791122324.3972,4968,1200,55656,306000000,1728000
1791122324.4473,4968,1208,55687,306000000,1728000
1791122324.4974,4968,1192,55562,306000000,1728000
1791122324.5474,4968,1200,55625,306000000,1728000
1791122324.5975,4968,1208,55781,306000000,1728000
1791122324.6476,4968,1216,55562,306000000,1728000
1791122324.6977,4960,1216,55718,306000000,1728000
1791122324.7478,4968,1208,55687,306000000,1728000
1791122324.7979,4968,1216,55625,306000000,1728000
1791122324.8479,4968,1200,55625,306000000,1728000
1791122324.8980,4968,1208,55687,306000000,1728000
1791122324.9481,4968,1200,55625,306000000,1728000
1791122324.9982,4968,1200,55656,306000000,1728000
1791122325.0483,4968,1192,55687,306000000,1728000
1791122325.0983,4968,1200,55656,306000000,1728000
1791122325.1484,4968,1200,55781,306000000,1728000
1791122325.1985,4968,1216,55562,306000000,1728000
1791122325.2486,4968,1200,55687,306000000,1728000
1791122325.2987,4968,1208,55625,306000000,1728000
1791122325.3488,4968,1200,55625,306000000,1728000
1791122325.3989,4968,1200,55593,306000000,1728000
1791122325.4489,4968,1200,55625,306000000,1728000
1791122325.4991,4968,1208,55750,306000000,1728000
1791122325.5491,4968,1192,55625,306000000,1728000
1791122325.5992,4968,1200,55750,306000000,1728000
1791122325.6493,4968,1192,55656,306000000,1728000
1791122325.6994,4968,1208,55656,306000000,1420800
1791122325.7495,4968,1208,55531,306000000,1728000
1791122325.7996,4968,1216,55656,306000000,1728000
1791122325.8497,4968,1216,55531,306000000,1728000
1791122325.8998,4968,1208,55656,306000000,1728000
1791122325.9498,4968,1216,55750,306000000,1728000
1791122325.9999,4968,1216,55625,306000000,1728000
1791122326.0500,4968,1208,55750,306000000,1728000
1791122326.1001,4968,1200,55562,306000000,1728000
1791122326.1502,4968,1208,55718,306000000,1728000
1791122326.2003,4968,1208,55562,306000000,1728000
1791122326.2504,4968,1208,55718,306000000,1728000
1791122326.3005,4960,1224,55562,306000000,1728000
1791122326.3506,4968,1208,55625,306000000,1728000
1791122326.4006,4968,1216,55781,306000000,1728000
1791122326.4507,4968,1208,55687,306000000,1728000
1791122326.5008,4968,1208,55687,306000000,1728000
1791122326.5509,4968,1200,55593,306000000,1728000
1791122326.6010,4968,1200,55781,306000000,1728000
1791122326.6511,4968,1200,55687,306000000,1728000
1791122326.7011,4968,1192,55625,306000000,1728000
1791122326.7512,4968,1200,55593,306000000,1728000
1791122326.8013,4968,1192,55687,306000000,1728000
1791122326.8514,4968,1208,55593,306000000,1267200
1791122326.9015,4968,1208,55593,306000000,1728000
1791122326.9516,4968,1208,55687,306000000,1728000
1791122327.0017,4960,1216,55593,306000000,1728000
1791122327.0517,4968,1200,55750,306000000,1728000
1791122327.1018,4968,1208,55562,306000000,1728000
1791122327.1519,4968,1208,55656,306000000,1728000
1791122327.2020,4968,1200,55531,306000000,1728000
1791122327.2521,4968,1208,55687,306000000,1728000
1791122327.3021,4968,1200,55500,306000000,1728000
1791122327.3522,4968,1208,55593,306000000,1728000
1791122327.4023,4968,1208,55781,306000000,1728000
1791122327.4524,4960,1216,55625,306000000,1728000
1791122327.5025,4968,1208,55718,306000000,1728000
1791122327.5526,4968,1208,55531,306000000,1728000
1791122327.6026,4968,1200,55687,306000000,1728000
1791122327.6527,4968,1200,55562,306000000,1728000
1791122327.7028,4968,1200,55687,306000000,1728000
1791122327.7529,4968,1200,55593,306000000,1728000
1791122327.8029,4968,1200,55562,306000000,1728000
1791122327.8530,4968,1200,55718,306000000,1728000
1791122327.9031,4968,1192,55593,306000000,1728000
1791122327.9532,4968,1208,55781,306000000,1267200
1791122328.0033,4968,1208,55593,306000000,1728000
1791122328.0534,4968,1200,55593,306000000,1728000
1791122328.1035,4968,1200,55531,306000000,1728000
1791122328.1536,4968,1200,55656,306000000,1728000
1791122328.2036,4968,1200,55531,306000000,1728000
1791122328.2537,4968,1208,55718,306000000,1728000
1791122328.3038,4968,1200,55781,306000000,1728000
1791122328.3539,4968,1200,55625,306000000,1728000
1791122328.4040,4968,1192,55718,306000000,1728000
1791122328.4541,4968,1200,55593,306000000,1728000
1791122328.5041,4968,1208,55562,306000000,1728000
1791122328.5543,4968,1216,55593,306000000,1728000
1791122328.6043,4968,1208,55656,306000000,1728000
1791122328.6544,4968,1208,55531,306000000,1728000
1791122328.7045,4968,1208,55562,306000000,1728000
1791122328.7546,4968,1208,55750,306000000,1728000
1791122328.8047,4968,1208,55593,306000000,1728000
1791122328.8548,4968,1208,55687,306000000,1728000
1791122328.9049,4968,1208,55656,306000000,1728000
1791122328.9549,4968,1200,55656,306000000,1728000
1791122329.0050,4968,1200,55593,306000000,1728000
1791122329.0551,4968,1208,55718,306000000,1728000
1791122329.1052,4968,1216,55593,306000000,1728000
1791122329.1553,4968,1224,55593,306000000,1728000
1791122329.2054,4968,1208,55843,306000000,1728000
1791122329.2555,4968,1216,55593,306000000,1728000
1791122329.3055,4968,1208,55687,306000000,1728000
1791122329.3556,4968,1208,55531,306000000,1728000
1791122329.4057,4968,1208,55593,306000000,1728000
1791122329.4558,4968,1208,55531,306000000,1728000
1791122329.5059,4968,1200,55562,306000000,1728000
1791122329.5559,4968,1200,55468,306000000,1728000
1791122329.6060,4968,1200,55625,306000000,1728000
1791122329.6561,4968,1216,55531,306000000,729600
1791122329.7062,4960,1216,55562,306000000,1728000
1791122329.7563,4968,1216,55687,306000000,1728000
1791122329.8064,4968,1208,55531,306000000,1728000
1791122329.8565,4968,1208,55656,306000000,1728000
1791122329.9066,4968,1208,55593,306000000,1728000
1791122329.9567,4968,1208,55625,306000000,1728000
1791122330.0067,4968,1200,55625,306000000,1728000
1791122330.0568,4968,1208,55625,306000000,1728000
1791122330.1069,4968,1200,55531,306000000,1728000
1791122330.1570,4968,1200,55531,306000000,1728000
1791122330.2071,4960,1216,55750,306000000,1420800
1791122330.2571,4960,1216,55593,306000000,1728000
1791122330.3072,4960,1216,55718,306000000,1728000
1791122330.3573,4968,1208,55531,306000000,1728000
1791122330.4074,4968,1208,55593,306000000,1728000
1791122330.4575,4968,1208,55562,306000000,1728000
1791122330.5075,4968,1208,55656,306000000,1728000
1791122330.5576,4968,1208,55500,306000000,1728000
1791122330.6077,4968,1200,55531,306000000,1728000
1791122330.6578,4968,1208,55750,306000000,1728000
1791122330.7079,4968,1200,55531,306000000,1728000
1791122330.7580,4968,1216,55687,306000000,1728000
1791122330.8080,4960,1224,55531,306000000,1728000
1791122330.8581,4968,1208,55531,306000000,1728000
1791122330.9082,4968,1200,55562,306000000,1728000
1791122330.9583,4968,1208,55562,306000000,1728000
1791122331.0084,4968,1208,55531,306000000,1728000
1791122331.0584,4968,1208,55593,306000000,1728000
1791122331.1085,4968,1208,55687,306000000,1728000
1791122331.1586,4968,1208,55562,306000000,1728000
1791122331.2087,4968,1208,55687,306000000,1728000
1791122331.2588,4968,1200,55562,306000000,1728000
1791122331.3089,4968,1208,55625,306000000,1728000
1791122331.3590,4968,1224,55562,306000000,1728000
1791122331.4090,4968,1224,55625,306000000,1728000
1791122331.4591,4968,1216,55531,306000000,1728000
1791122331.5092,4968,1216,55593,306000000,1728000
1791122331.5593,4968,1208,55718,306000000,1728000
1791122331.6094,4968,1216,55531,306000000,1728000
1791122331.6595,4968,1208,55656,306000000,1728000
1791122331.7095,4960,1208,55593,306000000,1728000
1791122331.7596,4968,1200,55687,306000000,1728000
1791122331.8097,4968,1208,55531,306000000,1728000
1791122331.8598,4968,1216,55625,306000000,1728000
1791122331.9099,4960,1216,55531,306000000,1728000
1791122331.9600,4960,1216,55562,306000000,1728000
1791122332.0101,4968,1216,55718,306000000,1728000
1791122332.0601,4968,1216,55562,306000000,1728000
1791122332.1102,4968,1208,55718,306000000,1728000
1791122332.1603,4968,1216,55593,306000000,1728000
1791122332.2104,4960,1216,55593,306000000,1728000
1791122332.2605,4968,1216,55531,306000000,1728000
1791122332.3105,4968,1208,55625,306000000,1728000
1791122332.3606,4968,1216,55531,306000000,1728000
1791122332.4107,4968,1208,55562,306000000,1190400
1791122332.4608,4960,1224,55531,306000000,729600
1791122332.5109,4968,1216,55593,306000000,1728000
1791122332.5609,4968,1216,55687,306000000,1728000
1791122332.6111,4968,1208,55562,306000000,1728000
1791122332.6612,4968,1216,55718,306000000,1728000
1791122332.7112,4968,1200,55437,306000000,1728000
1791122332.7613,4968,1208,55625,306000000,1728000
1791122332.8114,4968,1200,55468,306000000,1728000
1791122332.8615,4968,1208,55593,306000000,1728000
1791122332.9116,4968,1200,55500,306000000,1728000
1791122332.9616,4968,1208,55625,306000000,1728000
1791122333.0117,4968,1208,55656,306000000,1728000
1791122333.0618,4960,1216,55562,306000000,1728000
1791122333.1119,4960,1216,55593,306000000,1728000
1791122333.1620,4968,1208,55531,306000000,1728000
1791122333.2121,4968,1216,55562,306000000,1728000
1791122333.2621,4968,1208,55562,306000000,1728000
1791122333.3122,4968,1200,55531,306000000,1728000
1791122333.3623,4968,1200,55468,306000000,1728000
1791122333.4124,4968,1200,55593,306000000,1728000
1791122333.4624,4968,1200,55718,306000000,1728000
1791122333.5125,4968,1192,55531,306000000,1728000
1791122333.5626,4960,1208,55625,306000000,1267200
1791122333.6127,4960,1208,55562,306000000,1728000
1791122333.6628,4960,1208,55562,306000000,1728000
1791122333.7129,4960,1216,55531,306000000,1728000
1791122333.7630,4968,1200,55593,306000000,1728000
1791122333.8130,4968,1200,55531,306000000,1728000
1791122333.8631,4968,1200,55562,306000000,1728000
1791122333.9132,4968,1200,55687,306000000,1728000
1791122333.9633,4968,1200,55593,306000000,1728000
1791122334.0134,4968,1192,55718,306000000,1728000
1791122334.0635,4968,1200,55500,306000000,1728000
1791122334.1135,4968,1208,55562,306000000,1728000
1791122334.1636,4960,1208,55531,306000000,1728000
1791122334.2137,4960,1216,55593,306000000,1728000
1791122334.2638,4960,1216,55500,306000000,1728000
1791122334.3139,4968,1208,55531,306000000,1728000
1791122334.3640,4968,1208,55625,306000000,1728000
1791122334.4141,4968,1200,55531,306000000,1728000
1791122334.4641,4960,1208,55625,306000000,1728000
1791122334.5142,4968,1200,55562,306000000,1728000
1791122334.5643,4968,1200,55625,306000000,1728000
1791122334.6144,4968,1200,55468,306000000,1728000
1791122334.6645,4960,1208,55625,306000000,1728000
1791122334.7146,4960,1216,55531,306000000,1728000
1791122334.7647,4960,1216,55531,306000000,1728000
1791122334.8147,4960,1208,55500,306000000,1728000
1791122334.8648,4968,1208,55562,306000000,1728000
1791122334.9149,4960,1208,55687,306000000,1728000
1791122334.9650,4968,1200,55531,306000000,1728000
1791122335.0151,4960,1208,55593,306000000,1728000
1791122335.0651,4968,1200,55562,306000000,1728000
1791122335.1152,4968,1208,55593,306000000,1728000
1791122335.1653,4968,1200,55531,306000000,1728000
1791122335.2154,4968,1208,55531,306000000,1113600
1791122335.2655,4960,1224,55531,306000000,1344000
1791122335.3156,4960,1216,55531,306000000,1728000
1791122335.3657,4960,1216,55625,306000000,1728000
1791122335.4158,4968,1208,55531,306000000,1728000
1791122335.4658,4968,1200,55531,306000000,1728000
1791122335.5159,4968,1200,55468,306000000,1728000
1791122335.5660,4968,1208,55531,306000000,1728000
1791122335.6161,4968,1200,55437,306000000,1728000
1791122335.6662,4960,1200,55500,306000000,1728000
1791122335.7163,4968,1192,55531,306000000,1728000
1791122335.7663,4968,1200,55531,306000000,1113600
1791122335.8164,4968,1200,55625,306000000,1728000
1791122335.8665,4960,1208,55562,306000000,1728000
1791122335.9166,4968,1208,55625,306000000,1728000
1791122335.9667,4968,1208,55531,306000000,1728000
1791122336.0168,4968,1200,55531,306000000,1728000
1791122336.0668,4968,1200,55531,306000000,1728000
1791122336.1169,4968,1200,55562,306000000,1728000
1791122336.1671,4968,1200,55468,306000000,1728000
1791122336.2172,4960,1208,55531,306000000,1728000
1791122336.2673,4960,1216,55656,306000000,1728000
1791122336.3174,4960,1216,55500,306000000,1728000
1791122336.3675,4960,1232,55562,306000000,1728000
1791122336.4176,4960,1232,55531,306000000,1728000
1791122336.4677,4960,1232,55531,306000000,1728000
1791122336.5178,4960,1232,55531,306000000,1728000
1791122336.5679,4960,1224,55625,306000000,1728000
1791122336.6179,4960,1216,55468,306000000,1728000
1791122336.6680,4960,1216,55531,306000000,1728000
1791122336.7181,4960,1216,55656,306000000,1728000
1791122336.7682,4960,1216,55625,306000000,1728000
1791122336.8183,4968,1216,55687,306000000,1728000
1791122336.8684,4960,1216,55562,306000000,1728000
1791122336.9185,4960,1224,55593,306000000,1728000
1791122336.9686,4960,1232,55531,306000000,1728000
1791122337.0187,4960,1232,55625,306000000,1728000
1791122337.0688,4960,1232,55500,306000000,1728000
1791122337.1189,4960,1240,55531,306000000,729600
1791122337.1690,4960,1232,55437,306000000,1728000
1791122337.2190,4960,1232,55562,306000000,1728000
1791122337.2692,4960,1232,55656,306000000,1728000
1791122337.3193,4960,1240,55531,306000000,1728000
1791122337.3693,4960,1232,55593,306000000,1728000
1791122337.4194,4960,1224,55500,306000000,1728000
1791122337.4695,4960,1232,55531,306000000,1728000
1791122337.5196,4960,1248,55500,306000000,1728000
1791122337.5697,4960,1248,55531,306000000,1728000
1791122337.6198,4960,1248,55500,306000000,1728000
1791122337.6699,4960,1248,55468,306000000,729600
1791122337.7200,4960,1240,55687,306000000,1728000
1791122337.7701,4960,1240,55531,306000000,1728000
1791122337.8202,4960,1232,55562,306000000,1728000
1791122337.8703,4960,1232,55531,306000000,1728000
1791122337.9204,4960,1232,55500,306000000,1728000
1791122337.9705,4960,1224,55500,306000000,1728000
1791122338.0206,4960,1224,55625,306000000,1190400
1791122338.0707,4960,1248,55531,306000000,1728000
1791122338.1208,4960,1248,55562,306000000,1728000
1791122338.1708,4960,1248,55656,306000000,1728000
1791122338.2209,4960,1248,55531,306000000,1728000
1791122338.2711,4960,1248,55656,306000000,1728000
1791122338.3212,4960,1240,55468,306000000,1728000
1791122338.3713,4960,1240,55625,306000000,806400
1791122338.4214,4960,1232,55500,306000000,1728000
1791122338.4714,4960,1232,55531,306000000,1728000
1791122338.5215,4960,1232,55500,306000000,1728000
1791122338.5716,4960,1232,55531,306000000,1728000
1791122338.6217,4960,1240,55687,306000000,1728000
1791122338.6718,4960,1248,55531,306000000,1728000
1791122338.7219,4960,1232,55687,306000000,1728000
1791122338.7720,4960,1232,55531,306000000,1728000
1791122338.8220,4960,1232,55593,306000000,1728000
1791122338.8721,4960,1216,55500,306000000,1728000
1791122338.9222,4968,1200,55562,306000000,1728000
1791122338.9723,4968,1200,55531,306000000,1728000
1791122339.0224,4968,1200,55500,306000000,1728000
1791122339.0724,4968,1200,55593,306000000,1728000
1791122339.1225,4968,1200,55468,306000000,1728000
1791122339.1726,4960,1216,55656,306000000,1728000
1791122339.2227,4960,1216,55562,306000000,1728000
1791122339.2728,4960,1216,55531,306000000,1728000
1791122339.3229,4960,1216,55656,306000000,1728000
1791122339.3730,4960,1216,55500,306000000,1728000
1791122339.4231,4968,1208,55531,306000000,1728000
1791122339.4731,4968,1208,55500,306000000,1728000
1791122339.5232,4960,1208,55531,306000000,1728000
1791122339.5733,4968,1208,55531,306000000,1728000
1791122339.6234,4960,1208,55656,306000000,1728000
1791122339.6735,4968,1208,55500,306000000,1728000
1791122339.7235,4960,1216,55531,306000000,1728000
1791122339.7736,4960,1224,55531,306000000,1728000
1791122339.8237,4960,1216,55625,306000000,1728000
1791122339.8738,4960,1216,55718,306000000,1728000
1791122339.9239,4968,1216,55531,306000000,1728000
1791122339.9740,4968,1216,55500,306000000,1728000
1791122340.0240,4968,1216,55500,306000000,1728000
1791122340.0741,4960,1216,55718,306000000,1728000
1791122340.1242,4968,1208,55468,306000000,1728000
1791122340.1743,4968,1208,55593,306000000,1728000
1791122340.2243,4968,1208,55500,306000000,1728000
1791122340.2744,4960,1216,55531,306000000,1728000
1791122340.3245,4960,1224,55843,306000000,1728000
1791122340.3746,4960,1224,55531,306000000,1728000
1791122340.4247,4968,1216,55593,306000000,1728000
1791122340.4748,4968,1216,55531,306000000,1728000
1791122340.5249,4968,1216,55625,306000000,1728000
1791122340.5749,4968,1216,55500,306000000,1728000
1791122340.6250,4968,1208,55593,306000000,1728000
1791122340.6751,4968,1208,55750,306000000,1728000
1791122340.7251,4968,1208,55562,306000000,1728000
1791122340.7752,4968,1208,55593,306000000,1728000
1791122340.8253,4960,1208,55562,306000000,1728000
1791122340.8754,4960,1224,55593,306000000,1728000
1791122340.9255,4960,1216,55562,306000000,1728000
1791122340.9756,4960,1216,55625,306000000,1728000
1791122341.0257,4968,1216,55531,306000000,1728000
1791122341.0757,4968,1216,55656,306000000,1728000
1791122341.1258,4968,1208,55437,306000000,1728000
1791122341.1759,4968,1208,55531,306000000,1728000
1791122341.2260,4968,1208,55718,306000000,1728000
1791122341.2761,4960,1216,55531,306000000,1728000
1791122341.3262,4960,1224,55437,306000000,1728000
1791122341.3763,4960,1232,55562,306000000,1728000
1791122341.4264,4960,1248,55687,306000000,1728000
1791122341.4764,4960,1248,55593,306000000,1728000
1791122341.5265,4960,1256,55781,306000000,1728000
1791122341.5766,4960,1264,55562,306000000,1728000
1791122341.6267,4960,1264,55656,306000000,1728000
1791122341.6768,4960,1256,55500,306000000,1728000
1791122341.7269,4960,1248,55531,306000000,1728000
1791122341.7769,4960,1240,55500,306000000,1728000
1791122341.8270,4960,1240,55531,306000000,1728000
1791122341.8771,4960,1224,55500,306000000,1728000
1791122341.9272,4960,1232,55531,306000000,1728000
1791122341.9773,4960,1256,55656,306000000,1728000
1791122342.0273,4960,1264,55531,306000000,1728000
1791122342.0774,4960,1280,55750,306000000,1728000
1791122342.1275,4960,1288,55500,306000000,1728000
1791122342.1776,4960,1280,55531,306000000,1728000
1791122342.2277,4960,1272,55468,306000000,1728000
1791122342.2778,4960,1264,55531,306000000,1728000
1791122342.3279,4960,1248,55468,306000000,1728000
1791122342.3780,4960,1248,55500,306000000,1728000
1791122342.4281,4960,1240,55687,306000000,1728000
1791122342.4782,4968,1216,55437,306000000,1728000
1791122342.5283,4968,1208,55593,306000000,1728000
1791122342.5783,4968,1200,55468,306000000,1728000
