1791120438.6229,4976,976,54656,306000000,1728000
1791120438.6730,4976,1032,54562,306000000,1728000
1791120438.7231,4968,1096,54812,306000000,1728000
1791120438.7732,4968,1104,54531,306000000,1728000
1791120438.8232,4968,1112,54625,306000000,1728000
1791120438.8734,4968,1136,54625,306000000,1728000
1791120438.9234,4968,1144,54593,306000000,1728000
1791120438.9735,4968,1152,54718,306000000,1728000
1791120439.0236,4968,1160,54562,306000000,1728000
1791120439.0737,4968,1160,54687,306000000,1728000
1791120439.1238,4968,1168,54656,306000000,1728000
1791120439.1739,4968,1176,54562,306000000,1728000
1791120439.2240,4968,1192,54531,306000000,1728000
1791120439.2741,4968,1192,54593,306000000,1728000
1791120439.3242,4968,1192,54562,306000000,1728000
1791120439.3743,4968,1192,54562,306000000,1728000
1791120439.4243,4968,1192,54718,306000000,1728000
1791120439.4744,4968,1192,54531,306000000,1728000
1791120439.5245,4968,1192,54718,306000000,1728000
1791120439.5746,4968,1192,54562,1020000000,1728000
1791120439.6247,4968,1200,54687,306000000,1728000
1791120439.6748,4968,1200,54531,306000000,1728000
1791120439.7249,4968,1208,54781,306000000,1728000
1791120439.7750,4968,1224,54718,306000000,1728000
1791120439.8251,4968,1232,54500,306000000,1728000
1791120439.8752,4968,1272,54750,306000000,1728000
1791120439.9252,4960,1304,54562,306000000,1728000
1791120439.9753,4960,1328,54625,306000000,1728000
1791120440.0254,4960,1336,54562,306000000,1728000
1791120440.0755,4960,1368,54625,306000000,1728000
1791120440.1256,4960,1384,54531,306000000,1728000
1791120440.1757,4960,1400,54656,306000000,1728000
1791120440.2257,4960,1416,54593,306000000,1728000
1791120440.2758,4960,1432,54562,306000000,1728000
1791120440.3259,4960,1448,54593,306000000,1728000
1791120440.3760,4960,1464,54593,306000000,1728000
1791120440.4261,4960,1464,54718,306000000,1728000
1791120440.4762,4960,1472,54593,306000000,1728000
1791120440.5263,4960,1472,54687,306000000,1728000
1791120440.5764,4960,1480,54562,306000000,1728000
1791120440.6265,4960,1488,54656,306000000,1728000
1791120440.6766,4960,1488,54562,306000000,1728000
1791120440.7267,4952,1496,54656,306000000,1728000
1791120440.7768,4960,1488,54593,306000000,1728000
1791120440.8268,4952,1504,54562,306000000,1728000
1791120440.8769,4952,1520,54843,306000000,1728000
1791120440.9271,4952,1528,54625,306000000,1728000
1791120440.9771,4952,1528,54718,306000000,1728000
1791120441.0272,4952,1528,54625,306000000,1728000
1791120441.0773,4952,1528,54687,306000000,1728000
1791120441.1274,4952,1528,54625,306000000,1728000
1791120441.1775,4952,1520,54687,306000000,1728000
1791120441.2276,4952,1520,54625,306000000,1728000
1791120441.2777,4952,1520,54625,306000000,1728000
1791120441.3277,4952,1520,54812,306000000,1728000
1791120441.3778,4952,1520,54625,306000000,1728000
1791120441.4279,4952,1536,54843,306000000,1728000
1791120441.4780,4952,1528,54718,306000000,1728000
1791120441.5281,4952,1528,54718,306000000,1728000
1791120441.5782,4952,1520,54656,306000000,1728000
1791120441.6283,4952,1528,54843,306000000,1728000
1791120441.6783,4952,1512,54656,306000000,1728000
1791120441.7284,4952,1512,54656,306000000,1728000
1791120441.7785,4952,1512,54843,306000000,1728000
1791120441.8286,4952,1512,54625,306000000,1728000
1791120441.8787,4952,1512,54812,306000000,1728000
1791120441.9288,4952,1528,54718,306000000,1728000
1791120441.9789,4952,1536,54718,306000000,1728000
1791120442.0290,4952,1536,54718,306000000,1728000
1791120442.0791,4952,1528,54718,306000000,1728000
1791120442.1291,4952,1528,54656,306000000,1728000
1791120442.1792,4952,1520,54750,306000000,1728000
1791120442.2293,4952,1520,54781,306000000,1728000
1791120442.2794,4952,1520,54750,306000000,1728000
1791120442.3295,4952,1520,54781,306000000,1728000
1791120442.3796,4952,1520,54750,306000000,1728000
1791120442.4297,4952,1520,54718,306000000,1728000
1791120442.4798,4952,1520,54687,306000000,1728000
1791120442.5299,4952,1520,54812,306000000,1728000
1791120442.5800,4952,1528,54718,306000000,1728000
1791120442.6300,4952,1520,54718,306000000,1728000
1791120442.6801,4952,1520,54812,306000000,1728000
1791120442.7302,4952,1512,54781,306000000,1728000
1791120442.7803,4952,1520,54843,306000000,1728000
1791120442.8304,4952,1512,54718,306000000,1728000
1791120442.8805,4952,1520,54906,306000000,1728000
1791120442.9306,4952,1512,54750,306000000,1728000
1791120442.9807,4952,1528,54750,306000000,1728000
1791120443.0308,4952,1512,54812,306000000,1728000
1791120443.0809,4952,1520,54781,306000000,1728000
1791120443.1310,4952,1528,54687,306000000,1728000
1791120443.1811,4952,1528,54812,306000000,1728000
1791120443.2311,4952,1520,54937,306000000,1728000
1791120443.2812,4952,1520,54750,306000000,1728000
1791120443.3313,4952,1512,54812,306000000,1728000
1791120443.3814,4952,1512,54718,306000000,1728000
1791120443.4315,4952,1512,54843,306000000,1728000
1791120443.4815,4952,1512,54781,306000000,1728000
1791120443.5316,4952,1512,54750,306000000,1728000
1791120443.5817,4952,1512,54875,306000000,1728000
1791120443.6318,4952,1504,54750,306000000,1728000
1791120443.6819,4960,1480,54968,306000000,1728000
1791120443.7320,4960,1448,54843,306000000,1728000
1791120443.7821,4960,1464,54843,306000000,1728000
1791120443.8322,4960,1472,54718,306000000,1728000
1791120443.8823,4960,1480,54812,306000000,1728000
1791120443.9324,4960,1488,54687,306000000,1728000
1791120443.9825,4952,1496,54781,306000000,1728000
1791120444.0326,4952,1504,54812,306000000,1728000
1791120444.0826,4960,1496,54750,306000000,1728000
1791120444.1327,4952,1504,55031,306000000,1728000
1791120444.1828,4952,1512,54750,306000000,1728000
1791120444.2329,4952,1520,54843,306000000,1728000
1791120444.2831,4952,1528,54781,306000000,1728000
1791120444.3332,4952,1520,54812,306000000,1728000
1791120444.3832,4952,1520,54781,306000000,1728000
1791120444.4333,4952,1520,54906,306000000,1728000
1791120444.4834,4952,1520,54687,306000000,1728000
1791120444.5335,4952,1520,54718,306000000,1728000
1791120444.5836,4952,1512,54906,306000000,1728000
1791120444.6337,4952,1512,54781,306000000,1728000
1791120444.6838,4952,1512,54968,306000000,1728000
1791120444.7339,4952,1520,54875,306000000,1728000
1791120444.7839,4952,1528,54875,306000000,1728000
1791120444.8340,4952,1528,54843,306000000,1728000
1791120444.8841,4952,1520,54968,306000000,1728000
1791120444.9342,4952,1520,54718,306000000,1728000
1791120444.9843,4952,1520,54875,306000000,1728000
1791120445.0344,4952,1528,54937,306000000,1728000
1791120445.0845,4952,1520,54843,306000000,1728000
1791120445.1346,4952,1528,54906,306000000,1728000
1791120445.1847,4952,1528,54750,306000000,1728000
1791120445.2348,4952,1520,54812,306000000,1728000
1791120445.2849,4952,1520,54812,306000000,1728000
1791120445.3349,4952,1536,54812,306000000,1728000
1791120445.3850,4952,1528,54812,306000000,1728000
1791120445.4351,4952,1528,54781,306000000,1728000
1791120445.4852,4952,1520,54718,306000000,1728000
1791120445.5353,4952,1520,54812,306000000,1728000
1791120445.5854,4952,1512,54906,306000000,1728000
1791120445.6355,4952,1520,54781,306000000,1728000
1791120445.6856,4952,1512,54812,306000000,1728000
1791120445.7356,4952,1504,54687,306000000,1728000
1791120445.7857,4952,1504,54812,306000000,1728000
1791120445.8358,4952,1512,54781,306000000,1728000
1791120445.8859,4952,1520,54812,306000000,1728000
1791120445.9360,4952,1528,54812,306000000,1728000
1791120445.9861,4952,1520,54843,306000000,1728000
1791120446.0362,4952,1528,54968,306000000,1728000
1791120446.0863,4952,1520,54843,306000000,1728000
1791120446.1364,4952,1528,54968,306000000,1728000
1791120446.1865,4952,1520,54843,306000000,1728000
1791120446.2366,4952,1520,54875,306000000,1728000
1791120446.2867,4952,1512,54937,306000000,1728000
1791120446.3367,4952,1520,54906,306000000,1728000
1791120446.3868,4952,1520,54906,306000000,1728000
1791120446.4369,4952,1528,55031,306000000,1728000
1791120446.4870,4952,1536,54968,306000000,1728000
1791120446.5371,4952,1528,54937,306000000,1728000
1791120446.5872,4952,1528,55000,306000000,1728000
1791120446.6372,4952,1520,54781,306000000,1728000
1791120446.6873,4952,1528,54906,306000000,1728000
1791120446.7374,4952,1520,54843,306000000,1728000
1791120446.7875,4952,1528,54937,306000000,1728000
1791120446.8376,4952,1528,54812,306000000,1728000
1791120446.8877,4952,1520,54875,306000000,1728000
1791120446.9378,4952,1520,54937,306000000,1728000
1791120446.9879,4952,1528,54875,306000000,1728000
1791120447.0380,4952,1536,54968,306000000,1728000
1791120447.0881,4952,1536,54968,306000000,1728000
1791120447.1381,4952,1536,55000,306000000,1728000
1791120447.1882,4952,1528,54875,306000000,1728000
1791120447.2383,4952,1536,54937,306000000,1728000
1791120447.2884,4952,1528,54906,306000000,1728000
1791120447.3385,4952,1520,54875,306000000,1728000
1791120447.3886,4952,1528,55000,306000000,1728000
1791120447.4387,4952,1520,54843,306000000,1728000
1791120447.4887,4952,1520,55062,306000000,1728000
1791120447.5388,4952,1528,55000,306000000,1728000
1791120447.5889,4952,1536,54937,306000000,1728000
1791120447.6390,4952,1536,54937,306000000,1728000
1791120447.6891,4952,1528,55031,306000000,1728000
1791120447.7392,4952,1536,54906,306000000,1728000
1791120447.7893,4952,1528,54875,306000000,1728000
1791120447.8394,4952,1528,55000,306000000,1728000
1791120447.8895,4952,1520,54875,306000000,1728000
1791120447.9396,4952,1520,55000,306000000,1728000
1791120447.9896,4952,1520,55062,306000000,1728000
1791120448.0397,4952,1520,54968,306000000,1728000
1791120448.0898,4952,1528,54968,306000000,1728000
1791120448.1399,4952,1536,55093,306000000,1728000
1791120448.1900,4952,1528,54875,306000000,1728000
1791120448.2401,4952,1536,55031,306000000,1728000
1791120448.2902,4952,1528,54875,306000000,1728000
1791120448.3403,4952,1528,54906,306000000,1728000
1791120448.3904,4952,1528,55062,306000000,1728000
1791120448.4405,4952,1520,54875,306000000,1728000
1791120448.4906,4952,1520,54875,306000000,1728000
1791120448.5407,4952,1512,54875,306000000,1728000
1791120448.5907,4952,1520,55031,306000000,1728000
1791120448.6408,4952,1520,54937,306000000,1728000
1791120448.6909,4952,1536,55000,306000000,1728000
1791120448.7410,4952,1528,54843,306000000,1728000
1791120448.7914,4952,1528,54937,306000000,1728000
1791120448.8415,4952,1528,55062,306000000,1728000
1791120448.8915,4952,1520,54875,306000000,1728000
1791120448.9416,4952,1528,55031,306000000,1728000
1791120448.9917,4952,1528,54875,306000000,1728000
1791120449.0418,4952,1520,55062,306000000,1728000
1791120449.0919,4952,1528,55000,306000000,1728000
1791120449.1420,4952,1528,54906,306000000,1728000
1791120449.1921,4952,1528,54937,306000000,1728000
1791120449.2422,4952,1544,54968,306000000,1728000
1791120449.2923,4952,1536,55031,306000000,1728000
1791120449.3424,4952,1536,54968,306000000,1728000
1791120449.3924,4952,1536,55093,306000000,1728000
1791120449.4425,4952,1528,55062,306000000,1728000
1791120449.4926,4952,1520,55031,306000000,1728000
1791120449.5427,4952,1528,55125,306000000,1728000
1791120449.5928,4952,1520,55000,306000000,1728000
1791120449.6429,4952,1528,54968,306000000,1728000
1791120449.6930,4952,1512,55125,306000000,1728000
1791120449.7430,4952,1520,55062,306000000,1728000
1791120449.7931,4952,1528,54968,306000000,1728000
1791120449.8433,4952,1528,55062,306000000,1728000
1791120449.8933,4952,1528,54968,306000000,1728000
1791120449.9434,4952,1528,54968,306000000,1728000
1791120449.9935,4952,1520,54937,306000000,1728000
1791120450.0436,4952,1528,54968,306000000,1728000
1791120450.0937,4952,1520,54906,306000000,1728000
1791120450.1438,4952,1528,54937,306000000,1728000
1791120450.1939,4952,1528,55000,306000000,1728000
1791120450.2439,4952,1512,54906,306000000,1728000
1791120450.2940,4960,1480,55062,306000000,1728000
1791120450.3441,4960,1464,54968,306000000,1728000
1791120450.3942,4960,1464,55062,306000000,1728000
1791120450.4443,4960,1464,54906,306000000,1728000
1791120450.4943,4960,1472,55031,306000000,1728000
1791120450.5444,4960,1472,54906,306000000,1728000
1791120450.5945,4960,1480,55000,306000000,1728000
1791120450.6446,4960,1480,54875,306000000,1728000
1791120450.6947,4960,1488,54906,306000000,1728000
1791120450.7448,4960,1488,55031,306000000,1728000
1791120450.7948,4960,1496,55062,306000000,1728000
1791120450.8449,4960,1496,54968,306000000,1728000
1791120450.8950,4952,1504,54937,306000000,1728000
1791120450.9451,4952,1512,55125,306000000,1728000
1791120450.9951,4952,1504,54906,306000000,1728000
1791120451.0452,4952,1512,55000,306000000,1728000
1791120451.0953,4952,1512,55093,306000000,1728000
1791120451.1459,4952,1512,54968,306000000,1728000
1791120451.1960,4952,1520,55062,306000000,1728000
1791120451.2460,4952,1520,55093,306000000,1728000
1791120451.2961,4952,1520,55093,306000000,1728000
1791120451.3462,4952,1512,55031,306000000,1728000
1791120451.3963,4952,1520,55031,306000000,1728000
1791120451.4464,4952,1520,55000,306000000,1728000
1791120451.4965,4952,1536,54937,306000000,1728000
1791120451.5466,4952,1528,54968,306000000,1728000
1791120451.5967,4952,1528,54937,306000000,1728000
1791120451.6468,4952,1520,55093,306000000,1728000
1791120451.6969,4952,1528,55031,306000000,1728000
1791120451.7470,4952,1520,55093,306000000,1728000
1791120451.7970,4952,1520,54937,306000000,1728000
1791120451.8471,4952,1520,55031,306000000,1728000
1791120451.8972,4952,1512,54937,306000000,1728000
1791120451.9473,4952,1520,55062,306000000,1728000
1791120451.9974,4952,1528,55156,306000000,1728000
1791120452.0475,4952,1536,55000,306000000,1728000
1791120452.0976,4952,1536,55062,306000000,1728000
1791120452.1477,4952,1528,55062,306000000,1728000
1791120452.1978,4952,1536,55156,306000000,1728000
1791120452.2479,4952,1528,55000,306000000,1728000
1791120452.2979,4952,1536,55125,306000000,1728000
1791120452.3480,4952,1528,55125,306000000,1728000
1791120452.3981,4952,1528,55062,306000000,1728000
1791120452.4482,4952,1528,55000,306000000,1728000
1791120452.4982,4952,1520,55093,306000000,1728000
1791120452.5483,4952,1528,55062,306000000,1728000
1791120452.5984,4952,1536,55093,306000000,1728000
1791120452.6485,4952,1536,55125,306000000,1728000
1791120452.6986,4952,1528,54968,306000000,1728000
1791120452.7487,4952,1536,55093,306000000,1728000
1791120452.7987,4952,1520,55250,306000000,1728000
1791120452.8488,4952,1528,55031,306000000,1728000
1791120452.8989,4952,1512,55093,306000000,1728000
1791120452.9490,4952,1520,55062,306000000,1728000
1791120452.9990,4952,1520,54968,306000000,1728000
1791120453.0491,4952,1512,55125,306000000,1728000
1791120453.0992,4952,1520,55156,306000000,1728000
1791120453.1493,4952,1536,55062,306000000,1728000
1791120453.1994,4952,1536,55093,306000000,1728000
1791120453.2495,4952,1536,55062,306000000,1728000
1791120453.2996,4952,1528,55031,306000000,1728000
1791120453.3497,4952,1528,55000,306000000,1728000
1791120453.3998,4952,1528,55093,306000000,1728000
1791120453.4498,4952,1520,54968,306000000,1728000
1791120453.4999,4952,1528,55093,306000000,1728000
1791120453.5500,4952,1528,55218,306000000,1728000
1791120453.6001,4952,1520,55062,306000000,1728000
1791120453.6502,4952,1520,55125,306000000,1728000
1791120453.7003,4952,1528,55031,306000000,1728000
1791120453.7504,4952,1528,55062,306000000,1728000
1791120453.8004,4952,1520,55031,306000000,1728000
1791120453.8505,4952,1520,55093,306000000,1728000
1791120453.9006,4952,1520,55125,306000000,1728000
1791120453.9507,4952,1520,55031,306000000,1728000
1791120454.0008,4952,1512,55156,306000000,1728000
1791120454.0509,4952,1512,55125,306000000,1728000
1791120454.1009,4952,1512,55125,306000000,1728000
1791120454.1511,4952,1512,55093,306000000,1728000
1791120454.2011,4952,1512,55156,306000000,1728000
1791120454.2512,4952,1536,55125,306000000,1728000
1791120454.3013,4952,1536,55125,306000000,1728000
1791120454.3514,4952,1528,55281,306000000,1728000
1791120454.4015,4952,1528,55062,306000000,1728000
1791120454.4516,4952,1520,55187,306000000,1728000
1791120454.5016,4952,1528,55031,306000000,1728000
1791120454.5517,4952,1520,55218,306000000,1728000
1791120454.6018,4952,1528,55250,306000000,1728000
1791120454.6519,4952,1528,55187,306000000,1728000
1791120454.7020,4952,1520,55000,306000000,1728000
1791120454.7521,4952,1520,55125,306000000,1728000
1791120454.8022,4952,1528,55031,306000000,1728000
1791120454.8523,4952,1528,55093,306000000,1728000
1791120454.9023,4952,1528,55031,306000000,1728000
1791120454.9524,4952,1528,55062,306000000,1728000
1791120455.0025,4952,1520,55250,306000000,1728000
1791120455.0526,4952,1520,55062,306000000,1728000
1791120455.1026,4952,1520,55093,306000000,1728000
1791120455.1527,4952,1520,55093,306000000,1728000
1791120455.2028,4952,1512,55218,306000000,1728000
1791120455.2529,4952,1520,55125,306000000,1728000
1791120455.3030,4952,1520,55187,306000000,1728000
1791120455.3531,4952,1536,55125,306000000,1728000
1791120455.4032,4952,1536,55093,306000000,1728000
1791120455.4533,4952,1536,55312,306000000,1728000
1791120455.5034,4952,1528,55093,306000000,1728000
1791120455.5534,4952,1528,55156,306000000,1728000
1791120455.6035,4952,1512,55250,306000000,1728000
1791120455.6536,4952,1520,55093,306000000,1728000
1791120455.7037,4952,1520,55156,306000000,1728000
1791120455.7537,4952,1512,55312,306000000,1728000
1791120455.8038,4952,1512,55031,306000000,1728000
1791120455.8539,4952,1512,55218,306000000,1728000
1791120455.9040,4952,1520,55312,306000000,1728000
1791120455.9541,4952,1528,55093,306000000,1728000
1791120456.0042,4952,1528,55281,306000000,1728000
1791120456.0543,4952,1520,55062,306000000,1728000
1791120456.1044,4952,1528,55187,306000000,1728000
1791120456.1545,4952,1528,55218,306000000,1728000
1791120456.2046,4952,1536,55156,306000000,1728000
1791120456.2546,4952,1528,55093,306000000,1728000
1791120456.3047,4952,1536,55125,306000000,1728000
1791120456.3548,4952,1528,55281,306000000,1728000
1791120456.4049,4952,1528,55125,306000000,1728000
1791120456.4550,4952,1528,55250,306000000,1728000
1791120456.5051,4952,1536,55125,306000000,1728000
1791120456.5552,4952,1536,55250,306000000,1728000
1791120456.6053,4952,1528,55062,306000000,1728000
1791120456.6554,4952,1536,55187,306000000,1728000
1791120456.7055,4952,1528,55125,306000000,1728000
1791120456.7555,4952,1496,55187,306000000,1728000
1791120456.8056,4960,1464,55281,306000000,1728000
1791120456.8557,4960,1440,55125,306000000,1728000
1791120456.9058,4960,1440,55250,306000000,1728000
1791120456.9559,4960,1448,55062,306000000,1728000
1791120457.0059,4960,1456,55125,306000000,1728000
1791120457.0560,4960,1480,55312,306000000,1728000
1791120457.1061,4960,1480,55218,306000000,1728000
1791120457.1562,4960,1488,55250,306000000,1728000
1791120457.2063,4960,1488,55156,306000000,1728000
1791120457.2564,4952,1488,55156,306000000,1728000
1791120457.3065,4952,1496,55218,306000000,1728000
1791120457.3566,4952,1504,55375,306000000,1728000
1791120457.4067,4952,1512,55125,306000000,1728000
1791120457.4568,4952,1512,55343,306000000,1728000
1791120457.5068,4952,1504,55062,306000000,1728000
1791120457.5569,4952,1504,55218,306000000,1728000
1791120457.6070,4952,1528,55250,306000000,1728000
1791120457.6571,4952,1520,55187,306000000,1728000
1791120457.7072,4952,1520,55281,306000000,1728000
1791120457.7572,4952,1520,55156,306000000,1728000
1791120457.8073,4952,1520,55343,306000000,1728000
1791120457.8574,4952,1520,55250,306000000,1728000
1791120457.9075,4952,1528,55218,306000000,1728000
1791120457.9576,4952,1520,55062,306000000,1728000
1791120458.0077,4952,1520,55281,306000000,1728000
1791120458.0577,4952,1512,55093,306000000,1728000
1791120458.1078,4952,1512,55156,306000000,1728000
1791120458.1579,4952,1528,55250,306000000,1728000
1791120458.2080,4952,1544,55156,306000000,1728000
1791120458.2581,4952,1536,55375,306000000,1728000
1791120458.3082,4952,1536,55156,306000000,1728000
1791120458.3583,4952,1544,55343,306000000,1728000
1791120458.4084,4952,1536,55187,306000000,1728000
1791120458.4584,4952,1536,55218,306000000,1728000
1791120458.5085,4952,1528,55156,306000000,1728000
1791120458.5586,4952,1528,55281,306000000,1728000
1791120458.6087,4952,1528,55125,306000000,1728000
1791120458.6588,4952,1528,55187,306000000,1728000
1791120458.7089,4952,1536,55375,306000000,1728000
1791120458.7590,4952,1536,55187,306000000,1728000
1791120458.8090,4952,1536,55218,306000000,1728000
1791120458.8591,4952,1528,55343,306000000,1728000
1791120458.9092,4952,1536,55250,306000000,1728000
1791120458.9593,4952,1528,55218,306000000,1728000
1791120459.0093,4952,1528,55437,306000000,1728000
1791120459.0594,4952,1528,55281,306000000,1728000
1791120459.1095,4952,1520,55250,306000000,1728000
1791120459.1595,4952,1528,55312,306000000,1728000
1791120459.2096,4952,1520,55187,306000000,1728000
1791120459.2597,4952,1528,55437,306000000,1728000
1791120459.3098,4952,1536,55156,306000000,1728000
1791120459.3599,4952,1536,55437,306000000,1728000
1791120459.4100,4952,1536,55406,306000000,1728000
1791120459.4601,4952,1536,55312,306000000,1728000
1791120459.5102,4952,1536,55281,306000000,1728000
1791120459.5602,4952,1536,55250,306000000,1728000
1791120459.6103,4952,1528,55187,306000000,1728000
1791120459.6604,4952,1528,55218,306000000,1728000
1791120459.7105,4952,1528,55375,306000000,1728000
1791120459.7605,4952,1536,55187,306000000,1728000
1791120459.8106,4952,1536,55218,306000000,1728000
1791120459.8607,4952,1544,55187,306000000,1728000
1791120459.9108,4952,1544,55343,306000000,1728000
1791120459.9609,4952,1536,55187,306000000,1728000
1791120460.0110,4952,1536,55187,306000000,1728000
1791120460.0610,4952,1536,55218,306000000,1728000
1791120460.1111,4952,1536,55281,306000000,1728000
1791120460.1612,4952,1528,55437,306000000,1728000
1791120460.2113,4952,1528,55250,306000000,1728000
1791120460.2613,4952,1528,55250,306000000,1728000
1791120460.3114,4952,1528,55281,306000000,1728000
1791120460.3615,4952,1528,55312,306000000,1728000
1791120460.4116,4952,1552,55437,306000000,1728000
1791120460.4617,4952,1544,55250,306000000,1728000
1791120460.5118,4952,1536,55343,306000000,1728000
1791120460.5619,4952,1536,55437,306000000,1728000
1791120460.6120,4952,1536,55406,306000000,1728000
1791120460.6620,4952,1536,55406,306000000,1728000
1791120460.7121,4952,1528,55375,306000000,1728000
1791120460.7622,4952,1528,55281,306000000,1728000
1791120460.8123,4952,1520,55375,306000000,1728000
1791120460.8623,4952,1528,55218,306000000,1728000
1791120460.9124,4952,1520,55343,306000000,1728000
1791120460.9625,4952,1536,55375,306000000,1728000
1791120461.0126,4952,1536,55312,306000000,1728000
1791120461.0627,4952,1528,55437,306000000,1728000
1791120461.1128,4952,1528,55437,306000000,1728000
1791120461.1629,4952,1528,55375,306000000,1728000
1791120461.2130,4952,1528,55250,306000000,1728000
1791120461.2631,4952,1520,55343,306000000,1728000
1791120461.3132,4952,1528,55250,306000000,1728000
1791120461.3632,4952,1520,55312,306000000,1728000
1791120461.4133,4952,1520,55343,306000000,1728000
1791120461.4634,4952,1520,55250,306000000,1728000
1791120461.5135,4952,1536,55406,306000000,1728000
1791120461.5636,4952,1536,55218,306000000,1728000
1791120461.6137,4952,1528,55437,306000000,1728000
1791120461.6638,4952,1528,55281,306000000,1728000
1791120461.7139,4952,1528,55343,306000000,1728000
1791120461.7640,4952,1528,55312,306000000,1728000
1791120461.8140,4952,1528,55281,306000000,1728000
1791120461.8641,4952,1520,55281,306000000,1728000
1791120461.9142,4952,1520,55343,306000000,1728000
1791120461.9643,4952,1520,55281,306000000,1728000
1791120462.0143,4952,1520,55375,306000000,1728000
1791120462.0644,4952,1528,55406,306000000,1728000
1791120462.1145,4952,1528,55437,306000000,1728000
1791120462.1646,4952,1528,55375,306000000,1728000
1791120462.2147,4952,1520,55312,306000000,1728000
1791120462.2648,4952,1528,55500,306000000,1728000
1791120462.3148,4952,1528,55343,306000000,1728000
1791120462.3649,4952,1528,55468,306000000,1728000
1791120462.4150,4952,1528,55250,306000000,1728000
1791120462.4651,4952,1528,55343,306000000,1728000
1791120462.5152,4952,1528,55468,306000000,1728000
1791120462.5653,4952,1528,55250,306000000,1728000
1791120462.6154,4952,1536,55375,306000000,1728000
1791120462.6654,4952,1536,55375,306000000,1728000
1791120462.7155,4952,1536,55437,306000000,1728000
1791120462.7656,4952,1528,55375,306000000,1728000
1791120462.8157,4952,1528,55468,306000000,1728000
1791120462.8658,4952,1520,55218,306000000,1728000
1791120462.9159,4952,1528,55312,306000000,1728000
1791120462.9659,4952,1520,55437,306000000,1728000
1791120463.0160,4952,1520,55312,306000000,1728000
1791120463.0661,4952,1520,55375,306000000,1728000
1791120463.1162,4952,1520,55312,306000000,1728000
1791120463.1663,4952,1528,55406,306000000,1728000
1791120463.2164,4952,1536,55312,306000000,1728000
1791120463.2665,4952,1536,55312,306000000,1728000
1791120463.3165,4952,1528,55312,306000000,1728000
1791120463.3666,4952,1536,55312,306000000,1728000
1791120463.4167,4952,1528,55500,306000000,1728000
1791120463.4668,4952,1528,55406,306000000,1728000
1791120463.5169,4952,1536,55437,306000000,1728000
1791120463.5670,4952,1536,55375,306000000,1728000
1791120463.6171,4952,1528,55406,306000000,1728000
1791120463.6672,4952,1528,55437,306000000,1728000
1791120463.7173,4952,1528,55343,306000000,1728000
1791120463.7674,4952,1536,55437,306000000,1728000
1791120463.8175,4952,1528,55500,306000000,1728000
1791120463.8675,4952,1528,55468,306000000,1728000
1791120463.9176,4952,1528,55468,306000000,1728000
1791120463.9677,4952,1528,55468,306000000,1728000
1791120464.0178,4952,1520,55406,306000000,1728000
1791120464.0679,4952,1520,55406,306000000,1728000
1791120464.1179,4952,1512,55343,306000000,1728000
1791120464.1680,4952,1520,55375,306000000,1728000
1791120464.2181,4952,1512,55468,306000000,1728000
1791120464.2682,4952,1512,55343,306000000,1728000
1791120464.3183,4952,1528,55343,306000000,1728000
1791120464.3684,4952,1528,55562,306000000,1728000
1791120464.4185,4952,1528,55437,306000000,1728000
1791120464.4686,4952,1528,55375,306000000,1728000
1791120464.5187,4952,1536,55375,306000000,1728000
1791120464.5688,4952,1528,55312,306000000,1728000
1791120464.6188,4952,1536,55406,306000000,1728000
1791120464.6689,4952,1528,55312,306000000,1728000
1791120464.7190,4952,1528,55406,306000000,1728000
1791120464.7691,4952,1520,55281,306000000,1728000
1791120464.8192,4952,1504,55375,306000000,1728000
1791120464.8693,4952,1488,55562,306000000,1728000
1791120464.9194,4960,1464,55312,306000000,1728000
1791120464.9694,4960,1440,55500,306000000,1728000
1791120465.0195,4960,1440,55406,306000000,1728000
1791120465.0696,4960,1448,55406,306000000,1728000
1791120465.1197,4960,1448,55437,306000000,1728000
1791120465.1698,4960,1464,55437,306000000,1728000
1791120465.2199,4960,1464,55312,306000000,1728000
1791120465.2699,4960,1472,55406,306000000,1728000
1791120465.3200,4960,1480,55468,306000000,1728000
1791120465.3701,4952,1480,55500,306000000,1728000
1791120465.4202,4952,1496,55406,306000000,1728000
1791120465.4703,4952,1504,55531,306000000,1728000
1791120465.5204,4952,1512,55468,306000000,1728000
1791120465.5705,4952,1512,55375,306000000,1728000
1791120465.6206,4952,1520,55531,306000000,1728000
1791120465.6707,4952,1520,55312,306000000,1728000
1791120465.7208,4952,1520,55437,306000000,1728000
1791120465.7708,4952,1520,55562,306000000,1728000
1791120465.8209,4952,1512,55343,306000000,1728000
1791120465.8710,4952,1520,55437,306000000,1728000
1791120465.9211,4952,1512,55531,306000000,1728000
1791120465.9712,4952,1528,55468,306000000,1728000
1791120466.0213,4952,1528,55468,306000000,1728000
1791120466.0714,4952,1528,55375,306000000,1728000
1791120466.1215,4952,1520,55375,306000000,1728000
1791120466.1716,4952,1520,55468,306000000,1728000
1791120466.2217,4952,1520,55531,306000000,1728000
1791120466.2717,4952,1528,55406,306000000,1728000
1791120466.3218,4952,1528,55500,306000000,1728000
1791120466.3719,4952,1520,55312,306000000,1728000
1791120466.4220,4952,1528,55468,306000000,1728000
1791120466.4721,4952,1528,55437,306000000,1728000
1791120466.5222,4952,1536,55468,306000000,1728000
1791120466.5723,4952,1552,55593,306000000,1728000
1791120466.6224,4952,1544,55437,306000000,1728000
1791120466.6725,4952,1536,55406,306000000,1728000
1791120466.7226,4952,1536,55500,306000000,1728000
1791120466.7727,4952,1528,55437,306000000,1728000
1791120466.8228,4952,1536,55406,306000000,1728000
1791120466.8728,4952,1536,55500,306000000,1728000
1791120466.9229,4952,1528,55625,306000000,1728000
1791120466.9730,4952,1528,55500,306000000,1728000
1791120467.0231,4952,1520,55531,306000000,1728000
1791120467.0731,4952,1528,55468,306000000,1728000
1791120467.1232,4952,1536,55468,306000000,1728000
1791120467.1733,4952,1536,55593,306000000,1728000
1791120467.2234,4952,1528,55437,306000000,1728000
1791120467.2735,4952,1536,55468,306000000,1728000
1791120467.3236,4952,1528,55562,306000000,1728000
1791120467.3737,4952,1528,55437,306000000,1728000
1791120467.4237,4952,1528,55437,306000000,1728000
1791120467.4738,4952,1528,55593,306000000,1728000
1791120467.5239,4952,1536,55468,306000000,1728000
1791120467.5740,4952,1536,55406,306000000,1728000
1791120467.6241,4952,1544,55562,306000000,1728000
1791120467.6742,4952,1552,55531,306000000,1728000
1791120467.7243,4952,1544,55406,306000000,1728000
1791120467.7744,4952,1544,55500,306000000,1728000
1791120467.8245,4952,1536,55406,306000000,1728000
1791120467.8746,4952,1536,55437,306000000,1728000
1791120467.9246,4952,1528,55406,306000000,1728000
1791120467.9747,4952,1536,55437,306000000,1728000
1791120468.0248,4952,1536,55437,306000000,1728000
1791120468.0749,4952,1528,55468,306000000,1728000
1791120468.1250,4952,1536,55593,306000000,1728000
1791120468.1751,4952,1528,55500,306000000,1728000
1791120468.2252,4952,1544,55531,306000000,1728000
1791120468.2753,4952,1536,55593,306000000,1728000
1791120468.3254,4952,1544,55531,306000000,1728000
1791120468.3755,4952,1528,55468,306000000,1728000
1791120468.4256,4952,1528,55562,306000000,1728000
1791120468.4756,4952,1528,55625,306000000,1728000
1791120468.5257,4952,1528,55500,306000000,1728000
1791120468.5758,4952,1520,55562,306000000,1728000
1791120468.6259,4952,1536,55468,306000000,1728000
1791120468.6760,4952,1536,55531,306000000,1728000
1791120468.7261,4952,1536,55625,306000000,1728000
1791120468.7762,4952,1544,55593,306000000,1728000
1791120468.8263,4952,1544,55437,306000000,1728000
1791120468.8764,4952,1544,55625,306000000,1728000
1791120468.9265,4952,1536,55531,306000000,1728000
1791120468.9766,4952,1536,55437,306000000,1728000
1791120469.0266,4952,1536,55593,306000000,1728000
1791120469.0767,4952,1536,55437,306000000,1728000
1791120469.1268,4952,1536,55593,306000000,1728000
1791120469.1769,4952,1528,55656,306000000,1728000
1791120469.2270,4952,1528,55531,306000000,1728000
1791120469.2771,4952,1528,55531,306000000,1728000
1791120469.3272,4952,1536,55531,306000000,1728000
1791120469.3773,4952,1536,55500,306000000,1728000
1791120469.4273,4952,1536,55531,306000000,1728000
1791120469.4774,4952,1536,55531,306000000,1728000
1791120469.5275,4952,1536,55437,306000000,1728000
1791120469.5776,4952,1528,55593,306000000,1728000
1791120469.6277,4952,1536,55437,306000000,1728000
1791120469.6778,4952,1536,55531,306000000,1728000
1791120469.7279,4952,1528,55437,306000000,1728000
1791120469.7780,4952,1528,55562,306000000,1728000
1791120469.8281,4952,1528,55562,306000000,1728000
1791120469.8782,4952,1544,55500,306000000,1728000
1791120469.9282,4952,1544,55500,306000000,1728000
1791120469.9783,4952,1544,55562,306000000,1728000
1791120470.0284,4952,1536,55531,306000000,1728000
1791120470.0785,4952,1536,55500,306000000,1728000
1791120470.1286,4952,1528,55593,306000000,1728000
1791120470.1786,4952,1528,55468,306000000,1728000
1791120470.2287,4952,1528,55500,306000000,1728000
1791120470.2788,4952,1520,55593,306000000,1728000
1791120470.3289,4952,1528,55531,306000000,1728000
1791120470.3790,4952,1520,55562,306000000,1728000
1791120470.4291,4952,1528,55593,306000000,1728000
1791120470.4792,4952,1528,55531,306000000,1728000
1791120470.5293,4952,1536,55500,306000000,1728000
1791120470.5793,4952,1520,55687,306000000,1728000
1791120470.6294,4952,1520,55781,306000000,1728000
1791120470.6795,4952,1528,55593,306000000,1728000
1791120470.7296,4952,1520,55718,306000000,1728000
1791120470.7797,4952,1520,55500,306000000,1728000
1791120470.8298,4952,1520,55531,306000000,1728000
1791120470.8799,4952,1512,55531,306000000,1728000
1791120470.9300,4952,1512,55593,306000000,1728000
1791120470.9801,4952,1520,55531,306000000,1728000
1791120471.0301,4952,1528,55562,306000000,1728000
1791120471.0802,4952,1528,55625,306000000,1728000
1791120471.1303,4952,1528,55656,306000000,1728000
1791120471.1804,4952,1520,55593,306000000,1728000
1791120471.2305,4952,1520,55562,306000000,1728000
1791120471.2806,4952,1520,55531,306000000,1728000
1791120471.3306,4952,1520,55593,306000000,1728000
1791120471.3807,4952,1520,55593,306000000,1728000
1791120471.4308,4952,1520,55531,306000000,1728000
1791120471.4809,4952,1528,55593,306000000,1728000
1791120471.5310,4952,1528,55531,306000000,1728000
1791120471.5811,4952,1544,55625,306000000,1728000
1791120471.6312,4952,1536,55593,306000000,1728000
1791120471.6813,4952,1544,55562,306000000,1728000
1791120471.7314,4952,1544,55562,306000000,1728000
1791120471.7814,4952,1536,55593,306000000,1728000
1791120471.8315,4952,1544,55593,306000000,1728000
1791120471.8816,4952,1536,55531,306000000,1728000
1791120471.9317,4952,1528,55593,306000000,1728000
1791120471.9818,4952,1528,55625,306000000,1728000
1791120472.0319,4952,1528,55562,306000000,1728000
1791120472.0819,4952,1528,55562,306000000,1728000
1791120472.1321,4952,1544,55656,306000000,1728000
1791120472.1821,4952,1536,55531,306000000,1728000
1791120472.2322,4952,1536,55531,306000000,1728000
1791120472.2823,4952,1528,55656,306000000,1728000
1791120472.3324,4952,1528,55562,306000000,1728000
1791120472.3825,4952,1536,55687,306000000,1728000
1791120472.4325,4952,1536,55500,306000000,1728000
1791120472.4826,4952,1536,55562,306000000,1728000
1791120472.5327,4952,1536,55593,306000000,1728000
1791120472.5828,4952,1536,55625,306000000,1728000
1791120472.6329,4952,1536,55781,306000000,1728000
1791120472.6830,4952,1544,55562,306000000,1728000
1791120472.7331,4952,1544,55625,306000000,1728000
1791120472.7832,4952,1544,55562,306000000,1728000
1791120472.8333,4952,1544,55593,306000000,1728000
1791120472.8834,4952,1544,55468,306000000,1728000
1791120472.9335,4952,1536,55625,306000000,1728000
1791120472.9835,4952,1536,55531,306000000,1728000
1791120473.0336,4952,1536,55562,306000000,1728000
1791120473.0837,4952,1536,55625,306000000,1728000
1791120473.1338,4952,1536,55593,306000000,1728000
1791120473.1839,4952,1536,55593,306000000,1728000
1791120473.2340,4952,1544,55593,306000000,1728000
1791120473.2841,4952,1544,55625,306000000,1728000
1791120473.3341,4952,1544,55593,306000000,1728000
1791120473.3842,4952,1536,55625,306000000,1728000
1791120473.4343,4952,1536,55531,306000000,1728000
1791120473.4844,4952,1528,55593,306000000,1728000
1791120473.5345,4952,1528,55687,306000000,1728000
1791120473.5846,4952,1528,55593,306000000,1728000
1791120473.6347,4952,1528,55593,306000000,1728000
1791120473.6847,4952,1520,55625,306000000,1728000
1791120473.7348,4952,1528,55687,306000000,1728000
1791120473.7849,4952,1536,55562,306000000,1728000
1791120473.8351,4952,1536,55718,306000000,1728000
1791120473.8852,4952,1536,55531,306000000,1728000
1791120473.9352,4952,1536,55625,306000000,1728000
1791120473.9853,4952,1536,55531,306000000,1728000
1791120474.0354,4952,1528,55625,306000000,1728000
1791120474.0855,4952,1528,55562,306000000,1728000
1791120474.1356,4952,1528,55562,306000000,1728000
1791120474.1856,4952,1528,55625,306000000,1728000
1791120474.2357,4952,1520,55531,306000000,1728000
1791120474.2858,4952,1520,55593,306000000,1728000
1791120474.3359,4952,1536,55593,306000000,1728000
1791120474.3860,4952,1536,55687,306000000,1728000
1791120474.4361,4952,1536,55687,306000000,1728000
1791120474.4862,4952,1528,55625,306000000,1728000
1791120474.5363,4952,1528,55562,306000000,1728000
1791120474.5863,4952,1520,55593,306000000,1728000
1791120474.6364,4952,1520,55625,306000000,1728000
1791120474.6865,4952,1512,55562,306000000,1728000
1791120474.7366,4952,1480,55781,306000000,1728000
1791120474.7867,4960,1464,55593,306000000,1728000
1791120474.8368,4960,1440,55656,306000000,1728000
1791120474.8869,4960,1424,55562,306000000,1728000
1791120474.9370,4960,1448,55593,306000000,1728000
1791120474.9871,4960,1448,55562,306000000,1728000
1791120475.0372,4960,1464,55593,306000000,1728000
1791120475.0873,4960,1464,55625,306000000,1728000
1791120475.1373,4960,1472,55593,306000000,1728000
1791120475.1874,4952,1480,55625,306000000,1728000
1791120475.2375,4952,1488,55750,306000000,1728000
1791120475.2876,4952,1488,55625,306000000,1728000
1791120475.3377,4952,1488,55531,306000000,1728000
1791120475.3878,4952,1488,55656,306000000,1728000
1791120475.4379,4952,1504,55625,306000000,1728000
1791120475.4880,4952,1512,55593,306000000,1728000
1791120475.5381,4952,1520,55562,306000000,1728000
1791120475.5881,4952,1512,55531,306000000,1728000
1791120475.6382,4952,1512,55625,306000000,1728000
1791120475.6883,4952,1504,55531,306000000,1728000
1791120475.7384,4952,1496,55656,306000000,1728000
1791120475.7885,4952,1512,55656,306000000,1728000
1791120475.8386,4952,1512,55718,306000000,1728000
1791120475.8887,4952,1520,55625,306000000,1728000
1791120475.9387,4952,1520,55562,306000000,1728000
1791120475.9888,4952,1528,55625,306000000,1728000
1791120476.0389,4952,1536,55593,306000000,1728000
1791120476.0890,4952,1536,55718,306000000,1728000
1791120476.1391,4952,1536,55531,306000000,1728000
1791120476.1892,4952,1528,55593,306000000,1728000
1791120476.2393,4952,1528,55593,306000000,1728000
1791120476.2893,4952,1520,55656,306000000,1728000
1791120476.3394,4952,1528,55625,306000000,1728000
1791120476.3895,4952,1528,55531,306000000,1728000
1791120476.4396,4952,1520,55562,306000000,1728000
1791120476.4896,4952,1528,55687,306000000,1728000
1791120476.5397,4952,1528,55562,306000000,1728000
1791120476.5898,4952,1544,55625,306000000,1728000
1791120476.6399,4952,1544,55750,306000000,1728000
1791120476.6900,4952,1536,55562,306000000,1728000
1791120476.7401,4952,1536,55656,306000000,1728000
1791120476.7902,4952,1528,55718,306000000,1728000
1791120476.8403,4952,1544,55593,306000000,1728000
1791120476.8904,4952,1536,55593,306000000,1728000
1791120476.9405,4952,1536,55718,306000000,1728000
1791120476.9905,4952,1536,55593,306000000,1728000
1791120477.0406,4952,1528,55531,306000000,1728000
1791120477.0907,4952,1520,55687,306000000,1728000
1791120477.1408,4952,1544,55750,306000000,1728000
1791120477.1909,4952,1536,55656,306000000,1728000
1791120477.2410,4952,1536,55562,306000000,1728000
1791120477.2911,4952,1528,55687,306000000,1728000
1791120477.3411,4952,1536,55593,306000000,1728000
1791120477.3912,4952,1528,55562,306000000,1728000
1791120477.4413,4952,1528,55562,306000000,1728000
1791120477.4914,4952,1528,55531,306000000,1728000
1791120477.5414,4952,1520,55718,306000000,1728000
1791120477.5915,4952,1520,55656,306000000,1728000
1791120477.6416,4952,1520,55625,306000000,1728000
1791120477.6917,4952,1536,55750,306000000,1728000
1791120477.7418,4952,1544,55718,306000000,1728000
1791120477.7919,4952,1536,55562,306000000,1728000
1791120477.8420,4952,1544,55593,306000000,1728000
1791120477.8921,4952,1536,55656,306000000,1728000
1791120477.9421,4952,1536,55562,306000000,1728000
1791120477.9922,4952,1528,55656,306000000,1728000
1791120478.0423,4952,1528,55718,306000000,1728000
1791120478.0924,4952,1520,55625,306000000,1728000
1791120478.1425,4952,1520,55625,306000000,1728000
1791120478.1926,4952,1528,55687,306000000,1728000
1791120478.2427,4952,1536,55812,306000000,1728000
1791120478.2928,4952,1536,55687,306000000,1728000
1791120478.3428,4952,1536,55750,306000000,1728000
1791120478.3929,4952,1536,55625,306000000,1728000
1791120478.4430,4952,1536,55718,306000000,1728000
1791120478.4931,4952,1528,55812,306000000,1728000
1791120478.5432,4952,1528,55656,306000000,1728000
1791120478.5933,4952,1528,55562,306000000,1728000
1791120478.6434,4952,1520,55750,306000000,1728000
1791120478.6935,4952,1520,55562,306000000,1728000
1791120478.7436,4952,1520,55593,306000000,1728000
1791120478.7937,4952,1528,55625,306000000,1728000
1791120478.8438,4952,1528,55687,306000000,1728000
1791120478.8939,4952,1536,55781,306000000,1728000
1791120478.9440,4952,1544,55593,306000000,1728000
1791120478.9941,4952,1536,55687,306000000,1728000
1791120479.0441,4952,1536,55593,306000000,1728000
1791120479.0942,4952,1544,55656,306000000,1728000
1791120479.1443,4952,1528,55562,306000000,1728000
1791120479.1944,4952,1528,55656,306000000,1728000
1791120479.2445,4952,1528,55593,306000000,1728000
1791120479.2945,4952,1528,55625,306000000,1728000
1791120479.3446,4952,1536,55718,306000000,1728000
1791120479.3947,4952,1536,55625,306000000,1728000
1791120479.4448,4952,1544,55718,306000000,1728000
1791120479.4949,4952,1536,55625,306000000,1728000
1791120479.5450,4952,1536,55718,306000000,1728000
1791120479.5951,4952,1528,55687,306000000,1728000
1791120479.6451,4952,1528,55625,306000000,1728000
1791120479.6952,4952,1520,55625,306000000,1728000
1791120479.7453,4952,1528,55718,306000000,1728000
1791120479.7954,4952,1520,55718,306000000,1728000
1791120479.8455,4952,1520,55656,306000000,1728000
1791120479.8956,4952,1536,55812,306000000,1728000
1791120479.9457,4952,1544,55531,306000000,1728000
1791120479.9958,4952,1544,55750,306000000,1728000
1791120480.0458,4952,1544,55843,306000000,1728000
1791120480.0959,4952,1536,55656,306000000,1728000
1791120480.1460,4952,1528,55625,306000000,1728000
1791120480.1961,4952,1528,55781,306000000,1728000
1791120480.2462,4952,1520,55656,306000000,1728000
1791120480.2962,4952,1528,55531,306000000,1728000
1791120480.3463,4952,1520,55718,306000000,1728000
1791120480.3964,4952,1528,55656,306000000,1728000
1791120480.4465,4952,1528,55687,306000000,1728000
1791120480.4966,4952,1544,55656,306000000,1728000
1791120480.5467,4952,1536,55656,306000000,1728000
1791120480.5968,4952,1536,55625,306000000,1728000
1791120480.6469,4952,1528,55687,306000000,1728000
1791120480.6970,4952,1536,55625,306000000,1728000
1791120480.7471,4952,1536,55781,306000000,1728000
1791120480.7972,4952,1528,55718,306000000,1728000
1791120480.8472,4952,1520,55656,306000000,1728000
1791120480.8973,4952,1520,55687,306000000,1728000
1791120480.9474,4952,1520,55625,306000000,1728000
1791120480.9975,4952,1528,55656,306000000,1728000
1791120481.0476,4952,1544,55625,306000000,1728000
1791120481.0977,4952,1536,55718,306000000,1728000
1791120481.1478,4952,1536,55750,306000000,1728000
1791120481.1979,4952,1528,55687,306000000,1728000
1791120481.2479,4952,1536,55718,306000000,1728000
1791120481.2980,4952,1528,55750,306000000,1728000
1791120481.3481,4952,1528,55750,306000000,1728000
1791120481.3982,4952,1528,55718,306000000,1728000
1791120481.4482,4952,1528,55718,306000000,1728000
1791120481.4983,4952,1528,55687,306000000,1728000
1791120481.5484,4952,1520,55718,306000000,1728000
1791120481.5985,4952,1536,55875,306000000,1728000
1791120481.6486,4952,1544,55656,306000000,1728000
1791120481.6987,4952,1536,55781,306000000,1728000
1791120481.7488,4952,1536,55937,306000000,1728000
1791120481.7989,4952,1528,55781,306000000,1728000
1791120481.8489,4952,1536,55593,306000000,1728000
1791120481.8990,4952,1528,55718,306000000,1728000
1791120481.9491,4952,1536,55812,306000000,1728000
1791120481.9992,4952,1536,55687,306000000,1728000
1791120482.0493,4952,1536,55781,306000000,1728000
1791120482.0994,4952,1536,55656,306000000,1728000
1791120482.1495,4952,1536,56000,306000000,1728000
1791120482.1996,4952,1536,55718,306000000,1728000
1791120482.2497,4952,1528,55656,306000000,1728000
1791120482.2998,4952,1528,55656,306000000,1728000
1791120482.3499,4952,1528,55718,306000000,1728000
1791120482.3999,4952,1528,55687,306000000,1728000
1791120482.4500,4952,1536,55656,306000000,1728000
1791120482.5001,4952,1536,55656,306000000,1728000
1791120482.5502,4952,1528,55718,306000000,1728000
1791120482.6003,4952,1536,55812,306000000,1728000
1791120482.6504,4952,1528,55656,306000000,1728000
1791120482.7005,4952,1544,55843,306000000,1728000
1791120482.7506,4952,1544,55718,306000000,1728000
1791120482.8007,4952,1544,55781,306000000,1728000
1791120482.8508,4952,1544,55906,306000000,1728000
1791120482.9009,4952,1544,55687,306000000,1728000
1791120482.9509,4952,1544,55687,306000000,1728000
1791120483.0010,4952,1536,55781,306000000,1728000
1791120483.0511,4952,1544,55625,306000000,1728000
1791120483.1012,4952,1536,55687,306000000,1728000
1791120483.1513,4952,1536,55812,306000000,1728000
1791120483.2014,4952,1536,55562,306000000,1728000
1791120483.2515,4952,1544,55750,306000000,1728000
1791120483.3016,4952,1552,55906,306000000,1728000
1791120483.3517,4952,1544,55687,306000000,1728000
1791120483.4018,4952,1536,55718,306000000,1728000
1791120483.4519,4952,1536,55718,306000000,1728000
1791120483.5019,4952,1528,55656,306000000,1728000
1791120483.5520,4952,1536,55656,306000000,1728000
1791120483.6021,4952,1536,55812,306000000,1728000
1791120483.6522,4952,1536,55625,306000000,1728000
1791120483.7023,4952,1536,55812,306000000,1728000
1791120483.7524,4952,1536,55687,306000000,1728000
1791120483.8025,4952,1536,55812,306000000,1728000
1791120483.8526,4952,1544,55718,306000000,1728000
1791120483.9027,4952,1544,55718,306000000,1728000
1791120483.9528,4952,1544,55812,306000000,1728000
1791120484.0029,4952,1544,55718,306000000,1728000
1791120484.0530,4952,1544,55750,306000000,1728000
1791120484.1030,4952,1544,55687,306000000,1728000
1791120484.1531,4952,1544,55750,306000000,1728000
1791120484.2032,4952,1544,55687,306000000,1728000
1791120484.2533,4952,1536,55781,306000000,1728000
1791120484.3034,4952,1536,55718,306000000,1728000
1791120484.3535,4952,1536,55687,306000000,1728000
1791120484.4036,4952,1544,55781,306000000,1728000
1791120484.4537,4952,1544,55750,306000000,1728000
1791120484.5038,4952,1536,55843,306000000,1728000
1791120484.5539,4952,1536,55750,306000000,1728000
1791120484.6040,4952,1528,55812,306000000,1728000
1791120484.6540,4952,1536,55812,306000000,1728000
1791120484.7041,4952,1536,55906,306000000,1728000
1791120484.7542,4952,1536,55750,306000000,1728000
1791120484.8043,4952,1536,55750,306000000,1728000
1791120484.8544,4952,1528,55937,306000000,1728000
1791120484.9045,4952,1536,55718,306000000,1728000
1791120484.9546,4952,1536,55687,306000000,1728000
1791120485.0047,4952,1536,55687,306000000,1728000
1791120485.0548,4952,1544,55812,306000000,1728000
1791120485.1049,4952,1544,55718,306000000,1728000
1791120485.1549,4952,1536,55750,306000000,1728000
1791120485.2050,4952,1536,55687,306000000,1728000
1791120485.2551,4952,1536,55750,306000000,1728000
1791120485.3052,4952,1536,55750,306000000,1728000
1791120485.3553,4952,1536,55750,306000000,1728000
1791120485.4054,4952,1528,55718,306000000,1728000
1791120485.4554,4952,1528,55656,306000000,1728000
1791120485.5055,4952,1544,55875,306000000,1728000
1791120485.5556,4952,1544,55812,306000000,1728000
1791120485.6057,4952,1544,55750,306000000,1728000
1791120485.6558,4952,1544,55656,306000000,1728000
1791120485.7059,4952,1536,55843,306000000,1728000
1791120485.7560,4952,1528,55750,306000000,1728000
1791120485.8061,4952,1528,55812,306000000,1728000
1791120485.8562,4952,1528,55812,306000000,1728000
1791120485.9063,4952,1528,55750,306000000,1728000
1791120485.9564,4952,1528,55843,306000000,1728000
1791120486.0065,4952,1520,55625,306000000,1728000
1791120486.0565,4952,1544,55843,306000000,1728000
1791120486.1066,4952,1536,55843,306000000,1728000
1791120486.1567,4952,1536,55750,306000000,1728000
1791120486.2068,4952,1536,55718,306000000,1728000
1791120486.2569,4952,1536,55937,306000000,1728000
1791120486.3070,4952,1536,55625,306000000,1728000
1791120486.3571,4952,1536,55781,306000000,1728000
1791120486.4072,4952,1536,55875,306000000,1728000
1791120486.4572,4952,1528,55718,306000000,1728000
1791120486.5073,4952,1536,55812,306000000,1728000
1791120486.5574,4952,1536,55750,306000000,1728000
1791120486.6075,4952,1544,55750,306000000,1728000
1791120486.6576,4952,1544,55781,306000000,1728000
1791120486.7077,4952,1536,55718,306000000,1728000
1791120486.7578,4952,1544,55750,306000000,1728000
1791120486.8078,4952,1536,55750,306000000,1728000
1791120486.8579,4952,1536,55812,306000000,1728000
1791120486.9080,4952,1536,55625,306000000,1728000
1791120486.9581,4952,1528,55843,306000000,1728000
1791120487.0082,4952,1536,55750,306000000,1728000
1791120487.0583,4952,1528,55843,306000000,1728000
1791120487.1084,4952,1536,55750,306000000,1728000
1791120487.1585,4952,1544,55937,306000000,1728000
1791120487.2086,4952,1552,55906,306000000,1728000
1791120487.2587,4952,1544,55750,306000000,1728000
1791120487.3088,4952,1544,55875,306000000,1728000
1791120487.3588,4952,1536,55812,306000000,1728000
1791120487.4089,4952,1536,55781,306000000,1728000
1791120487.4590,4952,1528,55812,306000000,1728000
1791120487.5091,4952,1528,55812,306000000,1728000
1791120487.5592,4952,1504,55656,306000000,1728000
1791120487.6093,4960,1480,55875,306000000,1728000
1791120487.6594,4960,1448,55843,306000000,1728000
1791120487.7095,4960,1440,55812,306000000,1728000
1791120487.7596,4960,1424,55843,306000000,1728000
1791120487.8097,4960,1432,55875,306000000,1728000
1791120487.8598,4960,1432,55812,306000000,1728000
1791120487.9098,4960,1448,55781,306000000,1728000
1791120487.9599,4960,1448,55812,306000000,1728000
1791120488.0100,4960,1456,55718,306000000,1728000
1791120488.0601,4960,1464,55781,306000000,1728000
1791120488.1102,4960,1480,55718,306000000,1728000
1791120488.1603,4960,1480,55812,306000000,1728000
1791120488.2104,4952,1480,55718,306000000,1728000
1791120488.2604,4952,1496,55843,306000000,1728000
1791120488.3105,4952,1504,55843,306000000,1728000
1791120488.3606,4952,1512,55687,306000000,1728000
1791120488.4107,4952,1504,55812,306000000,1728000
1791120488.4608,4952,1504,55687,306000000,1728000
1791120488.5109,4952,1512,55781,306000000,1728000
1791120488.5610,4952,1504,55906,306000000,1728000
1791120488.6111,4952,1504,55812,306000000,1728000
1791120488.6612,4952,1504,55750,306000000,1728000
1791120488.7113,4952,1504,55718,306000000,1728000
1791120488.7613,4952,1504,55843,306000000,1728000
1791120488.8114,4952,1512,55781,306000000,1728000
1791120488.8615,4952,1520,55812,306000000,1728000
1791120488.9116,4952,1528,55843,306000000,1728000
1791120488.9617,4952,1528,55750,306000000,1728000
1791120489.0118,4952,1520,55718,306000000,1728000
1791120489.0619,4952,1520,55843,306000000,1728000
1791120489.1120,4952,1528,55781,306000000,1728000
1791120489.1621,4952,1528,55812,306000000,1728000
1791120489.2122,4952,1528,55875,306000000,1728000
1791120489.2622,4952,1528,55750,306000000,1728000
1791120489.3123,4952,1528,55781,306000000,1728000
1791120489.3624,4952,1528,55937,306000000,1728000
1791120489.4125,4952,1544,55812,306000000,1728000
1791120489.4626,4952,1536,55812,306000000,1728000
1791120489.5127,4952,1536,56000,306000000,1728000
1791120489.5628,4952,1528,55687,306000000,1728000
1791120489.6129,4952,1528,55843,306000000,1728000
1791120489.6629,4952,1528,55875,306000000,1728000
1791120489.7130,4952,1528,55718,306000000,1728000
1791120489.7631,4952,1520,55875,306000000,1728000
1791120489.8132,4952,1520,55781,306000000,1728000
1791120489.8633,4952,1520,55843,306000000,1728000
1791120489.9134,4952,1520,55843,306000000,1728000
1791120489.9635,4952,1528,55812,306000000,1728000
1791120490.0135,4952,1536,55750,306000000,1728000
1791120490.0637,4952,1536,55781,306000000,1728000
1791120490.1138,4952,1536,55937,306000000,1728000
1791120490.1638,4952,1544,55750,306000000,1728000
1791120490.2139,4952,1536,55812,306000000,1728000
1791120490.2640,4952,1536,55750,306000000,1728000
1791120490.3141,4952,1528,55875,306000000,1728000
1791120490.3642,4952,1528,55843,306000000,1728000
1791120490.4143,4952,1528,55875,306000000,1728000
1791120490.4644,4952,1520,55781,306000000,1728000
1791120490.5145,4952,1536,55781,306000000,1728000
1791120490.5646,4952,1536,55812,306000000,1728000
1791120490.6147,4952,1528,55843,306000000,1728000
1791120490.6647,4952,1520,55906,306000000,1728000
1791120490.7148,4952,1528,55812,306000000,1728000
1791120490.7649,4952,1520,55843,306000000,1728000
1791120490.8150,4952,1528,55718,306000000,1728000
1791120490.8651,4952,1520,55812,306000000,1728000
1791120490.9152,4952,1528,55906,306000000,1728000
1791120490.9652,4952,1528,55781,306000000,1728000
1791120491.0153,4952,1528,55781,306000000,1728000
1791120491.0654,4952,1536,56000,306000000,1728000
1791120491.1155,4952,1536,55875,306000000,1728000
1791120491.1656,4952,1544,55906,306000000,1728000
1791120491.2157,4952,1544,55875,306000000,1728000
1791120491.2658,4952,1544,55781,306000000,1728000
1791120491.3159,4952,1536,55812,306000000,1728000
1791120491.3660,4952,1536,55718,306000000,1728000
1791120491.4161,4952,1528,55781,306000000,1728000
1791120491.4662,4952,1528,55781,306000000,1728000
1791120491.5163,4952,1528,55781,306000000,1728000
1791120491.5663,4952,1528,55843,306000000,1728000
1791120491.6164,4952,1528,55906,306000000,1728000
1791120491.6665,4952,1536,56093,306000000,1728000
1791120491.7166,4952,1536,55812,306000000,1728000
1791120491.7667,4952,1528,55937,306000000,1728000
1791120491.8168,4952,1528,55906,306000000,1728000
1791120491.8669,4952,1528,55875,306000000,1728000
1791120491.9169,4952,1528,56062,306000000,1728000
1791120491.9670,4952,1528,55843,306000000,1728000
1791120492.0171,4952,1528,56000,306000000,1728000
1791120492.0672,4952,1528,55843,306000000,1728000
1791120492.1173,4952,1528,55937,306000000,1728000
1791120492.1674,4952,1536,55906,306000000,1728000
1791120492.2175,4952,1552,56000,306000000,1728000
1791120492.2676,4952,1544,55843,306000000,1728000
1791120492.3177,4952,1552,55875,306000000,1728000
1791120492.3678,4952,1544,55937,306000000,1728000
1791120492.4178,4952,1544,55906,306000000,1728000
1791120492.4679,4952,1536,56125,306000000,1728000
1791120492.5180,4952,1536,55812,306000000,1728000
1791120492.5681,4952,1536,55968,306000000,1728000
1791120492.6182,4952,1536,56000,306000000,1728000
1791120492.6683,4952,1536,55937,306000000,1728000
1791120492.7184,4952,1544,56031,306000000,1728000
1791120492.7684,4952,1536,56031,306000000,1728000
1791120492.8185,4952,1536,55812,306000000,1728000
1791120492.8686,4952,1536,55937,306000000,1728000
1791120492.9187,4952,1528,55906,306000000,1728000
1791120492.9688,4952,1528,55812,306000000,1728000
1791120493.0189,4952,1528,55968,306000000,1728000
1791120493.0690,4952,1528,55812,306000000,1728000
1791120493.1191,4952,1528,55875,306000000,1728000
1791120493.1691,4952,1528,56062,306000000,1728000
1791120493.2197,4952,1528,55968,306000000,1728000
1791120493.2697,4952,1544,56312,306000000,1728000
1791120493.3198,4952,1536,55812,306000000,1728000
1791120493.3699,4952,1544,55812,306000000,1728000
1791120493.4200,4952,1544,55875,306000000,1728000
1791120493.4701,4952,1536,55937,306000000,1728000
1791120493.5202,4952,1536,55843,306000000,1728000
1791120493.5703,4952,1528,56000,306000000,1728000
1791120493.6203,4952,1528,55906,306000000,1728000
1791120493.6704,4952,1528,55906,306000000,1728000
1791120493.7205,4952,1528,55968,306000000,1728000
1791120493.7706,4952,1528,55937,306000000,1728000
1791120493.8207,4952,1536,56218,306000000,1728000
1791120493.8708,4952,1536,56000,306000000,1728000
1791120493.9208,4952,1536,55906,306000000,1728000
1791120493.9709,4952,1536,55906,306000000,1728000
1791120494.0210,4952,1536,56062,306000000,1728000
1791120494.0711,4952,1536,55906,306000000,1728000
1791120494.1212,4952,1536,55906,306000000,1728000
1791120494.1712,4952,1528,56031,306000000,1728000
1791120494.2213,4952,1528,55906,306000000,1728000
1791120494.2714,4952,1536,56125,306000000,1728000
1791120494.3215,4952,1536,55968,306000000,1728000
1791120494.3716,4952,1544,56218,306000000,1728000
1791120494.4217,4952,1544,55906,306000000,1728000
1791120494.4717,4952,1544,55937,306000000,1728000
1791120494.5218,4952,1536,55781,306000000,1728000
1791120494.5719,4952,1536,55937,306000000,1728000
1791120494.6229,4952,1528,55781,306000000,1728000
1791120494.6729,4952,1528,55875,306000000,1728000
1791120494.7230,4952,1520,55750,306000000,1728000
1791120494.7731,4952,1520,55875,306000000,1728000
1791120494.8232,4952,1520,55843,306000000,1728000
1791120494.8733,4952,1520,55875,306000000,1728000
1791120494.9234,4952,1528,56031,306000000,1728000
1791120494.9735,4952,1528,55906,306000000,1728000
1791120495.0236,4952,1528,55906,306000000,1728000
1791120495.0736,4952,1536,55875,306000000,1728000
1791120495.1237,4952,1528,55937,306000000,1728000
1791120495.1738,4952,1536,55843,306000000,1728000
1791120495.2239,4952,1528,55875,306000000,1728000
1791120495.2740,4952,1536,55937,306000000,1728000
1791120495.3241,4952,1536,55906,306000000,1728000
1791120495.3742,4952,1536,55843,306000000,1728000
1791120495.4243,4952,1536,56000,306000000,1728000
1791120495.4743,4952,1536,56031,306000000,1728000
1791120495.5244,4952,1544,55937,306000000,1728000
1791120495.5745,4952,1544,56031,306000000,1728000
1791120495.6246,4952,1536,55906,306000000,1728000
1791120495.6747,4952,1536,55875,306000000,1728000
1791120495.7248,4952,1528,56031,306000000,1728000
1791120495.7749,4952,1528,55906,306000000,1728000
1791120495.8249,4952,1528,55843,306000000,1728000
1791120495.8750,4952,1528,56031,306000000,1728000
1791120495.9251,4952,1528,55937,306000000,1728000
1791120495.9752,4952,1520,55875,306000000,1728000
1791120496.0253,4952,1528,55937,306000000,1728000
1791120496.0754,4952,1536,56000,306000000,1728000
1791120496.1255,4952,1528,55875,306000000,1728000
1791120496.1756,4952,1536,55906,306000000,1728000
1791120496.2256,4952,1528,55968,306000000,1728000
1791120496.2757,4952,1528,55843,306000000,1728000
1791120496.3258,4952,1536,55843,306000000,1728000
1791120496.3759,4952,1536,56000,306000000,1728000
1791120496.4260,4952,1544,56031,306000000,1728000
1791120496.4761,4952,1536,55937,306000000,1728000
1791120496.5262,4952,1536,55906,306000000,1728000
1791120496.5763,4952,1536,55968,306000000,1728000
1791120496.6264,4952,1552,55906,306000000,1728000
1791120496.6765,4952,1552,55968,306000000,1728000
1791120496.7266,4952,1544,55937,306000000,1728000
1791120496.7766,4952,1544,55875,306000000,1728000
1791120496.8267,4952,1536,55968,306000000,1728000
1791120496.8768,4952,1536,55843,306000000,1728000
1791120496.9269,4952,1536,55968,306000000,1728000
1791120496.9770,4952,1528,55968,306000000,1728000
1791120497.0271,4952,1528,55906,306000000,1728000
1791120497.0772,4952,1520,55875,306000000,1728000
1791120497.1273,4952,1536,56000,306000000,1728000
1791120497.1774,4952,1544,55875,306000000,1728000
1791120497.2275,4952,1544,55937,306000000,1728000
1791120497.2775,4952,1536,56062,306000000,1728000
1791120497.3276,4952,1544,55843,306000000,1728000
1791120497.3777,4952,1544,55968,306000000,1728000
1791120497.4278,4952,1536,56062,306000000,1728000
1791120497.4779,4952,1536,55875,306000000,1728000
1791120497.5280,4952,1528,55968,306000000,1728000
1791120497.5781,4952,1528,55906,306000000,1728000
1791120497.6282,4952,1528,55906,306000000,1728000
1791120497.6782,4952,1536,56000,306000000,1728000
1791120497.7283,4952,1536,56031,306000000,1728000
1791120497.7784,4952,1544,55781,306000000,1728000
1791120497.8285,4952,1536,55937,306000000,1728000
1791120497.8786,4952,1536,55906,306000000,1728000
1791120497.9287,4952,1536,55906,306000000,1728000
1791120497.9787,4952,1528,55812,306000000,1728000
1791120498.0288,4952,1528,55968,306000000,1728000
1791120498.0789,4952,1528,55937,306000000,1728000
1791120498.1290,4952,1528,55937,306000000,1728000
1791120498.1791,4952,1528,56000,306000000,1728000
1791120498.2292,4952,1528,55906,306000000,1728000
1791120498.2793,4952,1536,56000,306000000,1728000
1791120498.3293,4952,1528,55875,306000000,1728000
1791120498.3794,4952,1536,56000,306000000,1728000
1791120498.4295,4952,1536,55812,306000000,1728000
1791120498.4796,4952,1528,55937,306000000,1728000
1791120498.5297,4952,1536,56000,306000000,1728000
1791120498.5798,4952,1528,55906,306000000,1728000
1791120498.6299,4952,1536,56000,306000000,1728000
1791120498.6799,4952,1520,56062,306000000,1728000
1791120498.7300,4952,1528,56000,306000000,1728000
1791120498.7801,4952,1520,56031,306000000,1728000
1791120498.8302,4952,1536,56156,306000000,1728000
1791120498.8803,4952,1536,56031,306000000,1728000
1791120498.9304,4952,1536,56000,306000000,1728000
1791120498.9805,4952,1528,56062,306000000,1728000
1791120499.0306,4952,1528,55937,306000000,1728000
1791120499.0806,4952,1528,55906,306000000,1728000
1791120499.1307,4952,1528,55875,306000000,1728000
1791120499.1808,4952,1536,56031,306000000,1728000
1791120499.2309,4952,1528,55843,306000000,1728000
1791120499.2810,4952,1528,56031,306000000,1728000
1791120499.3311,4952,1528,55906,306000000,1728000
1791120499.3812,4952,1544,56031,306000000,1728000
1791120499.4312,4952,1552,55968,306000000,1728000
1791120499.4813,4952,1544,55906,306000000,1728000
1791120499.5314,4952,1544,55906,306000000,1728000
1791120499.5815,4952,1536,55875,306000000,1728000
1791120499.6316,4952,1536,55968,306000000,1728000
1791120499.6817,4952,1536,55906,306000000,1728000
1791120499.7318,4952,1536,56000,306000000,1728000
1791120499.7819,4952,1528,55937,306000000,1728000
1791120499.8319,4952,1528,56000,306000000,1728000
1791120499.8820,4952,1520,55875,306000000,1728000
1791120499.9321,4952,1536,56000,306000000,1728000
1791120499.9822,4952,1536,56062,306000000,1728000
1791120500.0323,4952,1536,55937,306000000,1728000
1791120500.0824,4952,1536,56000,306000000,1728000
1791120500.1324,4952,1536,55843,306000000,1728000
1791120500.1825,4952,1536,56031,306000000,1728000
1791120500.2326,4952,1536,56031,306000000,1728000
1791120500.2827,4952,1528,55968,306000000,1728000
1791120500.3328,4952,1528,56031,306000000,1728000
1791120500.3829,4952,1528,56062,306000000,1728000
1791120500.4330,4952,1536,55906,306000000,1728000
1791120500.4831,4952,1544,56062,306000000,1728000
1791120500.5332,4952,1552,56062,306000000,1728000
1791120500.5833,4952,1544,55937,306000000,1728000
1791120500.6334,4952,1536,55968,306000000,1728000
1791120500.6834,4952,1536,56062,306000000,1728000
1791120500.7335,4952,1536,55937,306000000,1728000
1791120500.7836,4952,1536,55968,306000000,1728000
1791120500.8337,4952,1536,56000,306000000,1728000
1791120500.8838,4952,1528,55906,306000000,1728000
1791120500.9339,4952,1536,55968,306000000,1728000
1791120500.9839,4952,1528,56031,306000000,1728000
1791120501.0340,4952,1536,55875,306000000,1728000
1791120501.0841,4952,1552,56062,306000000,1728000
1791120501.1342,4952,1552,55968,306000000,1728000
1791120501.1843,4952,1544,56000,306000000,1728000
1791120501.2344,4952,1536,55875,306000000,1728000
1791120501.2845,4952,1536,55937,306000000,1728000
1791120501.3346,4952,1536,55937,306000000,1728000
1791120501.3847,4952,1528,55968,306000000,1728000
1791120501.4347,4952,1536,56062,306000000,1728000
1791120501.4848,4952,1528,56000,306000000,1728000
1791120501.5349,4952,1536,56000,306000000,1728000
1791120501.5850,4952,1528,55937,306000000,1728000
1791120501.6352,4952,1544,56093,306000000,1728000
1791120501.6852,4952,1544,55937,306000000,1728000
1791120501.7353,4952,1544,56031,306000000,1728000
1791120501.7854,4952,1536,56062,306000000,1728000
1791120501.8355,4952,1528,56031,306000000,1728000
1791120501.8856,4952,1528,56000,306000000,1728000
1791120501.9357,4952,1528,56062,306000000,1728000
1791120501.9858,4952,1528,56031,306000000,1728000
1791120502.0358,4952,1528,55968,306000000,1728000
1791120502.0859,4952,1528,56062,306000000,1728000
1791120502.1360,4952,1520,55906,306000000,1728000
1791120502.1861,4952,1536,55968,306000000,1728000
1791120502.2362,4952,1536,55906,306000000,1728000
1791120502.2863,4952,1536,55937,306000000,1728000
1791120502.3364,4952,1536,55875,306000000,1728000
1791120502.3865,4952,1536,55937,306000000,1728000
1791120502.4365,4952,1528,56031,306000000,1728000
1791120502.4866,4952,1536,56000,306000000,1728000
1791120502.5367,4952,1536,56000,306000000,1728000
1791120502.5868,4952,1536,55906,306000000,1728000
1791120502.6369,4952,1536,55968,306000000,1728000
1791120502.6870,4952,1528,56031,306000000,1728000
1791120502.7371,4952,1544,55968,306000000,1728000
1791120502.7872,4952,1536,56031,306000000,1728000
1791120502.8372,4952,1536,55968,306000000,1728000
1791120502.8873,4952,1536,56093,306000000,1728000
1791120502.9374,4952,1536,55968,306000000,1728000
1791120502.9875,4952,1504,56093,306000000,1728000
1791120503.0376,4952,1480,55937,306000000,1728000
1791120503.0877,4960,1456,56000,306000000,1728000
1791120503.1377,4960,1440,56156,306000000,1728000
1791120503.1878,4960,1424,56000,306000000,1728000
1791120503.2379,4960,1400,55968,306000000,1728000
1791120503.2880,4960,1416,56031,306000000,1728000
1791120503.3381,4960,1440,56031,306000000,1728000
1791120503.3882,4960,1440,55875,306000000,1728000
1791120503.4383,4960,1456,56093,306000000,1728000
1791120503.4884,4960,1472,56093,306000000,1728000
1791120503.5385,4960,1472,55937,306000000,1728000
1791120503.5886,4952,1488,55968,306000000,1728000
1791120503.6387,4952,1488,56093,306000000,1728000
1791120503.6887,4952,1496,55937,306000000,1728000
1791120503.7388,4952,1496,56031,306000000,1728000
1791120503.7889,4952,1504,56031,306000000,1728000
1791120503.8390,4952,1512,55937,306000000,1728000
1791120503.8891,4952,1520,56031,306000000,1728000
1791120503.9392,4952,1520,55906,306000000,1728000
1791120503.9892,4952,1520,56031,306000000,1728000
1791120504.0393,4952,1520,55937,306000000,1728000
1791120504.0894,4952,1520,55968,306000000,1728000
1791120504.1395,4952,1520,55875,306000000,1728000
1791120504.1896,4952,1520,55968,306000000,1728000
1791120504.2397,4952,1520,56125,306000000,1728000
1791120504.2898,4952,1520,56000,306000000,1728000
1791120504.3398,4952,1512,56125,306000000,1728000
1791120504.3899,4952,1520,56031,306000000,1728000
1791120504.4400,4952,1528,56031,306000000,1728000
1791120504.4901,4952,1528,55968,306000000,1728000
1791120504.5402,4952,1528,56031,306000000,1728000
1791120504.5903,4952,1528,56062,306000000,1728000
1791120504.6404,4952,1528,56031,306000000,1728000
1791120504.6905,4952,1520,55968,306000000,1728000
1791120504.7406,4952,1520,56125,306000000,1728000
1791120504.7906,4952,1520,56093,306000000,1728000
1791120504.8407,4952,1520,56000,306000000,1728000
1791120504.8908,4952,1520,56093,306000000,1728000
1791120504.9409,4952,1528,56000,306000000,1728000
1791120504.9910,4952,1536,56062,306000000,1728000
1791120505.0411,4952,1536,56062,306000000,1728000
1791120505.0912,4952,1536,56062,306000000,1728000
1791120505.1413,4952,1528,56062,306000000,1728000
1791120505.1913,4952,1536,56125,306000000,1728000
1791120505.2414,4952,1528,56031,306000000,1728000
1791120505.2915,4952,1528,56031,306000000,1728000
1791120505.3416,4952,1528,56062,306000000,1728000
1791120505.3917,4952,1528,55906,306000000,1728000
1791120505.4418,4952,1520,56062,306000000,1728000
1791120505.4918,4952,1528,55875,306000000,1728000
1791120505.5419,4952,1544,56093,306000000,1728000
1791120505.5920,4952,1544,56000,306000000,1728000
1791120505.6421,4952,1528,55968,306000000,1728000
1791120505.6922,4952,1536,56156,306000000,1728000
1791120505.7423,4952,1528,56031,306000000,1728000
1791120505.7923,4952,1528,56125,306000000,1728000
1791120505.8424,4952,1520,55968,306000000,1728000
1791120505.8925,4952,1528,56031,306000000,1728000
1791120505.9426,4952,1520,56156,306000000,1728000
1791120505.9927,4952,1520,56000,306000000,1728000
1791120506.0427,4952,1520,55937,306000000,1728000
1791120506.0931,4952,1536,56000,306000000,1728000
1791120506.1432,4952,1544,56125,306000000,1728000
1791120506.1932,4952,1528,55968,306000000,1728000
1791120506.2433,4952,1536,56156,306000000,1728000
1791120506.2934,4952,1528,56062,306000000,1728000
1791120506.3435,4952,1528,55968,306000000,1728000
1791120506.3936,4952,1528,56000,306000000,1728000
1791120506.4437,4952,1520,56093,306000000,1728000
1791120506.4937,4952,1520,56000,306000000,1728000
1791120506.5438,4952,1528,56062,306000000,1728000
1791120506.5939,4952,1528,56156,306000000,1728000
1791120506.6440,4952,1544,56031,306000000,1728000
1791120506.6941,4952,1544,56156,306000000,1728000
1791120506.7442,4952,1536,56125,306000000,1728000
1791120506.7943,4952,1544,56031,306000000,1728000
1791120506.8444,4952,1528,56062,306000000,1728000
1791120506.8944,4952,1528,56218,306000000,1728000
1791120506.9445,4952,1528,55968,306000000,1728000
1791120506.9946,4952,1536,56000,306000000,1728000
1791120507.0447,4952,1528,56187,306000000,1728000
1791120507.0948,4952,1528,56031,306000000,1728000
1791120507.1449,4952,1528,56125,306000000,1728000
1791120507.1950,4952,1536,56125,306000000,1728000
1791120507.2451,4952,1536,56125,306000000,1728000
1791120507.2951,4952,1536,56000,306000000,1728000
1791120507.3452,4952,1536,56031,306000000,1728000
1791120507.3953,4952,1528,55906,306000000,1728000
1791120507.4454,4952,1528,56000,306000000,1728000
1791120507.4955,4952,1528,55968,306000000,1728000
1791120507.5456,4952,1528,56000,306000000,1728000
1791120507.5957,4952,1528,56125,306000000,1728000
1791120507.6458,4952,1536,56031,306000000,1728000
1791120507.6958,4952,1528,56093,306000000,1728000
1791120507.7459,4952,1536,56093,306000000,1728000
1791120507.7960,4952,1544,56031,306000000,1728000
1791120507.8461,4952,1544,56062,306000000,1728000
1791120507.8962,4952,1544,56031,306000000,1728000
1791120507.9463,4952,1536,56000,306000000,1728000
1791120507.9964,4952,1536,56062,306000000,1728000
1791120508.0465,4952,1528,56031,306000000,1728000
1791120508.0965,4952,1528,56062,306000000,1728000
1791120508.1466,4952,1528,56156,306000000,1728000
1791120508.1967,4952,1528,56031,306000000,1728000
1791120508.2468,4952,1520,56031,306000000,1728000
1791120508.2969,4952,1520,56218,306000000,1728000
1791120508.3470,4952,1536,56093,306000000,1728000
1791120508.3971,4952,1536,56125,306000000,1728000
1791120508.4472,4952,1528,56218,306000000,1728000
1791120508.4972,4952,1536,56125,306000000,1728000
1791120508.5473,4952,1528,56062,306000000,1728000
1791120508.5974,4952,1528,56218,306000000,1728000
1791120508.6475,4952,1528,56093,306000000,1728000
1791120508.6976,4952,1528,56062,306000000,1728000
1791120508.7477,4952,1528,56000,306000000,1728000
1791120508.7978,4952,1528,56031,306000000,1728000
1791120508.8479,4952,1528,56062,306000000,1728000
1791120508.8979,4952,1536,56062,306000000,1728000
1791120508.9480,4952,1528,56125,306000000,1728000
1791120508.9981,4952,1528,56000,306000000,1728000
1791120509.0482,4952,1520,56156,306000000,1728000
1791120509.0983,4952,1528,56031,306000000,1728000
1791120509.1484,4952,1520,56062,306000000,1728000
1791120509.1985,4952,1528,56000,306000000,1728000
1791120509.2485,4952,1528,56062,306000000,1728000
1791120509.2986,4952,1528,56000,306000000,1728000
1791120509.3487,4952,1520,56062,306000000,1728000
1791120509.3988,4952,1520,56125,306000000,1728000
1791120509.4489,4952,1544,56031,306000000,1728000
1791120509.4990,4952,1536,56187,306000000,1728000
1791120509.5490,4952,1536,56187,306000000,1728000
1791120509.5991,4952,1536,56125,306000000,1728000
1791120509.6492,4952,1544,56062,306000000,1728000
1791120509.6993,4952,1544,56125,306000000,1728000
1791120509.7494,4952,1536,56062,306000000,1728000
1791120509.7994,4952,1536,56125,306000000,1728000
1791120509.8495,4952,1536,56250,306000000,1728000
1791120509.8996,4952,1528,56031,306000000,1728000
1791120509.9497,4952,1536,56218,306000000,1728000
1791120509.9998,4952,1544,56406,306000000,1728000
1791120510.0499,4952,1544,56093,306000000,1728000
1791120510.0999,4952,1536,56187,306000000,1728000
1791120510.1500,4952,1536,56062,306000000,1728000
1791120510.2001,4952,1536,55968,306000000,1728000
1791120510.2502,4952,1536,56062,306000000,1728000
1791120510.3003,4952,1528,56125,306000000,1728000
1791120510.3504,4952,1528,56062,306000000,1728000
1791120510.4005,4952,1528,56218,306000000,1728000
1791120510.4506,4952,1528,56031,306000000,1728000
1791120510.5006,4952,1528,56156,306000000,1728000
1791120510.5507,4952,1536,56250,306000000,1728000
1791120510.6008,4952,1544,56156,306000000,1728000
1791120510.6509,4952,1544,56000,306000000,1728000
1791120510.7010,4952,1544,56093,306000000,1728000
1791120510.7511,4952,1544,56062,306000000,1728000
1791120510.8012,4952,1528,56031,306000000,1728000
1791120510.8513,4952,1536,56156,306000000,1728000
1791120510.9014,4952,1528,56093,306000000,1728000
1791120510.9515,4952,1536,56125,306000000,1728000
1791120511.0016,4952,1520,56062,306000000,1728000
1791120511.0517,4952,1528,56125,306000000,1728000
1791120511.1017,4952,1536,56375,306000000,1728000
1791120511.1518,4952,1536,56062,306000000,1728000
1791120511.2019,4952,1528,56062,306000000,1728000
1791120511.2520,4952,1536,56218,306000000,1728000
1791120511.3021,4952,1528,56156,306000000,1728000
1791120511.3522,4952,1536,56187,306000000,1728000
1791120511.4023,4952,1528,56312,306000000,1728000
1791120511.4524,4952,1528,56062,306000000,1728000
1791120511.5024,4952,1528,56125,306000000,1728000
1791120511.5525,4952,1528,56218,306000000,1728000
1791120511.6026,4952,1528,56062,306000000,1728000
1791120511.6527,4952,1536,56312,306000000,1728000
1791120511.7028,4952,1544,56062,306000000,1728000
1791120511.7529,4952,1536,56218,306000000,1728000
1791120511.8030,4952,1536,56031,306000000,1728000
1791120511.8531,4952,1528,56187,306000000,1728000
1791120511.9032,4952,1528,56031,306000000,1728000
1791120511.9533,4952,1520,56062,306000000,1728000
1791120512.0034,4952,1520,56062,306000000,1728000
1791120512.0534,4952,1520,56093,306000000,1728000
1791120512.1035,4952,1520,56031,306000000,1728000
1791120512.1536,4952,1512,56062,306000000,1728000
1791120512.2037,4952,1528,56156,306000000,1728000
1791120512.2538,4952,1536,56031,306000000,1728000
1791120512.3039,4952,1536,56125,306000000,1728000
1791120512.3540,4952,1528,56062,306000000,1728000
1791120512.4040,4952,1528,56125,306000000,1728000
1791120512.4541,4952,1528,56125,306000000,1728000
1791120512.5042,4952,1528,56125,306000000,1728000
1791120512.5543,4952,1520,56031,306000000,1728000
1791120512.6044,4952,1520,56125,306000000,1728000
1791120512.6545,4952,1512,56187,306000000,1728000
1791120512.7046,4952,1528,56062,306000000,1728000
1791120512.7547,4952,1528,56250,306000000,1728000
1791120512.8048,4952,1544,56281,306000000,1728000
1791120512.8549,4952,1544,56187,306000000,1728000
1791120512.9050,4952,1544,56156,306000000,1728000
1791120512.9550,4952,1544,56156,306000000,1728000
1791120513.0051,4952,1536,56125,306000000,1728000
1791120513.0552,4952,1536,56125,306000000,1728000
1791120513.1053,4952,1528,56250,306000000,1728000
1791120513.1554,4952,1528,56187,306000000,1728000
1791120513.2055,4952,1528,56218,306000000,1728000
1791120513.2555,4952,1528,56062,306000000,1728000
1791120513.3056,4952,1536,56156,306000000,1728000
1791120513.3557,4952,1552,56062,306000000,1728000
1791120513.4058,4952,1544,56062,306000000,1728000
1791120513.4559,4952,1544,56093,306000000,1728000
1791120513.5060,4952,1544,56031,306000000,1728000
1791120513.5561,4952,1536,56093,306000000,1728000
1791120513.6062,4952,1544,56031,306000000,1728000
1791120513.6562,4952,1536,56187,306000000,1728000
1791120513.7063,4952,1536,56031,306000000,1728000
1791120513.7564,4952,1536,56156,306000000,1728000
1791120513.8065,4952,1536,56062,306000000,1728000
1791120513.8566,4952,1528,56156,306000000,1728000
1791120513.9067,4952,1544,56062,306000000,1728000
1791120513.9568,4952,1544,56062,306000000,1728000
1791120514.0069,4952,1536,56093,306000000,1728000
1791120514.0569,4952,1536,56093,306000000,1728000
1791120514.1071,4952,1536,56187,306000000,1728000
1791120514.1571,4952,1528,56125,306000000,1728000
1791120514.2072,4952,1528,56281,306000000,1728000
1791120514.2573,4952,1520,56093,306000000,1728000
1791120514.3074,4952,1528,56125,306000000,1728000
1791120514.3574,4952,1520,56125,306000000,1728000
1791120514.4075,4952,1528,56187,306000000,1728000
1791120514.4576,4952,1544,56187,306000000,1728000
1791120514.5077,4952,1544,56312,306000000,1728000
1791120514.5578,4952,1544,56218,306000000,1728000
1791120514.6079,4952,1536,56093,306000000,1728000
1791120514.6580,4952,1536,56343,306000000,1728000
1791120514.7081,4952,1536,56125,306000000,1728000
1791120514.7582,4952,1536,56218,306000000,1728000
1791120514.8083,4952,1536,56187,306000000,1728000
1791120514.8584,4952,1536,56187,306000000,1728000
1791120514.9085,4952,1536,56156,306000000,1728000
1791120514.9586,4952,1528,56093,306000000,1728000
1791120515.0086,4952,1536,56500,306000000,1728000
1791120515.0587,4952,1544,56093,306000000,1728000
1791120515.1088,4952,1544,56218,306000000,1728000
1791120515.1589,4952,1536,56156,306000000,1728000
1791120515.2090,4952,1536,56218,306000000,1728000
1791120515.2591,4952,1528,56062,306000000,1728000
1791120515.3092,4952,1528,56125,306000000,1728000
1791120515.3593,4952,1520,56125,306000000,1728000
1791120515.4093,4952,1528,56156,306000000,1728000
1791120515.4594,4952,1520,56281,306000000,1728000
1791120515.5095,4952,1528,56125,306000000,1728000
1791120515.5596,4952,1536,56375,306000000,1728000
1791120515.6097,4952,1544,56062,306000000,1728000
1791120515.6598,4952,1528,56156,306000000,1728000
1791120515.7099,4952,1536,56156,306000000,1728000
1791120515.7599,4952,1528,56125,306000000,1728000
1791120515.8100,4952,1536,56093,306000000,1728000
1791120515.8601,4952,1536,56156,306000000,1728000
1791120515.9102,4952,1528,56281,306000000,1728000
1791120515.9603,4952,1536,56156,306000000,1728000
1791120516.0104,4952,1528,56281,306000000,1728000
1791120516.0604,4952,1528,56281,306000000,1728000
1791120516.1105,4952,1528,56250,306000000,1728000
1791120516.1606,4952,1544,56218,306000000,1728000
1791120516.2107,4952,1536,56281,306000000,1728000
1791120516.2608,4952,1536,56062,306000000,1728000
1791120516.3109,4952,1536,56187,306000000,1728000
1791120516.3610,4952,1536,56093,306000000,1728000
1791120516.4111,4952,1536,56125,306000000,1728000
1791120516.4612,4952,1536,56250,306000000,1728000
1791120516.5112,4952,1528,56187,306000000,1728000
1791120516.5613,4952,1528,56218,306000000,1728000
1791120516.6114,4952,1520,56125,306000000,1728000
1791120516.6615,4952,1536,56093,306000000,1728000
1791120516.7116,4952,1536,56093,306000000,1728000
1791120516.7617,4952,1544,56093,306000000,1728000
1791120516.8118,4952,1552,56218,306000000,1728000
1791120516.8619,4952,1552,56187,306000000,1728000
1791120516.9120,4952,1552,56281,306000000,1728000
1791120516.9621,4952,1544,56093,306000000,1728000
1791120517.0122,4952,1544,56250,306000000,1728000
1791120517.0623,4952,1536,56156,306000000,1728000
1791120517.1123,4952,1536,56218,306000000,1728000
1791120517.1624,4952,1528,56125,306000000,1728000
1791120517.2125,4952,1536,56187,306000000,1728000
1791120517.2626,4952,1544,56218,306000000,1728000
1791120517.3127,4952,1544,56125,306000000,1728000
1791120517.3628,4952,1536,56250,306000000,1728000
1791120517.4129,4952,1536,56125,306000000,1728000
1791120517.4629,4952,1536,56312,306000000,1728000
1791120517.5130,4952,1536,56125,306000000,1728000
1791120517.5631,4952,1536,56281,306000000,1728000
1791120517.6132,4952,1536,56312,306000000,1728000
1791120517.6633,4952,1536,56218,306000000,1728000
1791120517.7134,4952,1536,56187,306000000,1728000
1791120517.7634,4952,1536,56343,306000000,1728000
1791120517.8135,4952,1544,56281,306000000,1728000
1791120517.8636,4952,1552,56281,306000000,1728000
1791120517.9137,4952,1552,56281,306000000,1728000
1791120517.9638,4952,1544,56187,306000000,1728000
1791120518.0139,4952,1544,56281,306000000,1728000
1791120518.0639,4952,1536,56156,306000000,1728000
1791120518.1140,4952,1536,56218,306000000,1728000
1791120518.1641,4952,1536,56250,306000000,1728000
1791120518.2142,4952,1536,56250,306000000,1728000
1791120518.2643,4952,1528,56312,306000000,1728000
1791120518.3144,4952,1536,56093,306000000,1728000
1791120518.3645,4952,1544,56312,306000000,1728000
1791120518.4145,4952,1544,56250,306000000,1728000
1791120518.4646,4952,1536,56281,306000000,1728000
1791120518.5147,4952,1536,56062,306000000,1728000
1791120518.5648,4952,1528,56218,306000000,1728000
1791120518.6149,4952,1528,56156,306000000,1728000
1791120518.6650,4952,1520,56187,306000000,1728000
1791120518.7151,4952,1528,56312,306000000,1728000
1791120518.7651,4952,1536,56125,306000000,1728000
1791120518.8152,4952,1528,56250,306000000,1728000
1791120518.8653,4952,1536,56125,306000000,1728000
1791120518.9154,4952,1544,56343,306000000,1728000
1791120518.9655,4952,1544,56250,306000000,1728000
1791120519.0156,4952,1536,56312,306000000,1728000
1791120519.0657,4952,1536,56062,306000000,1728000
1791120519.1157,4952,1536,56218,306000000,1728000
1791120519.1658,4952,1528,56312,306000000,1728000
1791120519.2159,4952,1528,56156,306000000,1728000
1791120519.2660,4952,1528,56250,306000000,1728000
1791120519.3161,4952,1528,56281,306000000,1728000
1791120519.3661,4952,1528,56281,306000000,1728000
1791120519.4162,4952,1528,56250,306000000,1728000
1791120519.4663,4952,1536,56218,306000000,1728000
1791120519.5164,4952,1536,56156,306000000,1728000
1791120519.5665,4952,1536,56250,306000000,1728000
1791120519.6165,4952,1536,56156,306000000,1728000
1791120519.6666,4952,1536,56218,306000000,1728000
1791120519.7167,4952,1528,56312,306000000,1728000
1791120519.7668,4952,1536,56125,306000000,1728000
1791120519.8169,4952,1528,56250,306000000,1728000
1791120519.8670,4952,1528,56218,306000000,1728000
1791120519.9171,4952,1528,56218,306000000,1728000
1791120519.9672,4952,1536,56125,306000000,1728000
1791120520.0172,4952,1536,56187,306000000,1728000
1791120520.0673,4952,1544,56281,306000000,1728000
1791120520.1174,4952,1536,56250,306000000,1728000
1791120520.1675,4952,1536,56250,306000000,1728000
1791120520.2176,4952,1536,56187,306000000,1728000
1791120520.2677,4952,1528,56281,306000000,1728000
1791120520.3177,4952,1528,56156,306000000,1728000
1791120520.3678,4952,1528,56281,306000000,1728000
1791120520.4179,4952,1536,56187,306000000,1728000
1791120520.4680,4952,1528,56187,306000000,1728000
1791120520.5181,4952,1528,56187,306000000,1728000
1791120520.5682,4952,1528,56218,306000000,1728000
1791120520.6183,4952,1544,56312,306000000,1728000
1791120520.6683,4952,1536,56250,306000000,1728000
1791120520.7184,4952,1536,56375,306000000,1728000
1791120520.7685,4952,1536,56218,306000000,1728000
1791120520.8186,4952,1536,56218,306000000,1728000
1791120520.8687,4952,1528,56375,306000000,1728000
1791120520.9188,4952,1536,56218,306000000,1728000
1791120520.9689,4952,1528,56312,306000000,1728000
1791120521.0190,4952,1528,56343,306000000,1728000
1791120521.0690,4952,1528,56343,306000000,1728000
1791120521.1191,4952,1528,56281,306000000,1728000
1791120521.1692,4952,1544,56500,306000000,1728000
1791120521.2193,4952,1544,56156,306000000,1728000
1791120521.2694,4952,1536,56312,306000000,1728000
1791120521.3195,4952,1536,56187,306000000,1728000
1791120521.3695,4952,1536,56250,306000000,1728000
1791120521.4196,4952,1528,56250,306000000,1728000
1791120521.4697,4952,1520,56250,306000000,1728000
1791120521.5198,4952,1488,56187,306000000,1728000
1791120521.5698,4960,1472,56218,306000000,1728000
1791120521.6199,4960,1448,56312,306000000,1728000
1791120521.6700,4960,1432,56250,306000000,1728000
1791120521.7201,4960,1432,56343,306000000,1728000
1791120521.7702,4960,1416,56218,306000000,1728000
1791120521.8203,4960,1392,56218,306000000,1728000
1791120521.8704,4960,1400,56218,306000000,1728000
1791120521.9205,4960,1416,56250,306000000,1728000
1791120521.9706,4960,1432,56250,306000000,1728000
1791120522.0207,4960,1440,56250,306000000,1728000
1791120522.0707,4960,1448,56281,306000000,1728000
1791120522.1208,4960,1456,56156,306000000,1728000
1791120522.1709,4960,1464,56312,306000000,1728000
1791120522.2210,4960,1480,56187,306000000,1728000
1791120522.2711,4952,1496,56312,306000000,1728000
1791120522.3212,4952,1496,56156,306000000,1728000
1791120522.3713,4952,1496,56250,306000000,1728000
1791120522.4213,4952,1504,56281,306000000,1728000
1791120522.4714,4952,1504,56218,306000000,1728000
1791120522.5215,4952,1504,56312,306000000,1728000
1791120522.5716,4952,1512,56406,306000000,1728000
1791120522.6217,4952,1512,56250,306000000,1728000
1791120522.6718,4952,1512,56218,306000000,1728000
1791120522.7219,4952,1512,56281,306000000,1728000
1791120522.7719,4952,1512,56156,306000000,1728000
1791120522.8220,4952,1520,56343,306000000,1728000
1791120522.8721,4952,1528,56125,306000000,1728000
1791120522.9222,4952,1536,56125,306000000,1728000
1791120522.9723,4952,1536,56343,306000000,1728000
1791120523.0224,4952,1536,56156,306000000,1728000
1791120523.0725,4952,1528,56312,306000000,1728000
1791120523.1226,4952,1528,56187,306000000,1728000
1791120523.1727,4952,1528,56250,306000000,1728000
1791120523.2228,4952,1528,56218,306000000,1728000
1791120523.2729,4952,1528,56218,306000000,1728000
1791120523.3229,4952,1528,56156,306000000,1728000
1791120523.3730,4952,1520,56312,306000000,1728000
1791120523.4231,4952,1528,56343,306000000,1728000
1791120523.4732,4952,1520,56156,306000000,1728000
1791120523.5233,4952,1520,56343,306000000,1728000
1791120523.5734,4952,1520,56250,306000000,1728000
1791120523.6234,4952,1512,56281,306000000,1728000
1791120523.6735,4952,1520,56156,306000000,1728000
1791120523.7236,4952,1512,56218,306000000,1728000
1791120523.7737,4952,1512,56250,306000000,1728000
1791120523.8238,4952,1512,56218,306000000,1728000
1791120523.8739,4952,1512,56343,306000000,1728000
1791120523.9239,4952,1512,56343,306000000,1728000
1791120523.9740,4952,1528,56406,306000000,1728000
1791120524.0242,4952,1528,56156,306000000,1728000
1791120524.0742,4952,1528,56281,306000000,1728000
1791120524.1243,4952,1536,56437,306000000,1728000
1791120524.1744,4952,1528,56281,306000000,1728000
1791120524.2245,4952,1536,56375,306000000,1728000
1791120524.2746,4952,1528,56281,306000000,1728000
1791120524.3247,4952,1528,56375,306000000,1728000
1791120524.3747,4952,1528,56375,306000000,1728000
1791120524.4248,4952,1528,56375,306000000,1728000
1791120524.4749,4952,1536,56250,306000000,1728000
1791120524.5250,4952,1552,56375,306000000,1728000
1791120524.5751,4952,1544,56218,306000000,1728000
1791120524.6252,4952,1544,56250,306000000,1728000
1791120524.6753,4952,1536,56437,306000000,1728000
1791120524.7254,4952,1544,56281,306000000,1728000
1791120524.7755,4952,1536,56218,306000000,1728000
1791120524.8256,4952,1536,56250,306000000,1728000
1791120524.8757,4952,1536,56375,306000000,1728000
1791120524.9257,4952,1536,56218,306000000,1728000
1791120524.9758,4952,1536,56281,306000000,1728000
1791120525.0259,4952,1544,56250,306000000,1728000
1791120525.0760,4952,1560,56343,306000000,1728000
1791120525.1261,4952,1560,56375,306000000,1728000
1791120525.1762,4952,1552,56281,306000000,1728000
1791120525.2263,4952,1552,56343,306000000,1728000
1791120525.2764,4952,1544,56250,306000000,1728000
1791120525.3264,4952,1544,56312,306000000,1728000
1791120525.3765,4952,1536,56187,306000000,1728000
1791120525.4266,4952,1544,56375,306000000,1728000
1791120525.4767,4952,1536,56250,306000000,1728000
1791120525.5268,4952,1536,56375,306000000,1728000
1791120525.5769,4952,1528,56250,306000000,1728000
1791120525.6270,4952,1544,56312,306000000,1728000
1791120525.6771,4952,1536,56437,306000000,1728000
1791120525.7271,4952,1544,56250,306000000,1728000
1791120525.7772,4952,1536,56406,306000000,1728000
1791120525.8273,4952,1536,56281,306000000,1728000
1791120525.8774,4952,1528,56343,306000000,1728000
1791120525.9275,4952,1528,56406,306000000,1728000
1791120525.9776,4952,1528,56281,306000000,1728000
1791120526.0277,4952,1528,56187,306000000,1728000
1791120526.0778,4952,1536,56250,306000000,1728000
1791120526.1278,4952,1528,56187,306000000,1728000
1791120526.1779,4952,1544,56343,306000000,1728000
1791120526.2280,4952,1544,56406,306000000,1728000
1791120526.2781,4952,1544,56187,306000000,1728000
1791120526.3282,4952,1536,56312,306000000,1728000
1791120526.3783,4952,1536,56187,306000000,1728000
1791120526.4284,4952,1536,56187,306000000,1728000
1791120526.4784,4952,1536,56218,306000000,1728000
1791120526.5285,4952,1536,56343,306000000,1728000
1791120526.5786,4952,1536,56187,306000000,1728000
1791120526.6287,4952,1536,56312,306000000,1728000
1791120526.6788,4952,1528,56437,306000000,1728000
1791120526.7289,4952,1536,56250,306000000,1728000
1791120526.7790,4952,1544,56343,306000000,1728000
1791120526.8291,4952,1536,56312,306000000,1728000
1791120526.8792,4952,1544,56312,306000000,1728000
1791120526.9293,4952,1544,56218,306000000,1728000
1791120526.9793,4952,1544,56312,306000000,1728000
1791120527.0294,4952,1536,56343,306000000,1728000
1791120527.0795,4952,1544,56437,306000000,1728000
1791120527.1296,4952,1544,56500,306000000,1728000
1791120527.1797,4952,1544,56312,306000000,1728000
1791120527.2298,4952,1544,56406,306000000,1728000
1791120527.2799,4952,1552,56343,306000000,1728000
1791120527.3300,4952,1552,56406,306000000,1728000
1791120527.3801,4952,1552,56250,306000000,1728000
1791120527.4302,4952,1544,56312,306000000,1728000
1791120527.4802,4952,1544,56375,306000000,1728000
1791120527.5303,4952,1544,56281,306000000,1728000
1791120527.5804,4952,1536,56406,306000000,1728000
1791120527.6305,4952,1544,56437,306000000,1728000
1791120527.6806,4952,1536,56437,306000000,1728000
1791120527.7306,4952,1536,56250,306000000,1728000
1791120527.7807,4952,1528,56437,306000000,1728000
1791120527.8308,4952,1536,56343,306000000,1728000
1791120527.8809,4952,1536,56312,306000000,1728000
1791120527.9310,4952,1544,56281,306000000,1728000
1791120527.9811,4952,1536,56312,306000000,1728000
1791120528.0312,4952,1536,56250,306000000,1728000
1791120528.0813,4952,1528,56218,306000000,1728000
1791120528.1314,4952,1536,56437,306000000,1728000
1791120528.1814,4952,1536,56187,306000000,1728000
1791120528.2315,4952,1536,56312,306000000,1728000
1791120528.2816,4952,1528,56218,306000000,1728000
1791120528.3317,4952,1528,56343,306000000,1728000
1791120528.3818,4952,1528,56312,306000000,1728000
1791120528.4319,4952,1536,56406,306000000,1728000
1791120528.4819,4952,1528,56187,306000000,1728000
1791120528.5320,4952,1528,56312,306000000,1728000
1791120528.5821,4952,1528,56468,306000000,1728000
1791120528.6322,4952,1528,56218,306000000,1728000
1791120528.6823,4952,1528,56312,306000000,1728000
1791120528.7324,4952,1528,56375,306000000,1728000
1791120528.7824,4952,1528,56437,306000000,1728000
1791120528.8325,4952,1528,56281,306000000,1728000
1791120528.8826,4952,1520,56343,306000000,1728000
1791120528.9327,4952,1520,56250,306000000,1728000
1791120528.9828,4952,1536,56375,306000000,1728000
1791120529.0329,4952,1528,56406,306000000,1728000
1791120529.0830,4952,1528,56343,306000000,1728000
1791120529.1331,4952,1536,56375,306000000,1728000
1791120529.1832,4952,1536,56468,306000000,1728000
1791120529.2332,4952,1528,56343,306000000,1728000
1791120529.2833,4952,1536,56281,306000000,1728000
1791120529.3334,4952,1528,56468,306000000,1728000
1791120529.3835,4952,1536,56281,306000000,1728000
1791120529.4335,4952,1528,56312,306000000,1728000
1791120529.4836,4952,1528,56500,306000000,1728000
1791120529.5337,4952,1544,56281,306000000,1728000
1791120529.5838,4952,1536,56468,306000000,1728000
1791120529.6339,4952,1536,56312,306000000,1728000
1791120529.6840,4952,1528,56312,306000000,1728000
1791120529.7340,4952,1528,56406,306000000,1728000
1791120529.7841,4952,1528,56375,306000000,1728000
1791120529.8342,4952,1528,56218,306000000,1728000
1791120529.8843,4952,1528,56375,306000000,1728000
1791120529.9344,4952,1528,56437,306000000,1728000
1791120529.9844,4952,1528,56343,306000000,1728000
1791120530.0345,4952,1528,56343,306000000,1728000
1791120530.0846,4952,1536,56312,306000000,1728000
1791120530.1347,4952,1536,56406,306000000,1728000
1791120530.1848,4952,1544,56218,306000000,1728000
1791120530.2349,4952,1536,56312,306000000,1728000
1791120530.2850,4952,1544,56375,306000000,1728000
1791120530.3351,4952,1536,56375,306000000,1728000
1791120530.3852,4952,1536,56500,306000000,1728000
1791120530.4353,4952,1536,56406,306000000,1728000
1791120530.4853,4952,1536,56468,306000000,1728000
1791120530.5354,4952,1536,56312,306000000,1728000
1791120530.5855,4952,1528,56406,306000000,1728000
1791120530.6356,4952,1544,56437,306000000,1728000
1791120530.6857,4952,1552,56312,306000000,1728000
1791120530.7358,4952,1536,56375,306000000,1728000
1791120530.7859,4952,1544,56343,306000000,1728000
1791120530.8360,4952,1536,56437,306000000,1728000
1791120530.8860,4952,1536,56468,306000000,1728000
1791120530.9361,4952,1528,56468,306000000,1728000
1791120530.9862,4952,1536,56250,306000000,1728000
1791120531.0363,4952,1528,56500,306000000,1728000
1791120531.0864,4952,1528,56281,306000000,1728000
1791120531.1365,4952,1528,56250,306000000,1728000
1791120531.1866,4952,1536,56750,306000000,1728000
1791120531.2367,4952,1544,56343,306000000,1728000
1791120531.2868,4952,1536,56312,306000000,1728000
1791120531.3369,4952,1544,56312,306000000,1728000
1791120531.3869,4952,1536,56437,306000000,1728000
1791120531.4370,4952,1536,56375,306000000,1728000
1791120531.4871,4952,1536,56406,306000000,1728000
1791120531.5372,4952,1528,56250,306000000,1728000
1791120531.5873,4952,1520,56375,306000000,1728000
1791120531.6374,4952,1528,56312,306000000,1728000
1791120531.6874,4952,1520,56343,306000000,1728000
1791120531.7375,4952,1528,56312,306000000,1728000
1791120531.7876,4952,1536,56343,306000000,1728000
1791120531.8377,4952,1528,56406,306000000,1728000
1791120531.8878,4952,1528,56312,306000000,1728000
1791120531.9379,4952,1528,56406,306000000,1728000
1791120531.9879,4952,1528,56437,306000000,1728000
1791120532.0380,4952,1528,56312,306000000,1728000
1791120532.0881,4952,1528,56312,306000000,1728000
1791120532.1382,4952,1520,56375,306000000,1728000
1791120532.1883,4952,1528,56312,306000000,1728000
1791120532.2384,4952,1536,56343,306000000,1728000
1791120532.2885,4952,1536,56406,306000000,1728000
1791120532.3386,4952,1544,56250,306000000,1728000
1791120532.3887,4952,1544,56437,306000000,1728000
1791120532.4388,4952,1536,56406,306000000,1728000
1791120532.4888,4952,1544,56343,306000000,1728000
1791120532.5389,4952,1536,56312,306000000,1728000
1791120532.5890,4952,1536,56500,306000000,1728000
1791120532.6391,4952,1528,56281,306000000,1728000
1791120532.6892,4952,1536,56437,306000000,1728000
1791120532.7393,4952,1528,56437,306000000,1728000
1791120532.7894,4952,1528,56281,306000000,1728000
1791120532.8394,4952,1536,56468,306000000,1728000
1791120532.8895,4952,1544,56312,306000000,1728000
1791120532.9396,4952,1544,56500,306000000,1728000
1791120532.9897,4952,1536,56468,306000000,1728000
1791120533.0398,4952,1528,56375,306000000,1728000
1791120533.0899,4952,1528,56312,306000000,1728000
1791120533.1399,4952,1528,56406,306000000,1728000
1791120533.1900,4952,1520,56406,306000000,1728000
1791120533.2401,4952,1528,56343,306000000,1728000
1791120533.2902,4952,1528,56468,306000000,1728000
1791120533.3403,4952,1528,56312,306000000,1728000
1791120533.3904,4952,1528,56437,306000000,1728000
1791120533.4405,4952,1544,56406,306000000,1728000
1791120533.4906,4952,1544,56375,306000000,1728000
1791120533.5407,4952,1536,56437,306000000,1728000
1791120533.5907,4952,1536,56375,306000000,1728000
1791120533.6408,4952,1528,56468,306000000,1728000
1791120533.6909,4952,1528,56468,306000000,1728000
1791120533.7410,4952,1528,56500,306000000,1728000
1791120533.7911,4952,1528,56312,306000000,1728000
1791120533.8412,4952,1528,56406,306000000,1728000
1791120533.8913,4952,1528,56312,306000000,1728000
1791120533.9414,4952,1528,56437,306000000,1728000
1791120533.9914,4952,1544,56500,306000000,1728000
1791120534.0415,4952,1536,56375,306000000,1728000
1791120534.0916,4952,1544,56406,306000000,1728000
1791120534.1417,4952,1536,56500,306000000,1728000
1791120534.1918,4952,1536,56437,306000000,1728000
1791120534.2419,4952,1528,56375,306000000,1728000
1791120534.2920,4952,1536,56437,306000000,1728000
1791120534.3421,4952,1536,56406,306000000,1728000
1791120534.3921,4952,1536,56343,306000000,1728000
1791120534.4422,4952,1528,56281,306000000,1728000
1791120534.4923,4952,1528,56406,306000000,1728000
1791120534.5424,4952,1544,56250,306000000,1728000
1791120534.5924,4952,1536,56343,306000000,1728000
1791120534.6425,4952,1544,56468,306000000,1728000
1791120534.6926,4952,1536,56406,306000000,1728000
1791120534.7427,4952,1536,56406,306000000,1728000
1791120534.7928,4952,1528,56375,306000000,1728000
1791120534.8429,4952,1528,56437,306000000,1728000
1791120534.8929,4952,1528,56343,306000000,1728000
1791120534.9430,4952,1528,56406,306000000,1728000
1791120534.9931,4952,1528,56375,306000000,1728000
1791120535.0432,4952,1520,56375,306000000,1728000
1791120535.0933,4952,1536,56500,306000000,1728000
1791120535.1434,4952,1536,56406,306000000,1728000
1791120535.1934,4952,1536,56500,306000000,1728000
1791120535.2435,4952,1536,56406,306000000,1728000
1791120535.2936,4952,1544,56375,306000000,1728000
1791120535.3437,4952,1544,56343,306000000,1728000
1791120535.3938,4952,1536,56468,306000000,1728000
1791120535.4439,4952,1544,56375,306000000,1728000
1791120535.4940,4952,1536,56468,306000000,1728000
1791120535.5440,4952,1536,56531,306000000,1728000
1791120535.5941,4952,1544,56375,306000000,1728000
1791120535.6442,4952,1536,56468,306000000,1728000
1791120535.6943,4952,1552,56531,306000000,1728000
1791120535.7444,4952,1544,56406,306000000,1728000
1791120535.7945,4952,1544,56343,306000000,1728000
1791120535.8446,4952,1544,56437,306000000,1728000
1791120535.8947,4952,1544,56312,306000000,1728000
1791120535.9447,4952,1544,56437,306000000,1728000
1791120535.9948,4952,1544,56500,306000000,1728000
1791120536.0449,4952,1536,56406,306000000,1728000
1791120536.0950,4952,1536,56500,306000000,1728000
1791120536.1451,4952,1536,56468,306000000,1728000
1791120536.1952,4952,1528,56500,306000000,1728000
1791120536.2453,4952,1544,56375,306000000,1728000
1791120536.2954,4952,1544,56406,306000000,1728000
1791120536.3455,4952,1544,56375,306000000,1728000
1791120536.3956,4952,1544,56468,306000000,1728000
1791120536.4456,4952,1536,56562,306000000,1728000
1791120536.4957,4952,1536,56468,306000000,1728000
1791120536.5458,4952,1536,56500,306000000,1728000
1791120536.5959,4952,1528,56375,306000000,1728000
1791120536.6460,4952,1528,56500,306000000,1728000
1791120536.6961,4952,1520,56375,306000000,1728000
1791120536.7462,4952,1528,56437,306000000,1728000
1791120536.7963,4952,1536,56531,306000000,1728000
1791120536.8464,4952,1536,56437,306000000,1728000
1791120536.8965,4952,1536,56406,306000000,1728000
1791120536.9465,4952,1528,56468,306000000,1728000
1791120536.9966,4952,1512,56500,306000000,1728000
1791120537.0467,4952,1520,56437,306000000,1728000
1791120537.0968,4952,1520,56562,306000000,1728000
1791120537.1469,4952,1520,56281,306000000,1728000
1791120537.1970,4952,1528,56437,306000000,1728000
1791120537.2470,4952,1528,56562,306000000,1728000
1791120537.2971,4952,1528,56406,306000000,1728000
1791120537.3472,4952,1536,56500,306000000,1728000
1791120537.3973,4952,1544,56500,306000000,1728000
1791120537.4474,4952,1544,56500,306000000,1728000
1791120537.4975,4952,1536,56437,306000000,1728000
1791120537.5476,4952,1536,56500,306000000,1728000
1791120537.5977,4952,1536,56406,306000000,1728000
1791120537.6478,4952,1536,56437,306000000,1728000
1791120537.6978,4952,1528,56343,306000000,1728000
1791120537.7479,4952,1536,56500,306000000,1728000
1791120537.7980,4952,1528,56281,306000000,1728000
1791120537.8481,4952,1528,56437,306000000,1728000
1791120537.8982,4952,1536,56500,306000000,1728000
1791120537.9483,4952,1544,56437,306000000,1728000
1791120537.9984,4952,1536,56531,306000000,1728000
1791120538.0485,4952,1536,56406,306000000,1728000
1791120538.0985,4952,1528,56500,306000000,1728000
1791120538.1486,4952,1528,56375,306000000,1728000
1791120538.1987,4952,1528,56500,306000000,1728000
1791120538.2488,4952,1528,56406,306000000,1728000
1791120538.2989,4952,1536,56437,306000000,1728000
1791120538.3489,4952,1536,56531,306000000,1728000
1791120538.3991,4952,1536,56406,306000000,1728000
1791120538.4492,4952,1544,56656,306000000,1728000
1791120538.4993,4952,1544,56531,306000000,1728000
1791120538.5494,4952,1544,56531,306000000,1728000
1791120538.5995,4952,1544,56375,306000000,1728000
1791120538.6495,4952,1536,56468,306000000,1728000
1791120538.6996,4952,1536,56375,306000000,1728000
1791120538.7497,4952,1528,56500,306000000,1728000
1791120538.7998,4952,1528,56562,306000000,1728000
1791120538.8498,4952,1528,56375,306000000,1728000
1791120538.8999,4952,1528,56500,306000000,1728000
1791120538.9500,4952,1528,56593,306000000,1728000
1791120539.0001,4952,1536,56593,306000000,1728000
1791120539.0502,4952,1544,56375,306000000,1728000
1791120539.1003,4952,1544,56437,306000000,1728000
1791120539.1504,4952,1536,56406,306000000,1728000
1791120539.2005,4952,1536,56437,306000000,1728000
1791120539.2506,4952,1528,56625,306000000,1728000
1791120539.3006,4952,1536,56406,306000000,1728000
1791120539.3507,4952,1528,56593,306000000,1728000
1791120539.4008,4952,1536,56500,306000000,1728000
1791120539.4509,4952,1536,56562,306000000,1728000
1791120539.5010,4952,1528,56406,306000000,1728000
1791120539.5511,4952,1544,56593,306000000,1728000
1791120539.6012,4952,1536,56437,306000000,1728000
1791120539.6513,4952,1544,56406,306000000,1728000
1791120539.7014,4952,1536,56406,306000000,1728000
1791120539.7515,4952,1536,56437,306000000,1728000
1791120539.8015,4952,1536,56562,306000000,1728000
1791120539.8516,4952,1536,56437,306000000,1728000
1791120539.9017,4952,1536,56562,306000000,1728000
1791120539.9518,4952,1536,56375,306000000,1728000
1791120540.0019,4952,1536,56500,306000000,1728000
1791120540.0520,4952,1536,56500,306000000,1728000
1791120540.1021,4952,1520,56468,306000000,1728000
1791120540.1522,4952,1496,56562,306000000,1728000
1791120540.2023,4960,1464,56468,306000000,1728000
1791120540.2524,4960,1432,56562,306000000,1728000
1791120540.3024,4960,1408,56468,306000000,1728000
1791120540.3525,4960,1384,56531,306000000,1728000
1791120540.4026,4960,1368,56375,306000000,1728000
1791120540.4527,4960,1352,56500,306000000,1728000
1791120540.5028,4960,1336,56406,306000000,1728000
1791120540.5529,4960,1320,56531,306000000,1728000
1791120540.6030,4960,1304,56656,306000000,1728000
1791120540.6530,4960,1296,56406,306000000,1728000
1791120540.7031,4960,1304,56625,306000000,1728000
1791120540.7532,4960,1288,56437,306000000,1728000
1791120540.8033,4960,1280,56468,306000000,1728000
1791120540.8534,4960,1272,56593,306000000,1728000
1791120540.9035,4968,1264,56468,306000000,1728000
1791120540.9536,4968,1256,56406,306000000,1728000
1791120541.0037,4968,1248,56437,306000000,1728000
1791120541.0537,4968,1240,56531,306000000,1728000
1791120541.1038,4968,1240,56406,306000000,1728000
1791120541.1539,4968,1232,56531,306000000,1728000
1791120541.2040,4968,1232,56375,306000000,1728000
1791120541.2541,4968,1240,56687,306000000,1728000
1791120541.3042,4968,1240,56437,306000000,1728000
1791120541.3543,4968,1232,56437,306000000,1728000
1791120541.4044,4968,1232,56593,306000000,1728000
1791120541.4545,4968,1232,56562,306000000,1728000
1791120541.5046,4968,1232,56437,306000000,1728000
1791120541.5546,4968,1232,56375,306000000,1728000
1791120541.6047,4968,1224,56625,306000000,1728000
1791120541.6548,4968,1224,56375,306000000,1728000
1791120541.7049,4968,1224,56562,306000000,1728000
1791120541.7550,4968,1216,56468,306000000,1728000
1791120541.8051,4968,1232,56500,306000000,1728000
1791120541.8552,4968,1232,56343,306000000,1728000
1791120541.9053,4968,1224,56468,306000000,1728000
1791120541.9553,4968,1224,56531,306000000,1728000
1791120542.0054,4968,1224,56406,306000000,1728000
1791120542.0555,4968,1216,56312,306000000,1728000
1791120542.1056,4968,1216,56375,306000000,1728000
1791120542.1557,4968,1216,56500,306000000,1728000
1791120542.2058,4968,1216,56437,306000000,1728000
1791120542.2558,4968,1216,56500,306000000,1728000
1791120542.3059,4968,1208,56343,306000000,1728000
1791120542.3560,4968,1224,56375,306000000,1728000
1791120542.4061,4968,1224,56312,306000000,1728000
1791120542.4562,4968,1224,56437,306000000,1728000
1791120542.5063,4968,1232,56593,306000000,1728000
1791120542.5564,4968,1224,56375,306000000,1728000
1791120542.6064,4968,1232,56531,306000000,1728000
1791120542.6565,4968,1232,56343,306000000,1728000
1791120542.7066,4968,1232,56500,306000000,1728000
1791120542.7567,4968,1240,56656,306000000,1728000
1791120542.8067,4968,1248,56593,306000000,1728000
1791120542.8568,4968,1264,56531,306000000,1728000
1791120542.9069,4960,1264,56375,306000000,1728000
1791120542.9570,4960,1272,56562,306000000,1728000
1791120543.0071,4968,1256,56375,306000000,1728000
1791120543.0572,4968,1224,56531,306000000,1728000
