1791121482.3847,4976,992,59218,306000000,1728000
1791121482.4348,4968,1040,59250,306000000,1728000
1791121482.4849,4968,1064,59218,306000000,1728000
1791121482.5350,4968,1080,59250,306000000,1728000
1791121482.5850,4968,1088,59187,306000000,1728000
1791121482.6351,4968,1104,59281,306000000,1728000
1791121482.6852,4968,1112,59312,306000000,1728000
1791121482.7353,4968,1128,59218,306000000,1728000
1791121482.7853,4968,1136,59343,306000000,1728000
1791121482.8354,4968,1136,59156,306000000,1728000
1791121482.8855,4968,1152,59343,306000000,1728000
1791121482.9356,4968,1184,59687,306000000,1728000
1791121482.9856,4968,1200,59250,306000000,1728000
1791121483.0357,4968,1200,59250,306000000,1728000
1791121483.0858,4968,1192,59250,306000000,1728000
1791121483.1359,4968,1192,59375,306000000,1728000
1791121483.1859,4968,1192,59125,306000000,1728000
1791121483.2360,4968,1200,59312,306000000,1728000
1791121483.2861,4968,1208,59187,306000000,1728000
1791121483.3362,4968,1208,59281,306000000,1728000
1791121483.3863,4968,1208,59250,306000000,1728000
1791121483.4364,4968,1208,59343,306000000,1728000
1791121483.4865,4968,1208,59406,306000000,1728000
1791121483.5365,4968,1208,59250,306000000,1728000
1791121483.5866,4968,1200,59406,306000000,1728000
1791121483.6367,4968,1200,59218,306000000,1728000
1791121483.6868,4968,1200,59250,306000000,1728000
1791121483.7369,4968,1200,59125,306000000,1728000
1791121483.7870,4968,1208,59281,306000000,1728000
1791121483.8370,4960,1216,59218,306000000,1728000
1791121483.8871,4968,1216,59187,306000000,1728000
1791121483.9372,4968,1216,59281,306000000,1728000
1791121483.9873,4968,1208,59125,306000000,1728000
1791121484.0373,4968,1208,59312,306000000,1728000
1791121484.0874,4968,1208,59187,306000000,1728000
1791121484.1375,4960,1208,59312,306000000,1728000
1791121484.1876,4968,1208,59156,306000000,1728000
1791121484.2377,4968,1200,59281,306000000,1728000
1791121484.2877,4968,1200,59093,306000000,1728000
1791121484.3378,4968,1208,59187,306000000,1728000
1791121484.3879,4960,1216,59281,306000000,1728000
1791121484.4380,4960,1216,59218,306000000,1728000
1791121484.4881,4960,1216,59281,306000000,1728000
1791121484.5382,4968,1208,59125,306000000,1728000
1791121484.5882,4968,1208,59343,306000000,1728000
1791121484.6383,4968,1208,59093,306000000,1728000
1791121484.6884,4968,1208,59187,306000000,1728000
1791121484.7385,4968,1200,59062,306000000,1728000
1791121484.7885,4960,1208,59156,306000000,1728000
1791121484.8386,4960,1208,59218,306000000,1728000
1791121484.8887,4960,1208,59093,306000000,1728000
1791121484.9388,4960,1224,59562,306000000,1728000
1791121484.9889,4960,1216,59062,306000000,1728000
1791121485.0390,4960,1232,59312,306000000,1728000
1791121485.0891,4960,1240,59375,306000000,1728000
1791121485.1392,4960,1240,59250,306000000,1728000
1791121485.1893,4960,1240,59093,306000000,1728000
1791121485.2394,4960,1232,59156,306000000,1728000
1791121485.2894,4960,1232,59187,306000000,1728000
1791121485.3395,4960,1232,59125,306000000,1728000
1791121485.3896,4960,1232,59187,306000000,1728000
1791121485.4397,4960,1232,59125,306000000,1728000
1791121485.4898,4960,1240,59375,306000000,1728000
1791121485.5399,4960,1240,59125,306000000,1728000
1791121485.5899,4960,1232,59218,306000000,1728000
1791121485.6400,4960,1224,59062,1020000000,1728000
1791121485.6901,4960,1232,59125,306000000,1728000
1791121485.7402,4960,1224,59093,306000000,1728000
1791121485.7904,4960,1224,59187,306000000,1728000
1791121485.8405,4960,1216,59156,306000000,1728000
1791121485.8906,4960,1216,59156,306000000,1728000
1791121485.9407,4960,1224,59187,306000000,1728000
1791121485.9908,4960,1232,59062,306000000,1728000
1791121486.0409,4960,1248,59187,306000000,1728000
1791121486.0911,4960,1248,59093,306000000,1728000
1791121486.1411,4960,1240,59156,306000000,1728000
1791121486.1912,4960,1232,59062,306000000,1728000
1791121486.2413,4960,1248,59125,306000000,1728000
1791121486.2914,4960,1248,59031,306000000,1728000
1791121486.3415,4960,1248,59093,306000000,1728000
1791121486.3916,4960,1264,59062,306000000,1728000
1791121486.4417,4960,1272,59031,306000000,1728000
1791121486.4918,4960,1280,59187,306000000,1728000
1791121486.5419,4960,1280,59031,306000000,1728000
1791121486.5920,4960,1288,59125,306000000,1728000
1791121486.6421,4960,1288,59031,306000000,1728000
1791121486.6922,4960,1280,59093,306000000,1728000
1791121486.7423,4960,1272,59031,306000000,1728000
1791121486.7924,4960,1272,59031,306000000,1728000
1791121486.8425,4960,1256,59000,306000000,1728000
1791121486.8926,4960,1256,59093,306000000,1728000
1791121486.9427,4960,1248,59125,306000000,1728000
1791121486.9928,4960,1248,58968,306000000,1728000
1791121487.0429,4960,1248,59093,306000000,1728000
1791121487.0929,4960,1240,59000,306000000,1728000
1791121487.1431,4960,1248,59000,306000000,1420800
1791121487.1932,4960,1240,59000,306000000,1728000
1791121487.2433,4960,1248,59031,306000000,1728000
1791121487.2934,4960,1240,58968,306000000,1728000
1791121487.3435,4960,1240,59093,306000000,1728000
1791121487.3936,4960,1232,59125,306000000,1728000
1791121487.4437,4960,1232,59000,306000000,1728000
1791121487.4938,4960,1224,59156,306000000,1728000
1791121487.5439,4960,1224,58968,306000000,1728000
1791121487.5940,4968,1224,59031,306000000,1728000
1791121487.6441,4960,1224,58968,306000000,1728000
1791121487.6942,4960,1224,59031,306000000,1728000
1791121487.7443,4960,1232,58968,306000000,1728000
1791121487.7944,4960,1224,58968,306000000,1728000
1791121487.8445,4960,1224,58906,306000000,1728000
1791121487.8946,4960,1224,59000,306000000,1728000
1791121487.9447,4968,1216,59093,306000000,1728000
1791121487.9948,4960,1224,58937,306000000,1728000
1791121488.0449,4968,1216,59062,306000000,1728000
1791121488.0950,4968,1224,58968,306000000,1728000
1791121488.1451,4960,1224,59000,306000000,1728000
1791121488.1952,4960,1216,58968,306000000,1728000
1791121488.2453,4960,1224,59062,306000000,1728000
1791121488.2954,4960,1232,59000,306000000,1728000
1791121488.3455,4960,1232,59000,306000000,1728000
1791121488.3956,4960,1232,59093,306000000,1728000
1791121488.4457,4960,1224,58968,306000000,1728000
1791121488.4958,4960,1232,59031,306000000,1728000
1791121488.5459,4968,1216,58937,306000000,1728000
1791121488.5959,4960,1224,59031,306000000,1728000
1791121488.6460,4968,1216,58937,306000000,1728000
1791121488.6961,4960,1216,58937,306000000,1728000
1791121488.7462,4968,1208,58937,306000000,1728000
1791121488.7963,4968,1216,58968,306000000,1728000
1791121488.8464,4960,1232,59093,306000000,1728000
1791121488.8965,4960,1224,58937,306000000,1728000
1791121488.9466,4960,1232,59000,306000000,1728000
1791121488.9967,4968,1216,58906,306000000,1728000
1791121489.0468,4960,1224,58968,306000000,1728000
1791121489.0969,4968,1216,58906,306000000,1728000
1791121489.1470,4960,1224,58937,306000000,1728000
1791121489.1971,4968,1208,58875,306000000,1728000
1791121489.2472,4960,1216,58937,306000000,1728000
1791121489.2973,4968,1208,59000,306000000,1728000
1791121489.3474,4960,1216,58906,306000000,1728000
1791121489.3975,4960,1224,59062,306000000,1728000
1791121489.4476,4960,1224,58906,306000000,1728000
1791121489.4977,4960,1224,58937,306000000,1728000
1791121489.5478,4960,1224,58875,306000000,1728000
1791121489.5979,4960,1216,58937,306000000,1728000
1791121489.6480,4960,1216,58937,306000000,1728000
1791121489.6981,4960,1216,59000,306000000,1728000
1791121489.7482,4960,1216,58875,306000000,1728000
1791121489.7982,4960,1208,58906,306000000,1728000
1791121489.8483,4960,1216,58968,306000000,1728000
1791121489.8984,4968,1208,58937,306000000,1728000
1791121489.9485,4960,1224,58937,306000000,1113600
1791121489.9986,4960,1224,58906,306000000,1728000
1791121490.0487,4960,1224,58875,306000000,1728000
1791121490.0988,4960,1224,58937,306000000,1728000
1791121490.1488,4960,1216,58937,306000000,1728000
1791121490.1989,4960,1216,58968,306000000,1728000
1791121490.2490,4960,1216,58906,306000000,1728000
1791121490.2991,4968,1216,59000,306000000,1728000
1791121490.3491,4968,1208,58812,306000000,1728000
1791121490.3992,4960,1216,58968,306000000,1728000
1791121490.4493,4968,1208,58937,306000000,1728000
1791121490.4994,4960,1216,58937,306000000,1344000
1791121490.5495,4960,1232,58781,306000000,1728000
1791121490.5996,4960,1224,58937,306000000,1728000
1791121490.6497,4960,1224,58906,306000000,1728000
1791121490.6997,4960,1216,58875,306000000,1728000
1791121490.7498,4960,1224,58937,306000000,1728000
1791121490.7999,4968,1216,58875,306000000,1728000
1791121490.8500,4960,1216,58906,306000000,1728000
1791121490.9001,4968,1208,58843,306000000,1728000
1791121490.9502,4968,1216,58843,306000000,1728000
1791121491.0002,4968,1216,58750,306000000,1728000
1791121491.0503,4968,1216,58843,306000000,1728000
1791121491.1004,4960,1224,58812,306000000,1728000
1791121491.1505,4960,1224,58812,306000000,1728000
1791121491.2006,4960,1232,58906,306000000,1728000
1791121491.2507,4960,1224,58906,306000000,1728000
1791121491.3007,4960,1224,58937,306000000,1728000
1791121491.3508,4960,1224,58843,306000000,1728000
1791121491.4009,4968,1216,58875,306000000,1728000
1791121491.4510,4960,1224,58812,306000000,1728000
1791121491.5011,4968,1216,58875,306000000,1728000
1791121491.5512,4968,1208,58781,306000000,1728000
1791121491.6012,4960,1216,58812,306000000,1728000
1791121491.6513,4960,1224,58968,306000000,1728000
1791121491.7014,4960,1224,58812,306000000,1728000
1791121491.7515,4960,1224,58875,306000000,1728000
1791121491.8016,4960,1224,58843,306000000,1728000
1791121491.8517,4960,1224,58906,306000000,1728000
1791121491.9017,4968,1216,58843,306000000,1728000
1791121491.9518,4960,1224,58906,306000000,1728000
1791121492.0019,4968,1208,58812,306000000,1728000
1791121492.0520,4960,1216,58843,306000000,1728000
1791121492.1020,4968,1208,58906,306000000,1728000
1791121492.1521,4960,1216,58781,306000000,1728000
1791121492.2022,4960,1216,58937,306000000,1728000
1791121492.2523,4960,1224,58750,306000000,1728000
1791121492.3024,4960,1232,58812,306000000,1728000
1791121492.3525,4960,1224,58843,306000000,1728000
1791121492.4025,4960,1224,58812,306000000,1728000
1791121492.4526,4960,1216,58812,306000000,1728000
1791121492.5027,4960,1224,58750,306000000,1728000
1791121492.5528,4968,1216,58875,306000000,1728000
1791121492.6029,4960,1216,58750,306000000,1728000
1791121492.6530,4968,1208,58875,306000000,1728000
1791121492.7030,4960,1216,58781,306000000,1728000
1791121492.7531,4960,1224,58812,306000000,1728000
1791121492.8032,4960,1224,58687,306000000,1728000
1791121492.8533,4960,1224,58843,306000000,1728000
1791121492.9034,4960,1224,58687,306000000,1728000
1791121492.9535,4960,1224,58875,306000000,1728000
1791121493.0036,4960,1216,58875,306000000,1728000
1791121493.0536,4960,1224,58812,306000000,1728000
1791121493.1037,4960,1216,58875,306000000,1728000
1791121493.1538,4960,1216,58687,306000000,1728000
1791121493.2039,4960,1224,58843,306000000,1728000
1791121493.2540,4960,1224,58718,306000000,1728000
1791121493.3040,4960,1224,58812,306000000,1728000
1791121493.3541,4960,1240,58687,306000000,1728000
1791121493.4042,4960,1224,58781,306000000,1728000
1791121493.4543,4960,1224,58906,306000000,1728000
1791121493.5044,4960,1224,58687,306000000,1728000
1791121493.5545,4960,1224,58843,306000000,1728000
1791121493.6046,4960,1216,58687,306000000,1728000
1791121493.6547,4960,1224,58750,306000000,1728000
1791121493.7048,4960,1224,58718,306000000,1728000
1791121493.7548,4960,1216,58781,306000000,1728000
1791121493.8049,4960,1224,58718,306000000,1728000
1791121493.8550,4968,1216,58687,306000000,1267200
1791121493.9051,4960,1232,58687,306000000,1728000
1791121493.9552,4960,1224,58656,306000000,1728000
1791121494.0053,4960,1224,58843,306000000,1728000
1791121494.0553,4960,1216,58718,306000000,1728000
1791121494.1054,4960,1216,58718,306000000,1728000
1791121494.1555,4968,1216,58718,306000000,1728000
1791121494.2056,4960,1224,58750,306000000,1728000
1791121494.2556,4968,1216,58656,306000000,1728000
1791121494.3057,4960,1216,58687,306000000,1728000
1791121494.3558,4960,1216,58843,306000000,1728000
1791121494.4059,4960,1216,58750,306000000,1113600
1791121494.4560,4960,1224,58781,306000000,1728000
1791121494.5061,4960,1224,58687,306000000,1728000
1791121494.5562,4960,1224,58843,306000000,1728000
1791121494.6062,4960,1224,58625,306000000,1728000
1791121494.6563,4960,1224,58687,306000000,1728000
1791121494.7064,4960,1216,58625,306000000,1728000
1791121494.7565,4960,1216,58781,306000000,1728000
1791121494.8066,4968,1208,58656,306000000,1728000
1791121494.8567,4968,1216,58625,306000000,1728000
1791121494.9067,4968,1216,58750,306000000,1728000
1791121494.9568,4968,1216,58625,306000000,1728000
1791121495.0069,4968,1216,58750,306000000,1728000
1791121495.0570,4960,1224,58687,306000000,1728000
1791121495.1071,4968,1216,58656,306000000,1728000
1791121495.1572,4960,1224,58562,306000000,1728000
1791121495.2073,4968,1208,58625,306000000,1728000
1791121495.2573,4960,1216,58531,306000000,1728000
1791121495.3074,4968,1208,58687,306000000,1728000
1791121495.3575,4968,1216,58750,306000000,1728000
1791121495.4076,4968,1208,58656,306000000,1728000
1791121495.4577,4968,1208,58750,306000000,1728000
1791121495.5078,4968,1216,58593,306000000,1728000
1791121495.5579,4960,1216,58781,306000000,1113600
1791121495.6080,4960,1224,58562,306000000,1728000
1791121495.6581,4960,1224,58625,306000000,1728000
1791121495.7082,4968,1216,58531,306000000,1728000
1791121495.7582,4968,1216,58656,306000000,1728000
1791121495.8083,4968,1208,58718,306000000,1728000
1791121495.8584,4968,1216,58531,306000000,1728000
1791121495.9085,4968,1200,58750,306000000,1728000
1791121495.9586,4968,1208,58562,306000000,1728000
1791121496.0086,4968,1208,58750,306000000,1728000
1791121496.0587,4968,1208,58593,306000000,1728000
1791121496.1088,4960,1216,58625,306000000,1728000
1791121496.1589,4960,1224,58625,306000000,1728000
1791121496.2090,4960,1224,58562,306000000,1728000
1791121496.2591,4960,1216,58718,306000000,1728000
1791121496.3092,4960,1224,58593,306000000,1728000
1791121496.3593,4960,1216,58718,306000000,1728000
1791121496.4093,4968,1208,58500,306000000,1728000
1791121496.4594,4968,1208,58656,306000000,1728000
1791121496.5095,4960,1216,58531,306000000,1728000
1791121496.5596,4968,1216,58531,306000000,1728000
1791121496.6097,4960,1216,58562,306000000,1728000
1791121496.6598,4960,1232,58562,306000000,1267200
1791121496.7099,4960,1248,58656,306000000,1728000
1791121496.7600,4960,1248,58500,306000000,1728000
1791121496.8100,4960,1240,58750,306000000,1728000
1791121496.8601,4960,1240,58593,306000000,1728000
1791121496.9102,4960,1240,58593,306000000,1728000
1791121496.9603,4960,1232,58593,306000000,1728000
1791121497.0104,4960,1232,58562,306000000,1728000
1791121497.0604,4960,1224,58531,306000000,1728000
1791121497.1105,4960,1232,58562,306000000,1728000
1791121497.1606,4960,1232,58750,306000000,1728000
1791121497.2107,4960,1224,58593,306000000,1190400
1791121497.2608,4960,1232,58718,306000000,1728000
1791121497.3109,4960,1232,58437,306000000,1728000
1791121497.3610,4960,1232,58656,306000000,1728000
1791121497.4110,4960,1224,58468,306000000,1728000
1791121497.4611,4960,1224,58656,306000000,1728000
1791121497.5112,4960,1224,58500,306000000,1728000
1791121497.5613,4960,1224,58531,306000000,1728000
1791121497.6114,4960,1224,58531,306000000,1728000
1791121497.6615,4960,1216,58531,306000000,1728000
1791121497.7115,4960,1224,58718,306000000,1728000
1791121497.7616,4960,1224,58500,306000000,1728000
1791121497.8117,4960,1232,58718,306000000,1728000
1791121497.8618,4960,1240,58468,306000000,1728000
1791121497.9119,4960,1232,58531,306000000,1728000
1791121497.9619,4960,1232,58500,306000000,1728000
1791121498.0120,4960,1232,58500,306000000,1728000
1791121498.0621,4960,1224,58656,306000000,1728000
1791121498.1122,4960,1224,58531,306000000,1728000
1791121498.1622,4968,1216,58687,306000000,1728000
1791121498.2123,4960,1224,58500,306000000,1728000
1791121498.2624,4960,1216,58625,306000000,1728000
1791121498.3125,4960,1224,58468,306000000,1728000
1791121498.3626,4960,1224,58500,306000000,1190400
1791121498.4127,4960,1232,58500,306000000,1728000
1791121498.4628,4960,1232,58468,306000000,1728000
1791121498.5128,4960,1232,58468,306000000,1728000
1791121498.5629,4960,1224,58468,306000000,1728000
1791121498.6130,4960,1224,58593,306000000,1728000
1791121498.6631,4960,1216,58468,306000000,1728000
1791121498.7132,4960,1224,58593,306000000,1728000
1791121498.7633,4968,1216,58468,306000000,1728000
1791121498.8133,4968,1216,58531,306000000,1728000
1791121498.8634,4968,1208,58406,306000000,1728000
1791121498.9135,4960,1224,58531,306000000,1728000
1791121498.9636,4960,1224,58437,306000000,1728000
1791121499.0137,4960,1224,58437,306000000,1728000
1791121499.0638,4960,1224,58593,306000000,1728000
1791121499.1138,4960,1224,58500,306000000,1728000
1791121499.1639,4960,1224,58562,306000000,1728000
1791121499.2140,4968,1216,58468,306000000,1728000
1791121499.2641,4960,1224,58437,306000000,1728000
1791121499.3141,4960,1224,58406,306000000,1728000
1791121499.3642,4960,1216,58562,306000000,1728000
1791121499.4143,4960,1216,58375,306000000,1728000
1791121499.4644,4960,1216,58406,306000000,1728000
1791121499.5145,4960,1232,58562,306000000,1728000
1791121499.5646,4960,1224,58437,306000000,1728000
1791121499.6146,4960,1232,58687,306000000,1728000
1791121499.6647,4960,1224,58437,306000000,1728000
1791121499.7148,4960,1224,58468,306000000,1728000
1791121499.7649,4968,1208,58375,306000000,1728000
1791121499.8149,4960,1216,58437,306000000,1728000
1791121499.8650,4960,1216,58406,306000000,1728000
1791121499.9151,4960,1216,58437,306000000,1728000
1791121499.9652,4960,1216,58593,306000000,1728000
1791121500.0153,4960,1216,58468,306000000,1728000
1791121500.0653,4960,1216,58625,306000000,1728000
1791121500.1154,4960,1224,58437,306000000,1728000
1791121500.1655,4968,1216,58593,306000000,1728000
1791121500.2156,4960,1224,58406,306000000,1728000
1791121500.2657,4968,1216,58468,306000000,1728000
1791121500.3157,4960,1216,58406,306000000,1728000
1791121500.3658,4960,1224,58437,306000000,1728000
1791121500.4159,4968,1216,58531,306000000,1728000
1791121500.4660,4960,1216,58406,306000000,1728000
1791121500.5161,4960,1216,58500,306000000,1728000
1791121500.5661,4960,1216,58406,306000000,1728000
1791121500.6162,4960,1232,58531,306000000,1728000
1791121500.6663,4960,1224,58281,306000000,1728000
1791121500.7164,4960,1224,58375,306000000,1728000
1791121500.7665,4960,1224,58343,306000000,1728000
1791121500.8166,4960,1224,58437,306000000,1728000
1791121500.8667,4968,1216,58531,306000000,1728000
1791121500.9167,4960,1224,58375,306000000,1728000
1791121500.9668,4968,1208,58531,306000000,1728000
1791121501.0169,4968,1216,58375,306000000,1728000
1791121501.0670,4960,1216,58437,306000000,1728000
1791121501.1170,4968,1216,58437,306000000,1728000
1791121501.1671,4960,1232,58437,306000000,1267200
1791121501.2172,4960,1240,58343,306000000,1728000
1791121501.2673,4960,1232,58375,306000000,1728000
1791121501.3174,4960,1232,58437,306000000,1728000
1791121501.3675,4960,1232,58406,306000000,1728000
1791121501.4176,4960,1224,58531,306000000,1728000
1791121501.4677,4960,1224,58375,306000000,1728000
1791121501.5177,4960,1216,58468,306000000,1728000
1791121501.5678,4960,1224,58375,306000000,1728000
1791121501.6179,4960,1224,58406,306000000,1728000
1791121501.6680,4960,1224,58312,306000000,1728000
1791121501.7181,4960,1232,58375,306000000,1728000
1791121501.7682,4960,1240,58312,306000000,1728000
1791121501.8183,4960,1232,58375,306000000,1728000
1791121501.8683,4960,1232,58500,306000000,1728000
1791121501.9184,4960,1232,58406,306000000,1728000
1791121501.9685,4960,1232,58437,306000000,1728000
1791121502.0186,4968,1216,58375,306000000,1728000
1791121502.0687,4968,1216,58375,306000000,1728000
1791121502.1187,4968,1216,58375,306000000,1728000
1791121502.1688,4960,1216,58437,306000000,1728000
1791121502.2189,4968,1208,58562,306000000,1728000
1791121502.2690,4960,1216,58406,306000000,1728000
1791121502.3191,4960,1224,58468,306000000,729600
1791121502.3692,4960,1224,58406,306000000,1728000
1791121502.4192,4960,1224,58437,306000000,1728000
1791121502.4693,4968,1224,58281,306000000,1728000
1791121502.5194,4968,1216,58406,306000000,1728000
1791121502.5695,4968,1216,58312,306000000,1728000
1791121502.6196,4960,1216,58312,306000000,1728000
1791121502.6697,4968,1216,58187,306000000,1728000
1791121502.7198,4968,1208,58375,306000000,1728000
1791121502.7699,4968,1208,58437,306000000,1728000
1791121502.8199,4968,1208,58250,306000000,1728000
1791121502.8700,4960,1224,58437,306000000,1728000
1791121502.9201,4960,1216,58281,306000000,1728000
1791121502.9702,4960,1216,58375,306000000,1728000
1791121503.0203,4968,1216,58312,306000000,1728000
1791121503.0704,4968,1216,58437,306000000,1728000
1791121503.1205,4960,1216,58250,306000000,1728000
1791121503.1705,4968,1208,58375,306000000,1728000
1791121503.2206,4960,1216,58468,306000000,1728000
1791121503.2707,4968,1216,58312,306000000,1728000
1791121503.3208,4968,1216,58437,306000000,1728000
1791121503.3709,4960,1216,58281,306000000,1728000
1791121503.4210,4960,1224,58312,306000000,1728000
1791121503.4711,4960,1232,58281,306000000,1728000
1791121503.5211,4960,1224,58312,306000000,1728000
1791121503.5712,4960,1224,58281,306000000,1728000
1791121503.6213,4960,1224,58312,306000000,1728000
1791121503.6714,4960,1216,58437,306000000,1728000
1791121503.7215,4960,1216,58250,306000000,1728000
1791121503.7716,4960,1216,58406,306000000,1728000
1791121503.8217,4960,1216,58281,306000000,1728000
1791121503.8717,4968,1208,58375,306000000,1728000
1791121503.9218,4968,1208,58187,306000000,1728000
1791121503.9719,4960,1216,58343,306000000,1728000
1791121504.0220,4960,1224,58187,306000000,1728000
1791121504.0721,4960,1224,58375,306000000,1728000
1791121504.1222,4960,1224,58375,306000000,1728000
1791121504.1722,4968,1216,58312,306000000,1728000
1791121504.2223,4960,1216,58406,306000000,1728000
1791121504.2724,4968,1208,58281,306000000,1728000
1791121504.3225,4960,1216,58437,306000000,1728000
1791121504.3726,4968,1208,58250,306000000,1728000
1791121504.4226,4960,1216,58281,306000000,1728000
1791121504.4727,4960,1216,58156,306000000,1728000
1791121504.5228,4960,1216,58250,306000000,1344000
1791121504.5729,4960,1224,58406,306000000,1728000
1791121504.6230,4960,1224,58250,306000000,1728000
1791121504.6731,4960,1224,58343,306000000,1728000
1791121504.7232,4968,1216,58312,306000000,1728000
1791121504.7733,4960,1224,58406,306000000,1728000
1791121504.8233,4968,1216,58218,306000000,1728000
1791121504.8734,4968,1216,58343,306000000,1728000
1791121504.9235,4968,1208,58156,306000000,1728000
1791121504.9736,4968,1216,58218,306000000,1728000
1791121505.0237,4968,1216,58437,306000000,1728000
1791121505.0738,4960,1216,58187,306000000,1728000
1791121505.1239,4960,1216,58406,306000000,806400
1791121505.1739,4960,1224,58187,306000000,1728000
1791121505.2240,4960,1224,58343,306000000,1728000
1791121505.2741,4968,1216,58156,306000000,1728000
1791121505.3242,4968,1216,58187,306000000,1728000
1791121505.3743,4968,1216,58218,306000000,1728000
1791121505.4243,4968,1208,58281,306000000,1728000
1791121505.4744,4968,1208,58375,306000000,1728000
1791121505.5245,4960,1216,58156,306000000,1728000
1791121505.5746,4968,1208,58250,306000000,1728000
1791121505.6247,4960,1216,58093,306000000,1728000
1791121505.6748,4960,1224,58406,306000000,1420800
1791121505.7248,4960,1224,58250,306000000,1728000
1791121505.7749,4960,1216,58218,306000000,1728000
1791121505.8250,4960,1224,58156,306000000,1728000
1791121505.8751,4960,1224,58250,306000000,1728000
1791121505.9252,4960,1224,58156,306000000,1728000
1791121505.9753,4960,1216,58218,306000000,1728000
1791121506.0254,4960,1216,58250,306000000,1728000
1791121506.0754,4960,1216,58187,306000000,1728000
1791121506.1255,4960,1224,58406,306000000,1728000
1791121506.1756,4960,1216,58218,306000000,1728000
1791121506.2257,4960,1224,58312,306000000,1728000
1791121506.2758,4960,1224,58031,306000000,1728000
1791121506.3259,4960,1232,58250,306000000,1728000
1791121506.3760,4960,1216,58187,306000000,1728000
1791121506.4261,4960,1224,58093,306000000,1728000
1791121506.4762,4960,1224,58312,306000000,1728000
1791121506.5262,4960,1216,58125,306000000,1728000
1791121506.5763,4960,1224,58312,306000000,1728000
1791121506.6264,4960,1224,58156,306000000,1728000
1791121506.6765,4960,1216,58250,306000000,1728000
1791121506.7266,4968,1208,58187,306000000,1728000
1791121506.7768,4960,1224,58156,306000000,1728000
1791121506.8268,4960,1232,58125,306000000,1728000
1791121506.8769,4960,1224,58156,306000000,1728000
1791121506.9270,4960,1232,58250,306000000,1728000
1791121506.9771,4960,1216,58125,306000000,1728000
1791121507.0272,4960,1224,58250,306000000,1728000
1791121507.0772,4968,1216,58125,306000000,1728000
1791121507.1273,4960,1216,58250,306000000,1728000
1791121507.1774,4968,1208,58156,306000000,1728000
1791121507.2275,4960,1216,58187,306000000,1728000
1791121507.2776,4960,1216,58093,306000000,1728000
1791121507.3276,4960,1216,58125,306000000,1728000
1791121507.3777,4960,1232,58218,306000000,1728000
1791121507.4278,4960,1224,58093,306000000,1728000
1791121507.4779,4960,1224,58250,306000000,1728000
1791121507.5280,4968,1216,58125,306000000,1728000
1791121507.5781,4960,1224,58218,306000000,1728000
1791121507.6282,4960,1224,58093,306000000,1728000
1791121507.6782,4968,1216,58187,306000000,1728000
1791121507.7283,4968,1216,58093,306000000,1728000
1791121507.7784,4968,1208,58187,306000000,1728000
1791121507.8285,4960,1216,58218,306000000,1728000
1791121507.8786,4968,1208,58125,306000000,1728000
1791121507.9287,4960,1232,58312,306000000,1728000
1791121507.9788,4960,1216,58156,306000000,1728000
1791121508.0289,4960,1224,58187,306000000,1728000
1791121508.0789,4960,1216,58125,306000000,1728000
1791121508.1290,4960,1216,58093,306000000,1728000
1791121508.1791,4960,1216,58093,306000000,1728000
1791121508.2292,4960,1216,58125,306000000,1728000
1791121508.2793,4960,1224,58187,306000000,1728000
1791121508.3293,4968,1208,58000,306000000,1728000
1791121508.3794,4960,1216,58250,306000000,1728000
1791121508.4295,4968,1208,58031,306000000,1728000
1791121508.4796,4960,1224,58218,306000000,1728000
1791121508.5297,4960,1224,58062,306000000,1728000
1791121508.5798,4960,1224,58125,306000000,1728000
1791121508.6298,4960,1224,58000,306000000,1728000
1791121508.6799,4960,1240,58156,306000000,1728000
1791121508.7300,4960,1256,58250,306000000,1728000
1791121508.7801,4960,1264,58093,306000000,1728000
1791121508.8302,4960,1264,58218,306000000,1728000
1791121508.8803,4960,1264,58031,306000000,1728000
1791121508.9303,4960,1256,58250,306000000,1728000
1791121508.9804,4960,1248,58125,306000000,1728000
1791121509.0305,4960,1256,58156,306000000,1728000
1791121509.0806,4960,1256,57968,306000000,1728000
1791121509.1307,4960,1248,58093,306000000,1728000
1791121509.1807,4960,1248,58031,306000000,1728000
1791121509.2308,4960,1240,58031,306000000,1728000
1791121509.2809,4960,1240,58187,306000000,1728000
1791121509.3310,4960,1240,58062,306000000,1728000
1791121509.3811,4960,1232,58156,306000000,1728000
1791121509.4311,4960,1240,57968,306000000,1728000
1791121509.4812,4960,1224,58218,306000000,1728000
1791121509.5313,4960,1224,58093,306000000,1728000
1791121509.5814,4960,1232,58125,306000000,1728000
1791121509.6315,4960,1240,57937,306000000,1728000
1791121509.6816,4960,1224,58062,306000000,1728000
1791121509.7317,4960,1232,58250,306000000,1728000
1791121509.7817,4960,1224,58031,306000000,1728000
1791121509.8318,4960,1224,58093,306000000,1728000
1791121509.8819,4960,1232,58062,306000000,1728000
1791121509.9320,4960,1216,58093,306000000,1728000
1791121509.9821,4960,1224,58000,306000000,1728000
1791121510.0321,4960,1216,58187,306000000,1728000
1791121510.0822,4960,1216,58000,306000000,1728000
1791121510.1323,4960,1224,58062,306000000,1728000
1791121510.1824,4960,1232,58125,306000000,1728000
1791121510.2325,4960,1232,58093,306000000,1728000
1791121510.2826,4960,1232,58093,306000000,1728000
1791121510.3327,4960,1232,58031,306000000,1728000
1791121510.3828,4960,1232,58093,306000000,1728000
1791121510.4329,4960,1224,57968,306000000,1728000
1791121510.4829,4960,1224,58093,306000000,1728000
1791121510.5330,4960,1216,58062,306000000,1728000
1791121510.5831,4960,1224,58000,306000000,1728000
1791121510.6332,4960,1216,58187,306000000,1728000
1791121510.6833,4960,1224,58000,306000000,1728000
1791121510.7334,4960,1224,58156,306000000,1728000
1791121510.7834,4960,1232,58000,306000000,1728000
1791121510.8335,4960,1216,58156,306000000,1728000
1791121510.8836,4960,1224,57968,306000000,1728000
1791121510.9337,4960,1224,58156,306000000,1728000
1791121510.9838,4960,1216,58031,306000000,1728000
1791121511.0338,4960,1224,58031,306000000,1728000
1791121511.0839,4968,1208,58125,306000000,1728000
1791121511.1340,4960,1216,58093,306000000,1728000
1791121511.1841,4968,1208,58125,306000000,1728000
1791121511.2342,4960,1216,58000,306000000,1728000
1791121511.2843,4960,1224,58093,306000000,1728000
1791121511.3344,4960,1224,58000,306000000,1728000
1791121511.3844,4968,1216,58000,306000000,1728000
1791121511.4345,4960,1224,57937,306000000,1728000
1791121511.4846,4960,1224,58031,306000000,1728000
1791121511.5347,4968,1216,58187,306000000,1728000
1791121511.5848,4960,1224,57968,306000000,1728000
1791121511.6349,4968,1216,58156,306000000,1728000
1791121511.6850,4968,1216,58062,306000000,1728000
1791121511.7350,4968,1208,58093,306000000,1728000
1791121511.7851,4968,1216,57937,306000000,1728000
1791121511.8352,4960,1224,57968,306000000,1344000
1791121511.8853,4960,1224,57968,306000000,1728000
1791121511.9354,4960,1224,57968,306000000,1728000
1791121511.9855,4968,1216,57906,306000000,1728000
1791121512.0356,4968,1216,57968,306000000,1728000
1791121512.0857,4968,1216,58125,306000000,1728000
1791121512.1357,4960,1216,58000,306000000,1728000
1791121512.1858,4960,1224,58125,306000000,1728000
1791121512.2359,4968,1216,57968,306000000,1728000
1791121512.2860,4960,1216,58031,306000000,1728000
1791121512.3361,4968,1208,57968,306000000,1728000
1791121512.3862,4960,1224,58093,306000000,1113600
1791121512.4363,4960,1224,57906,306000000,1728000
1791121512.4863,4960,1224,57968,306000000,1728000
1791121512.5364,4968,1216,58125,306000000,1728000
1791121512.5865,4968,1216,57968,306000000,1728000
1791121512.6366,4968,1216,58125,306000000,1728000
1791121512.6867,4968,1216,57968,306000000,1728000
1791121512.7368,4968,1208,58000,306000000,1728000
1791121512.7868,4968,1216,57906,306000000,1728000
1791121512.8369,4968,1208,58000,306000000,1728000
1791121512.8870,4968,1208,57968,306000000,1728000
1791121512.9371,4960,1224,58000,306000000,1728000
1791121512.9872,4960,1224,58093,306000000,1728000
1791121513.0372,4960,1224,58000,306000000,1728000
1791121513.0873,4960,1224,58125,306000000,1728000
1791121513.1374,4968,1224,57937,306000000,1728000
1791121513.1875,4960,1224,58093,306000000,1728000
1791121513.2375,4968,1216,57968,306000000,1728000
1791121513.2876,4960,1216,57968,306000000,1728000
1791121513.3377,4968,1208,57968,306000000,1728000
1791121513.3878,4968,1216,57906,306000000,1728000
1791121513.4379,4968,1208,58125,306000000,1728000
1791121513.4880,4968,1208,57968,306000000,1728000
1791121513.5381,4960,1224,58062,306000000,729600
1791121513.5881,4960,1224,57937,306000000,1728000
1791121513.6382,4968,1216,58000,306000000,1728000
1791121513.6883,4968,1224,57937,306000000,1728000
1791121513.7384,4960,1224,58062,306000000,1728000
1791121513.7884,4968,1216,57875,306000000,1728000
1791121513.8385,4968,1224,57968,306000000,1728000
1791121513.8886,4968,1208,58031,306000000,1728000
1791121513.9387,4968,1216,57843,306000000,1728000
1791121513.9888,4968,1208,58031,306000000,1728000
1791121514.0388,4968,1216,57875,306000000,1190400
1791121514.0889,4960,1224,58000,306000000,1728000
1791121514.1390,4960,1224,57906,306000000,1728000
1791121514.1891,4960,1216,57968,306000000,1728000
1791121514.2392,4960,1216,57812,306000000,1728000
1791121514.2892,4968,1216,57906,306000000,1728000
1791121514.3393,4968,1216,57937,306000000,1728000
1791121514.3894,4968,1216,57906,306000000,1728000
1791121514.4395,4968,1216,58000,306000000,1728000
1791121514.4895,4968,1208,57937,306000000,1728000
1791121514.5396,4968,1208,58000,306000000,1728000
1791121514.5897,4968,1216,57875,306000000,1728000
1791121514.6398,4960,1224,58000,306000000,1728000
1791121514.6899,4960,1224,57937,306000000,1728000
1791121514.7400,4960,1224,57968,306000000,1728000
1791121514.7901,4968,1216,57875,306000000,1728000
1791121514.8402,4968,1216,57906,306000000,1728000
1791121514.8902,4968,1216,58031,306000000,1728000
1791121514.9403,4968,1216,57906,306000000,1728000
1791121514.9904,4968,1208,58000,306000000,1728000
1791121515.0405,4968,1216,57875,306000000,1728000
1791121515.0906,4968,1208,57968,306000000,1728000
1791121515.1406,4968,1208,57875,306000000,1728000
1791121515.1908,4968,1216,57906,306000000,1113600
1791121515.2409,4960,1224,57750,306000000,1728000
1791121515.2910,4968,1216,57968,306000000,1728000
1791121515.3410,4960,1216,58000,306000000,1728000
1791121515.3911,4968,1208,57906,306000000,1728000
1791121515.4412,4968,1216,58000,306000000,1728000
1791121515.4913,4968,1208,57812,306000000,1728000
1791121515.5414,4968,1208,57937,306000000,1728000
1791121515.5914,4968,1208,57843,306000000,1728000
1791121515.6415,4960,1208,57968,306000000,1728000
1791121515.6916,4968,1200,57812,306000000,1728000
1791121515.7417,4960,1216,57875,306000000,1728000
1791121515.7918,4960,1216,58062,306000000,1728000
1791121515.8419,4960,1216,57875,306000000,1728000
1791121515.8920,4960,1208,58000,306000000,1728000
1791121515.9421,4960,1216,57906,306000000,1728000
1791121515.9922,4968,1208,57968,306000000,1728000
1791121516.0422,4960,1216,57812,306000000,1728000
1791121516.0923,4960,1216,57906,306000000,1728000
1791121516.1424,4968,1208,57843,306000000,1728000
1791121516.1925,4960,1216,57843,306000000,1728000
1791121516.2426,4968,1208,58031,306000000,1728000
1791121516.2926,4960,1216,57781,306000000,1728000
1791121516.3427,4960,1232,57937,306000000,729600
1791121516.3928,4960,1224,57781,306000000,1728000
1791121516.4429,4960,1224,57937,306000000,1728000
1791121516.4930,4960,1224,57781,306000000,1728000
1791121516.5431,4960,1216,57843,306000000,1728000
1791121516.5931,4960,1216,57781,306000000,1728000
1791121516.6432,4960,1224,57781,306000000,1728000
1791121516.6933,4968,1208,57812,306000000,1728000
1791121516.7434,4960,1216,57750,306000000,1728000
1791121516.7934,4960,1224,57968,306000000,1728000
1791121516.8435,4968,1216,57750,306000000,1190400
1791121516.8936,4960,1232,57906,306000000,1728000
1791121516.9437,4960,1224,57781,306000000,1728000
1791121516.9938,4960,1224,57937,306000000,1728000
1791121517.0439,4960,1232,57781,306000000,1728000
1791121517.0939,4968,1224,57812,306000000,1728000
1791121517.1440,4960,1224,57781,306000000,1728000
1791121517.1941,4968,1216,57781,306000000,1728000
1791121517.2442,4968,1216,57937,306000000,1728000
1791121517.2943,4960,1224,57875,306000000,1728000
1791121517.3443,4968,1216,57906,306000000,1728000
1791121517.3944,4968,1216,57750,306000000,1728000
1791121517.4445,4960,1224,57906,306000000,1728000
1791121517.4946,4960,1232,57812,306000000,1728000
1791121517.5447,4960,1232,57843,306000000,1728000
1791121517.5948,4968,1224,57750,306000000,1728000
1791121517.6449,4960,1224,57812,306000000,1728000
1791121517.6949,4968,1216,58000,306000000,1728000
1791121517.7450,4960,1216,57781,306000000,1728000
1791121517.7951,4968,1208,57968,306000000,1728000
1791121517.8451,4968,1208,57781,306000000,1728000
1791121517.8952,4968,1208,57812,306000000,1728000
1791121517.9453,4968,1200,57718,306000000,1728000
1791121517.9954,4960,1216,57906,306000000,1728000
1791121518.0455,4960,1224,57750,306000000,1728000
1791121518.0956,4960,1216,57875,306000000,1728000
1791121518.1456,4968,1208,57968,306000000,1728000
1791121518.1957,4968,1216,57781,306000000,1728000
1791121518.2458,4968,1216,57906,306000000,1728000
1791121518.2959,4968,1208,57750,306000000,1728000
1791121518.3459,4968,1216,57875,306000000,1728000
1791121518.3960,4960,1216,57750,306000000,1728000
1791121518.4461,4960,1224,57843,306000000,1728000
1791121518.4962,4960,1224,57781,306000000,1728000
1791121518.5462,4960,1224,57812,306000000,1728000
1791121518.5963,4960,1240,57968,306000000,1728000
1791121518.6464,4960,1232,57718,306000000,1728000
1791121518.6965,4960,1224,57843,306000000,1728000
1791121518.7466,4960,1232,57750,306000000,1728000
1791121518.7967,4960,1224,57843,306000000,1728000
1791121518.8468,4960,1224,57843,306000000,1728000
1791121518.8969,4960,1224,57812,306000000,1728000
1791121518.9469,4968,1216,57718,306000000,1728000
1791121518.9970,4968,1216,57812,306000000,1728000
1791121519.0471,4968,1208,57718,306000000,1728000
1791121519.0972,4960,1216,57781,306000000,1728000
1791121519.1473,4960,1224,57875,306000000,806400
1791121519.1974,4960,1224,57750,306000000,1728000
1791121519.2474,4968,1216,57812,306000000,1728000
1791121519.2975,4968,1224,57750,306000000,1728000
1791121519.3476,4968,1216,57843,306000000,1728000
1791121519.3977,4968,1216,57781,306000000,1728000
1791121519.4477,4968,1216,57750,306000000,1728000
1791121519.4978,4968,1216,57656,306000000,1728000
1791121519.5479,4968,1208,57718,306000000,1728000
1791121519.5980,4968,1208,57843,306000000,1728000
1791121519.6481,4968,1208,57718,306000000,1728000
1791121519.6982,4960,1224,57781,306000000,1728000
1791121519.7482,4968,1216,57718,306000000,1728000
1791121519.7983,4960,1216,57781,306000000,1728000
1791121519.8484,4960,1224,57625,306000000,1728000
1791121519.8985,4968,1208,57625,306000000,1728000
1791121519.9486,4960,1216,57593,306000000,1728000
1791121519.9987,4968,1208,57781,306000000,1728000
1791121520.0487,4968,1216,57843,306000000,1728000
1791121520.0988,4968,1208,57718,306000000,1728000
1791121520.1489,4968,1208,57843,306000000,1728000
1791121520.1990,4968,1200,57656,306000000,1728000
1791121520.2491,4960,1216,57812,306000000,1728000
1791121520.2992,4968,1216,57593,306000000,1728000
1791121520.3493,4960,1224,57687,306000000,1728000
1791121520.3993,4960,1216,57593,306000000,1728000
1791121520.4494,4968,1216,57750,306000000,1728000
1791121520.4995,4968,1208,57843,306000000,1728000
1791121520.5496,4968,1208,57687,306000000,1728000
1791121520.5997,4960,1216,57750,306000000,1728000
1791121520.6498,4968,1208,57656,306000000,1728000
1791121520.6998,4968,1216,57718,306000000,1728000
1791121520.7499,4968,1208,57656,306000000,1728000
1791121520.8000,4960,1224,57750,306000000,1728000
1791121520.8501,4960,1232,57593,306000000,1728000
1791121520.9002,4960,1216,57718,306000000,1728000
1791121520.9503,4960,1224,57875,306000000,1728000
1791121521.0004,4968,1208,57656,306000000,1728000
1791121521.0505,4968,1216,57718,306000000,1728000
1791121521.1005,4968,1216,57718,306000000,1728000
1791121521.1506,4968,1216,57718,306000000,1728000
1791121521.2007,4968,1208,57593,306000000,1728000
1791121521.2508,4968,1208,57750,306000000,1728000
1791121521.3009,4968,1200,57531,306000000,1728000
1791121521.3510,4968,1208,57656,306000000,1728000
1791121521.4011,4960,1216,57656,306000000,1728000
1791121521.4512,4960,1224,57656,306000000,1728000
1791121521.5012,4960,1224,57875,306000000,1728000
1791121521.5513,4968,1216,57656,306000000,1728000
1791121521.6014,4968,1216,57812,306000000,1728000
1791121521.6515,4968,1216,57593,306000000,1728000
1791121521.7016,4968,1216,57718,306000000,1728000
1791121521.7517,4968,1208,57593,306000000,1728000
1791121521.8017,4968,1216,57687,306000000,1728000
1791121521.8518,4968,1208,57562,306000000,1728000
1791121521.9019,4968,1208,57593,306000000,1728000
1791121521.9520,4960,1224,57687,306000000,1728000
1791121522.0021,4960,1224,57656,306000000,1728000
1791121522.0522,4968,1216,57750,306000000,1728000
1791121522.1022,4960,1216,57593,306000000,1728000
1791121522.1523,4960,1224,57656,306000000,1728000
1791121522.2024,4968,1216,57625,306000000,1728000
1791121522.2525,4960,1216,57656,306000000,1728000
1791121522.3026,4960,1216,57562,306000000,1728000
1791121522.3526,4968,1216,57625,306000000,1728000
1791121522.4027,4968,1216,57750,306000000,1728000
1791121522.4528,4968,1208,57593,306000000,1113600
1791121522.5029,4960,1232,57625,306000000,1728000
1791121522.5530,4960,1232,57562,306000000,1728000
1791121522.6031,4960,1224,57718,306000000,1728000
1791121522.6532,4960,1224,57562,306000000,1728000
1791121522.7032,4968,1216,57656,306000000,1728000
1791121522.7533,4968,1224,57593,306000000,1728000
1791121522.8034,4968,1216,57687,306000000,1728000
1791121522.8535,4968,1216,57750,306000000,1728000
1791121522.9036,4968,1216,57593,306000000,1728000
1791121522.9537,4968,1208,57687,306000000,1728000
1791121523.0038,4960,1216,57562,306000000,1728000
1791121523.0538,4960,1224,57718,306000000,1728000
1791121523.1039,4960,1224,57656,306000000,1728000
1791121523.1540,4960,1224,57593,306000000,1728000
1791121523.2041,4968,1216,57468,306000000,1728000
1791121523.2542,4960,1224,57531,306000000,1728000
1791121523.3043,4968,1216,57750,306000000,1728000
1791121523.3544,4968,1216,57625,306000000,1728000
1791121523.4045,4968,1208,57656,306000000,1728000
1791121523.4545,4968,1208,57531,306000000,1728000
1791121523.5046,4968,1208,57687,306000000,1728000
1791121523.5547,4968,1208,57531,306000000,1728000
1791121523.6048,4968,1216,57593,306000000,1728000
1791121523.6549,4960,1224,57468,306000000,1728000
1791121523.7050,4968,1216,57562,306000000,1728000
1791121523.7551,4968,1216,57531,306000000,1728000
1791121523.8052,4968,1216,57593,306000000,1728000
1791121523.8552,4968,1216,57656,306000000,1728000
1791121523.9053,4968,1208,57562,306000000,1728000
1791121523.9554,4968,1208,57625,306000000,1728000
1791121524.0055,4968,1208,57468,306000000,1728000
1791121524.0556,4968,1216,57593,306000000,1728000
1791121524.1057,4968,1216,57562,306000000,1728000
1791121524.1558,4960,1224,57531,306000000,1728000
1791121524.2059,4960,1256,57468,306000000,1728000
1791121524.2559,4960,1264,57531,306000000,1728000
1791121524.3060,4960,1264,57625,306000000,1728000
1791121524.3561,4960,1264,57562,306000000,1728000
1791121524.4062,4960,1264,57625,306000000,1728000
1791121524.4563,4960,1264,57562,306000000,1728000
1791121524.5064,4960,1248,57593,306000000,1728000
1791121524.5564,4960,1248,57500,306000000,1728000
1791121524.6065,4960,1232,57593,306000000,1728000
1791121524.6566,4960,1240,57468,306000000,1728000
1791121524.7067,4960,1240,57500,306000000,1728000
1791121524.7568,4960,1248,57687,306000000,1728000
1791121524.8069,4960,1240,57500,306000000,1728000
1791121524.8570,4960,1232,57656,306000000,1728000
1791121524.9070,4960,1224,57500,306000000,1728000
1791121524.9571,4960,1224,57687,306000000,1728000
1791121525.0072,4960,1224,57468,306000000,1728000
1791121525.0573,4960,1216,57593,306000000,1728000
1791121525.1074,4968,1216,57531,306000000,1728000
1791121525.1574,4968,1216,57687,306000000,1728000
1791121525.2075,4968,1200,57718,306000000,1728000
1791121525.2576,4968,1216,57500,306000000,1728000
1791121525.3077,4960,1224,57625,306000000,1728000
1791121525.3578,4960,1224,57500,306000000,1728000
1791121525.4079,4960,1216,57562,306000000,1728000
1791121525.4580,4968,1216,57437,306000000,1728000
1791121525.5080,4960,1216,57531,306000000,1728000
1791121525.5581,4968,1208,57468,306000000,1728000
1791121525.6082,4960,1216,57562,306000000,1728000
1791121525.6583,4968,1216,57625,306000000,1728000
1791121525.7083,4968,1216,57468,306000000,1728000
1791121525.7584,4968,1200,57687,306000000,1728000
1791121525.8085,4968,1208,57468,306000000,1728000
1791121525.8586,4968,1216,57625,306000000,1420800
1791121525.9087,4960,1216,57468,306000000,1728000
1791121525.9588,4968,1208,57531,306000000,1728000
1791121526.0088,4960,1216,57500,306000000,1728000
1791121526.0589,4968,1208,57531,306000000,1728000
1791121526.1090,4960,1216,57531,306000000,1728000
1791121526.1591,4968,1208,57468,306000000,1728000
1791121526.2092,4968,1200,57562,306000000,1728000
1791121526.2592,4968,1208,57437,306000000,1728000
1791121526.3093,4968,1208,57500,306000000,1728000
1791121526.3594,4968,1208,57406,306000000,1728000
1791121526.4095,4960,1224,57500,306000000,1190400
1791121526.4596,4960,1224,57406,306000000,1728000
1791121526.5097,4960,1224,57500,306000000,1728000
1791121526.5598,4960,1224,57437,306000000,1728000
1791121526.6099,4960,1216,57406,306000000,1728000
1791121526.6599,4960,1224,57468,306000000,1728000
1791121526.7100,4968,1216,57468,306000000,1728000
1791121526.7601,4968,1216,57500,306000000,1728000
1791121526.8102,4968,1208,57468,306000000,1728000
1791121526.8603,4968,1216,57468,306000000,1728000
1791121526.9103,4968,1208,57468,306000000,1728000
1791121526.9604,4968,1216,57468,306000000,1728000
1791121527.0105,4968,1224,57468,306000000,1728000
1791121527.0606,4968,1224,57437,306000000,1728000
1791121527.1107,4968,1224,57500,306000000,1728000
1791121527.1608,4968,1216,57468,306000000,1728000
1791121527.2109,4968,1216,57593,306000000,1728000
1791121527.2609,4968,1216,57406,306000000,1728000
1791121527.3111,4968,1216,57500,306000000,1728000
1791121527.3611,4968,1208,57437,306000000,1728000
1791121527.4112,4968,1208,57468,306000000,1728000
1791121527.4613,4968,1208,57406,306000000,1728000
1791121527.5114,4968,1216,57500,306000000,1728000
1791121527.5615,4960,1232,57500,306000000,1728000
1791121527.6116,4960,1224,57468,306000000,1728000
1791121527.6616,4968,1216,57531,306000000,1728000
1791121527.7117,4968,1216,57468,306000000,1728000
1791121527.7618,4960,1224,57468,306000000,1728000
1791121527.8119,4968,1216,57468,306000000,1728000
1791121527.8620,4960,1216,57531,306000000,1728000
1791121527.9120,4968,1208,57468,306000000,1728000
1791121527.9621,4960,1208,57468,306000000,1728000
1791121528.0122,4960,1216,57562,306000000,1728000
1791121528.0623,4968,1208,57437,306000000,1728000
1791121528.1124,4960,1232,57531,306000000,729600
1791121528.1625,4960,1232,57343,306000000,1728000
1791121528.2126,4960,1224,57437,306000000,1728000
1791121528.2627,4960,1224,57468,306000000,1728000
1791121528.3128,4968,1216,57468,306000000,1728000
1791121528.3628,4960,1216,57406,306000000,1728000
1791121528.4129,4968,1208,57500,306000000,1728000
1791121528.4630,4968,1208,57531,306000000,1728000
1791121528.5131,4960,1216,57437,306000000,1728000
1791121528.5632,4968,1208,57500,306000000,1728000
1791121528.6133,4968,1216,57375,306000000,1728000
1791121528.6633,4968,1216,57468,306000000,1420800
1791121528.7134,4960,1224,57437,306000000,1728000
1791121528.7635,4968,1216,57468,306000000,1728000
1791121528.8136,4968,1216,57375,306000000,1728000
1791121528.8637,4968,1208,57437,306000000,1728000
1791121528.9138,4960,1216,57562,306000000,1728000
1791121528.9638,4968,1208,57437,306000000,1728000
1791121529.0139,4960,1208,57531,306000000,1728000
1791121529.0640,4968,1200,57468,306000000,1728000
1791121529.1141,4960,1208,57437,306000000,1728000
1791121529.1642,4968,1200,57312,306000000,1728000
1791121529.2143,4960,1216,57500,306000000,1728000
1791121529.2644,4960,1224,57437,306000000,1728000
1791121529.3144,4960,1224,57406,306000000,1728000
1791121529.3645,4960,1224,57531,306000000,1728000
1791121529.4146,4960,1216,57437,306000000,1728000
1791121529.4647,4960,1224,57468,306000000,1728000
1791121529.5148,4960,1216,57375,306000000,1728000
1791121529.5649,4960,1216,57437,306000000,1728000
1791121529.6150,4960,1216,57375,306000000,1728000
1791121529.6650,4968,1208,57437,306000000,1728000
1791121529.7151,4968,1208,57312,306000000,1728000
1791121529.7652,4960,1216,57437,306000000,1728000
1791121529.8153,4960,1216,57375,306000000,1728000
1791121529.8654,4960,1216,57312,306000000,1728000
1791121529.9155,4968,1208,57500,306000000,1728000
1791121529.9656,4968,1216,57406,306000000,1728000
1791121530.0157,4968,1208,57406,306000000,1728000
1791121530.0657,4968,1208,57375,306000000,1728000
1791121530.1158,4968,1216,57437,306000000,1728000
1791121530.1659,4968,1208,57406,306000000,1728000
1791121530.2160,4968,1208,57437,306000000,1728000
1791121530.2661,4968,1200,57343,306000000,1728000
1791121530.3162,4960,1216,57406,306000000,1728000
1791121530.3663,4960,1216,57468,306000000,1728000
1791121530.4163,4960,1224,57406,306000000,1728000
1791121530.4664,4968,1216,57437,306000000,1728000
1791121530.5165,4968,1208,57312,306000000,1728000
1791121530.5666,4968,1208,57375,306000000,1728000
1791121530.6167,4960,1216,57437,306000000,1728000
1791121530.6668,4968,1208,57375,306000000,1728000
1791121530.7168,4968,1208,57281,306000000,1728000
1791121530.7669,4968,1208,57375,306000000,1728000
1791121530.8170,4968,1208,57468,306000000,1728000
1791121530.8671,4960,1216,57312,306000000,1728000
1791121530.9172,4960,1224,57468,306000000,729600
1791121530.9673,4960,1224,57343,306000000,1728000
1791121531.0173,4960,1224,57406,306000000,1728000
1791121531.0674,4960,1216,57312,306000000,1728000
1791121531.1175,4960,1224,57437,306000000,1728000
1791121531.1676,4960,1216,57281,306000000,1728000
1791121531.2177,4960,1216,57281,306000000,1728000
1791121531.2678,4960,1224,57500,306000000,1728000
1791121531.3178,4968,1208,57312,306000000,1728000
1791121531.3679,4960,1216,57531,306000000,1728000
1791121531.4180,4968,1216,57406,306000000,1728000
1791121531.4681,4960,1224,57468,306000000,1728000
1791121531.5182,4968,1216,57250,306000000,1728000
1791121531.5683,4960,1224,57437,306000000,1728000
1791121531.6184,4960,1224,57437,306000000,1728000
1791121531.6684,4968,1216,57281,306000000,1728000
1791121531.7185,4960,1224,57468,306000000,1728000
1791121531.7686,4968,1216,57343,306000000,1728000
1791121531.8187,4968,1216,57468,306000000,1728000
1791121531.8687,4968,1216,57312,306000000,1728000
1791121531.9188,4968,1216,57375,306000000,1728000
1791121531.9689,4960,1216,57250,306000000,1728000
1791121532.0190,4960,1224,57312,306000000,1728000
1791121532.0691,4960,1232,57250,306000000,1728000
1791121532.1192,4960,1224,57312,306000000,1728000
1791121532.1693,4960,1224,57468,306000000,1728000
1791121532.2194,4968,1216,57375,306000000,1728000
1791121532.2694,4960,1216,57468,306000000,1728000
1791121532.3195,4960,1216,57281,306000000,1728000
1791121532.3696,4968,1208,57437,306000000,1728000
1791121532.4197,4960,1216,57312,306000000,1728000
1791121532.4698,4968,1208,57375,306000000,1728000
1791121532.5199,4960,1216,57281,306000000,1728000
1791121532.5700,4968,1208,57375,306000000,1728000
1791121532.6201,4968,1208,57343,306000000,1728000
1791121532.6701,4960,1216,57343,306000000,1728000
1791121532.7202,4968,1216,57437,306000000,1728000
1791121532.7703,4968,1208,57281,306000000,1728000
1791121532.8204,4968,1208,57406,306000000,1728000
1791121532.8705,4968,1208,57281,306000000,1728000
1791121532.9205,4968,1216,57437,306000000,1728000
1791121532.9706,4968,1208,57343,306000000,1728000
1791121533.0207,4968,1208,57343,306000000,1728000
1791121533.0708,4968,1216,57468,306000000,1728000
1791121533.1209,4968,1208,57375,306000000,1728000
1791121533.1710,4960,1224,57468,306000000,1728000
1791121533.2211,4960,1216,57281,306000000,1728000
1791121533.2712,4960,1216,57406,306000000,1728000
1791121533.3212,4968,1208,57250,306000000,1728000
1791121533.3713,4960,1216,57343,306000000,1728000
1791121533.4214,4968,1216,57218,306000000,1728000
1791121533.4715,4968,1216,57281,306000000,1728000
1791121533.5216,4960,1216,57281,306000000,1728000
1791121533.5716,4968,1208,57281,306000000,1728000
1791121533.6217,4968,1216,57375,306000000,1728000
1791121533.6718,4968,1216,57250,306000000,1728000
1791121533.7219,4960,1224,57437,306000000,729600
1791121533.7720,4960,1232,57312,306000000,1728000
1791121533.8221,4968,1216,57343,306000000,1728000
1791121533.8722,4960,1224,57250,306000000,1728000
1791121533.9222,4968,1216,57343,306000000,1728000
1791121533.9723,4968,1216,57187,306000000,1728000
1791121534.0224,4968,1208,57281,306000000,1728000
1791121534.0725,4960,1216,57375,306000000,1728000
1791121534.1226,4968,1208,57218,306000000,1728000
1791121534.1726,4968,1208,57375,306000000,1728000
1791121534.2227,4968,1208,57281,306000000,1728000
1791121534.2728,4960,1216,57375,306000000,1728000
1791121534.3229,4960,1224,57218,306000000,1728000
1791121534.3730,4960,1224,57343,306000000,1728000
1791121534.4231,4960,1224,57218,306000000,1728000
1791121534.4731,4960,1216,57343,306000000,1728000
1791121534.5232,4960,1216,57343,306000000,1728000
1791121534.5733,4968,1208,57281,306000000,1728000
1791121534.6234,4968,1208,57437,306000000,1728000
1791121534.6735,4960,1216,57250,306000000,1728000
1791121534.7236,4968,1208,57281,306000000,1728000
1791121534.7736,4968,1216,57156,306000000,1728000
1791121534.8237,4960,1216,57312,306000000,1728000
1791121534.8738,4960,1224,57218,306000000,1728000
1791121534.9239,4960,1224,57281,306000000,1728000
1791121534.9740,4960,1216,57406,306000000,1728000
1791121535.0241,4960,1224,57281,306000000,1728000
1791121535.0742,4968,1208,57312,306000000,1728000
1791121535.1243,4968,1216,57250,306000000,1728000
1791121535.1743,4968,1216,57343,306000000,1728000
1791121535.2244,4968,1208,57187,306000000,1728000
1791121535.2745,4968,1208,57250,306000000,1728000
1791121535.3246,4968,1208,57250,306000000,1728000
1791121535.3747,4968,1208,57375,306000000,1728000
1791121535.4247,4960,1216,57281,306000000,1728000
1791121535.4748,4968,1208,57187,306000000,1728000
1791121535.5249,4968,1216,57375,306000000,1728000
1791121535.5750,4968,1208,57218,306000000,1728000
1791121535.6251,4968,1208,57312,306000000,1728000
1791121535.6752,4968,1208,57187,306000000,1728000
1791121535.7253,4968,1200,57312,306000000,1728000
1791121535.7753,4968,1200,57187,306000000,1728000
1791121535.8254,4968,1192,57218,306000000,1728000
1791121535.8755,4968,1200,57375,306000000,1728000
1791121535.9256,4968,1200,57250,306000000,1728000
1791121535.9757,4968,1216,57343,306000000,1728000
1791121536.0258,4968,1208,57156,306000000,1728000
1791121536.0759,4968,1216,57343,306000000,1728000
1791121536.1259,4968,1200,57218,306000000,1728000
1791121536.1760,4968,1208,57281,306000000,1728000
1791121536.2261,4968,1200,57125,306000000,1728000
1791121536.2762,4968,1208,57250,306000000,1728000
1791121536.3262,4968,1200,57281,306000000,1728000
1791121536.3763,4968,1208,57187,306000000,1728000
1791121536.4264,4968,1200,57343,306000000,1728000
1791121536.4765,4968,1208,57125,306000000,1728000
1791121536.5266,4968,1224,57343,306000000,1728000
1791121536.5767,4968,1216,57156,306000000,1728000
1791121536.6268,4968,1208,57281,306000000,806400
1791121536.6768,4968,1216,57218,306000000,1728000
1791121536.7269,4968,1208,57250,306000000,1728000
1791121536.7770,4968,1208,57312,306000000,1728000
1791121536.8270,4968,1208,57218,306000000,1728000
1791121536.8771,4968,1208,57281,306000000,1728000
1791121536.9272,4968,1208,57218,306000000,1728000
1791121536.9773,4968,1208,57250,306000000,1728000
1791121537.0273,4968,1208,57187,306000000,1728000
1791121537.0774,4960,1216,57250,306000000,1728000
1791121537.1275,4960,1224,57125,306000000,1728000
1791121537.1776,4968,1208,57250,306000000,1728000
1791121537.2277,4968,1216,57187,306000000,1728000
1791121537.2777,4968,1208,57156,306000000,1728000
1791121537.3278,4968,1216,57343,306000000,1728000
1791121537.3779,4968,1216,57187,306000000,1728000
1791121537.4279,4968,1208,57281,306000000,1728000
1791121537.4780,4960,1216,57156,306000000,1728000
1791121537.5281,4968,1208,57156,306000000,1728000
1791121537.5782,4968,1208,57125,306000000,1728000
1791121537.6283,4960,1232,57218,306000000,1267200
1791121537.6784,4960,1224,57156,306000000,1728000
1791121537.7285,4960,1232,57156,306000000,1728000
1791121537.7785,4960,1216,57312,306000000,1728000
1791121537.8286,4960,1224,57187,306000000,1728000
1791121537.8787,4960,1224,57343,306000000,1728000
1791121537.9288,4968,1216,57125,306000000,1728000
1791121537.9788,4960,1224,57187,306000000,1728000
1791121538.0289,4960,1224,57156,306000000,1728000
1791121538.0790,4968,1216,57218,306000000,1728000
1791121538.1291,4968,1216,57156,306000000,1728000
1791121538.1791,4968,1216,57156,306000000,1728000
1791121538.2292,4960,1232,57312,306000000,1728000
1791121538.2793,4968,1216,57125,306000000,1728000
1791121538.3294,4968,1216,57250,306000000,1728000
1791121538.3795,4968,1216,57093,306000000,1728000
1791121538.4295,4960,1216,57187,306000000,1728000
1791121538.4796,4968,1208,57218,306000000,1728000
1791121538.5297,4968,1216,57218,306000000,1728000
1791121538.5798,4960,1216,57062,306000000,1728000
1791121538.6299,4968,1208,57187,306000000,1728000
1791121538.6800,4960,1216,57250,306000000,1728000
1791121538.7301,4968,1208,57156,306000000,1728000
1791121538.7801,4960,1224,57250,306000000,1728000
1791121538.8302,4960,1224,57156,306000000,1728000
1791121538.8803,4960,1224,57218,306000000,1728000
1791121538.9304,4960,1224,57156,306000000,1728000
1791121538.9805,4968,1216,57187,306000000,1728000
1791121539.0306,4968,1216,57156,306000000,1728000
1791121539.0806,4968,1216,57218,306000000,1728000
1791121539.1307,4968,1216,57281,306000000,1728000
1791121539.1808,4968,1216,57156,306000000,1728000
1791121539.2309,4968,1208,57250,306000000,1728000
1791121539.2810,4960,1216,57125,306000000,1728000
1791121539.3312,4960,1232,57250,306000000,1728000
1791121539.3813,4960,1224,57125,306000000,1728000
1791121539.4314,4968,1216,57093,306000000,1728000
1791121539.4815,4968,1216,57031,306000000,1728000
1791121539.5316,4968,1216,57187,306000000,1728000
1791121539.5817,4968,1216,57281,306000000,1728000
1791121539.6317,4968,1216,57156,306000000,1728000
1791121539.6818,4968,1208,57281,306000000,1728000
1791121539.7319,4968,1216,57125,306000000,1728000
1791121539.7820,4960,1224,57218,306000000,1728000
1791121539.8321,4960,1216,57125,306000000,1728000
1791121539.8822,4960,1232,57218,306000000,1728000
1791121539.9323,4960,1232,57093,306000000,1728000
1791121539.9823,4960,1224,57250,306000000,1728000
1791121540.0324,4968,1224,57343,306000000,1728000
1791121540.0825,4968,1216,57187,306000000,1728000
1791121540.1326,4968,1216,57250,306000000,1728000
1791121540.1827,4968,1216,57093,306000000,1728000
1791121540.2327,4968,1216,57250,306000000,1728000
1791121540.2828,4968,1216,57093,306000000,1728000
1791121540.3329,4968,1216,57187,306000000,1728000
1791121540.3830,4968,1216,57031,306000000,1728000
1791121540.4331,4960,1224,57218,306000000,1728000
1791121540.4832,4960,1224,57250,306000000,1728000
1791121540.5333,4960,1224,57156,306000000,1728000
1791121540.5833,4968,1224,57281,306000000,1728000
1791121540.6334,4968,1216,57156,306000000,1728000
1791121540.6835,4960,1224,57187,306000000,1728000
1791121540.7336,4968,1224,57093,306000000,1728000
1791121540.7837,4968,1216,57093,306000000,1728000
1791121540.8337,4968,1216,57125,306000000,1728000
1791121540.8838,4968,1216,57125,306000000,1728000
1791121540.9339,4968,1208,57250,306000000,1728000
1791121540.9840,4960,1224,57125,306000000,1728000
1791121541.0341,4960,1224,57312,306000000,1728000
1791121541.0842,4960,1224,57156,306000000,1728000
1791121541.1343,4968,1216,57125,306000000,1728000
1791121541.1843,4960,1224,57062,306000000,1728000
1791121541.2344,4960,1224,57187,306000000,1728000
1791121541.2845,4968,1216,57031,306000000,1728000
1791121541.3346,4960,1216,57093,306000000,1728000
1791121541.3847,4960,1224,57093,306000000,1728000
1791121541.4348,4960,1232,57125,306000000,806400
1791121541.4849,4960,1224,57250,306000000,1728000
1791121541.5350,4960,1232,57125,306000000,1344000
1791121541.5851,4960,1240,57187,306000000,1728000
1791121541.6352,4960,1248,57062,306000000,1728000
1791121541.6853,4960,1248,57125,306000000,1728000
1791121541.7354,4960,1248,57062,306000000,1728000
1791121541.7855,4960,1240,57156,306000000,729600
1791121541.8356,4960,1240,57062,306000000,1728000
1791121541.8856,4960,1240,57125,306000000,1728000
1791121541.9357,4960,1240,57218,306000000,1728000
1791121541.9858,4960,1232,57031,306000000,1728000
1791121542.0359,4968,1224,57156,306000000,1728000
1791121542.0860,4960,1224,57093,306000000,1728000
1791121542.1361,4960,1248,57156,306000000,1728000
1791121542.1862,4960,1248,57031,306000000,1728000
1791121542.2363,4960,1248,57125,306000000,1728000
1791121542.2864,4960,1240,57031,306000000,1728000
1791121542.3365,4960,1248,57156,306000000,1728000
1791121542.3866,4960,1272,57093,306000000,1728000
1791121542.4366,4960,1280,57062,306000000,1728000
1791121542.4867,4960,1280,57250,306000000,806400
1791121542.5368,4960,1280,57031,306000000,1728000
1791121542.5869,4960,1264,57218,306000000,1728000
1791121542.6370,4960,1264,57062,306000000,1728000
1791121542.6871,4960,1288,57125,306000000,1190400
1791121542.7372,4960,1280,57031,306000000,1728000
1791121542.7873,4960,1280,57093,306000000,883200
1791121542.8374,4960,1272,57000,306000000,1728000
1791121542.8875,4960,1264,57062,306000000,883200
1791121542.9376,4960,1256,57187,306000000,1728000
1791121542.9877,4960,1248,57062,306000000,1728000
1791121543.0378,4960,1248,57218,306000000,1728000
1791121543.0879,4960,1248,57031,306000000,1728000
1791121543.1379,4960,1248,57187,306000000,1728000
1791121543.1880,4960,1248,57031,306000000,1728000
1791121543.2381,4960,1264,57093,306000000,1728000
1791121543.2882,4960,1272,57000,306000000,1728000
1791121543.3383,4960,1256,57093,306000000,1728000
1791121543.3884,4960,1256,57218,306000000,1728000
1791121543.4385,4960,1256,57062,306000000,1728000
1791121543.4886,4960,1240,57125,306000000,1728000
1791121543.5387,4960,1248,57031,306000000,1728000
1791121543.5888,4960,1240,57125,306000000,1728000
1791121543.6389,4960,1232,57093,306000000,1728000
1791121543.6890,4960,1240,57062,306000000,1728000
1791121543.7391,4960,1232,57031,306000000,1728000
1791121543.7892,4960,1240,57156,306000000,1728000
1791121543.8393,4960,1248,57312,306000000,1728000
1791121543.8894,4960,1256,57062,306000000,1728000
1791121543.9394,4960,1240,57125,306000000,1728000
1791121543.9895,4960,1240,57125,306000000,806400
1791121544.0396,4960,1240,57125,306000000,1728000
1791121544.0897,4960,1240,57031,306000000,1728000
1791121544.1398,4960,1240,57093,306000000,1728000
1791121544.1899,4960,1232,57000,306000000,1728000
1791121544.2400,4960,1232,57031,306000000,1728000
1791121544.2901,4960,1216,57218,306000000,1728000
1791121544.3402,4960,1232,57031,306000000,1728000
1791121544.3903,4960,1248,57125,306000000,1728000
1791121544.4404,4960,1256,57031,306000000,1728000
1791121544.4905,4960,1248,57156,306000000,1728000
1791121544.5406,4960,1248,57031,306000000,1728000
1791121544.5907,4960,1256,57062,306000000,1728000
1791121544.6408,4960,1256,57000,306000000,1728000
1791121544.6909,4960,1256,57093,306000000,1728000
1791121544.7410,4960,1248,57156,306000000,1728000
1791121544.7911,4960,1248,57000,306000000,1728000
1791121544.8412,4960,1240,57156,306000000,1728000
1791121544.8913,4960,1240,57156,306000000,1728000
1791121544.9413,4960,1256,57093,306000000,1344000
1791121544.9914,4960,1256,57031,306000000,1728000
1791121545.0415,4960,1256,57093,306000000,1728000
1791121545.0916,4960,1256,56968,306000000,1728000
1791121545.1417,4960,1256,57062,306000000,1728000
1791121545.1918,4960,1256,57031,306000000,1728000
1791121545.2419,4960,1248,57031,306000000,1728000
1791121545.2920,4960,1248,57187,306000000,1728000
1791121545.3421,4960,1248,57031,306000000,1728000
1791121545.3922,4960,1240,57187,306000000,1728000
1791121545.4423,4960,1240,57000,306000000,1728000
1791121545.4924,4960,1256,57093,306000000,1728000
1791121545.5425,4960,1264,57000,306000000,1728000
1791121545.5926,4960,1256,57093,306000000,1728000
1791121545.6427,4960,1248,56937,306000000,1728000
1791121545.6928,4960,1248,57000,306000000,1728000
1791121545.7428,4960,1240,57187,306000000,729600
1791121545.7929,4960,1240,57000,306000000,1728000
1791121545.8430,4960,1232,57093,306000000,1728000
1791121545.8931,4960,1232,56968,306000000,1728000
1791121545.9432,4960,1232,57031,306000000,1728000
1791121545.9932,4960,1224,57000,306000000,1728000
1791121546.0433,4960,1224,57093,306000000,1190400
1791121546.0934,4960,1232,57000,306000000,1728000
1791121546.1435,4968,1224,57062,306000000,1728000
1791121546.1936,4960,1224,57156,306000000,1728000
1791121546.2437,4968,1216,57000,306000000,1728000
1791121546.2938,4968,1216,57062,306000000,1728000
1791121546.3438,4968,1216,57000,306000000,1728000
1791121546.3939,4968,1216,57093,306000000,1728000
1791121546.4440,4968,1216,56937,306000000,1728000
1791121546.4941,4968,1208,57000,306000000,1728000
1791121546.5441,4968,1216,57000,306000000,1728000
1791121546.5942,4968,1208,57062,306000000,1728000
1791121546.6443,4960,1224,57062,306000000,1728000
1791121546.6944,4968,1216,57000,306000000,1728000
1791121546.7445,4960,1224,57125,306000000,1728000
1791121546.7946,4968,1216,57000,306000000,1728000
1791121546.8447,4968,1216,57062,306000000,1728000
1791121546.8948,4968,1216,56968,306000000,1728000
1791121546.9448,4968,1208,57000,306000000,1728000
1791121546.9949,4968,1216,56968,306000000,1728000
1791121547.0450,4968,1208,57000,306000000,1728000
1791121547.0951,4968,1208,57125,306000000,1728000
1791121547.1452,4968,1208,57000,306000000,1728000
1791121547.1953,4960,1224,57093,306000000,1728000
1791121547.2454,4960,1232,57000,306000000,1728000
1791121547.2954,4968,1224,57000,306000000,1728000
1791121547.3455,4968,1224,56968,306000000,1728000
1791121547.3956,4960,1224,56937,306000000,1728000
1791121547.4457,4960,1216,56968,306000000,1728000
1791121547.4958,4968,1216,56968,306000000,1728000
1791121547.5458,4968,1216,57062,306000000,1728000
1791121547.5959,4968,1216,57000,306000000,1728000
1791121547.6460,4960,1216,57125,306000000,1728000
1791121547.6961,4968,1216,57000,306000000,1728000
1791121547.7462,4960,1232,57125,306000000,1728000
1791121547.7963,4960,1224,56937,306000000,1728000
1791121547.8463,4960,1224,57062,306000000,1728000
1791121547.8964,4968,1224,56906,306000000,1728000
1791121547.9465,4968,1216,57000,306000000,1728000
1791121547.9966,4968,1208,57093,306000000,1728000
1791121548.0467,4968,1216,57000,306000000,1728000
1791121548.0968,4968,1216,57000,306000000,1728000
1791121548.1468,4968,1208,56937,306000000,1728000
1791121548.1969,4968,1216,57000,306000000,1728000
1791121548.2470,4968,1208,56968,306000000,1728000
1791121548.2971,4960,1224,57031,306000000,1728000
1791121548.3472,4968,1216,56968,306000000,1728000
1791121548.3972,4960,1224,57000,306000000,1728000
1791121548.4473,4960,1224,57125,306000000,1728000
1791121548.4974,4968,1216,56968,306000000,1728000
1791121548.5475,4960,1224,57156,306000000,1728000
1791121548.5976,4968,1208,56968,306000000,1728000
1791121548.6477,4968,1216,57000,306000000,1728000
1791121548.6977,4968,1208,56937,306000000,1728000
1791121548.7478,4968,1208,56968,306000000,1728000
1791121548.7979,4968,1200,56968,306000000,1728000
1791121548.8480,4960,1216,57000,306000000,1190400
1791121548.8981,4960,1224,56937,306000000,1728000
1791121548.9482,4960,1216,56968,306000000,1728000
1791121548.9983,4960,1224,57031,306000000,1728000
1791121549.0484,4968,1208,56937,306000000,1728000
1791121549.0984,4968,1216,57031,306000000,1728000
1791121549.1485,4968,1208,56937,306000000,1728000
1791121549.1986,4968,1208,57031,306000000,1728000
1791121549.2487,4968,1200,56875,306000000,1728000
1791121549.2988,4968,1208,57000,306000000,1728000
1791121549.3489,4960,1216,56906,306000000,1728000
1791121549.3989,4968,1216,56875,306000000,1344000
1791121549.4490,4960,1224,56968,306000000,1728000
1791121549.4991,4960,1232,56937,306000000,1728000
1791121549.5492,4960,1216,57000,306000000,1728000
1791121549.5993,4960,1224,56906,306000000,1728000
1791121549.6494,4968,1216,57000,306000000,1728000
1791121549.6995,4968,1216,56843,306000000,1728000
1791121549.7496,4968,1208,56968,306000000,1728000
1791121549.7997,4968,1216,56875,306000000,1728000
1791121549.8497,4968,1216,56875,306000000,1728000
1791121549.8998,4968,1208,57062,306000000,1728000
1791121549.9499,4960,1216,56875,306000000,1728000
1791121550.0000,4960,1224,57000,306000000,1728000
1791121550.0501,4960,1224,56906,306000000,1728000
1791121550.1002,4960,1224,57000,306000000,1728000
1791121550.1502,4960,1216,56906,306000000,1728000
1791121550.2003,4960,1224,56968,306000000,1728000
1791121550.2504,4968,1208,56906,306000000,1728000
1791121550.3005,4968,1216,56937,306000000,1728000
1791121550.3506,4968,1208,57000,306000000,1728000
1791121550.4006,4968,1216,56937,306000000,1728000
1791121550.4507,4968,1200,57062,306000000,1728000
1791121550.5008,4968,1208,56843,306000000,1728000
1791121550.5509,4960,1216,57000,306000000,1728000
1791121550.6010,4960,1224,56906,306000000,1728000
1791121550.6511,4968,1208,56968,306000000,1728000
1791121550.7011,4968,1216,56875,306000000,1728000
1791121550.7512,4960,1216,56968,306000000,1728000
1791121550.8013,4968,1208,57031,306000000,1728000
1791121550.8514,4968,1216,56968,306000000,1728000
1791121550.9015,4960,1216,56968,306000000,1728000
1791121550.9515,4968,1208,56843,306000000,1728000
1791121551.0016,4960,1216,57000,306000000,1728000
1791121551.0517,4968,1208,56843,306000000,1728000
1791121551.1018,4960,1224,56968,306000000,1728000
1791121551.1519,4960,1232,56843,306000000,1728000
1791121551.2020,4960,1224,57000,306000000,1728000
1791121551.2520,4960,1224,57093,306000000,1728000
1791121551.3021,4968,1216,56875,306000000,1728000
1791121551.3522,4968,1216,57000,306000000,1728000
1791121551.4023,4968,1216,56875,306000000,1728000
1791121551.4524,4960,1216,57031,306000000,1728000
1791121551.5024,4968,1208,56843,306000000,1728000
1791121551.5525,4968,1216,56906,306000000,1728000
1791121551.6026,4968,1208,56843,306000000,1728000
1791121551.6527,4960,1216,56937,306000000,1728000
1791121551.7028,4960,1224,57031,306000000,1728000
1791121551.7529,4960,1224,56968,306000000,1728000
1791121551.8029,4968,1208,57031,306000000,1728000
1791121551.8530,4960,1216,56875,306000000,1728000
1791121551.9031,4968,1208,56968,306000000,1728000
1791121551.9532,4968,1216,56906,306000000,1728000
1791121552.0033,4968,1200,57000,306000000,1728000
1791121552.0534,4968,1208,56843,306000000,1728000
1791121552.1034,4968,1208,56875,306000000,1728000
1791121552.1535,4968,1208,57031,306000000,1728000
1791121552.2036,4960,1216,56937,306000000,1728000
1791121552.2537,4960,1216,57062,306000000,1728000
1791121552.3038,4960,1224,56812,306000000,1728000
1791121552.3539,4968,1208,56937,306000000,1728000
1791121552.4039,4960,1216,56843,306000000,1728000
1791121552.4540,4968,1208,56906,306000000,1728000
1791121552.5041,4968,1208,56750,306000000,1728000
1791121552.5542,4968,1200,56875,306000000,1728000
1791121552.6043,4968,1200,57000,306000000,1728000
1791121552.6543,4968,1200,56968,306000000,1728000
1791121552.7044,4968,1208,57000,306000000,1728000
1791121552.7545,4968,1200,56968,306000000,1728000
1791121552.8046,4960,1224,56968,306000000,1728000
1791121552.8547,4960,1224,56875,306000000,1728000
1791121552.9048,4960,1216,57000,306000000,1728000
1791121552.9549,4960,1224,56843,306000000,1728000
1791121553.0049,4968,1208,56968,306000000,1728000
1791121553.0550,4968,1216,56843,306000000,1728000
1791121553.1051,4960,1224,56843,306000000,1728000
1791121553.1552,4968,1208,57031,306000000,1728000
1791121553.2052,4968,1216,56875,306000000,1728000
1791121553.2553,4968,1208,57000,306000000,1728000
1791121553.3054,4968,1216,56875,306000000,1113600
1791121553.3555,4960,1216,56906,306000000,1420800
1791121553.4056,4960,1224,56843,306000000,1728000
1791121553.4557,4960,1224,56906,306000000,1728000
1791121553.5057,4968,1216,56875,306000000,1728000
1791121553.5558,4968,1216,56906,306000000,1728000
1791121553.6059,4968,1216,57000,306000000,1728000
1791121553.6560,4968,1216,56875,306000000,1728000
1791121553.7061,4968,1216,56968,306000000,1728000
1791121553.7561,4968,1208,56875,306000000,1728000
1791121553.8062,4968,1208,56937,306000000,1728000
1791121553.8563,4968,1208,56843,306000000,1728000
1791121553.9064,4960,1224,56968,306000000,1728000
1791121553.9565,4968,1224,56718,306000000,1728000
1791121554.0066,4968,1224,56781,306000000,1728000
1791121554.0566,4968,1216,56937,306000000,1728000
1791121554.1067,4968,1216,56812,306000000,1728000
1791121554.1568,4968,1208,57000,306000000,1728000
1791121554.2069,4968,1216,56750,306000000,1728000
1791121554.2569,4968,1208,56906,306000000,1728000
1791121554.3070,4968,1208,56843,306000000,1728000
1791121554.3571,4968,1200,56781,306000000,1728000
1791121554.4072,4968,1200,56750,306000000,1728000
1791121554.4573,4968,1208,56906,306000000,1497600
1791121554.5073,4968,1208,57000,306000000,1728000
1791121554.5574,4968,1216,56812,306000000,1728000
1791121554.6075,4968,1200,56875,306000000,1728000
1791121554.6576,4968,1208,56781,306000000,1728000
1791121554.7077,4968,1208,56875,306000000,1728000
1791121554.7578,4968,1208,56843,306000000,1728000
1791121554.8078,4960,1208,56937,306000000,1728000
1791121554.8579,4968,1200,56843,306000000,1728000
1791121554.9080,4968,1208,56906,306000000,1728000
1791121554.9581,4968,1208,56968,306000000,1728000
1791121555.0081,4968,1216,56875,306000000,1728000
1791121555.0582,4960,1224,56968,306000000,1728000
1791121555.1083,4968,1216,56875,306000000,1728000
1791121555.1584,4960,1224,56906,306000000,1728000
1791121555.2085,4968,1216,56843,306000000,1728000
1791121555.2586,4968,1216,56906,306000000,1728000
1791121555.3086,4968,1216,56875,306000000,1728000
1791121555.3587,4968,1208,56843,306000000,1728000
1791121555.4088,4968,1216,56937,306000000,1728000
1791121555.4589,4968,1208,56812,306000000,1728000
1791121555.5090,4968,1208,57000,306000000,1728000
1791121555.5591,4968,1208,56843,306000000,1113600
1791121555.6092,4960,1224,56937,306000000,1728000
1791121555.6593,4960,1216,56781,306000000,1728000
1791121555.7094,4960,1216,56875,306000000,1728000
1791121555.7594,4968,1216,56781,306000000,1728000
1791121555.8095,4968,1216,56906,306000000,1728000
1791121555.8596,4968,1216,57000,306000000,1728000
1791121555.9097,4968,1208,56781,306000000,1728000
1791121555.9598,4968,1216,56937,306000000,1728000
1791121556.0099,4968,1208,56843,306000000,1728000
1791121556.0599,4968,1208,56906,306000000,1728000
1791121556.1100,4968,1208,56750,306000000,1728000
1791121556.1601,4960,1216,56781,306000000,1728000
1791121556.2102,4960,1224,56875,306000000,1728000
1791121556.2603,4968,1216,56875,306000000,1728000
1791121556.3104,4968,1216,57031,306000000,1728000
1791121556.3604,4968,1208,56812,306000000,1728000
1791121556.4105,4968,1208,56906,306000000,1728000
1791121556.4606,4968,1208,56781,306000000,1728000
1791121556.5107,4968,1200,56937,306000000,1728000
1791121556.5608,4968,1200,56781,306000000,1728000
1791121556.6109,4968,1192,56906,306000000,1728000
1791121556.6609,4968,1200,56781,306000000,1728000
1791121556.7111,4968,1216,56968,306000000,1267200
1791121556.7611,4968,1216,56843,306000000,1728000
1791121556.8112,4968,1208,56812,306000000,1728000
1791121556.8613,4968,1208,56968,306000000,1728000
1791121556.9114,4968,1216,56812,306000000,1728000
1791121556.9615,4968,1208,56875,306000000,1728000
1791121557.0116,4968,1216,56812,306000000,1728000
1791121557.0617,4968,1208,56843,306000000,1728000
1791121557.1117,4968,1208,56750,306000000,1728000
1791121557.1618,4968,1200,56906,306000000,1728000
1791121557.2119,4968,1200,56718,306000000,1728000
1791121557.2620,4968,1208,56906,306000000,1728000
1791121557.3121,4968,1224,56937,306000000,1728000
1791121557.3621,4968,1216,56718,306000000,1728000
1791121557.4122,4968,1216,56968,306000000,1728000
1791121557.4623,4968,1216,56812,306000000,1728000
1791121557.5124,4968,1216,56875,306000000,1728000
1791121557.5625,4968,1216,56781,306000000,1728000
1791121557.6125,4968,1208,56843,306000000,1728000
1791121557.6626,4968,1208,56718,306000000,1728000
1791121557.7127,4968,1208,56781,306000000,1728000
1791121557.7628,4968,1208,56906,306000000,1728000
1791121557.8129,4968,1208,56750,306000000,1728000
1791121557.8630,4960,1224,56937,306000000,1728000
1791121557.9131,4968,1208,56781,306000000,1728000
1791121557.9631,4968,1216,56843,306000000,1728000
1791121558.0132,4960,1216,56781,306000000,1728000
1791121558.0633,4968,1208,56843,306000000,1728000
1791121558.1134,4960,1216,56750,306000000,1728000
1791121558.1635,4968,1200,56750,306000000,1728000
1791121558.2136,4968,1208,56968,306000000,1728000
1791121558.2637,4968,1200,56781,306000000,1728000
1791121558.3137,4968,1208,56906,306000000,1728000
1791121558.3638,4968,1200,56718,306000000,1728000
1791121558.4139,4960,1216,56906,306000000,729600
1791121558.4640,4960,1216,56718,306000000,1728000
1791121558.5141,4968,1216,56812,306000000,1728000
1791121558.5642,4968,1208,56750,306000000,1728000
1791121558.6143,4968,1208,56781,306000000,1728000
1791121558.6644,4968,1216,56906,306000000,1728000
1791121558.7144,4968,1208,56781,306000000,1728000
1791121558.7645,4968,1208,56937,306000000,1728000
1791121558.8146,4968,1208,56781,306000000,1728000
1791121558.8647,4968,1208,56843,306000000,1728000
1791121558.9147,4968,1208,56718,306000000,1728000
1791121558.9648,4960,1224,56812,306000000,1728000
1791121559.0149,4960,1224,56656,306000000,1728000
1791121559.0650,4960,1224,56781,306000000,1728000
1791121559.1151,4968,1216,56625,306000000,1728000
1791121559.1652,4960,1216,56750,306000000,1728000
1791121559.2153,4968,1216,56906,306000000,1728000
1791121559.2653,4968,1208,56718,306000000,1728000
1791121559.3154,4968,1208,56843,306000000,1728000
1791121559.3655,4968,1208,56687,306000000,1728000
1791121559.4156,4968,1208,56718,306000000,1728000
1791121559.4657,4968,1200,56750,306000000,1728000
1791121559.5158,4968,1216,56812,306000000,1728000
1791121559.5659,4960,1216,56656,306000000,1728000
1791121559.6160,4968,1216,56781,306000000,1728000
1791121559.6660,4960,1216,56875,306000000,1728000
1791121559.7161,4960,1224,56656,306000000,1728000
1791121559.7662,4968,1216,56906,306000000,1728000
1791121559.8163,4968,1216,56718,306000000,1728000
1791121559.8664,4968,1208,56750,306000000,1728000
1791121559.9165,4968,1216,56656,306000000,1728000
1791121559.9665,4968,1208,56718,306000000,1728000
1791121560.0166,4968,1216,56687,306000000,1728000
1791121560.0667,4968,1216,56718,306000000,1497600
1791121560.1168,4960,1224,56843,306000000,1728000
1791121560.1669,4968,1216,56750,306000000,1728000
1791121560.2170,4968,1216,56781,306000000,1728000
1791121560.2671,4968,1208,56562,306000000,1728000
1791121560.3172,4968,1216,56750,306000000,1728000
1791121560.3672,4968,1216,56593,306000000,1728000
1791121560.4173,4968,1208,56781,306000000,1728000
1791121560.4674,4968,1208,56656,306000000,1728000
1791121560.5175,4968,1200,56750,306000000,1728000
1791121560.5676,4968,1200,56781,306000000,1728000
1791121560.6177,4968,1208,56687,306000000,1728000
1791121560.6678,4968,1208,56843,306000000,1728000
1791121560.7179,4968,1208,56687,306000000,1728000
1791121560.7679,4968,1208,56781,306000000,1728000
1791121560.8180,4968,1216,56625,306000000,1728000
1791121560.8681,4968,1200,56781,306000000,1728000
1791121560.9182,4968,1200,56625,306000000,1728000
1791121560.9683,4968,1200,56687,306000000,1728000
1791121561.0184,4968,1200,56781,306000000,1728000
1791121561.0685,4968,1200,56656,306000000,1728000
1791121561.1186,4968,1208,56750,306000000,1728000
1791121561.1687,4968,1200,56687,306000000,1728000
1791121561.2188,4960,1224,56687,306000000,1728000
1791121561.2688,4968,1216,56625,306000000,1728000
1791121561.3189,4968,1216,56625,306000000,1728000
1791121561.3690,4968,1208,56593,306000000,1728000
1791121561.4191,4968,1216,56656,306000000,1728000
1791121561.4692,4968,1208,56562,306000000,1728000
1791121561.5192,4968,1208,56656,306000000,1728000
1791121561.5693,4968,1208,56781,306000000,1728000
1791121561.6194,4968,1208,56656,306000000,1728000
1791121561.6695,4968,1208,56781,306000000,1728000
1791121561.7196,4960,1216,56625,306000000,1728000
1791121561.7697,4960,1216,56781,306000000,1728000
1791121561.8198,4960,1224,56656,306000000,1728000
1791121561.8698,4960,1224,56750,306000000,1728000
1791121561.9199,4960,1216,56625,306000000,1728000
1791121561.9700,4968,1216,56687,306000000,1728000
1791121562.0201,4968,1208,56812,306000000,1728000
1791121562.0702,4968,1200,56687,306000000,1728000
1791121562.1202,4968,1208,56750,306000000,1728000
1791121562.1703,4968,1216,56593,306000000,1728000
1791121562.2204,4968,1208,56656,306000000,1728000
1791121562.2705,4968,1208,56625,306000000,1728000
1791121562.3206,4960,1224,56718,306000000,1728000
1791121562.3706,4960,1224,56687,306000000,1728000
1791121562.4207,4960,1224,56718,306000000,1728000
1791121562.4708,4968,1216,56812,306000000,1728000
1791121562.5209,4968,1216,56625,306000000,1728000
1791121562.5710,4968,1216,56781,306000000,1728000
1791121562.6211,4968,1208,56593,306000000,1728000
1791121562.6711,4968,1216,56750,306000000,1728000
1791121562.7212,4968,1208,56500,306000000,1728000
1791121562.7713,4968,1208,56750,306000000,1728000
1791121562.8214,4968,1200,56562,306000000,1728000
1791121562.8715,4968,1216,56687,306000000,1728000
1791121562.9216,4968,1216,56718,306000000,1728000
1791121562.9717,4968,1216,56656,306000000,1728000
1791121563.0217,4968,1216,56843,306000000,1728000
1791121563.0718,4968,1216,56625,306000000,1728000
1791121563.1219,4968,1216,56687,306000000,1728000
1791121563.1720,4968,1216,56593,306000000,1728000
1791121563.2221,4968,1200,56625,306000000,1728000
1791121563.2722,4968,1208,56593,306000000,1728000
1791121563.3222,4968,1200,56625,306000000,1728000
1791121563.3723,4968,1200,56843,306000000,1728000
1791121563.4224,4968,1200,56531,306000000,1728000
1791121563.4725,4968,1216,56687,306000000,1728000
1791121563.5226,4968,1208,56500,306000000,1728000
1791121563.5727,4968,1208,56656,306000000,1728000
1791121563.6228,4968,1208,56562,306000000,1728000
1791121563.6729,4968,1216,56687,306000000,1728000
1791121563.7229,4968,1200,56562,306000000,1728000
1791121563.7730,4968,1208,56593,306000000,1728000
1791121563.8231,4968,1208,56562,306000000,1728000
1791121563.8731,4968,1208,56625,306000000,1728000
1791121563.9232,4968,1208,56812,306000000,1728000
1791121563.9733,4968,1208,56562,306000000,1728000
1791121564.0234,4960,1224,56687,306000000,1728000
1791121564.0735,4968,1216,56625,306000000,1728000
1791121564.1236,4960,1224,56656,306000000,1728000
1791121564.1737,4968,1208,56593,306000000,1728000
1791121564.2238,4968,1216,56625,306000000,1728000
1791121564.2739,4968,1208,56531,306000000,1728000
1791121564.3239,4968,1208,56593,306000000,1728000
1791121564.3740,4968,1200,56750,306000000,1728000
1791121564.4241,4968,1208,56562,306000000,1728000
1791121564.4742,4968,1200,56687,306000000,1728000
1791121564.5243,4968,1200,56562,306000000,1728000
1791121564.5744,4968,1208,56687,306000000,1728000
1791121564.6244,4968,1216,56531,306000000,1728000
1791121564.6745,4968,1208,56562,306000000,1728000
1791121564.7246,4968,1208,56500,306000000,1728000
1791121564.7747,4968,1200,56562,306000000,1728000
1791121564.8248,4968,1200,56843,306000000,1728000
1791121564.8749,4968,1200,56593,306000000,1728000
1791121564.9249,4968,1200,56718,306000000,1728000
1791121564.9750,4968,1200,56531,306000000,1728000
1791121565.0251,4968,1200,56625,306000000,1728000
1791121565.0752,4968,1200,56500,306000000,1728000
1791121565.1253,4968,1216,56562,306000000,1728000
1791121565.1754,4968,1216,56531,306000000,1728000
1791121565.2255,4960,1216,56593,306000000,1728000
1791121565.2756,4968,1208,56750,306000000,1728000
1791121565.3256,4968,1216,56562,306000000,1728000
1791121565.3757,4960,1216,56687,306000000,1728000
1791121565.4258,4968,1208,56500,306000000,1728000
1791121565.4759,4968,1216,56687,306000000,1728000
1791121565.5259,4968,1208,56562,306000000,1728000
1791121565.5760,4968,1200,56687,306000000,1728000
1791121565.6261,4968,1208,56500,306000000,1728000
1791121565.6762,4960,1224,56656,306000000,1728000
1791121565.7263,4960,1224,56750,306000000,1728000
1791121565.7764,4960,1240,56625,306000000,1728000
1791121565.8265,4960,1232,56656,306000000,1728000
1791121565.8766,4960,1224,56531,306000000,1728000
1791121565.9266,4960,1240,56656,306000000,1728000
1791121565.9767,4960,1264,56625,306000000,1728000
1791121566.0268,4960,1272,56625,306000000,1728000
1791121566.0769,4960,1272,56531,306000000,1728000
1791121566.1270,4960,1272,56656,306000000,1728000
1791121566.1771,4960,1272,56500,306000000,1728000
1791121566.2272,4960,1264,56531,306000000,1420800
1791121566.2773,4960,1272,56718,306000000,1728000
1791121566.3273,4960,1264,56593,306000000,1728000
1791121566.3774,4960,1256,56687,306000000,1728000
1791121566.4275,4960,1248,56500,306000000,1728000
1791121566.4776,4960,1240,56562,306000000,1728000
1791121566.5277,4960,1240,56531,306000000,1728000
1791121566.5778,4960,1232,56562,306000000,1728000
1791121566.6278,4960,1232,56562,306000000,1728000
1791121566.6779,4968,1224,56500,306000000,1728000
1791121566.7280,4968,1224,56656,306000000,1728000
1791121566.7781,4968,1216,56531,306000000,1728000
1791121566.8282,4960,1232,56656,306000000,1728000
1791121566.8783,4968,1224,56531,306000000,1728000
1791121566.9284,4960,1232,56593,306000000,1728000
1791121566.9785,4968,1216,56531,306000000,1728000
1791121567.0285,4968,1224,56562,306000000,1728000
1791121567.0786,4968,1216,56531,306000000,1728000
1791121567.1287,4968,1216,56500,306000000,1728000
1791121567.1788,4968,1216,56781,306000000,1728000
1791121567.2289,4968,1216,56531,306000000,1728000
1791121567.2790,4968,1208,56593,306000000,1728000
1791121567.3290,4968,1208,56562,306000000,1728000
1791121567.3791,4960,1224,56656,306000000,1420800
1791121567.4292,4960,1232,56500,306000000,1728000
1791121567.4793,4968,1224,56500,306000000,1728000
1791121567.5294,4968,1224,56437,306000000,1728000
1791121567.5795,4960,1224,56562,306000000,1728000
1791121567.6295,4968,1216,56750,306000000,1728000
1791121567.6796,4968,1216,56500,306000000,1728000
1791121567.7297,4968,1216,56687,306000000,1728000
1791121567.7798,4960,1216,56531,306000000,1728000
1791121567.8299,4968,1208,56593,306000000,1728000
1791121567.8799,4968,1208,56468,306000000,1728000
1791121567.9300,4960,1216,56562,306000000,1728000
1791121567.9801,4960,1216,56500,306000000,1728000
1791121568.0302,4960,1216,56468,306000000,1728000
1791121568.0803,4968,1208,56625,306000000,1728000
1791121568.1304,4968,1208,56531,306000000,1728000
1791121568.1804,4968,1200,56500,306000000,1728000
1791121568.2305,4968,1208,56500,306000000,1728000
1791121568.2806,4968,1208,56625,306000000,1728000
1791121568.3307,4968,1208,56468,306000000,1728000
1791121568.3808,4968,1200,56500,306000000,1728000
1791121568.4308,4968,1208,56437,306000000,1728000
1791121568.4809,4968,1208,56531,306000000,1728000
1791121568.5311,4968,1216,56500,306000000,1728000
1791121568.5811,4968,1208,56500,306000000,1728000
1791121568.6312,4968,1216,56625,306000000,1728000
1791121568.6813,4968,1208,56500,306000000,1728000
1791121568.7314,4968,1208,56500,306000000,1728000
1791121568.7815,4968,1208,56562,306000000,1728000
1791121568.8316,4968,1208,56531,306000000,1728000
1791121568.8816,4968,1216,56500,306000000,1728000
1791121568.9317,4968,1208,56500,306000000,1728000
1791121568.9818,4968,1208,56500,306000000,1728000
1791121569.0319,4968,1208,56500,306000000,1728000
1791121569.0820,4960,1224,56687,306000000,1728000
1791121569.1321,4968,1216,56468,306000000,1728000
1791121569.1822,4960,1216,56625,306000000,1728000
1791121569.2322,4968,1208,56437,306000000,1728000
1791121569.2823,4968,1216,56531,306000000,1728000
1791121569.3324,4968,1208,56500,306000000,1728000
1791121569.3825,4968,1208,56500,306000000,1728000
1791121569.4326,4968,1208,56500,306000000,1728000
1791121569.4827,4968,1208,56531,306000000,1728000
1791121569.5327,4968,1208,56531,306000000,1728000
1791121569.5828,4968,1208,56500,306000000,1190400
1791121569.6329,4960,1224,56531,306000000,729600
1791121569.6830,4960,1216,56500,306000000,1728000
1791121569.7331,4960,1216,56625,306000000,1728000
1791121569.7832,4968,1208,56500,306000000,1728000
1791121569.8333,4960,1216,56531,306000000,1728000
1791121569.8834,4968,1208,56500,306000000,1728000
1791121569.9334,4968,1208,56500,306000000,1728000
1791121569.9835,4968,1200,56656,306000000,1728000
1791121570.0336,4968,1200,56531,306000000,1728000
1791121570.0837,4968,1192,56531,306000000,1728000
1791121570.1338,4968,1200,56437,306000000,1728000
1791121570.1839,4968,1208,56593,306000000,1728000
1791121570.2339,4960,1216,56468,306000000,1728000
1791121570.2840,4968,1216,56500,306000000,1728000
1791121570.3341,4968,1216,56468,306000000,1728000
1791121570.3842,4968,1208,56500,306000000,1728000
1791121570.4343,4968,1216,56656,306000000,1728000
1791121570.4844,4968,1208,56500,306000000,1728000
1791121570.5345,4968,1208,56500,306000000,1728000
1791121570.5845,4968,1208,56500,306000000,1728000
1791121570.6346,4968,1200,56500,306000000,1728000
1791121570.6847,4968,1208,56468,306000000,1728000
1791121570.7348,4968,1216,56500,306000000,1728000
1791121570.7849,4960,1224,56437,306000000,1728000
1791121570.8350,4960,1224,56500,306000000,1728000
1791121570.8851,4968,1216,56468,306000000,1728000
1791121570.9352,4968,1216,56375,306000000,1728000
1791121570.9853,4968,1216,56593,306000000,1728000
1791121571.0353,4968,1216,56406,306000000,1728000
1791121571.0854,4968,1216,56562,306000000,1728000
1791121571.1355,4968,1216,56437,306000000,1728000
1791121571.1856,4960,1224,56531,306000000,1728000
1791121571.2357,4968,1216,56375,306000000,1728000
1791121571.2857,4960,1224,56500,306000000,1728000
1791121571.3358,4960,1224,56375,306000000,1728000
1791121571.3859,4960,1224,56406,306000000,1728000
1791121571.4360,4960,1224,56531,306000000,1728000
1791121571.4861,4968,1216,56406,306000000,1728000
1791121571.5362,4968,1208,56531,306000000,1728000
1791121571.5863,4968,1216,56437,306000000,1728000
1791121571.6364,4968,1208,56500,306000000,1728000
1791121571.6864,4968,1208,56406,306000000,1728000
1791121571.7365,4968,1208,56437,306000000,1728000
1791121571.7866,4968,1208,56375,306000000,1728000
1791121571.8367,4968,1200,56437,306000000,1728000
1791121571.8868,4960,1224,56531,306000000,1728000
1791121571.9369,4968,1208,56500,306000000,1728000
1791121571.9870,4968,1216,56562,306000000,1728000
1791121572.0370,4968,1208,56500,306000000,1728000
1791121572.0871,4968,1216,56468,306000000,1728000
1791121572.1372,4968,1200,56375,306000000,1728000
1791121572.1872,4968,1208,56437,306000000,1728000
1791121572.2373,4968,1208,56375,306000000,1728000
1791121572.2874,4968,1208,56500,306000000,1728000
1791121572.3375,4968,1216,56687,306000000,1728000
1791121572.3876,4968,1208,56468,306000000,1728000
1791121572.4377,4960,1232,56500,306000000,729600
1791121572.4878,4968,1216,56406,306000000,1728000
1791121572.5378,4960,1224,56468,306000000,1728000
1791121572.5879,4968,1216,56406,306000000,1728000
1791121572.6380,4968,1216,56468,306000000,1728000
1791121572.6881,4968,1208,56406,306000000,1728000
1791121572.7382,4968,1216,56468,306000000,1728000
1791121572.7882,4968,1200,56500,306000000,1728000
1791121572.8383,4968,1208,56375,306000000,1728000
1791121572.8884,4968,1216,56593,306000000,1728000
1791121572.9385,4968,1216,56406,306000000,1728000
1791121572.9886,4960,1232,56406,306000000,1728000
1791121573.0387,4960,1232,56406,306000000,1728000
1791121573.0888,4960,1232,56468,306000000,1728000
1791121573.1389,4960,1232,56406,306000000,806400
1791121573.1890,4960,1224,56500,306000000,1728000
1791121573.2391,4960,1224,56406,306000000,1728000
1791121573.2892,4960,1232,56406,306000000,1728000
1791121573.3393,4960,1232,56468,306000000,1728000
1791121573.3894,4960,1224,56500,306000000,1728000
1791121573.4395,4960,1224,56437,306000000,1728000
1791121573.4896,4960,1232,56406,306000000,1728000
1791121573.5397,4960,1240,56500,306000000,1728000
1791121573.5898,4960,1248,56437,306000000,806400
1791121573.6399,4960,1240,56437,306000000,1728000
1791121573.6900,4960,1248,56406,306000000,1728000
1791121573.7401,4960,1248,56468,306000000,1728000
1791121573.7901,4960,1248,56500,306000000,1728000
1791121573.8402,4960,1232,56437,306000000,1728000
1791121573.8903,4960,1240,56500,306000000,1728000
1791121573.9404,4960,1240,56437,306000000,1728000
1791121573.9905,4960,1240,56468,306000000,1728000
1791121574.0406,4960,1232,56343,306000000,1728000
1791121574.0907,4960,1248,56437,306000000,1420800
1791121574.1408,4960,1256,56406,306000000,1728000
1791121574.1909,4960,1256,56406,306000000,1728000
1791121574.2410,4960,1256,56468,306000000,1728000
1791121574.2911,4960,1256,56406,306000000,1728000
1791121574.3412,4960,1256,56500,306000000,1728000
1791121574.3912,4960,1256,56375,306000000,729600
1791121574.4413,4960,1248,56468,306000000,1728000
1791121574.4914,4960,1248,56375,306000000,806400
1791121574.5415,4960,1240,56500,306000000,1728000
1791121574.5916,4960,1232,56406,306000000,1728000
1791121574.6417,4960,1240,56406,306000000,1728000
1791121574.6918,4960,1256,56531,306000000,1728000
1791121574.7419,4960,1248,56437,306000000,1728000
1791121574.7920,4960,1248,56500,306000000,1728000
1791121574.8421,4960,1248,56375,306000000,1728000
1791121574.8922,4960,1240,56500,306000000,1728000
1791121574.9423,4960,1240,56406,306000000,1728000
1791121574.9923,4960,1240,56437,306000000,1728000
1791121575.0424,4960,1232,56406,306000000,729600
1791121575.0925,4960,1232,56406,306000000,1728000
1791121575.1426,4960,1232,56531,306000000,1728000
1791121575.1927,4960,1232,56437,306000000,1728000
1791121575.2428,4960,1248,56437,306000000,1497600
1791121575.2929,4960,1248,56375,306000000,1728000
1791121575.3430,4960,1248,56500,306000000,1728000
1791121575.3930,4960,1248,56437,306000000,1728000
1791121575.4431,4960,1248,56468,306000000,1728000
1791121575.4932,4960,1240,56343,306000000,1728000
1791121575.5433,4960,1240,56375,306000000,1728000
1791121575.5934,4960,1240,56406,306000000,1728000
1791121575.6435,4960,1232,56468,306000000,1728000
1791121575.6936,4960,1232,56500,306000000,1728000
1791121575.7437,4960,1232,56343,306000000,1728000
1791121575.7938,4960,1256,56500,306000000,1728000
1791121575.8439,4960,1264,56312,306000000,1728000
1791121575.8939,4960,1256,56437,306000000,806400
1791121575.9440,4960,1248,56375,306000000,1728000
1791121575.9941,4960,1248,56343,306000000,1728000
1791121576.0442,4960,1256,56406,306000000,1728000
1791121576.0943,4960,1248,56312,306000000,1728000
1791121576.1444,4960,1248,56500,306000000,1728000
1791121576.1945,4960,1240,56406,306000000,1728000
1791121576.2446,4960,1232,56468,306000000,1728000
1791121576.2947,4960,1232,56406,306000000,1728000
1791121576.3448,4960,1248,56406,306000000,1728000
1791121576.3949,4960,1256,56375,306000000,1728000
1791121576.4450,4960,1256,56375,306000000,1728000
1791121576.4951,4960,1256,56375,306000000,729600
1791121576.5452,4960,1248,56437,306000000,1728000
1791121576.5953,4960,1248,56500,306000000,1728000
1791121576.6454,4960,1248,56281,306000000,1728000
1791121576.6954,4960,1240,56468,306000000,1728000
1791121576.7455,4960,1240,56343,306000000,1728000
1791121576.7956,4960,1240,56437,306000000,1728000
1791121576.8457,4960,1240,56281,306000000,1728000
1791121576.8958,4960,1248,56375,306000000,1728000
1791121576.9459,4960,1264,56312,306000000,1728000
1791121576.9960,4960,1256,56437,306000000,729600
1791121577.0461,4960,1256,56406,306000000,1728000
1791121577.0962,4960,1256,56343,306000000,1728000
1791121577.1463,4960,1256,56406,306000000,1728000
1791121577.1964,4960,1240,56343,306000000,1728000
1791121577.2465,4960,1240,56437,306000000,1728000
1791121577.2965,4960,1248,56312,306000000,1728000
1791121577.3466,4960,1232,56468,306000000,1728000
1791121577.3967,4960,1232,56343,306000000,1728000
1791121577.4468,4960,1248,56437,306000000,1728000
1791121577.4969,4960,1256,56531,306000000,1728000
1791121577.5470,4960,1248,56250,306000000,1728000
1791121577.5971,4960,1248,56437,306000000,1728000
1791121577.6472,4960,1248,56250,306000000,1728000
1791121577.6973,4960,1248,56375,306000000,1728000
1791121577.7474,4960,1248,56281,306000000,1728000
1791121577.7975,4960,1240,56375,306000000,1728000
1791121577.8476,4960,1240,56343,306000000,1728000
1791121577.8977,4960,1240,56406,306000000,1728000
1791121577.9478,4960,1240,56343,306000000,1728000
1791121577.9979,4960,1232,56343,306000000,1728000
1791121578.0480,4960,1248,56406,306000000,1728000
1791121578.0981,4960,1256,56343,306000000,1728000
1791121578.1481,4960,1256,56437,306000000,1728000
1791121578.1982,4960,1240,56312,306000000,1728000
1791121578.2483,4960,1240,56343,306000000,1728000
1791121578.2984,4960,1232,56312,306000000,1728000
1791121578.3485,4960,1232,56406,306000000,729600
1791121578.3986,4960,1232,56343,306000000,1728000
1791121578.4487,4960,1224,56406,306000000,1728000
1791121578.4988,4960,1232,56406,306000000,1728000
1791121578.5489,4960,1224,56375,306000000,1728000
1791121578.5990,4960,1232,56437,306000000,1497600
1791121578.6491,4960,1240,56375,306000000,1728000
1791121578.6992,4960,1248,56437,306000000,1728000
1791121578.7493,4960,1240,56375,306000000,729600
1791121578.7994,4960,1232,56468,306000000,1728000
1791121578.8495,4960,1240,56343,306000000,1728000
1791121578.8996,4960,1240,56437,306000000,1728000
1791121578.9497,4960,1240,56500,306000000,1728000
1791121578.9998,4960,1232,56281,306000000,1728000
1791121579.0499,4960,1232,56468,306000000,1728000
1791121579.0999,4960,1240,56375,306000000,1728000
1791121579.1501,4960,1248,56437,306000000,1728000
1791121579.2002,4960,1264,56250,306000000,1728000
1791121579.2503,4960,1264,56406,306000000,1728000
1791121579.3003,4960,1248,56281,306000000,1728000
1791121579.3504,4960,1248,56437,306000000,1728000
1791121579.4005,4960,1248,56500,306000000,1728000
1791121579.4506,4960,1240,56312,306000000,729600
1791121579.5007,4960,1240,56468,306000000,1728000
1791121579.5509,4960,1240,56343,306000000,1728000
1791121579.6010,4960,1232,56468,306000000,1728000
1791121579.6511,4960,1232,56343,306000000,806400
1791121579.7012,4960,1224,56375,306000000,1728000
1791121579.7513,4960,1240,56281,306000000,1420800
1791121579.8013,4960,1248,56312,306000000,1728000
1791121579.8514,4960,1248,56500,306000000,1728000
1791121579.9015,4960,1248,56375,306000000,1728000
1791121579.9516,4960,1240,56406,306000000,1728000
1791121580.0017,4960,1240,56343,306000000,1728000
1791121580.0518,4960,1240,56406,306000000,1728000
1791121580.1019,4960,1224,56343,306000000,1728000
1791121580.1520,4960,1232,56343,306000000,1728000
1791121580.2021,4960,1224,56250,306000000,1728000
1791121580.2522,4960,1224,56375,306000000,1728000
1791121580.3023,4960,1240,56312,306000000,1728000
1791121580.3524,4960,1240,56375,306000000,806400
1791121580.4025,4960,1240,56375,306000000,1728000
1791121580.4526,4960,1240,56343,306000000,1728000
1791121580.5027,4960,1240,56406,306000000,1728000
1791121580.5528,4960,1232,56312,306000000,1728000
1791121580.6029,4960,1232,56375,306000000,1728000
1791121580.6530,4960,1232,56312,306000000,1728000
1791121580.7031,4960,1224,56343,306000000,1728000
1791121580.7531,4960,1232,56281,306000000,1728000
1791121580.8032,4960,1216,56406,306000000,806400
1791121580.8533,4960,1232,56500,306000000,1728000
1791121580.9034,4960,1248,56281,306000000,1728000
1791121580.9535,4960,1248,56437,306000000,1728000
1791121581.0036,4960,1240,56375,306000000,1728000
1791121581.0537,4960,1240,56406,306000000,1728000
1791121581.1038,4960,1240,56312,306000000,1728000
1791121581.1540,4960,1232,56312,306000000,729600
1791121581.2041,4960,1232,56281,306000000,1728000
1791121581.2542,4960,1240,56406,306000000,1728000
1791121581.3043,4960,1240,56500,306000000,1728000
1791121581.3544,4960,1232,56343,306000000,1728000
1791121581.4044,4960,1240,56437,306000000,1728000
1791121581.4545,4960,1248,56312,306000000,1728000
1791121581.5046,4960,1240,56406,306000000,1728000
1791121581.5547,4960,1240,56312,306000000,1728000
1791121581.6048,4960,1240,56343,306000000,1728000
1791121581.6549,4960,1232,56187,306000000,1728000
1791121581.7050,4960,1232,56312,306000000,1728000
1791121581.7551,4960,1232,56500,306000000,1728000
1791121581.8051,4960,1224,56312,306000000,1728000
1791121581.8552,4960,1232,56437,306000000,1728000
1791121581.9053,4960,1216,56312,306000000,1728000
1791121581.9554,4960,1224,56437,306000000,1113600
1791121582.0055,4960,1232,56312,306000000,1497600
1791121582.0556,4960,1232,56250,306000000,1728000
1791121582.1056,4960,1232,56187,306000000,1728000
1791121582.1557,4960,1224,56375,306000000,1728000
1791121582.2058,4960,1216,56500,306000000,1728000
1791121582.2559,4960,1216,56250,306000000,1728000
1791121582.3059,4968,1208,56343,306000000,1728000
1791121582.3560,4968,1208,56281,306000000,1728000
1791121582.4061,4968,1208,56312,306000000,1728000
1791121582.4562,4968,1208,56312,306000000,1728000
1791121582.5062,4968,1208,56375,306000000,1728000
1791121582.5563,4960,1216,56250,306000000,1728000
1791121582.6064,4960,1224,56343,306000000,1728000
1791121582.6565,4960,1216,56281,306000000,1728000
1791121582.7066,4960,1224,56343,306000000,1728000
1791121582.7567,4960,1216,56343,306000000,1728000
1791121582.8068,4960,1216,56250,306000000,1728000
1791121582.8569,4960,1216,56406,306000000,1728000
1791121582.9070,4960,1224,56250,306000000,1728000
1791121582.9571,4968,1216,56312,306000000,1728000
1791121583.0072,4968,1224,56281,306000000,1728000
1791121583.0573,4960,1224,56375,306000000,1728000
1791121583.1074,4960,1240,56218,306000000,1267200
1791121583.1575,4960,1240,56281,306000000,1728000
1791121583.2076,4960,1240,56437,306000000,1728000
1791121583.2576,4960,1240,56312,306000000,1728000
1791121583.3077,4960,1248,56375,306000000,1728000
1791121583.3578,4960,1248,56312,306000000,883200
1791121583.4079,4960,1248,56343,306000000,1728000
1791121583.4580,4960,1232,56250,306000000,1728000
1791121583.5081,4960,1240,56281,306000000,1728000
1791121583.5582,4960,1240,56281,306000000,1728000
1791121583.6083,4960,1240,56281,306000000,1728000
1791121583.6584,4960,1248,56375,306000000,1728000
1791121583.7085,4960,1256,56250,306000000,1728000
1791121583.7586,4960,1256,56468,306000000,1728000
1791121583.8087,4960,1256,56281,306000000,1728000
1791121583.8588,4960,1256,56375,306000000,1728000
1791121583.9089,4960,1240,56250,306000000,883200
1791121583.9590,4960,1240,56312,306000000,1728000
1791121584.0091,4960,1240,56312,306000000,1728000
1791121584.0592,4960,1248,56406,306000000,1728000
1791121584.1093,4960,1248,56468,306000000,1728000
1791121584.1594,4960,1240,56312,306000000,729600
1791121584.2095,4960,1248,56312,306000000,1728000
1791121584.2596,4960,1264,56250,306000000,1728000
1791121584.3097,4960,1256,56375,306000000,806400
1791121584.3598,4960,1256,56281,306000000,1728000
1791121584.4099,4960,1256,56312,306000000,1728000
1791121584.4600,4960,1256,56250,306000000,1728000
1791121584.5100,4960,1240,56312,306000000,1728000
1791121584.5601,4960,1240,56500,306000000,729600
1791121584.6102,4960,1240,56375,306000000,1728000
1791121584.6603,4960,1240,56375,306000000,1728000
1791121584.7104,4960,1232,56218,306000000,1728000
1791121584.7605,4960,1240,56406,306000000,1190400
1791121584.8106,4960,1248,56250,306000000,1728000
1791121584.8607,4960,1240,56281,306000000,1728000
1791121584.9108,4960,1248,56250,306000000,1728000
1791121584.9609,4960,1240,56281,306000000,1728000
1791121585.0110,4960,1232,56218,306000000,1728000
1791121585.0610,4960,1240,56156,306000000,1728000
1791121585.1111,4960,1232,56437,306000000,729600
1791121585.1612,4960,1232,56250,306000000,1728000
1791121585.2113,4960,1232,56375,306000000,1728000
1791121585.2614,4960,1232,56250,306000000,1728000
1791121585.3115,4960,1232,56343,306000000,1728000
1791121585.3616,4960,1248,56250,306000000,1728000
1791121585.4117,4960,1240,56281,306000000,1728000
1791121585.4618,4960,1248,56218,306000000,1728000
1791121585.5119,4960,1248,56375,306000000,1728000
1791121585.5620,4960,1240,56406,306000000,1728000
1791121585.6121,4960,1240,56250,306000000,1728000
1791121585.6622,4960,1240,56375,306000000,1728000
1791121585.7123,4960,1240,56187,306000000,1728000
1791121585.7624,4960,1232,56375,306000000,806400
1791121585.8125,4960,1232,56250,306000000,1728000
1791121585.8626,4960,1224,56343,306000000,806400
1791121585.9127,4960,1232,56156,306000000,1728000
1791121585.9628,4960,1248,56281,306000000,1728000
1791121586.0129,4960,1248,56468,306000000,1728000
1791121586.0630,4960,1248,56250,306000000,1728000
1791121586.1131,4960,1248,56375,306000000,1728000
1791121586.1634,4960,1248,56218,306000000,1728000
1791121586.2134,4960,1240,56312,306000000,1728000
1791121586.2636,4960,1248,56187,306000000,806400
1791121586.3137,4960,1232,56250,306000000,1728000
1791121586.3637,4960,1232,56250,306000000,1728000
1791121586.4138,4960,1240,56218,306000000,1728000
1791121586.4639,4960,1240,56406,306000000,1728000
1791121586.5140,4960,1256,56156,306000000,960000
1791121586.5641,4960,1256,56343,306000000,806400
1791121586.6142,4960,1248,56218,306000000,1728000
1791121586.6643,4960,1248,56312,306000000,1728000
1791121586.7144,4960,1240,56250,306000000,883200
1791121586.7645,4960,1232,56406,306000000,1728000
1791121586.8147,4960,1232,56187,306000000,1728000
1791121586.8648,4960,1224,56281,306000000,1728000
1791121586.9149,4960,1232,56375,306000000,806400
1791121586.9650,4960,1232,56218,306000000,1728000
1791121587.0151,4960,1232,56250,306000000,1728000
1791121587.0652,4960,1256,56187,306000000,1728000
1791121587.1152,4960,1248,56312,306000000,1728000
1791121587.1653,4960,1248,56250,306000000,1728000
1791121587.2154,4960,1248,56343,306000000,1728000
1791121587.2655,4960,1248,56187,306000000,1728000
1791121587.3156,4960,1256,56218,306000000,1728000
1791121587.3657,4960,1248,56156,306000000,1728000
1791121587.4158,4960,1240,56218,306000000,1728000
1791121587.4659,4960,1240,56375,306000000,1728000
1791121587.5160,4960,1248,56156,306000000,1728000
1791121587.5661,4960,1240,56312,306000000,729600
1791121587.6162,4960,1248,56125,306000000,1728000
1791121587.6663,4960,1256,56312,306000000,1728000
1791121587.7164,4960,1256,56156,306000000,883200
1791121587.7665,4960,1248,56218,306000000,729600
1791121587.8166,4960,1240,56156,306000000,1728000
1791121587.8667,4960,1248,56281,306000000,1728000
1791121587.9168,4960,1240,56375,306000000,1728000
1791121587.9669,4960,1232,56218,306000000,1728000
1791121588.0170,4960,1240,56375,306000000,1728000
1791121588.0671,4960,1240,56250,306000000,1728000
1791121588.1172,4960,1240,56343,306000000,1728000
1791121588.1672,4960,1248,56156,306000000,1113600
1791121588.2173,4960,1248,56218,306000000,1728000
1791121588.2674,4960,1248,56187,306000000,1728000
1791121588.3175,4960,1248,56250,306000000,1728000
1791121588.3676,4960,1240,56343,306000000,1728000
1791121588.4177,4960,1240,56187,306000000,1728000
1791121588.4678,4960,1224,56312,306000000,1728000
1791121588.5178,4968,1224,56187,306000000,1728000
1791121588.5679,4968,1224,56250,306000000,1728000
1791121588.6180,4968,1208,56125,306000000,1728000
1791121588.6681,4968,1216,56250,306000000,1728000
1791121588.7182,4968,1216,56187,306000000,1728000
1791121588.7683,4960,1224,56312,306000000,1728000
1791121588.8184,4968,1224,56437,306000000,1728000
1791121588.8685,4968,1216,56218,306000000,1728000
1791121588.9186,4968,1208,56343,306000000,1728000
1791121588.9686,4968,1216,56218,306000000,1728000
1791121589.0187,4968,1216,56250,306000000,1728000
1791121589.0688,4968,1208,56156,306000000,1728000
1791121589.1189,4968,1208,56281,306000000,1728000
1791121589.1690,4968,1208,56093,306000000,1728000
1791121589.2190,4968,1208,56156,306000000,1728000
1791121589.2691,4968,1208,56343,306000000,1728000
1791121589.3193,4960,1224,56250,306000000,1728000
1791121589.3694,4968,1216,56250,306000000,1728000
1791121589.4195,4960,1216,56218,306000000,1728000
1791121589.4696,4968,1216,56281,306000000,1728000
1791121589.5196,4968,1208,56156,306000000,1728000
1791121589.5697,4968,1216,56250,306000000,1728000
1791121589.6198,4968,1208,56187,306000000,1728000
1791121589.6699,4968,1208,56218,306000000,1728000
1791121589.7200,4968,1216,56093,306000000,1728000
1791121589.7701,4968,1208,56250,306000000,1728000
1791121589.8202,4968,1216,56375,306000000,1113600
1791121589.8703,4968,1216,56187,306000000,1728000
1791121589.9203,4968,1224,56312,306000000,1728000
1791121589.9704,4968,1224,56187,306000000,1728000
1791121590.0205,4968,1224,56281,306000000,1728000
1791121590.0706,4968,1216,56187,306000000,1728000
1791121590.1207,4968,1216,56218,306000000,1728000
1791121590.1707,4968,1216,56156,306000000,1728000
1791121590.2208,4968,1216,56187,306000000,1728000
1791121590.2709,4968,1208,56375,306000000,1728000
1791121590.3210,4968,1200,56156,306000000,1728000
1791121590.3711,4968,1200,56250,306000000,1728000
1791121590.4212,4968,1208,56156,306000000,1728000
1791121590.4713,4960,1216,56218,306000000,1728000
1791121590.5213,4960,1216,56125,306000000,1728000
1791121590.5714,4968,1208,56218,306000000,1728000
1791121590.6215,4968,1216,56125,306000000,1728000
1791121590.6716,4968,1200,56093,306000000,1728000
1791121590.7217,4968,1208,56406,306000000,1728000
1791121590.7718,4968,1200,56156,306000000,1728000
1791121590.8219,4968,1208,56218,306000000,1728000
1791121590.8719,4968,1200,56156,306000000,1728000
1791121590.9220,4968,1200,56250,306000000,1728000
1791121590.9721,4968,1208,56125,306000000,1190400
1791121591.0222,4968,1216,56218,306000000,1728000
1791121591.0723,4968,1200,56093,306000000,1728000
1791121591.1224,4968,1208,56125,306000000,1728000
1791121591.1724,4968,1208,56343,306000000,1728000
1791121591.2225,4968,1200,56125,306000000,1728000
1791121591.2726,4968,1208,56218,306000000,1728000
1791121591.3227,4968,1200,56218,306000000,1728000
1791121591.3728,4968,1208,56218,306000000,1728000
1791121591.4228,4968,1200,56187,306000000,1728000
1791121591.4729,4968,1200,56218,306000000,1728000
1791121591.5230,4968,1200,56125,306000000,1344000
1791121591.5731,4968,1216,56187,306000000,1728000
1791121591.6232,4968,1216,56343,306000000,1728000
1791121591.6733,4968,1208,56125,306000000,1728000
1791121591.7233,4968,1216,56218,306000000,1728000
1791121591.7734,4968,1208,56187,306000000,1728000
1791121591.8235,4968,1208,56312,306000000,1728000
1791121591.8736,4968,1200,56156,306000000,1728000
1791121591.9236,4968,1200,56218,306000000,1728000
1791121591.9737,4968,1200,56031,306000000,1728000
1791121592.0238,4968,1200,56187,306000000,1728000
1791121592.0739,4968,1200,56062,306000000,1728000
1791121592.1240,4968,1216,56187,306000000,1728000
1791121592.1741,4968,1208,56281,306000000,1728000
1791121592.2242,4968,1216,56156,306000000,1728000
1791121592.2742,4968,1216,56281,306000000,1728000
1791121592.3243,4968,1208,56156,306000000,1728000
1791121592.3744,4968,1208,56156,306000000,1728000
1791121592.4245,4968,1200,56031,306000000,1728000
1791121592.4746,4968,1208,56187,306000000,1728000
1791121592.5247,4960,1216,56031,306000000,1728000
1791121592.5747,4968,1216,56156,306000000,1728000
1791121592.6248,4960,1232,56250,306000000,1728000
1791121592.6749,4960,1248,56187,306000000,1728000
1791121592.7250,4960,1248,56218,306000000,1728000
1791121592.7751,4960,1232,56156,306000000,1728000
1791121592.8252,4960,1256,56187,306000000,1728000
1791121592.8752,4960,1272,56125,306000000,1728000
1791121592.9253,4960,1272,56187,306000000,1728000
1791121592.9754,4960,1272,56062,306000000,1728000
1791121593.0255,4960,1264,56093,306000000,1728000
1791121593.0756,4960,1264,56187,306000000,1728000
1791121593.1256,4960,1248,56062,306000000,1728000
1791121593.1757,4960,1248,56156,306000000,1728000
1791121593.2258,4960,1248,56093,306000000,1728000
1791121593.2759,4960,1256,56156,306000000,1728000
1791121593.3260,4960,1248,56125,306000000,1728000
1791121593.3761,4960,1240,56125,306000000,1728000
1791121593.4261,4960,1240,56125,306000000,1728000
1791121593.4762,4960,1232,56125,306000000,1728000
1791121593.5263,4960,1232,56187,306000000,1728000
1791121593.5764,4968,1216,56093,306000000,1728000
1791121593.6265,4968,1224,56156,306000000,1728000
1791121593.6766,4968,1216,56125,306000000,1728000
1791121593.7267,4968,1216,56125,306000000,1728000
1791121593.7768,4960,1232,56031,306000000,1113600
1791121593.8268,4960,1224,56093,306000000,1728000
1791121593.8769,4960,1232,56093,306000000,1728000
1791121593.9270,4968,1216,56125,306000000,1728000
1791121593.9771,4968,1216,56187,306000000,1728000
1791121594.0272,4968,1208,56093,306000000,1728000
1791121594.0772,4968,1216,56187,306000000,1728000
1791121594.1273,4968,1216,56125,306000000,1728000
1791121594.1774,4968,1208,56187,306000000,1728000
1791121594.2275,4968,1200,56093,306000000,1728000
1791121594.2776,4968,1208,56125,306000000,1728000
1791121594.3277,4968,1208,56031,306000000,1728000
1791121594.3778,4960,1224,56156,306000000,1728000
1791121594.4278,4960,1224,56031,306000000,1728000
1791121594.4779,4968,1216,56156,306000000,1728000
1791121594.5280,4968,1216,56187,306000000,1728000
1791121594.5781,4968,1208,56125,306000000,1728000
1791121594.6282,4968,1216,56093,306000000,1728000
1791121594.6783,4968,1216,56062,306000000,1728000
1791121594.7283,4968,1208,56093,306000000,1728000
1791121594.7784,4968,1216,56062,306000000,1728000
1791121594.8285,4968,1200,56093,306000000,1728000
1791121594.8786,4960,1216,56000,306000000,1267200
1791121594.9287,4960,1232,56031,306000000,1728000
1791121594.9787,4960,1224,56187,306000000,1728000
1791121595.0288,4968,1216,56031,306000000,1728000
1791121595.0789,4968,1216,56218,306000000,1728000
1791121595.1290,4968,1216,56031,306000000,1728000
1791121595.1790,4968,1208,56062,306000000,1728000
1791121595.2291,4968,1208,56031,306000000,1728000
1791121595.2792,4968,1200,56125,306000000,1728000
1791121595.3293,4968,1208,56031,306000000,1728000
1791121595.3794,4968,1200,56062,306000000,1728000
1791121595.4294,4960,1208,56218,306000000,1190400
1791121595.4795,4960,1216,56062,306000000,1728000
1791121595.5296,4960,1216,56125,306000000,1728000
1791121595.5797,4960,1216,56031,306000000,1728000
1791121595.6298,4968,1208,56062,306000000,1728000
1791121595.6799,4968,1216,56062,306000000,1728000
1791121595.7299,4968,1200,56187,306000000,1728000
1791121595.7800,4968,1208,56093,306000000,1728000
1791121595.8301,4968,1200,56062,306000000,1728000
1791121595.8802,4968,1208,56218,306000000,1728000
1791121595.9303,4968,1200,56093,306000000,1728000
1791121595.9804,4968,1200,56125,306000000,1728000
1791121596.0304,4968,1208,56062,306000000,1728000
1791121596.0805,4960,1216,56125,306000000,1728000
1791121596.1306,4960,1216,56031,306000000,729600
1791121596.1807,4968,1208,56062,306000000,1728000
1791121596.2308,4960,1216,56031,306000000,1728000
1791121596.2809,4968,1208,56062,306000000,1728000
1791121596.3312,4968,1208,56156,306000000,1728000
1791121596.3812,4968,1208,56062,306000000,1728000
1791121596.4313,4968,1208,56125,306000000,1728000
1791121596.4814,4968,1200,56000,306000000,1728000
1791121596.5315,4968,1200,56125,306000000,1728000
1791121596.5816,4968,1200,56062,306000000,1728000
1791121596.6316,4968,1216,56062,306000000,1728000
1791121596.6817,4968,1208,56031,306000000,1728000
1791121596.7318,4968,1208,56093,306000000,1728000
1791121596.7819,4968,1200,56125,306000000,1728000
1791121596.8320,4968,1208,56031,306000000,1728000
1791121596.8820,4968,1200,56250,306000000,1728000
1791121596.9321,4968,1208,55968,306000000,1728000
1791121596.9822,4968,1200,56125,306000000,1728000
1791121597.0323,4968,1200,56031,306000000,1728000
1791121597.0824,4968,1200,56062,306000000,1728000
1791121597.1325,4968,1208,55937,306000000,1728000
1791121597.1826,4968,1216,56031,306000000,1728000
1791121597.2327,4968,1208,56000,306000000,1728000
1791121597.2828,4968,1216,56031,306000000,1728000
1791121597.3328,4960,1216,56156,306000000,1728000
1791121597.3829,4960,1216,56062,306000000,1728000
1791121597.4330,4960,1224,56031,306000000,1728000
1791121597.4831,4968,1216,55968,306000000,1728000
1791121597.5332,4968,1216,56031,306000000,1728000
1791121597.5833,4960,1224,56000,306000000,1728000
1791121597.6334,4968,1208,56031,306000000,1728000
1791121597.6835,4960,1224,56062,306000000,1728000
1791121597.7336,4960,1240,56031,306000000,1728000
1791121597.7837,4960,1248,56125,306000000,1728000
1791121597.8338,4960,1248,56062,306000000,1728000
1791121597.8839,4960,1248,56125,306000000,1728000
1791121597.9340,4960,1248,56093,306000000,1728000
1791121597.9841,4960,1240,56031,306000000,1728000
1791121598.0342,4960,1240,56000,306000000,1728000
1791121598.0842,4960,1240,56156,306000000,1728000
1791121598.1343,4960,1232,56031,306000000,1728000
1791121598.1844,4960,1232,56000,306000000,1728000
1791121598.2346,4960,1240,56156,306000000,1190400
1791121598.2846,4960,1248,56031,306000000,1728000
1791121598.3347,4960,1240,56093,306000000,1728000
1791121598.3848,4960,1248,56000,306000000,883200
1791121598.4349,4960,1232,56062,306000000,729600
1791121598.4850,4960,1232,56000,306000000,1728000
1791121598.5351,4960,1240,56125,306000000,1728000
1791121598.5852,4960,1240,55906,306000000,806400
1791121598.6353,4960,1240,56062,306000000,1728000
1791121598.6854,4960,1232,56125,306000000,1728000
1791121598.7355,4960,1232,56031,306000000,806400
1791121598.7856,4960,1224,56156,306000000,1728000
1791121598.8357,4960,1248,56031,306000000,1728000
1791121598.8858,4960,1248,56093,306000000,1728000
1791121598.9358,4960,1248,55968,306000000,1728000
1791121598.9859,4960,1248,56031,306000000,1728000
1791121599.0360,4960,1248,56031,306000000,1728000
1791121599.0861,4960,1240,56031,306000000,729600
1791121599.1362,4960,1240,56000,306000000,1728000
1791121599.1863,4960,1240,56031,306000000,1728000
1791121599.2364,4960,1232,56125,306000000,1728000
1791121599.2865,4960,1232,56062,306000000,1728000
1791121599.3366,4960,1224,56156,306000000,1728000
1791121599.3867,4960,1232,56031,306000000,1113600
1791121599.4368,4960,1248,56031,306000000,1728000
1791121599.4869,4960,1248,56031,306000000,883200
1791121599.5370,4960,1240,56031,306000000,1728000
1791121599.5871,4960,1240,56031,306000000,1728000
1791121599.6372,4960,1240,56031,306000000,1728000
1791121599.6873,4960,1240,56187,306000000,1728000
1791121599.7374,4960,1240,56000,306000000,729600
1791121599.7875,4960,1232,56156,306000000,1728000
1791121599.8376,4960,1232,56031,306000000,1728000
1791121599.8877,4960,1224,56031,306000000,1728000
1791121599.9378,4960,1232,56000,306000000,1728000
1791121599.9879,4960,1248,56125,306000000,1728000
1791121600.0380,4960,1256,56000,306000000,1728000
1791121600.0881,4960,1240,56031,306000000,729600
1791121600.1382,4960,1240,56093,306000000,1728000
1791121600.1883,4960,1240,56031,306000000,1728000
1791121600.2384,4960,1232,56125,306000000,729600
1791121600.2884,4960,1232,56031,306000000,1728000
1791121600.3385,4960,1232,56031,306000000,1728000
1791121600.3886,4960,1240,55968,306000000,1728000
1791121600.4387,4960,1240,56062,306000000,729600
1791121600.4888,4960,1232,55937,306000000,1190400
1791121600.5389,4960,1256,56031,306000000,1728000
1791121600.5890,4960,1248,56156,306000000,1728000
1791121600.6391,4960,1248,56000,306000000,729600
1791121600.6892,4960,1240,56093,306000000,1728000
1791121600.7393,4960,1240,56031,306000000,1728000
1791121600.7893,4960,1240,56125,306000000,1728000
1791121600.8394,4960,1240,55968,306000000,1728000
1791121600.8895,4960,1232,56031,306000000,1728000
1791121600.9396,4960,1232,56031,306000000,1728000
1791121600.9897,4960,1232,56031,306000000,1728000
1791121601.0398,4960,1224,56281,306000000,1113600
1791121601.0899,4960,1248,56062,306000000,1728000
1791121601.1400,4960,1256,56093,306000000,1728000
1791121601.1901,4960,1256,56031,306000000,1728000
1791121601.2402,4960,1240,56093,306000000,1728000
1791121601.2903,4960,1240,56031,306000000,1728000
1791121601.3404,4960,1240,56062,306000000,1728000
1791121601.3905,4960,1232,56031,306000000,729600
1791121601.4406,4960,1232,56031,306000000,1728000
1791121601.4907,4960,1232,56000,306000000,1728000
1791121601.5408,4960,1240,56000,306000000,1728000
1791121601.5909,4960,1224,56125,306000000,883200
1791121601.6410,4960,1240,55968,306000000,1728000
1791121601.6911,4960,1248,56031,306000000,1728000
1791121601.7412,4960,1256,55906,306000000,1728000
1791121601.7913,4960,1256,56031,306000000,1728000
1791121601.8413,4960,1240,56031,306000000,1728000
1791121601.8914,4960,1240,56000,306000000,1728000
1791121601.9415,4960,1240,56000,306000000,1728000
1791121601.9916,4960,1232,56000,306000000,1728000
1791121602.0417,4960,1232,56062,306000000,1728000
1791121602.0918,4960,1232,56031,306000000,1728000
1791121602.1419,4960,1224,56031,306000000,1728000
1791121602.1920,4960,1240,55937,306000000,1728000
1791121602.2421,4960,1248,56062,306000000,1728000
1791121602.2922,4960,1248,56031,306000000,1728000
1791121602.3423,4960,1248,56031,306000000,1728000
1791121602.3924,4960,1240,55937,306000000,1728000
1791121602.4425,4960,1240,56031,306000000,1728000
1791121602.4926,4960,1240,56062,306000000,1728000
1791121602.5427,4960,1240,56031,306000000,1728000
1791121602.5928,4960,1232,56062,306000000,729600
1791121602.6429,4960,1232,56031,306000000,1728000
1791121602.6930,4968,1224,56093,306000000,729600
1791121602.7431,4960,1232,55968,306000000,1728000
1791121602.7932,4960,1248,56031,306000000,1728000
1791121602.8433,4960,1248,56031,306000000,1728000
1791121602.8934,4960,1240,56062,306000000,1728000
1791121602.9434,4960,1232,56156,306000000,1728000
1791121602.9935,4960,1232,56031,306000000,1728000
1791121603.0436,4968,1224,56031,306000000,1728000
1791121603.0937,4968,1224,55968,306000000,1728000
1791121603.1438,4968,1216,56062,306000000,1728000
1791121603.1939,4968,1216,55968,306000000,1728000
1791121603.2440,4968,1216,56031,306000000,1728000
1791121603.2940,4968,1216,56000,306000000,1113600
1791121603.3441,4960,1232,56031,306000000,1728000
1791121603.3942,4960,1224,56125,306000000,1728000
1791121603.4443,4968,1224,55937,306000000,1728000
1791121603.4944,4968,1216,56093,306000000,1728000
1791121603.5445,4968,1216,55906,306000000,1728000
1791121603.5946,4968,1208,56031,306000000,1728000
1791121603.6446,4968,1216,55906,306000000,1728000
1791121603.6947,4968,1216,56031,306000000,1728000
1791121603.7448,4968,1208,55906,306000000,1728000
1791121603.7949,4968,1208,56000,306000000,1728000
1791121603.8450,4968,1208,56031,306000000,1728000
1791121603.8951,4968,1216,56031,306000000,1728000
1791121603.9451,4968,1224,56062,306000000,1728000
1791121603.9952,4960,1216,56000,306000000,1728000
1791121604.0453,4968,1216,56031,306000000,1728000
1791121604.0954,4968,1224,56000,306000000,1728000
1791121604.1455,4968,1208,56031,306000000,1728000
1791121604.1956,4968,1216,56000,306000000,1728000
1791121604.2456,4968,1200,56000,306000000,1728000
1791121604.2957,4968,1208,55968,306000000,1728000
1791121604.3458,4968,1200,55906,306000000,1728000
1791121604.3959,4968,1200,56093,306000000,1728000
1791121604.4460,4968,1208,56000,306000000,1728000
1791121604.4961,4968,1216,56125,306000000,1728000
1791121604.5462,4968,1208,55968,306000000,1728000
1791121604.5962,4968,1208,56000,306000000,1728000
1791121604.6463,4968,1208,55937,306000000,1728000
1791121604.6964,4968,1208,56031,306000000,1728000
1791121604.7465,4968,1200,55875,306000000,1728000
1791121604.7966,4968,1208,56000,306000000,1728000
1791121604.8466,4968,1208,56062,306000000,1728000
1791121604.8967,4968,1208,56000,306000000,1728000
1791121604.9468,4968,1208,56062,306000000,1728000
1791121604.9969,4968,1208,56000,306000000,1728000
1791121605.0470,4960,1224,56031,306000000,1728000
1791121605.0971,4968,1216,55875,306000000,1728000
1791121605.1472,4968,1216,55937,306000000,1728000
1791121605.1972,4968,1216,55906,306000000,1728000
1791121605.2473,4968,1216,56000,306000000,1728000
1791121605.2974,4968,1200,56093,306000000,1728000
1791121605.3475,4968,1208,56000,306000000,1728000
1791121605.3976,4968,1200,56031,306000000,1728000
1791121605.4476,4968,1208,56000,306000000,1728000
1791121605.4977,4968,1208,56000,306000000,1728000
1791121605.5478,4968,1208,55968,306000000,1728000
1791121605.5979,4960,1224,55968,306000000,1728000
1791121605.6480,4968,1216,55968,306000000,1728000
1791121605.6981,4968,1216,56031,306000000,1728000
1791121605.7482,4968,1208,56062,306000000,1728000
1791121605.7983,4968,1208,55968,306000000,1728000
1791121605.8483,4968,1208,56031,306000000,1728000
1791121605.8984,4968,1200,55937,306000000,1728000
1791121605.9485,4968,1200,56000,306000000,1728000
1791121605.9986,4968,1200,55906,306000000,1728000
1791121606.0487,4968,1200,56000,306000000,1728000
1791121606.0988,4968,1200,55906,306000000,1728000
1791121606.1489,4960,1216,55968,306000000,1728000
1791121606.1989,4968,1216,56062,306000000,1728000
1791121606.2490,4968,1208,55968,306000000,1728000
1791121606.2991,4968,1216,56062,306000000,1728000
1791121606.3492,4968,1208,55875,306000000,1728000
1791121606.3993,4968,1208,55968,306000000,1728000
1791121606.4493,4968,1200,55968,306000000,1728000
1791121606.4994,4968,1208,56000,306000000,1728000
1791121606.5495,4968,1208,55906,306000000,1728000
1791121606.5996,4968,1200,55937,306000000,1728000
1791121606.6497,4968,1208,56031,306000000,1728000
1791121606.6998,4968,1216,55906,306000000,1728000
1791121606.7499,4960,1224,56031,306000000,1728000
1791121606.7999,4968,1216,55906,306000000,1728000
1791121606.8500,4968,1216,56062,306000000,1728000
1791121606.9001,4968,1208,55843,306000000,1728000
1791121606.9502,4968,1208,55937,306000000,1728000
1791121607.0003,4968,1208,55875,306000000,1728000
1791121607.0503,4968,1200,55937,306000000,1728000
1791121607.1004,4968,1208,56031,306000000,1728000
1791121607.1505,4968,1200,55906,306000000,1728000
1791121607.2006,4968,1208,56031,306000000,1728000
1791121607.2507,4968,1208,55906,306000000,1267200
1791121607.3008,4968,1216,56031,306000000,1728000
1791121607.3509,4968,1208,55875,306000000,1728000
1791121607.4009,4968,1216,55937,306000000,1728000
1791121607.4510,4968,1200,55843,306000000,1728000
1791121607.5011,4968,1208,55906,306000000,1728000
1791121607.5512,4968,1208,55843,306000000,1728000
1791121607.6012,4968,1208,55968,306000000,1728000
1791121607.6513,4968,1200,55968,306000000,1728000
1791121607.7014,4968,1200,55906,306000000,1728000
1791121607.7515,4968,1192,55968,306000000,1728000
1791121607.8016,4968,1208,55906,306000000,1728000
1791121607.8516,4968,1216,55906,306000000,1728000
1791121607.9017,4968,1208,55937,306000000,1728000
1791121607.9518,4968,1208,55906,306000000,1728000
1791121608.0019,4968,1208,55843,306000000,1728000
1791121608.0520,4968,1208,55906,306000000,1728000
1791121608.1020,4968,1200,56031,306000000,1728000
1791121608.1521,4968,1208,55906,306000000,1728000
1791121608.2022,4968,1200,55968,306000000,1728000
1791121608.2523,4968,1200,55812,306000000,1728000
1791121608.3023,4968,1200,55906,306000000,1728000
1791121608.3524,4968,1208,55875,306000000,1728000
1791121608.4025,4968,1216,55937,306000000,1728000
1791121608.4526,4968,1216,55812,306000000,1728000
1791121608.5027,4968,1208,55843,306000000,1728000
1791121608.5528,4968,1208,56000,306000000,1728000
1791121608.6029,4968,1208,55843,306000000,1728000
1791121608.6529,4968,1208,56000,306000000,1728000
1791121608.7030,4968,1216,55843,306000000,1728000
1791121608.7531,4968,1216,55937,306000000,729600
1791121608.8032,4968,1208,55781,306000000,1728000
1791121608.8532,4968,1216,55875,306000000,1728000
1791121608.9033,4968,1208,55781,306000000,1728000
1791121608.9534,4968,1224,55875,306000000,1344000
1791121609.0035,4968,1216,56000,306000000,1728000
1791121609.0536,4968,1216,55875,306000000,1728000
1791121609.1037,4968,1216,56031,306000000,1728000
1791121609.1537,4968,1208,55750,306000000,1728000
1791121609.2038,4968,1208,55906,306000000,1728000
1791121609.2539,4968,1208,55937,306000000,1728000
1791121609.3040,4968,1208,55875,306000000,1728000
1791121609.3540,4968,1200,55781,306000000,1728000
1791121609.4041,4968,1208,55843,306000000,1728000
1791121609.4542,4968,1200,56031,306000000,1113600
1791121609.5043,4968,1216,55875,306000000,1728000
1791121609.5544,4968,1208,56000,306000000,1728000
1791121609.6044,4968,1216,55906,306000000,1728000
1791121609.6545,4968,1208,55875,306000000,1728000
1791121609.7046,4968,1208,55781,306000000,1728000
1791121609.7547,4968,1216,55906,306000000,1728000
1791121609.8048,4968,1208,55781,306000000,1728000
1791121609.8549,4968,1208,55875,306000000,1728000
1791121609.9049,4968,1208,56031,306000000,1728000
1791121609.9550,4968,1208,55906,306000000,1728000
1791121610.0051,4968,1208,56031,306000000,1728000
1791121610.0552,4968,1216,55843,306000000,1267200
1791121610.1053,4960,1224,55906,306000000,1728000
1791121610.1554,4960,1224,55875,306000000,1728000
1791121610.2055,4968,1216,55875,306000000,1728000
1791121610.2556,4968,1224,55875,306000000,1728000
1791121610.3057,4960,1224,55906,306000000,1728000
1791121610.3557,4968,1224,55937,306000000,1728000
1791121610.4058,4968,1216,55812,306000000,1728000
1791121610.4559,4968,1216,55968,306000000,1728000
1791121610.5060,4968,1208,55812,306000000,1728000
1791121610.5561,4968,1216,55968,306000000,1728000
1791121610.6062,4968,1216,55781,306000000,1728000
1791121610.6563,4960,1224,55843,306000000,1728000
1791121610.7063,4960,1224,55812,306000000,1728000
1791121610.7564,4968,1216,55875,306000000,1728000
1791121610.8065,4960,1224,55968,306000000,1728000
1791121610.8566,4968,1208,55843,306000000,1728000
1791121610.9067,4968,1208,56000,306000000,1728000
1791121610.9567,4968,1200,55875,306000000,1728000
1791121611.0068,4968,1208,56000,306000000,1728000
1791121611.0569,4968,1200,55812,306000000,1728000
1791121611.1070,4968,1208,55843,306000000,1728000
1791121611.1571,4968,1208,55718,306000000,1728000
1791121611.2072,4968,1224,55843,306000000,1728000
1791121611.2572,4960,1224,56031,306000000,1728000
1791121611.3073,4968,1216,55750,306000000,1728000
1791121611.3574,4968,1216,55906,306000000,1728000
1791121611.4075,4968,1208,55843,306000000,1728000
1791121611.4576,4968,1216,55937,306000000,1728000
1791121611.5076,4968,1208,55781,306000000,1728000
1791121611.5577,4968,1216,55812,306000000,1728000
1791121611.6078,4968,1208,55843,306000000,1728000
1791121611.6579,4968,1208,55875,306000000,1728000
1791121611.7080,4968,1200,55781,306000000,1728000
1791121611.7580,4968,1224,55906,306000000,1728000
1791121611.8082,4968,1216,56000,306000000,1728000
1791121611.8582,4968,1216,55781,306000000,1728000
1791121611.9083,4968,1224,55968,306000000,1728000
1791121611.9584,4968,1216,55843,306000000,1728000
1791121612.0085,4968,1216,56000,306000000,1728000
1791121612.0586,4968,1208,55781,306000000,1728000
1791121612.1087,4968,1208,55875,306000000,1728000
1791121612.1587,4968,1200,55781,306000000,1728000
1791121612.2088,4968,1208,55843,306000000,1728000
1791121612.2589,4968,1200,55937,306000000,1113600
1791121612.3090,4968,1216,55937,306000000,1728000
1791121612.3591,4968,1216,55937,306000000,1728000
1791121612.4092,4968,1216,55812,306000000,1728000
1791121612.4592,4968,1200,55906,306000000,1728000
1791121612.5093,4968,1208,55843,306000000,1728000
1791121612.5594,4968,1200,55875,306000000,1728000
1791121612.6095,4968,1208,55812,306000000,1728000
1791121612.6596,4968,1192,55781,306000000,1728000
1791121612.7097,4968,1200,56000,306000000,1728000
1791121612.7598,4968,1192,55781,306000000,1728000
1791121612.8098,4968,1200,55906,306000000,1728000
1791121612.8599,4968,1200,55906,306000000,1728000
1791121612.9100,4968,1216,55843,306000000,1728000
1791121612.9601,4968,1208,55781,306000000,1728000
1791121613.0102,4968,1208,55906,306000000,1728000
1791121613.0603,4968,1208,55812,306000000,1728000
1791121613.1104,4968,1200,55906,306000000,1728000
1791121613.1604,4968,1200,55937,306000000,1728000
1791121613.2105,4968,1200,55750,306000000,1728000
1791121613.2606,4968,1200,55875,306000000,1728000
1791121613.3107,4968,1208,55812,306000000,1728000
1791121613.3608,4968,1200,55843,306000000,1728000
1791121613.4108,4960,1216,55875,306000000,1728000
1791121613.4609,4968,1216,55843,306000000,1728000
1791121613.5111,4968,1208,55781,306000000,1728000
1791121613.5611,4968,1208,55812,306000000,1728000
1791121613.6112,4968,1208,55843,306000000,1728000
1791121613.6613,4968,1208,55812,306000000,1728000
1791121613.7114,4968,1200,55937,306000000,1728000
1791121613.7615,4968,1208,55781,306000000,1728000
1791121613.8116,4968,1192,55750,306000000,1728000
1791121613.8616,4968,1200,55750,306000000,1728000
1791121613.9117,4968,1208,55812,306000000,1728000
1791121613.9618,4968,1208,55687,306000000,1728000
1791121614.0119,4960,1224,55812,306000000,1728000
1791121614.0620,4960,1216,55968,306000000,1728000
1791121614.1121,4960,1216,55781,306000000,1728000
1791121614.1622,4968,1208,55875,306000000,1728000
1791121614.2123,4968,1208,55718,306000000,1728000
1791121614.2623,4968,1208,55968,306000000,1728000
1791121614.3124,4968,1208,55781,306000000,1728000
1791121614.3625,4968,1208,55812,306000000,1728000
1791121614.4126,4968,1200,55718,306000000,1728000
1791121614.4627,4968,1200,55750,306000000,1728000
1791121614.5128,4968,1200,55781,306000000,1728000
1791121614.5629,4960,1224,55781,306000000,1728000
1791121614.6130,4960,1216,55875,306000000,1728000
1791121614.6631,4960,1216,55750,306000000,1728000
1791121614.7132,4960,1224,55843,306000000,1728000
1791121614.7632,4968,1208,55781,306000000,1728000
1791121614.8133,4968,1216,55937,306000000,1728000
1791121614.8634,4968,1208,55750,306000000,1728000
1791121614.9135,4968,1208,55906,306000000,1728000
1791121614.9636,4968,1208,55781,306000000,1728000
1791121615.0137,4968,1208,55750,306000000,1728000
1791121615.0637,4968,1208,55906,306000000,1728000
1791121615.1138,4968,1216,55843,306000000,1728000
1791121615.1639,4968,1208,55843,306000000,1728000
1791121615.2140,4968,1216,55781,306000000,1728000
1791121615.2641,4968,1208,55812,306000000,1728000
1791121615.3142,4968,1208,55718,306000000,1728000
1791121615.3643,4968,1216,55843,306000000,1728000
1791121615.4143,4968,1200,55718,306000000,1728000
1791121615.4644,4968,1208,55781,306000000,1728000
1791121615.5145,4968,1200,55968,306000000,1728000
1791121615.5646,4968,1208,55687,306000000,1728000
1791121615.6147,4968,1192,55843,306000000,1728000
1791121615.6648,4960,1216,55718,306000000,1267200
1791121615.7149,4968,1208,55843,306000000,1728000
1791121615.7650,4960,1208,55750,306000000,1728000
1791121615.8150,4968,1200,55812,306000000,1728000
1791121615.8651,4968,1208,55687,306000000,1728000
1791121615.9152,4968,1200,55718,306000000,1728000
1791121615.9653,4968,1208,55843,306000000,1728000
1791121616.0154,4968,1208,55781,306000000,1728000
1791121616.0654,4968,1200,55812,306000000,1728000
1791121616.1155,4968,1208,55781,306000000,1728000
1791121616.1656,4968,1200,55812,306000000,1728000
1791121616.2157,4960,1216,55718,306000000,1113600
1791121616.2658,4968,1208,55812,306000000,1728000
1791121616.3159,4968,1216,55781,306000000,1728000
1791121616.3660,4968,1208,55781,306000000,1728000
1791121616.4160,4968,1208,55968,306000000,1728000
1791121616.4661,4968,1200,55812,306000000,1728000
1791121616.5162,4968,1208,55843,306000000,1728000
1791121616.5663,4968,1200,55718,306000000,1728000
1791121616.6164,4968,1200,55812,306000000,1728000
1791121616.6665,4968,1192,55718,306000000,1728000
1791121616.7165,4968,1200,55812,306000000,1728000
1791121616.7666,4968,1200,55593,306000000,1344000
1791121616.8167,4968,1208,55718,306000000,1728000
1791121616.8668,4968,1208,55906,306000000,1728000
1791121616.9169,4968,1208,55750,306000000,1728000
1791121616.9670,4968,1200,55906,306000000,1728000
1791121617.0170,4968,1208,55718,306000000,1728000
1791121617.0671,4968,1208,55781,306000000,1728000
1791121617.1172,4968,1200,55718,306000000,1728000
1791121617.1673,4968,1200,55843,306000000,1728000
1791121617.2174,4968,1200,55687,306000000,1728000
1791121617.2674,4968,1200,55718,306000000,1728000
1791121617.3175,4968,1200,55875,306000000,1728000
1791121617.3676,4968,1216,55718,306000000,1728000
1791121617.4177,4968,1216,55875,306000000,1728000
1791121617.4678,4968,1216,55718,306000000,1728000
1791121617.5179,4968,1208,55875,306000000,1728000
1791121617.5680,4968,1208,55718,306000000,1728000
1791121617.6181,4968,1200,55750,306000000,1728000
1791121617.6682,4968,1208,55718,306000000,1728000
1791121617.7182,4968,1216,55781,306000000,1728000
1791121617.7683,4968,1200,55843,306000000,1728000
1791121617.8184,4968,1208,55718,306000000,1728000
1791121617.8685,4968,1208,55843,306000000,1728000
1791121617.9186,4968,1216,55656,306000000,1728000
1791121617.9687,4968,1216,55812,306000000,1728000
1791121618.0187,4968,1216,55687,306000000,1728000
1791121618.0688,4960,1216,55750,306000000,1728000
1791121618.1189,4960,1216,55656,306000000,1728000
1791121618.1690,4968,1208,55750,306000000,1728000
1791121618.2191,4968,1216,55906,306000000,1728000
1791121618.2691,4968,1200,55843,306000000,1728000
1791121618.3192,4968,1208,55812,306000000,1728000
1791121618.3693,4968,1200,55718,306000000,1728000
1791121618.4194,4968,1208,55812,306000000,1728000
1791121618.4695,4968,1208,55781,306000000,1267200
1791121618.5196,4968,1216,55781,306000000,1728000
1791121618.5697,4968,1216,55718,306000000,1728000
1791121618.6197,4968,1216,55750,306000000,1728000
1791121618.6698,4968,1216,55687,306000000,1728000
1791121618.7199,4968,1208,55687,306000000,1728000
1791121618.7700,4968,1208,55781,306000000,1728000
1791121618.8201,4968,1200,55750,306000000,1728000
1791121618.8702,4968,1200,55843,306000000,1728000
1791121618.9202,4968,1200,55656,306000000,1728000
1791121618.9703,4968,1200,55750,306000000,1728000
1791121619.0204,4968,1208,55750,306000000,1728000
1791121619.0705,4968,1208,55687,306000000,1728000
1791121619.1206,4968,1208,55687,306000000,1728000
1791121619.1706,4968,1208,55750,306000000,1728000
1791121619.2207,4968,1200,55875,306000000,1728000
1791121619.2708,4968,1200,55750,306000000,1728000
1791121619.3209,4968,1200,55812,306000000,1728000
1791121619.3709,4968,1200,55625,306000000,1728000
1791121619.4210,4968,1200,55781,306000000,1728000
1791121619.4711,4968,1192,55656,306000000,1728000
1791121619.5212,4968,1192,55687,306000000,1728000
1791121619.5713,4968,1200,55656,306000000,1267200
1791121619.6214,4968,1216,55750,306000000,1728000
1791121619.6715,4968,1208,55843,306000000,1728000
1791121619.7215,4968,1208,55656,306000000,1728000
1791121619.7716,4968,1200,55812,306000000,1728000
1791121619.8217,4968,1208,55781,306000000,1728000
1791121619.8718,4968,1200,55750,306000000,1728000
1791121619.9219,4968,1200,55625,306000000,1728000
1791121619.9719,4968,1208,55718,306000000,1728000
1791121620.0220,4968,1200,55687,306000000,1728000
1791121620.0721,4968,1208,55718,306000000,1728000
1791121620.1222,4968,1208,55875,306000000,1728000
1791121620.1723,4968,1216,55750,306000000,1728000
1791121620.2224,4968,1224,55750,306000000,1728000
1791121620.2725,4968,1216,55750,306000000,1728000
1791121620.3226,4968,1216,55812,306000000,1728000
1791121620.3726,4968,1208,55656,306000000,1728000
1791121620.4227,4968,1208,55687,306000000,1728000
1791121620.4728,4968,1208,55687,306000000,1728000
1791121620.5229,4968,1200,55718,306000000,1728000
1791121620.5730,4968,1208,55906,306000000,1728000
1791121620.6231,4968,1216,55687,306000000,1728000
1791121620.6731,4968,1208,55718,306000000,1113600
1791121620.7232,4960,1216,55656,306000000,1344000
1791121620.7733,4960,1224,55781,306000000,1728000
1791121620.8234,4968,1216,55718,306000000,1728000
1791121620.8735,4968,1216,55781,306000000,1728000
1791121620.9236,4968,1208,55687,306000000,1728000
1791121620.9736,4968,1216,55718,306000000,1728000
1791121621.0237,4968,1200,55750,306000000,1728000
1791121621.0738,4968,1208,55687,306000000,1728000
1791121621.1239,4968,1216,55781,306000000,1728000
1791121621.1740,4968,1208,55593,306000000,1728000
1791121621.2241,4968,1208,55781,306000000,1728000
1791121621.2742,4968,1208,55625,306000000,1728000
1791121621.3243,4968,1216,55625,306000000,1728000
1791121621.3743,4968,1208,55718,306000000,1728000
1791121621.4244,4968,1208,55718,306000000,1728000
1791121621.4745,4968,1216,55687,306000000,1728000
1791121621.5246,4968,1208,55625,306000000,1728000
1791121621.5747,4968,1216,55812,306000000,1728000
1791121621.6247,4968,1208,55718,306000000,1728000
1791121621.6748,4968,1208,55812,306000000,1728000
1791121621.7249,4968,1208,55687,306000000,1728000
1791121621.7750,4968,1208,55656,306000000,1728000
1791121621.8251,4960,1216,55625,306000000,1728000
1791121621.8752,4968,1216,55718,306000000,1728000
1791121621.9253,4968,1224,55781,306000000,1728000
1791121621.9753,4960,1224,55625,306000000,1728000
1791121622.0254,4968,1216,55781,306000000,1728000
1791121622.0755,4968,1216,55656,306000000,1728000
1791121622.1256,4968,1208,55718,306000000,1728000
1791121622.1756,4968,1208,55625,306000000,1728000
1791121622.2257,4968,1200,55718,306000000,1728000
1791121622.2758,4968,1208,55625,306000000,1728000
1791121622.3259,4968,1200,55687,306000000,1728000
1791121622.3760,4968,1208,55687,306000000,1728000
1791121622.4261,4968,1208,55656,306000000,1728000
1791121622.4761,4968,1216,55750,306000000,1728000
1791121622.5262,4968,1208,55656,306000000,1728000
1791121622.5763,4968,1208,55718,306000000,1728000
1791121622.6264,4968,1200,55625,306000000,1728000
1791121622.6765,4968,1208,55750,306000000,1728000
1791121622.7266,4968,1200,55625,306000000,1728000
1791121622.7766,4968,1208,55781,306000000,1728000
1791121622.8267,4968,1208,55531,306000000,1728000
1791121622.8768,4968,1200,55687,306000000,1728000
1791121622.9269,4968,1208,55718,306000000,1728000
1791121622.9770,4968,1216,55625,306000000,1344000
1791121623.0270,4960,1216,55750,306000000,1728000
1791121623.0771,4968,1208,55593,306000000,1728000
1791121623.1272,4968,1216,55687,306000000,1728000
1791121623.1773,4960,1216,55625,306000000,1728000
1791121623.2274,4968,1208,55593,306000000,1728000
1791121623.2774,4968,1208,55562,306000000,1728000
1791121623.3275,4968,1208,55718,306000000,1728000
1791121623.3776,4968,1208,55781,306000000,1728000
1791121623.4277,4968,1200,55562,306000000,1728000
1791121623.4777,4968,1200,55750,306000000,1113600
1791121623.5278,4960,1224,55625,306000000,1728000
1791121623.5779,4968,1216,55656,306000000,1728000
1791121623.6280,4968,1216,55562,306000000,1728000
1791121623.6781,4968,1208,55718,306000000,1728000
1791121623.7282,4968,1216,55625,306000000,1728000
1791121623.7782,4960,1216,55625,306000000,1728000
1791121623.8283,4968,1208,55843,306000000,1728000
1791121623.8784,4968,1216,55625,306000000,1728000
1791121623.9285,4968,1216,55750,306000000,1728000
1791121623.9785,4968,1208,55656,306000000,1728000
1791121624.0286,4968,1208,55781,306000000,1728000
1791121624.0787,4960,1216,55593,306000000,1190400
1791121624.1288,4960,1224,55687,306000000,1728000
1791121624.1789,4968,1208,55625,306000000,1728000
1791121624.2289,4968,1216,55593,306000000,1728000
1791121624.2790,4968,1208,55718,306000000,1728000
1791121624.3291,4968,1208,55562,306000000,1728000
1791121624.3792,4968,1200,55750,306000000,1728000
1791121624.4293,4968,1208,55718,306000000,1728000
1791121624.4793,4968,1200,55656,306000000,1728000
1791121624.5294,4968,1200,55656,306000000,1728000
1791121624.5795,4968,1208,55656,306000000,1728000
1791121624.6296,4968,1208,55531,306000000,1728000
1791121624.6797,4968,1224,55656,306000000,1728000
1791121624.7298,4968,1216,55718,306000000,1728000
1791121624.7799,4968,1216,55562,306000000,1728000
1791121624.8299,4968,1216,55750,306000000,1728000
1791121624.8800,4968,1208,55562,306000000,1728000
1791121624.9301,4968,1200,55718,306000000,1728000
1791121624.9802,4968,1208,55562,306000000,1728000
1791121625.0302,4968,1200,55656,306000000,1728000
1791121625.0803,4968,1200,55531,306000000,1728000
1791121625.1304,4968,1208,55656,306000000,1728000
1791121625.1805,4968,1216,55812,306000000,1728000
1791121625.2306,4968,1224,55593,306000000,1728000
1791121625.2807,4968,1224,55812,306000000,1728000
1791121625.3308,4968,1216,55593,306000000,1728000
1791121625.3809,4968,1216,55687,306000000,1728000
1791121625.4309,4968,1224,55593,306000000,1728000
1791121625.4810,4968,1208,55656,306000000,1728000
1791121625.5311,4968,1216,55531,306000000,1728000
1791121625.5812,4968,1216,55593,306000000,1728000
1791121625.6313,4968,1216,55781,306000000,1728000
1791121625.6814,4968,1216,55593,306000000,1728000
1791121625.7315,4968,1208,55843,306000000,1728000
1791121625.7815,4960,1232,55656,306000000,729600
1791121625.8316,4968,1224,55718,306000000,1728000
1791121625.8817,4968,1216,55687,306000000,1728000
1791121625.9318,4960,1224,55687,306000000,1728000
1791121625.9819,4968,1208,55593,306000000,1728000
1791121626.0319,4968,1216,55625,306000000,1728000
1791121626.0820,4968,1208,55750,306000000,1728000
1791121626.1321,4968,1208,55656,306000000,1728000
1791121626.1822,4968,1200,55750,306000000,1728000
1791121626.2323,4968,1208,55562,306000000,1728000
1791121626.2823,4968,1200,55656,306000000,1728000
1791121626.3324,4968,1216,55625,306000000,1728000
1791121626.3825,4968,1208,55656,306000000,1728000
1791121626.4326,4968,1216,55593,306000000,1728000
1791121626.4827,4968,1208,55718,306000000,1728000
1791121626.5327,4968,1208,55562,306000000,729600
1791121626.5828,4968,1200,55562,306000000,1728000
1791121626.6329,4968,1208,55718,306000000,1728000
1791121626.6830,4968,1200,55562,306000000,1728000
1791121626.7331,4968,1200,55718,306000000,1728000
1791121626.7831,4968,1200,55625,306000000,1728000
1791121626.8332,4968,1200,55593,306000000,1728000
1791121626.8833,4968,1208,55562,306000000,1267200
1791121626.9334,4968,1208,55687,306000000,1728000
1791121626.9835,4968,1208,55593,306000000,1728000
1791121627.0335,4968,1208,55593,306000000,1728000
1791121627.0836,4968,1208,55781,306000000,1728000
1791121627.1337,4968,1200,55656,306000000,1728000
1791121627.1838,4968,1200,55750,306000000,1728000
1791121627.2339,4968,1200,55531,306000000,1728000
1791121627.2839,4968,1200,55687,306000000,1728000
1791121627.3340,4968,1192,55593,306000000,1728000
1791121627.3841,4968,1192,55656,306000000,1728000
1791121627.4342,4968,1192,55531,306000000,1728000
1791121627.4843,4968,1208,55687,306000000,1728000
1791121627.5344,4968,1216,55812,306000000,1728000
1791121627.5845,4968,1224,55625,306000000,1728000
1791121627.6346,4968,1224,55781,306000000,1728000
1791121627.6847,4960,1232,55656,306000000,1728000
1791121627.7347,4960,1240,55656,306000000,1728000
1791121627.7848,4960,1232,55562,306000000,1728000
1791121627.8349,4968,1232,55718,306000000,1728000
1791121627.8850,4968,1232,55531,306000000,1728000
1791121627.9350,4960,1256,55562,306000000,1728000
1791121627.9851,4960,1264,55812,306000000,1728000
1791121628.0352,4960,1280,55593,306000000,1728000
1791121628.0853,4960,1280,55781,306000000,1728000
1791121628.1354,4960,1272,55656,306000000,1728000
1791121628.1855,4960,1256,55625,306000000,1728000
1791121628.2356,4960,1256,55625,306000000,1728000
1791121628.2856,4960,1248,55593,306000000,1728000
1791121628.3357,4960,1248,55562,306000000,1728000
1791121628.3858,4960,1240,55625,306000000,1728000
1791121628.4359,4968,1232,55812,306000000,1728000
1791121628.4860,4960,1240,55593,306000000,1728000
1791121628.5361,4968,1224,55843,306000000,1728000
1791121628.5861,4960,1240,55687,306000000,1497600
1791121628.6363,4968,1232,55750,306000000,1728000
1791121628.6864,4968,1232,55593,306000000,1728000
1791121628.7365,4968,1224,55656,306000000,1728000
1791121628.7866,4968,1224,55593,306000000,1728000
1791121628.8366,4968,1216,55593,306000000,1728000
1791121628.8867,4968,1216,55750,306000000,1728000
1791121628.9368,4968,1216,55593,306000000,1728000
1791121628.9869,4968,1208,55750,306000000,1728000
1791121629.0370,4968,1216,55593,306000000,1728000
1791121629.0871,4968,1208,55687,306000000,1728000
1791121629.1372,4968,1224,55531,306000000,1728000
1791121629.1872,4960,1224,55656,306000000,1728000
1791121629.2373,4968,1216,55625,306000000,1728000
1791121629.2874,4968,1216,55625,306000000,1728000
1791121629.3375,4968,1208,55562,306000000,1728000
1791121629.3876,4968,1216,55593,306000000,1728000
1791121629.4376,4968,1208,55687,306000000,1728000
1791121629.4877,4968,1208,55687,306000000,1728000
1791121629.5378,4968,1208,55718,306000000,1728000
1791121629.5879,4968,1200,55656,306000000,1728000
1791121629.6380,4968,1200,55656,306000000,1728000
1791121629.6881,4968,1216,55593,306000000,1728000
1791121629.7381,4968,1224,55656,306000000,1728000
1791121629.7882,4968,1216,55531,306000000,1728000
1791121629.8383,4968,1216,55625,306000000,1728000
1791121629.8884,4968,1216,55781,306000000,1728000
1791121629.9385,4968,1208,55593,306000000,1728000
1791121629.9885,4968,1216,55750,306000000,1728000
1791121630.0386,4968,1208,55562,306000000,1728000
1791121630.0887,4968,1208,55750,306000000,1728000
1791121630.1388,4968,1200,55562,306000000,1728000
1791121630.1889,4968,1208,55687,306000000,1728000
1791121630.2390,4968,1216,55593,306000000,1420800
1791121630.2891,4968,1224,55562,306000000,1728000
1791121630.3391,4968,1224,55718,306000000,1728000
1791121630.3892,4968,1216,55625,306000000,1728000
1791121630.4393,4968,1216,55781,306000000,1728000
1791121630.4894,4968,1208,55625,306000000,1728000
1791121630.5395,4968,1216,55687,306000000,1728000
1791121630.5896,4968,1216,55625,306000000,1728000
1791121630.6396,4968,1208,55687,306000000,1728000
1791121630.6897,4968,1216,55562,306000000,1728000
1791121630.7398,4968,1208,55593,306000000,1728000
1791121630.7899,4968,1216,55718,306000000,1728000
1791121630.8400,4960,1232,55593,306000000,1728000
1791121630.8901,4960,1224,55718,306000000,1728000
1791121630.9402,4968,1224,55593,306000000,1728000
1791121630.9902,4968,1224,55656,306000000,1728000
1791121631.0403,4968,1216,55656,306000000,1728000
1791121631.0904,4968,1216,55718,306000000,1728000
1791121631.1405,4968,1216,55562,306000000,1728000
1791121631.1906,4968,1208,55687,306000000,1728000
1791121631.2407,4968,1216,55718,306000000,1728000
1791121631.2907,4968,1208,55687,306000000,1728000
1791121631.3408,4968,1208,55750,306000000,1113600
1791121631.3909,4968,1216,55625,306000000,1497600
1791121631.4410,4968,1224,55750,306000000,1728000
1791121631.4911,4968,1216,55593,306000000,1728000
1791121631.5411,4968,1216,55625,306000000,1728000
1791121631.5912,4968,1216,55625,306000000,1728000
1791121631.6413,4968,1208,55625,306000000,1728000
1791121631.6914,4968,1216,55531,306000000,1728000
1791121631.7415,4968,1208,55625,306000000,1728000
1791121631.7915,4968,1208,55718,306000000,1728000
1791121631.8416,4968,1200,55656,306000000,1728000
1791121631.8917,4968,1200,55781,306000000,1728000
1791121631.9418,4968,1208,55562,306000000,1728000
1791121631.9919,4968,1216,55750,306000000,1728000
1791121632.0420,4968,1216,55625,306000000,1728000
1791121632.0920,4968,1208,55625,306000000,1728000
1791121632.1421,4968,1200,55562,306000000,1728000
1791121632.1922,4968,1208,55593,306000000,1728000
1791121632.2423,4968,1208,55750,306000000,1728000
1791121632.2923,4968,1208,55656,306000000,1728000
1791121632.3424,4968,1208,55718,306000000,1728000
1791121632.3925,4968,1208,55562,306000000,1728000
1791121632.4426,4968,1200,55750,306000000,1728000
1791121632.4927,4968,1208,55625,306000000,1728000
1791121632.5428,4968,1216,55625,306000000,1728000
1791121632.5928,4968,1208,55562,306000000,1728000
1791121632.6429,4968,1208,55593,306000000,1728000
1791121632.6930,4968,1208,55781,306000000,1728000
1791121632.7431,4968,1208,55562,306000000,1728000
1791121632.7932,4968,1200,55718,306000000,1728000
1791121632.8432,4968,1200,55625,306000000,1728000
1791121632.8933,4968,1200,55593,306000000,1728000
1791121632.9434,4968,1200,55625,306000000,1728000
1791121632.9935,4968,1200,55625,306000000,1728000
1791121633.0436,4968,1208,55593,306000000,1728000
1791121633.0937,4968,1224,55656,306000000,1728000
1791121633.1438,4968,1208,55812,306000000,1728000
1791121633.1939,4968,1208,55562,306000000,1728000
1791121633.2439,4968,1208,55750,306000000,1728000
1791121633.2940,4968,1208,55593,306000000,1728000
1791121633.3441,4968,1200,55593,306000000,1728000
1791121633.3942,4968,1208,55593,306000000,1728000
1791121633.4442,4968,1208,55625,306000000,1728000
1791121633.4943,4968,1208,55562,306000000,1728000
1791121633.5444,4968,1208,55562,306000000,1728000
1791121633.5945,4968,1208,55718,306000000,1728000
1791121633.6446,4968,1224,55593,306000000,1728000
1791121633.6947,4968,1224,55812,306000000,1728000
1791121633.7448,4968,1216,55562,306000000,1728000
1791121633.7949,4968,1224,55718,306000000,1728000
1791121633.8449,4968,1216,55593,306000000,1728000
1791121633.8950,4968,1216,55656,306000000,1728000
1791121633.9451,4968,1208,55562,306000000,1728000
1791121633.9952,4968,1216,55531,306000000,1728000
1791121634.0452,4968,1200,55531,306000000,1728000
1791121634.0953,4968,1208,55625,306000000,1728000
1791121634.1454,4968,1200,55750,306000000,1728000
1791121634.1955,4968,1224,55625,306000000,1728000
1791121634.2456,4968,1216,55718,306000000,1728000
1791121634.2957,4968,1200,55562,306000000,1728000
1791121634.3458,4968,1208,55625,306000000,1728000
1791121634.3958,4968,1200,55562,306000000,1728000
1791121634.4459,4968,1208,55656,306000000,1728000
1791121634.4960,4968,1200,55531,306000000,1728000
1791121634.5461,4968,1200,55656,306000000,1728000
1791121634.5962,4968,1208,55718,306000000,1728000
1791121634.6463,4968,1208,55625,306000000,1728000
1791121634.6963,4968,1208,55687,306000000,1728000
1791121634.7465,4968,1224,55593,306000000,1728000
1791121634.7966,4968,1216,55718,306000000,1728000
1791121634.8466,4968,1224,55593,306000000,1728000
1791121634.8967,4968,1208,55625,306000000,1728000
1791121634.9468,4968,1216,55500,306000000,1728000
1791121634.9969,4968,1208,55625,306000000,1728000
1791121635.0469,4968,1208,55750,306000000,1728000
1791121635.0970,4968,1200,55531,306000000,1728000
1791121635.1471,4968,1200,55625,306000000,1728000
1791121635.1972,4968,1200,55531,306000000,1728000
1791121635.2473,4968,1200,55625,306000000,1728000
1791121635.2974,4968,1208,55562,306000000,1267200
1791121635.3475,4968,1216,55593,306000000,1728000
1791121635.3976,4968,1208,55531,306000000,1728000
1791121635.4476,4968,1208,55625,306000000,1728000
1791121635.4977,4968,1200,55781,306000000,1728000
1791121635.5478,4968,1208,55625,306000000,1728000
1791121635.5979,4968,1200,55750,306000000,1728000
1791121635.6480,4968,1208,55562,306000000,1728000
1791121635.6981,4968,1200,55625,306000000,1728000
1791121635.7481,4968,1200,55531,306000000,1728000
1791121635.7982,4968,1192,55718,306000000,1728000
1791121635.8483,4968,1208,55531,306000000,1728000
1791121635.8984,4968,1216,55562,306000000,1728000
1791121635.9485,4968,1216,55781,306000000,1728000
1791121635.9986,4968,1208,55687,306000000,1728000
1791121636.0487,4968,1208,55687,306000000,1728000
1791121636.0987,4968,1208,55593,306000000,1728000
1791121636.1488,4968,1208,55656,306000000,1728000
1791121636.1989,4968,1208,55593,306000000,1728000
1791121636.2490,4968,1200,55625,306000000,1728000
1791121636.2991,4968,1208,55562,306000000,1728000
1791121636.3491,4968,1208,55625,306000000,1728000
1791121636.3992,4968,1208,55531,306000000,1344000
1791121636.4493,4968,1224,55687,306000000,1728000
1791121636.4994,4968,1208,55718,306000000,1728000
1791121636.5495,4968,1216,55562,306000000,1728000
1791121636.5996,4968,1208,55625,306000000,1728000
1791121636.6497,4968,1216,55531,306000000,1728000
1791121636.6997,4968,1208,55656,306000000,1728000
1791121636.7498,4968,1208,55531,306000000,1728000
1791121636.7999,4968,1208,55593,306000000,1728000
1791121636.8500,4968,1200,55593,306000000,1728000
1791121636.9001,4968,1208,55593,306000000,1728000
1791121636.9502,4968,1208,55718,306000000,1190400
1791121637.0003,4968,1224,55500,306000000,1728000
1791121637.0504,4968,1208,55687,306000000,1728000
1791121637.1004,4968,1216,55531,306000000,1728000
1791121637.1505,4968,1208,55562,306000000,1728000
1791121637.2006,4968,1208,55500,306000000,1728000
1791121637.2507,4968,1208,55531,306000000,1728000
1791121637.3008,4968,1208,55562,306000000,1728000
1791121637.3508,4968,1208,55593,306000000,1728000
1791121637.4009,4968,1200,55687,306000000,1728000
1791121637.4510,4968,1208,55531,306000000,1728000
1791121637.5011,4968,1208,55656,306000000,1728000
1791121637.5512,4960,1216,55625,306000000,1420800
1791121637.6013,4960,1224,55687,306000000,1728000
1791121637.6513,4968,1216,55593,306000000,1728000
1791121637.7014,4968,1216,55593,306000000,1728000
1791121637.7515,4968,1216,55531,306000000,1728000
1791121637.8016,4968,1208,55593,306000000,1728000
1791121637.8517,4968,1208,55687,306000000,1728000
1791121637.9017,4968,1208,55500,306000000,1728000
1791121637.9518,4968,1208,55593,306000000,1728000
1791121638.0019,4968,1216,55531,306000000,1728000
1791121638.0520,4968,1208,55687,306000000,1728000
1791121638.1021,4960,1224,55531,306000000,1728000
1791121638.1522,4968,1216,55687,306000000,1728000
1791121638.2022,4968,1224,55531,306000000,1728000
1791121638.2523,4968,1216,55656,306000000,1728000
1791121638.3024,4968,1216,55750,306000000,1728000
1791121638.3525,4968,1216,55531,306000000,1728000
1791121638.4026,4968,1208,55625,306000000,1728000
1791121638.4526,4968,1200,55687,306000000,1728000
1791121638.5027,4968,1208,55625,306000000,1728000
1791121638.5528,4968,1208,55531,306000000,1728000
1791121638.6029,4968,1208,55625,306000000,1728000
1791121638.6530,4968,1216,55562,306000000,1497600
1791121638.7031,4968,1224,55625,306000000,1728000
1791121638.7532,4968,1216,55625,306000000,1728000
1791121638.8033,4968,1216,55562,306000000,1728000
1791121638.8533,4968,1208,55781,306000000,1728000
1791121638.9034,4960,1216,55562,306000000,1728000
1791121638.9535,4960,1216,55687,306000000,1728000
1791121639.0036,4968,1208,55562,306000000,1728000
1791121639.0537,4968,1216,55656,306000000,1728000
1791121639.1038,4968,1208,55531,306000000,1728000
1791121639.1539,4968,1208,55625,306000000,1728000
1791121639.2040,4968,1216,55531,306000000,1728000
1791121639.2541,4960,1224,55562,306000000,1728000
1791121639.3041,4968,1224,55656,306000000,1728000
1791121639.3542,4968,1216,55593,306000000,1728000
1791121639.4043,4968,1224,55687,306000000,1728000
1791121639.4544,4968,1208,55531,306000000,1728000
1791121639.5045,4968,1216,55656,306000000,1728000
1791121639.5545,4968,1208,55531,306000000,1728000
1791121639.6046,4968,1208,55656,306000000,1728000
1791121639.6547,4968,1216,55562,306000000,1728000
1791121639.7048,4968,1208,55562,306000000,1728000
1791121639.7549,4968,1216,55750,306000000,1190400
1791121639.8050,4960,1232,55562,306000000,1728000
1791121639.8551,4968,1224,55625,306000000,1728000
1791121639.9052,4968,1224,55531,306000000,1728000
1791121639.9552,4968,1216,55625,306000000,1728000
1791121640.0053,4968,1216,55531,306000000,1728000
1791121640.0554,4968,1216,55656,306000000,1728000
1791121640.1055,4968,1208,55500,306000000,1728000
1791121640.1556,4968,1208,55656,306000000,1728000
1791121640.2057,4968,1200,55781,306000000,1728000
1791121640.2557,4968,1200,55625,306000000,1728000
1791121640.3058,4968,1200,55656,306000000,1728000
1791121640.3559,4968,1216,55531,306000000,1728000
1791121640.4060,4968,1208,55687,306000000,1728000
1791121640.4561,4968,1216,55531,306000000,1728000
1791121640.5062,4968,1208,55593,306000000,1728000
1791121640.5563,4968,1208,55531,306000000,1728000
1791121640.6063,4968,1200,55531,306000000,1728000
1791121640.6564,4968,1208,55750,306000000,1728000
1791121640.7065,4968,1200,55531,306000000,1728000
1791121640.7566,4968,1200,55656,306000000,1728000
1791121640.8066,4968,1192,55531,306000000,1728000
1791121640.8567,4968,1200,55593,306000000,1728000
1791121640.9068,4968,1200,55593,306000000,1267200
1791121640.9569,4968,1216,55531,306000000,1728000
1791121641.0070,4968,1200,55531,306000000,1728000
1791121641.0571,4968,1208,55531,306000000,1728000
1791121641.1072,4968,1200,55531,306000000,1728000
1791121641.1572,4968,1208,55562,306000000,1728000
1791121641.2073,4968,1208,55687,306000000,1728000
1791121641.2574,4968,1200,55625,306000000,1728000
1791121641.3075,4968,1208,55625,306000000,1728000
1791121641.3575,4968,1200,55531,306000000,1728000
1791121641.4076,4968,1200,55531,306000000,1728000
1791121641.4577,4968,1208,55562,306000000,1728000
1791121641.5078,4968,1216,55531,306000000,1728000
1791121641.5579,4968,1216,55468,306000000,1728000
1791121641.6080,4968,1200,55656,306000000,1728000
1791121641.6580,4968,1208,55718,306000000,1728000
1791121641.7081,4968,1216,55531,306000000,1728000
1791121641.7582,4968,1208,55656,306000000,1728000
1791121641.8083,4968,1208,55531,306000000,1728000
1791121641.8584,4968,1208,55531,306000000,1728000
1791121641.9084,4968,1200,55500,306000000,1728000
1791121641.9585,4968,1208,55593,306000000,1728000
1791121642.0086,4968,1208,55531,306000000,1728000
1791121642.0587,4968,1224,55562,306000000,1728000
1791121642.1088,4968,1216,55625,306000000,1728000
1791121642.1589,4968,1224,55562,306000000,1728000
1791121642.2090,4968,1208,55656,306000000,1728000
1791121642.2591,4968,1216,55468,306000000,1728000
1791121642.3091,4968,1216,55562,306000000,1728000
1791121642.3592,4968,1208,55531,306000000,1728000
1791121642.4093,4968,1216,55593,306000000,1728000
1791121642.4594,4968,1208,55593,306000000,729600
1791121642.5095,4968,1208,55593,306000000,1728000
1791121642.5596,4968,1216,55750,306000000,1728000
1791121642.6097,4960,1240,55562,306000000,1728000
1791121642.6598,4960,1232,55718,306000000,1728000
1791121642.7099,4968,1232,55593,306000000,1728000
1791121642.7600,4960,1232,55593,306000000,1728000
1791121642.8101,4968,1216,55531,306000000,1728000
1791121642.8601,4968,1224,55625,306000000,1728000
1791121642.9102,4968,1216,55531,306000000,1728000
1791121642.9603,4968,1216,55562,306000000,1728000
1791121643.0104,4968,1216,55687,306000000,1728000
1791121643.0605,4968,1216,55562,306000000,1728000
1791121643.1106,4968,1216,55625,306000000,1190400
1791121643.1607,4968,1224,55531,306000000,1728000
1791121643.2107,4968,1224,55531,306000000,1728000
1791121643.2608,4968,1216,55500,306000000,1728000
1791121643.3109,4968,1208,55562,306000000,1728000
1791121643.3610,4968,1208,55531,306000000,1728000
1791121643.4111,4968,1216,55531,306000000,1728000
1791121643.4611,4968,1208,55562,306000000,1728000
1791121643.5112,4968,1208,55531,306000000,1728000
1791121643.5613,4968,1200,55656,306000000,1728000
1791121643.6114,4968,1208,55531,306000000,1728000
1791121643.6615,4968,1200,55562,306000000,1728000
1791121643.7116,4960,1216,55531,306000000,1728000
1791121643.7617,4960,1232,55562,306000000,1728000
1791121643.8117,4960,1216,55531,306000000,1728000
1791121643.8618,4960,1224,55562,306000000,1728000
1791121643.9119,4968,1216,55531,306000000,1728000
1791121643.9620,4968,1216,55531,306000000,1728000
1791121644.0121,4968,1208,55593,306000000,1728000
1791121644.0622,4968,1208,55562,306000000,1728000
1791121644.1122,4968,1200,55625,306000000,1728000
1791121644.1623,4968,1208,55468,306000000,1728000
1791121644.2124,4968,1192,55531,306000000,1728000
1791121644.2625,4968,1208,55531,306000000,1728000
1791121644.3126,4968,1208,55625,306000000,1728000
1791121644.3627,4968,1216,55500,306000000,1728000
1791121644.4128,4968,1200,55562,306000000,1728000
1791121644.4629,4968,1208,55656,306000000,1728000
1791121644.5130,4968,1200,55531,306000000,1728000
1791121644.5631,4968,1208,55562,306000000,1728000
1791121644.6132,4968,1208,55593,306000000,1728000
1791121644.6634,4968,1200,55593,306000000,1728000
1791121644.7135,4968,1208,55500,306000000,1728000
1791121644.7636,4968,1208,55562,306000000,1728000
1791121644.8137,4968,1216,55531,306000000,1728000
1791121644.8638,4968,1232,55562,306000000,1728000
1791121644.9139,4960,1224,55593,306000000,1728000
1791121644.9640,4968,1224,55531,306000000,1728000
1791121645.0141,4968,1224,55625,306000000,1728000
1791121645.0642,4968,1216,55531,306000000,1728000
1791121645.1143,4968,1216,55531,306000000,1728000
1791121645.1643,4968,1224,55500,306000000,1728000
1791121645.2144,4968,1216,55562,306000000,1728000
1791121645.2645,4968,1216,55562,306000000,1728000
1791121645.3146,4968,1216,55562,306000000,1728000
1791121645.3647,4968,1208,55750,306000000,1728000
1791121645.4148,4960,1232,55593,306000000,1728000
1791121645.4649,4968,1224,55687,306000000,1728000
1791121645.5149,4968,1224,55468,306000000,1728000
1791121645.5650,4968,1224,55656,306000000,1728000
1791121645.6151,4968,1216,55531,306000000,1728000
1791121645.6652,4968,1224,55531,306000000,1728000
1791121645.7153,4968,1208,55500,306000000,1728000
1791121645.7654,4968,1216,55531,306000000,1728000
1791121645.8154,4968,1216,55593,306000000,1728000
1791121645.8655,4968,1208,55562,306000000,1728000
1791121645.9156,4968,1208,55625,306000000,1190400
1791121645.9657,4968,1224,55531,306000000,1728000
1791121646.0158,4968,1224,55625,306000000,1728000
1791121646.0659,4968,1216,55500,306000000,1728000
1791121646.1160,4968,1216,55625,306000000,1728000
1791121646.1660,4968,1216,55531,306000000,1728000
1791121646.2161,4968,1216,55593,306000000,1728000
1791121646.2662,4968,1216,55500,306000000,1728000
1791121646.3163,4968,1208,55531,306000000,1728000
1791121646.3664,4968,1208,55593,306000000,1728000
1791121646.4164,4968,1216,55531,306000000,1728000
1791121646.4665,4968,1208,55593,306000000,1728000
1791121646.5166,4960,1216,55500,306000000,1267200
1791121646.5667,4968,1216,55593,306000000,1728000
1791121646.6168,4968,1200,55437,306000000,1728000
1791121646.6669,4968,1192,55500,306000000,1728000
1791121646.7170,4968,1192,55531,306000000,1728000
1791121646.7671,4968,1192,55531,306000000,1728000
1791121646.8171,4968,1192,55562,306000000,1728000
1791121646.8672,4968,1192,55531,306000000,1728000
1791121646.9173,4968,1192,55562,306000000,1728000
1791121646.9674,4968,1192,55531,306000000,1728000
1791121647.0175,4968,1192,55625,306000000,1728000
1791121647.0676,4968,1208,55531,306000000,1728000
1791121647.1176,4968,1208,55562,306000000,1728000
1791121647.1677,4968,1208,55750,306000000,1728000
1791121647.2178,4968,1208,55593,306000000,1728000
1791121647.2679,4968,1208,55625,306000000,1728000
1791121647.3180,4968,1200,55562,306000000,1728000
1791121647.3681,4968,1200,55593,306000000,1728000
1791121647.4181,4968,1200,55750,306000000,1728000
1791121647.4682,4968,1200,55531,306000000,1728000
1791121647.5183,4968,1200,55531,306000000,1728000
1791121647.5684,4968,1200,55593,306000000,1728000
1791121647.6185,4968,1208,55656,306000000,1728000
1791121647.6686,4968,1216,55562,306000000,1728000
1791121647.7187,4968,1216,55718,306000000,1728000
1791121647.7687,4968,1208,55531,306000000,1728000
1791121647.8188,4968,1208,55656,306000000,1728000
1791121647.8689,4968,1208,55562,306000000,1728000
1791121647.9190,4968,1208,55562,306000000,1728000
1791121647.9691,4968,1208,55750,306000000,1728000
1791121648.0191,4968,1200,55562,306000000,1728000
1791121648.0692,4968,1200,55656,306000000,1728000
1791121648.1193,4968,1200,55562,306000000,1728000
1791121648.1694,4968,1208,55625,306000000,1728000
1791121648.2195,4968,1216,55468,306000000,1728000
1791121648.2696,4968,1216,55656,306000000,1728000
1791121648.3197,4968,1208,55531,306000000,1728000
1791121648.3697,4968,1208,55593,306000000,1728000
1791121648.4198,4968,1208,55843,306000000,1728000
1791121648.4699,4968,1208,55593,306000000,1728000
1791121648.5200,4968,1208,55656,306000000,1728000
1791121648.5701,4968,1200,55562,306000000,1728000
1791121648.6201,4968,1200,55656,306000000,1728000
1791121648.6702,4968,1200,55562,306000000,1728000
1791121648.7203,4968,1200,55656,306000000,1728000
1791121648.7704,4968,1216,55562,306000000,1728000
1791121648.8205,4968,1216,55593,306000000,1728000
1791121648.8706,4968,1208,55500,306000000,1728000
1791121648.9207,4968,1208,55562,306000000,1728000
1791121648.9708,4968,1208,55593,306000000,1728000
1791121649.0209,4968,1208,55562,306000000,1728000
1791121649.0709,4968,1208,55718,306000000,1728000
1791121649.1210,4968,1216,55531,306000000,1728000
1791121649.1711,4960,1224,55593,306000000,1728000
1791121649.2212,4960,1232,55562,306000000,1728000
1791121649.2713,4960,1232,55593,306000000,1728000
1791121649.3214,4960,1248,55750,306000000,1728000
1791121649.3715,4960,1256,55687,306000000,1728000
1791121649.4216,4960,1272,55687,306000000,1728000
1791121649.4717,4960,1264,55562,306000000,1728000
1791121649.5217,4960,1256,55531,306000000,1728000
1791121649.5718,4960,1248,55531,306000000,1728000
1791121649.6219,4960,1240,55625,306000000,1728000
1791121649.6720,4960,1232,55562,306000000,1728000
1791121649.7221,4968,1224,55593,306000000,1728000
1791121649.7722,4968,1224,55468,306000000,1728000
1791121649.8223,4960,1224,55656,306000000,1728000
1791121649.8724,4960,1256,55906,306000000,1728000
1791121649.9225,4960,1272,55718,306000000,1728000
1791121649.9726,4960,1280,56062,306000000,1728000
1791121650.0227,4960,1272,55625,306000000,1728000
1791121650.0728,4960,1264,55625,306000000,1728000
1791121650.1228,4960,1256,55531,306000000,1728000
1791121650.1729,4960,1248,55562,306000000,1728000
1791121650.2230,4960,1232,55562,306000000,1728000
1791121650.2731,4968,1216,55562,306000000,1728000
1791121650.3232,4968,1200,55500,306000000,1728000
