1791127228.7968,4960,1144,61250,306000000,1728000
1791127228.8469,4960,1184,61500,306000000,1728000
1791127228.8970,4960,1200,61562,306000000,1728000
1791127228.9471,4960,1200,61218,306000000,1728000
1791127228.9972,4960,1200,61468,306000000,1728000
1791127229.0473,4960,1200,60906,306000000,1728000
1791127229.0974,4960,1192,61031,306000000,1728000
1791127229.1474,4960,1184,61000,306000000,1728000
1791127229.1975,4960,1192,61000,306000000,1728000
1791127229.2476,4960,1192,60875,306000000,1728000
1791127229.2977,4960,1192,60968,306000000,1728000
1791127229.3478,4960,1192,60875,306000000,1728000
1791127229.3979,4960,1208,60968,306000000,1728000
1791127229.4480,4960,1200,61000,306000000,1728000
1791127229.4981,4960,1200,60968,306000000,1728000
1791127229.5482,4960,1200,61093,306000000,1728000
1791127229.5983,4960,1200,60937,306000000,1728000
1791127229.6483,4960,1200,60968,306000000,1728000
1791127229.6984,4960,1200,61031,306000000,1728000
1791127229.7485,4960,1200,60968,306000000,1728000
1791127229.7986,4960,1200,60875,306000000,1728000
1791127229.8487,4960,1200,61000,306000000,1728000
1791127229.8988,4960,1208,61312,306000000,1728000
1791127229.9489,4960,1224,61125,306000000,1728000
1791127229.9989,4960,1216,61156,306000000,1728000
1791127230.0490,4960,1216,60875,306000000,1728000
1791127230.0991,4960,1216,61031,306000000,1728000
1791127230.1492,4960,1216,60875,306000000,1728000
1791127230.1993,4960,1216,60937,306000000,1728000
1791127230.2493,4960,1216,61125,306000000,1728000
1791127230.2994,4960,1216,60937,306000000,1728000
1791127230.3495,4960,1216,60906,306000000,1728000
1791127230.3996,4960,1208,60875,306000000,1728000
1791127230.4497,4960,1216,61093,306000000,1728000
1791127230.4997,4960,1224,60843,306000000,1728000
1791127230.5498,4960,1224,60968,306000000,1728000
1791127230.5999,4960,1224,60875,306000000,1728000
1791127230.6500,4960,1224,60968,306000000,1728000
1791127230.7001,4960,1216,60875,306000000,1728000
1791127230.7501,4960,1216,60906,306000000,1728000
1791127230.8002,4960,1216,61031,306000000,1728000
1791127230.8503,4960,1216,60843,306000000,1728000
1791127230.9004,4960,1216,61156,306000000,1728000
1791127230.9505,4960,1216,60906,306000000,1728000
1791127231.0005,4960,1216,61125,306000000,1728000
1791127231.0506,4960,1224,61187,306000000,1728000
1791127231.1007,4960,1224,60968,306000000,1728000
1791127231.1508,4960,1224,60812,306000000,1728000
1791127231.2009,4960,1224,60906,306000000,1728000
1791127231.2510,4960,1224,60968,306000000,1728000
1791127231.3011,4960,1232,60875,306000000,1728000
1791127231.3511,4960,1224,60875,306000000,1728000
1791127231.4012,4960,1224,60843,306000000,1728000
1791127231.4513,4960,1224,60875,306000000,1728000
1791127231.5014,4960,1224,60843,306000000,1728000
1791127231.5515,4960,1232,61000,306000000,1728000
1791127231.6016,4960,1240,61093,306000000,1728000
1791127231.6517,4960,1240,60906,306000000,1728000
1791127231.7018,4960,1240,60812,306000000,1728000
1791127231.7518,4960,1240,60843,306000000,1728000
1791127231.8019,4960,1240,60843,306000000,1728000
1791127231.8520,4960,1232,60750,306000000,1728000
1791127231.9021,4960,1232,60875,306000000,1728000
1791127231.9522,4960,1232,60781,306000000,1728000
1791127232.0023,4960,1224,60875,306000000,1728000
1791127232.0524,4960,1232,60750,306000000,1728000
1791127232.1025,4960,1232,60843,306000000,1728000
1791127232.1526,4960,1240,60968,306000000,1728000
1791127232.2027,4960,1240,60875,306000000,1728000
1791127232.2528,4960,1240,60937,306000000,1728000
1791127232.3029,4960,1240,60781,306000000,1728000
1791127232.3529,4960,1256,60875,306000000,1728000
1791127232.4030,4952,1264,60968,306000000,1728000
1791127232.4531,4952,1264,60843,306000000,1728000
1791127232.5032,4952,1264,60781,306000000,1728000
1791127232.5533,4952,1272,60968,306000000,1728000
1791127232.6034,4952,1288,60781,306000000,1728000
1791127232.6535,4952,1336,60843,306000000,1728000
1791127232.7036,4952,1336,61062,306000000,1728000
1791127232.7537,4952,1328,60750,306000000,1728000
1791127232.8038,4952,1336,60875,306000000,1728000
1791127232.8539,4952,1360,60781,306000000,1728000
1791127232.9040,4952,1352,60906,306000000,1728000
1791127232.9541,4952,1352,60687,306000000,1728000
1791127233.0042,4952,1368,60843,306000000,1728000
1791127233.0543,4952,1352,60750,306000000,1728000
1791127233.1044,4952,1344,60812,306000000,1728000
1791127233.1544,4952,1344,60687,306000000,1728000
1791127233.2045,4952,1360,60812,306000000,1728000
1791127233.2546,4952,1360,60843,306000000,1728000
1791127233.3047,4952,1360,60781,306000000,1728000
1791127233.3548,4952,1376,60781,306000000,1728000
1791127233.4049,4952,1360,60687,306000000,1728000
1791127233.4549,4952,1352,60687,306000000,1728000
1791127233.5050,4952,1352,60750,306000000,1728000
1791127233.5551,4952,1360,60687,306000000,1728000
1791127233.6052,4952,1352,60718,306000000,1728000
1791127233.6553,4952,1360,60687,306000000,1728000
1791127233.7053,4952,1360,60843,306000000,1728000
1791127233.7554,4952,1360,60718,306000000,1728000
1791127233.8055,4952,1360,60750,306000000,1728000
1791127233.8556,4952,1368,60718,306000000,1728000
1791127233.9057,4952,1368,60781,306000000,1728000
1791127233.9558,4952,1352,60625,306000000,1728000
1791127234.0058,4952,1360,60750,306000000,1728000
1791127234.0559,4952,1360,60718,306000000,1728000
1791127234.1060,4952,1352,60718,306000000,1728000
1791127234.1561,4952,1344,60812,306000000,1728000
1791127234.2062,4952,1336,60625,306000000,1728000
1791127234.2562,4952,1336,60781,306000000,1728000
1791127234.3063,4952,1352,60656,306000000,1728000
1791127234.3564,4952,1352,60750,306000000,1728000
1791127234.4065,4952,1344,60656,306000000,1728000
1791127234.4566,4952,1344,60656,306000000,1728000
1791127234.5067,4952,1352,60687,306000000,1728000
1791127234.5568,4952,1344,60718,306000000,1728000
1791127234.6068,4952,1344,60625,306000000,1728000
1791127234.6569,4952,1328,60687,306000000,1728000
1791127234.7070,4952,1336,60750,306000000,1728000
1791127234.7571,4952,1344,60656,306000000,1728000
1791127234.8072,4952,1336,60781,306000000,1728000
1791127234.8572,4952,1336,60687,306000000,1728000
1791127234.9073,4952,1360,60718,306000000,1267200
1791127234.9574,4952,1360,60625,306000000,1728000
1791127235.0075,4952,1344,60656,306000000,1728000
1791127235.0576,4952,1360,60562,306000000,1728000
1791127235.1077,4952,1360,60625,306000000,1728000
1791127235.1578,4952,1344,60843,306000000,1728000
1791127235.2079,4952,1352,60625,306000000,1728000
1791127235.2579,4952,1360,60656,306000000,1728000
1791127235.3080,4952,1344,60468,306000000,1728000
1791127235.3581,4952,1336,60625,306000000,1728000
1791127235.4082,4952,1352,60531,306000000,1728000
1791127235.4583,4952,1360,60625,306000000,1113600
1791127235.5084,4952,1352,60531,306000000,1728000
1791127235.5584,4952,1344,60562,306000000,1728000
1791127235.6085,4952,1360,60687,306000000,1728000
1791127235.6586,4952,1352,60625,306000000,1728000
1791127235.7087,4952,1344,60718,306000000,1728000
1791127235.7588,4952,1336,60625,306000000,1728000
1791127235.8088,4952,1344,60593,306000000,1728000
1791127235.8589,4952,1344,60593,306000000,1728000
1791127235.9090,4952,1336,60625,306000000,1728000
1791127235.9591,4952,1352,60468,306000000,1728000
1791127236.0092,4952,1352,60531,306000000,1728000
1791127236.0593,4952,1360,60718,306000000,1728000
1791127236.1094,4952,1344,60500,306000000,1728000
1791127236.1594,4952,1344,60656,306000000,1728000
1791127236.2095,4952,1344,60531,306000000,1728000
1791127236.2596,4952,1352,60625,306000000,1728000
1791127236.3097,4952,1344,60468,306000000,1728000
1791127236.3598,4952,1336,60593,306000000,1728000
1791127236.4099,4952,1344,60531,306000000,1728000
1791127236.4599,4952,1352,60531,306000000,1728000
1791127236.5100,4952,1344,60750,306000000,1728000
1791127236.5601,4952,1336,60531,306000000,1728000
1791127236.6102,4952,1344,60625,306000000,1728000
1791127236.6603,4952,1336,60531,306000000,1728000
1791127236.7104,4952,1344,60593,306000000,1728000
1791127236.7605,4952,1352,60531,306000000,1728000
1791127236.8105,4952,1336,60593,306000000,1728000
1791127236.8606,4952,1328,60531,306000000,1728000
1791127236.9107,4952,1336,60531,306000000,1728000
1791127236.9608,4952,1344,60625,306000000,1728000
1791127237.0108,4952,1336,60500,306000000,1728000
1791127237.0609,4952,1344,60718,306000000,1728000
1791127237.1110,4952,1352,60593,306000000,1113600
1791127237.1611,4952,1368,60562,306000000,1728000
1791127237.2112,4952,1352,60406,306000000,1728000
1791127237.2613,4952,1352,60500,306000000,1728000
1791127237.3113,4952,1360,60468,306000000,1728000
1791127237.3614,4952,1352,60593,306000000,1728000
1791127237.4115,4952,1336,60625,306000000,1728000
1791127237.4615,4952,1344,60531,306000000,1728000
1791127237.5116,4952,1344,60593,306000000,1728000
1791127237.5617,4952,1344,60500,306000000,1728000
1791127237.6118,4952,1328,60437,306000000,1728000
1791127237.6619,4952,1328,60406,306000000,1728000
1791127237.7120,4952,1344,60500,306000000,1728000
1791127237.7620,4952,1352,60437,306000000,1728000
1791127237.8121,4952,1344,60437,306000000,1728000
1791127237.8622,4952,1336,60375,306000000,1728000
1791127237.9123,4952,1344,60375,306000000,1728000
1791127237.9623,4952,1344,60593,306000000,1728000
1791127238.0124,4952,1336,60468,306000000,1728000
1791127238.0625,4952,1336,60531,306000000,1728000
1791127238.1126,4952,1344,60406,306000000,1728000
1791127238.1626,4952,1344,60500,306000000,1728000
1791127238.2127,4952,1328,60375,306000000,1728000
1791127238.2628,4952,1352,60468,306000000,1190400
1791127238.3129,4952,1360,60562,306000000,1728000
1791127238.3631,4952,1352,60406,306000000,1728000
1791127238.4131,4952,1336,60625,306000000,1728000
1791127238.4632,4952,1344,60500,306000000,1728000
1791127238.5133,4952,1352,60468,306000000,1728000
1791127238.5634,4952,1344,60375,306000000,1728000
1791127238.6135,4952,1336,60468,306000000,1728000
1791127238.6635,4952,1344,60375,306000000,1728000
1791127238.7136,4952,1344,60375,306000000,1728000
1791127238.7637,4952,1336,60562,306000000,1728000
1791127238.8138,4952,1344,60468,306000000,1728000
1791127238.8639,4952,1360,60562,306000000,1728000
1791127238.9140,4952,1360,60406,306000000,1728000
1791127238.9641,4952,1344,60531,306000000,1728000
1791127239.0141,4952,1352,60406,306000000,1728000
1791127239.0642,4952,1352,60375,306000000,1728000
1791127239.1143,4952,1344,60375,306000000,1728000
1791127239.1644,4952,1336,60437,306000000,1728000
1791127239.2145,4952,1320,60375,306000000,1728000
1791127239.2646,4952,1320,60375,306000000,1728000
1791127239.3146,4952,1328,60500,306000000,1728000
1791127239.3647,4952,1336,60406,306000000,1728000
1791127239.4148,4952,1344,60500,306000000,1728000
1791127239.4649,4952,1328,60437,306000000,1728000
1791127239.5150,4952,1336,60375,306000000,1728000
1791127239.5651,4952,1344,60312,306000000,1728000
1791127239.6152,4952,1336,60468,306000000,1728000
1791127239.6653,4952,1336,60343,306000000,1728000
1791127239.7153,4952,1344,60375,306000000,1728000
1791127239.7654,4952,1344,60625,306000000,1728000
1791127239.8155,4952,1328,60375,306000000,1728000
1791127239.8656,4952,1328,60437,306000000,1728000
1791127239.9157,4952,1336,60375,306000000,1728000
1791127239.9658,4952,1352,60406,306000000,729600
1791127240.0159,4952,1344,60343,306000000,1728000
1791127240.0660,4952,1336,60468,306000000,1728000
1791127240.1160,4952,1344,60375,306000000,1728000
1791127240.1661,4952,1352,60375,306000000,1728000
1791127240.2162,4952,1344,60500,306000000,1728000
1791127240.2663,4952,1352,60343,306000000,1728000
1791127240.3164,4952,1352,60437,306000000,1728000
1791127240.3665,4952,1336,60343,306000000,1728000
1791127240.4166,4952,1328,60406,306000000,1728000
1791127240.4666,4952,1336,60281,306000000,1728000
1791127240.5167,4952,1352,60375,306000000,1728000
1791127240.5668,4952,1352,60312,306000000,1728000
1791127240.6169,4952,1336,60375,306000000,1728000
1791127240.6670,4952,1336,60437,306000000,1728000
1791127240.7171,4952,1344,60281,306000000,1728000
1791127240.7672,4952,1344,60406,306000000,1728000
1791127240.8172,4952,1336,60312,306000000,1728000
1791127240.8673,4952,1336,60343,306000000,1728000
1791127240.9174,4952,1352,60312,306000000,1728000
1791127240.9675,4952,1336,60375,306000000,1728000
1791127241.0176,4952,1336,60218,306000000,1728000
1791127241.0676,4952,1352,60343,306000000,1728000
1791127241.1177,4952,1360,60437,306000000,1728000
1791127241.1678,4952,1344,60281,306000000,1728000
1791127241.2179,4952,1352,60375,306000000,1728000
1791127241.2680,4952,1360,60312,306000000,1728000
1791127241.3181,4952,1344,60375,306000000,1728000
1791127241.3682,4952,1352,60250,306000000,1728000
1791127241.4183,4952,1360,60343,306000000,1728000
1791127241.4683,4952,1344,60250,306000000,1728000
1791127241.5184,4952,1344,60312,306000000,1728000
1791127241.5685,4952,1344,60375,306000000,1728000
1791127241.6186,4952,1352,60218,306000000,1728000
1791127241.6687,4952,1360,60437,306000000,1728000
1791127241.7188,4952,1344,60343,306000000,1728000
1791127241.7689,4952,1336,60375,306000000,1728000
1791127241.8190,4952,1352,60281,306000000,1728000
1791127241.8690,4952,1344,60281,306000000,1728000
1791127241.9191,4952,1344,60250,306000000,1728000
1791127241.9692,4952,1360,60250,306000000,1728000
1791127242.0193,4952,1352,60375,306000000,1728000
1791127242.0694,4952,1336,60312,306000000,1728000
1791127242.1195,4952,1336,60375,306000000,1728000
1791127242.1695,4952,1344,60281,306000000,1728000
1791127242.2197,4952,1352,60281,306000000,1728000
1791127242.2697,4952,1352,60218,306000000,1728000
1791127242.3198,4952,1344,60281,306000000,1728000
1791127242.3699,4952,1336,60250,306000000,1728000
1791127242.4200,4952,1344,60343,306000000,1728000
1791127242.4700,4952,1344,60218,306000000,1728000
1791127242.5201,4952,1336,60218,306000000,1728000
1791127242.5702,4952,1336,60281,306000000,1728000
1791127242.6203,4952,1344,60187,306000000,1728000
1791127242.6703,4952,1336,60281,306000000,1728000
1791127242.7204,4952,1336,60187,306000000,1728000
1791127242.7705,4952,1360,60250,306000000,1728000
1791127242.8206,4952,1360,60218,306000000,1728000
1791127242.8707,4952,1352,60281,306000000,1728000
1791127242.9207,4952,1336,60062,306000000,1728000
1791127242.9708,4952,1344,60218,306000000,1728000
1791127243.0209,4952,1344,60375,306000000,1728000
1791127243.0710,4952,1344,60187,306000000,1728000
1791127243.1210,4952,1344,60218,306000000,1728000
1791127243.1711,4952,1352,60156,306000000,1728000
1791127243.2212,4952,1344,60218,306000000,1728000
1791127243.2713,4952,1344,60125,306000000,1113600
1791127243.3214,4952,1344,60156,306000000,1344000
1791127243.3715,4952,1352,60187,306000000,1728000
1791127243.4216,4952,1352,60218,306000000,1728000
1791127243.4716,4952,1344,60375,306000000,1728000
1791127243.5217,4952,1336,60187,306000000,1728000
1791127243.5718,4952,1328,60343,306000000,1728000
1791127243.6219,4952,1320,60125,306000000,1728000
1791127243.6720,4952,1328,60218,306000000,1728000
1791127243.7220,4952,1336,60156,306000000,1728000
1791127243.7721,4952,1328,60187,306000000,1728000
1791127243.8222,4952,1320,60187,306000000,1728000
1791127243.8723,4952,1336,60218,306000000,1728000
1791127243.9223,4952,1336,60375,306000000,1728000
1791127243.9724,4952,1344,60156,306000000,1728000
1791127244.0225,4952,1336,60218,306000000,1728000
1791127244.0726,4952,1328,60125,306000000,1728000
1791127244.1226,4952,1336,60187,306000000,1728000
1791127244.1727,4952,1336,60156,306000000,1728000
1791127244.2228,4952,1328,60187,306000000,1728000
1791127244.2729,4952,1328,60062,306000000,1728000
1791127244.3230,4952,1336,60187,306000000,1728000
1791127244.3730,4952,1336,60250,306000000,1728000
1791127244.4231,4952,1336,60125,306000000,1267200
1791127244.4732,4952,1336,60187,306000000,1728000
1791127244.5233,4952,1328,60031,306000000,1728000
1791127244.5734,4952,1336,60093,306000000,1728000
1791127244.6235,4952,1344,60093,306000000,1728000
1791127244.6735,4952,1336,60125,306000000,1728000
1791127244.7236,4952,1328,60062,306000000,1728000
1791127244.7737,4952,1336,60062,306000000,1728000
1791127244.8238,4952,1336,60250,306000000,1728000
1791127244.8738,4952,1328,60062,306000000,1728000
1791127244.9239,4952,1336,60156,306000000,1728000
1791127244.9740,4952,1352,60062,306000000,1728000
1791127245.0241,4952,1352,60187,306000000,1728000
1791127245.0742,4952,1336,60000,306000000,1728000
1791127245.1243,4952,1336,60093,306000000,1728000
1791127245.1744,4952,1336,60031,306000000,1728000
1791127245.2245,4952,1336,60156,306000000,1728000
1791127245.2746,4952,1336,60250,306000000,1728000
1791127245.3247,4952,1328,60125,306000000,1728000
1791127245.3747,4952,1336,60187,306000000,1728000
1791127245.4248,4952,1320,60031,306000000,1728000
1791127245.4749,4952,1328,60125,306000000,1728000
1791127245.5250,4952,1328,60031,306000000,1728000
1791127245.5751,4952,1336,60218,306000000,1728000
1791127245.6252,4952,1352,60000,306000000,1728000
1791127245.6753,4952,1344,60062,306000000,1728000
1791127245.7254,4952,1336,60218,306000000,1728000
1791127245.7754,4952,1328,60031,306000000,1728000
1791127245.8255,4952,1336,60218,306000000,1728000
1791127245.8756,4952,1344,60031,306000000,1728000
1791127245.9259,4952,1336,60156,306000000,1728000
1791127245.9760,4952,1336,60031,306000000,1728000
1791127246.0261,4952,1344,60093,306000000,1728000
1791127246.0762,4952,1344,59968,306000000,1728000
1791127246.1263,4952,1344,60062,306000000,729600
1791127246.1763,4952,1344,60000,306000000,1728000
1791127246.2264,4952,1352,60000,306000000,1728000
1791127246.2765,4952,1352,60156,306000000,1728000
1791127246.3266,4952,1336,59968,306000000,1728000
1791127246.3767,4952,1352,60187,306000000,1728000
1791127246.4268,4952,1352,60031,306000000,1728000
1791127246.4768,4952,1344,60031,306000000,1728000
1791127246.5269,4952,1336,60031,306000000,1728000
1791127246.5770,4952,1352,60062,306000000,1728000
1791127246.6271,4952,1344,60093,306000000,1190400
1791127246.6772,4952,1352,60031,306000000,1728000
1791127246.7273,4952,1368,60125,306000000,1728000
1791127246.7773,4952,1360,60062,306000000,1728000
1791127246.8274,4952,1360,60125,306000000,1728000
1791127246.8775,4952,1360,60000,306000000,1728000
1791127246.9276,4952,1360,60093,306000000,1728000
1791127246.9777,4952,1328,59968,306000000,1728000
1791127247.0278,4952,1312,60000,306000000,1728000
1791127247.0778,4952,1304,59968,306000000,1728000
1791127247.1279,4952,1296,60000,306000000,1728000
1791127247.1780,4952,1304,60093,306000000,1728000
1791127247.2281,4952,1336,59937,306000000,1728000
1791127247.2781,4952,1360,60125,306000000,1728000
1791127247.3282,4952,1352,59968,306000000,1728000
1791127247.3783,4952,1368,60031,306000000,1728000
1791127247.4284,4952,1360,60000,306000000,1728000
1791127247.4785,4952,1352,59968,306000000,1728000
1791127247.5286,4952,1360,60000,306000000,1728000
1791127247.5786,4952,1360,60000,306000000,1728000
1791127247.6287,4952,1344,60156,306000000,1728000
1791127247.6788,4952,1336,60000,306000000,1728000
1791127247.7289,4952,1352,60093,306000000,1728000
1791127247.7790,4952,1360,59937,306000000,1113600
1791127247.8291,4952,1360,60093,306000000,1728000
1791127247.8791,4952,1360,59875,306000000,1728000
1791127247.9292,4952,1360,59906,306000000,1728000
1791127247.9793,4952,1352,59906,306000000,1728000
1791127248.0294,4952,1344,60000,306000000,1728000
1791127248.0795,4952,1352,60031,306000000,1728000
1791127248.1295,4952,1352,59937,306000000,1728000
1791127248.1796,4952,1336,60031,306000000,1728000
1791127248.2297,4952,1344,59906,306000000,1728000
1791127248.2798,4952,1344,60031,306000000,1728000
1791127248.3299,4952,1352,59937,306000000,1728000
1791127248.3800,4952,1352,59937,306000000,1728000
1791127248.4301,4952,1344,59906,306000000,1728000
1791127248.4802,4952,1360,59906,306000000,1728000
1791127248.5302,4952,1352,60093,306000000,1728000
1791127248.5803,4952,1344,59937,306000000,1728000
1791127248.6304,4952,1344,60000,306000000,1728000
1791127248.6805,4952,1352,59906,306000000,1728000
1791127248.7306,4952,1344,60062,306000000,1728000
1791127248.7807,4952,1344,59906,306000000,1728000
1791127248.8307,4952,1352,59937,306000000,1728000
1791127248.8808,4952,1352,59937,306000000,1728000
1791127248.9309,4952,1352,59937,306000000,729600
1791127248.9810,4952,1344,60031,306000000,1728000
1791127249.0311,4952,1352,59875,306000000,1728000
1791127249.0812,4952,1352,60000,306000000,1728000
1791127249.1312,4952,1344,59875,306000000,1728000
1791127249.1813,4952,1344,60000,306000000,1728000
1791127249.2314,4952,1344,59812,306000000,1728000
1791127249.2815,4952,1344,59906,306000000,1728000
1791127249.3316,4952,1336,59875,306000000,1728000
1791127249.3817,4952,1328,59937,306000000,1728000
1791127249.4317,4952,1336,59812,306000000,1728000
1791127249.4818,4952,1352,59875,306000000,1728000
1791127249.5319,4952,1344,60031,306000000,1728000
1791127249.5820,4952,1336,59875,306000000,1728000
1791127249.6321,4952,1344,60000,306000000,1728000
1791127249.6822,4952,1344,59875,306000000,1728000
1791127249.7323,4952,1336,59906,306000000,1728000
1791127249.7823,4952,1328,59750,306000000,1728000
1791127249.8324,4952,1320,59906,306000000,1728000
1791127249.8825,4952,1320,59875,306000000,1728000
1791127249.9326,4952,1336,59906,306000000,1728000
1791127249.9827,4952,1328,60062,306000000,1728000
1791127250.0328,4952,1336,59937,306000000,1728000
1791127250.0829,4952,1352,59937,306000000,1728000
1791127250.1329,4952,1352,59812,306000000,1728000
1791127250.1830,4952,1344,59906,306000000,1728000
1791127250.2331,4952,1344,59843,306000000,1728000
1791127250.2832,4952,1352,59906,306000000,1728000
1791127250.3332,4952,1344,59843,306000000,1728000
1791127250.3833,4952,1336,59875,306000000,1728000
1791127250.4334,4952,1352,59906,306000000,1728000
1791127250.4835,4952,1344,59875,306000000,1728000
1791127250.5336,4952,1336,60000,306000000,1728000
1791127250.5837,4952,1336,59906,306000000,1728000
1791127250.6338,4952,1352,59906,306000000,1728000
1791127250.6838,4952,1352,59812,306000000,1728000
1791127250.7339,4952,1344,59906,306000000,1728000
1791127250.7840,4952,1344,59812,306000000,1728000
1791127250.8340,4952,1344,59875,306000000,1728000
1791127250.8841,4952,1344,59968,306000000,1728000
1791127250.9342,4952,1336,59843,306000000,1728000
1791127250.9843,4952,1344,59937,306000000,1728000
1791127251.0344,4952,1352,59875,306000000,1728000
1791127251.0844,4952,1344,59906,306000000,1728000
1791127251.1345,4952,1360,59843,306000000,1728000
1791127251.1846,4952,1368,59781,306000000,1728000
1791127251.2347,4952,1352,59843,306000000,1728000
1791127251.2848,4952,1360,59875,306000000,1728000
1791127251.3349,4952,1360,59937,306000000,1728000
1791127251.3850,4952,1352,59843,306000000,1728000
1791127251.4350,4952,1352,59906,306000000,1728000
1791127251.4851,4952,1352,59812,306000000,1728000
1791127251.5352,4952,1352,59875,306000000,1728000
1791127251.5853,4952,1344,59718,306000000,1728000
1791127251.6354,4952,1352,59875,306000000,1728000
1791127251.6855,4952,1360,59843,306000000,1728000
1791127251.7356,4952,1360,59906,306000000,1728000
1791127251.7857,4952,1360,59750,306000000,1728000
1791127251.8358,4952,1368,59843,306000000,1728000
1791127251.8858,4952,1352,59937,306000000,1728000
1791127251.9359,4952,1344,59781,306000000,1728000
1791127251.9860,4952,1344,59906,306000000,1728000
1791127252.0361,4952,1352,59843,306000000,1728000
1791127252.0862,4952,1344,59812,306000000,1728000
1791127252.1362,4952,1336,59718,306000000,1728000
1791127252.1863,4952,1320,59843,306000000,1728000
1791127252.2364,4952,1328,59718,306000000,1728000
1791127252.2865,4952,1352,59843,306000000,1728000
1791127252.3366,4952,1344,59875,306000000,1728000
1791127252.3867,4952,1336,59781,306000000,1728000
1791127252.4367,4952,1336,59906,306000000,1728000
1791127252.4868,4952,1344,59781,306000000,1728000
1791127252.5369,4952,1344,59843,306000000,1728000
1791127252.5870,4952,1328,59781,306000000,1728000
1791127252.6371,4952,1336,59875,306000000,1728000
1791127252.6872,4952,1344,59781,306000000,1728000
1791127252.7373,4952,1336,59812,306000000,1728000
1791127252.7873,4952,1328,59875,306000000,1728000
1791127252.8374,4952,1336,59812,306000000,1728000
1791127252.8875,4952,1344,59906,306000000,1728000
1791127252.9376,4952,1352,59687,306000000,1728000
1791127252.9877,4952,1344,59750,306000000,1728000
1791127253.0378,4952,1328,59750,306000000,1728000
1791127253.0879,4952,1320,59812,306000000,1728000
1791127253.1379,4952,1328,59718,306000000,1728000
1791127253.1880,4952,1336,59781,306000000,1728000
1791127253.2381,4952,1328,59843,306000000,1728000
1791127253.2882,4952,1320,59750,306000000,1728000
1791127253.3383,4952,1320,59781,306000000,1728000
1791127253.3884,4952,1336,59750,306000000,1728000
1791127253.4384,4952,1344,59875,306000000,1728000
1791127253.4885,4952,1344,59750,306000000,1728000
1791127253.5386,4952,1344,59781,306000000,1728000
1791127253.5887,4952,1344,59656,306000000,1728000
1791127253.6388,4952,1336,59625,306000000,1728000
1791127253.6889,4952,1336,59875,306000000,1728000
1791127253.7389,4952,1352,59750,306000000,1728000
1791127253.7890,4952,1344,59812,306000000,1728000
1791127253.8391,4952,1344,59750,306000000,1728000
1791127253.8892,4952,1352,59843,306000000,1728000
1791127253.9393,4952,1352,59718,306000000,1420800
1791127253.9894,4952,1352,59687,306000000,1728000
1791127254.0395,4952,1360,59593,306000000,1728000
1791127254.0896,4952,1360,59656,306000000,1728000
1791127254.1396,4952,1352,59593,306000000,1728000
1791127254.1897,4952,1344,59687,306000000,1728000
1791127254.2398,4952,1328,59843,306000000,1728000
1791127254.2899,4952,1336,59750,306000000,1728000
1791127254.3399,4952,1344,59812,306000000,1728000
1791127254.3900,4952,1336,59687,306000000,1728000
1791127254.4401,4952,1328,59718,306000000,1728000
1791127254.4902,4952,1336,59593,306000000,1728000
1791127254.5403,4952,1352,59687,306000000,1728000
1791127254.5904,4952,1352,59625,306000000,1728000
1791127254.6405,4952,1336,59687,306000000,1728000
1791127254.6905,4952,1336,59906,306000000,1728000
1791127254.7406,4952,1344,59687,306000000,1728000
1791127254.7907,4952,1344,59750,306000000,1728000
1791127254.8408,4952,1328,59687,306000000,1728000
1791127254.8909,4952,1328,59750,306000000,1728000
1791127254.9409,4952,1344,59593,306000000,1728000
1791127254.9910,4952,1336,59656,306000000,1728000
1791127255.0411,4952,1328,59625,306000000,1190400
1791127255.0912,4952,1336,59656,306000000,1497600
1791127255.1413,4952,1344,59750,306000000,1728000
1791127255.1913,4952,1344,59625,306000000,1728000
1791127255.2414,4952,1336,59718,306000000,1728000
1791127255.2915,4952,1344,59531,306000000,1728000
1791127255.3416,4952,1344,59718,306000000,1728000
1791127255.3917,4952,1344,59656,306000000,1728000
1791127255.4417,4952,1328,59687,306000000,1728000
1791127255.4918,4952,1336,59625,306000000,1728000
1791127255.5419,4952,1344,59656,306000000,1728000
1791127255.5920,4952,1336,59781,306000000,1728000
1791127255.6421,4952,1344,59687,306000000,1728000
1791127255.6922,4952,1352,59750,306000000,1728000
1791127255.7423,4952,1360,59593,306000000,1728000
1791127255.7923,4952,1344,59687,306000000,1728000
1791127255.8424,4952,1336,59562,306000000,1728000
1791127255.8925,4952,1344,59687,306000000,1728000
1791127255.9426,4952,1344,59531,306000000,1728000
1791127255.9926,4952,1336,59687,306000000,1728000
1791127256.0427,4952,1328,59781,306000000,1728000
1791127256.0928,4952,1328,59625,306000000,1728000
1791127256.1429,4952,1344,59687,306000000,1728000
1791127256.1930,4952,1344,59593,306000000,1728000
1791127256.2431,4952,1344,59656,306000000,1728000
1791127256.2932,4952,1336,59593,306000000,1728000
1791127256.3433,4952,1328,59625,306000000,1728000
1791127256.3934,4952,1336,59468,306000000,1728000
1791127256.4435,4952,1344,59593,306000000,1728000
1791127256.4936,4952,1328,59562,306000000,1728000
1791127256.5437,4952,1328,59562,306000000,1728000
1791127256.5937,4952,1336,59781,306000000,1728000
1791127256.6438,4952,1336,59625,306000000,1728000
1791127256.6939,4952,1328,59656,306000000,1728000
1791127256.7440,4952,1336,59468,306000000,1728000
1791127256.7941,4952,1360,59656,306000000,1728000
1791127256.8442,4952,1344,59500,306000000,1728000
1791127256.8943,4952,1344,59656,306000000,1728000
1791127256.9443,4952,1360,59593,306000000,1728000
1791127256.9944,4952,1344,59656,306000000,1728000
1791127257.0445,4952,1344,59718,306000000,1728000
1791127257.0946,4952,1352,59468,306000000,1728000
1791127257.1447,4952,1344,59562,306000000,1728000
1791127257.1947,4952,1344,59468,306000000,1728000
1791127257.2448,4952,1352,59593,306000000,1728000
1791127257.2949,4952,1352,59437,306000000,1267200
1791127257.3450,4952,1352,59437,306000000,1728000
1791127257.3951,4952,1344,59500,306000000,1728000
1791127257.4452,4952,1352,59562,306000000,1728000
1791127257.4953,4952,1352,59593,306000000,1728000
1791127257.5454,4952,1344,59593,306000000,1728000
1791127257.5955,4952,1336,59625,306000000,1728000
1791127257.6456,4952,1352,59406,306000000,1728000
1791127257.6956,4952,1344,59593,306000000,1728000
1791127257.7457,4952,1336,59468,306000000,1728000
1791127257.7958,4952,1352,59437,306000000,1728000
1791127257.8459,4952,1352,59500,306000000,1113600
1791127257.8960,4952,1352,59500,306000000,1728000
1791127257.9461,4952,1360,59687,306000000,1728000
1791127257.9962,4952,1344,59531,306000000,1728000
1791127258.0462,4952,1352,59500,306000000,1728000
1791127258.0963,4952,1344,59468,306000000,1728000
1791127258.1464,4952,1336,59562,306000000,1728000
1791127258.1965,4952,1344,59468,306000000,1728000
1791127258.2466,4952,1344,59531,306000000,1728000
1791127258.2966,4952,1336,59406,306000000,1728000
1791127258.3467,4952,1336,59468,306000000,1728000
1791127258.3968,4952,1344,59656,306000000,1728000
1791127258.4469,4952,1352,59468,306000000,1728000
1791127258.4970,4952,1344,59625,306000000,1728000
1791127258.5471,4952,1336,59437,306000000,1728000
1791127258.5972,4952,1352,59687,306000000,1728000
1791127258.6473,4952,1352,59406,306000000,1728000
1791127258.6973,4952,1336,59500,306000000,1728000
1791127258.7474,4952,1352,59406,306000000,1728000
1791127258.7975,4952,1352,59468,306000000,1728000
1791127258.8476,4952,1336,59437,306000000,1728000
1791127258.8977,4952,1328,59468,306000000,1728000
1791127258.9478,4952,1320,59625,306000000,1728000
1791127258.9979,4952,1344,59437,306000000,1728000
1791127259.0479,4952,1352,59531,306000000,1728000
1791127259.0980,4952,1336,59406,306000000,1728000
1791127259.1481,4952,1344,59562,306000000,1728000
1791127259.1982,4952,1352,59437,306000000,1728000
1791127259.2483,4952,1336,59468,306000000,1728000
1791127259.2984,4952,1328,59437,306000000,1728000
1791127259.3484,4952,1344,59437,306000000,1728000
1791127259.3985,4952,1344,59625,306000000,1728000
1791127259.4486,4952,1336,59406,306000000,1728000
1791127259.4987,4952,1328,59593,306000000,1728000
1791127259.5488,4952,1336,59406,306000000,1728000
1791127259.5989,4952,1352,59500,306000000,1728000
1791127259.6490,4952,1352,59437,306000000,1728000
1791127259.6990,4952,1336,59406,306000000,1728000
1791127259.7491,4952,1328,59406,306000000,1728000
1791127259.7992,4952,1344,59500,306000000,1728000
1791127259.8493,4952,1344,59687,306000000,1728000
1791127259.8993,4952,1336,59500,306000000,1728000
1791127259.9494,4952,1344,59468,306000000,1728000
1791127259.9995,4952,1344,59437,306000000,1728000
1791127260.0496,4952,1336,59531,306000000,1728000
1791127260.0997,4952,1344,59406,306000000,1728000
1791127260.1498,4952,1368,59531,306000000,1728000
1791127260.1999,4952,1352,59406,306000000,1728000
1791127260.2499,4952,1352,59468,306000000,1728000
1791127260.3000,4952,1360,59656,306000000,1728000
1791127260.3501,4952,1352,59406,306000000,1728000
1791127260.4002,4952,1336,59531,306000000,1728000
1791127260.4503,4952,1344,59437,306000000,1728000
1791127260.5004,4952,1344,59562,306000000,1728000
1791127260.5504,4952,1336,59406,306000000,1728000
1791127260.6005,4952,1328,59406,306000000,1728000
1791127260.6506,4952,1336,59375,306000000,1728000
1791127260.7007,4952,1360,59437,306000000,1728000
1791127260.7508,4952,1344,59562,306000000,1728000
1791127260.8009,4952,1336,59406,306000000,1728000
1791127260.8509,4952,1344,59437,306000000,1728000
1791127260.9010,4952,1352,59312,306000000,1728000
1791127260.9511,4952,1336,59468,306000000,1728000
1791127261.0012,4952,1352,59375,306000000,1728000
1791127261.0513,4952,1352,59406,306000000,1728000
1791127261.1014,4952,1336,59406,306000000,1728000
1791127261.1514,4952,1336,59406,306000000,1728000
1791127261.2015,4952,1344,59375,306000000,1728000
1791127261.2516,4952,1352,59375,306000000,1728000
1791127261.3017,4952,1344,59437,306000000,1728000
1791127261.3518,4952,1344,59375,306000000,1728000
1791127261.4019,4952,1352,59500,306000000,1728000
1791127261.4520,4952,1344,59468,306000000,1728000
1791127261.5020,4952,1336,59437,306000000,1728000
1791127261.5521,4952,1336,59343,306000000,1728000
1791127261.6022,4952,1344,59375,306000000,1728000
1791127261.6523,4952,1336,59312,306000000,1728000
1791127261.7024,4952,1336,59406,306000000,1728000
1791127261.7525,4952,1328,59437,306000000,1728000
1791127261.8026,4952,1352,59406,306000000,1344000
1791127261.8526,4952,1352,59406,306000000,1728000
1791127261.9027,4952,1336,59343,306000000,1728000
1791127261.9528,4952,1336,59500,306000000,1728000
1791127262.0029,4952,1344,59375,306000000,1728000
1791127262.0530,4952,1336,59375,306000000,1728000
1791127262.1031,4952,1336,59406,306000000,1728000
1791127262.1532,4952,1344,59375,306000000,1728000
1791127262.2033,4952,1336,59468,306000000,1728000
1791127262.2534,4952,1328,59312,306000000,1728000
1791127262.3034,4952,1344,59406,306000000,1728000
1791127262.3535,4952,1344,59312,306000000,1728000
1791127262.4036,4952,1344,59406,306000000,1728000
1791127262.4537,4952,1344,59375,306000000,1728000
1791127262.5038,4952,1352,59406,306000000,1728000
1791127262.5539,4952,1344,59406,306000000,1728000
1791127262.6040,4952,1336,59406,306000000,1728000
1791127262.6541,4952,1336,59500,306000000,1728000
1791127262.7041,4952,1344,59406,306000000,1728000
1791127262.7542,4952,1336,59406,306000000,1728000
1791127262.8043,4952,1328,59281,306000000,1728000
1791127262.8544,4952,1320,59375,306000000,1728000
1791127262.9045,4952,1336,59312,306000000,1728000
1791127262.9546,4952,1352,59437,306000000,1728000
1791127263.0047,4952,1344,59312,306000000,1728000
1791127263.0548,4952,1344,59343,306000000,1728000
1791127263.1049,4952,1352,59406,306000000,1728000
1791127263.1549,4952,1344,59312,306000000,1728000
1791127263.2050,4952,1336,59406,306000000,1728000
1791127263.2551,4952,1328,59343,306000000,1728000
1791127263.3052,4952,1336,59437,306000000,1728000
1791127263.3553,4952,1336,59343,306000000,1728000
1791127263.4053,4952,1328,59312,306000000,1728000
1791127263.4554,4952,1328,59312,306000000,1728000
1791127263.5055,4952,1344,59343,306000000,729600
1791127263.5556,4952,1352,59312,306000000,1728000
1791127263.6057,4952,1336,59375,306000000,1728000
1791127263.6558,4952,1344,59406,306000000,1728000
1791127263.7059,4952,1344,59375,306000000,1728000
1791127263.7560,4952,1344,59375,306000000,1728000
1791127263.8060,4952,1328,59281,306000000,1728000
1791127263.8561,4952,1336,59343,306000000,1728000
1791127263.9062,4952,1344,59250,306000000,1728000
1791127263.9563,4952,1336,59312,306000000,1728000
1791127264.0064,4952,1328,59250,306000000,1728000
1791127264.0565,4952,1352,59343,306000000,1728000
1791127264.1065,4952,1352,59375,306000000,1728000
1791127264.1566,4952,1344,59343,306000000,1728000
1791127264.2067,4952,1336,59343,306000000,1728000
1791127264.2568,4952,1344,59281,306000000,1728000
1791127264.3069,4952,1344,59312,306000000,1728000
1791127264.3569,4952,1336,59250,306000000,1728000
1791127264.4070,4952,1328,59312,306000000,1728000
1791127264.4571,4952,1344,59281,306000000,1728000
1791127264.5072,4952,1344,59281,306000000,1728000
1791127264.5573,4952,1336,59406,306000000,1113600
1791127264.6074,4952,1344,59250,306000000,1420800
1791127264.6574,4952,1352,59312,306000000,1728000
1791127264.7075,4952,1352,59250,306000000,1728000
1791127264.7576,4952,1344,59343,306000000,1728000
1791127264.8077,4952,1320,59218,306000000,1728000
1791127264.8578,4952,1304,59281,306000000,1728000
1791127264.9079,4952,1296,59250,306000000,1728000
1791127264.9579,4952,1296,59312,306000000,1728000
1791127265.0080,4952,1280,59406,306000000,1728000
1791127265.0581,4952,1312,59281,306000000,1728000
1791127265.1082,4952,1368,59312,306000000,1728000
1791127265.1583,4952,1408,59281,306000000,1728000
1791127265.2084,4952,1416,59375,306000000,1728000
1791127265.2584,4952,1408,59250,306000000,1728000
1791127265.3085,4952,1416,59312,306000000,1728000
1791127265.3586,4952,1392,59250,306000000,1728000
1791127265.4087,4952,1376,59281,306000000,1728000
1791127265.4588,4952,1376,59406,306000000,1728000
1791127265.5088,4952,1376,59218,306000000,1728000
1791127265.5589,4952,1368,59375,306000000,1728000
1791127265.6090,4952,1352,59281,306000000,1728000
1791127265.6591,4952,1368,59343,306000000,1728000
1791127265.7092,4952,1368,59250,306000000,1728000
1791127265.7593,4952,1368,59250,306000000,1728000
1791127265.8093,4952,1360,59218,306000000,1728000
1791127265.8594,4952,1368,59281,306000000,1728000
1791127265.9095,4952,1360,59406,306000000,1728000
1791127265.9596,4952,1352,59250,306000000,1728000
1791127266.0097,4952,1360,59343,306000000,1728000
1791127266.0597,4952,1352,59250,306000000,1728000
1791127266.1098,4952,1344,59312,306000000,1728000
1791127266.1599,4952,1336,59218,306000000,1728000
1791127266.2100,4952,1344,59250,306000000,1728000
1791127266.2601,4952,1344,59250,306000000,1728000
1791127266.3102,4952,1344,59250,306000000,1728000
1791127266.3603,4952,1344,59218,306000000,1728000
1791127266.4104,4952,1336,59281,306000000,1728000
1791127266.4605,4952,1344,59343,306000000,1728000
1791127266.5106,4952,1344,59218,306000000,1728000
1791127266.5607,4952,1336,59343,306000000,1728000
1791127266.6107,4952,1360,59187,306000000,1728000
1791127266.6608,4952,1344,59250,306000000,1728000
1791127266.7109,4952,1352,59187,306000000,1728000
1791127266.7610,4952,1352,59250,306000000,1728000
1791127266.8111,4952,1352,59250,306000000,1190400
1791127266.8612,4952,1368,59187,306000000,729600
1791127266.9113,4952,1360,59281,306000000,1728000
1791127266.9614,4952,1360,59187,306000000,1728000
1791127267.0115,4952,1352,59281,306000000,1728000
1791127267.0616,4952,1352,59187,306000000,1728000
1791127267.1117,4952,1360,59187,306000000,1728000
1791127267.1618,4952,1344,59156,306000000,1728000
1791127267.2119,4952,1336,59156,306000000,1728000
1791127267.2620,4952,1344,59187,306000000,1728000
1791127267.3121,4952,1344,59218,306000000,1728000
1791127267.3622,4952,1336,59250,306000000,1728000
1791127267.4123,4952,1360,59218,306000000,1728000
1791127267.4624,4952,1360,59250,306000000,1728000
1791127267.5124,4952,1352,59218,306000000,1728000
1791127267.5625,4952,1352,59281,306000000,1728000
1791127267.6126,4952,1352,59156,306000000,1728000
1791127267.6627,4952,1352,59218,306000000,1728000
1791127267.7128,4952,1344,59250,306000000,1728000
1791127267.7629,4952,1352,59187,306000000,1728000
1791127267.8130,4952,1352,59343,306000000,1728000
1791127267.8631,4952,1344,59187,306000000,1728000
1791127267.9132,4952,1336,59281,306000000,1728000
1791127267.9633,4952,1360,59187,306000000,1267200
1791127268.0134,4952,1360,59312,306000000,1728000
1791127268.0635,4952,1360,59093,306000000,1728000
1791127268.1136,4952,1360,59218,306000000,1728000
1791127268.1637,4952,1352,59125,306000000,1728000
1791127268.2138,4952,1344,59156,306000000,1728000
1791127268.2639,4952,1352,59062,306000000,1728000
1791127268.3140,4952,1352,59125,306000000,1728000
1791127268.3641,4952,1336,59312,306000000,1728000
1791127268.4142,4952,1352,59156,306000000,1728000
1791127268.4642,4952,1344,59218,306000000,1728000
1791127268.5143,4952,1352,59156,306000000,1728000
1791127268.5644,4952,1352,59156,306000000,1728000
1791127268.6145,4952,1360,59187,306000000,1728000
1791127268.6646,4952,1352,59093,306000000,1728000
1791127268.7147,4952,1344,59062,306000000,1728000
1791127268.7648,4952,1344,59156,306000000,1728000
1791127268.8149,4952,1344,59187,306000000,1728000
1791127268.8650,4952,1344,59093,306000000,1728000
1791127268.9151,4952,1336,59187,306000000,1728000
1791127268.9652,4952,1336,59093,306000000,1728000
1791127269.0152,4952,1344,59187,306000000,1728000
1791127269.0653,4952,1344,59156,306000000,1344000
1791127269.1154,4952,1360,59125,306000000,729600
1791127269.1655,4952,1368,59062,306000000,1728000
1791127269.2156,4952,1352,59093,306000000,1728000
1791127269.2657,4952,1352,59250,306000000,1728000
1791127269.3158,4952,1360,59156,306000000,1728000
1791127269.3659,4952,1352,59156,306000000,1728000
1791127269.4160,4952,1352,59125,306000000,1728000
1791127269.4661,4952,1360,59187,306000000,1728000
1791127269.5161,4952,1344,59093,306000000,1728000
1791127269.5662,4952,1352,59187,306000000,1728000
1791127269.6163,4952,1360,59093,306000000,1728000
1791127269.6664,4952,1376,59125,306000000,1728000
1791127269.7165,4952,1384,59187,306000000,1728000
1791127269.7666,4952,1368,59093,306000000,1728000
1791127269.8167,4952,1368,59218,306000000,1728000
1791127269.8668,4952,1360,59062,306000000,1728000
1791127269.9169,4952,1360,59156,306000000,1728000
1791127269.9670,4952,1352,59125,306000000,1728000
1791127270.0170,4952,1344,59187,306000000,1728000
1791127270.0671,4952,1352,59062,306000000,1728000
1791127270.1172,4952,1352,59187,306000000,1728000
1791127270.1673,4952,1352,59250,306000000,1728000
1791127270.2174,4952,1376,59031,306000000,1728000
1791127270.2675,4952,1376,59218,306000000,1728000
1791127270.3176,4952,1376,59125,306000000,1728000
1791127270.3676,4952,1376,59156,306000000,1728000
1791127270.4177,4952,1360,59031,306000000,1728000
1791127270.4678,4952,1368,59156,306000000,1728000
1791127270.5179,4952,1368,59093,306000000,1728000
1791127270.5679,4952,1352,59093,306000000,1728000
1791127270.6180,4952,1360,59000,306000000,1728000
1791127270.6681,4952,1360,59156,306000000,1728000
1791127270.7182,4952,1344,59187,306000000,1728000
1791127270.7683,4952,1376,59000,306000000,1344000
1791127270.8184,4952,1368,59156,306000000,1728000
1791127270.8685,4952,1368,59062,306000000,1728000
1791127270.9186,4952,1376,59156,306000000,1728000
1791127270.9687,4952,1360,59062,306000000,1728000
1791127271.0188,4952,1368,59093,306000000,1728000
1791127271.0689,4952,1360,59093,306000000,1728000
1791127271.1189,4952,1352,59062,306000000,1728000
1791127271.1690,4952,1360,59093,306000000,1728000
1791127271.2191,4952,1352,59062,306000000,1728000
1791127271.2692,4952,1352,59093,306000000,1728000
1791127271.3193,4952,1368,59031,306000000,1728000
1791127271.3694,4952,1384,59093,306000000,1728000
1791127271.4195,4952,1368,59125,306000000,1728000
1791127271.4696,4952,1360,59062,306000000,729600
1791127271.5197,4952,1360,59000,306000000,1728000
1791127271.5698,4952,1360,59031,306000000,1728000
1791127271.6198,4952,1352,59156,306000000,1728000
1791127271.6699,4952,1344,59062,306000000,1728000
1791127271.7200,4952,1352,59156,306000000,1728000
1791127271.7701,4952,1352,59125,306000000,1728000
1791127271.8202,4952,1344,59062,306000000,1728000
1791127271.8703,4952,1344,59000,306000000,1728000
1791127271.9204,4952,1368,59062,306000000,1728000
1791127271.9705,4952,1360,58968,306000000,1728000
1791127272.0206,4952,1360,59031,306000000,1728000
1791127272.0707,4952,1368,59156,306000000,1728000
1791127272.1208,4952,1352,59031,306000000,1728000
1791127272.1709,4952,1352,59156,306000000,1728000
1791127272.2210,4952,1368,59031,306000000,1728000
1791127272.2710,4952,1352,59093,306000000,1728000
1791127272.3211,4952,1360,59000,306000000,1728000
1791127272.3712,4952,1360,59093,306000000,1728000
1791127272.4213,4952,1360,58968,306000000,1728000
1791127272.4714,4952,1392,59093,306000000,1728000
1791127272.5215,4952,1376,59125,306000000,1728000
1791127272.5716,4952,1376,59187,306000000,1728000
1791127272.6217,4952,1376,59125,306000000,1728000
1791127272.6718,4952,1360,59031,306000000,1728000
1791127272.7219,4952,1360,59093,306000000,1728000
1791127272.7719,4952,1368,58968,306000000,1728000
1791127272.8220,4952,1360,59031,306000000,1728000
1791127272.8721,4952,1344,59093,306000000,1728000
1791127272.9222,4952,1352,59031,306000000,1728000
1791127272.9723,4952,1360,58968,306000000,1728000
1791127273.0224,4952,1368,59000,306000000,1728000
1791127273.0725,4952,1376,59156,306000000,1728000
1791127273.1226,4952,1368,58937,306000000,1728000
1791127273.1727,4952,1360,59125,306000000,1728000
1791127273.2228,4952,1360,59031,306000000,1728000
1791127273.2729,4952,1368,59031,306000000,1728000
1791127273.3230,4952,1352,58968,306000000,1728000
1791127273.3731,4952,1360,59062,306000000,1728000
1791127273.4232,4952,1344,58968,306000000,1728000
1791127273.4733,4952,1352,59031,306000000,1728000
1791127273.5234,4952,1344,59156,306000000,1190400
1791127273.5734,4952,1360,59000,306000000,1728000
1791127273.6235,4952,1360,59062,306000000,1728000
1791127273.6736,4952,1360,59000,306000000,1728000
1791127273.7237,4952,1352,59093,306000000,1728000
1791127273.7738,4952,1352,59000,306000000,1728000
1791127273.8239,4952,1360,59031,306000000,1728000
1791127273.8740,4952,1352,58968,306000000,1728000
1791127273.9241,4952,1352,58968,306000000,1728000
1791127273.9742,4952,1360,59156,306000000,1728000
1791127274.0243,4952,1352,58937,306000000,1728000
1791127274.0744,4952,1336,59031,306000000,1728000
1791127274.1245,4952,1360,58937,306000000,1728000
1791127274.1746,4952,1368,59000,306000000,1728000
1791127274.2247,4952,1352,59000,306000000,1728000
1791127274.2748,4952,1344,59000,306000000,806400
1791127274.3248,4952,1352,58937,306000000,1728000
1791127274.3749,4952,1352,59062,306000000,1728000
1791127274.4250,4952,1344,59031,306000000,1728000
1791127274.4751,4952,1352,59000,306000000,1728000
1791127274.5252,4952,1352,59093,306000000,1728000
1791127274.5753,4952,1344,58968,306000000,1728000
1791127274.6254,4952,1336,59062,306000000,1728000
1791127274.6755,4952,1360,58937,306000000,1728000
1791127274.7256,4952,1368,59062,306000000,1728000
1791127274.7757,4952,1368,59031,306000000,1728000
1791127274.8258,4952,1368,59062,306000000,1728000
1791127274.8759,4952,1352,59156,306000000,1728000
1791127274.9260,4952,1360,59000,306000000,1728000
1791127274.9761,4952,1360,59031,306000000,1728000
1791127275.0262,4952,1360,58968,306000000,1728000
1791127275.0763,4952,1352,59093,306000000,1728000
1791127275.1264,4952,1360,58937,306000000,1728000
1791127275.1764,4952,1344,58937,306000000,1728000
1791127275.2265,4952,1352,59000,306000000,1267200
1791127275.2766,4952,1368,59031,306000000,1728000
1791127275.3267,4952,1368,58937,306000000,1728000
1791127275.3768,4952,1368,58968,306000000,1728000
1791127275.4269,4952,1360,59062,306000000,1728000
1791127275.4770,4952,1352,58937,306000000,1728000
1791127275.5271,4952,1344,59000,306000000,1728000
1791127275.5772,4952,1336,58968,306000000,1728000
1791127275.6273,4952,1352,59062,306000000,1728000
1791127275.6774,4952,1344,58937,306000000,1728000
1791127275.7275,4952,1352,59031,306000000,1728000
1791127275.7776,4952,1360,58875,306000000,1728000
1791127275.8277,4952,1368,59000,306000000,1728000
1791127275.8778,4952,1368,59062,306000000,1728000
1791127275.9278,4952,1368,58937,306000000,1728000
1791127275.9779,4952,1352,58937,306000000,1728000
1791127276.0280,4952,1344,58937,306000000,1728000
1791127276.0781,4952,1352,58937,306000000,1728000
1791127276.1282,4952,1352,58968,306000000,729600
1791127276.1782,4952,1344,58968,306000000,1728000
1791127276.2283,4952,1336,58937,306000000,1728000
1791127276.2784,4952,1328,58968,306000000,1728000
1791127276.3285,4952,1344,59000,306000000,1728000
1791127276.3786,4952,1352,58937,306000000,1267200
1791127276.4287,4952,1344,59031,306000000,1728000
1791127276.4787,4952,1344,58906,306000000,1728000
1791127276.5288,4952,1352,58968,306000000,1728000
1791127276.5789,4952,1344,58937,306000000,1728000
1791127276.6290,4952,1336,59000,306000000,1728000
1791127276.6791,4952,1352,58968,306000000,1728000
1791127276.7291,4952,1344,58968,306000000,1728000
1791127276.7792,4952,1336,59093,306000000,1728000
1791127276.8293,4952,1344,58937,306000000,1728000
1791127276.8794,4952,1344,59062,306000000,1728000
1791127276.9295,4952,1344,58843,306000000,1728000
1791127276.9796,4952,1344,58937,306000000,1728000
1791127277.0297,4952,1352,58937,306000000,1728000
1791127277.0798,4952,1360,58937,306000000,1728000
1791127277.1299,4952,1344,58906,306000000,1728000
1791127277.1799,4952,1360,58937,306000000,1728000
1791127277.2300,4952,1352,59000,306000000,1728000
1791127277.2801,4952,1344,58906,306000000,1728000
1791127277.3302,4952,1336,58968,306000000,1728000
1791127277.3802,4952,1344,58906,306000000,1728000
1791127277.4303,4952,1344,58937,306000000,1728000
1791127277.4804,4952,1344,58906,306000000,1728000
1791127277.5305,4952,1352,58937,306000000,1728000
1791127277.5806,4952,1360,58937,306000000,1728000
1791127277.6307,4952,1352,58937,306000000,1728000
1791127277.6808,4952,1344,58968,306000000,1728000
1791127277.7308,4952,1352,58843,306000000,1728000
1791127277.7809,4952,1352,58968,306000000,1728000
1791127277.8310,4952,1344,58937,306000000,1728000
1791127277.8811,4952,1336,58906,306000000,1728000
1791127277.9312,4952,1344,58843,306000000,1728000
1791127277.9812,4952,1344,58906,306000000,1728000
1791127278.0313,4952,1336,58843,306000000,1728000
1791127278.0814,4952,1344,58937,306000000,1728000
1791127278.1315,4952,1328,58937,306000000,1728000
1791127278.1816,4952,1336,58812,306000000,1728000
1791127278.2317,4952,1344,58937,306000000,1728000
1791127278.2818,4952,1336,58843,306000000,1728000
1791127278.3319,4952,1328,58937,306000000,1728000
1791127278.3819,4952,1344,58812,306000000,1728000
1791127278.4320,4952,1336,58906,306000000,1728000
1791127278.4821,4952,1328,58812,306000000,1728000
1791127278.5322,4952,1336,58937,306000000,1728000
1791127278.5823,4952,1336,58781,306000000,1728000
1791127278.6324,4952,1344,58906,306000000,1728000
1791127278.6825,4952,1336,58968,306000000,1728000
1791127278.7325,4952,1344,58875,306000000,1728000
1791127278.7826,4952,1344,58937,306000000,1728000
1791127278.8327,4952,1344,58843,306000000,1728000
1791127278.8828,4952,1344,58937,306000000,1728000
1791127278.9329,4952,1344,58781,306000000,1728000
1791127278.9830,4952,1344,58875,306000000,1728000
1791127279.0330,4952,1328,58843,306000000,1728000
1791127279.0832,4952,1336,58875,306000000,1728000
1791127279.1332,4952,1344,58906,306000000,1728000
1791127279.1833,4952,1352,58875,306000000,1728000
1791127279.2334,4952,1344,58906,306000000,1728000
1791127279.2835,4952,1344,58781,306000000,1728000
1791127279.3336,4952,1352,58812,306000000,1728000
1791127279.3836,4952,1344,58875,306000000,1728000
1791127279.4337,4952,1336,58812,306000000,1728000
1791127279.4838,4952,1344,58750,306000000,1728000
1791127279.5339,4952,1344,58843,306000000,1728000
1791127279.5840,4952,1336,58937,306000000,1728000
1791127279.6340,4952,1328,58843,306000000,1728000
1791127279.6841,4952,1320,58843,306000000,729600
1791127279.7342,4952,1344,58812,306000000,1113600
1791127279.7843,4952,1344,58812,306000000,1728000
1791127279.8344,4952,1336,58687,306000000,1728000
1791127279.8844,4952,1328,58750,306000000,1728000
1791127279.9345,4952,1336,58843,306000000,1728000
1791127279.9846,4952,1336,58750,306000000,1728000
1791127280.0347,4952,1328,58937,306000000,1728000
1791127280.0848,4952,1320,58687,306000000,1728000
1791127280.1348,4952,1320,58906,306000000,1728000
1791127280.1849,4952,1328,58812,306000000,1728000
1791127280.2350,4952,1328,58843,306000000,1728000
1791127280.2851,4952,1328,58781,306000000,1728000
1791127280.3352,4952,1328,58812,306000000,1728000
1791127280.3853,4952,1336,58750,306000000,1728000
1791127280.4353,4952,1336,58718,306000000,1728000
1791127280.4854,4952,1336,58843,306000000,1728000
1791127280.5355,4952,1328,58812,306000000,1728000
1791127280.5856,4952,1328,58875,306000000,1728000
1791127280.6356,4952,1336,58843,306000000,1728000
1791127280.6857,4952,1336,58812,306000000,1728000
1791127280.7358,4952,1328,58718,306000000,1728000
1791127280.7859,4952,1328,58843,306000000,1728000
1791127280.8360,4952,1336,58687,306000000,1728000
1791127280.8861,4952,1344,58812,306000000,1728000
1791127280.9361,4952,1336,58937,306000000,1728000
1791127280.9862,4952,1328,58750,306000000,1728000
1791127281.0363,4952,1320,58906,306000000,1728000
1791127281.0864,4952,1336,58718,306000000,1728000
1791127281.1365,4952,1336,58843,306000000,1728000
1791127281.1865,4952,1328,58750,306000000,1728000
1791127281.2366,4952,1320,58843,306000000,1728000
1791127281.2867,4952,1312,58750,306000000,1728000
1791127281.3368,4952,1312,58843,306000000,1728000
1791127281.3869,4952,1320,58937,306000000,1728000
1791127281.4370,4952,1336,58781,306000000,1728000
1791127281.4870,4952,1328,58906,306000000,1728000
1791127281.5371,4952,1328,58687,306000000,1728000
1791127281.5872,4952,1344,58750,306000000,1728000
1791127281.6373,4952,1336,58718,306000000,1728000
1791127281.6874,4952,1344,58843,306000000,1728000
1791127281.7374,4952,1344,58656,306000000,1728000
1791127281.7875,4952,1336,58718,306000000,1728000
1791127281.8376,4952,1328,58656,306000000,1728000
1791127281.8876,4952,1344,58812,306000000,1728000
1791127281.9377,4952,1344,58875,306000000,1728000
1791127281.9878,4952,1344,58781,306000000,1728000
1791127282.0379,4952,1336,58750,306000000,1728000
1791127282.0880,4952,1344,58687,306000000,1728000
1791127282.1381,4952,1344,58812,306000000,1728000
1791127282.1881,4952,1344,58687,306000000,1728000
1791127282.2382,4952,1328,58718,306000000,1728000
1791127282.2883,4952,1328,58937,306000000,1728000
1791127282.3384,4952,1336,58781,306000000,1728000
1791127282.3884,4952,1336,58812,306000000,1728000
1791127282.4385,4952,1328,58656,306000000,1728000
1791127282.4886,4952,1328,58843,306000000,1728000
1791127282.5387,4952,1344,58656,306000000,1267200
1791127282.5888,4952,1344,58750,306000000,1728000
1791127282.6389,4952,1336,58625,306000000,1728000
1791127282.6889,4952,1328,58781,306000000,1728000
1791127282.7391,4952,1336,58812,306000000,1728000
1791127282.7891,4952,1336,58718,306000000,1728000
1791127282.8392,4952,1328,58781,306000000,1728000
1791127282.8893,4952,1320,58687,306000000,1728000
1791127282.9394,4952,1320,58875,306000000,1728000
1791127282.9894,4952,1336,58687,306000000,1728000
1791127283.0395,4952,1328,58718,306000000,1728000
1791127283.0896,4952,1328,58656,306000000,1728000
1791127283.1397,4952,1352,58656,306000000,1728000
1791127283.1898,4952,1344,58687,306000000,1728000
1791127283.2399,4952,1336,58687,306000000,1728000
1791127283.2899,4952,1336,58750,306000000,1728000
1791127283.3400,4952,1344,58718,306000000,1728000
1791127283.3901,4952,1336,58937,306000000,1728000
1791127283.4402,4952,1328,58687,306000000,1728000
1791127283.4902,4952,1328,58812,306000000,1728000
1791127283.5403,4952,1328,58687,306000000,1728000
1791127283.5904,4952,1328,58781,306000000,1728000
1791127283.6405,4952,1328,58687,306000000,1728000
1791127283.6906,4952,1352,58687,306000000,1728000
1791127283.7407,4952,1352,58875,306000000,1728000
1791127283.7908,4952,1344,58781,306000000,1728000
1791127283.8408,4952,1344,58812,306000000,1728000
1791127283.8909,4952,1344,58687,306000000,1728000
1791127283.9410,4952,1336,58812,306000000,1728000
1791127283.9911,4952,1336,58687,306000000,1728000
1791127284.0411,4952,1344,58750,306000000,1728000
1791127284.0912,4952,1336,58593,306000000,1728000
1791127284.1413,4952,1328,58687,306000000,1728000
1791127284.1914,4952,1344,58718,306000000,1728000
1791127284.2415,4952,1360,58687,306000000,729600
1791127284.2916,4952,1344,58937,306000000,1728000
1791127284.3416,4952,1336,58718,306000000,1728000
1791127284.3917,4952,1344,58843,306000000,1728000
1791127284.4418,4952,1336,58593,306000000,1728000
1791127284.4919,4952,1336,58781,306000000,1728000
1791127284.5420,4952,1328,58687,306000000,1728000
1791127284.5920,4952,1320,58656,306000000,1728000
1791127284.6421,4952,1312,58906,306000000,1728000
1791127284.6922,4952,1328,58687,306000000,1728000
1791127284.7423,4952,1328,58750,306000000,1728000
1791127284.7924,4952,1336,58781,306000000,1728000
1791127284.8425,4952,1328,58625,306000000,1728000
1791127284.8925,4952,1336,58531,306000000,1728000
1791127284.9426,4952,1336,58750,306000000,1728000
1791127284.9927,4952,1328,58656,306000000,1728000
1791127285.0428,4952,1328,58656,306000000,1728000
1791127285.0929,4952,1328,58718,306000000,1728000
1791127285.1429,4952,1336,58656,306000000,1728000
1791127285.1930,4952,1312,58718,306000000,1728000
1791127285.2432,4952,1304,58656,306000000,1728000
1791127285.2933,4952,1296,58718,306000000,1728000
1791127285.3434,4952,1304,58562,306000000,1728000
1791127285.3934,4952,1296,58750,306000000,1728000
1791127285.4435,4952,1288,58593,306000000,1728000
1791127285.4936,4952,1320,58718,306000000,1728000
1791127285.5437,4952,1336,58812,306000000,1728000
1791127285.5938,4952,1344,58625,306000000,1728000
1791127285.6438,4952,1344,58812,306000000,1728000
1791127285.6939,4952,1352,58625,306000000,1728000
1791127285.7440,4952,1344,58656,306000000,1728000
1791127285.7941,4952,1344,58656,306000000,1728000
1791127285.8441,4952,1352,58718,306000000,1728000
1791127285.8942,4952,1352,58562,306000000,1497600
1791127285.9443,4952,1344,58687,306000000,1728000
1791127285.9944,4952,1336,58812,306000000,1728000
1791127286.0445,4952,1328,58593,306000000,1728000
1791127286.0945,4952,1336,58781,306000000,1728000
1791127286.1446,4952,1344,58625,306000000,1728000
1791127286.1947,4952,1328,58687,306000000,1728000
1791127286.2448,4952,1320,58562,306000000,1728000
1791127286.2949,4952,1328,58562,306000000,1728000
1791127286.3450,4952,1336,58562,306000000,1728000
1791127286.3950,4952,1328,58625,306000000,1728000
1791127286.4451,4952,1336,58812,306000000,1728000
1791127286.4952,4952,1352,58593,306000000,1728000
1791127286.5453,4952,1344,58750,306000000,1728000
1791127286.5954,4952,1344,58656,306000000,1728000
1791127286.6455,4952,1328,58687,306000000,1728000
1791127286.6956,4952,1336,58593,306000000,1728000
1791127286.7456,4952,1336,58656,306000000,1728000
1791127286.7957,4952,1336,58562,306000000,1728000
1791127286.8458,4952,1328,58656,306000000,1728000
1791127286.8959,4952,1320,58687,306000000,1728000
1791127286.9459,4952,1304,58593,306000000,1728000
1791127286.9960,4952,1328,58750,306000000,1728000
1791127287.0461,4952,1336,58718,306000000,1728000
1791127287.0962,4952,1328,58750,306000000,1728000
1791127287.1463,4952,1344,58656,306000000,1728000
1791127287.1964,4952,1344,58593,306000000,1728000
1791127287.2465,4952,1328,58562,306000000,1728000
1791127287.2965,4952,1328,58625,306000000,1728000
1791127287.3466,4952,1336,58781,306000000,1728000
1791127287.3967,4952,1336,58562,306000000,1728000
1791127287.4468,4952,1336,58687,306000000,1728000
1791127287.4969,4952,1336,58593,306000000,1728000
1791127287.5469,4952,1344,58656,306000000,1190400
1791127287.5970,4952,1344,58562,306000000,1728000
1791127287.6471,4952,1360,58625,306000000,1728000
1791127287.6972,4952,1360,58593,306000000,1728000
1791127287.7473,4952,1344,58625,306000000,1728000
1791127287.7974,4952,1344,58468,306000000,1728000
1791127287.8474,4952,1352,58531,306000000,1728000
1791127287.8975,4952,1344,58656,306000000,1728000
1791127287.9476,4952,1336,58562,306000000,1728000
1791127287.9977,4952,1336,58593,306000000,1728000
1791127288.0478,4952,1344,58531,306000000,1728000
1791127288.0978,4952,1336,58625,306000000,1728000
1791127288.1479,4952,1336,58562,306000000,1728000
1791127288.1980,4952,1336,58562,306000000,1728000
1791127288.2481,4952,1336,58593,306000000,1728000
1791127288.2982,4952,1344,58500,306000000,1728000
1791127288.3483,4952,1336,58718,306000000,1728000
1791127288.3983,4952,1344,58625,306000000,1728000
1791127288.4484,4952,1344,58687,306000000,1728000
1791127288.4985,4952,1336,58593,306000000,1728000
1791127288.5486,4952,1328,58656,306000000,1728000
1791127288.5987,4952,1336,58562,306000000,1728000
1791127288.6487,4952,1336,58625,306000000,1728000
1791127288.6988,4952,1352,58531,306000000,1728000
1791127288.7489,4952,1360,58562,306000000,1728000
1791127288.7990,4952,1352,58687,306000000,1728000
1791127288.8491,4952,1344,58593,306000000,1728000
1791127288.8992,4952,1336,58718,306000000,1728000
1791127288.9492,4952,1344,58500,306000000,1728000
1791127288.9993,4952,1344,58593,306000000,1728000
1791127289.0494,4952,1328,58500,306000000,1728000
1791127289.0995,4952,1320,58531,306000000,1728000
1791127289.1496,4952,1336,58500,306000000,1728000
1791127289.1996,4952,1336,58531,306000000,1728000
1791127289.2497,4952,1336,58718,306000000,1728000
1791127289.2998,4952,1336,58531,306000000,1728000
1791127289.3499,4952,1344,58593,306000000,1728000
1791127289.4000,4952,1344,58500,306000000,1728000
1791127289.4501,4952,1336,58562,306000000,1728000
1791127289.5002,4952,1328,58468,306000000,1728000
1791127289.5503,4952,1320,58531,306000000,1728000
1791127289.6004,4952,1312,58468,306000000,1728000
1791127289.6504,4952,1320,58531,306000000,1728000
1791127289.7005,4952,1328,58406,306000000,1728000
1791127289.7506,4952,1320,58562,306000000,1728000
1791127289.8007,4952,1312,58625,306000000,1728000
1791127289.8508,4952,1336,58437,306000000,1728000
1791127289.9009,4952,1344,58562,306000000,1728000
1791127289.9509,4952,1336,58437,306000000,1728000
1791127290.0010,4952,1336,58531,306000000,1728000
1791127290.0511,4952,1336,58500,306000000,1728000
1791127290.1012,4952,1336,58500,306000000,1728000
1791127290.1513,4952,1328,58593,306000000,1728000
1791127290.2013,4952,1336,58531,306000000,1728000
1791127290.2514,4952,1336,58593,306000000,1728000
1791127290.3015,4952,1328,58562,306000000,1728000
1791127290.3516,4952,1328,58593,306000000,1190400
1791127290.4017,4952,1344,58500,306000000,1728000
1791127290.4518,4952,1344,58500,306000000,1728000
1791127290.5018,4952,1344,58437,306000000,1728000
1791127290.5519,4952,1328,58531,306000000,1728000
1791127290.6020,4952,1344,58625,306000000,1728000
1791127290.6521,4952,1344,58500,306000000,1728000
1791127290.7022,4952,1328,58625,306000000,1728000
1791127290.7522,4952,1328,58468,306000000,1728000
1791127290.8023,4952,1344,58562,306000000,1728000
1791127290.8524,4952,1336,58531,306000000,1728000
1791127290.9025,4952,1328,58531,306000000,1728000
1791127290.9526,4952,1352,58468,306000000,1728000
1791127291.0027,4952,1352,58593,306000000,1728000
1791127291.0528,4952,1344,58531,306000000,1728000
1791127291.1028,4952,1336,58500,306000000,1728000
1791127291.1529,4952,1328,58593,306000000,1728000
1791127291.2030,4952,1336,58562,306000000,1728000
1791127291.2531,4952,1336,58562,306000000,1728000
1791127291.3032,4952,1328,58437,306000000,1728000
1791127291.3533,4952,1328,58562,306000000,1728000
1791127291.4033,4952,1336,58437,306000000,1728000
1791127291.4534,4952,1336,58500,306000000,1728000
1791127291.5035,4952,1336,58406,306000000,1728000
1791127291.5536,4952,1344,58468,306000000,1728000
1791127291.6037,4952,1336,58531,306000000,1728000
1791127291.6538,4952,1344,58406,306000000,1728000
1791127291.7039,4952,1344,58593,306000000,1728000
1791127291.7540,4952,1352,58437,306000000,1728000
1791127291.8040,4952,1344,58468,306000000,1728000
1791127291.8541,4952,1336,58437,306000000,1728000
1791127291.9042,4952,1328,58437,306000000,1728000
1791127291.9543,4952,1336,58437,306000000,1728000
1791127292.0044,4952,1336,58437,306000000,1728000
1791127292.0544,4952,1336,58656,306000000,1728000
1791127292.1045,4952,1344,58437,306000000,1728000
1791127292.1546,4952,1352,58500,306000000,1728000
1791127292.2047,4952,1344,58406,306000000,1728000
1791127292.2548,4952,1336,58468,306000000,1728000
1791127292.3049,4952,1328,58406,306000000,1728000
1791127292.3549,4952,1336,58468,306000000,1728000
1791127292.4050,4952,1336,58406,306000000,1728000
1791127292.4551,4952,1336,58437,306000000,1728000
1791127292.5052,4952,1352,58562,306000000,1728000
1791127292.5553,4952,1344,58437,306000000,1728000
1791127292.6053,4952,1336,58531,306000000,1728000
1791127292.6555,4952,1344,58437,306000000,1728000
1791127292.7055,4952,1352,58531,306000000,1728000
1791127292.7556,4952,1352,58437,306000000,1728000
1791127292.8057,4952,1336,58437,306000000,1728000
1791127292.8558,4952,1328,58437,306000000,1728000
1791127292.9059,4952,1320,58500,306000000,1728000
1791127292.9559,4952,1320,58562,306000000,1728000
1791127293.0060,4952,1320,58437,306000000,1728000
1791127293.0561,4952,1328,58593,306000000,1728000
1791127293.1062,4952,1320,58500,306000000,1728000
1791127293.1563,4952,1320,58437,306000000,1728000
1791127293.2063,4952,1320,58406,306000000,1728000
1791127293.2564,4952,1328,58437,306000000,1728000
1791127293.3065,4952,1328,58437,306000000,1728000
1791127293.3566,4952,1320,58437,306000000,1728000
1791127293.4067,4952,1328,58593,306000000,1728000
1791127293.4568,4952,1320,58437,306000000,1728000
1791127293.5068,4952,1312,58531,306000000,1728000
1791127293.5569,4952,1320,58437,306000000,1728000
1791127293.6070,4952,1320,58531,306000000,1728000
1791127293.6571,4952,1320,58375,306000000,1728000
1791127293.7071,4952,1320,58500,306000000,1728000
1791127293.7572,4952,1320,58312,306000000,1728000
1791127293.8073,4952,1328,58437,306000000,1728000
1791127293.8574,4952,1344,58656,306000000,1728000
1791127293.9075,4952,1328,58437,306000000,1728000
1791127293.9575,4952,1320,58500,306000000,1728000
1791127294.0076,4952,1328,58406,306000000,1728000
1791127294.0577,4952,1336,58437,306000000,1728000
1791127294.1078,4952,1328,58437,306000000,1728000
1791127294.1578,4952,1320,58437,306000000,1728000
1791127294.2079,4952,1320,58406,306000000,1728000
1791127294.2580,4952,1328,58375,306000000,1728000
1791127294.3081,4952,1336,58500,306000000,1728000
1791127294.3582,4952,1336,58406,306000000,1728000
1791127294.4083,4952,1344,58437,306000000,1728000
1791127294.4584,4952,1344,58437,306000000,1728000
1791127294.5084,4952,1336,58500,306000000,1728000
1791127294.5585,4952,1328,58343,306000000,1728000
1791127294.6086,4952,1320,58437,306000000,1728000
1791127294.6587,4952,1328,58343,306000000,1728000
1791127294.7088,4952,1336,58437,306000000,1728000
1791127294.7588,4952,1328,58468,306000000,1728000
1791127294.8089,4952,1320,58437,306000000,1728000
1791127294.8590,4952,1328,58468,306000000,1728000
1791127294.9091,4952,1344,58375,306000000,1728000
1791127294.9592,4952,1344,58500,306000000,1728000
1791127295.0093,4952,1336,58312,306000000,1728000
1791127295.0593,4952,1336,58437,306000000,1728000
1791127295.1094,4952,1336,58375,306000000,1728000
1791127295.1595,4952,1336,58406,306000000,1728000
1791127295.2096,4952,1328,58531,306000000,1728000
1791127295.2596,4952,1328,58375,306000000,1728000
1791127295.3097,4952,1336,58468,306000000,1728000
1791127295.3598,4952,1328,58406,306000000,1728000
1791127295.4099,4952,1336,58437,306000000,1728000
1791127295.4600,4952,1360,58343,306000000,1728000
1791127295.5101,4952,1352,58468,306000000,1728000
1791127295.5602,4952,1336,58437,306000000,1728000
1791127295.6102,4952,1336,58437,306000000,1728000
1791127295.6603,4952,1344,58281,306000000,1728000
1791127295.7104,4952,1336,58375,306000000,1728000
1791127295.7605,4952,1344,58437,306000000,1728000
1791127295.8106,4952,1344,58343,306000000,1728000
1791127295.8606,4952,1336,58468,306000000,1728000
1791127295.9107,4952,1328,58312,306000000,1728000
1791127295.9608,4952,1336,58375,306000000,1728000
1791127296.0109,4952,1360,58375,306000000,729600
1791127296.0610,4952,1344,58437,306000000,1728000
1791127296.1111,4952,1352,58343,306000000,1728000
1791127296.1611,4952,1360,58281,306000000,1728000
1791127296.2112,4952,1344,58437,306000000,1728000
1791127296.2613,4952,1344,58343,306000000,1728000
1791127296.3114,4952,1344,58468,306000000,1728000
1791127296.3614,4952,1344,58343,306000000,1728000
1791127296.4115,4952,1336,58343,306000000,1728000
1791127296.4616,4952,1328,58406,306000000,1728000
1791127296.5117,4952,1344,58437,306000000,1728000
1791127296.5618,4952,1352,58375,306000000,1728000
1791127296.6119,4952,1344,58437,306000000,1728000
1791127296.6620,4952,1336,58437,306000000,1728000
1791127296.7120,4952,1336,58406,306000000,1728000
1791127296.7621,4952,1344,58437,306000000,1728000
1791127296.8122,4952,1336,58312,306000000,1728000
1791127296.8623,4952,1328,58406,306000000,1728000
1791127296.9123,4952,1328,58375,306000000,1728000
1791127296.9624,4952,1336,58281,306000000,1728000
1791127297.0125,4952,1328,58281,306000000,1728000
1791127297.0626,4952,1336,58437,306000000,1728000
1791127297.1127,4952,1352,58437,306000000,1728000
1791127297.1628,4952,1352,58343,306000000,729600
1791127297.2129,4952,1360,58468,306000000,1728000
1791127297.2630,4952,1352,58375,306000000,1728000
1791127297.3131,4952,1352,58437,306000000,1728000
1791127297.3632,4952,1352,58312,306000000,1728000
1791127297.4132,4952,1352,58437,306000000,1728000
1791127297.4633,4952,1344,58343,306000000,1728000
1791127297.5134,4952,1360,58375,306000000,1728000
1791127297.5635,4952,1352,58437,306000000,1728000
1791127297.6136,4952,1344,58437,306000000,1728000
1791127297.6637,4952,1368,58468,306000000,1728000
1791127297.7138,4952,1376,58375,306000000,1728000
1791127297.7639,4952,1384,58500,306000000,1728000
1791127297.8140,4952,1368,58406,306000000,1728000
1791127297.8641,4952,1392,58281,306000000,1728000
1791127297.9142,4952,1384,58281,306000000,1728000
1791127297.9643,4952,1368,58375,306000000,1728000
1791127298.0143,4952,1368,58468,306000000,1728000
1791127298.0644,4952,1352,58312,306000000,1728000
1791127298.1145,4952,1352,58406,306000000,1728000
1791127298.1646,4952,1360,58375,306000000,1728000
1791127298.2147,4952,1360,58375,306000000,1344000
1791127298.2648,4952,1384,58312,306000000,1728000
1791127298.3149,4952,1376,58406,306000000,1728000
1791127298.3650,4952,1384,58312,306000000,1728000
1791127298.4151,4952,1376,58437,306000000,1728000
1791127298.4652,4952,1368,58312,306000000,1728000
1791127298.5153,4952,1376,58312,306000000,1728000
1791127298.5654,4952,1368,58437,306000000,1728000
1791127298.6155,4952,1360,58343,306000000,1728000
1791127298.6656,4952,1344,58406,306000000,1728000
1791127298.7157,4952,1352,58406,306000000,1728000
1791127298.7658,4952,1360,58406,306000000,1267200
1791127298.8159,4952,1376,58312,306000000,1728000
1791127298.8660,4952,1384,58375,306000000,1728000
1791127298.9161,4952,1368,58312,306000000,729600
1791127298.9662,4952,1368,58312,306000000,1728000
1791127299.0163,4952,1368,58437,306000000,1728000
1791127299.0663,4952,1360,58281,306000000,1728000
1791127299.1164,4952,1352,58437,306000000,1728000
1791127299.1665,4952,1352,58281,306000000,1728000
1791127299.2166,4952,1352,58375,306000000,1728000
1791127299.2667,4952,1344,58218,306000000,1728000
1791127299.3168,4952,1352,58343,306000000,1728000
1791127299.3669,4952,1368,58312,306000000,729600
1791127299.4170,4952,1368,58375,306000000,1728000
1791127299.4671,4952,1368,58406,306000000,1728000
1791127299.5172,4952,1360,58250,306000000,1728000
1791127299.5673,4952,1360,58406,306000000,1728000
1791127299.6174,4952,1360,58218,306000000,1728000
1791127299.6675,4952,1360,58406,306000000,1728000
1791127299.7175,4952,1344,58250,306000000,1728000
1791127299.7676,4952,1336,58343,306000000,1728000
1791127299.8177,4952,1344,58187,306000000,1728000
1791127299.8678,4952,1344,58281,306000000,1728000
1791127299.9179,4952,1352,58437,306000000,1728000
1791127299.9680,4952,1360,58281,306000000,1728000
1791127300.0181,4952,1360,58437,306000000,1728000
1791127300.0682,4952,1352,58281,306000000,1728000
1791127300.1183,4952,1352,58406,306000000,1728000
1791127300.1684,4952,1344,58218,306000000,1728000
1791127300.2185,4952,1344,58375,306000000,1728000
1791127300.2685,4952,1336,58250,306000000,1728000
1791127300.3186,4952,1336,58375,306000000,1728000
1791127300.3687,4952,1344,58250,306000000,1728000
1791127300.4188,4952,1328,58312,306000000,1728000
1791127300.4689,4952,1360,58406,306000000,1728000
1791127300.5190,4952,1360,58343,306000000,1728000
1791127300.5691,4952,1368,58312,306000000,1728000
1791127300.6192,4952,1368,58250,306000000,1728000
1791127300.6693,4952,1352,58312,306000000,1728000
1791127300.7194,4952,1360,58312,306000000,1728000
1791127300.7695,4952,1360,58343,306000000,1728000
1791127300.8196,4952,1344,58218,306000000,1728000
1791127300.8697,4952,1344,58250,306000000,1728000
1791127300.9197,4952,1352,58375,306000000,1728000
1791127300.9698,4952,1344,58250,306000000,1728000
1791127301.0199,4952,1368,58312,306000000,1651200
1791127301.0700,4952,1376,58312,306000000,1728000
1791127301.1201,4952,1360,58406,306000000,1728000
1791127301.1702,4952,1352,58250,306000000,1728000
1791127301.2203,4952,1360,58343,306000000,1728000
1791127301.2704,4952,1360,58156,306000000,1728000
1791127301.3204,4952,1344,58281,306000000,1728000
1791127301.3705,4952,1352,58437,306000000,1728000
1791127301.4206,4952,1352,58312,306000000,1728000
1791127301.4707,4952,1336,58343,306000000,1728000
1791127301.5207,4952,1336,58281,306000000,1728000
1791127301.5708,4952,1352,58312,306000000,1728000
1791127301.6210,4952,1360,58187,306000000,1728000
1791127301.6710,4952,1352,58343,306000000,1728000
1791127301.7211,4952,1344,58250,306000000,1728000
1791127301.7712,4952,1344,58250,306000000,1728000
1791127301.8213,4952,1344,58375,306000000,1728000
1791127301.8714,4952,1336,58250,306000000,1728000
1791127301.9215,4952,1328,58343,306000000,1728000
1791127301.9715,4952,1336,58281,306000000,1728000
1791127302.0216,4952,1336,58312,306000000,1728000
1791127302.0717,4952,1328,58187,306000000,1728000
1791127302.1218,4952,1344,58375,306000000,1728000
1791127302.1719,4952,1360,58218,306000000,1728000
1791127302.2220,4952,1344,58312,306000000,1728000
1791127302.2721,4952,1344,58343,306000000,1728000
1791127302.3221,4952,1352,58281,306000000,1728000
1791127302.3722,4952,1344,58312,306000000,1728000
1791127302.4223,4952,1344,58250,306000000,1728000
1791127302.4724,4952,1352,58343,306000000,1728000
1791127302.5224,4952,1336,58250,306000000,1728000
1791127302.5725,4952,1344,58312,306000000,1728000
1791127302.6226,4952,1352,58187,306000000,1728000
1791127302.6727,4952,1344,58218,306000000,1728000
1791127302.7228,4952,1352,58343,306000000,1728000
1791127302.7729,4952,1344,58250,306000000,1728000
1791127302.8230,4952,1352,58281,306000000,1728000
1791127302.8731,4952,1344,58187,306000000,1728000
1791127302.9232,4952,1336,58218,306000000,1728000
1791127302.9732,4952,1336,58125,306000000,1728000
1791127303.0233,4952,1344,58218,306000000,1728000
1791127303.0734,4952,1336,58125,306000000,1728000
1791127303.1235,4952,1328,58312,306000000,1728000
1791127303.1736,4952,1328,58343,306000000,1728000
1791127303.2236,4952,1336,58250,306000000,1728000
1791127303.2737,4952,1344,58312,306000000,1728000
1791127303.3238,4952,1336,58250,306000000,1728000
1791127303.3739,4952,1328,58375,306000000,1728000
1791127303.4240,4952,1320,58156,306000000,1728000
1791127303.4741,4952,1328,58218,306000000,1728000
1791127303.5241,4952,1336,58093,306000000,1728000
1791127303.5742,4952,1320,58250,306000000,1728000
1791127303.6243,4952,1312,58125,306000000,1728000
1791127303.6744,4952,1312,58218,306000000,1728000
1791127303.7245,4952,1320,58312,306000000,1728000
1791127303.7746,4952,1312,58281,306000000,1728000
1791127303.8246,4952,1328,58312,306000000,1728000
1791127303.8747,4952,1328,58125,306000000,1728000
1791127303.9248,4952,1320,58218,306000000,1728000
1791127303.9749,4952,1328,58125,306000000,1728000
1791127304.0250,4952,1336,58281,306000000,1728000
1791127304.0750,4952,1344,58125,306000000,1728000
1791127304.1251,4952,1344,58250,306000000,1728000
1791127304.1752,4952,1336,58250,306000000,1728000
1791127304.2252,4952,1344,58187,306000000,1728000
1791127304.2753,4952,1352,58343,306000000,1728000
1791127304.3254,4952,1336,58218,306000000,1728000
1791127304.3755,4952,1352,58250,306000000,1728000
1791127304.4256,4952,1360,58000,306000000,1728000
1791127304.4757,4952,1352,58218,306000000,1728000
1791127304.5257,4952,1352,58125,306000000,1728000
1791127304.5758,4952,1352,58187,306000000,1728000
1791127304.6259,4952,1344,58343,306000000,1728000
1791127304.6760,4952,1336,58156,306000000,1728000
1791127304.7261,4952,1336,58312,306000000,1728000
1791127304.7761,4952,1344,58187,306000000,1728000
1791127304.8262,4952,1336,58250,306000000,1728000
1791127304.8763,4952,1328,58250,306000000,1728000
1791127304.9264,4952,1336,58218,306000000,1728000
1791127304.9765,4952,1352,58062,306000000,1728000
1791127305.0266,4952,1344,58250,306000000,1728000
1791127305.0766,4952,1344,58312,306000000,1728000
1791127305.1267,4952,1352,58187,306000000,1728000
1791127305.1768,4952,1336,58312,306000000,1728000
1791127305.2269,4952,1328,58093,306000000,1728000
1791127305.2769,4952,1336,58187,306000000,1728000
1791127305.3270,4952,1336,58125,306000000,1728000
1791127305.3771,4952,1336,58187,306000000,1728000
1791127305.4271,4952,1336,58187,306000000,1728000
1791127305.4772,4952,1344,58218,306000000,1728000
1791127305.5273,4952,1344,58312,306000000,1728000
1791127305.5774,4952,1344,58250,306000000,1728000
1791127305.6275,4952,1344,58250,306000000,1728000
1791127305.6776,4952,1344,58125,306000000,1728000
1791127305.7277,4952,1336,58218,306000000,1728000
1791127305.7778,4952,1328,58093,306000000,1728000
1791127305.8278,4952,1320,58187,306000000,1728000
1791127305.8779,4952,1328,58062,306000000,1728000
1791127305.9280,4952,1328,58156,306000000,1728000
1791127305.9781,4952,1320,58031,306000000,1728000
1791127306.0282,4952,1328,58156,306000000,1728000
1791127306.0783,4952,1352,58375,306000000,1728000
1791127306.1283,4952,1344,58062,306000000,1728000
1791127306.1784,4952,1328,58218,306000000,1728000
1791127306.2285,4952,1328,58093,306000000,1728000
1791127306.2786,4952,1336,58250,306000000,1728000
1791127306.3287,4952,1336,58093,306000000,1728000
1791127306.3788,4952,1328,58187,306000000,1728000
1791127306.4288,4952,1320,58031,306000000,1728000
1791127306.4789,4952,1328,58156,306000000,1728000
1791127306.5290,4952,1336,58281,306000000,1728000
1791127306.5791,4952,1328,58031,306000000,1113600
1791127306.6292,4952,1328,58187,306000000,1728000
1791127306.6792,4952,1336,58031,306000000,1728000
1791127306.7293,4952,1344,58187,306000000,1728000
1791127306.7794,4952,1336,58093,306000000,1728000
1791127306.8295,4952,1328,58187,306000000,1728000
1791127306.8796,4952,1336,58093,306000000,1728000
1791127306.9296,4952,1336,58125,306000000,1728000
1791127306.9797,4952,1336,58281,306000000,1728000
1791127307.0298,4952,1320,58125,306000000,1728000
1791127307.0799,4952,1328,58156,306000000,1728000
1791127307.1300,4952,1336,58031,306000000,1728000
1791127307.1801,4952,1336,58156,306000000,1728000
1791127307.2302,4952,1352,58093,306000000,1728000
1791127307.2802,4952,1352,58093,306000000,1728000
1791127307.3303,4952,1344,58031,306000000,1728000
1791127307.3804,4952,1336,58093,306000000,1728000
1791127307.4305,4952,1336,58156,306000000,1728000
1791127307.4806,4952,1344,58062,306000000,1728000
1791127307.5307,4952,1336,58187,306000000,1728000
1791127307.5807,4952,1328,57968,306000000,1728000
1791127307.6308,4952,1336,58187,306000000,1728000
1791127307.6809,4952,1336,58062,306000000,1728000
1791127307.7310,4952,1336,58156,306000000,1728000
1791127307.7811,4952,1352,58125,306000000,1728000
1791127307.8312,4952,1352,58062,306000000,1728000
1791127307.8813,4952,1344,58125,306000000,1728000
1791127307.9314,4952,1344,58062,306000000,1728000
1791127307.9814,4952,1352,58250,306000000,1728000
1791127308.0315,4952,1336,58062,306000000,1728000
1791127308.0816,4952,1336,58187,306000000,1728000
1791127308.1317,4952,1344,58031,306000000,1728000
1791127308.1818,4952,1336,58187,306000000,1728000
1791127308.2318,4952,1328,57968,306000000,1728000
1791127308.2819,4952,1328,58125,306000000,1728000
1791127308.3320,4952,1344,58031,306000000,1728000
1791127308.3821,4952,1344,58031,306000000,1728000
1791127308.4322,4952,1336,58218,306000000,1728000
1791127308.4823,4952,1328,58062,306000000,1728000
1791127308.5324,4952,1336,58187,306000000,1728000
1791127308.5824,4952,1336,57968,306000000,1728000
1791127308.6325,4952,1328,58093,306000000,1728000
1791127308.6826,4952,1320,57968,306000000,1728000
1791127308.7327,4952,1328,58093,306000000,1728000
1791127308.7828,4952,1336,58031,306000000,1728000
1791127308.8329,4952,1328,58062,306000000,1728000
1791127308.8830,4952,1344,58218,306000000,729600
1791127308.9331,4952,1352,58031,306000000,1728000
1791127308.9832,4952,1344,58125,306000000,1728000
1791127309.0332,4952,1336,58000,306000000,1728000
1791127309.0833,4952,1328,58187,306000000,1728000
1791127309.1334,4952,1336,58031,306000000,1728000
1791127309.1835,4952,1336,58125,306000000,1728000
1791127309.2336,4952,1328,57968,306000000,1728000
1791127309.2836,4952,1336,57968,306000000,1728000
1791127309.3337,4952,1336,58156,306000000,1728000
1791127309.3838,4952,1328,58031,306000000,1728000
1791127309.4339,4952,1344,58156,306000000,1728000
1791127309.4840,4952,1344,58031,306000000,1728000
1791127309.5340,4952,1344,58062,306000000,1728000
1791127309.5841,4952,1336,57968,306000000,1728000
1791127309.6342,4952,1328,58093,306000000,1728000
1791127309.6843,4952,1336,58000,306000000,1728000
1791127309.7344,4952,1344,58031,306000000,1728000
1791127309.7845,4952,1336,58156,306000000,1728000
1791127309.8346,4952,1336,58062,306000000,1728000
1791127309.8847,4952,1344,58093,306000000,1728000
1791127309.9347,4952,1336,58000,306000000,1728000
1791127309.9848,4952,1352,58031,306000000,1728000
1791127310.0349,4952,1360,57968,306000000,1728000
1791127310.0850,4952,1352,58031,306000000,1728000
1791127310.1351,4952,1352,57937,306000000,1728000
1791127310.1852,4952,1360,58031,306000000,1728000
1791127310.2353,4952,1352,58156,306000000,1728000
1791127310.2854,4952,1352,58093,306000000,1728000
1791127310.3354,4952,1352,58156,306000000,1728000
1791127310.3855,4952,1344,58000,306000000,1728000
1791127310.4356,4952,1352,58093,306000000,1728000
1791127310.4857,4952,1352,57968,306000000,1728000
1791127310.5357,4952,1344,58031,306000000,1728000
1791127310.5858,4952,1344,57937,306000000,1728000
1791127310.6359,4952,1336,58031,306000000,1728000
1791127310.6860,4952,1344,57968,306000000,1728000
1791127310.7361,4952,1344,58000,306000000,1728000
1791127310.7862,4952,1328,58093,306000000,1728000
1791127310.8362,4952,1328,58000,306000000,1728000
1791127310.8863,4952,1344,58062,306000000,1728000
1791127310.9364,4952,1336,58062,306000000,1728000
1791127310.9865,4952,1328,57968,306000000,1728000
1791127311.0366,4952,1336,57937,306000000,1728000
1791127311.0867,4952,1344,57968,306000000,1267200
1791127311.1368,4952,1344,57937,306000000,1728000
1791127311.1868,4952,1336,57968,306000000,1728000
1791127311.2369,4952,1344,58062,306000000,1728000
1791127311.2870,4952,1344,57968,306000000,1728000
1791127311.3371,4952,1328,58093,306000000,1728000
1791127311.3872,4952,1336,57968,306000000,1728000
1791127311.4373,4952,1336,58093,306000000,1728000
1791127311.4873,4952,1336,57937,306000000,1728000
1791127311.5374,4952,1328,58000,306000000,1728000
1791127311.5875,4952,1336,57843,306000000,1728000
1791127311.6376,4952,1336,57968,306000000,1728000
1791127311.6877,4952,1344,58093,306000000,729600
1791127311.7378,4952,1336,57937,306000000,1728000
1791127311.7879,4952,1328,58031,306000000,1728000
1791127311.8379,4952,1344,57906,306000000,1728000
1791127311.8880,4952,1336,58031,306000000,1728000
1791127311.9381,4952,1328,57906,306000000,1728000
1791127311.9882,4952,1336,58000,306000000,1728000
1791127312.0383,4952,1344,57875,306000000,1728000
1791127312.0884,4952,1328,57968,306000000,1728000
1791127312.1384,4952,1344,58093,306000000,1728000
1791127312.1885,4952,1344,57937,306000000,1113600
1791127312.2386,4952,1344,58062,306000000,1728000
1791127312.2887,4952,1352,58000,306000000,1728000
1791127312.3388,4952,1336,57968,306000000,1728000
1791127312.3889,4952,1320,57875,306000000,1728000
1791127312.4389,4952,1312,58031,306000000,1728000
1791127312.4890,4952,1304,57906,306000000,1728000
1791127312.5391,4952,1304,57937,306000000,1728000
1791127312.5892,4952,1296,58187,306000000,1728000
1791127312.6393,4960,1280,57875,306000000,1728000
1791127312.6894,4952,1320,58031,306000000,1728000
1791127312.7395,4952,1336,57968,306000000,1728000
1791127312.7896,4952,1352,58000,306000000,1190400
1791127312.8397,4952,1352,57937,306000000,1728000
1791127312.8897,4952,1360,57906,306000000,1728000
1791127312.9398,4952,1360,57937,306000000,1728000
1791127312.9899,4952,1344,57968,306000000,1728000
1791127313.0400,4952,1344,57906,306000000,1728000
1791127313.0901,4952,1352,57937,306000000,1728000
1791127313.1401,4952,1344,58093,306000000,1728000
1791127313.1902,4952,1344,57937,306000000,1728000
1791127313.2403,4952,1344,58062,306000000,1728000
1791127313.2904,4952,1344,57937,306000000,1728000
1791127313.3405,4952,1344,58000,306000000,1728000
1791127313.3906,4952,1344,57875,306000000,1728000
1791127313.4406,4952,1344,57968,306000000,1728000
1791127313.4907,4952,1352,57937,306000000,1728000
1791127313.5408,4952,1344,57968,306000000,1728000
1791127313.5909,4952,1328,58062,306000000,1728000
1791127313.6410,4952,1336,57968,306000000,1728000
1791127313.6911,4952,1336,58062,306000000,1728000
1791127313.7412,4952,1336,57906,306000000,1728000
1791127313.7912,4952,1328,57968,306000000,1728000
1791127313.8413,4952,1320,57875,306000000,1728000
1791127313.8914,4952,1336,57968,306000000,1344000
1791127313.9415,4952,1352,57875,306000000,1728000
1791127313.9916,4952,1336,57968,306000000,1728000
1791127314.0417,4952,1344,57968,306000000,1728000
1791127314.0917,4952,1352,57968,306000000,1728000
1791127314.1418,4952,1336,57968,306000000,1728000
1791127314.1919,4952,1328,57937,306000000,1728000
1791127314.2420,4952,1328,57968,306000000,1728000
1791127314.2920,4952,1336,57750,306000000,1728000
1791127314.3421,4952,1328,57906,306000000,1728000
1791127314.3922,4952,1320,57937,306000000,1728000
1791127314.4423,4952,1320,57843,306000000,1728000
1791127314.4924,4952,1344,58031,306000000,1728000
1791127314.5425,4952,1328,57875,306000000,1728000
1791127314.5925,4952,1328,57968,306000000,1728000
1791127314.6426,4952,1328,57875,306000000,1728000
1791127314.6927,4952,1320,57937,306000000,1728000
1791127314.7428,4952,1336,57843,306000000,1728000
1791127314.7929,4952,1336,57968,306000000,1728000
1791127314.8429,4952,1328,57875,306000000,1728000
1791127314.8930,4952,1336,57968,306000000,1728000
1791127314.9431,4952,1344,58062,306000000,1728000
1791127314.9932,4952,1336,57906,306000000,1728000
1791127315.0433,4952,1344,58031,306000000,1420800
1791127315.0934,4952,1344,57843,306000000,1728000
1791127315.1435,4952,1344,58000,306000000,1728000
1791127315.1936,4952,1344,57781,306000000,1728000
1791127315.2437,4952,1352,57937,306000000,1728000
1791127315.2938,4952,1344,57843,306000000,1728000
1791127315.3438,4952,1336,57875,306000000,1728000
1791127315.3939,4952,1344,57750,306000000,1728000
1791127315.4440,4952,1344,57812,306000000,1728000
1791127315.4941,4952,1336,57968,306000000,1728000
1791127315.5442,4952,1344,57843,306000000,1728000
1791127315.5943,4952,1360,57968,306000000,1344000
1791127315.6444,4952,1352,57781,306000000,1728000
1791127315.6945,4952,1360,57906,306000000,1728000
1791127315.7446,4952,1360,57812,306000000,1728000
1791127315.7947,4952,1352,57812,306000000,1728000
1791127315.8448,4952,1360,57843,306000000,1728000
1791127315.8949,4952,1360,57875,306000000,1728000
1791127315.9450,4952,1344,57968,306000000,1728000
1791127315.9951,4952,1352,57906,306000000,1728000
1791127316.0452,4952,1344,57937,306000000,1728000
1791127316.0953,4952,1344,57875,306000000,1728000
1791127316.1454,4952,1352,57906,306000000,1113600
1791127316.1955,4952,1376,57750,306000000,1728000
1791127316.2455,4952,1360,57968,306000000,1728000
1791127316.2956,4952,1360,57781,306000000,1728000
1791127316.3457,4952,1360,57906,306000000,1728000
1791127316.3958,4952,1352,57968,306000000,1728000
1791127316.4459,4952,1344,57812,306000000,1728000
1791127316.4960,4952,1336,57875,306000000,1728000
1791127316.5461,4952,1344,57843,306000000,1728000
1791127316.5962,4952,1344,57968,306000000,1728000
1791127316.6463,4952,1336,57906,306000000,1728000
1791127316.6964,4952,1344,57937,306000000,1728000
1791127316.7465,4952,1368,57781,306000000,1728000
1791127316.7966,4952,1352,57843,306000000,1728000
1791127316.8467,4952,1352,58031,306000000,1728000
1791127316.8968,4952,1352,57906,306000000,1728000
1791127316.9469,4952,1352,57906,306000000,1728000
1791127316.9970,4952,1344,57843,306000000,1728000
1791127317.0471,4952,1344,57906,306000000,1728000
1791127317.0972,4952,1352,57843,306000000,1728000
1791127317.1473,4952,1344,57875,306000000,1728000
1791127317.1973,4952,1352,57875,306000000,1728000
1791127317.2474,4952,1352,57812,306000000,1728000
1791127317.2975,4952,1368,58031,306000000,1267200
1791127317.3476,4952,1368,57843,306000000,1728000
1791127317.3977,4952,1360,57937,306000000,1728000
1791127317.4478,4952,1352,57875,306000000,1728000
1791127317.4979,4952,1360,57937,306000000,1728000
1791127317.5480,4952,1360,57843,306000000,1728000
1791127317.5981,4952,1352,57781,306000000,1728000
1791127317.6482,4952,1352,57843,306000000,1728000
1791127317.6983,4952,1352,57875,306000000,1728000
1791127317.7484,4952,1344,57812,306000000,1728000
1791127317.7984,4952,1344,57843,306000000,1728000
1791127317.8485,4952,1368,57937,306000000,1728000
1791127317.8986,4952,1368,57843,306000000,1728000
1791127317.9487,4952,1352,57937,306000000,1728000
1791127317.9988,4952,1360,57875,306000000,1728000
1791127318.0489,4952,1352,57781,306000000,1728000
1791127318.0991,4952,1344,57812,306000000,1728000
1791127318.1491,4952,1352,57812,306000000,1728000
1791127318.1992,4952,1352,57718,306000000,1728000
1791127318.2493,4952,1344,57937,306000000,1728000
1791127318.2994,4952,1352,57843,306000000,1728000
1791127318.3495,4952,1352,57750,306000000,1728000
1791127318.3996,4952,1368,57968,306000000,1728000
1791127318.4497,4952,1376,57812,306000000,1728000
1791127318.4998,4952,1360,57968,306000000,1728000
1791127318.5499,4952,1368,57843,306000000,1728000
1791127318.6000,4952,1352,57781,306000000,1728000
1791127318.6501,4952,1352,57750,306000000,1728000
1791127318.7002,4952,1352,57812,306000000,1728000
1791127318.7503,4952,1360,57968,306000000,1728000
1791127318.8004,4952,1352,57718,306000000,1728000
1791127318.8505,4952,1344,57937,306000000,1728000
1791127318.9006,4952,1344,57687,306000000,1728000
1791127318.9506,4952,1360,57906,306000000,1728000
1791127319.0008,4952,1360,57781,306000000,1728000
1791127319.0509,4952,1360,57843,306000000,729600
1791127319.1009,4952,1360,57687,306000000,1728000
1791127319.1511,4952,1352,57718,306000000,1728000
1791127319.2011,4952,1344,57968,306000000,1728000
1791127319.2512,4952,1336,57843,306000000,1728000
1791127319.3013,4952,1344,57875,306000000,1728000
1791127319.3514,4952,1344,57812,306000000,1728000
1791127319.4015,4952,1336,57968,306000000,1728000
1791127319.4515,4952,1336,57718,306000000,1728000
1791127319.5016,4952,1344,57968,306000000,1728000
1791127319.5518,4952,1352,57687,306000000,1728000
1791127319.6019,4952,1352,57843,306000000,1728000
1791127319.6520,4952,1360,57906,306000000,1728000
1791127319.7020,4952,1352,57781,306000000,1728000
1791127319.7521,4952,1336,57937,306000000,1728000
1791127319.8022,4952,1344,57781,306000000,1728000
1791127319.8523,4952,1344,57937,306000000,1728000
1791127319.9024,4952,1336,57781,306000000,1728000
1791127319.9525,4952,1328,57750,306000000,1728000
1791127320.0026,4952,1328,57781,306000000,1728000
1791127320.0527,4952,1336,57781,306000000,1728000
1791127320.1028,4952,1360,57687,306000000,1728000
1791127320.1529,4952,1368,57687,306000000,1728000
1791127320.2030,4952,1360,57875,306000000,1728000
1791127320.2531,4952,1368,57718,306000000,1728000
1791127320.3031,4952,1368,57875,306000000,1728000
1791127320.3532,4952,1352,57812,306000000,1728000
1791127320.4033,4952,1360,57875,306000000,1728000
1791127320.4534,4952,1360,57656,306000000,1728000
1791127320.5035,4952,1352,57843,306000000,1728000
1791127320.5536,4952,1344,57781,306000000,1728000
1791127320.6037,4952,1352,57781,306000000,1190400
1791127320.6538,4952,1368,57906,306000000,1728000
1791127320.7039,4952,1360,57750,306000000,1728000
1791127320.7540,4952,1360,57875,306000000,1728000
1791127320.8041,4952,1360,57750,306000000,1728000
1791127320.8542,4952,1352,57875,306000000,1728000
1791127320.9043,4952,1344,57781,306000000,1728000
1791127320.9544,4952,1360,57812,306000000,1728000
1791127321.0045,4952,1344,57718,306000000,1728000
1791127321.0545,4952,1344,57750,306000000,1728000
1791127321.1046,4952,1352,57937,306000000,1728000
1791127321.1547,4952,1344,57750,306000000,1728000
1791127321.2048,4952,1360,57875,306000000,1728000
1791127321.2550,4952,1368,57718,306000000,1728000
1791127321.3050,4952,1360,57843,306000000,1728000
1791127321.3551,4952,1352,57656,306000000,1728000
1791127321.4052,4952,1360,57718,306000000,1728000
1791127321.4553,4952,1352,57718,306000000,1728000
1791127321.5054,4952,1344,57750,306000000,1728000
1791127321.5555,4952,1336,57906,306000000,1728000
1791127321.6056,4952,1344,57687,306000000,1728000
1791127321.6557,4952,1344,57781,306000000,1728000
1791127321.7058,4952,1328,57656,306000000,1728000
1791127321.7559,4952,1360,57906,306000000,1728000
1791127321.8060,4952,1360,57593,306000000,1728000
1791127321.8561,4952,1368,57812,306000000,1728000
1791127321.9062,4952,1368,57718,306000000,1728000
1791127321.9562,4952,1352,57750,306000000,1728000
1791127322.0063,4952,1360,57937,306000000,1728000
1791127322.0564,4952,1360,57687,306000000,1728000
1791127322.1065,4952,1352,57781,306000000,1728000
1791127322.1566,4952,1344,57843,306000000,729600
1791127322.2067,4952,1344,57812,306000000,1728000
1791127322.2568,4952,1344,57656,306000000,1728000
1791127322.3069,4952,1360,57812,306000000,1728000
1791127322.3570,4952,1368,57593,306000000,1728000
1791127322.4071,4952,1360,57781,306000000,1728000
1791127322.4571,4952,1360,57718,306000000,1728000
1791127322.5072,4952,1360,57843,306000000,1728000
1791127322.5573,4952,1352,57843,306000000,1728000
1791127322.6074,4952,1352,57750,306000000,1728000
1791127322.6575,4952,1344,57812,306000000,1728000
1791127322.7076,4952,1344,57656,306000000,1728000
1791127322.7577,4952,1344,57718,306000000,1728000
1791127322.8078,4952,1336,57656,306000000,1728000
1791127322.8578,4952,1352,57687,306000000,1728000
1791127322.9080,4952,1360,57625,306000000,1728000
1791127322.9580,4952,1368,57687,306000000,1728000
1791127323.0081,4952,1368,57968,306000000,1728000
1791127323.0582,4952,1352,57656,306000000,1728000
1791127323.1083,4952,1360,57875,306000000,1728000
1791127323.1584,4952,1352,57718,306000000,1728000
1791127323.2085,4952,1352,57750,306000000,1728000
1791127323.2586,4952,1344,57656,306000000,1728000
1791127323.3087,4952,1344,57718,306000000,1728000
1791127323.3588,4952,1352,57656,306000000,1728000
1791127323.4089,4952,1344,57781,306000000,1728000
1791127323.4590,4952,1368,57875,306000000,729600
1791127323.5091,4952,1368,57687,306000000,1728000
1791127323.5592,4952,1368,57812,306000000,1728000
1791127323.6093,4952,1360,57718,306000000,1728000
1791127323.6594,4952,1360,57812,306000000,1728000
1791127323.7095,4952,1344,57656,306000000,1728000
1791127323.7596,4952,1352,57656,306000000,1728000
1791127323.8097,4952,1352,57656,306000000,1728000
1791127323.8597,4952,1344,57656,306000000,1728000
1791127323.9098,4952,1344,57937,306000000,1728000
1791127323.9599,4952,1328,57656,306000000,1728000
1791127324.0100,4952,1360,57843,306000000,1728000
1791127324.0601,4952,1352,57625,306000000,1728000
1791127324.1102,4952,1336,57718,306000000,1728000
1791127324.1603,4952,1328,57718,306000000,1728000
1791127324.2104,4952,1336,57687,306000000,1728000
1791127324.2605,4952,1344,57593,306000000,1728000
1791127324.3106,4952,1328,57656,306000000,1728000
1791127324.3606,4952,1320,57937,306000000,1728000
1791127324.4107,4952,1320,57625,306000000,1728000
1791127324.4608,4952,1336,57781,306000000,1728000
1791127324.5109,4952,1328,57593,306000000,1728000
1791127324.5610,4952,1344,57718,306000000,1728000
1791127324.6111,4952,1360,57687,306000000,1728000
1791127324.6612,4952,1344,57718,306000000,1728000
1791127324.7113,4952,1344,57625,306000000,1728000
1791127324.7614,4952,1352,57625,306000000,1728000
1791127324.8115,4952,1344,57625,306000000,1728000
1791127324.8616,4952,1336,57656,306000000,1728000
1791127324.9117,4952,1344,57781,306000000,1728000
1791127324.9618,4952,1344,57593,306000000,1728000
1791127325.0119,4952,1336,57687,306000000,1728000
1791127325.0620,4952,1344,57593,306000000,1728000
1791127325.1121,4952,1352,57750,306000000,1728000
1791127325.1622,4952,1360,57593,306000000,1728000
1791127325.2123,4952,1368,57625,306000000,1728000
1791127325.2624,4952,1360,57656,306000000,1728000
1791127325.3124,4952,1360,57656,306000000,1728000
1791127325.3625,4952,1368,57843,306000000,1728000
1791127325.4126,4952,1352,57687,306000000,1728000
1791127325.4627,4952,1360,57718,306000000,1728000
1791127325.5128,4952,1360,57625,306000000,1728000
1791127325.5629,4952,1344,57750,306000000,1728000
1791127325.6130,4952,1344,57562,306000000,1728000
1791127325.6631,4952,1352,57656,306000000,1344000
1791127325.7132,4952,1352,57593,306000000,1728000
1791127325.7633,4952,1344,57625,306000000,883200
1791127325.8134,4952,1352,57750,306000000,1728000
1791127325.8634,4952,1352,57687,306000000,1728000
1791127325.9135,4952,1352,57687,306000000,1728000
1791127325.9636,4952,1352,57593,306000000,1728000
1791127326.0137,4952,1352,57812,306000000,1728000
1791127326.0638,4952,1352,57625,306000000,1728000
1791127326.1139,4952,1352,57656,306000000,1728000
1791127326.1640,4952,1344,57593,306000000,1728000
1791127326.2141,4952,1352,57750,306000000,1728000
1791127326.2641,4952,1376,57812,306000000,1728000
1791127326.3142,4952,1384,57625,306000000,1728000
1791127326.3644,4952,1376,57718,306000000,1728000
1791127326.4145,4952,1368,57656,306000000,1728000
1791127326.4646,4952,1360,57718,306000000,1728000
1791127326.5147,4952,1360,57625,306000000,1728000
1791127326.5647,4952,1360,57718,306000000,1728000
1791127326.6148,4952,1352,57593,306000000,1728000
1791127326.6649,4952,1344,57656,306000000,1728000
1791127326.7151,4952,1352,57781,306000000,1728000
1791127326.7652,4952,1344,57750,306000000,1728000
1791127326.8152,4952,1352,57718,306000000,1036800
1791127326.8653,4952,1360,57593,306000000,1728000
1791127326.9154,4952,1360,57562,306000000,1728000
1791127326.9655,4952,1352,57687,306000000,1728000
1791127327.0156,4952,1352,57656,306000000,1728000
1791127327.0657,4952,1352,57593,306000000,1728000
1791127327.1158,4952,1344,57687,306000000,1728000
1791127327.1659,4952,1336,57593,306000000,1728000
1791127327.2160,4952,1328,57656,306000000,1728000
1791127327.2661,4952,1328,57718,306000000,1728000
1791127327.3162,4952,1336,57625,306000000,1728000
1791127327.3663,4952,1336,57687,306000000,1728000
1791127327.4164,4952,1352,57531,306000000,1728000
1791127327.4665,4952,1352,57718,306000000,1728000
1791127327.5166,4952,1352,57593,306000000,1728000
1791127327.5667,4952,1336,57625,306000000,1728000
1791127327.6167,4952,1344,57593,306000000,1728000
1791127327.6668,4952,1344,57625,306000000,1728000
1791127327.7169,4952,1336,57750,306000000,1728000
1791127327.7670,4952,1336,57687,306000000,1728000
1791127327.8171,4952,1344,57687,306000000,1728000
1791127327.8672,4952,1336,57593,306000000,1728000
1791127327.9173,4952,1352,57656,306000000,1728000
1791127327.9674,4952,1360,57656,306000000,1728000
1791127328.0175,4952,1352,57656,306000000,1728000
1791127328.0676,4952,1360,57656,306000000,1728000
1791127328.1177,4952,1352,57625,306000000,1728000
1791127328.1677,4952,1344,57812,306000000,1728000
1791127328.2178,4952,1344,57531,306000000,1728000
1791127328.2679,4952,1344,57750,306000000,1728000
1791127328.3180,4952,1344,57500,306000000,1728000
1791127328.3681,4952,1328,57687,306000000,1728000
1791127328.4182,4952,1336,57625,306000000,1728000
1791127328.4683,4952,1344,57750,306000000,1420800
1791127328.5184,4952,1360,57593,306000000,1728000
1791127328.5685,4952,1360,57593,306000000,1728000
1791127328.6186,4952,1352,57875,306000000,1728000
1791127328.6687,4952,1352,57656,306000000,1728000
1791127328.7187,4952,1344,57656,306000000,1728000
1791127328.7688,4952,1344,57656,306000000,1728000
1791127328.8189,4952,1352,57687,306000000,1728000
1791127328.8690,4952,1336,57531,306000000,1728000
1791127328.9191,4952,1336,57687,306000000,1728000
1791127328.9691,4952,1336,57625,306000000,1728000
1791127329.0192,4952,1336,57562,306000000,1113600
1791127329.0693,4952,1344,57812,306000000,1728000
1791127329.1194,4952,1352,57562,306000000,1728000
1791127329.1695,4952,1352,57625,306000000,1728000
1791127329.2196,4952,1344,57531,306000000,1728000
1791127329.2697,4952,1344,57687,306000000,1728000
1791127329.3198,4952,1352,57625,306000000,1728000
1791127329.3699,4952,1344,57656,306000000,1728000
1791127329.4200,4952,1336,57468,306000000,1728000
1791127329.4701,4952,1344,57687,306000000,1728000
1791127329.5201,4952,1336,57562,306000000,1728000
1791127329.5702,4952,1344,57562,306000000,1728000
1791127329.6203,4952,1360,57625,306000000,1190400
1791127329.6704,4952,1352,57531,306000000,1728000
1791127329.7205,4952,1360,57656,306000000,1728000
1791127329.7706,4952,1360,57593,306000000,1728000
1791127329.8207,4952,1352,57687,306000000,1728000
1791127329.8708,4952,1344,57500,306000000,1728000
1791127329.9209,4952,1352,57562,306000000,1728000
1791127329.9710,4952,1352,57500,306000000,1728000
1791127330.0211,4952,1336,57593,306000000,1728000
1791127330.0711,4952,1336,57656,306000000,1728000
1791127330.1212,4952,1352,57562,306000000,1728000
1791127330.1713,4952,1360,57718,306000000,1420800
1791127330.2214,4952,1376,57593,306000000,1728000
1791127330.2715,4952,1368,57687,306000000,1728000
1791127330.3216,4952,1360,57500,306000000,1728000
1791127330.3717,4952,1360,57625,306000000,1728000
1791127330.4218,4952,1360,57500,306000000,1728000
1791127330.4719,4952,1344,57687,306000000,1728000
1791127330.5220,4952,1344,57781,306000000,1728000
1791127330.5721,4952,1352,57625,306000000,1728000
1791127330.6222,4952,1368,57593,306000000,1728000
1791127330.6723,4952,1360,57625,306000000,1728000
1791127330.7224,4952,1376,57656,306000000,1728000
1791127330.7725,4952,1384,57562,306000000,1728000
1791127330.8226,4952,1368,57625,306000000,1728000
1791127330.8727,4952,1368,57531,306000000,1728000
1791127330.9228,4952,1368,57593,306000000,1728000
1791127330.9729,4952,1360,57718,306000000,1728000
1791127331.0230,4952,1352,57562,306000000,1728000
1791127331.0731,4952,1344,57718,306000000,1728000
1791127331.1232,4952,1352,57562,306000000,1728000
1791127331.1733,4952,1344,57625,306000000,1728000
1791127331.2234,4952,1344,57468,306000000,1728000
1791127331.2735,4952,1352,57625,306000000,1574400
1791127331.3236,4952,1368,57500,306000000,1497600
1791127331.3737,4952,1368,57593,306000000,1728000
1791127331.4238,4952,1368,57750,306000000,1728000
1791127331.4738,4952,1352,57625,306000000,1728000
1791127331.5239,4952,1352,57718,306000000,1728000
1791127331.5740,4952,1352,57562,306000000,1728000
1791127331.6241,4952,1352,57656,306000000,1728000
1791127331.6742,4952,1352,57656,306000000,1728000
1791127331.7243,4952,1360,57625,306000000,1728000
1791127331.7744,4952,1344,57500,306000000,1728000
1791127331.8245,4952,1344,57562,306000000,1728000
1791127331.8746,4952,1376,57500,306000000,1728000
1791127331.9247,4952,1376,57593,306000000,1728000
1791127331.9748,4952,1376,57593,306000000,1728000
1791127332.0249,4952,1368,57625,306000000,1728000
1791127332.0749,4952,1360,57656,306000000,729600
1791127332.1250,4952,1368,57531,306000000,1728000
1791127332.1751,4952,1360,57718,306000000,1728000
1791127332.2252,4952,1352,57531,306000000,1728000
1791127332.2753,4952,1352,57531,306000000,1728000
1791127332.3254,4952,1352,57500,306000000,1728000
1791127332.3755,4952,1352,57531,306000000,1728000
1791127332.4256,4952,1360,57687,306000000,1728000
1791127332.4757,4952,1360,57593,306000000,1728000
1791127332.5258,4952,1360,57593,306000000,1728000
1791127332.5759,4952,1352,57531,306000000,1728000
1791127332.6259,4952,1352,57562,306000000,1728000
1791127332.6760,4952,1352,57531,306000000,1728000
1791127332.7261,4952,1352,57531,306000000,1728000
1791127332.7762,4952,1336,57468,306000000,1728000
1791127332.8263,4952,1328,57500,306000000,1728000
1791127332.8764,4952,1344,57687,306000000,1728000
1791127332.9265,4952,1336,57531,306000000,1728000
1791127332.9766,4952,1336,57562,306000000,1728000
1791127333.0267,4952,1360,57500,306000000,1728000
1791127333.0768,4952,1360,57593,306000000,1728000
1791127333.1269,4952,1352,57468,306000000,1728000
1791127333.1770,4952,1352,57562,306000000,1728000
1791127333.2271,4952,1352,57468,306000000,1728000
1791127333.2772,4952,1344,57437,306000000,1728000
1791127333.3273,4952,1344,57718,306000000,1728000
1791127333.3774,4952,1352,57468,306000000,1728000
1791127333.4275,4952,1344,57593,306000000,1728000
1791127333.4775,4952,1344,57468,306000000,1728000
1791127333.5276,4952,1352,57531,306000000,1728000
1791127333.5777,4952,1360,57500,306000000,1728000
1791127333.6278,4952,1368,57531,306000000,1728000
1791127333.6779,4952,1360,57468,306000000,1728000
1791127333.7280,4952,1352,57468,306000000,1728000
1791127333.7781,4952,1352,57750,306000000,1728000
1791127333.8282,4952,1352,57468,306000000,1728000
1791127333.8783,4952,1344,57562,306000000,1728000
1791127333.9284,4952,1336,57500,306000000,1728000
1791127333.9785,4952,1344,57500,306000000,1728000
1791127334.0286,4952,1344,57531,306000000,1728000
1791127334.0786,4952,1336,57562,306000000,1190400
1791127334.1287,4952,1352,57500,306000000,1728000
1791127334.1788,4952,1360,57500,306000000,1728000
1791127334.2289,4952,1352,57468,306000000,1728000
1791127334.2790,4952,1352,57468,306000000,1728000
1791127334.3291,4952,1352,57562,306000000,1728000
1791127334.3792,4952,1344,57500,306000000,1728000
1791127334.4293,4952,1336,57562,306000000,1728000
1791127334.4793,4952,1336,57531,306000000,1728000
1791127334.5294,4952,1336,57593,306000000,1728000
1791127334.5795,4952,1336,57468,306000000,1728000
1791127334.6296,4952,1328,57468,306000000,1728000
1791127334.6797,4952,1336,57468,306000000,1728000
1791127334.7298,4952,1344,57468,306000000,1728000
1791127334.7798,4952,1344,57562,306000000,1728000
1791127334.8299,4952,1336,57406,306000000,1728000
1791127334.8800,4952,1328,57562,306000000,1728000
1791127334.9301,4952,1320,57437,306000000,1728000
1791127334.9802,4952,1312,57593,306000000,1728000
1791127335.0302,4952,1320,57437,306000000,1728000
1791127335.0803,4952,1328,57531,306000000,1728000
1791127335.1304,4952,1312,57500,306000000,1728000
1791127335.1805,4952,1312,57468,306000000,1728000
1791127335.2306,4952,1328,57593,306000000,1497600
1791127335.2807,4952,1344,57437,306000000,1728000
1791127335.3307,4952,1328,57531,306000000,1728000
1791127335.3808,4952,1328,57531,306000000,1728000
1791127335.4309,4952,1344,57531,306000000,1728000
1791127335.4810,4952,1336,57468,306000000,1728000
1791127335.5311,4952,1320,57468,306000000,1728000
1791127335.5811,4952,1328,57437,306000000,1728000
1791127335.6312,4952,1336,57468,306000000,1728000
1791127335.6813,4952,1328,57625,306000000,1728000
1791127335.7314,4952,1320,57468,306000000,1728000
1791127335.7815,4952,1336,57562,306000000,1728000
1791127335.8316,4952,1352,57406,306000000,1728000
1791127335.8817,4952,1336,57531,306000000,1728000
1791127335.9317,4952,1328,57437,306000000,1728000
1791127335.9818,4952,1336,57468,306000000,1728000
1791127336.0319,4952,1336,57437,306000000,1728000
1791127336.0820,4952,1336,57468,306000000,1728000
1791127336.1321,4952,1344,57656,306000000,1728000
1791127336.1821,4952,1344,57468,306000000,1728000
1791127336.2322,4952,1328,57531,306000000,1728000
1791127336.2823,4952,1336,57468,306000000,1728000
1791127336.3324,4952,1344,57468,306000000,1728000
1791127336.3825,4952,1352,57437,306000000,1728000
1791127336.4326,4952,1336,57468,306000000,1728000
1791127336.4826,4952,1344,57406,306000000,1728000
1791127336.5327,4952,1344,57468,306000000,1728000
1791127336.5828,4952,1336,57437,306000000,1728000
1791127336.6329,4952,1328,57500,306000000,1728000
1791127336.6830,4952,1320,57531,306000000,1728000
1791127336.7330,4952,1328,57437,306000000,1728000
1791127336.7831,4952,1336,57468,306000000,1728000
1791127336.8332,4952,1328,57468,306000000,1728000
1791127336.8833,4952,1320,57500,306000000,1728000
1791127336.9334,4952,1336,57468,306000000,1728000
1791127336.9835,4952,1344,57500,306000000,1728000
1791127337.0335,4952,1336,57437,306000000,1728000
1791127337.0836,4952,1328,57406,306000000,1728000
1791127337.1337,4952,1320,57468,306000000,1728000
1791127337.1838,4952,1320,57468,306000000,1728000
1791127337.2339,4952,1320,57562,306000000,1728000
1791127337.2840,4952,1328,57468,306000000,1728000
1791127337.3341,4952,1320,57468,306000000,1728000
1791127337.3841,4952,1312,57468,306000000,1728000
1791127337.4342,4952,1320,57500,306000000,1728000
1791127337.4843,4952,1336,57468,306000000,1344000
1791127337.5344,4952,1328,57500,306000000,1728000
1791127337.5845,4952,1336,57531,306000000,1728000
1791127337.6346,4952,1344,57500,306000000,1728000
1791127337.6847,4952,1328,57531,306000000,1728000
1791127337.7348,4952,1320,57437,306000000,1728000
1791127337.7849,4952,1312,57562,306000000,1728000
1791127337.8349,4952,1328,57437,306000000,1728000
1791127337.8850,4952,1328,57468,306000000,1728000
1791127337.9351,4952,1320,57437,306000000,1728000
1791127337.9852,4952,1320,57437,306000000,1728000
1791127338.0353,4952,1328,57625,306000000,1190400
1791127338.0854,4952,1336,57437,306000000,1728000
1791127338.1355,4952,1336,57468,306000000,1728000
1791127338.1856,4952,1320,57468,306000000,1728000
1791127338.2356,4952,1328,57468,306000000,1728000
1791127338.2857,4952,1336,57437,306000000,1728000
1791127338.3358,4952,1328,57468,306000000,1728000
1791127338.3859,4952,1320,57375,306000000,1728000
1791127338.4360,4952,1336,57468,306000000,1728000
1791127338.4861,4952,1328,57625,306000000,1728000
1791127338.5361,4952,1320,57437,306000000,1728000
1791127338.5862,4952,1336,57468,306000000,1728000
1791127338.6363,4952,1352,57468,306000000,1728000
1791127338.6864,4952,1336,57468,306000000,1728000
1791127338.7365,4952,1328,57406,306000000,1728000
1791127338.7866,4952,1328,57468,306000000,1728000
1791127338.8367,4952,1336,57437,306000000,1728000
1791127338.8868,4952,1328,57468,306000000,1728000
1791127338.9369,4952,1320,57468,306000000,1728000
1791127338.9869,4952,1336,57468,306000000,1728000
1791127339.0370,4952,1336,57593,306000000,1728000
1791127339.0871,4952,1328,57468,306000000,1728000
1791127339.1372,4952,1328,57531,306000000,1728000
1791127339.1873,4952,1352,57468,306000000,1728000
1791127339.2374,4952,1352,57500,306000000,1728000
1791127339.2875,4952,1336,57375,306000000,1728000
1791127339.3375,4952,1336,57500,306000000,1728000
1791127339.3876,4952,1336,57375,306000000,1728000
1791127339.4377,4952,1344,57437,306000000,1728000
1791127339.4878,4952,1336,57531,306000000,1728000
1791127339.5379,4952,1344,57406,306000000,1728000
1791127339.5879,4952,1344,57500,306000000,1728000
1791127339.6380,4952,1328,57468,306000000,1728000
1791127339.6881,4952,1344,57468,306000000,1190400
1791127339.7382,4952,1352,57312,306000000,1728000
1791127339.7883,4952,1344,57437,306000000,1728000
1791127339.8383,4952,1352,57312,306000000,1728000
1791127339.8884,4952,1352,57468,306000000,1728000
1791127339.9385,4952,1336,57437,306000000,1728000
1791127339.9886,4952,1336,57437,306000000,1728000
1791127340.0387,4952,1344,57468,306000000,1728000
1791127340.0887,4952,1336,57437,306000000,1728000
1791127340.1388,4952,1328,57468,306000000,1728000
1791127340.1889,4952,1344,57406,306000000,1728000
1791127340.2390,4952,1336,57468,306000000,1728000
1791127340.2891,4952,1344,57437,306000000,1728000
1791127340.3392,4952,1352,57468,306000000,1728000
1791127340.3892,4952,1352,57531,306000000,1728000
1791127340.4393,4952,1344,57437,306000000,1728000
1791127340.4894,4952,1344,57562,306000000,1728000
1791127340.5395,4952,1344,57468,306000000,1728000
1791127340.5896,4952,1344,57468,306000000,1728000
1791127340.6397,4952,1336,57375,306000000,1728000
1791127340.6897,4952,1328,57468,306000000,1728000
1791127340.7398,4952,1328,57437,306000000,1728000
1791127340.7899,4952,1328,57531,306000000,1728000
1791127340.8400,4952,1336,57625,306000000,1728000
1791127340.8901,4952,1344,57468,306000000,729600
1791127340.9402,4952,1352,57531,306000000,1728000
1791127340.9903,4952,1344,57375,306000000,1728000
1791127341.0404,4952,1336,57406,306000000,1728000
1791127341.0905,4952,1336,57468,306000000,1728000
1791127341.1406,4952,1344,57468,306000000,1728000
1791127341.1907,4952,1336,57437,306000000,1728000
1791127341.2408,4952,1328,57406,306000000,1728000
1791127341.2908,4952,1336,57531,306000000,1728000
1791127341.3409,4952,1328,57406,306000000,1728000
1791127341.3910,4952,1336,57468,306000000,1728000
1791127341.4411,4952,1336,57468,306000000,1728000
1791127341.4912,4952,1352,57500,306000000,1728000
1791127341.5413,4952,1344,57406,306000000,1728000
1791127341.5914,4952,1336,57468,306000000,1728000
1791127341.6415,4952,1328,57375,306000000,1728000
1791127341.6916,4952,1344,57375,306000000,1728000
1791127341.7417,4952,1336,57375,306000000,1728000
1791127341.7918,4952,1344,57437,306000000,1728000
1791127341.8419,4952,1344,57468,306000000,1728000
1791127341.8920,4952,1344,57406,306000000,1728000
1791127341.9421,4952,1336,57500,306000000,1728000
1791127341.9922,4952,1368,57406,306000000,1728000
1791127342.0423,4952,1360,57406,306000000,1728000
1791127342.0924,4952,1352,57375,306000000,1728000
1791127342.1425,4952,1352,57468,306000000,1728000
1791127342.1925,4952,1352,57406,306000000,1728000
1791127342.2426,4952,1344,57468,306000000,1728000
1791127342.2927,4952,1344,57625,306000000,1728000
1791127342.3428,4952,1344,57468,306000000,1728000
1791127342.3929,4952,1344,57500,306000000,1728000
1791127342.4430,4952,1336,57468,306000000,1728000
1791127342.4931,4952,1344,57406,306000000,1574400
1791127342.5432,4952,1360,57343,306000000,1497600
1791127342.5933,4952,1368,57468,306000000,1728000
1791127342.6434,4952,1368,57343,306000000,1728000
1791127342.6935,4952,1352,57406,306000000,1728000
1791127342.7436,4952,1360,57468,306000000,1728000
1791127342.7937,4952,1360,57468,306000000,1728000
1791127342.8438,4952,1344,57468,306000000,1728000
1791127342.8939,4952,1336,57468,306000000,1728000
1791127342.9439,4952,1336,57468,306000000,1728000
1791127342.9940,4952,1344,57468,306000000,1728000
1791127343.0441,4952,1336,57468,306000000,1728000
1791127343.0942,4952,1360,57375,306000000,1728000
1791127343.1443,4952,1360,57468,306000000,1728000
1791127343.1944,4952,1360,57500,306000000,1728000
1791127343.2445,4952,1368,57468,306000000,1728000
1791127343.2946,4952,1352,57468,306000000,1728000
1791127343.3447,4952,1344,57437,306000000,1728000
1791127343.3948,4952,1344,57437,306000000,1728000
1791127343.4448,4952,1352,57437,306000000,1728000
1791127343.4949,4952,1336,57437,306000000,1728000
1791127343.5450,4952,1336,57343,306000000,1728000
1791127343.5951,4952,1352,57437,306000000,1728000
1791127343.6452,4952,1352,57343,306000000,1728000
1791127343.6953,4952,1360,57375,306000000,1728000
1791127343.7454,4952,1360,57437,306000000,1728000
1791127343.7955,4952,1352,57437,306000000,1728000
1791127343.8456,4952,1352,57468,306000000,1728000
1791127343.8957,4952,1352,57406,306000000,1728000
1791127343.9457,4952,1352,57468,306000000,1728000
1791127343.9959,4952,1344,57375,306000000,1728000
1791127344.0459,4952,1344,57437,306000000,1728000
1791127344.0960,4952,1352,57343,306000000,1728000
1791127344.1461,4952,1336,57375,306000000,1728000
1791127344.1962,4952,1352,57468,306000000,1728000
1791127344.2463,4952,1368,57437,306000000,1728000
1791127344.2964,4952,1360,57531,306000000,1728000
1791127344.3465,4952,1368,57406,306000000,1728000
1791127344.3966,4952,1360,57468,306000000,1728000
1791127344.4467,4952,1344,57406,306000000,1728000
1791127344.4968,4952,1352,57375,306000000,1728000
1791127344.5471,4952,1352,57406,306000000,1728000
1791127344.5972,4952,1344,57437,306000000,1728000
1791127344.6473,4952,1328,57468,306000000,1420800
1791127344.6974,4952,1320,57437,306000000,1728000
1791127344.7475,4952,1320,57531,306000000,1728000
1791127344.7976,4952,1320,57343,306000000,1728000
1791127344.8477,4952,1320,57437,306000000,1728000
1791127344.8978,4952,1304,57406,306000000,729600
1791127344.9479,4952,1288,57468,306000000,1728000
1791127344.9980,4952,1304,57375,306000000,1728000
1791127345.0481,4952,1328,57406,306000000,1728000
1791127345.0982,4952,1344,57500,306000000,1728000
1791127345.1483,4952,1344,57343,306000000,1728000
1791127345.1983,4952,1344,57531,306000000,1728000
1791127345.2484,4952,1352,57343,306000000,1728000
1791127345.2985,4952,1344,57500,306000000,1728000
1791127345.3486,4952,1344,57312,306000000,729600
1791127345.3987,4952,1352,57406,306000000,1728000
1791127345.4488,4952,1352,57375,306000000,1728000
1791127345.4989,4952,1344,57437,306000000,1728000
1791127345.5489,4952,1336,57500,306000000,1728000
1791127345.5990,4952,1344,57375,306000000,1728000
1791127345.6491,4952,1344,57468,306000000,1728000
1791127345.6992,4952,1336,57375,306000000,1728000
1791127345.7493,4952,1344,57468,306000000,1728000
1791127345.7994,4952,1344,57406,306000000,1728000
1791127345.8495,4952,1336,57437,306000000,1728000
1791127345.8995,4952,1336,57343,306000000,1728000
1791127345.9496,4952,1352,57375,306000000,1728000
1791127345.9997,4952,1336,57406,306000000,1728000
1791127346.0498,4952,1344,57375,306000000,1728000
1791127346.0999,4952,1328,57468,306000000,1728000
1791127346.1500,4952,1328,57312,306000000,1728000
1791127346.2001,4952,1336,57375,306000000,1728000
1791127346.2502,4952,1336,57281,306000000,1728000
1791127346.3002,4952,1328,57437,306000000,1728000
1791127346.3503,4952,1320,57375,306000000,1728000
1791127346.4004,4952,1312,57343,306000000,1728000
1791127346.4505,4952,1344,57312,306000000,1728000
1791127346.5006,4952,1344,57406,306000000,1728000
1791127346.5507,4952,1344,57468,306000000,1728000
1791127346.6008,4952,1352,57437,306000000,1728000
1791127346.6509,4952,1344,57468,306000000,1728000
1791127346.7010,4952,1336,57406,306000000,1728000
1791127346.7511,4952,1344,57375,306000000,1728000
1791127346.8012,4952,1344,57281,306000000,1728000
1791127346.8512,4952,1336,57406,306000000,1728000
1791127346.9013,4952,1352,57437,306000000,1728000
1791127346.9514,4952,1344,57343,306000000,1728000
1791127347.0015,4952,1368,57437,306000000,1113600
1791127347.0516,4952,1368,57312,306000000,1728000
1791127347.1017,4952,1368,57437,306000000,1728000
1791127347.1518,4952,1368,57406,306000000,1728000
1791127347.2019,4952,1360,57437,306000000,1728000
1791127347.2520,4952,1360,57343,306000000,1728000
1791127347.3021,4952,1360,57468,306000000,1728000
1791127347.3522,4952,1352,57406,306000000,1728000
1791127347.4023,4952,1336,57406,306000000,1728000
1791127347.4524,4952,1336,57437,306000000,1728000
1791127347.5025,4952,1336,57375,306000000,1728000
1791127347.5526,4952,1344,57375,306000000,1728000
1791127347.6027,4952,1368,57406,306000000,1728000
1791127347.6528,4952,1360,57437,306000000,1728000
1791127347.7029,4952,1352,57375,306000000,1728000
1791127347.7530,4952,1360,57406,306000000,1728000
1791127347.8031,4952,1352,57343,306000000,1728000
1791127347.8532,4952,1344,57406,306000000,1728000
1791127347.9033,4952,1344,57531,306000000,1728000
1791127347.9534,4952,1344,57250,306000000,1728000
1791127348.0035,4952,1336,57468,306000000,1728000
1791127348.0535,4952,1336,57375,306000000,1728000
1791127348.1036,4952,1344,57437,306000000,1728000
1791127348.1538,4952,1360,57343,306000000,1728000
1791127348.2039,4952,1360,57375,306000000,1728000
1791127348.2539,4952,1360,57312,306000000,1728000
1791127348.3040,4952,1344,57406,306000000,1728000
1791127348.3541,4952,1336,57312,306000000,806400
1791127348.4042,4952,1328,57406,306000000,1728000
1791127348.4543,4952,1336,57437,306000000,1728000
1791127348.5044,4952,1336,57343,306000000,1728000
1791127348.5544,4952,1328,57437,306000000,1728000
1791127348.6045,4952,1328,57312,306000000,1728000
1791127348.6546,4952,1336,57375,306000000,1190400
1791127348.7047,4952,1344,57281,306000000,1728000
1791127348.7548,4952,1360,57343,306000000,1728000
1791127348.8049,4952,1352,57343,306000000,1728000
1791127348.8550,4952,1352,57375,306000000,1728000
1791127348.9051,4952,1352,57437,306000000,1728000
1791127348.9552,4952,1352,57375,306000000,1728000
1791127349.0053,4952,1344,57406,306000000,1728000
1791127349.0554,4952,1344,57281,306000000,1728000
1791127349.1054,4952,1344,57406,306000000,1728000
1791127349.1555,4952,1344,57343,306000000,1728000
1791127349.2056,4952,1344,57437,306000000,1728000
1791127349.2557,4952,1360,57343,306000000,1728000
1791127349.3058,4952,1360,57343,306000000,1728000
1791127349.3559,4952,1360,57437,306000000,1728000
1791127349.4060,4952,1360,57343,306000000,1728000
1791127349.4561,4952,1352,57437,306000000,1728000
1791127349.5062,4952,1344,57375,306000000,1728000
1791127349.5562,4952,1344,57375,306000000,1728000
1791127349.6063,4952,1344,57312,306000000,1728000
1791127349.6564,4952,1336,57343,306000000,1728000
1791127349.7065,4952,1336,57312,306000000,1728000
1791127349.7566,4952,1344,57375,306000000,1728000
1791127349.8067,4952,1344,57375,306000000,1420800
1791127349.8568,4952,1368,57406,306000000,1728000
1791127349.9069,4952,1360,57468,306000000,1728000
1791127349.9570,4952,1352,57312,306000000,1728000
1791127350.0071,4952,1360,57468,306000000,1728000
1791127350.0572,4952,1352,57343,306000000,1728000
1791127350.1073,4952,1360,57312,306000000,1728000
1791127350.1574,4952,1360,57281,306000000,1728000
1791127350.2075,4952,1352,57406,306000000,1728000
1791127350.2576,4952,1344,57500,306000000,1728000
1791127350.3077,4952,1352,57281,306000000,1728000
1791127350.3578,4952,1352,57406,306000000,1728000
1791127350.4079,4952,1384,57343,306000000,1728000
1791127350.4580,4952,1368,57343,306000000,1728000
1791127350.5081,4952,1376,57312,306000000,1728000
1791127350.5581,4952,1376,57343,306000000,1728000
1791127350.6082,4952,1360,57250,306000000,1728000
1791127350.6583,4952,1360,57312,306000000,1728000
1791127350.7084,4952,1360,57343,306000000,1728000
1791127350.7585,4952,1352,57281,306000000,1728000
1791127350.8086,4952,1344,57468,306000000,1728000
1791127350.8587,4952,1352,57375,306000000,1728000
1791127350.9088,4952,1352,57406,306000000,1728000
1791127350.9589,4952,1360,57281,306000000,729600
1791127351.0090,4952,1344,57406,306000000,1728000
1791127351.0591,4952,1344,57281,306000000,1728000
1791127351.1091,4952,1344,57437,306000000,1728000
1791127351.1592,4952,1336,57343,306000000,1728000
1791127351.2093,4952,1336,57281,306000000,1728000
1791127351.2594,4952,1328,57468,306000000,1728000
1791127351.3095,4952,1328,57343,306000000,1728000
1791127351.3595,4952,1328,57437,306000000,1728000
1791127351.4096,4952,1336,57281,306000000,1728000
1791127351.4597,4952,1320,57406,306000000,1728000
1791127351.5098,4952,1336,57312,306000000,1728000
1791127351.5599,4952,1344,57437,306000000,1728000
1791127351.6100,4952,1336,57312,306000000,1728000
1791127351.6600,4952,1328,57343,306000000,1728000
1791127351.7101,4952,1336,57468,306000000,1728000
1791127351.7602,4952,1344,57406,306000000,1728000
1791127351.8103,4952,1336,57437,306000000,1728000
1791127351.8604,4952,1344,57312,306000000,1728000
1791127351.9105,4952,1344,57406,306000000,1728000
1791127351.9605,4952,1336,57343,306000000,1728000
1791127352.0106,4952,1344,57343,306000000,1728000
1791127352.0607,4952,1352,57281,306000000,1728000
1791127352.1108,4952,1352,57343,306000000,1728000
1791127352.1609,4952,1360,57468,306000000,1728000
1791127352.2110,4952,1360,57281,306000000,1728000
1791127352.2611,4952,1344,57437,306000000,1728000
1791127352.3111,4952,1336,57375,306000000,1728000
1791127352.3612,4952,1328,57343,306000000,1728000
1791127352.4113,4952,1336,57375,306000000,1728000
1791127352.4613,4952,1336,57375,306000000,1728000
1791127352.5114,4952,1328,57250,306000000,1728000
1791127352.5615,4952,1344,57343,306000000,1728000
1791127352.6116,4952,1352,57468,306000000,1728000
1791127352.6617,4952,1344,57343,306000000,1728000
1791127352.7118,4952,1336,57375,306000000,1728000
1791127352.7619,4952,1344,57375,306000000,1728000
1791127352.8120,4952,1344,57406,306000000,1728000
1791127352.8620,4952,1336,57312,306000000,1728000
1791127352.9121,4952,1328,57406,306000000,1728000
1791127352.9622,4952,1336,57250,306000000,1728000
1791127353.0123,4952,1336,57281,306000000,1728000
1791127353.0624,4952,1328,57375,306000000,1728000
1791127353.1125,4952,1336,57312,306000000,1728000
1791127353.1625,4952,1344,57468,306000000,1728000
1791127353.2126,4952,1344,57250,306000000,1728000
1791127353.2627,4952,1336,57375,306000000,1728000
1791127353.3128,4952,1336,57281,306000000,1728000
1791127353.3629,4952,1344,57312,306000000,1728000
1791127353.4130,4952,1336,57343,306000000,1728000
1791127353.4631,4952,1336,57312,306000000,1728000
1791127353.5131,4952,1344,57406,306000000,1728000
1791127353.5632,4952,1336,57281,306000000,1728000
1791127353.6133,4952,1344,57375,306000000,1728000
1791127353.6634,4952,1344,57312,306000000,1728000
1791127353.7135,4952,1336,57343,306000000,1728000
1791127353.7636,4952,1360,57250,306000000,1728000
1791127353.8137,4952,1360,57375,306000000,1728000
1791127353.8638,4952,1352,57250,306000000,1728000
1791127353.9138,4952,1344,57375,306000000,1728000
1791127353.9639,4952,1360,57406,306000000,1728000
1791127354.0140,4952,1344,57281,306000000,1728000
1791127354.0641,4952,1336,57406,306000000,1728000
1791127354.1142,4952,1344,57281,306000000,1728000
1791127354.1643,4952,1344,57406,306000000,1728000
1791127354.2143,4952,1336,57343,306000000,1728000
1791127354.2644,4952,1344,57312,306000000,1728000
1791127354.3145,4952,1360,57312,306000000,1728000
1791127354.3646,4952,1352,57312,306000000,1728000
1791127354.4147,4952,1352,57281,306000000,1728000
1791127354.4648,4952,1352,57312,306000000,1728000
1791127354.5149,4952,1344,57406,306000000,1728000
1791127354.5649,4952,1336,57343,306000000,1728000
1791127354.6151,4952,1328,57406,306000000,1728000
1791127354.6651,4952,1328,57281,306000000,1728000
1791127354.7152,4952,1328,57343,306000000,1728000
1791127354.7653,4952,1328,57250,306000000,1728000
1791127354.8154,4952,1320,57312,306000000,1728000
1791127354.8655,4952,1328,57187,306000000,1728000
1791127354.9156,4952,1344,57281,306000000,1728000
1791127354.9656,4952,1336,57437,306000000,1728000
1791127355.0157,4952,1336,57281,306000000,1728000
1791127355.0658,4952,1336,57437,306000000,1728000
1791127355.1159,4952,1344,57218,306000000,1728000
1791127355.1660,4952,1328,57343,306000000,1728000
1791127355.2160,4952,1328,57281,306000000,1728000
1791127355.2661,4952,1336,57281,306000000,1728000
1791127355.3162,4952,1336,57156,306000000,1728000
1791127355.3663,4952,1320,57343,306000000,1728000
1791127355.4164,4952,1320,57375,306000000,1113600
1791127355.4665,4952,1336,57312,306000000,1728000
1791127355.5166,4952,1336,57343,306000000,1728000
1791127355.5666,4952,1328,57343,306000000,1728000
1791127355.6167,4952,1320,57312,306000000,1728000
1791127355.6668,4952,1320,57312,306000000,1728000
1791127355.7169,4952,1336,57343,306000000,1728000
1791127355.7670,4952,1328,57281,306000000,1728000
1791127355.8170,4952,1320,57312,306000000,1728000
1791127355.8671,4952,1328,57406,306000000,1728000
1791127355.9172,4952,1328,57281,306000000,1728000
1791127355.9673,4952,1336,57375,306000000,1344000
1791127356.0174,4952,1336,57250,306000000,1728000
1791127356.0675,4952,1328,57250,306000000,1728000
1791127356.1176,4952,1328,57218,306000000,1728000
1791127356.1677,4952,1336,57250,306000000,1728000
1791127356.2177,4952,1336,57218,306000000,1728000
1791127356.2678,4952,1328,57312,306000000,1728000
1791127356.3179,4952,1344,57375,306000000,1728000
1791127356.3680,4952,1336,57281,306000000,1728000
1791127356.4181,4952,1328,57375,306000000,1728000
1791127356.4681,4952,1344,57250,306000000,1728000
1791127356.5182,4952,1344,57375,306000000,1728000
1791127356.5683,4952,1344,57218,306000000,1728000
1791127356.6184,4952,1344,57343,306000000,1728000
1791127356.6685,4952,1352,57250,306000000,1728000
1791127356.7186,4952,1344,57281,306000000,1728000
1791127356.7687,4952,1344,57343,306000000,1728000
1791127356.8188,4952,1352,57312,306000000,1728000
1791127356.8689,4952,1344,57343,306000000,1728000
1791127356.9189,4952,1336,57281,306000000,1728000
1791127356.9690,4952,1336,57406,306000000,1728000
1791127357.0191,4952,1344,57250,306000000,1728000
1791127357.0692,4952,1336,57375,306000000,1113600
1791127357.1193,4952,1344,57250,306000000,1420800
1791127357.1694,4952,1336,57343,306000000,1728000
1791127357.2195,4952,1336,57406,306000000,1728000
1791127357.2696,4952,1344,57250,306000000,1728000
1791127357.3196,4952,1336,57375,306000000,1728000
1791127357.3697,4952,1328,57281,306000000,1728000
1791127357.4198,4952,1336,57312,306000000,1728000
1791127357.4699,4952,1336,57250,306000000,1728000
1791127357.5200,4952,1328,57281,306000000,1728000
1791127357.5701,4952,1328,57187,306000000,1728000
1791127357.6201,4952,1336,57281,306000000,1728000
1791127357.6702,4952,1344,57218,306000000,1728000
1791127357.7203,4952,1336,57281,306000000,1728000
1791127357.7704,4952,1336,57375,306000000,1728000
1791127357.8205,4952,1352,57312,306000000,1728000
1791127357.8706,4952,1336,57437,306000000,1728000
1791127357.9206,4952,1336,57218,306000000,1728000
1791127357.9707,4952,1352,57312,306000000,1728000
1791127358.0208,4952,1344,57250,306000000,1728000
1791127358.0709,4952,1344,57375,306000000,1728000
1791127358.1210,4952,1344,57218,306000000,1728000
1791127358.1711,4952,1344,57250,306000000,1728000
1791127358.2212,4952,1336,57406,306000000,1190400
1791127358.2713,4952,1344,57218,306000000,1728000
1791127358.3214,4952,1352,57375,306000000,1728000
1791127358.3715,4952,1344,57250,306000000,1728000
1791127358.4216,4952,1336,57281,306000000,1728000
1791127358.4716,4952,1336,57250,306000000,1728000
1791127358.5217,4952,1328,57281,306000000,1728000
1791127358.5718,4952,1336,57281,306000000,1728000
1791127358.6219,4952,1328,57218,306000000,1728000
1791127358.6720,4952,1320,57375,306000000,1728000
1791127358.7220,4952,1328,57250,306000000,1728000
1791127358.7721,4952,1336,57343,306000000,1728000
1791127358.8222,4952,1344,57281,306000000,1728000
1791127358.8723,4952,1328,57312,306000000,1728000
1791127358.9224,4952,1336,57250,306000000,1728000
1791127358.9725,4952,1344,57281,306000000,1728000
1791127359.0226,4952,1328,57250,306000000,1728000
1791127359.0726,4952,1336,57281,306000000,1728000
1791127359.1227,4952,1336,57187,306000000,1728000
1791127359.1728,4952,1336,57312,306000000,1728000
1791127359.2229,4952,1328,57312,306000000,1728000
1791127359.2729,4952,1336,57250,306000000,1728000
1791127359.3231,4952,1336,57375,306000000,1267200
1791127359.3732,4952,1344,57250,306000000,1728000
1791127359.4233,4952,1352,57406,306000000,1728000
1791127359.4733,4952,1344,57218,306000000,1728000
1791127359.5234,4952,1336,57312,306000000,1728000
1791127359.5735,4952,1328,57312,306000000,1728000
1791127359.6236,4952,1320,57250,306000000,1728000
1791127359.6737,4952,1328,57375,306000000,1728000
1791127359.7238,4952,1328,57187,306000000,1728000
1791127359.7738,4952,1320,57281,306000000,1728000
1791127359.8239,4952,1320,57187,306000000,1728000
1791127359.8740,4952,1320,57281,306000000,1728000
1791127359.9241,4952,1328,57187,306000000,1344000
1791127359.9742,4952,1336,57312,306000000,1728000
1791127360.0243,4952,1336,57343,306000000,1728000
1791127360.0743,4952,1328,57281,306000000,1728000
1791127360.1244,4952,1320,57375,306000000,1728000
1791127360.1745,4952,1320,57281,306000000,1728000
1791127360.2246,4952,1328,57375,306000000,1728000
1791127360.2747,4952,1320,57156,306000000,1728000
1791127360.3248,4952,1312,57250,306000000,1728000
1791127360.3748,4952,1320,57218,306000000,1728000
1791127360.4249,4952,1328,57343,306000000,1728000
1791127360.4750,4952,1336,57187,306000000,1344000
1791127360.5251,4952,1328,57250,306000000,1728000
1791127360.5752,4952,1328,57343,306000000,1728000
1791127360.6253,4952,1328,57281,306000000,1728000
1791127360.6753,4952,1336,57250,306000000,1728000
1791127360.7254,4952,1328,57218,306000000,1728000
1791127360.7755,4952,1336,57250,306000000,1728000
1791127360.8256,4952,1336,57187,306000000,1728000
1791127360.8757,4952,1328,57250,306000000,1728000
1791127360.9258,4952,1328,57187,306000000,1728000
1791127360.9758,4952,1336,57218,306000000,1728000
1791127361.0259,4952,1344,57312,306000000,1190400
1791127361.0760,4952,1344,57281,306000000,1728000
1791127361.1261,4952,1352,57343,306000000,1728000
1791127361.1762,4952,1352,57187,306000000,1728000
1791127361.2263,4952,1336,57250,306000000,1728000
1791127361.2763,4952,1336,57218,306000000,1728000
1791127361.3264,4952,1344,57281,306000000,1728000
1791127361.3765,4952,1336,57281,306000000,1728000
1791127361.4266,4952,1328,57156,306000000,1728000
1791127361.4767,4952,1336,57343,306000000,1728000
1791127361.5267,4952,1336,57218,306000000,1728000
1791127361.5768,4952,1336,57312,306000000,1728000
1791127361.6269,4952,1352,57218,306000000,1728000
1791127361.6770,4952,1352,57218,306000000,1728000
1791127361.7271,4952,1344,57156,306000000,1728000
1791127361.7772,4952,1328,57156,306000000,1728000
1791127361.8273,4952,1328,57187,306000000,1728000
1791127361.8773,4952,1328,57218,306000000,1728000
1791127361.9274,4952,1328,57312,306000000,1728000
1791127361.9775,4952,1328,57218,306000000,1728000
1791127362.0276,4952,1320,57312,306000000,1728000
1791127362.0777,4952,1328,57218,306000000,1728000
1791127362.1278,4952,1336,57343,306000000,1728000
1791127362.1779,4952,1336,57250,306000000,1728000
1791127362.2279,4952,1328,57218,306000000,1728000
1791127362.2780,4952,1328,57156,306000000,1728000
1791127362.3281,4952,1336,57218,306000000,1728000
1791127362.3782,4952,1328,57375,306000000,1728000
1791127362.4283,4952,1320,57156,306000000,1728000
1791127362.4783,4952,1320,57343,306000000,1728000
1791127362.5284,4952,1328,57218,306000000,1728000
1791127362.5785,4952,1320,57250,306000000,1728000
1791127362.6286,4952,1312,57125,306000000,1728000
1791127362.6787,4952,1328,57187,306000000,1113600
1791127362.7288,4952,1336,57187,306000000,1728000
1791127362.7789,4952,1336,57187,306000000,1728000
1791127362.8290,4952,1328,57343,306000000,1728000
1791127362.8790,4952,1328,57156,306000000,1728000
1791127362.9291,4952,1328,57250,306000000,1728000
1791127362.9792,4952,1328,57218,306000000,1728000
1791127363.0293,4952,1320,57250,306000000,1728000
1791127363.0794,4952,1320,57125,306000000,1728000
1791127363.1295,4952,1328,57250,306000000,1728000
1791127363.1795,4952,1328,57125,306000000,1728000
1791127363.2296,4952,1320,57187,306000000,1728000
1791127363.2797,4952,1336,57093,306000000,1728000
1791127363.3298,4952,1344,57218,306000000,1728000
1791127363.3799,4952,1344,57281,306000000,1728000
1791127363.4300,4952,1336,57187,306000000,1728000
1791127363.4800,4952,1336,57343,306000000,1728000
1791127363.5301,4952,1344,57156,306000000,1728000
1791127363.5802,4952,1336,57218,306000000,1728000
1791127363.6303,4952,1328,57062,306000000,1728000
1791127363.6804,4952,1320,57187,306000000,1728000
1791127363.7304,4952,1320,57281,306000000,1728000
1791127363.7805,4952,1328,57187,306000000,1728000
1791127363.8306,4952,1336,57281,306000000,1267200
1791127363.8807,4952,1328,57156,306000000,1728000
1791127363.9308,4952,1320,57281,306000000,1728000
1791127363.9808,4952,1328,57187,306000000,1728000
1791127364.0309,4952,1336,57250,306000000,1728000
1791127364.0810,4952,1328,57156,306000000,1728000
1791127364.1311,4952,1312,57218,306000000,1728000
1791127364.1812,4952,1328,57281,306000000,1728000
1791127364.2312,4952,1328,57218,306000000,1728000
1791127364.2813,4952,1320,57281,306000000,1728000
1791127364.3314,4952,1328,57156,306000000,1728000
1791127364.3815,4952,1344,57343,306000000,1497600
1791127364.4316,4952,1344,57125,306000000,1728000
1791127364.4817,4952,1336,57218,306000000,1728000
1791127364.5318,4952,1344,57156,306000000,1728000
1791127364.5818,4952,1336,57250,306000000,1728000
1791127364.6319,4952,1336,57125,306000000,1728000
1791127364.6820,4952,1336,57218,306000000,1728000
1791127364.7321,4952,1336,57218,306000000,1728000
1791127364.7822,4952,1328,57125,306000000,1728000
1791127364.8322,4952,1328,57343,306000000,1728000
1791127364.8823,4952,1336,57000,306000000,1728000
1791127364.9324,4952,1336,57187,306000000,1728000
1791127364.9825,4952,1336,57156,306000000,1728000
1791127365.0326,4952,1328,57250,306000000,1728000
1791127365.0827,4952,1336,57125,306000000,1728000
1791127365.1327,4952,1336,57187,306000000,1728000
1791127365.1828,4952,1328,57281,306000000,1728000
1791127365.2329,4952,1328,57187,306000000,1728000
1791127365.2830,4952,1328,57281,306000000,1728000
1791127365.3331,4952,1328,57156,306000000,1728000
1791127365.3832,4952,1320,57187,306000000,1728000
1791127365.4332,4952,1312,57031,306000000,1728000
1791127365.4833,4952,1320,57125,306000000,1190400
1791127365.5334,4952,1344,57062,306000000,729600
1791127365.5835,4952,1336,57156,306000000,1728000
1791127365.6336,4952,1336,57250,306000000,1728000
1791127365.6837,4952,1344,57125,306000000,1728000
1791127365.7338,4952,1336,57312,306000000,1728000
1791127365.7838,4952,1328,57156,306000000,1728000
1791127365.8339,4952,1328,57187,306000000,1728000
1791127365.8840,4952,1328,57125,306000000,1728000
1791127365.9341,4952,1328,57125,306000000,1728000
1791127365.9841,4952,1320,57093,306000000,1728000
1791127366.0342,4952,1320,57187,306000000,1728000
1791127366.0843,4952,1336,57250,306000000,1728000
1791127366.1344,4952,1344,57062,306000000,1728000
1791127366.1845,4952,1336,57250,306000000,1728000
1791127366.2346,4952,1320,57125,306000000,1728000
1791127366.2846,4952,1328,57218,306000000,1728000
1791127366.3347,4952,1328,57093,306000000,1728000
1791127366.3848,4952,1328,57312,306000000,1728000
1791127366.4349,4952,1328,57125,306000000,1728000
1791127366.4849,4952,1336,57250,306000000,1728000
1791127366.5350,4952,1336,57406,306000000,1728000
1791127366.5851,4952,1320,57156,306000000,1728000
1791127366.6352,4952,1344,57312,306000000,1344000
1791127366.6853,4952,1344,57156,306000000,1728000
1791127366.7354,4952,1344,57250,306000000,1728000
1791127366.7854,4952,1336,57125,306000000,1728000
1791127366.8355,4952,1336,57187,306000000,1728000
1791127366.8856,4952,1344,57062,306000000,1728000
1791127366.9357,4952,1336,57218,306000000,1728000
1791127366.9858,4952,1328,57312,306000000,1728000
1791127367.0358,4952,1328,57187,306000000,1728000
1791127367.0859,4952,1336,57281,306000000,1728000
1791127367.1360,4952,1328,57156,306000000,1728000
1791127367.1861,4952,1328,57343,306000000,1728000
1791127367.2362,4952,1344,57125,306000000,1728000
1791127367.2863,4952,1344,57218,306000000,1728000
1791127367.3364,4952,1336,57156,306000000,1728000
1791127367.3864,4952,1328,57218,306000000,1728000
1791127367.4365,4952,1336,57281,306000000,1728000
1791127367.4866,4952,1328,57187,306000000,1728000
1791127367.5367,4952,1328,57250,306000000,1728000
1791127367.5868,4952,1320,57156,306000000,1728000
1791127367.6368,4952,1328,57281,306000000,1728000
1791127367.6869,4952,1328,57125,306000000,1728000
1791127367.7370,4952,1328,57218,306000000,1728000
1791127367.7871,4952,1336,57125,306000000,1728000
1791127367.8372,4952,1344,57187,306000000,1728000
1791127367.8872,4952,1344,57343,306000000,1728000
1791127367.9373,4952,1328,57250,306000000,1728000
1791127367.9874,4952,1336,57281,306000000,1728000
1791127368.0375,4952,1344,57156,306000000,1728000
1791127368.0876,4952,1336,57312,306000000,1728000
1791127368.1376,4952,1320,57125,306000000,1728000
1791127368.1877,4952,1320,57218,306000000,1728000
1791127368.2378,4952,1328,57125,306000000,1728000
1791127368.2879,4952,1336,57250,306000000,1728000
1791127368.3380,4952,1336,57093,306000000,1728000
1791127368.3881,4952,1336,57125,306000000,1728000
1791127368.4382,4952,1344,57281,306000000,1728000
1791127368.4882,4952,1336,57250,306000000,1728000
1791127368.5383,4952,1328,57250,306000000,1728000
1791127368.5884,4952,1320,57031,306000000,1728000
1791127368.6385,4952,1336,57218,306000000,729600
1791127368.6886,4952,1328,57031,306000000,1728000
1791127368.7386,4952,1320,57156,306000000,1728000
1791127368.7887,4952,1320,57281,306000000,1728000
1791127368.8389,4952,1336,57156,306000000,1190400
1791127368.8889,4952,1336,57218,306000000,1728000
1791127368.9391,4952,1336,57125,306000000,1728000
1791127368.9891,4952,1336,57250,306000000,1728000
1791127369.0392,4952,1336,57093,306000000,1728000
1791127369.0893,4952,1328,57156,306000000,1728000
1791127369.1394,4952,1320,57062,306000000,1728000
1791127369.1895,4952,1312,57218,306000000,1728000
1791127369.2396,4952,1312,57062,306000000,1728000
1791127369.2896,4952,1320,57187,306000000,1728000
1791127369.3397,4952,1320,57250,306000000,1728000
1791127369.3898,4952,1312,57062,306000000,1728000
1791127369.4399,4952,1320,57218,306000000,1728000
1791127369.4900,4952,1328,57031,306000000,1728000
1791127369.5401,4952,1336,57156,306000000,1728000
1791127369.5901,4952,1328,57062,306000000,1728000
1791127369.6402,4952,1320,57187,306000000,1728000
1791127369.6903,4952,1336,57000,306000000,1728000
1791127369.7404,4952,1336,57125,306000000,1728000
1791127369.7905,4952,1328,57250,306000000,1728000
1791127369.8405,4952,1320,57062,306000000,1728000
1791127369.8906,4952,1328,57218,306000000,1728000
1791127369.9407,4952,1328,57156,306000000,1728000
1791127369.9908,4952,1328,57093,306000000,1267200
1791127370.0409,4952,1336,57125,306000000,1728000
1791127370.0909,4952,1352,57156,306000000,1728000
1791127370.1410,4952,1336,57062,306000000,1728000
1791127370.1911,4952,1336,57187,306000000,1728000
1791127370.2412,4952,1344,57312,306000000,1728000
1791127370.2913,4952,1352,57093,306000000,1728000
1791127370.3413,4952,1352,57156,306000000,1728000
1791127370.3914,4952,1344,57093,306000000,1728000
1791127370.4415,4952,1344,57093,306000000,1728000
1791127370.4916,4952,1352,57093,306000000,1728000
1791127370.5417,4952,1344,57187,306000000,1728000
1791127370.5918,4952,1352,57093,306000000,1728000
1791127370.6419,4952,1336,57062,306000000,1728000
1791127370.6919,4952,1336,57250,306000000,1728000
1791127370.7420,4952,1344,57093,306000000,1728000
1791127370.7921,4952,1344,57187,306000000,1728000
1791127370.8422,4952,1328,57187,306000000,1728000
1791127370.8923,4952,1336,57093,306000000,1728000
1791127370.9423,4952,1336,57000,306000000,1728000
1791127370.9924,4952,1328,57187,306000000,1728000
1791127371.0425,4952,1320,57031,306000000,1728000
1791127371.0926,4952,1336,57156,306000000,1728000
1791127371.1427,4952,1352,57250,306000000,1728000
1791127371.1928,4952,1344,57062,306000000,1728000
1791127371.2429,4952,1344,57343,306000000,1728000
1791127371.2929,4952,1352,57031,306000000,1728000
1791127371.3430,4952,1344,57281,306000000,1728000
1791127371.3931,4952,1328,57062,306000000,1728000
1791127371.4432,4952,1328,57093,306000000,1728000
1791127371.4932,4952,1336,57000,306000000,1728000
1791127371.5433,4952,1336,57156,306000000,1728000
1791127371.5934,4952,1328,57218,306000000,1728000
1791127371.6435,4952,1320,57093,306000000,1728000
1791127371.6936,4952,1336,57250,306000000,729600
1791127371.7436,4952,1336,57125,306000000,1728000
1791127371.7937,4952,1336,57250,306000000,1728000
1791127371.8438,4952,1328,57093,306000000,1728000
1791127371.8939,4952,1336,57156,306000000,1728000
1791127371.9440,4952,1336,57000,306000000,1728000
1791127371.9940,4952,1328,57187,306000000,1728000
1791127372.0441,4952,1320,57250,306000000,1728000
1791127372.0942,4952,1328,57125,306000000,1728000
1791127372.1443,4952,1336,57187,306000000,1728000
1791127372.1944,4952,1328,57125,306000000,1113600
1791127372.2444,4952,1344,57218,306000000,1728000
1791127372.2945,4952,1352,57000,306000000,1728000
1791127372.3446,4952,1336,57062,306000000,1728000
1791127372.3947,4952,1336,57093,306000000,1728000
1791127372.4448,4952,1328,57093,306000000,1728000
1791127372.4949,4952,1336,57187,306000000,1728000
1791127372.5450,4952,1328,57031,306000000,1728000
1791127372.5950,4952,1336,57218,306000000,1728000
1791127372.6451,4952,1344,57000,306000000,1728000
1791127372.6952,4952,1336,57281,306000000,1728000
1791127372.7453,4952,1320,57093,306000000,1728000
1791127372.7954,4952,1336,57156,306000000,1190400
1791127372.8455,4952,1352,57093,306000000,1728000
1791127372.8956,4952,1336,57156,306000000,1728000
1791127372.9457,4952,1328,57000,306000000,1728000
1791127372.9957,4952,1328,57093,306000000,1728000
1791127373.0458,4952,1336,57250,306000000,1728000
1791127373.0959,4952,1336,57125,306000000,1728000
1791127373.1460,4952,1320,57187,306000000,1728000
1791127373.1961,4952,1320,57062,306000000,1728000
1791127373.2462,4952,1328,57156,306000000,1728000
1791127373.2962,4952,1328,57093,306000000,1728000
1791127373.3463,4952,1328,57187,306000000,1728000
1791127373.3964,4952,1344,57062,306000000,1728000
1791127373.4465,4952,1344,57062,306000000,1728000
1791127373.4966,4952,1336,57187,306000000,1728000
1791127373.5467,4952,1328,57031,306000000,1728000
1791127373.5968,4952,1320,57250,306000000,1728000
1791127373.6469,4952,1320,57031,306000000,1728000
1791127373.6969,4952,1328,57062,306000000,1728000
1791127373.7471,4952,1328,57000,306000000,1728000
1791127373.7971,4952,1320,57187,306000000,1728000
1791127373.8472,4952,1328,57031,306000000,1728000
1791127373.8973,4952,1336,57031,306000000,1728000
1791127373.9474,4952,1336,57250,306000000,1728000
1791127373.9975,4952,1328,57062,306000000,1728000
1791127374.0476,4952,1328,57156,306000000,1728000
1791127374.0976,4952,1336,57031,306000000,1728000
1791127374.1477,4952,1328,57093,306000000,1728000
1791127374.1978,4952,1320,57000,306000000,1728000
1791127374.2479,4952,1336,57156,306000000,1728000
1791127374.2980,4952,1336,57000,306000000,1728000
1791127374.3480,4952,1328,57062,306000000,1728000
1791127374.3981,4952,1328,57187,306000000,1728000
1791127374.4482,4952,1344,57093,306000000,1728000
1791127374.4983,4952,1344,57250,306000000,1728000
1791127374.5484,4952,1344,57125,306000000,1728000
1791127374.5985,4952,1344,57125,306000000,1728000
1791127374.6486,4952,1344,57031,306000000,1728000
1791127374.6986,4952,1328,57125,306000000,1728000
1791127374.7487,4952,1320,57062,306000000,1728000
1791127374.7988,4952,1312,57156,306000000,1728000
1791127374.8489,4952,1320,57281,306000000,1728000
1791127374.8990,4952,1328,57093,306000000,1728000
1791127374.9490,4952,1320,57187,306000000,1728000
1791127374.9991,4952,1312,57031,306000000,1728000
1791127375.0492,4952,1336,57218,306000000,1728000
1791127375.0993,4952,1344,57093,306000000,1728000
1791127375.1494,4952,1336,57125,306000000,1728000
1791127375.1995,4952,1328,57031,306000000,1728000
1791127375.2495,4952,1320,57125,306000000,1728000
1791127375.2996,4952,1328,57281,306000000,1728000
1791127375.3497,4952,1328,57062,306000000,1728000
1791127375.3998,4952,1320,57250,306000000,1728000
1791127375.4499,4952,1320,57093,306000000,1728000
1791127375.4999,4952,1336,57156,306000000,1728000
1791127375.5500,4952,1328,57031,306000000,1728000
1791127375.6001,4952,1336,57125,306000000,1728000
1791127375.6502,4952,1328,56968,306000000,1728000
1791127375.7003,4952,1336,57093,306000000,1728000
1791127375.7504,4952,1336,57250,306000000,1728000
1791127375.8005,4952,1328,57125,306000000,1728000
1791127375.8505,4952,1328,57156,306000000,1728000
1791127375.9006,4952,1336,57062,306000000,1728000
1791127375.9507,4952,1336,57218,306000000,1728000
1791127376.0008,4952,1320,56968,306000000,1728000
1791127376.0509,4952,1320,57062,306000000,1728000
1791127376.1009,4952,1328,57000,306000000,1728000
1791127376.1511,4952,1344,57093,306000000,1728000
1791127376.2012,4952,1344,57000,306000000,1728000
1791127376.2512,4952,1352,57000,306000000,1728000
1791127376.3013,4952,1352,57250,306000000,1728000
1791127376.3514,4952,1344,57000,306000000,1728000
1791127376.4015,4952,1328,57156,306000000,1728000
1791127376.4516,4952,1320,57031,306000000,1728000
1791127376.5016,4952,1336,57062,306000000,1728000
1791127376.5517,4952,1336,57000,306000000,1728000
1791127376.6018,4952,1328,57062,306000000,1728000
1791127376.6519,4952,1320,57000,306000000,1728000
1791127376.7020,4952,1320,57031,306000000,1728000
1791127376.7521,4952,1336,57218,306000000,1728000
1791127376.8022,4952,1336,57000,306000000,1728000
1791127376.8522,4952,1328,57125,306000000,1728000
1791127376.9023,4952,1336,57000,306000000,1728000
1791127376.9524,4952,1336,57031,306000000,1728000
1791127377.0025,4952,1328,57000,306000000,1728000
1791127377.0526,4952,1320,57125,306000000,1728000
1791127377.1027,4952,1320,57000,306000000,1728000
1791127377.1527,4952,1328,57031,306000000,1728000
1791127377.2028,4952,1320,57187,306000000,1728000
1791127377.2529,4952,1328,57000,306000000,1728000
1791127377.3030,4952,1344,57218,306000000,1728000
1791127377.3531,4952,1344,57031,306000000,1728000
1791127377.4032,4952,1336,57000,306000000,1728000
1791127377.4533,4952,1328,57031,306000000,1728000
1791127377.5033,4952,1328,57156,306000000,1728000
1791127377.5534,4952,1336,57000,306000000,1728000
1791127377.6035,4952,1328,57031,306000000,1728000
1791127377.6536,4952,1320,57250,306000000,1728000
1791127377.7037,4952,1336,57000,306000000,1728000
1791127377.7538,4952,1328,57156,306000000,1728000
1791127377.8038,4952,1320,57031,306000000,1728000
1791127377.8539,4952,1344,57093,306000000,1344000
1791127377.9040,4952,1344,56937,306000000,1728000
1791127377.9541,4952,1344,57062,306000000,1728000
1791127378.0042,4952,1328,57031,306000000,1728000
1791127378.0543,4952,1320,57125,306000000,1728000
1791127378.1044,4952,1328,57218,306000000,1728000
1791127378.1544,4952,1336,57031,306000000,1728000
1791127378.2045,4952,1320,57156,306000000,1728000
1791127378.2546,4952,1320,57000,306000000,1728000
1791127378.3047,4952,1328,57125,306000000,1728000
1791127378.3548,4952,1328,57000,306000000,1728000
1791127378.4049,4952,1336,57062,306000000,1728000
1791127378.4549,4952,1336,57000,306000000,1728000
1791127378.5050,4952,1344,57062,306000000,1728000
1791127378.5551,4952,1336,57031,306000000,1728000
1791127378.6052,4952,1328,56968,306000000,1728000
1791127378.6553,4952,1336,57187,306000000,1728000
1791127378.7054,4952,1336,56968,306000000,1728000
1791127378.7554,4952,1328,57093,306000000,1728000
1791127378.8055,4952,1328,57000,306000000,1728000
1791127378.8556,4952,1328,57062,306000000,1728000
1791127378.9057,4952,1336,57000,306000000,1728000
1791127378.9558,4952,1336,57125,306000000,1190400
1791127379.0059,4952,1336,56968,306000000,1728000
1791127379.0560,4952,1336,57000,306000000,1728000
1791127379.1061,4952,1336,57187,306000000,1728000
1791127379.1561,4952,1336,57062,306000000,1728000
1791127379.2062,4952,1320,57187,306000000,1728000
1791127379.2563,4952,1336,57000,306000000,1728000
1791127379.3064,4952,1336,57062,306000000,1728000
1791127379.3565,4952,1328,57000,306000000,1728000
1791127379.4066,4952,1320,57031,306000000,1728000
1791127379.4567,4952,1320,57000,306000000,1728000
1791127379.5067,4952,1336,57062,306000000,1728000
1791127379.5569,4952,1344,57125,306000000,1728000
1791127379.6069,4952,1336,57000,306000000,1728000
1791127379.6570,4952,1320,57187,306000000,1728000
1791127379.7071,4952,1320,56906,306000000,1728000
1791127379.7572,4952,1320,57125,306000000,1728000
1791127379.8073,4952,1328,57000,306000000,1728000
1791127379.8573,4952,1320,57000,306000000,1728000
1791127379.9074,4952,1312,57000,306000000,1728000
1791127379.9575,4952,1312,57062,306000000,1728000
1791127380.0076,4952,1320,57250,306000000,1728000
1791127380.0577,4952,1328,57031,306000000,1728000
1791127380.1078,4952,1328,57062,306000000,1728000
1791127380.1579,4952,1336,57000,306000000,1728000
1791127380.2080,4952,1336,57156,306000000,1728000
1791127380.2580,4952,1328,56906,306000000,1728000
1791127380.3081,4952,1328,57031,306000000,1728000
1791127380.3582,4952,1328,57031,306000000,1728000
1791127380.4083,4952,1328,57000,306000000,1728000
1791127380.4584,4952,1328,57156,306000000,1728000
1791127380.5085,4952,1328,57000,306000000,1728000
1791127380.5585,4952,1328,57062,306000000,1728000
1791127380.6086,4952,1328,56968,306000000,1728000
1791127380.6587,4952,1336,57031,306000000,729600
1791127380.7088,4952,1328,56968,306000000,1728000
1791127380.7589,4952,1328,57000,306000000,1728000
1791127380.8090,4952,1328,57000,306000000,1728000
1791127380.8591,4952,1328,56968,306000000,1728000
1791127380.9091,4952,1320,56875,306000000,1728000
1791127380.9592,4952,1320,56968,306000000,1728000
1791127381.0093,4952,1328,57125,306000000,1728000
1791127381.0594,4952,1320,57000,306000000,1728000
1791127381.1095,4952,1312,57031,306000000,1728000
1791127381.1595,4952,1320,56937,306000000,1728000
1791127381.2096,4952,1336,57093,306000000,1728000
1791127381.2597,4952,1336,56875,306000000,1728000
1791127381.3098,4952,1328,57031,306000000,1728000
1791127381.3599,4952,1320,56968,306000000,1728000
1791127381.4100,4952,1328,56875,306000000,1728000
1791127381.4600,4952,1328,57093,306000000,1728000
1791127381.5101,4952,1328,56937,306000000,1728000
1791127381.5602,4952,1312,57062,306000000,1728000
1791127381.6103,4952,1312,56906,306000000,1728000
1791127381.6604,4952,1320,57000,306000000,1728000
1791127381.7105,4952,1328,56937,306000000,1728000
1791127381.7606,4952,1328,57000,306000000,1728000
1791127381.8107,4952,1328,56937,306000000,1728000
1791127381.8607,4952,1328,56968,306000000,1728000
1791127381.9108,4952,1320,57062,306000000,1728000
1791127381.9609,4952,1328,57000,306000000,1728000
1791127382.0110,4952,1320,57062,306000000,1728000
1791127382.0611,4952,1320,56968,306000000,1728000
1791127382.1112,4952,1328,57000,306000000,1728000
1791127382.1612,4952,1328,56937,306000000,1728000
1791127382.2113,4952,1320,56937,306000000,1728000
1791127382.2614,4952,1320,56937,306000000,1728000
1791127382.3115,4952,1336,57000,306000000,1728000
1791127382.3616,4952,1344,57000,306000000,1728000
1791127382.4117,4952,1336,57031,306000000,1728000
1791127382.4618,4952,1344,57156,306000000,1728000
1791127382.5118,4952,1344,56968,306000000,1728000
1791127382.5619,4952,1336,57125,306000000,1728000
1791127382.6120,4952,1328,56875,306000000,1728000
1791127382.6621,4952,1336,57125,306000000,1728000
1791127382.7122,4952,1336,56906,306000000,1728000
1791127382.7623,4952,1328,56968,306000000,1728000
1791127382.8123,4952,1320,57156,306000000,1728000
1791127382.8624,4952,1336,57000,306000000,1728000
1791127382.9125,4952,1344,57062,306000000,1728000
1791127382.9626,4952,1336,56937,306000000,1728000
1791127383.0127,4952,1328,57062,306000000,1728000
1791127383.0628,4952,1336,56906,306000000,1728000
1791127383.1129,4952,1336,57062,306000000,1728000
1791127383.1629,4952,1328,56906,306000000,1728000
1791127383.2130,4952,1328,57000,306000000,1728000
1791127383.2631,4952,1328,57000,306000000,1728000
1791127383.3132,4952,1328,56968,306000000,1728000
1791127383.3632,4952,1320,57187,306000000,1728000
1791127383.4133,4952,1320,56937,306000000,1728000
1791127383.4634,4952,1336,57062,306000000,1728000
1791127383.5136,4952,1344,56937,306000000,1728000
1791127383.5637,4952,1336,57000,306000000,1728000
1791127383.6138,4952,1328,56937,306000000,1728000
1791127383.6638,4952,1328,57031,306000000,1728000
1791127383.7139,4952,1328,56875,306000000,1728000
1791127383.7640,4952,1328,56937,306000000,1728000
1791127383.8141,4952,1320,57000,306000000,1728000
1791127383.8642,4952,1312,57000,306000000,1728000
1791127383.9142,4952,1312,57000,306000000,1728000
1791127383.9643,4952,1328,56843,306000000,1728000
1791127384.0144,4952,1336,57000,306000000,1728000
1791127384.0645,4952,1328,57000,306000000,1728000
1791127384.1146,4952,1312,57000,306000000,1728000
1791127384.1647,4952,1328,56875,306000000,1728000
1791127384.2147,4952,1328,56937,306000000,1728000
1791127384.2648,4952,1320,57125,306000000,1728000
1791127384.3149,4952,1328,56906,306000000,1728000
1791127384.3650,4952,1320,57000,306000000,1728000
1791127384.4151,4952,1328,56843,306000000,1728000
1791127384.4651,4952,1320,57000,306000000,1728000
1791127384.5152,4952,1312,56968,306000000,1728000
1791127384.5653,4952,1328,57000,306000000,1728000
1791127384.6154,4952,1336,56937,306000000,1728000
1791127384.6655,4952,1328,56937,306000000,1728000
1791127384.7156,4952,1320,57062,306000000,1728000
1791127384.7657,4952,1328,57000,306000000,1728000
1791127384.8157,4952,1328,57031,306000000,1728000
1791127384.8658,4952,1312,56937,306000000,1728000
1791127384.9159,4960,1296,57062,306000000,1728000
1791127384.9660,4960,1296,57000,306000000,1728000
1791127385.0161,4960,1288,57031,306000000,1728000
1791127385.0662,4960,1280,56875,306000000,1728000
1791127385.1163,4960,1296,57031,306000000,1728000
1791127385.1664,4960,1296,57093,306000000,1728000
1791127385.2164,4960,1288,56968,306000000,1728000
1791127385.2665,4960,1272,57031,306000000,1728000
1791127385.3166,4952,1312,56937,306000000,1728000
1791127385.3667,4952,1328,57000,306000000,1728000
1791127385.4168,4952,1328,56906,306000000,1728000
1791127385.4668,4952,1344,56937,306000000,1728000
1791127385.5169,4952,1344,56937,306000000,1728000
1791127385.5670,4952,1344,57000,306000000,1728000
1791127385.6171,4952,1344,56937,306000000,1728000
1791127385.6672,4952,1352,57000,306000000,1728000
1791127385.7173,4952,1344,57062,306000000,1728000
1791127385.7673,4952,1344,56968,306000000,1728000
1791127385.8174,4952,1344,57031,306000000,1728000
1791127385.8675,4952,1344,56875,306000000,1728000
1791127385.9176,4952,1336,56968,306000000,1728000
1791127385.9677,4952,1328,56843,306000000,1728000
1791127386.0178,4952,1336,56937,306000000,1728000
1791127386.0678,4952,1336,56875,306000000,1728000
1791127386.1179,4952,1328,56937,306000000,1728000
1791127386.1680,4952,1320,57125,306000000,1728000
1791127386.2181,4952,1336,56937,306000000,1728000
1791127386.2682,4952,1344,57031,306000000,1728000
1791127386.3183,4952,1336,56937,306000000,1728000
1791127386.3684,4952,1328,57000,306000000,1728000
1791127386.4185,4952,1336,56937,306000000,1728000
1791127386.4685,4952,1336,56937,306000000,1728000
1791127386.5186,4952,1328,56937,306000000,1728000
1791127386.5687,4952,1320,56968,306000000,1728000
1791127386.6188,4952,1320,57156,306000000,1728000
1791127386.6689,4952,1328,56937,306000000,1728000
1791127386.7190,4952,1320,57062,306000000,1728000
1791127386.7691,4952,1336,56937,306000000,1728000
1791127386.8192,4952,1344,57062,306000000,1728000
1791127386.8692,4952,1344,56968,306000000,1728000
1791127386.9193,4952,1336,56906,306000000,1728000
1791127386.9694,4952,1336,56875,306000000,1728000
1791127387.0195,4952,1344,57000,306000000,1728000
1791127387.0696,4952,1336,57062,306000000,1728000
1791127387.1197,4952,1336,56937,306000000,1728000
1791127387.1697,4952,1344,57031,306000000,1728000
1791127387.2198,4952,1336,56968,306000000,1728000
1791127387.2699,4952,1336,57000,306000000,1728000
1791127387.3200,4952,1344,56875,306000000,1728000
1791127387.3701,4952,1352,56937,306000000,1728000
1791127387.4202,4952,1360,56968,306000000,1728000
1791127387.4702,4952,1360,56937,306000000,1728000
1791127387.5203,4952,1344,57125,306000000,1728000
1791127387.5704,4952,1352,56906,306000000,1728000
1791127387.6205,4952,1352,56968,306000000,1728000
1791127387.6706,4952,1344,56875,306000000,1728000
1791127387.7207,4952,1336,56875,306000000,1728000
1791127387.7708,4952,1352,56875,306000000,1728000
1791127387.8208,4952,1344,56906,306000000,1728000
1791127387.8709,4952,1328,56875,306000000,1728000
1791127387.9210,4952,1352,56875,306000000,1728000
1791127387.9711,4952,1352,56937,306000000,1728000
1791127388.0212,4952,1344,56937,306000000,1728000
1791127388.0713,4952,1328,57062,306000000,1728000
1791127388.1214,4952,1320,56906,306000000,1728000
1791127388.1714,4952,1336,57000,306000000,1728000
1791127388.2215,4952,1336,56906,306000000,1728000
1791127388.2716,4952,1328,56937,306000000,1728000
1791127388.3217,4952,1328,56906,306000000,1728000
1791127388.3718,4952,1336,56906,306000000,1728000
1791127388.4219,4952,1328,56937,306000000,1728000
1791127388.4720,4952,1328,56937,306000000,1728000
1791127388.5221,4952,1336,57062,306000000,1728000
1791127388.5721,4952,1344,57000,306000000,1728000
1791127388.6222,4952,1336,57000,306000000,1728000
1791127388.6723,4952,1328,56968,306000000,1728000
1791127388.7224,4952,1320,56968,306000000,1728000
1791127388.7725,4952,1336,56875,306000000,1728000
1791127388.8226,4952,1328,56906,306000000,1728000
1791127388.8726,4952,1320,56843,306000000,1728000
1791127388.9227,4952,1328,56968,306000000,1728000
1791127388.9728,4952,1328,57062,306000000,1728000
1791127389.0229,4952,1328,56968,306000000,1420800
1791127389.0730,4952,1328,56968,306000000,1728000
1791127389.1231,4952,1320,56937,306000000,1728000
1791127389.1732,4952,1328,56968,306000000,1728000
1791127389.2232,4952,1336,56812,306000000,1728000
1791127389.2733,4952,1320,56875,306000000,1728000
1791127389.3234,4952,1320,56843,306000000,1728000
1791127389.3735,4952,1336,56937,306000000,1728000
1791127389.4236,4952,1328,57062,306000000,1728000
1791127389.4736,4952,1320,56937,306000000,1728000
1791127389.5237,4952,1336,57000,306000000,1728000
1791127389.5738,4952,1336,56937,306000000,1728000
1791127389.6239,4952,1336,57031,306000000,1728000
1791127389.6740,4952,1328,56906,306000000,1728000
1791127389.7241,4952,1320,56937,306000000,1728000
1791127389.7742,4952,1328,56843,306000000,1728000
1791127389.8242,4952,1328,56875,306000000,1728000
1791127389.8743,4952,1320,57062,306000000,1728000
1791127389.9244,4952,1312,56906,306000000,1728000
1791127389.9745,4952,1320,57000,306000000,1728000
1791127390.0245,4952,1320,56875,306000000,1728000
1791127390.0746,4952,1320,57000,306000000,1728000
1791127390.1247,4952,1312,56906,306000000,1190400
1791127390.1748,4952,1320,56906,306000000,1497600
1791127390.2249,4952,1328,56843,306000000,1728000
1791127390.2750,4952,1336,56968,306000000,1728000
1791127390.3251,4952,1328,56937,306000000,1728000
1791127390.3751,4952,1320,56937,306000000,1728000
1791127390.4252,4960,1312,57000,306000000,1728000
1791127390.4753,4960,1312,56968,306000000,1728000
1791127390.5254,4952,1320,57000,306000000,1728000
1791127390.5754,4952,1320,56843,306000000,1728000
1791127390.6255,4960,1312,56937,306000000,1728000
1791127390.6756,4952,1312,56875,306000000,1728000
1791127390.7257,4952,1336,56968,306000000,1728000
1791127390.7758,4952,1336,56812,306000000,1728000
1791127390.8259,4952,1320,56968,306000000,1728000
1791127390.8759,4952,1320,57000,306000000,1728000
1791127390.9260,4952,1328,56781,306000000,1728000
1791127390.9761,4952,1328,56906,306000000,1728000
1791127391.0262,4952,1320,56812,306000000,1728000
1791127391.0763,4952,1328,56937,306000000,1728000
1791127391.1263,4952,1336,56875,306000000,1728000
1791127391.1764,4952,1320,56875,306000000,1728000
1791127391.2265,4952,1336,56812,306000000,1728000
1791127391.2766,4952,1344,56812,306000000,1728000
1791127391.3267,4952,1336,56968,306000000,1728000
1791127391.3767,4952,1328,56812,306000000,1728000
1791127391.4268,4952,1320,57000,306000000,1728000
1791127391.4769,4960,1320,56875,306000000,1728000
1791127391.5270,4960,1320,56843,306000000,1728000
1791127391.5770,4952,1320,56812,306000000,1728000
1791127391.6271,4952,1320,56906,306000000,1728000
1791127391.6772,4960,1312,56843,306000000,1728000
1791127391.7273,4960,1312,56875,306000000,1728000
1791127391.7774,4952,1320,56906,306000000,1728000
1791127391.8274,4952,1328,56781,306000000,1420800
1791127391.8775,4952,1328,57031,306000000,1728000
1791127391.9276,4952,1336,56906,306000000,1728000
1791127391.9777,4952,1336,56875,306000000,1728000
1791127392.0278,4952,1328,56906,306000000,1728000
1791127392.0779,4952,1320,56875,306000000,1728000
1791127392.1280,4952,1320,56781,306000000,1728000
1791127392.1780,4952,1328,56843,306000000,1728000
1791127392.2281,4952,1328,57000,306000000,1728000
1791127392.2782,4960,1312,56875,306000000,1728000
1791127392.3283,4952,1320,57000,306000000,1728000
1791127392.3784,4952,1328,56781,306000000,1728000
1791127392.4285,4952,1336,56968,306000000,1728000
1791127392.4785,4952,1328,56906,306000000,1728000
1791127392.5286,4952,1320,56875,306000000,1728000
1791127392.5787,4952,1328,56718,306000000,1728000
1791127392.6288,4952,1328,56906,306000000,1728000
1791127392.6788,4952,1320,56968,306000000,1728000
1791127392.7289,4952,1328,56843,306000000,1728000
1791127392.7790,4952,1336,56906,306000000,1728000
1791127392.8291,4952,1320,56843,306000000,1728000
1791127392.8792,4952,1320,57000,306000000,1728000
1791127392.9293,4952,1328,56781,306000000,1728000
1791127392.9793,4952,1344,56906,306000000,1728000
1791127393.0294,4952,1336,56781,306000000,1728000
1791127393.0795,4952,1328,56843,306000000,1728000
1791127393.1296,4952,1344,56781,306000000,1728000
1791127393.1797,4952,1336,56781,306000000,1728000
1791127393.2297,4952,1328,56875,306000000,1728000
1791127393.2798,4952,1336,56750,306000000,1728000
1791127393.3299,4952,1336,56906,306000000,1728000
1791127393.3800,4952,1328,56750,306000000,1728000
1791127393.4301,4960,1320,56875,306000000,1728000
1791127393.4801,4960,1312,56781,306000000,1728000
1791127393.5302,4952,1336,56875,306000000,1728000
1791127393.5803,4952,1344,56750,306000000,1728000
1791127393.6304,4952,1328,56843,306000000,1728000
1791127393.6805,4952,1328,56937,306000000,1728000
1791127393.7306,4952,1320,56812,306000000,1728000
1791127393.7806,4952,1328,57000,306000000,1728000
1791127393.8307,4952,1328,56812,306000000,1728000
1791127393.8808,4952,1320,56875,306000000,1728000
1791127393.9309,4952,1328,56875,306000000,1728000
1791127393.9810,4952,1328,56812,306000000,1728000
1791127394.0311,4952,1320,56750,306000000,1728000
1791127394.0812,4952,1328,56843,306000000,1728000
1791127394.1312,4952,1344,56968,306000000,1728000
1791127394.1813,4952,1344,56843,306000000,1728000
1791127394.2314,4952,1336,56906,306000000,1728000
1791127394.2815,4952,1328,56750,306000000,1728000
1791127394.3316,4952,1320,56875,306000000,1728000
1791127394.3816,4952,1328,56781,306000000,1728000
1791127394.4317,4952,1328,56875,306000000,1728000
1791127394.4818,4960,1320,56875,306000000,1728000
1791127394.5319,4952,1328,56843,306000000,1728000
1791127394.5820,4952,1328,56937,306000000,1728000
1791127394.6321,4952,1336,56843,306000000,1728000
1791127394.6822,4952,1336,56843,306000000,1728000
1791127394.7322,4952,1336,56906,306000000,1728000
1791127394.7823,4952,1328,56781,306000000,1728000
1791127394.8324,4952,1328,56781,306000000,1728000
1791127394.8825,4952,1328,56875,306000000,1728000
1791127394.9326,4960,1320,56812,306000000,1728000
1791127394.9826,4960,1304,56812,306000000,1728000
1791127395.0327,4952,1312,56937,306000000,1728000
1791127395.0828,4952,1328,56781,306000000,1728000
1791127395.1329,4952,1320,56937,306000000,1728000
1791127395.1830,4952,1312,56875,306000000,1344000
1791127395.2331,4952,1328,56875,306000000,1728000
1791127395.2832,4952,1328,56781,306000000,1728000
1791127395.3332,4952,1328,56781,306000000,1728000
1791127395.3833,4952,1320,56750,306000000,1728000
1791127395.4334,4960,1312,56812,306000000,1728000
1791127395.4835,4952,1320,57000,306000000,1728000
1791127395.5335,4952,1328,56781,306000000,1728000
1791127395.5836,4952,1320,57031,306000000,1728000
1791127395.6337,4952,1312,56875,306000000,1728000
1791127395.6838,4952,1312,56937,306000000,1728000
1791127395.7339,4952,1328,56812,306000000,1190400
1791127395.7839,4952,1336,56843,306000000,729600
1791127395.8340,4952,1328,56750,306000000,1728000
1791127395.8841,4952,1320,56875,306000000,1728000
1791127395.9342,4952,1328,57000,306000000,1728000
1791127395.9843,4952,1328,56812,306000000,1728000
1791127396.0344,4952,1320,56968,306000000,1728000
1791127396.0845,4952,1320,56781,306000000,1728000
1791127396.1345,4952,1328,56937,306000000,1728000
1791127396.1846,4952,1328,56781,306000000,1728000
1791127396.2347,4952,1320,56906,306000000,1728000
1791127396.2848,4960,1312,56750,306000000,1728000
1791127396.3349,4952,1328,56906,306000000,1420800
1791127396.3850,4952,1336,56906,306000000,1728000
1791127396.4350,4952,1328,56843,306000000,1728000
1791127396.4851,4952,1328,57000,306000000,1728000
1791127396.5352,4952,1336,56843,306000000,1728000
1791127396.5853,4952,1336,56906,306000000,1728000
1791127396.6354,4952,1328,56843,306000000,1728000
1791127396.6854,4952,1336,56906,306000000,1728000
1791127396.7355,4952,1336,56781,306000000,1728000
1791127396.7856,4952,1328,56875,306000000,1728000
1791127396.8357,4952,1336,56781,306000000,1728000
1791127396.8858,4952,1336,56812,306000000,1728000
1791127396.9359,4952,1344,56968,306000000,1728000
1791127396.9860,4952,1336,56843,306000000,1728000
1791127397.0360,4952,1336,57000,306000000,1728000
1791127397.0861,4952,1344,56750,306000000,1728000
1791127397.1362,4952,1336,56906,306000000,1728000
1791127397.1863,4952,1336,56718,306000000,1728000
1791127397.2363,4952,1344,56875,306000000,1728000
1791127397.2864,4952,1336,57000,306000000,1728000
1791127397.3365,4952,1328,56906,306000000,1728000
1791127397.3866,4952,1320,56875,306000000,1728000
1791127397.4367,4952,1336,56812,306000000,1728000
1791127397.4868,4952,1344,56937,306000000,1728000
1791127397.5369,4952,1336,56812,306000000,1728000
1791127397.5869,4952,1336,56937,306000000,1728000
1791127397.6370,4952,1344,56843,306000000,1728000
1791127397.6871,4952,1336,56875,306000000,1728000
1791127397.7372,4952,1328,56718,306000000,1728000
1791127397.7873,4952,1336,56781,306000000,1728000
1791127397.8373,4952,1336,57000,306000000,1728000
1791127397.8874,4952,1328,56781,306000000,1728000
1791127397.9375,4952,1320,56906,306000000,1728000
1791127397.9876,4952,1320,56875,306000000,1728000
1791127398.0377,4952,1336,56937,306000000,1728000
1791127398.0877,4952,1336,56781,306000000,1728000
1791127398.1378,4952,1328,56875,306000000,1728000
1791127398.1879,4952,1320,56781,306000000,1728000
1791127398.2380,4952,1312,56781,306000000,1728000
1791127398.2881,4960,1312,56968,306000000,1728000
1791127398.3381,4952,1320,56812,306000000,1728000
1791127398.3882,4952,1320,56937,306000000,1728000
1791127398.4383,4960,1312,56812,306000000,1728000
1791127398.4884,4960,1304,56812,306000000,1728000
1791127398.5385,4960,1312,56750,306000000,1728000
1791127398.5885,4952,1336,56875,306000000,1728000
1791127398.6386,4952,1336,56906,306000000,1728000
1791127398.6887,4952,1328,56875,306000000,1728000
1791127398.7388,4952,1320,56968,306000000,1728000
1791127398.7889,4960,1312,56781,306000000,1728000
1791127398.8389,4960,1304,56906,306000000,1728000
1791127398.8890,4952,1320,56781,306000000,1728000
1791127398.9391,4952,1320,56843,306000000,1728000
1791127398.9892,4960,1312,56812,306000000,1728000
1791127399.0393,4960,1320,56843,306000000,1728000
1791127399.0894,4952,1328,56843,306000000,1113600
1791127399.1394,4952,1336,56843,306000000,1420800
1791127399.1895,4952,1328,56968,306000000,1728000
1791127399.2396,4952,1328,56875,306000000,1728000
1791127399.2897,4952,1336,56875,306000000,1728000
1791127399.3398,4952,1328,56875,306000000,1728000
1791127399.3898,4952,1320,56968,306000000,1728000
1791127399.4399,4952,1328,56812,306000000,1728000
1791127399.4900,4952,1328,56906,306000000,1728000
1791127399.5401,4952,1320,56843,306000000,1728000
1791127399.5901,4952,1328,56843,306000000,1728000
1791127399.6402,4952,1336,56968,306000000,1728000
1791127399.6903,4952,1336,56843,306000000,1728000
1791127399.7404,4952,1352,56906,306000000,1728000
1791127399.7905,4952,1344,56843,306000000,1728000
1791127399.8405,4952,1336,56906,306000000,1728000
1791127399.8906,4952,1328,56718,306000000,1728000
1791127399.9407,4952,1336,56937,306000000,1728000
1791127399.9908,4952,1344,56812,306000000,1728000
1791127400.0409,4952,1328,56906,306000000,1728000
1791127400.0909,4952,1336,56968,306000000,1728000
1791127400.1410,4952,1344,56875,306000000,1728000
1791127400.1911,4952,1328,57000,306000000,1728000
1791127400.2412,4952,1352,56875,306000000,1728000
1791127400.2913,4952,1352,56937,306000000,1728000
1791127400.3413,4952,1344,56875,306000000,1728000
1791127400.3914,4952,1344,56937,306000000,1728000
1791127400.4415,4952,1352,56812,306000000,1728000
1791127400.4916,4952,1336,56906,306000000,1728000
1791127400.5416,4952,1328,56968,306000000,1728000
1791127400.5917,4952,1320,56875,306000000,1728000
1791127400.6418,4952,1328,57000,306000000,1728000
1791127400.6919,4952,1336,56875,306000000,1728000
1791127400.7419,4952,1328,57000,306000000,1728000
1791127400.7920,4952,1344,56781,306000000,1728000
1791127400.8421,4952,1352,56875,306000000,1728000
1791127400.8922,4952,1344,56812,306000000,1728000
1791127400.9423,4952,1344,56843,306000000,1728000
1791127400.9924,4952,1344,57000,306000000,1728000
1791127401.0425,4952,1344,56906,306000000,1728000
1791127401.0925,4952,1328,56968,306000000,1728000
1791127401.1426,4952,1320,56843,306000000,1728000
1791127401.1927,4952,1328,56906,306000000,1728000
1791127401.2428,4952,1336,56906,306000000,729600
1791127401.2929,4952,1328,56875,306000000,1728000
1791127401.3429,4952,1344,56750,306000000,1267200
1791127401.3930,4952,1352,56843,306000000,1728000
1791127401.4431,4952,1344,56937,306000000,1728000
1791127401.4932,4952,1328,56843,306000000,1728000
1791127401.5433,4952,1328,56968,306000000,1728000
1791127401.5934,4952,1336,56812,306000000,1728000
1791127401.6434,4952,1328,56875,306000000,1728000
1791127401.6935,4952,1336,56781,306000000,1728000
1791127401.7436,4952,1336,56906,306000000,1728000
1791127401.7937,4952,1336,56781,306000000,1728000
1791127401.8437,4952,1328,56875,306000000,1728000
1791127401.8938,4952,1336,56781,306000000,1728000
1791127401.9439,4952,1352,56843,306000000,1728000
1791127401.9940,4952,1344,56968,306000000,1728000
1791127402.0441,4952,1328,56781,306000000,1728000
1791127402.0942,4952,1328,56968,306000000,1728000
1791127402.1442,4952,1336,56843,306000000,1728000
1791127402.1943,4952,1336,56906,306000000,1728000
1791127402.2444,4952,1328,56750,306000000,1728000
1791127402.2945,4952,1328,56906,306000000,1728000
1791127402.3446,4952,1328,56781,306000000,1728000
1791127402.3946,4952,1328,56875,306000000,1728000
1791127402.4447,4952,1320,56968,306000000,1728000
1791127402.4948,4952,1328,56812,306000000,1344000
1791127402.5449,4952,1336,56937,306000000,1728000
1791127402.5950,4952,1336,56750,306000000,1728000
1791127402.6451,4952,1336,56937,306000000,1728000
1791127402.6952,4952,1328,56750,306000000,1728000
1791127402.7452,4952,1320,56906,306000000,1728000
1791127402.7953,4952,1328,56781,306000000,1728000
1791127402.8454,4952,1328,56781,306000000,1728000
1791127402.8955,4952,1320,56875,306000000,1728000
1791127402.9455,4952,1328,56812,306000000,1728000
1791127402.9956,4952,1336,56968,306000000,1728000
1791127403.0457,4952,1336,56812,306000000,1113600
1791127403.0958,4952,1328,56843,306000000,1728000
1791127403.1459,4952,1336,56750,306000000,1728000
1791127403.1960,4952,1336,56843,306000000,1728000
1791127403.2461,4952,1328,56750,306000000,1728000
1791127403.2961,4952,1328,56812,306000000,1728000
1791127403.3462,4952,1336,56937,306000000,1728000
1791127403.3963,4952,1336,56812,306000000,1728000
1791127403.4464,4952,1320,57000,306000000,1728000
1791127403.4964,4952,1328,56875,306000000,1728000
1791127403.5465,4952,1328,56812,306000000,1728000
1791127403.5966,4952,1336,56843,306000000,1728000
1791127403.6467,4952,1336,56843,306000000,1728000
1791127403.6968,4952,1336,56687,306000000,1728000
1791127403.7469,4952,1344,56781,306000000,1728000
1791127403.7970,4952,1336,57000,306000000,1728000
1791127403.8471,4952,1328,56781,306000000,1728000
1791127403.8971,4952,1328,56875,306000000,1728000
1791127403.9472,4952,1344,56750,306000000,1728000
1791127403.9973,4952,1328,56937,306000000,1728000
1791127404.0474,4952,1328,56812,306000000,1728000
1791127404.0975,4952,1344,56875,306000000,1728000
1791127404.1475,4952,1336,56781,306000000,1728000
1791127404.1977,4952,1352,56875,306000000,1728000
1791127404.2477,4952,1360,56937,306000000,1728000
1791127404.2978,4952,1352,56750,306000000,1728000
1791127404.3479,4952,1336,56906,306000000,1728000
1791127404.3980,4952,1336,56875,306000000,1728000
1791127404.4481,4952,1344,56906,306000000,1728000
1791127404.4981,4952,1336,56812,306000000,1728000
1791127404.5482,4952,1328,56750,306000000,1728000
1791127404.5983,4952,1328,56843,306000000,1728000
1791127404.6484,4952,1336,56812,306000000,1728000
1791127404.6985,4952,1328,56968,306000000,1728000
1791127404.7486,4952,1336,56812,306000000,1344000
1791127404.7987,4952,1336,56937,306000000,1728000
1791127404.8487,4952,1344,56750,306000000,1728000
1791127404.8988,4952,1336,56875,306000000,1728000
1791127404.9489,4952,1328,56781,306000000,1728000
1791127404.9990,4952,1336,56812,306000000,1728000
1791127405.0491,4952,1336,56812,306000000,1728000
1791127405.0992,4952,1328,56875,306000000,1728000
1791127405.1492,4952,1328,57062,306000000,1728000
1791127405.1993,4952,1336,56687,306000000,1728000
1791127405.2494,4952,1328,57000,306000000,1728000
1791127405.2995,4952,1336,56875,306000000,1728000
1791127405.3496,4952,1344,56968,306000000,1728000
1791127405.3997,4952,1352,56812,306000000,1728000
1791127405.4498,4952,1336,56843,306000000,1728000
1791127405.4998,4952,1328,56812,306000000,1728000
1791127405.5499,4952,1320,56906,306000000,1728000
1791127405.6000,4952,1312,56937,306000000,1728000
1791127405.6501,4952,1320,56843,306000000,1728000
1791127405.7002,4952,1328,57000,306000000,1728000
1791127405.7503,4952,1320,56812,306000000,1728000
1791127405.8003,4952,1328,56968,306000000,1728000
1791127405.8504,4952,1344,56812,306000000,1728000
1791127405.9005,4952,1336,56937,306000000,1728000
1791127405.9506,4952,1336,56718,306000000,1728000
1791127406.0007,4952,1344,56812,306000000,1728000
1791127406.0508,4952,1336,56781,306000000,1728000
1791127406.1009,4952,1336,56812,306000000,1728000
1791127406.1510,4952,1344,56937,306000000,1728000
1791127406.2010,4952,1344,56781,306000000,1728000
1791127406.2511,4952,1336,56937,306000000,1728000
1791127406.3012,4952,1344,56812,306000000,1728000
1791127406.3513,4952,1344,56906,306000000,1728000
1791127406.4014,4952,1344,56750,306000000,1728000
1791127406.4515,4952,1360,56843,306000000,1728000
1791127406.5016,4952,1352,56812,306000000,1728000
1791127406.5517,4952,1344,56812,306000000,1728000
1791127406.6018,4952,1336,57000,306000000,1728000
1791127406.6519,4952,1344,56843,306000000,1728000
1791127406.7019,4952,1344,57000,306000000,1728000
1791127406.7520,4952,1336,56812,306000000,1728000
1791127406.8021,4952,1328,56937,306000000,1728000
1791127406.8522,4952,1336,56781,306000000,1728000
1791127406.9023,4952,1336,56781,306000000,1728000
1791127406.9524,4952,1328,56843,306000000,1728000
1791127407.0025,4952,1344,56843,306000000,1728000
1791127407.0526,4952,1344,56937,306000000,1728000
1791127407.1026,4952,1328,56781,306000000,1728000
1791127407.1527,4952,1336,56906,306000000,1728000
1791127407.2028,4952,1328,56875,306000000,1728000
1791127407.2529,4952,1320,56843,306000000,1728000
1791127407.3030,4952,1328,56781,306000000,1728000
1791127407.3531,4952,1336,56843,306000000,1728000
1791127407.4031,4952,1320,56750,306000000,1728000
1791127407.4532,4952,1320,56812,306000000,1728000
1791127407.5033,4952,1328,56906,306000000,1190400
1791127407.5534,4952,1344,56875,306000000,729600
1791127407.6035,4952,1336,56937,306000000,1728000
1791127407.6536,4952,1320,56781,306000000,1728000
1791127407.7037,4952,1328,56875,306000000,1728000
1791127407.7538,4952,1328,56843,306000000,1728000
1791127407.8038,4952,1328,56781,306000000,1728000
1791127407.8539,4952,1320,56750,306000000,1728000
1791127407.9040,4952,1328,56875,306000000,1728000
1791127407.9541,4952,1328,56906,306000000,1728000
1791127408.0042,4952,1328,56718,306000000,1728000
1791127408.0543,4952,1320,56843,306000000,1728000
1791127408.1043,4952,1328,56843,306000000,1728000
1791127408.1544,4952,1344,56968,306000000,1728000
1791127408.2045,4952,1336,56812,306000000,1728000
1791127408.2546,4952,1328,56875,306000000,1728000
1791127408.3047,4960,1320,56687,306000000,1728000
1791127408.3548,4952,1320,56812,306000000,1728000
1791127408.4049,4952,1328,56968,306000000,1728000
1791127408.4549,4952,1328,56812,306000000,1728000
1791127408.5050,4952,1320,56875,306000000,1728000
1791127408.5551,4960,1312,56781,306000000,1728000
1791127408.6051,4952,1328,56937,306000000,1728000
1791127408.6552,4952,1336,56687,306000000,1267200
1791127408.7053,4952,1328,56718,306000000,1728000
1791127408.7554,4952,1336,56750,306000000,1728000
1791127408.8055,4952,1344,56843,306000000,1728000
1791127408.8556,4952,1336,57000,306000000,1728000
1791127408.9056,4952,1320,56750,306000000,1728000
1791127408.9557,4952,1336,57000,306000000,1728000
1791127409.0058,4952,1336,56781,306000000,1728000
1791127409.0559,4952,1328,56937,306000000,1728000
1791127409.1059,4952,1320,56750,306000000,1728000
1791127409.1560,4952,1312,56875,306000000,1728000
1791127409.2061,4952,1328,56718,306000000,1728000
1791127409.2562,4952,1344,56937,306000000,1728000
1791127409.3063,4952,1328,56625,306000000,1728000
1791127409.3564,4952,1336,56781,306000000,1728000
1791127409.4065,4952,1336,56937,306000000,1728000
1791127409.4565,4952,1336,56781,306000000,1728000
1791127409.5066,4952,1320,56906,306000000,1728000
1791127409.5567,4960,1312,56750,306000000,1728000
1791127409.6068,4952,1320,56812,306000000,1728000
1791127409.6569,4952,1328,56718,306000000,1728000
1791127409.7069,4952,1320,56781,306000000,1728000
1791127409.7570,4952,1328,56718,306000000,1728000
1791127409.8071,4952,1352,56781,306000000,1728000
1791127409.8572,4952,1336,56906,306000000,1728000
1791127409.9073,4952,1328,56781,306000000,1728000
1791127409.9574,4952,1328,56843,306000000,1728000
1791127410.0075,4952,1336,56781,306000000,1728000
1791127410.0576,4952,1328,56812,306000000,1728000
1791127410.1076,4952,1328,56656,306000000,1728000
1791127410.1577,4952,1336,56906,306000000,1728000
1791127410.2078,4952,1336,56656,306000000,1728000
1791127410.2579,4952,1320,56781,306000000,1728000
1791127410.3080,4952,1336,57000,306000000,1728000
1791127410.3581,4952,1352,56812,306000000,729600
1791127410.4081,4952,1336,56937,306000000,1728000
1791127410.4582,4952,1328,56906,306000000,1728000
1791127410.5083,4952,1336,56812,306000000,1728000
1791127410.5584,4952,1336,56750,306000000,1728000
1791127410.6084,4952,1328,56843,306000000,1728000
1791127410.6585,4952,1328,56843,306000000,1728000
1791127410.7086,4952,1328,56843,306000000,1728000
1791127410.7587,4952,1328,56906,306000000,1728000
1791127410.8087,4952,1320,56812,306000000,1728000
1791127410.8588,4960,1320,56843,306000000,1190400
1791127410.9089,4952,1336,56875,306000000,1728000
1791127410.9590,4952,1344,56843,306000000,1728000
1791127411.0091,4952,1336,56750,306000000,1728000
1791127411.0592,4952,1336,56937,306000000,1728000
1791127411.1092,4952,1336,56718,306000000,1728000
1791127411.1593,4952,1336,56812,306000000,1728000
1791127411.2094,4952,1328,56875,306000000,1728000
1791127411.2595,4952,1328,56812,306000000,1728000
1791127411.3096,4952,1328,57000,306000000,1728000
1791127411.3597,4952,1328,56750,306000000,1728000
1791127411.4097,4952,1320,56812,306000000,1728000
1791127411.4598,4952,1328,56718,306000000,1728000
1791127411.5099,4952,1344,56875,306000000,1728000
1791127411.5600,4952,1344,56687,306000000,1728000
1791127411.6101,4952,1336,56875,306000000,1728000
1791127411.6602,4952,1344,56906,306000000,1728000
1791127411.7103,4952,1344,56750,306000000,1728000
1791127411.7603,4952,1336,56875,306000000,1728000
1791127411.8104,4952,1320,56781,306000000,1728000
1791127411.8605,4952,1328,56781,306000000,1728000
1791127411.9106,4952,1336,56718,306000000,1728000
1791127411.9607,4952,1320,56812,306000000,1728000
1791127412.0108,4952,1344,56718,306000000,1728000
1791127412.0609,4952,1352,56843,306000000,1728000
1791127412.1110,4952,1344,56906,306000000,1728000
1791127412.1610,4952,1344,56781,306000000,1728000
1791127412.2111,4952,1344,57031,306000000,1728000
1791127412.2612,4952,1336,56750,306000000,1728000
1791127412.3113,4952,1328,56875,306000000,1728000
1791127412.3614,4952,1344,56656,306000000,1728000
1791127412.4115,4952,1336,56812,306000000,1728000
1791127412.4615,4952,1344,56718,306000000,1728000
1791127412.5116,4952,1352,56781,306000000,1728000
1791127412.5617,4952,1344,56750,306000000,1728000
1791127412.6118,4952,1344,56750,306000000,1728000
1791127412.6619,4952,1336,56843,306000000,1728000
1791127412.7120,4952,1352,56750,306000000,1728000
1791127412.7620,4952,1344,56906,306000000,1728000
1791127412.8121,4952,1336,56750,306000000,1728000
1791127412.8622,4952,1344,56906,306000000,1728000
1791127412.9123,4952,1344,56750,306000000,1728000
1791127412.9624,4952,1328,56875,306000000,1728000
1791127413.0124,4952,1320,56937,306000000,1728000
1791127413.0625,4952,1328,56812,306000000,1728000
1791127413.1126,4952,1336,56937,306000000,1728000
1791127413.1627,4952,1336,56906,306000000,1728000
1791127413.2128,4952,1328,56906,306000000,1728000
1791127413.2629,4952,1344,56718,306000000,1728000
1791127413.3130,4952,1344,56718,306000000,1728000
1791127413.3630,4952,1328,56718,306000000,1728000
1791127413.4131,4952,1328,56781,306000000,1728000
1791127413.4632,4952,1336,56718,306000000,1728000
1791127413.5133,4952,1336,56750,306000000,1728000
1791127413.5634,4952,1328,56968,306000000,1728000
1791127413.6134,4960,1320,56812,306000000,1728000
1791127413.6635,4952,1328,56875,306000000,1113600
1791127413.7136,4952,1344,56750,306000000,1728000
1791127413.7637,4952,1336,56812,306000000,1728000
1791127413.8138,4952,1328,56750,306000000,1728000
1791127413.8639,4952,1336,56843,306000000,1728000
1791127413.9140,4952,1336,56750,306000000,1728000
1791127413.9641,4952,1328,56750,306000000,1728000
1791127414.0141,4952,1328,56968,306000000,1728000
1791127414.0642,4952,1336,56843,306000000,1728000
1791127414.1143,4952,1328,56968,306000000,1728000
1791127414.1644,4952,1328,56843,306000000,1728000
1791127414.2145,4952,1336,56812,306000000,1728000
1791127414.2646,4952,1344,56750,306000000,1728000
1791127414.3147,4952,1344,56875,306000000,1728000
1791127414.3647,4952,1328,56687,306000000,1728000
1791127414.4148,4952,1336,56750,306000000,1728000
1791127414.4649,4952,1336,56937,306000000,1728000
1791127414.5150,4952,1336,56937,306000000,1728000
1791127414.5650,4952,1320,56812,306000000,1728000
1791127414.6151,4952,1320,56718,306000000,1728000
1791127414.6652,4952,1320,56812,306000000,1728000
1791127414.7153,4952,1328,56718,306000000,1728000
1791127414.7654,4952,1320,56687,306000000,1728000
1791127414.8155,4952,1320,56687,306000000,1267200
1791127414.8656,4952,1320,56843,306000000,1728000
1791127414.9156,4952,1328,56937,306000000,1728000
1791127414.9657,4952,1328,56718,306000000,1728000
1791127415.0158,4952,1320,56875,306000000,1728000
1791127415.0659,4952,1320,56750,306000000,1728000
1791127415.1160,4952,1328,56843,306000000,1728000
1791127415.1660,4952,1328,56718,306000000,1728000
1791127415.2161,4952,1320,56781,306000000,1728000
1791127415.2662,4952,1312,56718,306000000,1728000
1791127415.3163,4952,1312,56812,306000000,1728000
1791127415.3664,4952,1328,56875,306000000,1728000
1791127415.4165,4952,1328,56781,306000000,1728000
1791127415.4665,4952,1336,56906,306000000,1728000
1791127415.5166,4952,1336,56781,306000000,1728000
1791127415.5667,4952,1328,56812,306000000,1728000
1791127415.6168,4952,1328,56718,306000000,1728000
1791127415.6669,4952,1336,56875,306000000,1728000
1791127415.7170,4952,1336,56687,306000000,1728000
1791127415.7670,4952,1328,56781,306000000,1728000
1791127415.8171,4952,1312,56718,306000000,1728000
1791127415.8672,4952,1336,56750,306000000,1728000
1791127415.9173,4952,1336,56843,306000000,1728000
1791127415.9674,4952,1344,56781,306000000,1728000
1791127416.0175,4952,1352,56937,306000000,1728000
1791127416.0676,4952,1344,56750,306000000,1728000
1791127416.1177,4952,1336,56781,306000000,1728000
1791127416.1678,4952,1328,56781,306000000,1728000
1791127416.2178,4952,1328,56843,306000000,1728000
1791127416.2679,4952,1328,56656,306000000,1728000
1791127416.3180,4952,1336,56781,306000000,1728000
1791127416.3681,4952,1320,56968,306000000,1728000
1791127416.4182,4952,1312,56718,306000000,1728000
1791127416.4682,4952,1320,56875,306000000,1728000
1791127416.5183,4952,1336,56687,306000000,1728000
1791127416.5684,4952,1328,56781,306000000,1728000
1791127416.6185,4952,1328,56781,306000000,1728000
1791127416.6686,4952,1320,56750,306000000,1728000
1791127416.7187,4952,1312,56718,306000000,1728000
1791127416.7687,4952,1304,56687,306000000,1728000
1791127416.8188,4952,1320,56906,306000000,1728000
1791127416.8689,4952,1320,56750,306000000,1728000
1791127416.9190,4952,1320,56906,306000000,1728000
1791127416.9690,4952,1320,56625,306000000,1728000
1791127417.0191,4952,1328,56812,306000000,1728000
1791127417.0692,4952,1328,56687,306000000,1728000
1791127417.1193,4952,1344,56875,306000000,1728000
1791127417.1694,4952,1344,56687,306000000,1728000
1791127417.2195,4952,1336,56843,306000000,1728000
1791127417.2696,4952,1320,56937,306000000,1728000
1791127417.3196,4952,1336,56750,306000000,1728000
1791127417.3697,4952,1336,56875,306000000,1728000
1791127417.4198,4952,1328,56687,306000000,1728000
1791127417.4699,4952,1320,56750,306000000,1728000
1791127417.5200,4952,1328,56718,306000000,1728000
1791127417.5700,4952,1328,56718,306000000,1728000
1791127417.6201,4952,1328,56718,306000000,1728000
1791127417.6702,4952,1328,56687,306000000,1728000
1791127417.7203,4952,1320,56906,306000000,1728000
1791127417.7703,4952,1328,56687,306000000,1728000
1791127417.8204,4952,1328,56875,306000000,1728000
1791127417.8705,4952,1328,56750,306000000,1728000
1791127417.9206,4952,1320,56843,306000000,1728000
1791127417.9706,4952,1320,56750,306000000,1728000
1791127418.0207,4952,1320,56718,306000000,1728000
1791127418.0708,4952,1320,56656,306000000,1728000
1791127418.1208,4960,1312,56718,306000000,1728000
1791127418.1709,4960,1312,56593,306000000,1344000
1791127418.2210,4952,1312,56750,306000000,1728000
1791127418.2711,4952,1328,56937,306000000,1728000
1791127418.3212,4952,1328,56687,306000000,1728000
1791127418.3713,4952,1320,56843,306000000,1728000
1791127418.4213,4952,1320,56750,306000000,1728000
1791127418.4714,4952,1320,56750,306000000,1728000
1791127418.5215,4952,1320,56625,306000000,1728000
1791127418.5716,4952,1320,56687,306000000,1728000
1791127418.6217,4952,1312,56656,306000000,1728000
1791127418.6717,4952,1320,56687,306000000,1728000
1791127418.7218,4952,1328,56843,306000000,1728000
1791127418.7719,4952,1336,56718,306000000,1728000
1791127418.8220,4952,1328,56750,306000000,1728000
1791127418.8721,4952,1328,56687,306000000,1728000
1791127418.9222,4952,1336,56750,306000000,1728000
1791127418.9722,4952,1328,56718,306000000,1728000
1791127419.0223,4952,1320,56750,306000000,1728000
1791127419.0724,4952,1328,56687,306000000,1728000
1791127419.1225,4952,1328,56812,306000000,1728000
1791127419.1725,4952,1320,56906,306000000,1728000
1791127419.2226,4952,1320,56718,306000000,1728000
1791127419.2727,4952,1336,56812,306000000,1728000
1791127419.3228,4952,1336,56718,306000000,1728000
1791127419.3729,4952,1328,56781,306000000,1728000
1791127419.4230,4952,1328,56687,306000000,1728000
1791127419.4730,4952,1336,56750,306000000,1728000
1791127419.5231,4952,1336,56656,306000000,1728000
1791127419.5732,4952,1320,56718,306000000,1728000
1791127419.6233,4952,1328,56937,306000000,1728000
1791127419.6733,4952,1336,56687,306000000,1728000
1791127419.7234,4952,1328,56843,306000000,1728000
1791127419.7735,4952,1320,56625,306000000,1728000
1791127419.8236,4952,1328,56687,306000000,1728000
1791127419.8737,4952,1344,56687,306000000,1728000
1791127419.9237,4952,1336,56718,306000000,1728000
1791127419.9738,4952,1328,56687,306000000,1728000
1791127420.0239,4952,1336,56718,306000000,1728000
1791127420.0740,4952,1336,56875,306000000,1728000
1791127420.1241,4952,1328,56718,306000000,1728000
1791127420.1741,4952,1320,56781,306000000,1728000
1791127420.2242,4952,1328,56656,306000000,1728000
1791127420.2743,4952,1328,56812,306000000,1728000
1791127420.3244,4952,1320,56750,306000000,1728000
1791127420.3744,4952,1320,56750,306000000,1728000
1791127420.4245,4952,1336,56656,306000000,1728000
1791127420.4746,4952,1344,56687,306000000,1728000
1791127420.5247,4952,1328,56625,306000000,1728000
1791127420.5748,4952,1344,56687,306000000,1728000
1791127420.6249,4952,1336,56875,306000000,1728000
1791127420.6750,4952,1328,56593,306000000,1728000
1791127420.7250,4952,1336,56718,306000000,1728000
1791127420.7751,4952,1336,56687,306000000,1728000
1791127420.8252,4952,1328,56750,306000000,1728000
1791127420.8753,4952,1320,56687,306000000,1728000
1791127420.9254,4952,1320,56781,306000000,1728000
1791127420.9755,4952,1336,56656,306000000,1420800
1791127421.0256,4952,1336,56687,306000000,1728000
1791127421.0756,4952,1328,56875,306000000,1728000
1791127421.1257,4952,1336,56656,306000000,1728000
1791127421.1758,4952,1344,56812,306000000,1728000
1791127421.2259,4952,1328,56687,306000000,1728000
1791127421.2760,4952,1336,56750,306000000,1728000
1791127421.3260,4952,1336,56656,306000000,1728000
1791127421.3761,4952,1336,56687,306000000,1728000
1791127421.4262,4952,1328,56656,306000000,1728000
1791127421.4763,4952,1336,56625,306000000,1728000
1791127421.5264,4952,1336,56875,306000000,1728000
1791127421.5765,4952,1344,56656,306000000,1728000
1791127421.6266,4952,1344,56687,306000000,1728000
1791127421.6766,4952,1344,56687,306000000,1728000
1791127421.7267,4952,1344,56718,306000000,1728000
1791127421.7768,4952,1336,56718,306000000,1728000
1791127421.8269,4952,1336,56656,306000000,1728000
1791127421.8770,4952,1336,56625,306000000,1728000
1791127421.9271,4952,1336,56687,306000000,1728000
1791127421.9771,4952,1328,56968,306000000,1728000
1791127422.0272,4952,1336,56687,306000000,1728000
1791127422.0773,4952,1344,56875,306000000,1728000
1791127422.1274,4952,1344,56656,306000000,729600
1791127422.1775,4952,1336,56781,306000000,1728000
1791127422.2276,4952,1344,56625,306000000,1728000
1791127422.2776,4952,1344,56687,306000000,1728000
1791127422.3277,4952,1336,56593,306000000,1728000
1791127422.3778,4952,1344,56656,306000000,1728000
1791127422.4279,4952,1344,56843,306000000,1728000
1791127422.4780,4952,1336,56656,306000000,1728000
1791127422.5280,4952,1328,56875,306000000,1728000
1791127422.5781,4952,1328,56687,306000000,1728000
1791127422.6282,4952,1336,56781,306000000,1728000
1791127422.6783,4952,1336,56750,306000000,1728000
1791127422.7284,4952,1344,56656,306000000,1728000
1791127422.7785,4952,1352,56625,306000000,1728000
1791127422.8285,4952,1336,56687,306000000,1728000
1791127422.8786,4952,1328,56625,306000000,1728000
1791127422.9287,4952,1336,56687,306000000,1728000
1791127422.9788,4952,1336,56812,306000000,1728000
1791127423.0289,4952,1328,56625,306000000,1728000
1791127423.0789,4952,1320,56718,306000000,1728000
1791127423.1290,4952,1328,56656,306000000,1728000
1791127423.1791,4952,1336,56656,306000000,1728000
1791127423.2292,4952,1336,56625,306000000,1728000
1791127423.2793,4952,1344,56687,306000000,1728000
1791127423.3294,4952,1352,56562,306000000,1728000
1791127423.3794,4952,1336,56656,306000000,1728000
1791127423.4295,4952,1344,56718,306000000,1728000
1791127423.4796,4952,1352,56687,306000000,1728000
1791127423.5297,4952,1336,56843,306000000,1728000
1791127423.5798,4952,1336,56656,306000000,1728000
1791127423.6298,4952,1336,56718,306000000,1728000
1791127423.6799,4952,1336,56656,306000000,1728000
1791127423.7300,4952,1328,56687,306000000,1728000
1791127423.7801,4952,1336,56593,306000000,1113600
1791127423.8302,4952,1344,56656,306000000,1728000
1791127423.8803,4952,1344,56812,306000000,1728000
1791127423.9304,4952,1328,56656,306000000,1728000
1791127423.9804,4952,1320,56687,306000000,1728000
1791127424.0305,4960,1320,56625,306000000,1728000
1791127424.0806,4952,1336,56750,306000000,1728000
1791127424.1307,4952,1328,56562,306000000,1728000
1791127424.1808,4952,1320,56687,306000000,1728000
1791127424.2309,4952,1312,56593,306000000,1728000
1791127424.2809,4952,1320,56625,306000000,1728000
1791127424.3311,4952,1328,56750,306000000,1344000
1791127424.3812,4952,1328,56687,306000000,1728000
1791127424.4312,4952,1336,56750,306000000,1728000
1791127424.4813,4952,1344,56625,306000000,1728000
1791127424.5314,4952,1336,56718,306000000,1728000
1791127424.5815,4952,1328,56593,306000000,1728000
1791127424.6316,4952,1320,56687,306000000,1728000
1791127424.6816,4952,1328,56562,306000000,1728000
1791127424.7317,4952,1328,56625,306000000,1728000
1791127424.7818,4952,1320,56781,306000000,1728000
1791127424.8319,4960,1312,56687,306000000,1728000
1791127424.8820,4960,1312,56750,306000000,1728000
1791127424.9321,4952,1328,56625,306000000,1728000
1791127424.9822,4952,1328,56687,306000000,1728000
1791127425.0322,4952,1328,56593,306000000,1728000
1791127425.0823,4952,1320,56687,306000000,1728000
1791127425.1324,4952,1328,56625,306000000,1728000
1791127425.1825,4952,1328,56718,306000000,1728000
1791127425.2326,4952,1320,56687,306000000,1728000
1791127425.2826,4960,1312,56593,306000000,1728000
1791127425.3327,4960,1304,56812,306000000,1728000
1791127425.3828,4952,1320,56625,306000000,1728000
1791127425.4329,4952,1320,56718,306000000,1728000
1791127425.4829,4952,1328,56562,306000000,1420800
1791127425.5330,4952,1320,56625,306000000,1728000
1791127425.5831,4952,1328,56656,306000000,1728000
1791127425.6332,4952,1320,56656,306000000,1728000
1791127425.6833,4952,1328,56593,306000000,1728000
1791127425.7334,4952,1320,56656,306000000,1728000
1791127425.7835,4952,1328,56781,306000000,1728000
1791127425.8335,4952,1328,56656,306000000,1728000
1791127425.8836,4952,1320,56750,306000000,1728000
1791127425.9337,4952,1328,56656,306000000,1728000
1791127425.9838,4952,1328,56656,306000000,1728000
1791127426.0338,4952,1328,56562,306000000,1728000
1791127426.0839,4952,1328,56656,306000000,1728000
1791127426.1340,4952,1344,56562,306000000,1728000
1791127426.1841,4952,1336,56593,306000000,1728000
1791127426.2342,4952,1328,56718,306000000,1728000
1791127426.2842,4952,1320,56656,306000000,1728000
1791127426.3343,4952,1328,56718,306000000,1728000
1791127426.3844,4952,1328,56593,306000000,1728000
1791127426.4344,4952,1320,56718,306000000,1728000
1791127426.4845,4952,1328,56625,306000000,1728000
1791127426.5346,4952,1336,56593,306000000,1728000
1791127426.5847,4952,1344,56625,306000000,1728000
1791127426.6348,4952,1352,56625,306000000,1728000
1791127426.6849,4952,1352,56687,306000000,1728000
1791127426.7351,4952,1344,56593,306000000,1728000
1791127426.7851,4952,1344,56656,306000000,1728000
1791127426.8352,4952,1344,56593,306000000,1728000
1791127426.8853,4952,1336,56656,306000000,1728000
1791127426.9354,4952,1336,56625,306000000,1728000
1791127426.9855,4952,1344,56656,306000000,1728000
1791127427.0356,4952,1336,56656,306000000,1728000
1791127427.0857,4952,1328,56625,306000000,1728000
1791127427.1358,4952,1344,56718,306000000,1728000
1791127427.1859,4952,1352,56562,306000000,1728000
1791127427.2360,4952,1344,56718,306000000,729600
1791127427.2861,4952,1352,56625,306000000,1728000
1791127427.3362,4952,1352,56718,306000000,1728000
1791127427.3863,4952,1336,56531,306000000,1728000
1791127427.4364,4952,1344,56656,306000000,1728000
1791127427.4865,4952,1344,56562,306000000,1728000
1791127427.5366,4952,1336,56593,306000000,1728000
1791127427.5867,4952,1328,56625,306000000,729600
1791127427.6368,4952,1336,56656,306000000,1728000
1791127427.6869,4952,1336,56781,306000000,1728000
1791127427.7370,4952,1344,56562,306000000,729600
1791127427.7871,4952,1344,56687,306000000,1728000
1791127427.8371,4952,1352,56593,306000000,1728000
1791127427.8872,4952,1344,56781,306000000,1728000
1791127427.9373,4952,1328,56593,306000000,1728000
1791127427.9874,4952,1328,56656,306000000,1728000
1791127428.0374,4952,1328,56625,306000000,1728000
1791127428.0875,4952,1336,56593,306000000,1728000
1791127428.1376,4952,1328,56718,306000000,1728000
1791127428.1877,4952,1336,56593,306000000,1728000
1791127428.2377,4952,1336,56656,306000000,1728000
1791127428.2878,4952,1344,56656,306000000,1728000
1791127428.3379,4952,1352,56750,306000000,1728000
1791127428.3880,4952,1352,56562,306000000,1728000
1791127428.4381,4952,1344,56656,306000000,1728000
1791127428.4881,4952,1336,56562,306000000,1728000
1791127428.5382,4952,1344,56656,306000000,1728000
1791127428.5883,4952,1336,56750,306000000,1728000
1791127428.6384,4952,1328,56562,306000000,1728000
1791127428.6884,4952,1320,56656,306000000,1728000
1791127428.7385,4960,1320,56531,306000000,1728000
1791127428.7886,4952,1320,56593,306000000,1728000
1791127428.8387,4952,1336,56500,306000000,1267200
1791127428.8888,4952,1336,56656,306000000,1728000
1791127428.9389,4952,1328,56593,306000000,1728000
1791127428.9889,4952,1320,56656,306000000,1728000
1791127429.0390,4952,1336,56812,306000000,1728000
1791127429.0891,4952,1328,56593,306000000,1728000
1791127429.1392,4952,1320,56781,306000000,1728000
1791127429.1893,4960,1312,56625,306000000,1728000
1791127429.2393,4952,1320,56656,306000000,1728000
1791127429.2894,4952,1320,56562,306000000,1728000
1791127429.3395,4952,1320,56687,306000000,1728000
1791127429.3896,4952,1320,56593,306000000,1113600
1791127429.4397,4952,1328,56656,306000000,1728000
1791127429.4898,4952,1328,56687,306000000,1728000
1791127429.5399,4952,1328,56593,306000000,1728000
1791127429.5899,4952,1320,56687,306000000,1728000
1791127429.6400,4960,1320,56531,306000000,1728000
1791127429.6901,4952,1328,56687,306000000,1728000
1791127429.7402,4952,1328,56593,306000000,1728000
1791127429.7903,4952,1328,56625,306000000,1728000
1791127429.8403,4952,1336,56531,306000000,1728000
1791127429.8904,4952,1328,56625,306000000,1728000
1791127429.9405,4952,1320,56781,306000000,1728000
1791127429.9906,4952,1344,56625,306000000,1728000
1791127430.0407,4952,1344,56718,306000000,1728000
1791127430.0908,4952,1336,56656,306000000,1728000
1791127430.1409,4952,1344,56656,306000000,1728000
1791127430.1909,4952,1344,56656,306000000,1728000
1791127430.2410,4952,1336,56718,306000000,1728000
1791127430.2911,4952,1328,56593,306000000,1728000
1791127430.3412,4952,1344,56656,306000000,1728000
1791127430.3913,4952,1336,56718,306000000,1728000
1791127430.4414,4960,1328,56625,306000000,1728000
1791127430.4915,4952,1336,56687,306000000,1728000
1791127430.5415,4952,1352,56625,306000000,729600
1791127430.5916,4952,1344,56656,306000000,1728000
1791127430.6417,4952,1344,56562,306000000,1728000
1791127430.6918,4952,1352,56625,306000000,1728000
1791127430.7419,4952,1344,56593,306000000,1728000
1791127430.7920,4952,1336,56625,306000000,1728000
1791127430.8421,4952,1336,56750,306000000,1728000
1791127430.8921,4952,1344,56593,306000000,1728000
1791127430.9422,4952,1336,56656,306000000,1728000
1791127430.9923,4960,1320,56531,306000000,1728000
1791127431.0424,4952,1336,56656,306000000,1728000
1791127431.0925,4952,1344,56593,306000000,1728000
1791127431.1425,4952,1336,56593,306000000,1728000
1791127431.1926,4952,1336,56562,306000000,1728000
1791127431.2427,4952,1336,56593,306000000,1728000
1791127431.2928,4952,1336,56562,306000000,1728000
1791127431.3429,4952,1328,56562,306000000,1728000
1791127431.3930,4952,1336,56718,306000000,1728000
1791127431.4431,4952,1344,56593,306000000,1728000
1791127431.4931,4952,1328,56718,306000000,1728000
1791127431.5432,4952,1336,56562,306000000,1728000
1791127431.5933,4952,1336,56625,306000000,1728000
1791127431.6434,4952,1344,56562,306000000,1267200
1791127431.6935,4952,1336,56593,306000000,1728000
1791127431.7436,4952,1336,56593,306000000,1728000
1791127431.7936,4952,1344,56656,306000000,1728000
1791127431.8437,4952,1312,56718,306000000,1728000
1791127431.8938,4960,1288,56562,306000000,1728000
1791127431.9439,4960,1280,56687,306000000,1728000
1791127431.9940,4960,1264,56625,306000000,1728000
1791127432.0440,4960,1256,56687,306000000,1728000
1791127432.0941,4960,1256,56812,306000000,1728000
1791127432.1442,4960,1248,56625,306000000,1728000
1791127432.1943,4960,1248,56750,306000000,1728000
1791127432.2444,4960,1248,56562,306000000,1728000
1791127432.2945,4960,1248,56718,306000000,1728000
1791127432.3445,4960,1240,56562,306000000,1728000
1791127432.3946,4960,1232,56687,306000000,1728000
1791127432.4447,4960,1232,56531,306000000,1728000
1791127432.4948,4960,1232,56593,306000000,1728000
1791127432.5448,4960,1224,56718,306000000,1728000
1791127432.5949,4960,1224,56781,306000000,1728000
1791127432.6450,4960,1216,56687,306000000,1728000
1791127432.6951,4960,1216,56562,306000000,1728000
1791127432.7452,4960,1224,56750,306000000,1728000
1791127432.7953,4960,1232,56656,306000000,1728000
1791127432.8453,4960,1224,56843,306000000,1728000
1791127432.8954,4960,1224,56593,306000000,1728000
1791127432.9455,4960,1224,56593,306000000,1728000
1791127432.9956,4960,1216,56562,306000000,1728000
1791127433.0457,4960,1216,56718,306000000,1728000
1791127433.0957,4960,1216,56781,306000000,1728000
1791127433.1458,4960,1208,56718,306000000,1728000
1791127433.1959,4960,1208,56937,306000000,1728000
1791127433.2460,4960,1208,56562,306000000,1728000
1791127433.2961,4960,1216,56656,306000000,1728000
1791127433.3462,4960,1224,56875,306000000,1728000
1791127433.3962,4960,1216,56718,306000000,1728000
1791127433.4463,4960,1216,57000,306000000,1728000
1791127433.4964,4960,1216,56625,306000000,1728000
1791127433.5465,4960,1216,56625,306000000,1728000
1791127433.5965,4960,1208,56562,306000000,1728000
1791127433.6466,4960,1208,56687,306000000,1728000
1791127433.6967,4960,1208,56625,306000000,1728000
1791127433.7468,4960,1208,56718,306000000,1728000
1791127433.7969,4960,1208,56593,306000000,1728000
1791127433.8470,4960,1208,56625,306000000,1728000
1791127433.8971,4960,1224,56781,306000000,1728000
1791127433.9472,4960,1224,56687,306000000,1728000
1791127433.9973,4960,1224,57062,306000000,1728000
1791127434.0473,4960,1232,56531,306000000,1728000
1791127434.0974,4960,1232,56687,306000000,1728000
1791127434.1475,4960,1232,56687,306000000,1728000
1791127434.1976,4960,1240,56875,306000000,1728000
1791127434.2477,4960,1256,56687,306000000,1728000
1791127434.2978,4960,1256,56625,306000000,1728000
1791127434.3478,4960,1248,56562,306000000,1728000
1791127434.3979,4960,1240,56625,306000000,1728000
1791127434.4480,4960,1248,56656,306000000,1728000
1791127434.4981,4960,1240,56562,306000000,1728000
1791127434.5482,4960,1232,56781,306000000,1728000
1791127434.5983,4960,1232,56625,306000000,1728000
1791127434.6484,4960,1216,56656,306000000,1728000
1791127434.6984,4960,1216,56562,306000000,1728000
1791127434.7485,4960,1216,56625,306000000,1728000
1791127434.7986,4960,1208,56562,306000000,1728000
1791127434.8487,4960,1208,56656,306000000,1728000
1791127434.8988,4960,1208,56500,306000000,1728000
1791127434.9489,4960,1208,56593,306000000,1728000
1791127434.9990,4960,1216,56531,306000000,1728000
1791127435.0491,4960,1200,56531,306000000,1728000
1791127435.0992,4960,1192,56656,306000000,1728000
1791127435.1492,4960,1176,56531,1020000000,1728000
