1791129127.2204,4968,984,56718,306000000,1728000
1791129127.2704,4968,1040,56656,306000000,1728000
1791129127.3205,4968,1104,56968,306000000,1728000
1791129127.3706,4968,1112,56718,306000000,1728000
1791129127.4207,4968,1128,56781,306000000,1728000
1791129127.4708,4960,1128,56843,306000000,1728000
1791129127.5209,4960,1144,56625,306000000,1728000
1791129127.5709,4960,1152,56750,306000000,1728000
1791129127.6210,4960,1160,56687,306000000,1728000
1791129127.6711,4960,1160,56781,306000000,1728000
1791129127.7212,4960,1176,56718,306000000,1728000
1791129127.7713,4960,1184,56687,306000000,1728000
1791129127.8214,4960,1192,56718,306000000,1728000
1791129127.8714,4960,1192,56750,306000000,1728000
1791129127.9215,4960,1192,56781,306000000,1728000
1791129127.9716,4960,1200,56750,306000000,1728000
1791129128.0217,4960,1200,56718,306000000,1728000
1791129128.0718,4960,1200,56687,306000000,1728000
1791129128.1218,4960,1200,56781,306000000,1728000
1791129128.1719,4960,1200,56625,1020000000,1728000
1791129128.2220,4960,1200,56750,306000000,1728000
1791129128.2721,4960,1208,56875,306000000,1728000
1791129128.3222,4960,1216,56750,306000000,1728000
1791129128.3723,4960,1224,56718,306000000,1728000
1791129128.4224,4960,1240,56687,306000000,1728000
1791129128.4725,4960,1256,56812,306000000,1728000
1791129128.5226,4960,1264,56781,306000000,1728000
1791129128.5727,4960,1280,56781,306000000,1728000
1791129128.6228,4960,1280,56718,306000000,1651200
1791129128.6728,4960,1288,56750,306000000,1728000
1791129128.7229,4960,1296,56687,306000000,1728000
1791129128.7730,4960,1296,56781,306000000,1728000
1791129128.8231,4960,1304,56812,306000000,1728000
1791129128.8732,4960,1312,56718,306000000,1728000
1791129128.9233,4960,1312,56812,306000000,1728000
1791129128.9734,4960,1312,56656,306000000,1728000
1791129129.0235,4960,1304,56906,306000000,1728000
1791129129.0736,4960,1304,56656,306000000,1728000
1791129129.1237,4960,1304,56750,306000000,1728000
1791129129.1738,4960,1296,56656,306000000,1728000
1791129129.2239,4960,1296,56750,306000000,1728000
1791129129.2740,4960,1296,56625,306000000,1728000
1791129129.3241,4960,1296,56750,306000000,1728000
1791129129.3742,4960,1296,56843,306000000,1728000
1791129129.4243,4960,1304,56687,306000000,1728000
1791129129.4744,4960,1304,56937,306000000,1728000
1791129129.5245,4960,1304,56687,306000000,1728000
1791129129.5746,4960,1304,56906,306000000,1728000
1791129129.6247,4960,1296,56718,306000000,1728000
1791129129.6748,4960,1296,56718,306000000,1113600
1791129129.7249,4960,1296,56687,306000000,1728000
1791129129.7750,4960,1296,56625,306000000,1420800
1791129129.8251,4960,1288,56875,306000000,1420800
1791129129.8752,4960,1288,56687,306000000,1113600
1791129129.9253,4960,1288,56812,306000000,1728000
1791129129.9753,4960,1304,56718,306000000,1113600
1791129130.0254,4960,1296,56718,306000000,1728000
1791129130.0755,4960,1288,56562,306000000,1728000
1791129130.1256,4960,1280,56750,306000000,1728000
1791129130.1757,4960,1280,56687,306000000,1728000
1791129130.2258,4960,1280,56781,306000000,1728000
1791129130.2759,4960,1280,56593,306000000,1728000
1791129130.3260,4960,1272,56656,306000000,1728000
1791129130.3761,4960,1264,56812,306000000,1728000
1791129130.4261,4960,1264,56687,306000000,1728000
1791129130.4762,4960,1264,56718,306000000,1728000
1791129130.5263,4960,1280,56593,306000000,1728000
1791129130.5764,4960,1280,56750,306000000,1728000
1791129130.6265,4960,1272,56593,306000000,1728000
1791129130.6766,4960,1272,56625,306000000,1728000
1791129130.7267,4960,1272,56625,306000000,1728000
1791129130.7768,4960,1272,56687,306000000,1728000
1791129130.8268,4960,1272,56781,306000000,1728000
1791129130.8769,4960,1272,56687,306000000,1728000
1791129130.9270,4960,1264,56812,306000000,1728000
1791129130.9771,4960,1264,56687,306000000,1728000
1791129131.0272,4960,1272,56750,306000000,1728000
1791129131.0773,4960,1280,56593,306000000,1190400
1791129131.1274,4960,1280,56718,306000000,1267200
1791129131.1775,4960,1280,56625,306000000,1728000
1791129131.2276,4960,1280,56687,306000000,1728000
1791129131.2777,4960,1280,56781,306000000,1728000
1791129131.3277,4960,1272,56687,306000000,1728000
1791129131.3778,4960,1272,56718,306000000,1728000
1791129131.4279,4960,1272,56656,306000000,1728000
1791129131.4780,4960,1272,56718,306000000,1728000
1791129131.5281,4960,1272,56593,306000000,1728000
1791129131.5782,4960,1272,56718,306000000,1728000
1791129131.6283,4960,1272,56625,306000000,1728000
1791129131.6784,4960,1288,56718,306000000,1728000
1791129131.7285,4960,1280,56875,306000000,1728000
1791129131.7786,4960,1280,56687,306000000,1728000
1791129131.8287,4960,1280,56750,306000000,1728000
1791129131.8787,4960,1280,56656,306000000,1728000
1791129131.9288,4960,1272,56656,306000000,1728000
1791129131.9789,4960,1264,56687,306000000,1728000
1791129132.0290,4960,1264,56750,306000000,1728000
1791129132.0791,4960,1264,56625,306000000,1728000
1791129132.1291,4960,1256,56625,306000000,1728000
1791129132.1792,4960,1264,56812,306000000,1728000
1791129132.2293,4960,1264,56687,306000000,1728000
1791129132.2794,4960,1264,56781,306000000,1728000
1791129132.3295,4960,1264,56593,306000000,1728000
1791129132.3796,4960,1264,56750,306000000,1728000
1791129132.4297,4960,1264,56625,306000000,1728000
1791129132.4798,4960,1264,56656,306000000,1728000
1791129132.5299,4960,1264,56562,306000000,1728000
1791129132.5799,4960,1264,56687,306000000,1728000
1791129132.6300,4960,1264,56718,306000000,1728000
1791129132.6801,4960,1264,56625,306000000,1728000
1791129132.7302,4960,1272,56750,306000000,1728000
1791129132.7803,4960,1280,56687,306000000,1728000
1791129132.8304,4960,1272,56750,306000000,1728000
1791129132.8805,4960,1272,56562,306000000,1728000
1791129132.9306,4960,1272,56750,306000000,1728000
1791129132.9807,4960,1272,56625,306000000,1728000
1791129133.0308,4960,1272,56687,306000000,1728000
1791129133.0809,4960,1272,56625,306000000,1728000
1791129133.1310,4960,1272,56593,306000000,1728000
1791129133.1811,4960,1264,56750,306000000,1728000
1791129133.2311,4960,1264,56593,306000000,1728000
1791129133.2812,4960,1264,56718,306000000,1420800
1791129133.3313,4960,1280,56593,306000000,1728000
1791129133.3814,4960,1280,56750,306000000,1728000
1791129133.4315,4960,1280,56593,306000000,1728000
1791129133.4816,4960,1272,56625,306000000,1728000
1791129133.5317,4960,1272,56562,306000000,1728000
1791129133.5818,4960,1272,56656,306000000,1728000
1791129133.6319,4960,1264,56718,306000000,1728000
1791129133.6820,4960,1264,56562,306000000,1728000
1791129133.7321,4960,1280,56718,306000000,1728000
1791129133.7821,4960,1288,56562,306000000,1728000
1791129133.8322,4960,1304,56656,306000000,1728000
1791129133.8823,4960,1320,56593,306000000,1728000
1791129133.9324,4960,1328,56656,306000000,1728000
1791129133.9825,4960,1320,56593,306000000,1728000
1791129134.0326,4960,1312,56687,306000000,1728000
1791129134.0827,4960,1312,56718,306000000,1728000
1791129134.1327,4960,1304,56562,306000000,1728000
1791129134.1828,4960,1296,56718,306000000,1728000
1791129134.2329,4960,1296,56562,306000000,1728000
1791129134.2830,4960,1296,56687,306000000,1728000
1791129134.3330,4960,1288,56593,306000000,1728000
1791129134.3831,4960,1288,56718,306000000,1728000
1791129134.4332,4960,1296,56562,306000000,1728000
1791129134.4833,4960,1296,56656,306000000,1728000
1791129134.5334,4960,1296,56687,306000000,1728000
1791129134.5835,4960,1288,56593,306000000,1728000
1791129134.6336,4960,1280,56718,306000000,1728000
1791129134.6837,4960,1280,56593,306000000,1728000
1791129134.7338,4960,1272,56687,306000000,1728000
1791129134.7839,4960,1272,56562,306000000,1728000
1791129134.8339,4960,1272,56625,306000000,1728000
1791129134.8840,4960,1272,56593,306000000,1728000
1791129134.9341,4960,1272,56625,306000000,1728000
1791129134.9842,4960,1280,56718,306000000,1497600
1791129135.0343,4960,1280,56656,306000000,1728000
1791129135.0844,4960,1280,56750,306000000,1728000
1791129135.1345,4960,1280,56562,306000000,1728000
1791129135.1846,4960,1272,56718,306000000,1728000
1791129135.2346,4960,1272,56625,306000000,1728000
1791129135.2847,4960,1272,56687,306000000,1728000
1791129135.3348,4960,1264,56562,306000000,1728000
1791129135.3849,4960,1264,56656,306000000,1728000
1791129135.4350,4960,1264,56687,306000000,1728000
1791129135.4851,4960,1272,56562,306000000,1728000
1791129135.5352,4960,1280,56687,306000000,1728000
1791129135.5853,4960,1288,56593,306000000,1728000
1791129135.6354,4960,1288,56656,306000000,1728000
1791129135.6855,4960,1272,56531,306000000,1728000
1791129135.7359,4960,1272,56687,306000000,1728000
1791129135.7860,4960,1272,56562,306000000,1728000
1791129135.8361,4960,1264,56500,306000000,1728000
1791129135.8862,4960,1264,56531,306000000,1728000
1791129135.9362,4960,1256,56593,306000000,1728000
1791129135.9863,4960,1256,56687,306000000,1728000
1791129136.0364,4960,1264,56562,306000000,1728000
1791129136.0865,4960,1264,56718,306000000,1728000
1791129136.1366,4960,1280,56531,306000000,1728000
1791129136.1867,4960,1272,56593,306000000,1728000
1791129136.2368,4960,1272,56562,306000000,1728000
1791129136.2869,4960,1272,56593,306000000,1728000
1791129136.3370,4960,1272,56562,306000000,1728000
1791129136.3871,4960,1272,56593,306000000,1728000
1791129136.4371,4960,1272,56656,306000000,1728000
1791129136.4872,4960,1272,56593,306000000,1728000
1791129136.5373,4960,1272,56687,306000000,1728000
1791129136.5874,4960,1272,56500,306000000,1728000
1791129136.6375,4960,1272,56718,306000000,1728000
1791129136.6876,4960,1280,56562,306000000,1728000
1791129136.7377,4960,1280,56593,306000000,1728000
1791129136.7878,4960,1272,56593,306000000,1728000
1791129136.8379,4960,1272,56687,306000000,1728000
1791129136.8879,4960,1272,56593,306000000,1728000
1791129136.9380,4960,1264,56562,306000000,1728000
1791129136.9881,4960,1264,56656,306000000,1728000
1791129137.0382,4960,1264,56562,306000000,1728000
1791129137.0883,4960,1264,56562,306000000,1728000
1791129137.1384,4960,1264,56500,306000000,1728000
1791129137.1885,4960,1272,56531,306000000,1728000
1791129137.2385,4960,1280,56562,306000000,1728000
1791129137.2886,4960,1272,56562,306000000,1728000
1791129137.3387,4960,1272,56656,306000000,1728000
1791129137.3888,4960,1272,56500,306000000,1728000
1791129137.4389,4960,1272,56718,306000000,1728000
1791129137.4890,4960,1272,56531,306000000,1728000
1791129137.5391,4960,1272,56593,306000000,1728000
1791129137.5891,4960,1264,56468,306000000,1728000
1791129137.6392,4960,1264,56562,306000000,1728000
1791129137.6893,4960,1264,56500,306000000,1420800
1791129137.7394,4960,1264,56500,306000000,1728000
1791129137.7895,4960,1280,56500,306000000,1728000
1791129137.8396,4960,1280,56531,306000000,1728000
1791129137.8897,4960,1280,56656,306000000,1728000
1791129137.9398,4960,1272,56593,306000000,1728000
1791129137.9898,4960,1272,56750,306000000,1728000
1791129138.0399,4960,1264,56562,306000000,1728000
1791129138.0900,4960,1264,56531,306000000,1728000
1791129138.1401,4960,1264,56593,306000000,1728000
1791129138.1902,4960,1264,56500,306000000,1728000
1791129138.2403,4960,1264,56500,306000000,1728000
1791129138.2904,4960,1264,56531,306000000,1728000
1791129138.3404,4960,1272,56656,306000000,1728000
1791129138.3905,4960,1280,56531,306000000,1728000
1791129138.4406,4960,1280,56656,306000000,1728000
1791129138.4907,4960,1272,56531,306000000,1728000
1791129138.5408,4960,1272,56562,306000000,1728000
1791129138.5909,4960,1272,56500,306000000,1728000
1791129138.6410,4960,1272,56562,306000000,1728000
1791129138.6911,4960,1272,56500,306000000,1728000
1791129138.7412,4960,1272,56500,306000000,1728000
1791129138.7912,4960,1272,56625,306000000,1728000
1791129138.8413,4960,1264,56562,306000000,1728000
1791129138.8914,4960,1272,56593,306000000,1728000
1791129138.9415,4960,1280,56500,306000000,1728000
1791129138.9916,4960,1272,56593,306000000,1728000
1791129139.0417,4960,1272,56468,306000000,1728000
1791129139.0918,4960,1272,56531,306000000,1728000
1791129139.1419,4960,1264,56500,306000000,1728000
1791129139.1919,4960,1264,56500,306000000,1728000
1791129139.2420,4960,1256,56562,306000000,1728000
1791129139.2921,4960,1256,56531,306000000,1728000
1791129139.3422,4960,1256,56625,306000000,1728000
1791129139.3922,4960,1256,56500,306000000,1728000
1791129139.4423,4960,1264,56531,306000000,1728000
1791129139.4925,4960,1272,56437,306000000,1728000
1791129139.5426,4960,1264,56625,306000000,1728000
1791129139.5926,4960,1264,56500,306000000,1728000
1791129139.6427,4960,1264,56531,306000000,1728000
1791129139.6928,4960,1256,56625,306000000,1728000
1791129139.7429,4960,1264,56500,306000000,1728000
1791129139.7930,4960,1256,56656,306000000,1728000
1791129139.8431,4960,1256,56500,306000000,1728000
1791129139.8931,4960,1256,56593,306000000,1728000
1791129139.9432,4960,1256,56406,306000000,1728000
1791129139.9933,4960,1256,56500,306000000,1344000
1791129140.0434,4960,1264,56500,306000000,1728000
1791129140.0935,4960,1264,56625,306000000,1728000
1791129140.1436,4960,1264,56625,306000000,1728000
1791129140.1937,4960,1264,56437,306000000,1728000
1791129140.2438,4960,1264,56593,306000000,1728000
1791129140.2938,4960,1256,56468,306000000,1728000
1791129140.3439,4960,1256,56562,306000000,1728000
1791129140.3940,4960,1256,56406,306000000,1728000
1791129140.4441,4960,1248,56562,306000000,1728000
1791129140.4942,4960,1256,56468,306000000,1728000
1791129140.5443,4960,1256,56500,306000000,1190400
1791129140.5944,4960,1264,56500,306000000,1728000
1791129140.6445,4960,1264,56500,306000000,1728000
1791129140.6946,4960,1264,56531,306000000,1728000
1791129140.7447,4960,1264,56531,306000000,1728000
1791129140.7947,4960,1264,56531,306000000,1728000
1791129140.8448,4960,1256,56437,306000000,1728000
1791129140.8949,4960,1256,56500,306000000,1728000
1791129140.9450,4960,1264,56406,306000000,1728000
1791129140.9951,4960,1256,56500,306000000,1728000
1791129141.0451,4960,1256,56500,306000000,1728000
1791129141.0952,4960,1256,56437,306000000,1728000
1791129141.1453,4960,1272,56593,306000000,1344000
1791129141.1954,4960,1264,56500,306000000,1728000
1791129141.2455,4960,1264,56625,306000000,1728000
1791129141.2956,4960,1264,56468,306000000,1728000
1791129141.3457,4960,1264,56531,306000000,1728000
1791129141.3958,4960,1264,56500,306000000,1728000
1791129141.4458,4960,1256,56531,306000000,1728000
1791129141.4959,4960,1256,56468,306000000,1728000
1791129141.5460,4960,1256,56500,306000000,1728000
1791129141.5961,4960,1264,56593,306000000,1728000
1791129141.6462,4960,1264,56375,306000000,1728000
1791129141.6963,4960,1272,56500,306000000,1728000
1791129141.7464,4960,1280,56468,306000000,1728000
1791129141.7965,4960,1272,56500,306000000,1728000
1791129141.8466,4960,1272,56468,306000000,1728000
1791129141.8966,4960,1272,56562,306000000,1728000
1791129141.9467,4960,1272,56500,306000000,1728000
1791129141.9968,4960,1272,56500,306000000,1728000
1791129142.0469,4960,1272,56531,306000000,1728000
1791129142.0970,4960,1264,56468,306000000,1728000
1791129142.1471,4960,1272,56562,306000000,1728000
1791129142.1972,4960,1264,56468,306000000,1728000
1791129142.2473,4960,1272,56531,306000000,1420800
1791129142.2974,4960,1280,56500,306000000,1728000
1791129142.3475,4960,1280,56500,306000000,1728000
1791129142.3975,4960,1280,56437,306000000,1728000
1791129142.4476,4960,1272,56500,306000000,1728000
1791129142.4977,4960,1272,56406,306000000,1728000
1791129142.5478,4960,1272,56500,306000000,1728000
1791129142.5979,4960,1264,56500,306000000,1728000
1791129142.6480,4960,1264,56500,306000000,1728000
1791129142.6981,4960,1264,56562,306000000,1728000
1791129142.7482,4960,1264,56406,306000000,1728000
1791129142.7983,4960,1264,56500,306000000,1728000
1791129142.8484,4960,1272,56500,306000000,1728000
1791129142.8985,4960,1264,56468,306000000,1728000
1791129142.9486,4960,1272,56625,306000000,1728000
1791129142.9986,4960,1288,56500,306000000,1728000
1791129143.0487,4960,1288,56531,306000000,1728000
1791129143.0988,4960,1296,56468,306000000,1728000
1791129143.1489,4960,1304,56562,306000000,1728000
1791129143.1990,4960,1304,56312,306000000,1728000
1791129143.2490,4960,1304,56500,306000000,1728000
1791129143.2991,4960,1304,56437,306000000,1728000
1791129143.3492,4960,1304,56468,306000000,1728000
1791129143.3993,4960,1312,56343,306000000,1728000
1791129143.4494,4960,1304,56500,306000000,1728000
1791129143.4995,4960,1304,56531,306000000,1728000
1791129143.5496,4960,1304,56406,306000000,1728000
1791129143.5997,4960,1296,56593,306000000,1728000
1791129143.6498,4960,1296,56468,306000000,1728000
1791129143.6999,4960,1296,56500,306000000,1728000
1791129143.7500,4960,1288,56500,306000000,1728000
1791129143.8001,4960,1280,56531,306000000,1728000
1791129143.8501,4960,1280,56500,306000000,1728000
1791129143.9002,4960,1280,56437,306000000,1728000
1791129143.9503,4960,1296,56562,306000000,1728000
1791129144.0004,4960,1296,56468,306000000,1728000
1791129144.0505,4960,1288,56500,306000000,1728000
1791129144.1006,4960,1280,56468,306000000,1728000
1791129144.1507,4960,1280,56500,306000000,1728000
1791129144.2008,4960,1272,56468,306000000,1728000
1791129144.2509,4960,1272,56500,306000000,1728000
1791129144.3010,4960,1272,56406,306000000,1728000
1791129144.3511,4960,1272,56375,306000000,1728000
1791129144.4012,4960,1272,56500,306000000,1728000
1791129144.4513,4960,1264,56468,306000000,1344000
1791129144.5014,4960,1280,56531,306000000,1728000
1791129144.5515,4960,1280,56406,306000000,1728000
1791129144.6015,4960,1272,56500,306000000,1728000
1791129144.6516,4960,1272,56437,306000000,1728000
1791129144.7017,4960,1272,56437,306000000,1728000
1791129144.7518,4960,1272,56343,306000000,1728000
1791129144.8019,4960,1264,56500,306000000,1728000
1791129144.8520,4960,1264,56531,306000000,1728000
1791129144.9021,4960,1264,56406,306000000,1728000
1791129144.9522,4960,1264,56593,306000000,1728000
1791129145.0023,4960,1264,56375,306000000,1728000
1791129145.0524,4960,1272,56500,306000000,1728000
1791129145.1025,4960,1272,56500,306000000,1728000
1791129145.1526,4960,1264,56562,306000000,1728000
1791129145.2027,4960,1264,56468,306000000,1728000
1791129145.2527,4960,1264,56468,306000000,1728000
1791129145.3028,4960,1264,56531,306000000,1728000
1791129145.3529,4960,1264,56500,306000000,1728000
1791129145.4030,4960,1264,56531,306000000,1728000
1791129145.4531,4960,1264,56500,306000000,1728000
1791129145.5032,4960,1264,56500,306000000,1728000
1791129145.5533,4960,1256,56375,306000000,1728000
1791129145.6034,4960,1272,56468,306000000,1728000
1791129145.6535,4960,1272,56375,306000000,1728000
1791129145.7036,4960,1272,56468,306000000,1728000
1791129145.7537,4960,1272,56406,306000000,1728000
1791129145.8038,4960,1272,56406,306000000,1728000
1791129145.8539,4960,1272,56593,306000000,1728000
1791129145.9040,4960,1272,56375,306000000,1728000
1791129145.9541,4960,1264,56500,306000000,1728000
1791129146.0042,4960,1264,56406,306000000,1728000
1791129146.0543,4960,1272,56468,306000000,1728000
1791129146.1043,4960,1264,56375,306000000,1728000
1791129146.1544,4960,1272,56437,306000000,1728000
1791129146.2045,4960,1280,56375,306000000,1728000
1791129146.2547,4960,1280,56406,306000000,1728000
1791129146.3047,4960,1280,56500,306000000,1728000
1791129146.3548,4960,1272,56375,306000000,1728000
1791129146.4049,4960,1272,56531,306000000,1728000
1791129146.4550,4960,1272,56437,306000000,1728000
1791129146.5051,4960,1264,56437,306000000,1728000
1791129146.5551,4960,1264,56406,306000000,1728000
1791129146.6052,4960,1264,56500,306000000,1728000
1791129146.6553,4960,1264,56375,306000000,1728000
1791129146.7054,4960,1272,56375,306000000,1728000
1791129146.7555,4960,1280,56500,306000000,1728000
1791129146.8056,4960,1280,56437,306000000,1728000
1791129146.8557,4960,1272,56500,306000000,1728000
1791129146.9058,4960,1272,56437,306000000,1728000
1791129146.9559,4960,1272,56375,306000000,1728000
1791129147.0059,4960,1264,56343,306000000,1728000
1791129147.0560,4960,1264,56375,306000000,1728000
1791129147.1061,4960,1264,56375,306000000,1728000
1791129147.1562,4960,1264,56437,306000000,1728000
1791129147.2063,4960,1256,56500,306000000,1728000
1791129147.2564,4960,1264,56406,306000000,1728000
1791129147.3065,4960,1272,56531,306000000,1728000
1791129147.3566,4960,1272,56375,306000000,1728000
1791129147.4066,4960,1272,56468,306000000,1728000
1791129147.4567,4960,1272,56437,306000000,1728000
1791129147.5068,4960,1272,56500,306000000,1728000
1791129147.5569,4960,1264,56406,306000000,1728000
1791129147.6070,4960,1264,56406,306000000,1728000
1791129147.6571,4960,1264,56437,306000000,1728000
1791129147.7071,4960,1264,56406,306000000,1728000
1791129147.7572,4960,1264,56468,306000000,1728000
1791129147.8073,4960,1264,56343,306000000,1420800
1791129147.8574,4960,1272,56531,306000000,1728000
1791129147.9075,4960,1280,56375,306000000,1728000
1791129147.9576,4960,1272,56500,306000000,1728000
1791129148.0077,4960,1272,56375,306000000,1728000
1791129148.0578,4960,1272,56437,306000000,1728000
1791129148.1079,4960,1272,56500,306000000,1728000
1791129148.1580,4960,1264,56468,306000000,1728000
1791129148.2080,4960,1272,56468,306000000,1728000
1791129148.2581,4960,1264,56468,306000000,1728000
1791129148.3082,4960,1264,56500,306000000,1728000
1791129148.3583,4960,1264,56343,306000000,1728000
1791129148.4084,4960,1272,56468,306000000,1728000
1791129148.4585,4960,1280,56437,306000000,1728000
1791129148.5086,4960,1272,56375,306000000,1728000
1791129148.5587,4960,1272,56406,306000000,1728000
1791129148.6088,4960,1264,56375,306000000,1728000
1791129148.6589,4960,1264,56500,306000000,1728000
1791129148.7090,4960,1264,56406,306000000,1728000
1791129148.7591,4960,1256,56500,306000000,1728000
1791129148.8091,4960,1256,56343,306000000,1728000
1791129148.8592,4960,1256,56375,306000000,1728000
1791129148.9093,4960,1256,56406,306000000,1728000
1791129148.9594,4960,1264,56406,306000000,1420800
1791129149.0095,4960,1264,56375,306000000,1728000
1791129149.0596,4960,1272,56343,306000000,1728000
1791129149.1097,4960,1264,56468,306000000,1728000
1791129149.1597,4960,1264,56437,306000000,1728000
1791129149.2098,4960,1264,56437,306000000,1728000
1791129149.2599,4960,1264,56406,306000000,1728000
1791129149.3100,4960,1264,56500,306000000,1728000
1791129149.3601,4960,1264,56343,306000000,1728000
1791129149.4101,4960,1264,56375,306000000,1728000
1791129149.4602,4960,1256,56312,306000000,1728000
1791129149.5103,4960,1264,56468,306000000,1728000
1791129149.5604,4960,1272,56500,306000000,1728000
1791129149.6105,4960,1272,56375,306000000,1728000
1791129149.6606,4960,1272,56500,306000000,1728000
1791129149.7107,4960,1272,56531,306000000,1190400
1791129149.7608,4960,1272,56312,306000000,1728000
1791129149.8109,4960,1272,56406,306000000,1728000
1791129149.8610,4960,1272,56406,306000000,1728000
1791129149.9111,4960,1272,56281,306000000,1728000
1791129149.9612,4960,1272,56375,306000000,1728000
1791129150.0113,4960,1272,56500,306000000,1728000
1791129150.0614,4960,1280,56375,306000000,1728000
1791129150.1114,4960,1288,56468,306000000,1728000
1791129150.1615,4960,1288,56343,306000000,1728000
1791129150.2116,4960,1288,56468,306000000,1728000
1791129150.2617,4960,1288,56531,306000000,1420800
1791129150.3118,4960,1288,56406,306000000,1728000
1791129150.3619,4960,1288,56312,306000000,1728000
1791129150.4120,4960,1280,56406,306000000,1728000
1791129150.4621,4960,1280,56281,306000000,1728000
1791129150.5122,4960,1280,56343,306000000,1728000
1791129150.5623,4960,1280,56437,306000000,1728000
1791129150.6124,4960,1280,56343,306000000,1728000
1791129150.6625,4960,1288,56468,306000000,1728000
1791129150.7126,4960,1288,56375,306000000,1728000
1791129150.7627,4960,1288,56281,306000000,1728000
1791129150.8128,4960,1288,56437,306000000,1728000
1791129150.8629,4960,1288,56437,306000000,1728000
1791129150.9129,4960,1280,56312,306000000,1728000
1791129150.9630,4960,1280,56343,306000000,1728000
1791129151.0131,4960,1280,56468,306000000,1728000
1791129151.0632,4960,1280,56312,306000000,1728000
1791129151.1133,4960,1280,56562,306000000,1728000
1791129151.1634,4960,1288,56281,306000000,1420800
1791129151.2135,4960,1296,56468,306000000,1420800
1791129151.2636,4960,1296,56312,306000000,1728000
1791129151.3137,4960,1304,56500,306000000,1728000
1791129151.3638,4960,1304,56468,306000000,1728000
1791129151.4138,4960,1304,56437,306000000,1728000
1791129151.4639,4960,1304,56437,306000000,1728000
1791129151.5140,4960,1296,56343,306000000,1728000
1791129151.5641,4960,1288,56500,306000000,1728000
1791129151.6142,4960,1280,56375,306000000,1728000
1791129151.6643,4960,1280,56437,306000000,1728000
1791129151.7144,4960,1288,56281,306000000,1728000
1791129151.7645,4960,1312,56406,306000000,1651200
1791129151.8146,4960,1320,56312,306000000,1728000
1791129151.8647,4960,1328,56343,306000000,1728000
1791129151.9148,4960,1328,56500,306000000,1728000
1791129151.9649,4960,1328,56406,306000000,1728000
1791129152.0149,4960,1328,56468,306000000,1728000
1791129152.0650,4960,1320,56343,306000000,1728000
1791129152.1151,4960,1320,56406,306000000,1728000
1791129152.1652,4960,1312,56437,306000000,1728000
1791129152.2153,4960,1304,56406,306000000,1728000
1791129152.2654,4960,1296,56281,306000000,1420800
1791129152.3155,4960,1304,56406,306000000,1728000
1791129152.3656,4960,1304,56500,306000000,1728000
1791129152.4157,4960,1304,56500,306000000,1728000
1791129152.4658,4960,1296,56562,306000000,1728000
1791129152.5158,4960,1288,56375,306000000,1728000
1791129152.5659,4960,1280,56343,306000000,1728000
1791129152.6160,4960,1280,56343,306000000,1728000
1791129152.6661,4960,1280,56343,306000000,1728000
1791129152.7162,4960,1280,56375,306000000,1728000
1791129152.7663,4960,1280,56375,306000000,1344000
1791129152.8164,4960,1272,56500,306000000,1728000
1791129152.8664,4960,1288,56281,306000000,1728000
1791129152.9166,4960,1280,56500,306000000,1728000
1791129152.9666,4960,1280,56343,306000000,1728000
1791129153.0167,4960,1280,56468,306000000,1728000
1791129153.0668,4960,1280,56312,306000000,1728000
1791129153.1169,4960,1280,56375,306000000,1728000
1791129153.1670,4960,1280,56250,306000000,1728000
1791129153.2171,4960,1280,56375,306000000,1728000
1791129153.2672,4960,1272,56531,306000000,1728000
1791129153.3173,4960,1264,56343,306000000,1728000
1791129153.3673,4960,1264,56468,306000000,1728000
1791129153.4174,4960,1272,56281,306000000,1728000
1791129153.4675,4960,1280,56500,306000000,1728000
1791129153.5176,4960,1280,56250,306000000,1728000
1791129153.5677,4960,1272,56437,306000000,1728000
1791129153.6178,4960,1264,56343,306000000,1728000
1791129153.6679,4960,1264,56406,306000000,1728000
1791129153.7180,4960,1272,56312,306000000,1728000
1791129153.7681,4960,1272,56312,306000000,1728000
1791129153.8181,4960,1272,56500,306000000,1728000
1791129153.8682,4960,1272,56312,306000000,1728000
1791129153.9183,4960,1264,56500,306000000,1728000
1791129153.9684,4960,1272,56312,306000000,1728000
1791129154.0185,4960,1280,56468,306000000,1728000
1791129154.0686,4960,1280,56281,306000000,1728000
1791129154.1187,4960,1272,56437,306000000,1728000
1791129154.1688,4960,1272,56281,306000000,1728000
1791129154.2189,4960,1272,56281,306000000,1728000
1791129154.2689,4960,1264,56437,306000000,1728000
1791129154.3191,4960,1264,56250,306000000,1728000
1791129154.3691,4960,1264,56468,306000000,1728000
1791129154.4192,4960,1264,56312,306000000,1728000
1791129154.4693,4960,1264,56375,306000000,1728000
1791129154.5194,4960,1272,56281,306000000,1728000
1791129154.5695,4960,1280,56343,306000000,1728000
1791129154.6196,4960,1280,56250,306000000,1728000
1791129154.6697,4960,1272,56250,306000000,1728000
1791129154.7200,4960,1272,56281,306000000,1728000
1791129154.7701,4960,1272,56312,306000000,1728000
1791129154.8202,4960,1272,56500,306000000,1728000
1791129154.8703,4960,1272,56343,306000000,1728000
1791129154.9204,4960,1264,56375,306000000,1728000
1791129154.9704,4960,1264,56250,306000000,1728000
1791129155.0205,4960,1264,56343,306000000,1728000
1791129155.0706,4960,1272,56281,306000000,1728000
1791129155.1207,4960,1280,56312,306000000,1728000
1791129155.1708,4960,1280,56343,306000000,1728000
1791129155.2209,4960,1280,56343,306000000,1728000
1791129155.2710,4960,1280,56375,306000000,1728000
1791129155.3211,4960,1272,56375,306000000,1728000
1791129155.3712,4960,1272,56500,306000000,1728000
1791129155.4212,4960,1264,56250,306000000,1728000
1791129155.4713,4960,1264,56312,306000000,1728000
1791129155.5214,4960,1264,56187,306000000,1728000
1791129155.5715,4960,1264,56343,306000000,1728000
1791129155.6216,4960,1264,56406,306000000,1728000
1791129155.6717,4960,1280,56406,306000000,1728000
1791129155.7218,4960,1272,56437,306000000,1728000
1791129155.7719,4960,1272,56281,306000000,1728000
1791129155.8219,4960,1264,56406,306000000,1728000
1791129155.8720,4960,1264,56281,306000000,1728000
1791129155.9221,4960,1264,56343,306000000,1728000
1791129155.9722,4960,1264,56312,306000000,1728000
1791129156.0223,4960,1256,56312,306000000,1728000
1791129156.0724,4960,1256,56312,306000000,1728000
1791129156.1225,4960,1264,56343,306000000,1728000
1791129156.1726,4960,1264,56343,306000000,1728000
1791129156.2227,4960,1272,56281,306000000,1728000
1791129156.2728,4960,1280,56437,306000000,1728000
1791129156.3229,4960,1272,56312,306000000,1728000
1791129156.3730,4960,1272,56343,306000000,1728000
1791129156.4231,4960,1272,56187,306000000,1728000
1791129156.4732,4960,1264,56312,306000000,1728000
1791129156.5233,4960,1264,56281,306000000,1728000
1791129156.5734,4960,1264,56312,306000000,1728000
1791129156.6235,4960,1264,56468,306000000,1728000
1791129156.6736,4960,1256,56375,306000000,1728000
1791129156.7237,4960,1256,56406,306000000,1728000
1791129156.7738,4960,1272,56281,306000000,1728000
1791129156.8239,4960,1272,56468,306000000,1728000
1791129156.8740,4960,1272,56187,306000000,1728000
1791129156.9241,4960,1272,56437,306000000,1728000
1791129156.9742,4960,1272,56281,306000000,1728000
1791129157.0243,4960,1272,56375,306000000,1728000
1791129157.0744,4960,1264,56250,306000000,1728000
1791129157.1245,4960,1264,56343,306000000,1728000
1791129157.1746,4960,1264,56468,306000000,1728000
1791129157.2247,4960,1264,56343,306000000,1728000
1791129157.2748,4960,1264,56375,306000000,1728000
1791129157.3249,4960,1264,56218,306000000,1728000
1791129157.3750,4960,1264,56281,306000000,1728000
1791129157.4251,4960,1264,56312,306000000,1728000
1791129157.4752,4960,1264,56281,306000000,1728000
1791129157.5252,4960,1264,56468,306000000,1728000
1791129157.5753,4960,1264,56281,306000000,1728000
1791129157.6254,4960,1264,56406,306000000,1728000
1791129157.6755,4960,1264,56343,306000000,1728000
1791129157.7256,4960,1264,56406,306000000,1728000
1791129157.7757,4960,1264,56218,306000000,1728000
1791129157.8257,4960,1264,56375,306000000,1728000
1791129157.8758,4960,1272,56312,306000000,1728000
1791129157.9259,4960,1288,56281,306000000,1728000
1791129157.9760,4960,1280,56156,306000000,1728000
1791129158.0261,4960,1280,56312,306000000,1728000
1791129158.0762,4960,1272,56375,306000000,1728000
1791129158.1263,4960,1272,56281,306000000,1728000
1791129158.1764,4960,1272,56406,306000000,1728000
1791129158.2264,4960,1272,56218,306000000,1728000
1791129158.2765,4960,1272,56250,306000000,1728000
1791129158.3266,4960,1272,56187,306000000,1728000
1791129158.3767,4960,1272,56343,306000000,1728000
1791129158.4268,4960,1280,56218,306000000,1728000
1791129158.4769,4960,1288,56312,306000000,1728000
1791129158.5270,4960,1280,56343,306000000,1728000
1791129158.5771,4960,1280,56218,306000000,1728000
1791129158.6271,4960,1280,56343,306000000,1728000
1791129158.6772,4960,1272,56187,306000000,1728000
1791129158.7273,4960,1272,56218,306000000,1728000
1791129158.7774,4960,1272,56218,306000000,1728000
1791129158.8275,4960,1272,56250,306000000,1728000
1791129158.8775,4960,1272,56187,306000000,1728000
1791129158.9276,4960,1264,56250,306000000,1728000
1791129158.9777,4960,1264,56406,306000000,1728000
1791129159.0278,4960,1280,56250,306000000,1728000
1791129159.0779,4960,1280,56406,306000000,1728000
1791129159.1280,4960,1280,56281,306000000,1728000
1791129159.1780,4960,1272,56218,306000000,1728000
1791129159.2281,4960,1264,56250,306000000,1728000
1791129159.2782,4960,1264,56343,306000000,1728000
1791129159.3283,4960,1256,56218,306000000,1728000
1791129159.3784,4960,1256,56343,306000000,1728000
1791129159.4284,4960,1264,56406,306000000,1728000
1791129159.4785,4960,1256,56218,306000000,1728000
1791129159.5286,4960,1264,56281,306000000,1728000
1791129159.5787,4960,1272,56125,306000000,1420800
1791129159.6288,4960,1272,56312,306000000,1728000
1791129159.6789,4960,1272,56218,306000000,1728000
1791129159.7290,4960,1272,56250,306000000,1728000
1791129159.7790,4960,1272,56156,306000000,1728000
1791129159.8291,4960,1272,56250,306000000,1728000
1791129159.8792,4960,1272,56375,306000000,1728000
1791129159.9293,4960,1272,56250,306000000,1728000
1791129159.9794,4960,1264,56375,306000000,1728000
1791129160.0294,4960,1264,56281,306000000,1728000
1791129160.0795,4960,1264,56281,306000000,1728000
1791129160.1296,4960,1272,56125,306000000,1344000
1791129160.1797,4960,1280,56343,306000000,1728000
1791129160.2298,4960,1280,56250,306000000,1728000
1791129160.2799,4960,1280,56281,306000000,1728000
1791129160.3300,4960,1272,56406,306000000,1728000
1791129160.3801,4960,1264,56218,306000000,1728000
1791129160.4302,4960,1264,56437,306000000,1728000
1791129160.4802,4960,1264,56281,306000000,1728000
1791129160.5303,4960,1264,56375,306000000,1728000
1791129160.5804,4960,1256,56218,306000000,1728000
1791129160.6305,4960,1256,56406,306000000,1728000
1791129160.6806,4960,1264,56281,306000000,1728000
1791129160.7307,4960,1272,56281,306000000,1728000
1791129160.7808,4960,1272,56468,306000000,1728000
1791129160.8309,4960,1272,56218,306000000,1728000
1791129160.8810,4960,1264,56343,306000000,1728000
1791129160.9311,4960,1264,56250,306000000,1728000
1791129160.9811,4960,1264,56343,306000000,1728000
1791129161.0312,4960,1264,56250,306000000,1728000
1791129161.0813,4960,1264,56406,306000000,1728000
1791129161.1314,4960,1264,56187,306000000,1420800
1791129161.1815,4960,1264,56343,306000000,1728000
1791129161.2316,4960,1272,56218,306000000,1728000
1791129161.2817,4960,1280,56250,306000000,1728000
1791129161.3318,4960,1280,56406,306000000,1728000
1791129161.3819,4960,1272,56125,306000000,1728000
1791129161.4319,4960,1272,56375,306000000,1728000
1791129161.4820,4960,1272,56218,306000000,1728000
1791129161.5321,4960,1272,56218,306000000,1728000
1791129161.5822,4960,1264,56156,306000000,1728000
1791129161.6323,4960,1264,56343,306000000,1728000
1791129161.6824,4960,1264,56218,306000000,1728000
1791129161.7324,4960,1264,56312,306000000,1728000
1791129161.7825,4960,1272,56406,306000000,1728000
1791129161.8326,4960,1280,56281,306000000,1728000
1791129161.8827,4960,1280,56375,306000000,1728000
1791129161.9328,4960,1272,56218,306000000,1728000
1791129161.9829,4960,1264,56281,306000000,1728000
1791129162.0330,4960,1264,56156,306000000,1728000
1791129162.0831,4960,1264,56375,306000000,1728000
1791129162.1332,4960,1256,56250,306000000,1728000
1791129162.1832,4960,1256,56187,306000000,1728000
1791129162.2333,4960,1256,56437,306000000,1728000
1791129162.2834,4960,1256,56250,306000000,1728000
1791129162.3335,4960,1264,56437,306000000,1267200
1791129162.3836,4960,1280,56156,306000000,1113600
1791129162.4337,4960,1272,56312,306000000,1728000
1791129162.4838,4960,1280,56187,306000000,1728000
1791129162.5339,4960,1272,56312,306000000,1728000
1791129162.5840,4960,1264,56187,306000000,1728000
1791129162.6341,4960,1272,56218,306000000,1728000
1791129162.6842,4960,1272,56468,306000000,1728000
1791129162.7342,4960,1264,56312,306000000,1728000
1791129162.7843,4960,1264,56437,306000000,1728000
1791129162.8344,4960,1264,56250,306000000,1728000
1791129162.8845,4960,1264,56281,306000000,1728000
1791129162.9346,4960,1280,56312,306000000,1728000
1791129162.9847,4960,1296,56406,306000000,1728000
1791129163.0348,4960,1304,56218,306000000,1728000
1791129163.0848,4960,1312,56187,306000000,1728000
1791129163.1349,4960,1312,56312,306000000,1728000
1791129163.1850,4960,1312,56250,306000000,1728000
1791129163.2351,4960,1312,56312,306000000,1728000
1791129163.2852,4960,1312,56250,306000000,1728000
1791129163.3353,4960,1304,56343,306000000,1728000
1791129163.3853,4960,1304,56250,306000000,1728000
1791129163.4354,4960,1296,56281,306000000,1728000
1791129163.4855,4960,1304,56187,306000000,1728000
1791129163.5356,4960,1304,56312,306000000,1728000
1791129163.5857,4960,1304,56156,306000000,1728000
1791129163.6358,4960,1296,56250,306000000,1728000
1791129163.6859,4960,1288,56343,306000000,1728000
1791129163.7360,4960,1288,56187,306000000,1728000
1791129163.7861,4960,1280,56343,306000000,1728000
1791129163.8362,4960,1280,56218,306000000,1728000
1791129163.8863,4960,1280,56281,306000000,1420800
1791129163.9364,4960,1280,56218,306000000,1728000
1791129163.9865,4960,1280,56218,306000000,1344000
1791129164.0366,4960,1288,56281,306000000,1267200
1791129164.0867,4960,1288,56281,306000000,1728000
1791129164.1368,4960,1288,56437,306000000,1344000
1791129164.1869,4960,1280,56187,306000000,1728000
1791129164.2370,4960,1288,56375,306000000,1728000
1791129164.2871,4960,1288,56218,306000000,1344000
1791129164.3372,4960,1280,56343,306000000,1728000
1791129164.3873,4960,1280,56312,306000000,1728000
1791129164.4374,4960,1272,56281,306000000,1728000
1791129164.4875,4960,1272,56093,306000000,1728000
1791129164.5376,4960,1272,56250,306000000,1728000
1791129164.5877,4960,1280,56437,306000000,1728000
1791129164.6378,4960,1288,56218,306000000,1728000
1791129164.6879,4960,1288,56343,306000000,1728000
1791129164.7380,4960,1288,56156,306000000,1728000
1791129164.7881,4960,1288,56343,306000000,1728000
1791129164.8382,4960,1288,56125,306000000,1728000
1791129164.8883,4960,1288,56343,306000000,1267200
1791129164.9384,4960,1280,56281,306000000,1728000
1791129164.9885,4960,1280,56218,306000000,1728000
1791129165.0386,4960,1280,56375,306000000,1728000
1791129165.0887,4960,1280,56156,306000000,1728000
1791129165.1388,4960,1280,56343,306000000,1728000
1791129165.1889,4960,1296,56250,306000000,1728000
1791129165.2389,4960,1296,56343,306000000,1728000
1791129165.2890,4960,1296,56250,306000000,1728000
1791129165.3391,4960,1296,56312,306000000,1728000
1791129165.3892,4960,1288,56125,306000000,1728000
1791129165.4393,4960,1288,56250,306000000,1728000
1791129165.4894,4960,1288,56187,306000000,1728000
1791129165.5395,4960,1280,56156,306000000,1728000
1791129165.5896,4960,1280,56406,306000000,1728000
1791129165.6397,4960,1280,56281,306000000,1728000
1791129165.6898,4960,1280,56375,306000000,1728000
1791129165.7399,4960,1296,56250,306000000,1728000
1791129165.7900,4960,1288,56375,306000000,1728000
1791129165.8401,4960,1288,56187,306000000,1728000
1791129165.8901,4960,1280,56218,306000000,1728000
1791129165.9402,4960,1272,56218,306000000,1728000
1791129165.9903,4960,1272,56218,306000000,1728000
1791129166.0404,4960,1264,56406,306000000,1728000
1791129166.0905,4960,1272,56218,306000000,1728000
1791129166.1405,4960,1272,56281,306000000,1728000
1791129166.1906,4960,1272,56187,306000000,1728000
1791129166.2407,4960,1272,56218,306000000,1728000
1791129166.2908,4960,1280,56156,306000000,1574400
1791129166.3409,4960,1280,56187,306000000,1728000
1791129166.3910,4960,1280,56156,306000000,1728000
1791129166.4411,4960,1280,56156,306000000,1728000
1791129166.4912,4960,1272,56343,306000000,1728000
1791129166.5413,4960,1272,56187,306000000,1728000
1791129166.5914,4960,1272,56281,306000000,1728000
1791129166.6415,4960,1272,56187,306000000,1728000
1791129166.6916,4960,1272,56250,306000000,1728000
1791129166.7416,4960,1264,56250,306000000,1728000
1791129166.7917,4960,1264,56312,306000000,1728000
1791129166.8418,4960,1280,56187,306000000,1728000
1791129166.8919,4960,1280,56250,306000000,1728000
1791129166.9420,4960,1280,56437,306000000,1728000
1791129166.9921,4960,1280,56093,306000000,1728000
1791129167.0422,4960,1280,56250,306000000,1728000
1791129167.0922,4960,1272,56156,306000000,1728000
1791129167.1423,4960,1272,56343,306000000,1728000
1791129167.1924,4960,1272,56156,306000000,1728000
1791129167.2425,4960,1272,56281,306000000,1728000
1791129167.2926,4960,1272,56218,306000000,1728000
1791129167.3427,4960,1272,56281,306000000,1728000
1791129167.3928,4960,1280,56437,306000000,1728000
1791129167.4429,4960,1288,56093,306000000,1728000
1791129167.4930,4960,1280,56312,306000000,1728000
1791129167.5431,4960,1280,56156,306000000,1728000
1791129167.5932,4960,1272,56250,306000000,1728000
1791129167.6432,4960,1272,56156,306000000,1728000
1791129167.6933,4960,1272,56250,306000000,1728000
1791129167.7434,4960,1272,56156,306000000,1728000
1791129167.7935,4960,1272,56250,306000000,1728000
1791129167.8436,4960,1264,56281,306000000,1728000
1791129167.8937,4960,1264,56281,306000000,1728000
1791129167.9437,4960,1272,56250,306000000,1344000
1791129167.9938,4960,1280,56218,306000000,1728000
1791129168.0439,4960,1272,56343,306000000,1728000
1791129168.0940,4960,1272,56156,306000000,1728000
1791129168.1441,4960,1272,56281,306000000,1728000
1791129168.1942,4960,1264,56125,306000000,1728000
1791129168.2443,4960,1264,56281,306000000,1728000
1791129168.2943,4960,1264,56406,306000000,1728000
1791129168.3444,4960,1264,56218,306000000,1728000
1791129168.3945,4960,1272,56312,306000000,1728000
1791129168.4446,4960,1272,56250,306000000,1728000
1791129168.4947,4960,1280,56343,306000000,1728000
1791129168.5448,4960,1280,56187,306000000,1728000
1791129168.5949,4960,1280,56250,306000000,1728000
1791129168.6450,4960,1280,56093,306000000,1728000
1791129168.6951,4960,1272,56218,306000000,1728000
1791129168.7451,4960,1272,56187,306000000,1728000
1791129168.7952,4960,1272,56218,306000000,1728000
1791129168.8453,4960,1272,56343,306000000,1728000
1791129168.8954,4960,1272,56125,306000000,1728000
1791129168.9455,4960,1272,56312,306000000,1728000
1791129168.9955,4960,1272,56187,306000000,1728000
1791129169.0456,4960,1272,56250,306000000,1728000
1791129169.0958,4960,1288,56125,306000000,1728000
1791129169.1458,4960,1288,56312,306000000,1728000
1791129169.1959,4960,1280,56062,306000000,1728000
1791129169.2460,4960,1280,56187,306000000,1728000
1791129169.2961,4960,1272,56375,306000000,1728000
1791129169.3462,4960,1272,56156,306000000,1728000
1791129169.3963,4960,1272,56281,306000000,1728000
1791129169.4464,4960,1272,56218,306000000,1728000
1791129169.4965,4960,1272,56375,306000000,1728000
1791129169.5466,4960,1272,56281,306000000,1728000
1791129169.5967,4960,1272,56281,306000000,1420800
1791129169.6468,4960,1280,56218,306000000,1728000
1791129169.6969,4960,1280,56187,306000000,1728000
1791129169.7470,4960,1280,56281,306000000,1728000
1791129169.7970,4960,1280,56250,306000000,1728000
1791129169.8471,4960,1280,56375,306000000,1728000
1791129169.8972,4960,1272,56156,306000000,1728000
1791129169.9473,4960,1272,56312,306000000,1728000
1791129169.9974,4960,1272,56218,306000000,1728000
1791129170.0475,4960,1272,56250,306000000,1728000
1791129170.0976,4960,1272,56250,306000000,1728000
1791129170.1477,4960,1272,56218,306000000,1728000
1791129170.1978,4960,1280,56375,306000000,1728000
1791129170.2479,4960,1280,56250,306000000,1728000
1791129170.2980,4960,1280,56281,306000000,1728000
1791129170.3480,4960,1280,56218,306000000,1728000
1791129170.3981,4960,1280,56375,306000000,1728000
1791129170.4482,4960,1280,56156,306000000,1728000
1791129170.4983,4960,1272,56281,306000000,1728000
1791129170.5484,4960,1272,56125,306000000,1728000
1791129170.5985,4960,1272,56343,306000000,1728000
1791129170.6486,4960,1272,56093,306000000,1728000
1791129170.6987,4960,1272,56218,306000000,1728000
1791129170.7488,4960,1280,56312,306000000,1728000
1791129170.7989,4960,1280,56187,306000000,1728000
1791129170.8490,4960,1280,56343,306000000,1728000
1791129170.8991,4960,1280,56156,306000000,1728000
1791129170.9492,4960,1280,56343,306000000,1728000
1791129170.9993,4960,1280,56156,306000000,1728000
1791129171.0493,4960,1280,56281,306000000,1728000
1791129171.0994,4960,1272,56187,306000000,1728000
1791129171.1495,4960,1272,56218,306000000,1728000
1791129171.1996,4960,1272,56375,306000000,1728000
1791129171.2497,4960,1272,56187,306000000,1728000
1791129171.2998,4960,1280,56218,306000000,1420800
1791129171.3499,4960,1280,56187,306000000,1728000
1791129171.4000,4960,1280,56343,306000000,1728000
1791129171.4501,4960,1280,56187,306000000,1728000
1791129171.5002,4960,1280,56281,306000000,1728000
1791129171.5503,4960,1280,56187,306000000,1728000
1791129171.6004,4960,1280,56156,306000000,1728000
1791129171.6505,4960,1280,56375,306000000,1728000
1791129171.7006,4960,1272,56218,306000000,1728000
1791129171.7507,4960,1272,56312,306000000,1728000
1791129171.8008,4960,1272,56125,306000000,1728000
1791129171.8509,4960,1280,56312,306000000,1728000
1791129171.9010,4960,1288,56156,306000000,1728000
1791129171.9510,4960,1288,56125,306000000,1728000
1791129172.0011,4960,1280,56093,306000000,1728000
1791129172.0512,4960,1280,56281,306000000,1728000
1791129172.1013,4960,1280,56281,306000000,1728000
1791129172.1514,4960,1272,56125,306000000,1728000
1791129172.2015,4960,1272,56312,306000000,1728000
1791129172.2515,4960,1272,56062,306000000,1728000
1791129172.3016,4960,1272,56218,306000000,1728000
1791129172.3517,4960,1272,56125,306000000,1728000
1791129172.4018,4960,1280,56250,306000000,1728000
1791129172.4519,4960,1288,56156,306000000,1728000
1791129172.5020,4960,1288,56187,306000000,1728000
1791129172.5521,4960,1280,56375,306000000,1728000
1791129172.6022,4960,1272,56187,306000000,1728000
1791129172.6523,4960,1272,56312,306000000,1728000
1791129172.7024,4960,1272,56156,306000000,1728000
1791129172.7524,4960,1272,56281,306000000,1728000
1791129172.8025,4960,1272,56062,306000000,1728000
1791129172.8526,4960,1264,56218,306000000,1728000
1791129172.9027,4960,1264,56125,306000000,1728000
1791129172.9528,4960,1272,56156,306000000,1420800
1791129173.0029,4960,1280,56093,306000000,1497600
1791129173.0530,4960,1280,56187,306000000,1728000
1791129173.1031,4960,1280,56343,306000000,1728000
1791129173.1531,4960,1272,56093,306000000,1728000
1791129173.2032,4960,1272,56375,306000000,1728000
1791129173.2533,4960,1280,56156,306000000,1728000
1791129173.3034,4960,1280,56218,306000000,1728000
1791129173.3535,4960,1272,56156,306000000,1728000
1791129173.4036,4960,1272,56218,306000000,1728000
1791129173.4537,4960,1264,56093,306000000,1728000
1791129173.5038,4960,1264,56250,306000000,1344000
1791129173.5539,4960,1280,56375,306000000,1728000
1791129173.6040,4960,1280,56218,306000000,1728000
1791129173.6540,4960,1280,56312,306000000,1728000
1791129173.7041,4960,1272,56218,306000000,1728000
1791129173.7542,4960,1272,56156,306000000,1728000
1791129173.8043,4960,1264,56093,306000000,1728000
1791129173.8544,4960,1264,56218,306000000,1728000
1791129173.9045,4960,1272,56125,306000000,1728000
1791129173.9546,4960,1272,56125,306000000,1728000
1791129174.0047,4960,1264,56281,306000000,1728000
1791129174.0548,4960,1264,56156,306000000,1728000
1791129174.1049,4960,1272,56343,306000000,1728000
1791129174.1550,4960,1280,56125,306000000,1728000
1791129174.2051,4960,1280,56218,306000000,1728000
1791129174.2552,4960,1280,56093,306000000,1728000
1791129174.3052,4960,1280,56281,306000000,1728000
1791129174.3553,4960,1272,56093,306000000,1728000
1791129174.4054,4960,1272,56281,306000000,1728000
1791129174.4555,4960,1272,56375,306000000,1728000
1791129174.5056,4960,1272,56187,306000000,1728000
1791129174.5557,4960,1272,56218,306000000,1728000
1791129174.6058,4960,1272,56218,306000000,1728000
1791129174.6559,4960,1280,56281,306000000,1728000
1791129174.7060,4960,1288,56125,306000000,1728000
1791129174.7561,4960,1280,56187,306000000,1728000
1791129174.8062,4960,1280,56250,306000000,1728000
1791129174.8563,4960,1272,56125,306000000,1728000
1791129174.9063,4960,1272,56343,306000000,1728000
1791129174.9564,4960,1272,56156,306000000,1728000
1791129175.0065,4960,1272,56312,306000000,1728000
1791129175.0566,4960,1272,56156,306000000,1728000
1791129175.1067,4960,1264,56343,306000000,1728000
1791129175.1568,4960,1264,56156,306000000,1728000
1791129175.2069,4960,1272,56281,306000000,1420800
1791129175.2570,4960,1280,56187,306000000,1728000
1791129175.3071,4960,1280,56250,306000000,1728000
1791129175.3571,4960,1280,56343,306000000,1728000
1791129175.4072,4960,1280,56250,306000000,1728000
1791129175.4573,4960,1272,56250,306000000,1728000
1791129175.5074,4960,1272,56187,306000000,1728000
1791129175.5575,4960,1272,56281,306000000,1728000
1791129175.6076,4960,1272,56093,306000000,1728000
1791129175.6577,4960,1272,56218,306000000,1728000
1791129175.7078,4960,1272,56125,306000000,1728000
1791129175.7579,4960,1272,56187,306000000,1344000
1791129175.8080,4960,1280,56156,306000000,1728000
1791129175.8581,4960,1280,56250,306000000,1728000
1791129175.9082,4960,1280,56218,306000000,1728000
1791129175.9582,4960,1272,56218,306000000,1728000
1791129176.0083,4960,1272,56250,306000000,1728000
1791129176.0584,4960,1272,56187,306000000,1728000
1791129176.1085,4960,1264,56250,306000000,1728000
1791129176.1586,4960,1264,56093,306000000,1728000
1791129176.2087,4960,1264,56218,306000000,1728000
1791129176.2588,4960,1264,56187,306000000,1728000
1791129176.3088,4960,1264,56187,306000000,1728000
1791129176.3590,4960,1272,56312,306000000,1728000
1791129176.4090,4960,1272,56156,306000000,1728000
1791129176.4591,4960,1272,56250,306000000,1728000
1791129176.5092,4960,1272,56125,306000000,1728000
1791129176.5594,4960,1272,56125,306000000,1728000
1791129176.6095,4960,1272,56093,306000000,1728000
1791129176.6595,4960,1264,56187,306000000,1728000
1791129176.7096,4960,1264,56125,306000000,1728000
1791129176.7597,4960,1272,56187,306000000,1728000
1791129176.8098,4960,1264,56250,306000000,1728000
1791129176.8599,4960,1264,56218,306000000,1728000
1791129176.9100,4960,1296,56312,306000000,1728000
1791129176.9601,4960,1304,56062,306000000,1728000
1791129177.0104,4960,1312,56312,306000000,1728000
1791129177.0605,4960,1312,56187,306000000,1728000
1791129177.1106,4960,1320,56187,306000000,1728000
1791129177.1607,4960,1320,56125,306000000,1728000
1791129177.2108,4960,1312,56218,306000000,1728000
1791129177.2609,4960,1304,56375,306000000,1728000
1791129177.3109,4960,1304,56156,306000000,1728000
1791129177.3610,4960,1296,56281,306000000,1728000
1791129177.4111,4960,1296,56187,306000000,1728000
1791129177.4612,4960,1304,56250,306000000,1728000
1791129177.5113,4960,1304,56093,306000000,1728000
1791129177.5614,4960,1304,56218,306000000,1728000
1791129177.6115,4960,1296,56093,306000000,1728000
1791129177.6616,4960,1296,56125,306000000,1728000
1791129177.7117,4960,1288,56093,306000000,1728000
1791129177.7618,4960,1288,56125,306000000,1728000
1791129177.8118,4960,1280,56218,306000000,1728000
1791129177.8619,4960,1280,56093,306000000,1728000
1791129177.9120,4960,1280,56343,306000000,1728000
1791129177.9621,4960,1280,56093,306000000,1728000
1791129178.0122,4960,1288,56125,306000000,1344000
1791129178.0623,4960,1296,56125,306000000,1728000
1791129178.1124,4960,1288,56218,306000000,1728000
1791129178.1625,4960,1280,56062,306000000,1728000
1791129178.2125,4960,1280,56156,306000000,1728000
1791129178.2626,4960,1272,56281,306000000,1728000
1791129178.3127,4960,1272,56093,306000000,1728000
1791129178.3628,4960,1272,56312,306000000,1728000
1791129178.4129,4960,1272,56187,306000000,1728000
1791129178.4629,4960,1272,56187,306000000,1728000
1791129178.5130,4960,1272,56062,306000000,1728000
1791129178.5631,4960,1280,56218,306000000,1420800
1791129178.6132,4960,1288,56062,306000000,1728000
1791129178.6633,4960,1280,56093,306000000,1728000
1791129178.7134,4960,1280,56343,306000000,1728000
1791129178.7634,4960,1280,56156,306000000,1728000
1791129178.8135,4960,1280,56187,306000000,1728000
1791129178.8636,4960,1272,56093,306000000,1728000
1791129178.9137,4960,1280,56125,306000000,1728000
1791129178.9638,4960,1280,56156,306000000,1728000
1791129179.0139,4960,1272,56250,306000000,1728000
1791129179.0639,4960,1264,56093,306000000,1728000
1791129179.1140,4960,1272,56125,306000000,1728000
1791129179.1641,4960,1280,56281,306000000,1728000
1791129179.2142,4960,1280,56156,306000000,1728000
1791129179.2643,4960,1280,56250,306000000,1728000
1791129179.3144,4960,1280,56093,306000000,1728000
1791129179.3644,4960,1280,56156,306000000,1728000
1791129179.4145,4960,1272,56093,306000000,1728000
1791129179.4646,4960,1272,56125,306000000,1728000
1791129179.5147,4960,1272,56062,306000000,1728000
1791129179.5648,4960,1272,56156,306000000,1728000
1791129179.6152,4960,1272,56093,306000000,1728000
1791129179.6653,4960,1272,56031,306000000,1728000
1791129179.7154,4960,1288,56250,306000000,1728000
1791129179.7655,4960,1288,56062,306000000,1728000
1791129179.8155,4960,1280,56187,306000000,1728000
1791129179.8656,4960,1280,56062,306000000,1728000
1791129179.9157,4960,1280,56218,306000000,1728000
1791129179.9658,4960,1272,56125,306000000,1728000
1791129180.0159,4960,1272,56218,306000000,1728000
1791129180.0660,4960,1272,56125,306000000,1728000
1791129180.1161,4960,1272,56125,306000000,1728000
1791129180.1662,4960,1272,56312,306000000,1728000
1791129180.2163,4960,1272,56218,306000000,1728000
1791129180.2664,4960,1280,56250,306000000,1728000
1791129180.3165,4960,1280,56125,306000000,1728000
1791129180.3666,4960,1280,56156,306000000,1728000
1791129180.4166,4960,1280,56093,306000000,1728000
1791129180.4667,4960,1280,56156,306000000,1728000
1791129180.5168,4960,1280,56187,306000000,1728000
1791129180.5669,4960,1272,56093,306000000,1728000
1791129180.6170,4960,1272,56218,306000000,1728000
1791129180.6671,4960,1272,56093,306000000,1728000
1791129180.7171,4960,1272,56281,306000000,1728000
1791129180.7672,4960,1264,56031,306000000,1728000
1791129180.8174,4960,1280,56125,306000000,1728000
1791129180.8675,4960,1280,56093,306000000,1728000
1791129180.9176,4960,1280,56125,306000000,1728000
1791129180.9676,4960,1280,56031,306000000,1728000
1791129181.0177,4960,1280,56125,306000000,1728000
1791129181.0678,4960,1272,56250,306000000,1728000
1791129181.1179,4960,1272,56093,306000000,1728000
1791129181.1680,4960,1272,56218,306000000,1728000
1791129181.2181,4960,1272,56031,306000000,1728000
1791129181.2681,4960,1272,56125,306000000,1728000
1791129181.3182,4960,1272,56062,306000000,1728000
1791129181.3683,4960,1280,56156,306000000,1728000
1791129181.4184,4960,1288,56093,306000000,1728000
1791129181.4685,4960,1288,56125,306000000,1728000
1791129181.5186,4960,1280,56250,306000000,1728000
1791129181.5687,4960,1272,56125,306000000,1728000
1791129181.6188,4960,1280,56250,306000000,1728000
1791129181.6689,4960,1280,56125,306000000,1728000
1791129181.7190,4960,1280,56187,306000000,1728000
1791129181.7691,4960,1280,56093,306000000,1728000
1791129181.8191,4960,1280,56218,306000000,1728000
1791129181.8692,4960,1280,56062,306000000,1728000
1791129181.9193,4960,1280,56156,306000000,1344000
1791129181.9694,4960,1288,56125,306000000,1728000
1791129182.0195,4960,1280,56093,306000000,1728000
1791129182.0696,4960,1280,56281,306000000,1728000
1791129182.1197,4960,1280,56218,306000000,1728000
1791129182.1698,4960,1280,56218,306000000,1728000
1791129182.2199,4960,1280,56000,306000000,1728000
1791129182.2700,4960,1272,56156,306000000,1728000
1791129182.3201,4960,1264,56187,306000000,1728000
1791129182.3701,4960,1264,56031,306000000,1728000
1791129182.4202,4960,1264,56281,306000000,1728000
1791129182.4703,4960,1272,56062,306000000,1728000
1791129182.5204,4960,1280,56375,306000000,1728000
1791129182.5705,4960,1280,56187,306000000,1728000
1791129182.6206,4960,1280,56218,306000000,1728000
1791129182.6707,4960,1272,56093,306000000,1728000
1791129182.7208,4960,1264,56093,306000000,1728000
1791129182.7709,4960,1264,56156,306000000,1728000
1791129182.8210,4960,1264,56093,306000000,1728000
1791129182.8710,4960,1264,56093,306000000,1728000
1791129182.9211,4960,1264,56093,306000000,1728000
1791129182.9712,4960,1256,56250,306000000,1728000
1791129183.0213,4960,1264,56062,306000000,1420800
1791129183.0714,4960,1272,56250,306000000,1728000
1791129183.1215,4960,1272,56031,306000000,1728000
1791129183.1716,4960,1272,56156,306000000,1728000
1791129183.2217,4960,1280,56125,306000000,1728000
1791129183.2717,4960,1272,56125,306000000,1728000
1791129183.3218,4960,1272,56062,306000000,1728000
1791129183.3719,4960,1272,56062,306000000,1728000
1791129183.4220,4960,1264,56312,306000000,1728000
1791129183.4721,4960,1264,56093,306000000,1728000
1791129183.5221,4960,1272,56250,306000000,1728000
1791129183.5722,4960,1272,56125,306000000,1728000
1791129183.6223,4960,1280,56156,306000000,1728000
1791129183.6724,4960,1288,56093,306000000,1728000
1791129183.7225,4960,1280,56125,306000000,1728000
1791129183.7726,4960,1272,56125,306000000,1728000
1791129183.8227,4960,1272,56093,306000000,1728000
1791129183.8728,4960,1272,56062,306000000,1728000
1791129183.9229,4960,1272,56062,306000000,1728000
1791129183.9730,4960,1264,56218,306000000,1728000
1791129184.0231,4960,1272,56062,306000000,1728000
1791129184.0731,4960,1272,56062,306000000,1728000
1791129184.1232,4960,1272,56031,306000000,1728000
1791129184.1733,4960,1280,56187,306000000,1420800
1791129184.2234,4960,1280,56093,306000000,1728000
1791129184.2735,4960,1280,56156,306000000,1728000
1791129184.3236,4960,1280,56218,306000000,1728000
1791129184.3737,4960,1272,56093,306000000,1728000
1791129184.4238,4960,1272,56156,306000000,1728000
1791129184.4739,4960,1272,56062,306000000,1728000
1791129184.5239,4960,1272,56125,306000000,1728000
1791129184.5740,4960,1272,56031,306000000,1728000
1791129184.6241,4960,1272,56093,306000000,1728000
1791129184.6742,4960,1272,56031,306000000,1728000
1791129184.7243,4960,1280,56218,306000000,1728000
1791129184.7744,4960,1288,56093,306000000,1728000
1791129184.8245,4960,1280,56031,306000000,1728000
1791129184.8746,4960,1280,56156,306000000,1728000
1791129184.9246,4960,1272,56093,306000000,1728000
1791129184.9747,4960,1272,56093,306000000,1728000
1791129185.0248,4960,1272,56031,306000000,1728000
1791129185.0749,4960,1272,56093,306000000,1728000
1791129185.1250,4960,1272,56031,306000000,1728000
1791129185.1751,4960,1272,56125,306000000,1728000
1791129185.2251,4960,1272,56218,306000000,1728000
1791129185.2752,4960,1280,56031,306000000,1728000
1791129185.3253,4960,1280,56250,306000000,1728000
1791129185.3754,4960,1280,56031,306000000,1728000
1791129185.4255,4960,1280,56187,306000000,1728000
1791129185.4756,4960,1280,56093,306000000,1728000
1791129185.5257,4960,1272,56093,306000000,1728000
1791129185.5758,4960,1272,56031,306000000,1728000
1791129185.6259,4960,1264,56187,306000000,1728000
1791129185.6760,4960,1264,56062,306000000,1728000
1791129185.7261,4960,1272,56031,306000000,1728000
1791129185.7762,4960,1272,56281,306000000,1728000
1791129185.8263,4960,1272,56062,306000000,1728000
1791129185.8764,4960,1288,56250,306000000,1728000
1791129185.9265,4960,1288,56062,306000000,1728000
1791129185.9766,4960,1288,56093,306000000,1728000
1791129186.0267,4960,1288,56031,306000000,1728000
1791129186.0767,4960,1280,56125,306000000,1728000
1791129186.1268,4960,1272,56031,306000000,1728000
1791129186.1769,4960,1272,56218,306000000,1728000
1791129186.2270,4960,1272,56187,306000000,1728000
1791129186.2771,4960,1272,56093,306000000,1728000
1791129186.3271,4960,1264,56156,306000000,1728000
1791129186.3772,4960,1272,56125,306000000,1267200
1791129186.4273,4960,1280,56156,306000000,1497600
1791129186.4774,4960,1272,56031,306000000,1728000
1791129186.5275,4960,1272,56093,306000000,1728000
1791129186.5776,4960,1272,56031,306000000,1728000
1791129186.6277,4960,1272,56062,306000000,1728000
1791129186.6779,4960,1272,56187,306000000,1344000
1791129186.7279,4960,1264,56093,306000000,1728000
1791129186.7780,4960,1264,56250,306000000,1728000
1791129186.8281,4960,1272,56031,306000000,1728000
1791129186.8782,4960,1272,56250,306000000,1113600
1791129186.9283,4960,1264,56156,306000000,1728000
1791129186.9784,4960,1280,56156,306000000,1728000
1791129187.0285,4960,1280,56031,306000000,1728000
1791129187.0786,4960,1280,56093,306000000,1190400
1791129187.1287,4960,1280,56062,306000000,1728000
1791129187.1788,4960,1272,56093,306000000,1728000
1791129187.2289,4960,1272,56187,306000000,1728000
1791129187.2791,4960,1272,56062,306000000,1420800
1791129187.3292,4960,1264,56187,306000000,1728000
1791129187.3792,4960,1264,56031,306000000,1728000
1791129187.4293,4960,1264,56093,306000000,1728000
1791129187.4794,4960,1264,56031,306000000,1728000
1791129187.5295,4960,1272,56125,306000000,1728000
1791129187.5796,4960,1280,56031,306000000,1728000
1791129187.6298,4960,1280,56125,306000000,1728000
1791129187.6798,4960,1280,56187,306000000,1728000
1791129187.7299,4960,1280,56031,306000000,1728000
1791129187.7800,4960,1280,56218,306000000,1728000
1791129187.8301,4960,1280,56093,306000000,1728000
1791129187.8802,4960,1272,56093,306000000,1728000
1791129187.9303,4960,1272,56031,306000000,1728000
1791129187.9804,4960,1280,56031,306000000,1728000
1791129188.0304,4960,1272,56062,306000000,1728000
1791129188.0805,4960,1280,56093,306000000,1728000
1791129188.1306,4960,1280,56281,306000000,1728000
1791129188.1807,4960,1280,56062,306000000,1728000
1791129188.2308,4960,1280,56125,306000000,1728000
1791129188.2809,4960,1280,56031,306000000,1728000
1791129188.3310,4960,1280,56093,306000000,1728000
1791129188.3810,4960,1280,56000,306000000,1728000
1791129188.4311,4960,1280,56093,306000000,1728000
1791129188.4812,4960,1272,56031,306000000,1728000
1791129188.5313,4960,1272,56031,306000000,1728000
1791129188.5814,4960,1272,56250,306000000,1728000
1791129188.6314,4960,1280,56062,306000000,1728000
1791129188.6815,4960,1288,56218,306000000,1728000
1791129188.7316,4960,1280,56093,306000000,1728000
1791129188.7817,4960,1280,56093,306000000,1728000
1791129188.8318,4960,1280,56031,306000000,1728000
1791129188.8819,4960,1280,56031,306000000,1728000
1791129188.9320,4960,1272,56062,306000000,1728000
1791129188.9821,4960,1272,56125,306000000,1728000
1791129189.0321,4960,1272,56156,306000000,1728000
1791129189.0822,4960,1272,56062,306000000,1728000
1791129189.1323,4960,1272,56187,306000000,1728000
1791129189.1824,4960,1280,56062,306000000,1728000
1791129189.2325,4960,1280,56156,306000000,1728000
1791129189.2826,4960,1272,56000,306000000,1728000
1791129189.3327,4960,1272,56187,306000000,1728000
1791129189.3828,4960,1272,56062,306000000,1728000
1791129189.4328,4960,1280,56125,306000000,1728000
1791129189.4829,4960,1272,56250,306000000,1728000
1791129189.5330,4960,1272,56031,306000000,1728000
1791129189.5831,4960,1280,56187,306000000,1728000
1791129189.6332,4960,1280,56125,306000000,1728000
1791129189.6833,4960,1272,56125,306000000,1728000
1791129189.7334,4960,1272,56093,306000000,1420800
1791129189.7835,4960,1280,56093,306000000,1728000
1791129189.8336,4960,1280,56031,306000000,1728000
1791129189.8837,4960,1288,56062,306000000,1728000
1791129189.9337,4960,1288,56093,306000000,1728000
1791129189.9838,4960,1280,56031,306000000,1728000
1791129190.0339,4960,1280,56187,306000000,1728000
1791129190.0840,4960,1280,56062,306000000,1728000
1791129190.1341,4960,1280,56218,306000000,1728000
1791129190.1842,4960,1280,56031,306000000,1728000
1791129190.2343,4960,1272,56125,306000000,1728000
1791129190.2844,4960,1272,56031,306000000,1728000
1791129190.3345,4960,1288,56125,306000000,1728000
1791129190.3846,4960,1288,56062,306000000,1728000
1791129190.4347,4960,1288,56125,306000000,1728000
1791129190.4848,4960,1280,56218,306000000,1728000
1791129190.5349,4960,1280,56062,306000000,1728000
1791129190.5850,4960,1272,56125,306000000,1728000
1791129190.6351,4960,1272,56031,306000000,1728000
1791129190.6852,4960,1272,56156,306000000,1728000
1791129190.7353,4960,1272,56000,306000000,1728000
1791129190.7853,4960,1272,56093,306000000,1728000
1791129190.8354,4960,1272,56031,306000000,1728000
1791129190.8855,4960,1280,56062,306000000,1420800
1791129190.9356,4960,1280,56156,306000000,1728000
1791129190.9857,4960,1280,56031,306000000,1728000
1791129191.0358,4960,1280,56218,306000000,1728000
1791129191.0859,4960,1280,56031,306000000,1728000
1791129191.1360,4960,1280,56093,306000000,1728000
1791129191.1860,4960,1280,56031,306000000,1728000
1791129191.2361,4960,1272,56062,306000000,1728000
1791129191.2862,4960,1272,56062,306000000,1728000
1791129191.3363,4960,1272,56093,306000000,1728000
1791129191.3864,4960,1272,56250,306000000,1728000
1791129191.4365,4960,1280,56093,306000000,1574400
1791129191.4866,4960,1280,56187,306000000,1728000
1791129191.5367,4960,1280,56031,306000000,1728000
1791129191.5868,4960,1280,56031,306000000,1728000
1791129191.6368,4960,1272,56031,306000000,1728000
1791129191.6869,4960,1272,56093,306000000,1728000
1791129191.7370,4960,1272,55968,306000000,1728000
1791129191.7871,4960,1264,56062,306000000,1728000
1791129191.8372,4960,1264,56218,306000000,1728000
1791129191.8873,4960,1264,56093,306000000,1728000
1791129191.9374,4960,1264,56125,306000000,1728000
1791129191.9875,4960,1272,56031,306000000,1728000
1791129192.0376,4960,1280,56093,306000000,1728000
1791129192.0877,4960,1272,56062,306000000,1728000
1791129192.1378,4960,1264,56093,306000000,1728000
1791129192.1879,4960,1264,56031,306000000,1728000
1791129192.2379,4960,1264,56125,306000000,1728000
1791129192.2880,4960,1264,56281,306000000,1728000
1791129192.3381,4960,1264,56031,306000000,1728000
1791129192.3882,4960,1264,56093,306000000,1728000
1791129192.4383,4960,1264,56000,306000000,1728000
1791129192.4884,4960,1264,56218,306000000,1728000
1791129192.5385,4960,1264,56031,306000000,1728000
1791129192.5886,4960,1280,56062,306000000,1728000
1791129192.6387,4960,1272,56000,306000000,1728000
1791129192.6888,4960,1272,56031,306000000,1728000
1791129192.7388,4960,1272,56000,306000000,1728000
1791129192.7889,4960,1272,56000,306000000,1728000
1791129192.8390,4960,1272,56125,306000000,1728000
1791129192.8891,4960,1264,56000,306000000,1728000
1791129192.9392,4960,1264,56156,306000000,1728000
1791129192.9892,4960,1272,56031,306000000,1728000
1791129193.0393,4960,1272,56031,306000000,1728000
1791129193.0894,4960,1272,56031,306000000,1728000
1791129193.1395,4960,1280,56031,306000000,1497600
1791129193.1896,4960,1280,55937,306000000,1728000
1791129193.2397,4960,1272,56000,306000000,1728000
1791129193.2898,4960,1272,56156,306000000,1728000
1791129193.3399,4960,1272,56031,306000000,1728000
1791129193.3900,4960,1272,56125,306000000,1728000
1791129193.4401,4960,1272,56031,306000000,1728000
1791129193.4902,4960,1272,56031,306000000,1728000
1791129193.5402,4960,1264,56031,306000000,1728000
1791129193.5903,4960,1264,56031,306000000,1728000
1791129193.6404,4960,1264,56000,306000000,1728000
1791129193.6905,4960,1280,56031,306000000,1728000
1791129193.7406,4960,1280,56031,306000000,1728000
1791129193.7907,4960,1280,56031,306000000,1728000
1791129193.8408,4960,1272,56125,306000000,1728000
1791129193.8909,4960,1272,56031,306000000,1728000
1791129193.9409,4960,1272,56031,306000000,1728000
1791129193.9911,4960,1272,55968,306000000,1728000
1791129194.0412,4960,1272,56031,306000000,1728000
1791129194.0912,4960,1264,56000,306000000,1728000
1791129194.1413,4960,1280,56031,306000000,1728000
1791129194.1914,4960,1288,56125,306000000,1728000
1791129194.2415,4960,1304,55968,306000000,1728000
1791129194.2916,4960,1312,56156,306000000,1728000
1791129194.3417,4960,1320,56031,306000000,1728000
1791129194.3918,4960,1320,56062,306000000,1728000
1791129194.4419,4960,1320,56031,306000000,1728000
1791129194.4920,4960,1312,56000,306000000,1728000
1791129194.5420,4960,1312,56000,306000000,1728000
1791129194.5921,4960,1312,56062,306000000,1728000
1791129194.6422,4960,1312,56093,306000000,1728000
1791129194.6923,4960,1304,56000,306000000,1728000
1791129194.7424,4960,1296,56093,306000000,1728000
1791129194.7924,4960,1296,56031,306000000,1728000
1791129194.8426,4960,1304,56062,306000000,1728000
1791129194.8927,4960,1296,56000,306000000,1728000
1791129194.9427,4960,1296,56031,306000000,1728000
1791129194.9928,4960,1296,55937,306000000,1728000
1791129195.0429,4960,1296,56062,306000000,1728000
1791129195.0930,4960,1288,56093,306000000,1728000
1791129195.1431,4960,1288,55968,306000000,1728000
1791129195.1932,4960,1288,56125,306000000,1728000
1791129195.2433,4960,1280,56031,306000000,1728000
1791129195.2933,4960,1272,56062,306000000,1728000
1791129195.3434,4960,1280,55937,306000000,1420800
1791129195.3936,4960,1288,56000,306000000,1728000
1791129195.4436,4960,1288,56031,306000000,1728000
1791129195.4937,4960,1288,56125,306000000,1728000
1791129195.5438,4960,1288,56000,306000000,1728000
1791129195.5939,4960,1280,56000,306000000,1728000
1791129195.6440,4960,1272,56031,306000000,1728000
1791129195.6941,4960,1272,56000,306000000,1728000
1791129195.7442,4960,1272,56031,306000000,1728000
1791129195.7942,4960,1272,56000,306000000,1728000
1791129195.8443,4960,1272,56031,306000000,1728000
1791129195.8944,4960,1272,56000,306000000,1728000
1791129195.9445,4960,1288,56000,306000000,1344000
1791129195.9946,4960,1280,55968,306000000,1728000
1791129196.0447,4960,1272,56000,306000000,1728000
1791129196.0948,4960,1272,56062,306000000,1728000
1791129196.1449,4960,1280,56000,306000000,1728000
1791129196.1950,4960,1280,56125,306000000,1728000
1791129196.2451,4960,1272,55968,306000000,1728000
1791129196.2951,4960,1272,56062,306000000,1728000
1791129196.3452,4960,1264,56031,306000000,1728000
1791129196.3953,4960,1264,56062,306000000,1728000
1791129196.4454,4960,1264,55968,306000000,1728000
1791129196.4955,4960,1280,56062,306000000,1497600
1791129196.5456,4960,1280,56218,306000000,1728000
1791129196.5957,4960,1280,56031,306000000,1728000
1791129196.6458,4960,1272,56156,306000000,1728000
1791129196.6958,4960,1264,56000,306000000,1728000
1791129196.7459,4960,1272,56125,306000000,1728000
1791129196.7960,4960,1264,55968,306000000,1728000
1791129196.8461,4960,1272,56093,306000000,1728000
1791129196.8962,4960,1264,55968,306000000,1728000
1791129196.9463,4960,1264,56031,306000000,1728000
1791129196.9963,4960,1264,56062,306000000,1728000
1791129197.0464,4960,1280,56031,306000000,1728000
1791129197.0965,4960,1288,56125,306000000,1728000
1791129197.1466,4960,1280,55968,306000000,1728000
1791129197.1967,4960,1288,56062,306000000,1728000
1791129197.2468,4960,1288,56000,306000000,1728000
1791129197.2969,4960,1280,56093,306000000,1728000
1791129197.3470,4960,1280,55937,306000000,1728000
1791129197.3970,4960,1280,56031,306000000,1728000
1791129197.4471,4960,1272,56125,306000000,1728000
1791129197.4972,4960,1272,56062,306000000,1728000
1791129197.5473,4960,1272,56156,306000000,1728000
1791129197.5974,4960,1280,56000,306000000,1728000
1791129197.6475,4960,1280,56156,306000000,1728000
1791129197.6976,4960,1280,55968,306000000,1728000
1791129197.7477,4960,1280,56093,306000000,1728000
1791129197.7978,4960,1272,55937,306000000,1728000
1791129197.8479,4960,1272,56031,306000000,1728000
1791129197.8979,4960,1272,56156,306000000,1728000
1791129197.9480,4960,1272,56031,306000000,1728000
1791129197.9981,4960,1272,56125,306000000,1728000
1791129198.0482,4960,1272,56031,306000000,1728000
1791129198.0983,4960,1264,56031,306000000,1728000
1791129198.1484,4960,1272,56000,306000000,1420800
1791129198.1985,4960,1280,56031,306000000,1728000
1791129198.2486,4960,1280,55968,306000000,1728000
1791129198.2986,4960,1280,56000,306000000,1728000
1791129198.3487,4960,1272,55968,306000000,1728000
1791129198.3988,4960,1280,55968,306000000,1728000
1791129198.4489,4960,1272,56062,306000000,1728000
1791129198.4990,4960,1272,56031,306000000,1728000
1791129198.5491,4960,1272,56156,306000000,1728000
1791129198.5992,4960,1272,55906,306000000,1728000
1791129198.6493,4960,1272,56031,306000000,1728000
1791129198.6994,4960,1280,56000,306000000,1344000
1791129198.7495,4960,1288,56000,306000000,1728000
1791129198.7995,4960,1280,55968,306000000,1728000
1791129198.8496,4960,1272,56000,306000000,1728000
1791129198.8997,4960,1272,56000,306000000,1728000
1791129198.9498,4960,1272,55968,306000000,1728000
1791129198.9999,4960,1272,56093,306000000,1728000
1791129199.0500,4960,1272,55968,306000000,1728000
1791129199.1001,4960,1272,56031,306000000,1728000
1791129199.1502,4960,1264,56000,306000000,1728000
1791129199.2003,4960,1264,56031,306000000,1728000
1791129199.2504,4960,1264,55937,306000000,1344000
1791129199.3005,4960,1272,56031,306000000,1728000
1791129199.3506,4960,1272,56093,306000000,1728000
1791129199.4006,4960,1272,55843,306000000,1728000
1791129199.4507,4960,1264,56125,306000000,1728000
1791129199.5008,4960,1264,55937,306000000,1728000
1791129199.5509,4960,1264,56000,306000000,1728000
1791129199.6010,4960,1264,56000,306000000,1728000
1791129199.6511,4960,1264,56031,306000000,1728000
1791129199.7012,4960,1264,55968,306000000,1728000
1791129199.7512,4960,1264,56062,306000000,1728000
1791129199.8013,4960,1264,56125,306000000,1728000
1791129199.8514,4960,1272,55875,306000000,1728000
1791129199.9015,4960,1272,56062,306000000,1728000
1791129199.9516,4960,1272,56000,306000000,1728000
1791129200.0017,4960,1272,56031,306000000,1728000
1791129200.0518,4960,1264,55937,306000000,1728000
1791129200.1019,4960,1264,55937,306000000,1728000
1791129200.1520,4960,1264,56031,306000000,1728000
1791129200.2020,4960,1264,56000,306000000,1728000
1791129200.2521,4960,1264,56125,306000000,1728000
1791129200.3022,4960,1264,55968,306000000,1728000
1791129200.3523,4960,1264,56156,306000000,1728000
1791129200.4024,4960,1272,55968,306000000,1728000
1791129200.4525,4960,1272,56062,306000000,1728000
1791129200.5026,4960,1272,55937,306000000,1728000
1791129200.5526,4960,1264,56031,306000000,1728000
1791129200.6027,4960,1264,55937,306000000,1728000
1791129200.6528,4960,1264,55968,306000000,1728000
1791129200.7029,4960,1264,55812,306000000,1728000
1791129200.7530,4960,1264,56031,306000000,1728000
1791129200.8031,4960,1264,56031,306000000,1728000
1791129200.8531,4960,1256,55906,306000000,1728000
1791129200.9032,4960,1256,56093,306000000,1728000
1791129200.9533,4960,1264,55906,306000000,1728000
1791129201.0034,4960,1272,56031,306000000,1728000
1791129201.0535,4960,1272,55968,306000000,1728000
1791129201.1036,4960,1272,56000,306000000,1728000
1791129201.1537,4960,1272,55906,306000000,1728000
1791129201.2038,4960,1272,55968,306000000,1728000
1791129201.2538,4960,1264,56093,306000000,1728000
1791129201.3039,4960,1264,55906,306000000,1728000
1791129201.3540,4960,1264,56062,306000000,1728000
1791129201.4041,4960,1264,55937,306000000,1728000
1791129201.4541,4960,1264,56031,306000000,1728000
1791129201.5042,4960,1264,55937,306000000,1728000
1791129201.5543,4960,1280,56031,306000000,1728000
1791129201.6044,4960,1272,56000,306000000,1728000
1791129201.6545,4960,1264,55968,306000000,1728000
1791129201.7046,4960,1264,56062,306000000,1728000
1791129201.7547,4960,1264,55968,306000000,1728000
1791129201.8048,4960,1264,56000,306000000,1728000
1791129201.8548,4960,1264,56000,306000000,1728000
1791129201.9049,4960,1264,56031,306000000,1728000
1791129201.9550,4960,1256,55875,306000000,1728000
1791129202.0051,4960,1256,56000,306000000,1728000
1791129202.0552,4960,1256,55875,306000000,1344000
1791129202.1053,4960,1272,55968,306000000,1497600
1791129202.1554,4960,1264,56125,306000000,1728000
1791129202.2055,4960,1264,55937,306000000,1728000
1791129202.2556,4960,1264,56062,306000000,1728000
1791129202.3057,4960,1256,55968,306000000,1728000
1791129202.3557,4960,1256,55968,306000000,1728000
1791129202.4058,4960,1256,55906,306000000,1728000
1791129202.4559,4960,1264,55937,306000000,1728000
1791129202.5060,4960,1264,55875,306000000,1728000
1791129202.5561,4960,1256,55968,306000000,1728000
1791129202.6062,4960,1256,56031,306000000,1728000
1791129202.6563,4960,1272,55968,306000000,1728000
1791129202.7063,4960,1272,56031,306000000,1728000
1791129202.7564,4960,1272,55968,306000000,1728000
1791129202.8065,4960,1272,56000,306000000,1728000
1791129202.8566,4960,1272,55937,306000000,1728000
1791129202.9067,4960,1264,56031,306000000,1728000
1791129202.9568,4960,1264,56031,306000000,1728000
1791129203.0069,4960,1264,55968,306000000,1728000
1791129203.0570,4960,1264,56093,306000000,1728000
1791129203.1070,4960,1264,55968,306000000,1728000
1791129203.1571,4960,1264,56093,306000000,1728000
1791129203.2072,4960,1272,55937,306000000,1344000
1791129203.2573,4960,1272,56031,306000000,1728000
1791129203.3074,4960,1280,55968,306000000,1728000
1791129203.3575,4960,1272,56000,306000000,1728000
1791129203.4076,4960,1264,55875,306000000,1728000
1791129203.4577,4960,1272,56062,306000000,1728000
1791129203.5078,4960,1264,55906,306000000,1728000
1791129203.5578,4960,1264,56000,306000000,1728000
1791129203.6079,4960,1264,56187,306000000,1728000
1791129203.6580,4960,1264,56000,306000000,1728000
1791129203.7081,4960,1264,56062,306000000,1728000
1791129203.7582,4960,1264,55968,306000000,1728000
1791129203.8083,4960,1272,56031,306000000,1728000
1791129203.8584,4960,1264,55875,306000000,1728000
1791129203.9085,4960,1264,56000,306000000,1728000
1791129203.9586,4960,1264,55968,306000000,1728000
1791129204.0087,4960,1264,55968,306000000,1728000
1791129204.0587,4960,1264,56125,306000000,1728000
1791129204.1088,4960,1264,55968,306000000,1728000
1791129204.1589,4960,1264,56093,306000000,1728000
1791129204.2090,4960,1264,55968,306000000,1728000
1791129204.2591,4960,1264,55906,306000000,1728000
1791129204.3092,4960,1272,55968,306000000,1728000
1791129204.3593,4960,1280,55968,306000000,1728000
1791129204.4094,4960,1272,55875,306000000,1728000
1791129204.4594,4960,1272,55937,306000000,1728000
1791129204.5095,4960,1272,56093,306000000,1728000
1791129204.5596,4960,1272,55906,306000000,1728000
1791129204.6097,4960,1272,56062,306000000,1728000
1791129204.6598,4960,1272,55937,306000000,1728000
1791129204.7099,4960,1272,55906,306000000,1728000
1791129204.7600,4960,1264,55875,306000000,1728000
1791129204.8100,4960,1264,55968,306000000,1728000
1791129204.8601,4960,1272,55937,306000000,1728000
1791129204.9103,4960,1280,55968,306000000,1728000
1791129204.9604,4960,1280,56093,306000000,1728000
1791129205.0105,4960,1280,55875,306000000,1728000
1791129205.0605,4960,1272,56062,306000000,1728000
1791129205.1106,4960,1272,55968,306000000,1728000
1791129205.1607,4960,1272,56000,306000000,1728000
1791129205.2108,4960,1264,55937,306000000,1728000
1791129205.2609,4960,1264,55968,306000000,1728000
1791129205.3110,4960,1264,55937,306000000,1728000
1791129205.3611,4960,1264,56000,306000000,1728000
1791129205.4111,4960,1264,56031,306000000,1190400
1791129205.4612,4960,1272,56031,306000000,1728000
1791129205.5113,4960,1264,56125,306000000,1728000
1791129205.5614,4960,1264,55937,306000000,1728000
1791129205.6115,4960,1264,56062,306000000,1728000
1791129205.6616,4960,1264,55906,306000000,1728000
1791129205.7117,4960,1264,56031,306000000,1728000
1791129205.7618,4960,1264,55906,306000000,1728000
1791129205.8119,4960,1256,55968,306000000,1728000
1791129205.8619,4960,1256,55875,306000000,1728000
1791129205.9120,4960,1264,56031,306000000,1728000
1791129205.9621,4960,1256,56125,306000000,1728000
1791129206.0122,4960,1272,55937,306000000,1728000
1791129206.0623,4960,1272,56031,306000000,1728000
1791129206.1124,4960,1272,55937,306000000,1728000
1791129206.1625,4960,1272,56031,306000000,1728000
1791129206.2126,4960,1264,55906,306000000,1728000
1791129206.2627,4960,1264,55968,306000000,1728000
1791129206.3128,4960,1264,55906,306000000,1728000
1791129206.3629,4960,1264,55968,306000000,1728000
1791129206.4129,4960,1264,56000,306000000,1728000
1791129206.4630,4960,1264,55968,306000000,1728000
1791129206.5131,4960,1256,56093,306000000,1728000
1791129206.5632,4960,1264,55906,306000000,1344000
1791129206.6133,4960,1272,56031,306000000,1728000
1791129206.6634,4960,1264,55875,306000000,1728000
1791129206.7135,4960,1264,55968,306000000,1728000
1791129206.7636,4960,1264,55875,306000000,1728000
1791129206.8137,4960,1256,55937,306000000,1728000
1791129206.8638,4960,1256,56062,306000000,1728000
1791129206.9139,4960,1256,55937,306000000,1728000
1791129206.9639,4960,1256,56000,306000000,1728000
1791129207.0140,4960,1256,55937,306000000,1728000
1791129207.0641,4960,1256,56031,306000000,1728000
1791129207.1142,4960,1256,55875,306000000,1728000
1791129207.1643,4960,1264,56000,306000000,1728000
1791129207.2144,4960,1264,55937,306000000,1728000
1791129207.2645,4960,1272,55937,306000000,1728000
1791129207.3146,4960,1272,56093,306000000,1728000
1791129207.3647,4960,1272,55937,306000000,1728000
1791129207.4148,4960,1264,56031,306000000,1728000
1791129207.4648,4960,1264,55937,306000000,1728000
1791129207.5149,4960,1264,55968,306000000,1728000
1791129207.5650,4960,1264,55875,306000000,1728000
1791129207.6151,4960,1272,56000,306000000,1728000
1791129207.6652,4960,1272,55968,306000000,1728000
1791129207.7153,4960,1280,55906,306000000,1728000
1791129207.7654,4960,1280,56031,306000000,1728000
1791129207.8155,4960,1280,56031,306000000,1728000
1791129207.8656,4960,1280,56093,306000000,1728000
1791129207.9157,4960,1272,55843,306000000,1728000
1791129207.9658,4960,1272,56031,306000000,1728000
1791129208.0159,4960,1272,55875,306000000,1728000
1791129208.0659,4960,1272,56000,306000000,1728000
1791129208.1160,4960,1272,55843,306000000,1728000
1791129208.1661,4960,1264,55906,306000000,1728000
1791129208.2162,4960,1272,55906,306000000,1728000
1791129208.2663,4960,1280,56000,306000000,1728000
1791129208.3164,4960,1280,56000,306000000,1728000
1791129208.3665,4960,1280,56000,306000000,1728000
1791129208.4166,4960,1280,56031,306000000,1728000
1791129208.4667,4960,1280,55875,306000000,1728000
1791129208.5168,4960,1280,56031,306000000,1728000
1791129208.5668,4960,1280,55843,306000000,1728000
1791129208.6169,4960,1272,56000,306000000,1728000
1791129208.6670,4960,1272,55875,306000000,1728000
1791129208.7171,4960,1272,55906,306000000,1728000
1791129208.7672,4960,1272,56062,306000000,1728000
1791129208.8173,4960,1288,55875,306000000,1728000
1791129208.8674,4960,1288,56000,306000000,1728000
1791129208.9175,4960,1288,55937,306000000,1728000
1791129208.9676,4960,1288,56000,306000000,1728000
1791129209.0177,4960,1280,55875,306000000,1728000
1791129209.0678,4960,1280,56031,306000000,1728000
1791129209.1179,4960,1272,55906,306000000,1728000
1791129209.1680,4960,1272,55937,306000000,1728000
1791129209.2181,4960,1272,56062,306000000,1728000
1791129209.2681,4960,1272,55875,306000000,1728000
1791129209.3182,4960,1272,56000,306000000,1728000
1791129209.3683,4960,1288,55906,306000000,1728000
1791129209.4184,4960,1288,56031,306000000,1728000
1791129209.4685,4960,1280,55875,306000000,1728000
1791129209.5186,4960,1280,56000,306000000,1728000
1791129209.5687,4960,1272,55843,306000000,1728000
1791129209.6188,4960,1272,55906,306000000,1728000
1791129209.6689,4960,1272,56062,306000000,1728000
1791129209.7190,4960,1272,55968,306000000,1728000
1791129209.7691,4960,1272,56062,306000000,1728000
1791129209.8191,4960,1272,55906,306000000,1728000
1791129209.8692,4960,1272,56000,306000000,1728000
1791129209.9193,4960,1280,55843,306000000,1420800
1791129209.9694,4960,1288,55937,306000000,1728000
1791129210.0195,4960,1280,55968,306000000,1728000
1791129210.0696,4960,1280,56031,306000000,1728000
1791129210.1197,4960,1272,56125,306000000,1728000
1791129210.1698,4960,1272,55906,306000000,1728000
1791129210.2199,4960,1272,56031,306000000,1728000
1791129210.2700,4960,1264,55937,306000000,1728000
1791129210.3201,4960,1264,56000,306000000,1728000
1791129210.3702,4960,1264,55875,306000000,1728000
1791129210.4203,4960,1264,55968,306000000,1728000
1791129210.4704,4960,1272,55875,306000000,1728000
1791129210.5205,4960,1280,56000,306000000,1728000
1791129210.5706,4960,1272,55812,306000000,1728000
1791129210.6207,4960,1272,55875,306000000,1728000
1791129210.6707,4960,1264,56000,306000000,1728000
1791129210.7208,4960,1264,55875,306000000,1728000
1791129210.7709,4960,1264,56031,306000000,1728000
1791129210.8210,4960,1264,55937,306000000,1728000
1791129210.8710,4960,1264,56000,306000000,1728000
1791129210.9211,4960,1264,55968,306000000,1728000
1791129210.9712,4960,1264,55906,306000000,1728000
1791129211.0213,4960,1264,55875,306000000,1728000
1791129211.0714,4960,1272,55906,306000000,1728000
1791129211.1215,4960,1272,56000,306000000,1728000
1791129211.1716,4960,1272,55937,306000000,1728000
1791129211.2217,4960,1264,56000,306000000,1728000
1791129211.2717,4960,1264,55812,306000000,1728000
1791129211.3218,4960,1264,56031,306000000,1728000
1791129211.3719,4960,1264,55875,306000000,1728000
1791129211.4220,4960,1264,55968,306000000,1728000
1791129211.4721,4960,1264,55812,306000000,1728000
1791129211.5222,4960,1256,55968,306000000,1728000
1791129211.5723,4960,1264,56125,306000000,1728000
1791129211.6224,4960,1280,55937,306000000,1420800
1791129211.6725,4960,1272,56031,306000000,1728000
1791129211.7226,4960,1272,55906,306000000,1728000
1791129211.7727,4960,1272,55906,306000000,1728000
1791129211.8227,4960,1272,55906,306000000,1728000
1791129211.8728,4960,1264,55937,306000000,1728000
1791129211.9229,4960,1264,55906,306000000,1728000
1791129211.9730,4960,1264,55937,306000000,1728000
1791129212.0231,4960,1264,56031,306000000,1728000
1791129212.0732,4960,1264,55906,306000000,1728000
1791129212.1233,4960,1264,56000,306000000,1728000
1791129212.1734,4960,1280,55906,306000000,1728000
1791129212.2235,4960,1280,55968,306000000,1728000
1791129212.2736,4960,1272,55875,306000000,1728000
1791129212.3237,4960,1272,56000,306000000,1728000
1791129212.3737,4960,1272,55937,306000000,1728000
1791129212.4238,4960,1272,55937,306000000,1728000
1791129212.4739,4960,1272,56062,306000000,1728000
1791129212.5240,4960,1272,55906,306000000,1728000
1791129212.5741,4960,1264,56000,306000000,1728000
1791129212.6242,4960,1264,55937,306000000,1728000
1791129212.6743,4960,1264,56000,306000000,1728000
1791129212.7244,4960,1280,55906,306000000,1728000
1791129212.7745,4960,1280,56031,306000000,1728000
1791129212.8246,4960,1280,55843,306000000,1728000
1791129212.8747,4960,1272,55968,306000000,1728000
1791129212.9248,4960,1272,55812,306000000,1728000
1791129212.9748,4960,1272,55968,306000000,1728000
1791129213.0249,4960,1272,56000,306000000,1728000
1791129213.0750,4960,1272,55906,306000000,1728000
1791129213.1251,4960,1272,55968,306000000,1728000
1791129213.1752,4960,1264,55875,306000000,1728000
1791129213.2253,4960,1264,55937,306000000,1728000
1791129213.2754,4960,1272,55875,306000000,1728000
1791129213.3255,4960,1280,55937,306000000,1728000
1791129213.3755,4960,1280,55906,306000000,1728000
1791129213.4256,4960,1272,55968,306000000,1728000
1791129213.4757,4960,1280,56062,306000000,1728000
1791129213.5258,4960,1272,55875,306000000,1728000
1791129213.5759,4960,1264,56031,306000000,1728000
1791129213.6260,4960,1264,55843,306000000,1728000
1791129213.6761,4960,1264,55968,306000000,1728000
1791129213.7262,4960,1264,55937,306000000,1728000
1791129213.7763,4960,1272,55906,306000000,1728000
1791129213.8264,4960,1272,55875,306000000,1728000
1791129213.8765,4960,1280,55906,306000000,1728000
1791129213.9265,4960,1280,56031,306000000,1728000
1791129213.9766,4960,1280,55875,306000000,1728000
1791129214.0267,4960,1272,56031,306000000,1728000
1791129214.0768,4960,1272,55843,306000000,1728000
1791129214.1269,4960,1272,55906,306000000,1728000
1791129214.1769,4960,1272,55812,306000000,1728000
1791129214.2270,4960,1272,55906,306000000,1728000
1791129214.2771,4960,1272,55906,306000000,1728000
1791129214.3272,4960,1272,56000,306000000,1728000
1791129214.3773,4960,1272,55968,306000000,1728000
1791129214.4274,4960,1288,55906,306000000,1728000
1791129214.4775,4960,1280,56000,306000000,1728000
1791129214.5276,4960,1280,55906,306000000,1728000
1791129214.5777,4960,1280,55843,306000000,1728000
1791129214.6277,4960,1280,55875,306000000,1728000
1791129214.6778,4960,1272,55906,306000000,1728000
1791129214.7279,4960,1272,55875,306000000,1728000
1791129214.7780,4960,1272,55843,306000000,1728000
1791129214.8281,4960,1272,56000,306000000,1728000
1791129214.8782,4960,1272,55906,306000000,1728000
1791129214.9283,4960,1272,55968,306000000,1728000
1791129214.9784,4960,1280,55875,306000000,1497600
1791129215.0285,4960,1280,55937,306000000,1728000
1791129215.0785,4960,1280,55843,306000000,1728000
1791129215.1286,4960,1272,56000,306000000,1728000
1791129215.1787,4960,1272,55812,306000000,1728000
1791129215.2288,4960,1272,56000,306000000,1728000
1791129215.2789,4960,1264,55812,306000000,1728000
1791129215.3289,4960,1264,55812,306000000,1728000
1791129215.3790,4960,1264,56000,306000000,1728000
1791129215.4291,4960,1264,55875,306000000,1728000
1791129215.4792,4960,1264,56031,306000000,1728000
1791129215.5293,4960,1280,55875,306000000,1728000
1791129215.5794,4960,1280,55937,306000000,1728000
1791129215.6295,4960,1280,56062,306000000,1728000
1791129215.6796,4960,1280,55937,306000000,1728000
1791129215.7296,4960,1280,55781,306000000,1728000
1791129215.7797,4960,1288,55812,306000000,1728000
1791129215.8298,4960,1296,55968,306000000,1728000
1791129215.8799,4960,1304,55812,306000000,1728000
1791129215.9300,4960,1312,56000,306000000,1728000
1791129215.9801,4960,1304,55843,306000000,1728000
1791129216.0302,4960,1312,55906,306000000,1728000
1791129216.0803,4960,1320,55875,306000000,1728000
1791129216.1304,4960,1328,55968,306000000,1574400
1791129216.1805,4960,1320,55812,306000000,1728000
1791129216.2306,4960,1320,55875,306000000,1728000
1791129216.2806,4960,1312,56031,306000000,1497600
1791129216.3307,4960,1312,55906,306000000,1728000
1791129216.3808,4960,1304,56093,306000000,1728000
1791129216.4309,4960,1304,55781,306000000,1728000
1791129216.4810,4960,1296,55875,306000000,1728000
1791129216.5311,4960,1288,55812,306000000,1728000
1791129216.5812,4960,1288,55968,306000000,1728000
1791129216.6313,4960,1296,55718,306000000,1344000
1791129216.6814,4960,1296,55781,306000000,1728000
1791129216.7315,4960,1296,56000,306000000,1728000
1791129216.7816,4960,1288,55843,306000000,1728000
1791129216.8317,4960,1288,56000,306000000,1728000
1791129216.8818,4960,1280,55906,306000000,1728000
1791129216.9319,4960,1272,55937,306000000,1728000
1791129216.9820,4960,1272,55843,306000000,1728000
1791129217.0321,4960,1272,55968,306000000,1728000
1791129217.0821,4960,1272,55812,306000000,1728000
1791129217.1322,4960,1272,55906,306000000,1728000
1791129217.1823,4960,1280,56031,306000000,1728000
1791129217.2324,4960,1288,55875,306000000,1728000
1791129217.2825,4960,1280,56031,306000000,1728000
1791129217.3326,4960,1272,55906,306000000,1728000
1791129217.3827,4960,1272,55875,306000000,1728000
1791129217.4328,4960,1272,55843,306000000,1728000
1791129217.4829,4960,1272,56000,306000000,1728000
1791129217.5330,4960,1272,55781,306000000,1728000
1791129217.5831,4960,1264,55968,306000000,1728000
1791129217.6332,4960,1264,55875,306000000,1728000
1791129217.6833,4960,1264,55843,306000000,1728000
1791129217.7334,4960,1272,55937,306000000,1728000
1791129217.7835,4960,1280,55812,306000000,1728000
1791129217.8335,4960,1280,56031,306000000,1728000
1791129217.8836,4960,1280,55812,306000000,1728000
1791129217.9337,4960,1272,55937,306000000,1728000
1791129217.9838,4960,1272,55875,306000000,1728000
1791129218.0339,4960,1272,55968,306000000,1728000
1791129218.0840,4960,1272,55843,306000000,1728000
1791129218.1341,4960,1272,55812,306000000,1728000
1791129218.1842,4960,1272,56000,306000000,1728000
1791129218.2343,4960,1264,55906,306000000,1728000
1791129218.2844,4960,1264,56000,306000000,1728000
1791129218.3344,4960,1280,55843,306000000,1728000
1791129218.3845,4960,1280,55937,306000000,1728000
1791129218.4346,4960,1272,55812,306000000,1728000
1791129218.4847,4960,1272,55812,306000000,1728000
1791129218.5348,4960,1272,55843,306000000,1728000
1791129218.5849,4960,1272,55843,306000000,1728000
1791129218.6350,4960,1272,56031,306000000,1728000
1791129218.6851,4960,1264,55843,306000000,1728000
1791129218.7352,4960,1264,56031,306000000,1728000
1791129218.7853,4960,1264,55875,306000000,1728000
1791129218.8353,4960,1272,55875,306000000,1728000
1791129218.8854,4960,1280,55843,306000000,1728000
1791129218.9355,4960,1288,55968,306000000,1728000
1791129218.9856,4960,1280,55843,306000000,1728000
1791129219.0357,4960,1272,55875,306000000,1728000
1791129219.0858,4960,1272,55937,306000000,1728000
1791129219.1359,4960,1272,55875,306000000,1728000
1791129219.1860,4960,1272,55968,306000000,1728000
1791129219.2360,4960,1272,55843,306000000,1728000
1791129219.2861,4960,1272,55875,306000000,1728000
1791129219.3362,4960,1264,55843,306000000,1728000
1791129219.3863,4960,1264,55843,306000000,1728000
1791129219.4364,4960,1280,55843,306000000,1728000
1791129219.4865,4960,1280,55906,306000000,1728000
1791129219.5366,4960,1280,56000,306000000,1728000
1791129219.5867,4960,1280,55906,306000000,1728000
1791129219.6368,4960,1280,56031,306000000,1728000
1791129219.6868,4960,1272,55906,306000000,1728000
1791129219.7369,4960,1272,55906,306000000,1728000
1791129219.7870,4960,1272,55812,306000000,1728000
1791129219.8371,4960,1264,55906,306000000,1728000
1791129219.8872,4960,1264,55812,306000000,1728000
1791129219.9372,4960,1272,55906,306000000,1728000
1791129219.9873,4960,1280,55781,306000000,1420800
1791129220.0374,4960,1288,55843,306000000,1728000
1791129220.0875,4960,1280,55906,306000000,1728000
1791129220.1376,4960,1280,55906,306000000,1728000
1791129220.1877,4960,1272,55906,306000000,1728000
1791129220.2378,4960,1272,55750,306000000,1728000
1791129220.2879,4960,1272,55843,306000000,1728000
1791129220.3380,4960,1272,55781,306000000,1728000
1791129220.3880,4960,1272,55843,306000000,1728000
1791129220.4381,4960,1272,55750,306000000,1728000
1791129220.4882,4960,1264,55906,306000000,1728000
1791129220.5383,4960,1272,55937,306000000,1728000
1791129220.5884,4960,1280,55875,306000000,1728000
1791129220.6385,4960,1280,55906,306000000,1728000
1791129220.6886,4960,1272,55875,306000000,1728000
1791129220.7387,4960,1272,55906,306000000,1728000
1791129220.7888,4960,1272,55781,306000000,1728000
1791129220.8388,4960,1272,55875,306000000,1728000
1791129220.8889,4960,1272,55750,306000000,1728000
1791129220.9390,4960,1272,55843,306000000,1728000
1791129220.9891,4960,1272,56000,306000000,1728000
1791129221.0392,4960,1272,55875,306000000,1728000
1791129221.0893,4960,1280,55968,306000000,1728000
1791129221.1394,4960,1288,55812,306000000,1728000
1791129221.1895,4960,1288,55937,306000000,1728000
1791129221.2396,4960,1280,55812,306000000,1728000
1791129221.2897,4960,1280,55875,306000000,1728000
1791129221.3398,4960,1272,55812,306000000,1728000
1791129221.3898,4960,1272,55843,306000000,1728000
1791129221.4399,4960,1272,55968,306000000,1728000
1791129221.4900,4960,1272,55875,306000000,1728000
1791129221.5401,4960,1272,56031,306000000,1728000
1791129221.5902,4960,1272,55843,306000000,1728000
1791129221.6403,4960,1272,55906,306000000,1420800
1791129221.6904,4960,1280,55875,306000000,1728000
1791129221.7405,4960,1280,55875,306000000,1728000
1791129221.7906,4960,1280,55812,306000000,1728000
1791129221.8407,4960,1280,55812,306000000,1728000
1791129221.8908,4960,1272,56031,306000000,1728000
1791129221.9408,4960,1272,55843,306000000,1728000
1791129221.9909,4960,1272,55937,306000000,1728000
1791129222.0410,4960,1272,55812,306000000,1728000
1791129222.0911,4960,1272,55875,306000000,1728000
1791129222.1412,4960,1272,55812,306000000,1728000
1791129222.1913,4960,1272,55906,306000000,1728000
1791129222.2414,4960,1288,55781,306000000,1728000
1791129222.2915,4960,1288,55843,306000000,1728000
1791129222.3416,4960,1280,55718,306000000,1728000
1791129222.3917,4960,1272,55875,306000000,1728000
1791129222.4418,4960,1272,56000,306000000,1728000
1791129222.4918,4960,1272,55843,306000000,1728000
1791129222.5419,4960,1272,55937,306000000,1728000
1791129222.5920,4960,1264,55812,306000000,1728000
1791129222.6421,4960,1264,55843,306000000,1728000
1791129222.6922,4960,1264,55781,306000000,1728000
1791129222.7423,4960,1264,55906,306000000,1728000
1791129222.7924,4960,1272,55718,306000000,1728000
1791129222.8425,4960,1272,55875,306000000,1728000
1791129222.8926,4960,1272,55906,306000000,1728000
1791129222.9426,4960,1272,55843,306000000,1728000
1791129222.9927,4960,1272,55906,306000000,1728000
1791129223.0428,4960,1272,55750,306000000,1728000
1791129223.0929,4960,1272,55843,306000000,1728000
1791129223.1430,4960,1272,55781,306000000,1728000
1791129223.1931,4960,1272,55843,306000000,1728000
1791129223.2432,4960,1272,55750,306000000,1728000
1791129223.2932,4960,1264,55875,306000000,1728000
1791129223.3433,4960,1272,55937,306000000,1728000
1791129223.3934,4960,1272,55812,306000000,1728000
1791129223.4435,4960,1272,55968,306000000,1728000
1791129223.4936,4960,1272,55812,306000000,1728000
1791129223.5437,4960,1272,55843,306000000,1728000
1791129223.5938,4960,1272,55812,306000000,1728000
1791129223.6439,4960,1264,55875,306000000,1728000
1791129223.6940,4960,1264,55687,306000000,1728000
1791129223.7441,4960,1264,55781,306000000,1728000
1791129223.7942,4960,1264,55968,306000000,1728000
1791129223.8442,4960,1264,55750,306000000,1728000
1791129223.8943,4960,1272,55875,306000000,1728000
1791129223.9445,4960,1288,55875,306000000,1728000
1791129223.9945,4960,1280,55906,306000000,1728000
1791129224.0446,4960,1272,55812,306000000,1728000
1791129224.0947,4960,1272,55812,306000000,1728000
1791129224.1448,4960,1272,55781,306000000,1728000
1791129224.1949,4960,1272,55843,306000000,1728000
1791129224.2450,4960,1264,55968,306000000,1728000
1791129224.2951,4960,1264,55875,306000000,1728000
1791129224.3452,4960,1264,55906,306000000,1728000
1791129224.3952,4960,1264,55781,306000000,1728000
1791129224.4453,4960,1264,55812,306000000,1728000
1791129224.4955,4960,1280,55750,306000000,1728000
1791129224.5455,4960,1280,55843,306000000,1728000
1791129224.5956,4960,1280,55812,306000000,1728000
1791129224.6457,4960,1280,55781,306000000,1728000
1791129224.6958,4960,1272,55687,306000000,1728000
1791129224.7459,4960,1272,55718,306000000,1728000
1791129224.7960,4960,1272,55875,306000000,1728000
1791129224.8461,4960,1264,55750,306000000,1728000
1791129224.8962,4960,1264,55875,306000000,1728000
1791129224.9463,4960,1264,55812,306000000,1728000
1791129224.9964,4960,1272,55906,306000000,1728000
1791129225.0465,4960,1280,55812,306000000,1728000
1791129225.0966,4960,1280,55875,306000000,1728000
1791129225.1467,4960,1280,55656,306000000,1728000
1791129225.1968,4960,1280,55812,306000000,1728000
1791129225.2469,4960,1272,55906,306000000,1728000
1791129225.2969,4960,1272,55812,306000000,1728000
1791129225.3470,4960,1272,55812,306000000,1728000
1791129225.3971,4960,1272,55781,306000000,1728000
1791129225.4472,4960,1272,55812,306000000,1728000
1791129225.4973,4960,1272,55718,306000000,1728000
1791129225.5474,4960,1272,55843,306000000,1420800
1791129225.5975,4960,1280,55718,306000000,1420800
1791129225.6476,4960,1272,55781,306000000,1728000
1791129225.6977,4960,1272,55906,306000000,1728000
1791129225.7477,4960,1272,55781,306000000,1728000
1791129225.7978,4960,1272,55937,306000000,1728000
1791129225.8479,4960,1272,55750,306000000,1728000
1791129225.8980,4960,1264,55875,306000000,1728000
1791129225.9481,4960,1264,55781,306000000,1728000
1791129225.9982,4960,1264,55875,306000000,1728000
1791129226.0483,4960,1264,55687,306000000,1728000
1791129226.0984,4960,1264,55843,306000000,1728000
1791129226.1485,4960,1280,55843,306000000,1728000
1791129226.1986,4960,1280,55781,306000000,1728000
1791129226.2487,4960,1272,55906,306000000,1728000
1791129226.2988,4960,1272,55718,306000000,1728000
1791129226.3488,4960,1272,55875,306000000,1728000
1791129226.3989,4960,1272,55718,306000000,1728000
1791129226.4490,4960,1272,55843,306000000,1728000
1791129226.4991,4960,1272,55781,306000000,1728000
1791129226.5492,4960,1272,55875,306000000,1728000
1791129226.5993,4960,1264,55906,306000000,1728000
1791129226.6493,4960,1264,55812,306000000,1728000
1791129226.6994,4960,1272,55937,306000000,1728000
1791129226.7495,4960,1280,55718,306000000,1728000
1791129226.7996,4960,1280,55781,306000000,1728000
1791129226.8497,4960,1280,55718,306000000,1728000
1791129226.8998,4960,1280,55875,306000000,1728000
1791129226.9499,4960,1280,55906,306000000,1728000
1791129227.0000,4960,1272,55750,306000000,1728000
1791129227.0501,4960,1272,55718,306000000,1728000
1791129227.1002,4960,1272,55843,306000000,1728000
1791129227.1503,4960,1272,55875,306000000,1728000
1791129227.2004,4960,1272,55875,306000000,1728000
1791129227.2505,4960,1280,55812,306000000,1420800
1791129227.3006,4960,1288,55781,306000000,1728000
1791129227.3507,4960,1288,55812,306000000,1728000
1791129227.4008,4960,1288,55750,306000000,1728000
1791129227.4509,4960,1280,55843,306000000,1344000
1791129227.5010,4960,1280,55656,306000000,1728000
1791129227.5511,4960,1280,55781,306000000,1728000
1791129227.6012,4960,1272,55875,306000000,1728000
1791129227.6513,4960,1272,55812,306000000,1728000
1791129227.7014,4960,1272,55875,306000000,1728000
1791129227.7515,4960,1280,55750,306000000,1728000
1791129227.8016,4960,1280,55812,306000000,1728000
1791129227.8517,4960,1288,55687,306000000,1728000
1791129227.9017,4960,1288,55843,306000000,1728000
1791129227.9518,4960,1280,55750,306000000,1728000
1791129228.0019,4960,1280,55750,306000000,1728000
1791129228.0520,4960,1272,55937,306000000,1728000
1791129228.1021,4960,1272,55750,306000000,1728000
1791129228.1522,4960,1272,55875,306000000,1728000
1791129228.2022,4960,1264,55750,306000000,1728000
1791129228.2523,4960,1264,55843,306000000,1728000
1791129228.3024,4960,1264,55750,306000000,1728000
1791129228.3525,4960,1264,55781,306000000,1728000
1791129228.4026,4960,1272,55781,306000000,1728000
1791129228.4527,4960,1272,55781,306000000,1728000
1791129228.5028,4960,1272,55875,306000000,1728000
1791129228.5529,4960,1264,55687,306000000,1728000
1791129228.6029,4960,1264,55968,306000000,1728000
1791129228.6530,4960,1264,55750,306000000,1728000
1791129228.7031,4960,1256,55750,306000000,1728000
1791129228.7532,4960,1264,55718,306000000,1728000
1791129228.8033,4960,1264,55843,306000000,1728000
1791129228.8534,4960,1264,55750,306000000,1728000
1791129228.9035,4960,1264,55812,306000000,1420800
1791129228.9536,4960,1272,55875,306000000,1420800
1791129229.0037,4960,1272,55812,306000000,1728000
1791129229.0538,4960,1272,55875,306000000,1728000
1791129229.1039,4960,1272,55687,306000000,1728000
1791129229.1539,4960,1272,55875,306000000,1728000
1791129229.2040,4960,1272,55718,306000000,1728000
1791129229.2541,4960,1272,55781,306000000,1728000
1791129229.3042,4960,1272,55718,306000000,1728000
1791129229.3542,4960,1264,55843,306000000,1728000
1791129229.4043,4960,1264,55656,306000000,1728000
1791129229.4544,4960,1264,55750,306000000,1728000
1791129229.5045,4960,1272,55812,306000000,1728000
1791129229.5546,4960,1272,55750,306000000,1728000
1791129229.6047,4960,1272,55875,306000000,1728000
1791129229.6548,4960,1264,55781,306000000,1728000
1791129229.7049,4960,1264,55781,306000000,1728000
1791129229.7549,4960,1264,55625,306000000,1728000
1791129229.8050,4960,1264,55718,306000000,1728000
1791129229.8551,4960,1264,55718,306000000,1728000
1791129229.9052,4960,1264,55718,306000000,1728000
1791129229.9553,4960,1264,55875,306000000,1728000
1791129230.0054,4960,1256,55750,306000000,1728000
1791129230.0555,4960,1264,55937,306000000,1728000
1791129230.1056,4960,1272,55687,306000000,1728000
1791129230.1557,4960,1272,55812,306000000,1728000
1791129230.2057,4960,1272,55750,306000000,1728000
1791129230.2558,4960,1264,55750,306000000,1728000
1791129230.3059,4960,1256,55656,306000000,1728000
1791129230.3560,4960,1264,55781,306000000,1728000
1791129230.4061,4960,1264,55906,306000000,1728000
1791129230.4562,4960,1264,55750,306000000,1728000
1791129230.5062,4960,1264,55812,306000000,1728000
1791129230.5563,4960,1264,55687,306000000,1728000
1791129230.6064,4960,1272,55812,306000000,1420800
1791129230.6565,4960,1272,55812,306000000,1728000
1791129230.7066,4960,1272,55875,306000000,1728000
1791129230.7567,4960,1272,55687,306000000,1728000
1791129230.8068,4960,1272,55718,306000000,1728000
1791129230.8569,4960,1272,55843,306000000,1728000
1791129230.9069,4960,1272,55750,306000000,1728000
1791129230.9570,4960,1264,55812,306000000,1728000
1791129231.0071,4960,1264,55718,306000000,1728000
1791129231.0572,4960,1264,55812,306000000,1728000
1791129231.1073,4960,1264,55718,306000000,1728000
1791129231.1574,4960,1280,55781,306000000,1728000
1791129231.2075,4960,1288,55781,306000000,1728000
1791129231.2575,4960,1280,55812,306000000,1728000
1791129231.3076,4960,1280,55843,306000000,1728000
1791129231.3577,4960,1272,55718,306000000,1728000
1791129231.4078,4960,1272,55875,306000000,1728000
1791129231.4579,4960,1272,55656,306000000,1728000
1791129231.5080,4960,1272,55843,306000000,1728000
1791129231.5581,4960,1272,55718,306000000,1728000
1791129231.6081,4960,1272,55781,306000000,1728000
1791129231.6582,4960,1264,55656,306000000,1728000
1791129231.7083,4960,1272,55750,306000000,1728000
1791129231.7584,4960,1280,55656,306000000,1728000
1791129231.8085,4960,1280,55718,306000000,1728000
1791129231.8586,4960,1280,55812,306000000,1728000
1791129231.9087,4960,1272,55750,306000000,1728000
1791129231.9588,4960,1280,55812,306000000,1728000
1791129232.0089,4960,1272,55718,306000000,1728000
1791129232.0590,4960,1272,55812,306000000,1728000
1791129232.1090,4960,1272,55718,306000000,1728000
1791129232.1591,4960,1272,55781,306000000,1728000
1791129232.2092,4960,1272,55718,306000000,1728000
1791129232.2593,4960,1272,55656,306000000,1267200
1791129232.3094,4960,1280,55875,306000000,1420800
1791129232.3595,4960,1280,55750,306000000,1728000
1791129232.4096,4960,1272,55781,306000000,1728000
1791129232.4597,4960,1272,55718,306000000,1728000
1791129232.5098,4960,1272,55843,306000000,1728000
1791129232.5599,4960,1272,55750,306000000,1728000
1791129232.6099,4960,1272,55781,306000000,1728000
1791129232.6600,4960,1264,55687,306000000,1728000
1791129232.7101,4960,1264,55781,306000000,1728000
1791129232.7602,4960,1264,55875,306000000,1728000
1791129232.8103,4960,1264,55750,306000000,1728000
1791129232.8604,4960,1272,55812,306000000,1728000
1791129232.9105,4960,1272,55625,306000000,1728000
1791129232.9606,4960,1272,55781,306000000,1728000
1791129233.0106,4960,1272,55656,306000000,1728000
1791129233.0607,4960,1272,55781,306000000,1728000
1791129233.1108,4960,1272,55687,306000000,1728000
1791129233.1609,4960,1272,55750,306000000,1728000
1791129233.2109,4960,1264,55937,306000000,1728000
1791129233.2610,4960,1264,55687,306000000,1728000
1791129233.3111,4960,1264,55781,306000000,1728000
1791129233.3612,4960,1264,55750,306000000,1728000
1791129233.4113,4960,1272,55687,306000000,1344000
1791129233.4614,4960,1280,55687,306000000,1728000
1791129233.5115,4960,1280,55750,306000000,1728000
1791129233.5616,4960,1272,55625,306000000,1728000
1791129233.6117,4960,1272,55718,306000000,1728000
1791129233.6618,4960,1272,55937,306000000,1728000
1791129233.7119,4960,1272,55687,306000000,1728000
1791129233.7620,4960,1272,55906,306000000,1728000
1791129233.8121,4960,1264,55562,306000000,1728000
1791129233.8622,4960,1264,55781,306000000,1728000
1791129233.9123,4960,1264,55750,306000000,1728000
1791129233.9624,4960,1272,55718,306000000,1728000
1791129234.0125,4960,1280,55593,306000000,1728000
1791129234.0625,4960,1272,55812,306000000,1728000
1791129234.1134,4960,1280,55687,306000000,1728000
1791129234.1635,4960,1272,55750,306000000,1728000
1791129234.2136,4960,1272,55906,306000000,1728000
1791129234.2637,4960,1272,55687,306000000,1728000
1791129234.3138,4960,1272,55875,306000000,1728000
1791129234.3639,4960,1272,55687,306000000,1728000
1791129234.4140,4960,1272,55812,306000000,1728000
1791129234.4641,4960,1272,55656,306000000,1728000
1791129234.5142,4960,1280,55781,306000000,1728000
1791129234.5643,4960,1288,55718,306000000,1728000
1791129234.6144,4960,1288,55687,306000000,1728000
1791129234.6645,4960,1280,55937,306000000,1728000
1791129234.7146,4960,1280,55750,306000000,1728000
1791129234.7647,4960,1280,55906,306000000,1728000
1791129234.8148,4960,1272,55781,306000000,1728000
1791129234.8648,4960,1272,55750,306000000,1728000
1791129234.9149,4960,1272,55625,306000000,1728000
1791129234.9650,4960,1272,55750,306000000,1728000
1791129235.0151,4960,1272,55687,306000000,1728000
1791129235.0652,4960,1272,55718,306000000,1728000
1791129235.1153,4960,1280,55906,306000000,1728000
1791129235.1654,4960,1288,55718,306000000,1728000
1791129235.2154,4960,1280,55875,306000000,1728000
1791129235.2655,4960,1272,55718,306000000,1728000
1791129235.3156,4960,1272,55750,306000000,1728000
1791129235.3657,4960,1272,55687,306000000,1728000
1791129235.4158,4960,1264,55781,306000000,1728000
1791129235.4659,4960,1264,55625,306000000,1728000
1791129235.5160,4960,1264,55687,306000000,1728000
1791129235.5660,4960,1256,55843,306000000,1728000
1791129235.6161,4960,1264,55750,306000000,1728000
1791129235.6663,4960,1272,55843,306000000,1267200
1791129235.7164,4960,1272,55718,306000000,1728000
1791129235.7665,4960,1272,55843,306000000,1728000
1791129235.8165,4960,1264,55687,306000000,1728000
1791129235.8666,4960,1264,55812,306000000,1728000
1791129235.9167,4960,1264,55718,306000000,1728000
1791129235.9668,4960,1264,55750,306000000,1728000
1791129236.0169,4960,1272,55843,306000000,1728000
1791129236.0670,4960,1272,55718,306000000,1728000
1791129236.1171,4960,1272,55875,306000000,1728000
1791129236.1672,4960,1264,55687,306000000,1420800
1791129236.2173,4960,1272,55812,306000000,1728000
1791129236.2674,4960,1272,55625,306000000,1728000
1791129236.3175,4960,1272,55718,306000000,1728000
1791129236.3675,4960,1272,55718,306000000,1728000
1791129236.4176,4960,1272,55687,306000000,1728000
1791129236.4677,4960,1272,55687,306000000,1728000
1791129236.5178,4960,1272,55750,306000000,1728000
1791129236.5679,4960,1272,55843,306000000,1728000
1791129236.6180,4960,1264,55687,306000000,1728000
1791129236.6681,4960,1264,55781,306000000,1728000
1791129236.7182,4960,1264,55687,306000000,1728000
1791129236.7683,4960,1280,55750,306000000,1728000
1791129236.8184,4960,1280,55625,306000000,1728000
1791129236.8685,4960,1280,55687,306000000,1728000
1791129236.9186,4960,1280,55687,306000000,1728000
1791129236.9687,4960,1272,55656,306000000,1728000
1791129237.0188,4960,1272,55843,306000000,1728000
1791129237.0689,4960,1272,55750,306000000,1728000
1791129237.1189,4960,1272,55812,306000000,1728000
1791129237.1690,4960,1272,55718,306000000,1728000
1791129237.2191,4960,1272,55781,306000000,1728000
1791129237.2692,4960,1272,55656,306000000,1728000
1791129237.3193,4960,1272,55781,306000000,1420800
1791129237.3694,4960,1280,55687,306000000,1728000
1791129237.4195,4960,1280,55718,306000000,1728000
1791129237.4696,4960,1280,55875,306000000,1728000
1791129237.5197,4960,1280,55718,306000000,1728000
1791129237.5698,4960,1272,55843,306000000,1728000
1791129237.6199,4960,1272,55718,306000000,1728000
1791129237.6700,4960,1272,55718,306000000,1728000
1791129237.7200,4960,1272,55625,306000000,1728000
1791129237.7701,4960,1264,55718,306000000,1728000
1791129237.8202,4960,1264,55687,306000000,1728000
1791129237.8703,4960,1272,55687,306000000,1728000
1791129237.9204,4960,1280,55843,306000000,1728000
1791129237.9705,4960,1280,55750,306000000,1728000
1791129238.0206,4960,1280,55875,306000000,1728000
1791129238.0707,4960,1280,55656,306000000,1728000
1791129238.1208,4960,1272,55687,306000000,1728000
1791129238.1709,4960,1272,55687,306000000,1728000
1791129238.2209,4960,1272,55781,306000000,1728000
1791129238.2710,4960,1272,55687,306000000,1728000
1791129238.3211,4960,1272,55687,306000000,1728000
1791129238.3712,4960,1272,55937,306000000,1728000
1791129238.4213,4960,1272,55718,306000000,1728000
1791129238.4714,4960,1288,55812,306000000,1728000
1791129238.5215,4960,1280,55656,306000000,1728000
1791129238.5715,4960,1280,55718,306000000,1728000
1791129238.6217,4960,1280,55625,306000000,1728000
1791129238.6717,4960,1280,55781,306000000,1728000
1791129238.7218,4960,1280,55593,306000000,1728000
1791129238.7719,4960,1272,55718,306000000,1728000
1791129238.8220,4960,1264,55656,306000000,1728000
1791129238.8721,4960,1272,55687,306000000,1728000
1791129238.9222,4960,1272,55781,306000000,1728000
1791129238.9722,4960,1280,55687,306000000,1728000
1791129239.0224,4960,1288,55781,306000000,1728000
1791129239.0724,4960,1288,55687,306000000,1728000
1791129239.1225,4960,1280,55718,306000000,1728000
1791129239.1726,4960,1280,55625,306000000,1728000
1791129239.2227,4960,1280,55718,306000000,1728000
1791129239.2728,4960,1272,55625,306000000,1728000
1791129239.3229,4960,1280,55687,306000000,1728000
1791129239.3730,4960,1272,55843,306000000,1728000
1791129239.4231,4960,1272,55656,306000000,1728000
1791129239.4731,4960,1272,55937,306000000,1728000
1791129239.5232,4960,1272,55750,306000000,1728000
1791129239.5733,4960,1288,55718,306000000,1728000
1791129239.6234,4960,1288,55625,306000000,1728000
1791129239.6735,4960,1280,55687,306000000,1728000
1791129239.7236,4960,1280,55593,306000000,1728000
1791129239.7737,4960,1272,55687,306000000,1728000
1791129239.8238,4960,1280,55875,306000000,1728000
1791129239.8739,4960,1272,55750,306000000,1728000
1791129239.9239,4960,1272,55812,306000000,1728000
1791129239.9740,4960,1272,55718,306000000,1728000
1791129240.0241,4960,1272,55750,306000000,1728000
1791129240.0742,4960,1272,55593,306000000,1728000
1791129240.1243,4960,1288,55781,306000000,1728000
1791129240.1744,4960,1288,55718,306000000,1728000
1791129240.2245,4960,1288,55718,306000000,1728000
1791129240.2746,4960,1280,55843,306000000,1728000
1791129240.3247,4960,1280,55625,306000000,1728000
1791129240.3748,4960,1280,55843,306000000,1728000
1791129240.4249,4960,1272,55687,306000000,1728000
1791129240.4749,4960,1272,55781,306000000,1728000
1791129240.5250,4960,1264,55718,306000000,1728000
1791129240.5751,4960,1264,55718,306000000,1728000
1791129240.6252,4960,1264,55625,306000000,1728000
1791129240.6753,4960,1280,55656,306000000,1420800
1791129240.7254,4960,1280,55906,306000000,1728000
1791129240.7755,4960,1280,55625,306000000,1728000
1791129240.8256,4960,1272,55812,306000000,1728000
1791129240.8757,4960,1272,55625,306000000,1728000
1791129240.9258,4960,1272,55687,306000000,1728000
1791129240.9758,4960,1272,55562,306000000,1728000
1791129241.0259,4960,1272,55750,306000000,1728000
1791129241.0760,4960,1264,55625,306000000,1728000
1791129241.1261,4960,1264,55687,306000000,1728000
1791129241.1762,4960,1264,55625,306000000,1728000
1791129241.2263,4960,1272,55656,306000000,1497600
1791129241.2764,4960,1272,55968,306000000,1728000
1791129241.3265,4960,1280,55625,306000000,1728000
1791129241.3766,4960,1280,55843,306000000,1728000
1791129241.4267,4960,1280,56000,306000000,1728000
1791129241.4768,4960,1280,55687,306000000,1728000
1791129241.5268,4960,1280,55562,306000000,1728000
1791129241.5769,4960,1272,55718,306000000,1728000
1791129241.6270,4960,1280,55593,306000000,1728000
1791129241.6771,4960,1288,55718,306000000,1728000
1791129241.7272,4960,1296,55875,306000000,1728000
1791129241.7773,4960,1304,55656,306000000,1728000
1791129241.8274,4960,1320,55781,306000000,1728000
1791129241.8775,4960,1320,55687,306000000,1728000
1791129241.9276,4960,1320,55687,306000000,1728000
1791129241.9777,4960,1320,55656,306000000,1728000
1791129242.0278,4960,1320,55781,306000000,1728000
1791129242.0779,4960,1312,55656,306000000,1728000
1791129242.1280,4960,1312,55718,306000000,1728000
1791129242.1781,4960,1304,55843,306000000,1728000
1791129242.2282,4960,1304,55718,306000000,1728000
1791129242.2783,4960,1296,55843,306000000,1728000
1791129242.3284,4960,1296,55656,306000000,1728000
1791129242.3785,4960,1304,55687,306000000,1728000
1791129242.4286,4960,1296,55625,306000000,1728000
1791129242.4786,4960,1296,55718,306000000,1728000
1791129242.5287,4960,1296,55625,306000000,1728000
1791129242.5788,4960,1288,55750,306000000,1728000
1791129242.6289,4960,1288,55843,306000000,1728000
1791129242.6790,4960,1280,55593,306000000,1728000
1791129242.7290,4960,1272,55812,306000000,1728000
1791129242.7791,4960,1272,55750,306000000,1728000
1791129242.8292,4960,1272,55718,306000000,1728000
1791129242.8793,4960,1272,55562,306000000,1344000
1791129242.9294,4960,1280,55781,306000000,1344000
1791129242.9795,4960,1280,55656,306000000,1728000
1791129243.0296,4960,1272,55718,306000000,1728000
1791129243.0797,4960,1272,55843,306000000,1728000
1791129243.1298,4960,1272,55593,306000000,1728000
1791129243.1799,4960,1264,55812,306000000,1728000
1791129243.2299,4960,1264,55656,306000000,1728000
1791129243.2800,4960,1264,55718,306000000,1728000
1791129243.3301,4960,1264,55625,306000000,1728000
1791129243.3802,4960,1264,55718,306000000,1728000
1791129243.4303,4960,1264,55656,306000000,1190400
1791129243.4804,4960,1272,55750,306000000,1728000
1791129243.5305,4960,1272,55625,306000000,1728000
1791129243.5806,4960,1264,55656,306000000,1728000
1791129243.6307,4960,1264,55781,306000000,1728000
1791129243.6808,4960,1264,55718,306000000,1728000
1791129243.7309,4960,1264,55750,306000000,1728000
1791129243.7809,4960,1264,55718,306000000,1728000
1791129243.8311,4960,1264,55750,306000000,1728000
1791129243.8811,4960,1264,55625,306000000,1728000
1791129243.9312,4960,1264,55750,306000000,1728000
1791129243.9813,4960,1264,55593,306000000,1728000
1791129244.0314,4960,1272,55718,306000000,1420800
1791129244.0815,4960,1280,55812,306000000,1728000
1791129244.1316,4960,1280,55687,306000000,1728000
1791129244.1817,4960,1280,55875,306000000,1728000
1791129244.2318,4960,1272,55656,306000000,1728000
1791129244.2819,4960,1272,55687,306000000,1728000
1791129244.3320,4960,1264,55718,306000000,1728000
1791129244.3821,4960,1264,55781,306000000,1728000
1791129244.4322,4960,1272,55656,306000000,1728000
1791129244.4823,4960,1272,55687,306000000,1728000
1791129244.5324,4960,1272,55875,306000000,1728000
1791129244.5825,4960,1280,55656,306000000,1420800
1791129244.6326,4960,1280,55750,306000000,1728000
1791129244.6827,4960,1280,55562,306000000,1728000
1791129244.7328,4960,1272,55718,306000000,1728000
1791129244.7829,4960,1272,55562,306000000,1728000
1791129244.8330,4960,1272,55718,306000000,1728000
1791129244.8830,4960,1272,55656,306000000,1728000
1791129244.9331,4960,1272,55750,306000000,1728000
1791129244.9832,4960,1272,55781,306000000,1728000
1791129245.0333,4960,1264,55718,306000000,1728000
1791129245.0834,4960,1264,55781,306000000,1728000
1791129245.1335,4960,1272,55625,306000000,1728000
1791129245.1836,4960,1280,55781,306000000,1728000
1791129245.2337,4960,1280,55687,306000000,1728000
1791129245.2838,4960,1280,55687,306000000,1728000
1791129245.3339,4960,1280,55593,306000000,1728000
1791129245.3839,4960,1280,55656,306000000,1728000
1791129245.4340,4960,1280,55781,306000000,1728000
1791129245.4841,4960,1280,55687,306000000,1728000
1791129245.5342,4960,1280,55812,306000000,1728000
1791129245.5843,4960,1272,55625,306000000,1728000
1791129245.6344,4960,1272,55750,306000000,1728000
1791129245.6845,4960,1272,55656,306000000,1728000
1791129245.7346,4960,1288,55687,306000000,1728000
1791129245.7847,4960,1288,55718,306000000,1728000
1791129245.8348,4960,1280,55656,306000000,1728000
1791129245.8849,4960,1280,55562,306000000,1728000
1791129245.9350,4960,1272,55625,306000000,1728000
1791129245.9850,4960,1272,55812,306000000,1728000
1791129246.0351,4960,1272,55687,306000000,1728000
1791129246.0852,4960,1272,55781,306000000,1728000
1791129246.1353,4960,1272,55656,306000000,1728000
1791129246.1854,4960,1272,55718,306000000,1728000
1791129246.2354,4960,1272,55625,306000000,1728000
1791129246.2855,4960,1288,55687,306000000,1728000
1791129246.3356,4960,1280,55656,306000000,1728000
1791129246.3857,4960,1280,55687,306000000,1728000
1791129246.4358,4960,1280,55843,306000000,1728000
1791129246.4859,4960,1272,55656,306000000,1728000
1791129246.5360,4960,1272,55812,306000000,1728000
1791129246.5861,4960,1272,55656,306000000,1728000
1791129246.6362,4960,1264,55750,306000000,1728000
1791129246.6863,4960,1264,55656,306000000,1728000
1791129246.7363,4960,1264,55718,306000000,1728000
1791129246.7864,4960,1264,55593,306000000,1728000
1791129246.8365,4960,1280,55656,306000000,1728000
1791129246.8866,4960,1272,55750,306000000,1728000
1791129246.9367,4960,1272,55625,306000000,1728000
1791129246.9868,4960,1264,55781,306000000,1728000
1791129247.0369,4960,1264,55718,306000000,1728000
1791129247.0870,4960,1264,55687,306000000,1728000
1791129247.1371,4960,1264,55656,306000000,1728000
1791129247.1871,4960,1264,55718,306000000,1728000
1791129247.2372,4960,1264,55625,306000000,1728000
1791129247.2873,4960,1256,55656,306000000,1728000
1791129247.3374,4960,1256,55843,306000000,1728000
1791129247.3875,4960,1272,55656,306000000,1728000
1791129247.4376,4960,1272,55781,306000000,1728000
1791129247.4877,4960,1272,55656,306000000,1728000
1791129247.5378,4960,1272,55687,306000000,1728000
1791129247.5879,4960,1272,55687,306000000,1728000
1791129247.6380,4960,1264,55687,306000000,1728000
1791129247.6881,4960,1264,55562,306000000,1728000
1791129247.7382,4960,1264,55656,306000000,1728000
1791129247.7883,4960,1264,55875,306000000,1728000
1791129247.8383,4960,1264,55687,306000000,1728000
1791129247.8884,4960,1264,55781,306000000,1728000
1791129247.9385,4960,1264,55593,306000000,1420800
1791129247.9886,4960,1272,55750,306000000,1728000
1791129248.0387,4960,1272,55625,306000000,1728000
1791129248.0888,4960,1272,55781,306000000,1728000
1791129248.1389,4960,1272,55593,306000000,1728000
1791129248.1890,4960,1264,55687,306000000,1728000
1791129248.2391,4960,1264,55593,306000000,1728000
1791129248.2892,4960,1264,55687,306000000,1728000
1791129248.3393,4960,1264,55812,306000000,1728000
1791129248.3893,4960,1264,55718,306000000,1728000
1791129248.4394,4960,1264,55750,306000000,1728000
1791129248.4895,4960,1272,55656,306000000,1728000
1791129248.5396,4960,1280,55750,306000000,1728000
1791129248.5897,4960,1272,55625,306000000,1728000
1791129248.6398,4960,1272,55656,306000000,1728000
1791129248.6899,4960,1272,55656,306000000,1728000
1791129248.7400,4960,1272,55687,306000000,1728000
1791129248.7900,4960,1272,55812,306000000,1728000
1791129248.8401,4960,1272,55656,306000000,1728000
1791129248.8902,4960,1272,55812,306000000,1728000
1791129248.9403,4960,1264,55625,306000000,1728000
1791129248.9904,4960,1264,55687,306000000,1728000
1791129249.0405,4960,1272,55687,306000000,1728000
1791129249.0906,4960,1280,55718,306000000,1728000
1791129249.1407,4960,1280,55593,306000000,1728000
1791129249.1908,4960,1280,55656,306000000,1728000
1791129249.2409,4960,1272,55875,306000000,1728000
1791129249.2910,4960,1272,55656,306000000,1728000
1791129249.3411,4960,1272,55812,306000000,1728000
1791129249.3912,4960,1272,55593,306000000,1728000
1791129249.4413,4960,1272,55781,306000000,1728000
1791129249.4913,4960,1272,55593,306000000,1728000
1791129249.5414,4960,1272,55656,306000000,1728000
1791129249.5915,4960,1272,55593,306000000,1728000
1791129249.6416,4960,1288,55781,306000000,1728000
1791129249.6917,4960,1280,55875,306000000,1728000
1791129249.7418,4960,1272,55625,306000000,1728000
1791129249.7919,4960,1272,55781,306000000,1728000
1791129249.8420,4960,1272,55656,306000000,1728000
1791129249.8921,4960,1272,55750,306000000,1728000
1791129249.9422,4960,1272,55656,306000000,1728000
1791129249.9923,4960,1272,55750,306000000,1728000
1791129250.0424,4960,1272,55593,306000000,1728000
1791129250.0925,4960,1264,55687,306000000,1728000
1791129250.1425,4960,1264,55906,306000000,1728000
1791129250.1926,4960,1280,55656,306000000,1728000
1791129250.2427,4960,1280,55812,306000000,1728000
1791129250.2928,4960,1288,55656,306000000,1728000
1791129250.3429,4960,1280,55718,306000000,1728000
1791129250.3930,4960,1280,55625,306000000,1728000
1791129250.4431,4960,1280,55687,306000000,1728000
1791129250.4932,4960,1272,55593,306000000,1728000
1791129250.5433,4960,1272,55687,306000000,1728000
1791129250.5934,4960,1272,55593,306000000,1728000
1791129250.6435,4960,1272,55687,306000000,1728000
1791129250.6935,4960,1272,55781,306000000,1728000
1791129250.7436,4960,1288,55625,306000000,1728000
1791129250.7937,4960,1288,55687,306000000,1728000
1791129250.8438,4960,1280,55625,306000000,1728000
1791129250.8939,4960,1280,55687,306000000,1728000
1791129250.9440,4960,1272,55593,306000000,1728000
1791129250.9941,4960,1272,55625,306000000,1728000
1791129251.0442,4960,1272,55531,306000000,1728000
1791129251.0943,4960,1264,55625,306000000,1728000
1791129251.1444,4960,1264,55843,306000000,1728000
1791129251.1945,4960,1264,55656,306000000,1728000
1791129251.2446,4960,1264,55687,306000000,1728000
1791129251.2947,4960,1272,55687,306000000,1267200
1791129251.3448,4960,1272,55718,306000000,1728000
1791129251.3949,4960,1272,55625,306000000,1728000
1791129251.4450,4960,1264,55625,306000000,1728000
1791129251.4950,4960,1264,55562,306000000,1728000
1791129251.5451,4960,1264,55718,306000000,1728000
1791129251.5952,4960,1264,55781,306000000,1728000
1791129251.6453,4960,1264,55656,306000000,1344000
1791129251.6954,4960,1264,55875,306000000,1728000
1791129251.7455,4960,1264,55593,306000000,1728000
1791129251.7956,4960,1264,55718,306000000,1728000
1791129251.8457,4960,1272,55625,306000000,1728000
1791129251.8958,4960,1280,55687,306000000,1728000
1791129251.9459,4960,1272,55593,306000000,1728000
1791129251.9960,4960,1272,55656,306000000,1728000
1791129252.0461,4960,1264,55812,306000000,1728000
1791129252.0962,4960,1264,55656,306000000,1728000
1791129252.1462,4960,1272,55781,306000000,1728000
1791129252.1963,4960,1272,55593,306000000,1728000
1791129252.2464,4960,1264,55687,306000000,1728000
1791129252.2965,4960,1272,55625,306000000,1728000
1791129252.3466,4960,1272,55718,306000000,1728000
1791129252.3967,4960,1272,55593,306000000,1728000
1791129252.4468,4960,1280,55718,306000000,1728000
1791129252.4969,4960,1280,55781,306000000,1728000
1791129252.5470,4960,1280,55687,306000000,1728000
1791129252.5971,4960,1280,55812,306000000,1728000
1791129252.6472,4960,1280,55687,306000000,1728000
1791129252.6973,4960,1272,55656,306000000,1728000
1791129252.7473,4960,1272,55593,306000000,1728000
1791129252.7974,4960,1264,55718,306000000,1728000
1791129252.8475,4960,1272,55593,306000000,1728000
1791129252.8976,4960,1272,55687,306000000,1728000
1791129252.9477,4960,1272,55562,306000000,1267200
1791129252.9978,4960,1280,55625,306000000,1344000
1791129253.0479,4960,1280,55843,306000000,1728000
1791129253.0980,4960,1272,55625,306000000,1728000
1791129253.1480,4960,1272,55781,306000000,1728000
1791129253.1981,4960,1272,55656,306000000,1728000
1791129253.2482,4960,1272,55656,306000000,1728000
1791129253.2983,4960,1272,55625,306000000,1728000
1791129253.3484,4960,1272,55687,306000000,1728000
1791129253.3985,4960,1272,55656,306000000,1728000
1791129253.4485,4960,1272,55687,306000000,1728000
1791129253.4986,4960,1272,55781,306000000,1728000
1791129253.5487,4960,1280,55656,306000000,1728000
1791129253.5988,4960,1272,55843,306000000,1728000
1791129253.6489,4960,1272,55625,306000000,1728000
1791129253.6990,4960,1272,55718,306000000,1728000
1791129253.7491,4960,1272,55625,306000000,1728000
1791129253.7992,4960,1272,55750,306000000,1728000
1791129253.8492,4960,1264,55562,306000000,1728000
1791129253.8993,4960,1264,55625,306000000,1728000
1791129253.9494,4960,1264,55750,306000000,1728000
1791129253.9995,4960,1264,55656,306000000,1728000
1791129254.0496,4960,1264,55718,306000000,1728000
1791129254.0996,4960,1280,55656,306000000,1728000
1791129254.1497,4960,1280,55718,306000000,1728000
1791129254.1999,4960,1280,55593,306000000,1728000
1791129254.2499,4960,1280,55718,306000000,1728000
1791129254.3000,4960,1272,55625,306000000,1728000
1791129254.3501,4960,1272,55656,306000000,1728000
1791129254.4002,4960,1272,55812,306000000,1728000
1791129254.4503,4960,1272,55687,306000000,1728000
1791129254.5004,4960,1272,55781,306000000,1728000
1791129254.5505,4960,1264,55531,306000000,1728000
1791129254.6005,4960,1264,55718,306000000,1728000
1791129254.6506,4960,1280,55593,306000000,1420800
1791129254.7007,4960,1288,55687,306000000,1728000
1791129254.7508,4960,1288,55593,306000000,1728000
1791129254.8009,4960,1280,55750,306000000,1728000
1791129254.8510,4960,1280,55812,306000000,1728000
1791129254.9011,4960,1272,55656,306000000,1728000
1791129254.9512,4960,1272,55812,306000000,1728000
1791129255.0013,4960,1272,55625,306000000,1728000
1791129255.0514,4960,1272,55750,306000000,1728000
1791129255.1015,4960,1272,55562,306000000,1728000
1791129255.1516,4960,1264,55718,306000000,1728000
1791129255.2017,4960,1264,55625,306000000,1728000
1791129255.2518,4960,1272,55687,306000000,1728000
1791129255.3019,4960,1272,55625,306000000,1728000
1791129255.3519,4960,1272,55656,306000000,1728000
1791129255.4020,4960,1272,55875,306000000,1728000
1791129255.4521,4960,1272,55656,306000000,1728000
1791129255.5022,4960,1272,55718,306000000,1190400
1791129255.5523,4960,1264,55562,306000000,1728000
1791129255.6024,4960,1264,55750,306000000,1728000
1791129255.6525,4960,1264,55562,306000000,1728000
1791129255.7026,4960,1264,55718,306000000,1728000
1791129255.7527,4960,1272,55625,306000000,1728000
1791129255.8028,4960,1280,55625,306000000,1728000
1791129255.8529,4960,1272,55812,306000000,1728000
1791129255.9030,4960,1272,55687,306000000,1728000
1791129255.9531,4960,1288,55750,306000000,1728000
1791129256.0032,4960,1328,55656,306000000,1574400
1791129256.0533,4952,1344,55718,306000000,1728000
1791129256.1034,4952,1368,55812,306000000,1728000
1791129256.1535,4952,1392,55750,306000000,1728000
1791129256.2036,4952,1384,55656,306000000,1728000
1791129256.2563,4952,1384,55750,306000000,1728000
1791129256.3065,4952,1392,55656,306000000,1728000
1791129256.3566,4952,1416,55906,306000000,1728000
1791129256.4067,4952,1432,56093,306000000,1728000
1791129256.4568,4952,1448,55843,306000000,1728000
1791129256.5069,4952,1448,55750,306000000,1728000
1791129256.5570,4952,1424,55687,306000000,1728000
1791129256.6071,4952,1408,55781,306000000,1728000
1791129256.6572,4952,1392,55687,306000000,1728000
1791129256.7073,4952,1376,55781,306000000,1728000
1791129256.7574,4952,1368,55656,306000000,1728000
1791129256.8075,4952,1352,55718,306000000,1728000
1791129256.8576,4952,1344,55656,306000000,1420800
1791129256.9077,4952,1344,55718,306000000,1728000
1791129256.9578,4952,1336,55781,306000000,1728000
1791129257.0078,4960,1328,55718,306000000,1728000
1791129257.0579,4960,1328,55687,306000000,1728000
1791129257.1080,4960,1320,55750,306000000,1728000
1791129257.1581,4960,1312,55750,306000000,1728000
1791129257.2082,4960,1304,55562,306000000,1728000
1791129257.2583,4960,1296,55718,306000000,1728000
1791129257.3084,4960,1296,55625,306000000,1728000
1791129257.3584,4960,1288,55750,306000000,1728000
1791129257.4085,4960,1288,55781,306000000,1728000
1791129257.4586,4960,1296,55687,306000000,1497600
1791129257.5087,4960,1296,55812,306000000,1728000
1791129257.5588,4960,1296,55687,306000000,1728000
1791129257.6089,4960,1288,55781,306000000,1728000
1791129257.6590,4960,1288,55687,306000000,1728000
1791129257.7090,4960,1272,55718,306000000,1728000
1791129257.7591,4960,1272,55593,306000000,1728000
1791129257.8092,4960,1272,55718,306000000,1728000
1791129257.8593,4960,1272,55843,306000000,1728000
1791129257.9094,4960,1272,55687,306000000,1728000
1791129257.9594,4960,1264,55781,306000000,1728000
1791129258.0095,4960,1272,55656,306000000,1728000
1791129258.0596,4960,1272,55750,306000000,1728000
1791129258.1097,4960,1272,55562,306000000,1728000
1791129258.1598,4960,1264,55656,306000000,1728000
1791129258.2099,4960,1264,55593,306000000,1728000
1791129258.2600,4960,1264,55718,306000000,1728000
1791129258.3100,4960,1264,55625,306000000,1728000
1791129258.3601,4960,1264,55625,306000000,1728000
1791129258.4102,4960,1264,55781,306000000,1728000
1791129258.4603,4960,1256,55656,306000000,1728000
1791129258.5104,4960,1256,55750,306000000,1728000
1791129258.5605,4960,1264,55656,306000000,1728000
1791129258.6106,4960,1272,55687,306000000,1728000
1791129258.6607,4960,1272,55625,306000000,1728000
1791129258.7107,4960,1264,55656,306000000,1728000
1791129258.7608,4960,1264,55687,306000000,1728000
1791129258.8109,4960,1264,55625,306000000,1728000
1791129258.8610,4960,1264,55750,306000000,1728000
1791129258.9111,4960,1264,55625,306000000,1728000
1791129258.9611,4960,1264,55687,306000000,1728000
1791129259.0112,4960,1264,55656,306000000,1728000
1791129259.0613,4960,1264,55687,306000000,1728000
1791129259.1114,4960,1264,55656,306000000,1420800
1791129259.1615,4960,1272,55656,306000000,1728000
1791129259.2116,4960,1272,55656,306000000,1728000
1791129259.2617,4960,1272,55718,306000000,1728000
1791129259.3118,4960,1272,55718,306000000,1728000
1791129259.3619,4960,1272,55687,306000000,1728000
1791129259.4120,4960,1264,55718,306000000,1728000
1791129259.4620,4960,1264,55718,306000000,1728000
1791129259.5121,4960,1272,55750,306000000,1728000
1791129259.5622,4960,1272,55593,306000000,1728000
1791129259.6123,4960,1272,55656,306000000,1728000
1791129259.6624,4960,1280,55562,306000000,1728000
1791129259.7125,4960,1288,55718,306000000,1728000
1791129259.7626,4960,1280,55812,306000000,1728000
1791129259.8127,4960,1272,55593,306000000,1728000
1791129259.8628,4960,1272,55781,306000000,1728000
1791129259.9129,4960,1272,55593,306000000,1728000
1791129259.9630,4960,1272,55718,306000000,1728000
1791129260.0131,4960,1272,55656,306000000,1728000
1791129260.0631,4960,1272,55718,306000000,1728000
1791129260.1132,4960,1272,55656,306000000,1728000
1791129260.1633,4960,1272,55687,306000000,1728000
1791129260.2134,4960,1272,55562,306000000,1728000
1791129260.2635,4960,1280,55656,306000000,1728000
1791129260.3136,4960,1280,55781,306000000,1728000
1791129260.3637,4960,1280,55750,306000000,1728000
1791129260.4138,4960,1280,55781,306000000,1728000
1791129260.4639,4960,1280,55625,306000000,1728000
1791129260.5140,4960,1280,55750,306000000,1728000
1791129260.5641,4960,1272,55593,306000000,1728000
1791129260.6142,4960,1272,55656,306000000,1728000
1791129260.6643,4960,1272,55687,306000000,1728000
1791129260.7144,4960,1272,55687,306000000,1728000
1791129260.7645,4960,1272,55812,306000000,1728000
1791129260.8146,4960,1280,55625,306000000,1420800
1791129260.8647,4960,1280,55718,306000000,1728000
1791129260.9147,4960,1280,55593,306000000,1728000
1791129260.9648,4960,1280,55718,306000000,1728000
1791129261.0149,4960,1272,55687,306000000,1728000
1791129261.0650,4960,1272,55750,306000000,1728000
1791129261.1151,4960,1272,55625,306000000,1728000
1791129261.1652,4960,1272,55687,306000000,1728000
1791129261.2153,4960,1272,55812,306000000,1728000
1791129261.2654,4960,1272,55625,306000000,1728000
1791129261.3155,4960,1264,55718,306000000,1728000
1791129261.3656,4960,1280,55625,306000000,1728000
1791129261.4157,4960,1280,55593,306000000,1728000
1791129261.4658,4960,1280,55593,306000000,1728000
1791129261.5158,4960,1280,55781,306000000,1728000
1791129261.5659,4960,1272,55687,306000000,1728000
1791129261.6160,4960,1272,55687,306000000,1728000
1791129261.6661,4960,1272,55687,306000000,1728000
1791129261.7162,4960,1272,55656,306000000,1728000
1791129261.7663,4960,1264,55750,306000000,1728000
1791129261.8164,4960,1264,55625,306000000,1728000
1791129261.8664,4960,1256,55718,306000000,1728000
1791129261.9165,4960,1264,55687,306000000,1728000
1791129261.9667,4960,1272,55750,306000000,1728000
1791129262.0168,4960,1272,55656,306000000,1728000
1791129262.0668,4960,1264,55656,306000000,1728000
1791129262.1169,4960,1264,55843,306000000,1728000
1791129262.1671,4960,1272,55656,306000000,1728000
1791129262.2172,4960,1272,55718,306000000,1728000
1791129262.2673,4960,1264,55656,306000000,1728000
1791129262.3173,4960,1264,55750,306000000,1728000
1791129262.3674,4960,1264,55562,306000000,1728000
1791129262.4175,4960,1264,55625,306000000,1728000
1791129262.4676,4960,1272,55625,306000000,1728000
1791129262.5177,4960,1280,55718,306000000,1728000
1791129262.5678,4960,1280,55656,306000000,1728000
1791129262.6179,4960,1272,55687,306000000,1728000
1791129262.6680,4960,1272,55718,306000000,1728000
1791129262.7181,4960,1272,55656,306000000,1728000
1791129262.7682,4960,1264,55843,306000000,1728000
1791129262.8183,4960,1264,55625,306000000,1728000
1791129262.8683,4960,1264,55781,306000000,1728000
1791129262.9184,4960,1256,55656,306000000,1728000
1791129262.9685,4960,1256,55625,306000000,1728000
1791129263.0186,4960,1264,55656,306000000,1728000
1791129263.0687,4960,1272,55593,306000000,1728000
1791129263.1188,4960,1264,55781,306000000,1728000
1791129263.1689,4960,1264,55625,306000000,1728000
1791129263.2189,4960,1264,55750,306000000,1728000
1791129263.2690,4960,1264,55625,306000000,1728000
1791129263.3191,4960,1264,55750,306000000,1728000
1791129263.3692,4960,1264,55656,306000000,1728000
1791129263.4193,4960,1264,55750,306000000,1728000
1791129263.4694,4960,1256,55625,306000000,1728000
1791129263.5195,4960,1256,55718,306000000,1728000
1791129263.5695,4960,1264,55812,306000000,1420800
1791129263.6196,4960,1272,55593,306000000,1728000
1791129263.6697,4960,1272,55750,306000000,1728000
1791129263.7198,4960,1272,55656,306000000,1728000
1791129263.7699,4960,1272,55718,306000000,1728000
1791129263.8200,4960,1272,55687,306000000,1728000
1791129263.8701,4960,1264,55625,306000000,1728000
1791129263.9201,4960,1264,55593,306000000,1728000
1791129263.9702,4960,1256,55687,306000000,1728000
1791129264.0203,4960,1256,55750,306000000,1728000
1791129264.0704,4960,1256,55718,306000000,1728000
1791129264.1205,4960,1240,55812,306000000,1728000
1791129264.1706,4960,1248,55656,306000000,1728000
1791129264.2207,4960,1248,55687,306000000,1728000
1791129264.2708,4960,1240,55812,306000000,1728000
1791129264.3208,4960,1240,55656,306000000,1728000
1791129264.3709,4960,1232,56000,306000000,1728000
1791129264.4210,4960,1232,55625,306000000,1728000
1791129264.4711,4960,1224,55781,306000000,1728000
1791129264.5212,4960,1224,55718,306000000,1728000
1791129264.5712,4960,1224,55812,306000000,1728000
1791129264.6213,4960,1216,55656,306000000,1728000
1791129264.6714,4960,1216,55718,306000000,1728000
1791129264.7215,4960,1224,55718,306000000,1728000
1791129264.7716,4960,1232,55843,306000000,1728000
1791129264.8217,4960,1224,56000,306000000,1728000
1791129264.8718,4960,1224,55750,306000000,1728000
1791129264.9219,4960,1216,55968,306000000,1728000
1791129264.9720,4960,1216,55625,306000000,1728000
1791129265.0220,4960,1216,55812,306000000,1728000
1791129265.0721,4960,1208,56000,306000000,1728000
1791129265.1222,4960,1208,55750,306000000,1728000
1791129265.1723,4960,1208,55656,306000000,1728000
1791129265.2224,4960,1208,55718,306000000,1728000
1791129265.2725,4960,1216,55718,306000000,1728000
1791129265.3226,4960,1224,55875,306000000,1728000
1791129265.3727,4960,1216,55906,306000000,1728000
1791129265.4227,4960,1216,55687,306000000,1728000
1791129265.4728,4960,1216,55906,306000000,1728000
1791129265.5229,4960,1216,55687,306000000,1728000
1791129265.5730,4960,1208,55750,306000000,1728000
1791129265.6231,4960,1208,55906,306000000,1728000
1791129265.6732,4960,1208,55812,306000000,1728000
1791129265.7232,4960,1208,55593,306000000,1728000
1791129265.7733,4960,1208,55687,306000000,1728000
1791129265.8234,4960,1216,55843,306000000,1728000
1791129265.8735,4960,1224,55750,306000000,1728000
1791129265.9236,4960,1216,55843,306000000,1728000
1791129265.9737,4960,1216,55687,306000000,1728000
1791129266.0238,4960,1216,55781,306000000,1728000
1791129266.0739,4960,1216,55718,306000000,1728000
1791129266.1239,4960,1208,55718,306000000,1728000
1791129266.1740,4960,1208,55875,306000000,1728000
1791129266.2241,4960,1208,55687,306000000,1728000
1791129266.2742,4960,1216,56031,306000000,1728000
1791129266.3243,4960,1208,55750,306000000,1728000
1791129266.3744,4960,1216,55812,306000000,1728000
1791129266.4245,4960,1224,55750,306000000,1728000
1791129266.4746,4960,1224,55781,306000000,1728000
1791129266.5247,4960,1216,55625,306000000,1728000
1791129266.5747,4960,1216,55875,306000000,1728000
1791129266.6248,4960,1232,55625,306000000,1728000
1791129266.6749,4960,1232,55750,306000000,1728000
1791129266.7250,4960,1232,55843,306000000,1728000
1791129266.7751,4960,1232,55687,306000000,1728000
1791129266.8252,4960,1248,56062,306000000,1728000
1791129266.8752,4960,1256,55750,306000000,1728000
1791129266.9253,4960,1256,55843,306000000,1728000
1791129266.9754,4960,1264,55781,306000000,1728000
1791129267.0255,4960,1240,55843,306000000,1728000
1791129267.0756,4960,1208,55593,306000000,1728000
