1791130165.6601,4952,1408,60687,1020000000,1728000
1791130165.7102,4952,1456,60812,1020000000,1728000
1791130165.7603,4952,1512,60875,1020000000,1728000
1791130165.8104,4944,1520,60468,1020000000,1728000
1791130165.8604,4944,1520,60156,1020000000,1728000
1791130165.9105,4944,1536,60218,1020000000,1728000
1791130165.9606,4944,1536,60156,1020000000,1728000
1791130166.0107,4944,1536,60281,1020000000,1728000
1791130166.0607,4944,1544,60125,1020000000,1728000
1791130166.1108,4944,1544,60218,1020000000,1728000
1791130166.1609,4944,1552,60156,1020000000,1728000
1791130166.2110,4944,1568,60312,1020000000,1728000
1791130166.2611,4944,1568,60437,1020000000,1728000
1791130166.3111,4944,1568,60156,1020000000,1728000
1791130166.3612,4944,1568,60312,1020000000,1728000
1791130166.4113,4944,1576,60375,1020000000,1728000
1791130166.4613,4944,1576,60343,1020000000,1728000
1791130166.5114,4944,1576,60281,1020000000,1728000
1791130166.5615,4944,1568,60250,1020000000,1728000
1791130166.6116,4944,1568,60250,1020000000,1728000
1791130166.6616,4944,1576,60312,1020000000,1728000
1791130166.7117,4944,1584,60343,1020000000,1728000
1791130166.7618,4944,1616,60437,1020000000,1728000
1791130166.8119,4944,1688,60562,1020000000,1728000
1791130166.8620,4936,1744,60250,1020000000,1728000
1791130166.9121,4936,1824,60500,1020000000,1728000
1791130166.9622,4936,1864,60625,1020000000,1728000
1791130167.0123,4936,1928,60375,1020000000,1728000
1791130167.0623,4928,1992,60593,1020000000,1728000
1791130167.1124,4928,2040,60531,1020000000,1728000
1791130167.1625,4928,2072,60437,1020000000,1728000
1791130167.2126,4928,2096,60437,1020000000,1728000
1791130167.2627,4928,2144,60750,1020000000,1728000
1791130167.3127,4920,2176,60562,1020000000,1728000
1791130167.3628,4920,2192,60625,1020000000,1728000
1791130167.4129,4920,2216,60656,1020000000,1728000
1791130167.4630,4920,2224,60718,1020000000,1728000
1791130167.5131,4920,2240,60656,1020000000,1728000
1791130167.5632,4920,2256,60656,1020000000,1728000
1791130167.6133,4920,2288,60781,1020000000,1728000
1791130167.6633,4920,2272,60656,1020000000,1728000
1791130167.7134,4920,2296,60718,1020000000,1728000
1791130167.7635,4920,2312,60843,1020000000,1728000
1791130167.8136,4920,2320,60812,1020000000,1728000
1791130167.8637,4920,2328,60781,1020000000,1728000
1791130167.9138,4920,2344,60875,1020000000,1728000
1791130167.9639,4920,2352,61000,1020000000,1728000
1791130168.0139,4920,2352,60875,1020000000,1728000
1791130168.0640,4920,2344,60906,1020000000,1728000
1791130168.1141,4920,2352,60625,1020000000,1728000
1791130168.1642,4920,2328,60781,1020000000,1728000
1791130168.2143,4920,2344,60937,1020000000,1728000
1791130168.2644,4920,2352,60718,1020000000,1728000
1791130168.3144,4920,2336,60687,1020000000,1728000
1791130168.3645,4920,2352,61031,1020000000,1728000
1791130168.4146,4920,2336,60656,1020000000,1728000
1791130168.4647,4920,2344,60812,1020000000,1728000
1791130168.5148,4920,2360,61125,1020000000,1728000
1791130168.5649,4920,2336,60750,1020000000,1728000
1791130168.6149,4920,2336,60718,1020000000,1728000
1791130168.6650,4920,2328,61031,1020000000,1728000
1791130168.7151,4920,2336,60750,1020000000,1728000
1791130168.7652,4920,2328,60875,1020000000,1728000
1791130168.8153,4920,2336,60843,1020000000,1728000
1791130168.8654,4920,2352,60843,1020000000,1728000
1791130168.9155,4920,2352,60906,1020000000,1728000
1791130168.9655,4920,2352,60906,1020000000,1728000
1791130169.0156,4920,2368,60812,1020000000,1728000
1791130169.0657,4920,2344,60843,1020000000,1728000
1791130169.1158,4920,2360,60906,1020000000,1728000
1791130169.1658,4920,2344,61031,1020000000,1728000
1791130169.2159,4920,2344,60875,1020000000,1728000
1791130169.2660,4920,2360,61000,1020000000,1728000
1791130169.3161,4920,2344,60968,1020000000,1728000
1791130169.3662,4920,2344,60968,1020000000,1728000
1791130169.4163,4920,2360,60968,1020000000,1728000
1791130169.4663,4920,2344,60968,1020000000,1728000
1791130169.5164,4920,2360,60937,1020000000,1728000
1791130169.5665,4920,2344,60906,1020000000,1728000
1791130169.6166,4920,2352,61031,1020000000,1728000
1791130169.6667,4920,2360,60875,1020000000,1728000
1791130169.7167,4920,2344,60968,1020000000,1728000
1791130169.7668,4920,2344,61062,1020000000,1728000
1791130169.8169,4920,2352,60812,1020000000,1728000
1791130169.8670,4920,2336,60968,1020000000,1728000
1791130169.9171,4920,2344,61093,1020000000,1728000
1791130169.9672,4920,2328,60843,1020000000,1728000
1791130170.0172,4920,2352,60937,1020000000,1728000
1791130170.0673,4920,2360,61156,1020000000,1728000
1791130170.1174,4920,2336,60875,1020000000,1728000
1791130170.1675,4920,2352,60843,1020000000,1728000
1791130170.2176,4920,2328,61156,1020000000,1728000
1791130170.2676,4920,2344,60906,1020000000,1728000
1791130170.3177,4920,2352,60937,1020000000,1728000
1791130170.3678,4920,2328,60906,1020000000,1728000
1791130170.4179,4920,2344,61031,1020000000,1728000
1791130170.4680,4920,2344,60906,1020000000,1728000
1791130170.5180,4920,2336,61062,1020000000,1728000
1791130170.5681,4912,2368,60937,1020000000,1728000
1791130170.6182,4920,2376,61062,1020000000,1728000
1791130170.6683,4920,2368,61000,1020000000,1728000
1791130170.7184,4920,2360,60937,1020000000,1728000
1791130170.7685,4920,2376,60906,1020000000,1728000
1791130170.8185,4920,2376,61031,1020000000,1728000
1791130170.8686,4920,2368,61093,1020000000,1728000
1791130170.9187,4920,2376,60968,1020000000,1728000
1791130170.9688,4920,2384,61062,1020000000,1728000
1791130171.0189,4920,2360,61093,1020000000,1728000
1791130171.0690,4920,2368,61000,1020000000,1728000
1791130171.1191,4912,2392,61093,1020000000,1728000
1791130171.1691,4920,2376,61187,1020000000,1728000
1791130171.2192,4920,2376,61281,1020000000,1728000
1791130171.2693,4920,2320,61000,1020000000,1728000
1791130171.3194,4920,2248,61000,1020000000,1728000
1791130171.3695,4920,2216,60843,1020000000,1728000
1791130171.4198,4920,2232,60968,1020000000,1728000
1791130171.4698,4920,2256,61062,1020000000,1728000
1791130171.5199,4920,2256,61093,1020000000,1728000
1791130171.5700,4920,2264,61062,1020000000,1728000
1791130171.6201,4920,2288,61187,1020000000,1728000
1791130171.6701,4920,2288,61031,1020000000,1728000
1791130171.7202,4920,2304,60906,1020000000,1728000
1791130171.7703,4920,2312,61250,1020000000,1728000
1791130171.8203,4920,2304,60937,1020000000,1728000
1791130171.8704,4920,2328,61062,1020000000,1728000
1791130171.9205,4920,2344,60875,1020000000,1728000
1791130171.9705,4920,2328,60906,1020000000,1728000
1791130172.0206,4920,2344,60968,1020000000,1728000
1791130172.0707,4920,2328,61156,1020000000,1728000
1791130172.1207,4920,2336,60937,1020000000,1728000
1791130172.1708,4920,2320,60937,1020000000,1728000
1791130172.2209,4920,2344,61187,1020000000,1728000
1791130172.2709,4920,2352,60937,1020000000,1728000
1791130172.3210,4920,2336,61062,1020000000,1728000
1791130172.3710,4920,2344,61093,1020000000,1728000
1791130172.4211,4920,2320,61000,1020000000,1728000
1791130172.4712,4920,2336,61031,1020000000,1728000
1791130172.5212,4920,2336,61093,1020000000,1728000
1791130172.5713,4920,2328,61125,1020000000,1728000
1791130172.6214,4920,2344,61031,1020000000,1728000
1791130172.6714,4920,2344,61156,1020000000,1728000
1791130172.7215,4920,2344,61156,1020000000,1728000
1791130172.7716,4920,2352,61125,1020000000,1728000
1791130172.8216,4920,2344,61125,1020000000,1728000
1791130172.8717,4920,2352,61187,1020000000,1728000
1791130172.9218,4920,2336,61062,1020000000,1728000
1791130172.9718,4920,2344,61156,1020000000,1728000
1791130173.0219,4920,2344,61281,1020000000,1728000
1791130173.0720,4920,2336,60968,1020000000,1728000
1791130173.1220,4920,2344,61218,1020000000,1728000
1791130173.1721,4920,2360,61312,1020000000,1728000
1791130173.2222,4920,2336,61000,1020000000,1728000
1791130173.2722,4920,2360,61312,1020000000,1728000
1791130173.3223,4920,2368,61375,1020000000,1728000
1791130173.3724,4920,2352,60937,1020000000,1728000
1791130173.4224,4920,2368,61250,1020000000,1728000
1791130173.4725,4920,2376,61062,1020000000,1728000
1791130173.5226,4912,2384,61031,1020000000,1728000
1791130173.5726,4920,2360,61031,1020000000,1728000
1791130173.6227,4920,2368,61062,1020000000,1728000
1791130173.6728,4920,2360,61000,1020000000,1728000
1791130173.7229,4920,2352,61125,1020000000,1728000
1791130173.7729,4920,2360,61125,1020000000,1728000
1791130173.8230,4920,2360,61062,1020000000,1728000
1791130173.8731,4920,2368,61093,1020000000,1728000
1791130173.9231,4920,2384,61125,1020000000,1728000
1791130173.9732,4920,2360,61031,1020000000,1728000
1791130174.0233,4920,2360,61093,1020000000,1728000
1791130174.0734,4920,2368,61187,1020000000,1728000
1791130174.1234,4920,2344,61093,1020000000,1728000
1791130174.1735,4920,2360,61125,1020000000,1728000
1791130174.2236,4920,2376,61187,1020000000,1728000
1791130174.2736,4920,2360,61062,1020000000,1728000
1791130174.3237,4920,2352,61093,1020000000,1728000
1791130174.3738,4920,2376,61187,1020000000,1728000
1791130174.4239,4920,2360,61312,1020000000,1728000
1791130174.4739,4920,2360,61125,1020000000,1728000
1791130174.5240,4912,2368,61156,1020000000,1728000
1791130174.5741,4920,2344,61312,1020000000,1728000
1791130174.6242,4920,2360,61093,1020000000,1728000
1791130174.6743,4920,2368,61250,1020000000,1728000
1791130174.7244,4920,2352,61343,1020000000,1728000
1791130174.7744,4920,2360,61000,1020000000,1728000
1791130174.8245,4920,2352,61250,1020000000,1728000
1791130174.8746,4920,2344,61250,1020000000,1728000
1791130174.9247,4912,2368,61218,1020000000,1728000
1791130174.9748,4920,2360,61250,1020000000,1728000
1791130175.0248,4912,2360,61437,1020000000,1728000
1791130175.0749,4912,2376,61000,1020000000,1728000
1791130175.1250,4920,2352,61312,1020000000,1728000
1791130175.1750,4920,2352,61000,1020000000,1728000
1791130175.2251,4920,2368,61031,1020000000,1728000
1791130175.2752,4920,2352,61093,1020000000,1728000
1791130175.3252,4920,2352,61031,1020000000,1728000
1791130175.3753,4920,2360,61062,1020000000,1728000
1791130175.4254,4920,2352,61125,1020000000,1728000
1791130175.4755,4920,2368,61031,1020000000,1728000
1791130175.5256,4912,2376,61031,1020000000,1728000
1791130175.5756,4912,2384,61187,1020000000,1728000
1791130175.6257,4920,2376,61093,1020000000,1728000
1791130175.6758,4920,2368,61125,1020000000,1728000
1791130175.7258,4920,2376,61218,1020000000,1728000
1791130175.7759,4912,2384,61281,1020000000,1728000
1791130175.8260,4920,2368,61093,1020000000,1728000
1791130175.8760,4920,2368,61093,1020000000,1728000
1791130175.9261,4920,2376,61218,1020000000,1728000
1791130175.9762,4920,2352,61093,1020000000,1728000
1791130176.0263,4912,2376,61343,1020000000,1728000
1791130176.0763,4912,2376,61218,1020000000,1728000
1791130176.1264,4920,2360,61312,1020000000,1728000
1791130176.1765,4912,2368,61187,1020000000,1728000
1791130176.2266,4920,2344,61343,1020000000,1728000
1791130176.2766,4920,2352,61375,1020000000,1728000
1791130176.3267,4920,2352,61218,1020000000,1728000
1791130176.3768,4920,2344,61281,1020000000,1728000
1791130176.4268,4920,2360,61375,1020000000,1728000
1791130176.4769,4920,2336,61250,1020000000,1728000
1791130176.5270,4920,2352,61343,1020000000,1728000
1791130176.5770,4920,2384,61406,1020000000,1728000
1791130176.6271,4920,2368,61125,1020000000,1728000
1791130176.6772,4920,2368,61375,1020000000,1728000
1791130176.7273,4920,2376,61031,1020000000,1728000
1791130176.7773,4920,2368,61062,1020000000,1728000
1791130176.8274,4920,2360,61406,1020000000,1728000
1791130176.8774,4920,2368,61125,1020000000,1728000
1791130176.9275,4920,2344,61125,1020000000,1728000
1791130176.9776,4920,2360,61187,1020000000,1728000
1791130177.0276,4920,2368,61062,1020000000,1728000
1791130177.0777,4920,2344,61125,1020000000,1728000
1791130177.1278,4920,2376,61187,1020000000,1728000
1791130177.1779,4920,2376,61093,1020000000,1728000
1791130177.2280,4920,2352,61093,1020000000,1728000
1791130177.2780,4920,2360,61156,1020000000,1728000
1791130177.3281,4920,2336,61218,1020000000,1728000
1791130177.3782,4920,2352,61093,1020000000,1728000
1791130177.4282,4920,2352,61156,1020000000,1728000
1791130177.4783,4920,2336,61312,1020000000,1728000
1791130177.5284,4920,2352,61125,1020000000,1728000
1791130177.5784,4920,2352,61187,1020000000,1728000
1791130177.6285,4920,2344,61218,1020000000,1728000
1791130177.6786,4920,2368,61125,1020000000,1728000
1791130177.7287,4920,2360,61218,1020000000,1728000
1791130177.7788,4920,2360,61343,1020000000,1728000
1791130177.8288,4920,2368,61187,1020000000,1728000
1791130177.8789,4920,2360,61218,1020000000,1728000
1791130177.9290,4920,2352,61250,1020000000,1728000
1791130177.9791,4920,2368,61437,1020000000,1728000
1791130178.0291,4920,2352,61187,1020000000,1728000
1791130178.0792,4920,2360,61343,1020000000,1728000
1791130178.1293,4920,2376,61468,1020000000,1728000
1791130178.1794,4920,2352,61312,1020000000,1728000
1791130178.2294,4920,2368,61375,1020000000,1728000
1791130178.2795,4912,2376,61031,1020000000,1728000
1791130178.3296,4920,2376,61125,1020000000,1728000
1791130178.3797,4920,2336,61375,1020000000,1728000
1791130178.4297,4920,2256,60843,1020000000,1728000
1791130178.4798,4920,2224,60968,1020000000,1728000
1791130178.5299,4920,2216,61281,1020000000,1728000
1791130178.5799,4920,2240,61031,1020000000,1728000
1791130178.6300,4920,2240,61062,1020000000,1728000
1791130178.6801,4920,2248,61406,1020000000,1728000
1791130178.7301,4920,2280,61062,1020000000,1728000
1791130178.7802,4920,2304,61156,1020000000,1728000
1791130178.8303,4920,2288,61218,1020000000,1728000
1791130178.8804,4920,2312,61093,1020000000,1728000
1791130178.9304,4920,2304,61093,1020000000,1728000
1791130178.9805,4920,2312,61187,1020000000,1728000
1791130179.0306,4920,2328,61218,1020000000,1728000
1791130179.0806,4920,2312,61062,1020000000,1728000
1791130179.1307,4920,2320,61187,1020000000,1728000
1791130179.1808,4920,2344,61062,1020000000,1728000
1791130179.2309,4920,2328,61156,1020000000,1728000
1791130179.2809,4920,2344,61250,1020000000,1728000
1791130179.3310,4920,2336,61281,1020000000,1728000
1791130179.3811,4920,2336,61156,1020000000,1728000
1791130179.4312,4920,2344,61218,1020000000,1728000
1791130179.4812,4920,2336,61343,1020000000,1728000
1791130179.5313,4920,2336,61125,1020000000,1728000
1791130179.5814,4920,2352,61250,1020000000,1728000
1791130179.6314,4920,2328,61312,1020000000,1728000
1791130179.6815,4920,2336,61468,1020000000,1728000
1791130179.7316,4920,2336,61218,1020000000,1728000
1791130179.7816,4920,2328,61343,1020000000,1728000
1791130179.8317,4920,2352,61250,1020000000,1728000
1791130179.8818,4912,2360,61406,1020000000,1728000
1791130179.9319,4920,2344,61375,1020000000,1728000
1791130179.9819,4920,2352,61156,1020000000,1728000
1791130180.0320,4920,2352,61343,1020000000,1728000
1791130180.0821,4920,2344,61406,1020000000,1728000
1791130180.1321,4920,2352,61125,1020000000,1728000
1791130180.1822,4920,2336,61187,1020000000,1728000
1791130180.2323,4920,2344,61468,1020000000,1728000
1791130180.2823,4920,2352,61125,1020000000,1728000
1791130180.3324,4920,2352,61218,1020000000,1728000
1791130180.3825,4920,2352,61437,1020000000,1728000
1791130180.4326,4920,2344,61156,1020000000,1728000
1791130180.4826,4920,2344,61156,1020000000,1728000
1791130180.5327,4920,2352,61156,1020000000,1728000
1791130180.5827,4920,2336,61156,1020000000,1728000
1791130180.6328,4920,2344,61250,1020000000,1728000
1791130180.6829,4920,2360,61312,1020000000,1728000
1791130180.7330,4920,2336,61125,1020000000,1728000
1791130180.7830,4920,2352,61218,1020000000,1728000
1791130180.8331,4920,2360,61218,1020000000,1728000
1791130180.8832,4920,2360,61187,1020000000,1728000
1791130180.9333,4920,2368,61281,1020000000,1728000
1791130180.9833,4920,2376,61281,1020000000,1728000
1791130181.0334,4920,2376,61406,1020000000,1728000
1791130181.0835,4920,2360,61281,1020000000,1728000
1791130181.1336,4920,2376,61375,1020000000,1728000
1791130181.1836,4920,2352,61375,1020000000,1728000
1791130181.2337,4920,2360,61312,1020000000,1728000
1791130181.2838,4920,2368,61312,1020000000,1728000
1791130181.3338,4920,2344,61406,1020000000,1728000
1791130181.3839,4920,2352,61281,1020000000,1728000
1791130181.4340,4920,2352,61406,1020000000,1728000
1791130181.4841,4920,2352,61468,1020000000,1728000
1791130181.5341,4912,2368,61187,1020000000,1728000
1791130181.5842,4920,2352,61406,1020000000,1728000
1791130181.6343,4920,2352,61468,1020000000,1728000
1791130181.6843,4912,2360,61187,1020000000,1728000
1791130181.7344,4920,2336,61375,1020000000,1728000
1791130181.7845,4920,2344,61500,1020000000,1728000
1791130181.8345,4920,2328,61156,1020000000,1728000
1791130181.8846,4920,2336,61406,1020000000,1728000
1791130181.9347,4920,2328,61531,1020000000,1728000
1791130181.9848,4920,2336,61187,1020000000,1728000
1791130182.0348,4920,2352,61312,1020000000,1728000
1791130182.0849,4920,2344,61156,1020000000,1728000
1791130182.1350,4920,2344,61218,1020000000,1728000
1791130182.1851,4920,2360,61250,1020000000,1728000
1791130182.2351,4920,2336,61187,1020000000,1728000
1791130182.2852,4920,2344,61218,1020000000,1728000
1791130182.3353,4920,2352,61218,1020000000,1728000
1791130182.3853,4920,2344,61281,1020000000,1728000
1791130182.4354,4920,2352,61250,1020000000,1728000
1791130182.4855,4920,2360,61250,1020000000,1728000
1791130182.5356,4912,2384,61406,1020000000,1728000
1791130182.5856,4920,2360,61218,1020000000,1728000
1791130182.6357,4912,2368,61343,1020000000,1728000
1791130182.6858,4920,2360,61375,1020000000,1728000
1791130182.7359,4920,2360,61312,1020000000,1728000
1791130182.7859,4912,2376,61312,1020000000,1728000
1791130182.8360,4912,2368,61343,1020000000,1728000
1791130182.8860,4912,2360,61468,1020000000,1728000
1791130182.9361,4912,2368,61343,1020000000,1728000
1791130182.9862,4920,2344,61406,1020000000,1728000
1791130183.0362,4920,2352,61468,1020000000,1728000
1791130183.0863,4912,2368,61406,1020000000,1728000
1791130183.1364,4920,2360,61406,1020000000,1728000
1791130183.1865,4920,2360,61531,1020000000,1728000
1791130183.2366,4920,2360,61281,1020000000,1728000
1791130183.2866,4920,2352,61375,1020000000,1728000
1791130183.3367,4920,2360,61468,1020000000,1728000
1791130183.3868,4920,2352,61250,1020000000,1728000
1791130183.4368,4920,2344,61468,1020000000,1728000
1791130183.4869,4920,2360,61687,1020000000,1728000
1791130183.5370,4912,2368,61218,1020000000,1728000
1791130183.5870,4920,2344,61500,1020000000,1728000
1791130183.6371,4912,2368,61250,1020000000,1728000
1791130183.6872,4920,2360,61218,1020000000,1728000
1791130183.7373,4920,2360,61343,1020000000,1728000
1791130183.7873,4920,2368,61250,1020000000,1728000
1791130183.8374,4920,2352,61281,1020000000,1728000
1791130183.8875,4920,2368,61312,1020000000,1728000
1791130183.9375,4920,2376,61343,1020000000,1728000
1791130183.9876,4920,2352,61281,1020000000,1728000
1791130184.0377,4920,2360,61343,1020000000,1728000
1791130184.0877,4920,2344,61281,1020000000,1728000
1791130184.1378,4920,2344,61312,1020000000,1728000
1791130184.1879,4920,2376,61281,1020000000,1728000
1791130184.2380,4920,2368,61406,1020000000,1728000
1791130184.2880,4920,2368,61312,1020000000,1728000
1791130184.3381,4920,2376,61343,1020000000,1728000
1791130184.3882,4920,2368,61406,1020000000,1728000
1791130184.4382,4920,2360,61343,1020000000,1728000
1791130184.4883,4920,2368,61375,1020000000,1728000
1791130184.5384,4920,2344,61437,1020000000,1728000
1791130184.5884,4920,2352,61375,1020000000,1728000
1791130184.6385,4920,2360,61406,1020000000,1728000
1791130184.6886,4920,2352,61468,1020000000,1728000
1791130184.7386,4920,2368,61468,1020000000,1728000
1791130184.7887,4912,2376,61406,1020000000,1728000
1791130184.8388,4920,2360,61406,1020000000,1728000
1791130184.8888,4920,2360,61500,1020000000,1728000
1791130184.9389,4912,2368,61437,1020000000,1728000
1791130184.9890,4920,2352,61531,1020000000,1728000
1791130185.0390,4920,2360,61687,1020000000,1728000
1791130185.0891,4912,2360,61281,1020000000,1728000
1791130185.1392,4920,2344,61593,1020000000,1728000
1791130185.1892,4920,2352,61250,1020000000,1728000
1791130185.2393,4920,2344,61312,1020000000,1728000
1791130185.2894,4920,2352,61593,1020000000,1728000
1791130185.3395,4920,2352,61250,1020000000,1728000
1791130185.3895,4920,2344,61281,1020000000,1728000
1791130185.4396,4912,2360,61593,1020000000,1728000
1791130185.4897,4920,2336,61281,1020000000,1728000
1791130185.5397,4920,2352,61281,1020000000,1728000
1791130185.5898,4920,2360,61406,1020000000,1728000
1791130185.6399,4920,2312,61250,1020000000,1728000
1791130185.6900,4920,2240,61187,1020000000,1728000
1791130185.7400,4920,2176,61187,1020000000,1728000
1791130185.7901,4920,2200,61125,1020000000,1728000
1791130185.8402,4920,2232,61250,1020000000,1728000
1791130185.8903,4920,2248,61312,1020000000,1728000
1791130185.9403,4920,2272,61406,1020000000,1728000
1791130185.9904,4920,2280,61343,1020000000,1728000
1791130186.0405,4920,2272,61281,1020000000,1728000
1791130186.0905,4920,2296,61468,1020000000,1728000
1791130186.1406,4920,2304,61312,1020000000,1728000
1791130186.1907,4920,2296,61406,1020000000,1728000
1791130186.2408,4920,2312,61437,1020000000,1728000
1791130186.2908,4920,2312,61312,1020000000,1728000
1791130186.3409,4920,2320,61437,1020000000,1728000
1791130186.3910,4920,2336,61531,1020000000,1728000
1791130186.4411,4920,2328,61593,1020000000,1728000
1791130186.4911,4920,2344,61406,1020000000,1728000
1791130186.5412,4920,2320,61468,1020000000,1728000
1791130186.5913,4920,2336,61593,1020000000,1728000
1791130186.6414,4920,2344,61500,1020000000,1728000
1791130186.6914,4920,2344,61562,1020000000,1728000
1791130186.7415,4920,2336,61250,1020000000,1728000
1791130186.7916,4920,2336,61406,1020000000,1728000
1791130186.8416,4920,2328,61562,1020000000,1728000
1791130186.8917,4920,2344,61281,1020000000,1728000
1791130186.9418,4920,2352,61406,1020000000,1728000
1791130186.9919,4920,2344,61625,1020000000,1728000
1791130187.0419,4920,2360,61375,1020000000,1728000
1791130187.0920,4920,2352,61343,1020000000,1728000
1791130187.1420,4920,2344,61656,1020000000,1728000
1791130187.1921,4920,2360,61218,1020000000,1728000
1791130187.2422,4920,2368,61375,1020000000,1728000
1791130187.2923,4920,2344,61406,1020000000,1728000
1791130187.3423,4920,2360,61312,1020000000,1728000
1791130187.3924,4920,2344,61406,1020000000,1728000
1791130187.4425,4920,2352,61375,1020000000,1728000
1791130187.4926,4920,2352,61343,1020000000,1728000
1791130187.5426,4920,2352,61437,1020000000,1728000
1791130187.5927,4920,2360,61468,1020000000,1728000
1791130187.6428,4920,2360,61375,1020000000,1728000
1791130187.6928,4920,2352,61406,1020000000,1728000
1791130187.7429,4920,2368,61468,1020000000,1728000
1791130187.7930,4920,2344,61468,1020000000,1728000
1791130187.8430,4920,2352,61468,1020000000,1728000
1791130187.8931,4920,2360,61468,1020000000,1728000
1791130187.9432,4920,2368,61562,1020000000,1728000
1791130187.9933,4920,2360,61406,1020000000,1728000
1791130188.0433,4920,2376,61468,1020000000,1728000
1791130188.0934,4920,2360,61562,1020000000,1728000
1791130188.1435,4920,2352,61468,1020000000,1728000
1791130188.1935,4920,2368,61531,1020000000,1728000
1791130188.2436,4920,2368,61625,1020000000,1728000
1791130188.2937,4920,2352,61312,1020000000,1728000
1791130188.3437,4912,2360,61500,1020000000,1728000
1791130188.3938,4912,2368,61625,1020000000,1728000
1791130188.4439,4920,2352,61406,1020000000,1728000
1791130188.4939,4912,2360,61656,1020000000,1728000
1791130188.5440,4912,2384,61625,1020000000,1728000
1791130188.5941,4920,2368,61406,1020000000,1728000
1791130188.6442,4920,2376,61406,1020000000,1728000
1791130188.6942,4920,2352,61656,1020000000,1728000
1791130188.7443,4920,2368,61375,1020000000,1728000
1791130188.7944,4912,2376,61468,1020000000,1728000
1791130188.8444,4920,2344,61687,1020000000,1728000
1791130188.8945,4920,2360,61375,1020000000,1728000
1791130188.9446,4920,2368,61406,1020000000,1728000
1791130188.9946,4920,2352,61406,1020000000,1728000
1791130189.0447,4920,2360,61375,1020000000,1728000
1791130189.0948,4912,2384,61437,1020000000,1728000
1791130189.1448,4920,2368,61500,1020000000,1728000
1791130189.1949,4920,2376,61406,1020000000,1728000
1791130189.2450,4920,2384,61406,1020000000,1728000
1791130189.2950,4920,2368,61500,1020000000,1728000
1791130189.3451,4920,2368,61406,1020000000,1728000
1791130189.3952,4920,2368,61406,1020000000,1728000
1791130189.4453,4920,2360,61468,1020000000,1728000
1791130189.4953,4920,2368,61500,1020000000,1728000
1791130189.5454,4920,2360,61375,1020000000,1728000
1791130189.5955,4920,2360,61531,1020000000,1728000
1791130189.6455,4920,2384,61687,1020000000,1728000
1791130189.6956,4920,2360,61500,1020000000,1728000
1791130189.7457,4920,2368,61593,1020000000,1728000
1791130189.7957,4920,2368,61656,1020000000,1728000
1791130189.8458,4920,2352,61500,1020000000,1728000
1791130189.8959,4920,2360,61562,1020000000,1728000
1791130189.9459,4920,2336,61625,1020000000,1728000
1791130189.9960,4920,2352,61406,1020000000,1728000
1791130190.0461,4920,2328,61562,1020000000,1728000
1791130190.0961,4920,2336,61625,1020000000,1728000
1791130190.1462,4920,2336,61406,1020000000,1728000
1791130190.1963,4920,2352,61531,1020000000,1728000
1791130190.2464,4920,2360,61718,1020000000,1728000
1791130190.2964,4920,2352,61437,1020000000,1728000
1791130190.3465,4920,2352,61656,1020000000,1728000
1791130190.3966,4912,2360,61718,1020000000,1728000
1791130190.4467,4912,2360,61468,1020000000,1728000
1791130190.4967,4920,2344,61437,1020000000,1728000
1791130190.5468,4912,2360,61343,1020000000,1728000
1791130190.5969,4920,2336,61406,1020000000,1728000
1791130190.6469,4920,2344,61406,1020000000,1728000
1791130190.6970,4920,2344,61406,1020000000,1728000
1791130190.7471,4920,2344,61437,1020000000,1728000
1791130190.7972,4912,2360,61468,1020000000,1728000
1791130190.8473,4920,2352,61343,1020000000,1728000
1791130190.8973,4920,2344,61468,1020000000,1728000
1791130190.9474,4920,2344,61500,1020000000,1728000
1791130190.9975,4920,2336,61500,1020000000,1728000
1791130191.0475,4920,2344,61406,1020000000,1728000
1791130191.0976,4920,2328,61468,1020000000,1728000
1791130191.1477,4920,2336,61531,1020000000,1728000
1791130191.1978,4920,2352,61437,1020000000,1728000
1791130191.2478,4920,2352,61531,1020000000,1728000
1791130191.2979,4920,2352,61593,1020000000,1728000
1791130191.3480,4920,2368,61718,1020000000,1728000
1791130191.3981,4912,2376,61593,1020000000,1728000
1791130191.4481,4920,2352,61656,1020000000,1728000
1791130191.4982,4920,2360,61687,1020000000,1728000
1791130191.5483,4920,2360,61562,1020000000,1728000
1791130191.5983,4920,2336,61656,1020000000,1728000
1791130191.6484,4912,2352,61718,1020000000,1728000
1791130191.6985,4920,2352,61531,1020000000,1728000
1791130191.7485,4920,2344,61687,1020000000,1728000
1791130191.7986,4912,2360,61750,1020000000,1728000
1791130191.8487,4912,2352,61468,1020000000,1728000
1791130191.8988,4912,2368,61718,1020000000,1728000
1791130191.9489,4912,2376,61781,1020000000,1728000
1791130191.9989,4912,2368,61468,1020000000,1728000
1791130192.0490,4912,2368,61718,1020000000,1728000
1791130192.0990,4912,2376,61437,1020000000,1728000
1791130192.1491,4912,2384,61531,1020000000,1728000
1791130192.1992,4912,2368,61718,1020000000,1728000
1791130192.2492,4912,2368,61437,1020000000,1728000
1791130192.2993,4920,2336,61468,1020000000,1728000
1791130192.3494,4912,2360,61468,1020000000,1728000
1791130192.3995,4912,2384,61406,1020000000,1728000
1791130192.4495,4912,2368,61500,1020000000,1728000
1791130192.4996,4912,2368,61437,1020000000,1728000
1791130192.5497,4912,2376,61437,1020000000,1728000
1791130192.5997,4912,2360,61468,1020000000,1728000
1791130192.6498,4912,2360,61531,1020000000,1728000
1791130192.6999,4912,2360,61593,1020000000,1728000
1791130192.7499,4912,2344,61500,1020000000,1728000
1791130192.8000,4912,2360,61593,1020000000,1728000
1791130192.8501,4912,2368,61687,1020000000,1728000
1791130192.9002,4912,2360,61500,1020000000,1728000
1791130192.9502,4912,2368,61531,1020000000,1728000
1791130193.0003,4912,2376,61656,1020000000,1728000
1791130193.0504,4912,2376,61531,1020000000,1728000
1791130193.1004,4912,2360,61656,1020000000,1728000
1791130193.1505,4912,2368,61750,1020000000,1728000
1791130193.2006,4912,2384,61843,1020000000,1728000
1791130193.2506,4920,2360,61656,1020000000,1728000
1791130193.3007,4912,2368,61687,1020000000,1728000
1791130193.3508,4912,2360,61781,1020000000,1728000
1791130193.4008,4920,2352,61593,1020000000,1728000
1791130193.4509,4912,2376,61718,1020000000,1728000
1791130193.5010,4912,2384,61843,1020000000,1728000
1791130193.5510,4912,2376,61656,1020000000,1728000
1791130193.6011,4912,2376,61781,1020000000,1728000
1791130193.6512,4912,2384,61437,1020000000,1728000
1791130193.7012,4912,2368,61437,1020000000,1728000
1791130193.7513,4912,2368,61750,1020000000,1728000
1791130193.8014,4912,2376,61468,1020000000,1728000
1791130193.8514,4912,2360,61500,1020000000,1728000
1791130193.9015,4912,2360,61500,1020000000,1728000
1791130193.9516,4912,2360,61437,1020000000,1728000
1791130194.0017,4912,2368,61531,1020000000,1728000
1791130194.0517,4912,2376,61562,1020000000,1728000
1791130194.1018,4920,2352,61531,1020000000,1728000
1791130194.1519,4912,2360,61500,1020000000,1728000
1791130194.2019,4912,2368,61593,1020000000,1728000
1791130194.2520,4920,2344,61531,1020000000,1728000
1791130194.3021,4912,2360,61531,1020000000,1728000
1791130194.3521,4920,2360,61625,1020000000,1728000
1791130194.4022,4920,2352,61468,1020000000,1728000
1791130194.4523,4920,2368,61593,1020000000,1728000
1791130194.5024,4920,2288,61468,1020000000,1728000
1791130194.5524,4920,2232,61468,1020000000,1728000
1791130194.6025,4920,2168,61312,1020000000,1728000
1791130194.6526,4920,2200,61468,1020000000,1728000
1791130194.7027,4920,2216,61562,1020000000,1728000
1791130194.7527,4920,2224,61500,1020000000,1728000
1791130194.8028,4920,2248,61593,1020000000,1728000
1791130194.8529,4920,2248,61562,1020000000,1728000
1791130194.9029,4920,2256,61593,1020000000,1728000
1791130194.9530,4920,2272,61593,1020000000,1728000
1791130195.0030,4920,2264,61718,1020000000,1728000
1791130195.0531,4920,2288,61781,1020000000,1728000
1791130195.1032,4920,2320,61625,1020000000,1728000
1791130195.1533,4920,2304,61718,1020000000,1728000
1791130195.2033,4920,2320,61812,1020000000,1728000
1791130195.2534,4920,2312,61656,1020000000,1728000
1791130195.3035,4920,2312,61781,1020000000,1728000
1791130195.3535,4920,2336,61500,1020000000,1728000
1791130195.4036,4920,2312,61562,1020000000,1728000
1791130195.4537,4920,2328,61843,1020000000,1728000
1791130195.5037,4920,2336,61500,1020000000,1728000
1791130195.5538,4920,2328,61468,1020000000,1728000
1791130195.6039,4920,2336,61750,1020000000,1728000
1791130195.6540,4912,2360,61531,1020000000,1728000
1791130195.7041,4920,2344,61531,1020000000,1728000
1791130195.7541,4920,2344,61812,1020000000,1728000
1791130195.8042,4920,2336,61468,1020000000,1728000
1791130195.8543,4912,2344,61625,1020000000,1728000
1791130195.9043,4920,2328,61656,1020000000,1728000
1791130195.9544,4920,2344,61562,1020000000,1728000
1791130196.0045,4920,2336,61562,1020000000,1728000
1791130196.0545,4920,2328,61593,1020000000,1728000
1791130196.1046,4920,2336,61562,1020000000,1728000
1791130196.1547,4920,2328,61562,1020000000,1728000
1791130196.2048,4920,2352,61656,1020000000,1728000
1791130196.2548,4920,2336,61500,1020000000,1728000
1791130196.3049,4920,2344,61562,1020000000,1728000
1791130196.3550,4920,2352,61625,1020000000,1728000
1791130196.4050,4920,2328,61687,1020000000,1728000
1791130196.4551,4920,2336,61593,1020000000,1728000
1791130196.5052,4920,2320,61687,1020000000,1728000
1791130196.5552,4920,2336,61750,1020000000,1728000
1791130196.6053,4920,2320,61625,1020000000,1728000
1791130196.6554,4920,2328,61718,1020000000,1728000
1791130196.7055,4920,2352,61687,1020000000,1728000
1791130196.7555,4920,2336,61843,1020000000,1728000
1791130196.8056,4920,2344,61718,1020000000,1728000
1791130196.8557,4912,2352,61750,1020000000,1728000
1791130196.9057,4920,2336,61500,1020000000,1728000
1791130196.9558,4912,2352,61718,1020000000,1728000
1791130197.0059,4912,2360,61875,1020000000,1728000
1791130197.0559,4912,2360,61500,1020000000,1728000
1791130197.1060,4920,2352,61812,1020000000,1728000
1791130197.1561,4912,2360,61875,1020000000,1728000
1791130197.2061,4912,2352,61593,1020000000,1728000
1791130197.2562,4912,2352,61593,1020000000,1728000
1791130197.3063,4912,2368,61906,1020000000,1728000
1791130197.3564,4912,2368,61531,1020000000,1728000
1791130197.4065,4912,2360,61656,1020000000,1728000
1791130197.4565,4912,2368,61875,1020000000,1728000
1791130197.5066,4920,2344,61531,1020000000,1728000
1791130197.5567,4920,2360,61593,1020000000,1728000
1791130197.6067,4912,2368,61531,1020000000,1728000
1791130197.6568,4920,2344,61562,1020000000,1728000
1791130197.7069,4920,2352,61593,1020000000,1728000
1791130197.7569,4912,2368,61687,1020000000,1728000
1791130197.8070,4920,2352,61625,1020000000,1728000
1791130197.8571,4912,2368,61625,1020000000,1728000
1791130197.9072,4912,2376,61718,1020000000,1728000
1791130197.9572,4912,2368,61593,1020000000,1728000
1791130198.0073,4912,2368,61687,1020000000,1728000
1791130198.0574,4920,2376,61718,1020000000,1728000
1791130198.1074,4920,2352,61843,1020000000,1728000
1791130198.1575,4920,2360,61656,1020000000,1728000
1791130198.2076,4920,2368,61750,1020000000,1728000
1791130198.2576,4920,2344,61781,1020000000,1728000
1791130198.3077,4920,2360,61687,1020000000,1728000
1791130198.3578,4920,2384,61812,1020000000,1728000
1791130198.4079,4920,2384,61781,1020000000,1728000
1791130198.4580,4920,2368,61593,1020000000,1728000
1791130198.5080,4912,2376,61812,1020000000,1728000
1791130198.5581,4912,2392,61875,1020000000,1728000
1791130198.6082,4912,2376,61625,1020000000,1728000
1791130198.6582,4912,2376,61812,1020000000,1728000
1791130198.7083,4912,2384,61843,1020000000,1728000
1791130198.7584,4920,2360,61593,1020000000,1728000
1791130198.8085,4912,2368,61843,1020000000,1728000
1791130198.8585,4912,2376,61875,1020000000,1728000
1791130198.9086,4920,2368,61625,1020000000,1728000
1791130198.9587,4912,2376,61593,1020000000,1728000
1791130199.0087,4912,2376,61906,1020000000,1728000
1791130199.0589,4912,2360,61656,1020000000,1728000
1791130199.1090,4912,2376,61625,1020000000,1728000
1791130199.1591,4912,2368,61562,1020000000,1728000
1791130199.2091,4912,2360,61562,1020000000,1728000
1791130199.2592,4912,2360,61625,1020000000,1728000
1791130199.3093,4920,2344,61562,1020000000,1728000
1791130199.3593,4912,2360,61593,1020000000,1728000
1791130199.4094,4912,2376,61718,1020000000,1728000
1791130199.4595,4912,2376,61781,1020000000,1728000
1791130199.5095,4912,2368,61656,1020000000,1728000
1791130199.5596,4912,2384,61718,1020000000,1728000
1791130199.6097,4912,2376,61812,1020000000,1728000
1791130199.6598,4912,2368,61625,1020000000,1728000
1791130199.7098,4912,2368,61687,1020000000,1728000
1791130199.7599,4920,2352,61781,1020000000,1728000
1791130199.8100,4920,2360,61625,1020000000,1728000
1791130199.8600,4920,2368,61656,1020000000,1728000
1791130199.9101,4920,2352,61750,1020000000,1728000
1791130199.9602,4920,2360,61812,1020000000,1728000
1791130200.0103,4912,2376,61687,1020000000,1728000
1791130200.0603,4920,2360,61781,1020000000,1728000
1791130200.1104,4920,2368,61906,1020000000,1728000
1791130200.1604,4920,2360,61812,1020000000,1728000
1791130200.2105,4920,2352,61812,1020000000,1728000
1791130200.2606,4920,2360,61843,1020000000,1728000
1791130200.3106,4912,2368,61687,1020000000,1728000
1791130200.3607,4920,2352,61875,1020000000,1728000
1791130200.4108,4920,2360,61906,1020000000,1728000
1791130200.4608,4912,2368,61562,1020000000,1728000
1791130200.5109,4912,2360,61812,1020000000,1728000
1791130200.5610,4912,2368,61968,1020000000,1728000
1791130200.6110,4912,2384,61625,1020000000,1728000
1791130200.6611,4912,2384,61875,1020000000,1728000
1791130200.7112,4912,2368,61562,1020000000,1728000
1791130200.7613,4912,2376,61625,1020000000,1728000
1791130200.8113,4920,2352,61593,1020000000,1728000
1791130200.8614,4912,2360,61625,1020000000,1728000
1791130200.9114,4920,2336,61625,1020000000,1728000
1791130200.9615,4920,2344,61656,1020000000,1728000
1791130201.0116,4920,2328,61593,1020000000,1728000
1791130201.0617,4920,2352,61656,1020000000,1728000
1791130201.1117,4912,2368,61781,1020000000,1728000
1791130201.1618,4912,2376,61562,1020000000,1728000
1791130201.2119,4912,2368,61687,1020000000,1728000
1791130201.2620,4920,2368,61781,1020000000,1728000
1791130201.3120,4912,2376,61781,1020000000,1728000
1791130201.3621,4912,2376,61656,1020000000,1728000
1791130201.4122,4920,2360,61656,1020000000,1728000
1791130201.4622,4920,2368,61875,1020000000,1728000
1791130201.5123,4920,2376,61750,1020000000,1728000
1791130201.5623,4920,2360,61750,1020000000,1728000
1791130201.6124,4920,2376,61875,1020000000,1728000
1791130201.6625,4912,2392,61968,1020000000,1728000
1791130201.7126,4912,2392,61781,1020000000,1728000
1791130201.7626,4920,2376,61875,1020000000,1728000
1791130201.8127,4912,2384,61906,1020000000,1728000
1791130201.8628,4912,2376,61781,1020000000,1728000
1791130201.9128,4920,2368,61843,1020000000,1728000
1791130201.9629,4912,2376,62031,1020000000,1728000
1791130202.0130,4920,2368,61843,1020000000,1728000
1791130202.0630,4920,2360,61906,1020000000,1728000
1791130202.1131,4920,2368,62062,1020000000,1728000
1791130202.1632,4912,2376,61593,1020000000,1728000
1791130202.2133,4920,2368,61968,1020000000,1728000
1791130202.2633,4912,2376,61593,1020000000,1728000
1791130202.3134,4912,2368,61687,1020000000,1728000
1791130202.3635,4920,2368,61906,1020000000,1728000
1791130202.4135,4912,2376,61625,1020000000,1728000
1791130202.4636,4920,2352,61656,1020000000,1728000
1791130202.5137,4920,2360,61937,1020000000,1728000
1791130202.5638,4920,2368,61687,1020000000,1728000
1791130202.6138,4920,2360,61656,1020000000,1728000
1791130202.6639,4920,2352,61687,1020000000,1728000
1791130202.7140,4920,2376,61593,1020000000,1728000
1791130202.7641,4920,2368,61718,1020000000,1728000
1791130202.8141,4920,2376,61750,1020000000,1728000
1791130202.8642,4920,2376,61750,1020000000,1728000
1791130202.9143,4920,2384,61687,1020000000,1728000
1791130202.9643,4920,2368,61812,1020000000,1728000
1791130203.0144,4920,2376,61875,1020000000,1728000
1791130203.0645,4920,2376,61750,1020000000,1728000
1791130203.1145,4920,2360,61750,1020000000,1728000
1791130203.1646,4920,2368,61843,1020000000,1728000
1791130203.2147,4920,2344,61687,1020000000,1728000
1791130203.2647,4920,2376,61812,1020000000,1728000
1791130203.3148,4920,2384,61843,1020000000,1728000
1791130203.3649,4920,2368,61781,1020000000,1728000
1791130203.4150,4920,2368,61843,1020000000,1728000
1791130203.4650,4920,2376,61875,1020000000,1728000
1791130203.5151,4920,2360,62031,1020000000,1728000
1791130203.5652,4920,2360,61843,1020000000,1728000
1791130203.6152,4920,2368,61875,1020000000,1728000
1791130203.6653,4920,2360,62000,1020000000,1728000
1791130203.7154,4920,2360,61781,1020000000,1728000
1791130203.7654,4920,2368,61937,1020000000,1728000
1791130203.8155,4920,2376,61656,1020000000,1728000
1791130203.8656,4920,2368,61937,1020000000,1728000
1791130203.9157,4920,2368,61937,1020000000,1728000
1791130203.9657,4920,2368,61718,1020000000,1728000
1791130204.0158,4920,2368,61718,1020000000,1728000
1791130204.0659,4912,2368,62000,1020000000,1728000
1791130204.1159,4912,2376,61687,1020000000,1728000
1791130204.1660,4920,2360,61718,1020000000,1728000
1791130204.2161,4920,2368,62000,1020000000,1728000
1791130204.2662,4920,2376,61687,1020000000,1728000
1791130204.3162,4920,2360,61750,1020000000,1728000
1791130204.3663,4912,2376,61781,1020000000,1728000
1791130204.4164,4912,2384,61718,1020000000,1728000
1791130204.4665,4920,2360,61718,1020000000,1728000
1791130204.5165,4912,2368,61781,1020000000,1728000
1791130204.5666,4912,2376,61781,1020000000,1728000
1791130204.6167,4912,2352,61781,1020000000,1728000
1791130204.6668,4912,2360,61843,1020000000,1728000
1791130204.7168,4920,2352,61718,1020000000,1728000
1791130204.7669,4920,2352,61750,1020000000,1728000
1791130204.8170,4912,2352,61812,1020000000,1728000
1791130204.8671,4920,2352,61875,1020000000,1728000
1791130204.9171,4912,2368,61812,1020000000,1728000
1791130204.9672,4912,2376,61875,1020000000,1728000
1791130205.0173,4912,2376,61906,1020000000,1728000
1791130205.0674,4912,2360,61781,1020000000,1728000
1791130205.1174,4912,2368,61875,1020000000,1728000
1791130205.1675,4920,2336,61906,1020000000,1728000
1791130205.2175,4920,2352,61781,1020000000,1728000
1791130205.2676,4920,2344,61875,1020000000,1728000
1791130205.3177,4920,2344,61968,1020000000,1728000
1791130205.3677,4920,2360,61718,1020000000,1728000
1791130205.4178,4912,2368,61937,1020000000,1728000
1791130205.4679,4920,2360,61968,1020000000,1728000
1791130205.5180,4912,2376,61687,1020000000,1728000
1791130205.5680,4920,2296,61781,1020000000,1728000
1791130205.6181,4920,2224,61843,1020000000,1728000
1791130205.6682,4920,2168,61406,1020000000,1728000
1791130205.7183,4928,2136,61468,1020000000,1728000
1791130205.7683,4920,2176,61906,1020000000,1728000
1791130205.8184,4920,2192,61687,1020000000,1728000
1791130205.8685,4920,2216,61656,1020000000,1728000
1791130205.9186,4920,2232,61937,1020000000,1728000
1791130205.9686,4920,2248,61593,1020000000,1728000
1791130206.0187,4920,2256,61593,1020000000,1728000
1791130206.0688,4920,2264,61562,1020000000,1728000
1791130206.1190,4920,2272,61656,1020000000,1728000
1791130206.1691,4920,2296,61750,1020000000,1728000
1791130206.2191,4920,2288,61687,1020000000,1728000
1791130206.2692,4920,2296,61687,1020000000,1728000
1791130206.3193,4920,2312,61656,1020000000,1728000
1791130206.3693,4920,2312,61843,1020000000,1728000
1791130206.4194,4920,2312,61750,1020000000,1728000
1791130206.4695,4920,2328,61812,1020000000,1728000
1791130206.5196,4920,2344,61843,1020000000,1728000
1791130206.5696,4920,2336,61906,1020000000,1728000
1791130206.6197,4912,2352,61812,1020000000,1728000
1791130206.6698,4920,2352,61750,1020000000,1728000
1791130206.7199,4920,2344,61906,1020000000,1728000
1791130206.7700,4920,2360,61781,1020000000,1728000
1791130206.8200,4912,2368,61875,1020000000,1728000
1791130206.8701,4920,2344,61937,1020000000,1728000
1791130206.9202,4920,2352,61718,1020000000,1728000
1791130206.9702,4912,2360,61906,1020000000,1728000
1791130207.0203,4912,2344,61937,1020000000,1728000
1791130207.0704,4912,2368,61718,1020000000,1728000
1791130207.1205,4912,2368,61875,1020000000,1728000
1791130207.1706,4912,2360,62000,1020000000,1728000
1791130207.2207,4920,2352,61687,1020000000,1728000
1791130207.2707,4920,2344,61906,1020000000,1728000
1791130207.3208,4920,2328,62062,1020000000,1728000
1791130207.3709,4920,2336,61687,1020000000,1728000
1791130207.4210,4920,2344,61750,1020000000,1728000
1791130207.4711,4920,2360,62125,1020000000,1728000
1791130207.5211,4920,2368,61781,1020000000,1728000
1791130207.5712,4920,2352,61718,1020000000,1728000
1791130207.6213,4920,2376,61687,1020000000,1728000
1791130207.6714,4920,2392,61687,1020000000,1728000
1791130207.7215,4912,2392,61843,1020000000,1728000
1791130207.7715,4920,2376,61750,1020000000,1728000
1791130207.8216,4912,2384,61812,1020000000,1728000
1791130207.8717,4912,2384,61781,1020000000,1728000
1791130207.9218,4912,2376,61812,1020000000,1728000
1791130207.9719,4912,2376,61718,1020000000,1728000
1791130208.0220,4912,2392,61875,1020000000,1728000
1791130208.0721,4920,2368,61875,1020000000,1728000
1791130208.1221,4912,2376,61968,1020000000,1728000
1791130208.1722,4912,2392,61812,1020000000,1728000
1791130208.2223,4920,2376,61843,1020000000,1728000
1791130208.2724,4912,2384,62031,1020000000,1728000
1791130208.3225,4912,2400,61875,1020000000,1728000
1791130208.3726,4912,2368,61875,1020000000,1728000
1791130208.4226,4912,2384,61968,1020000000,1728000
1791130208.4727,4920,2352,61812,1020000000,1728000
1791130208.5228,4920,2368,61906,1020000000,1728000
1791130208.5729,4920,2360,62000,1020000000,1728000
1791130208.6230,4920,2352,61687,1020000000,1728000
1791130208.6731,4920,2368,61968,1020000000,1728000
1791130208.7231,4912,2384,62031,1020000000,1728000
1791130208.7732,4920,2368,61750,1020000000,1728000
1791130208.8233,4912,2376,61968,1020000000,1728000
1791130208.8734,4912,2384,62093,1020000000,1728000
1791130208.9235,4912,2384,61781,1020000000,1728000
1791130208.9735,4920,2368,61750,1020000000,1728000
1791130209.0236,4920,2376,62062,1020000000,1728000
1791130209.0737,4920,2360,61781,1020000000,1728000
1791130209.1238,4920,2360,61875,1020000000,1728000
1791130209.1739,4920,2376,61781,1020000000,1728000
1791130209.2239,4920,2368,61781,1020000000,1728000
1791130209.2740,4920,2384,61843,1020000000,1728000
1791130209.3241,4912,2392,61843,1020000000,1728000
1791130209.3742,4920,2360,61781,1020000000,1728000
1791130209.4243,4920,2368,61843,1020000000,1728000
1791130209.4744,4920,2376,61875,1020000000,1728000
1791130209.5244,4920,2360,61750,1020000000,1728000
1791130209.5745,4920,2368,61875,1020000000,1728000
1791130209.6246,4920,2368,61875,1020000000,1728000
1791130209.6747,4920,2376,61750,1020000000,1728000
1791130209.7248,4920,2368,61843,1020000000,1728000
1791130209.7748,4912,2392,61937,1020000000,1728000
1791130209.8249,4912,2400,62031,1020000000,1728000
1791130209.8750,4920,2376,61843,1020000000,1728000
1791130209.9251,4912,2392,61937,1020000000,1728000
1791130209.9752,4920,2360,61906,1020000000,1728000
1791130210.0253,4920,2376,61875,1020000000,1728000
1791130210.0753,4912,2384,62000,1020000000,1728000
1791130210.1254,4920,2376,62000,1020000000,1728000
1791130210.1755,4920,2368,61906,1020000000,1728000
1791130210.2256,4920,2376,62000,1020000000,1728000
1791130210.2756,4920,2368,61937,1020000000,1728000
1791130210.3257,4920,2384,61750,1020000000,1728000
1791130210.3758,4920,2400,62000,1020000000,1728000
1791130210.4259,4920,2384,62187,1020000000,1728000
1791130210.4760,4920,2376,61812,1020000000,1728000
1791130210.5260,4920,2384,61906,1020000000,1728000
1791130210.5761,4920,2384,62093,1020000000,1728000
1791130210.6262,4920,2368,61781,1020000000,1728000
1791130210.6763,4920,2384,61875,1020000000,1728000
1791130210.7264,4920,2360,61718,1020000000,1728000
1791130210.7765,4920,2368,61781,1020000000,1728000
1791130210.8265,4920,2360,61843,1020000000,1728000
1791130210.8766,4920,2376,61781,1020000000,1728000
1791130210.9267,4912,2384,61875,1020000000,1728000
1791130210.9768,4920,2360,61875,1020000000,1728000
1791130211.0269,4920,2368,61843,1020000000,1728000
1791130211.0770,4920,2352,61781,1020000000,1728000
1791130211.1271,4920,2352,61875,1020000000,1728000
1791130211.1771,4920,2368,61906,1020000000,1728000
1791130211.2272,4920,2360,61812,1020000000,1728000
1791130211.2773,4920,2352,61906,1020000000,1728000
1791130211.3274,4920,2368,61937,1020000000,1728000
1791130211.3775,4912,2376,61843,1020000000,1728000
1791130211.4275,4912,2384,61875,1020000000,1728000
1791130211.4776,4920,2376,61937,1020000000,1728000
1791130211.5277,4912,2384,62062,1020000000,1728000
1791130211.5778,4912,2376,61937,1020000000,1728000
1791130211.6279,4920,2368,62000,1020000000,1728000
1791130211.6779,4912,2376,62093,1020000000,1728000
1791130211.7280,4912,2384,61937,1020000000,1728000
1791130211.7781,4920,2360,61937,1020000000,1728000
1791130211.8282,4912,2368,62156,1020000000,1728000
1791130211.8783,4912,2376,61781,1020000000,1728000
1791130211.9283,4920,2352,61968,1020000000,1728000
1791130211.9795,4912,2384,62156,1020000000,1728000
1791130212.0296,4912,2392,61843,1020000000,1728000
1791130212.0796,4912,2368,61875,1020000000,1728000
1791130212.1297,4912,2376,62187,1020000000,1728000
1791130212.1798,4912,2384,61875,1020000000,1728000
1791130212.2298,4920,2360,61875,1020000000,1728000
1791130212.2799,4912,2368,61781,1020000000,1728000
1791130212.3300,4920,2344,61812,1020000000,1728000
1791130212.3800,4920,2360,61843,1020000000,1728000
1791130212.4301,4920,2352,61812,1020000000,1728000
1791130212.4802,4920,2352,61843,1020000000,1728000
1791130212.5303,4920,2376,61906,1020000000,1728000
1791130212.5803,4920,2360,61875,1020000000,1728000
1791130212.6304,4920,2368,61843,1020000000,1728000
1791130212.6805,4920,2376,61875,1020000000,1728000
1791130212.7306,4920,2352,61968,1020000000,1728000
1791130212.7806,4920,2360,61843,1020000000,1728000
1791130212.8307,4920,2360,61906,1020000000,1728000
1791130212.8808,4920,2344,61968,1020000000,1728000
1791130212.9308,4920,2360,62000,1020000000,1728000
1791130212.9809,4920,2344,61875,1020000000,1728000
1791130213.0310,4920,2360,61937,1020000000,1728000
1791130213.0811,4920,2344,61968,1020000000,1728000
1791130213.1311,4920,2360,61875,1020000000,1728000
1791130213.1812,4920,2344,61906,1020000000,1728000
1791130213.2313,4920,2344,62031,1020000000,1728000
1791130213.2813,4920,2352,61875,1020000000,1728000
1791130213.3314,4920,2336,62000,1020000000,1728000
1791130213.3815,4920,2352,62062,1020000000,1728000
1791130213.4315,4920,2336,61843,1020000000,1728000
1791130213.4816,4920,2344,62031,1020000000,1728000
1791130213.5317,4920,2352,62156,1020000000,1728000
1791130213.5818,4920,2352,61812,1020000000,1728000
1791130213.6319,4920,2360,62000,1020000000,1728000
1791130213.6819,4912,2376,62156,1020000000,1728000
1791130213.7320,4920,2352,61875,1020000000,1728000
1791130213.7821,4912,2360,62093,1020000000,1728000
1791130213.8321,4912,2368,61875,1020000000,1728000
1791130213.8822,4912,2368,61812,1020000000,1728000
1791130213.9323,4920,2360,61812,1020000000,1728000
1791130213.9824,4912,2376,61812,1020000000,1728000
1791130214.0324,4920,2368,61812,1020000000,1728000
1791130214.0825,4920,2360,61875,1020000000,1728000
1791130214.1326,4912,2376,61781,1020000000,1728000
1791130214.1827,4912,2360,61875,1020000000,1728000
1791130214.2327,4912,2376,61906,1020000000,1728000
1791130214.2828,4920,2368,62000,1020000000,1728000
1791130214.3328,4920,2360,61875,1020000000,1728000
1791130214.3829,4912,2376,61968,1020000000,1728000
1791130214.4330,4920,2352,62000,1020000000,1728000
1791130214.4830,4920,2360,61875,1020000000,1728000
1791130214.5331,4920,2368,61937,1020000000,1728000
1791130214.5832,4920,2368,61968,1020000000,1728000
1791130214.6332,4920,2360,61906,1020000000,1728000
1791130214.6833,4912,2376,61906,1020000000,1728000
1791130214.7334,4912,2376,62031,1020000000,1728000
1791130214.7835,4912,2360,62218,1020000000,1728000
1791130214.8335,4912,2376,61968,1020000000,1728000
1791130214.8836,4920,2352,62000,1020000000,1728000
1791130214.9337,4920,2360,62062,1020000000,1728000
1791130214.9837,4920,2336,61937,1020000000,1728000
1791130215.0338,4920,2352,62062,1020000000,1728000
1791130215.0839,4920,2344,62156,1020000000,1728000
1791130215.1339,4920,2344,61968,1020000000,1728000
1791130215.1840,4920,2328,62031,1020000000,1728000
1791130215.2341,4920,2344,62156,1020000000,1728000
1791130215.2842,4920,2368,61875,1020000000,1728000
1791130215.3343,4920,2352,62031,1020000000,1728000
1791130215.3843,4920,2360,62156,1020000000,1728000
1791130215.4344,4912,2368,61875,1020000000,1728000
1791130215.4845,4920,2368,62062,1020000000,1728000
1791130215.5345,4920,2352,61781,1020000000,1728000
1791130215.5846,4920,2368,61875,1020000000,1728000
1791130215.6347,4920,2368,61937,1020000000,1728000
1791130215.6848,4920,2352,61906,1020000000,1728000
1791130215.7348,4912,2368,61875,1020000000,1728000
1791130215.7849,4912,2376,62000,1020000000,1728000
1791130215.8350,4912,2368,61906,1020000000,1728000
1791130215.8851,4912,2376,61906,1020000000,1728000
1791130215.9351,4920,2352,62000,1020000000,1728000
1791130215.9852,4920,2368,61906,1020000000,1728000
1791130216.0353,4920,2360,61937,1020000000,1728000
1791130216.0853,4920,2352,61906,1020000000,1728000
1791130216.1354,4920,2344,62000,1020000000,1728000
1791130216.1855,4920,2344,61906,1020000000,1728000
1791130216.2356,4912,2360,62031,1020000000,1728000
1791130216.2856,4920,2336,62031,1020000000,1728000
1791130216.3357,4912,2368,61937,1020000000,1728000
1791130216.3858,4912,2376,61968,1020000000,1728000
1791130216.4359,4920,2352,62062,1020000000,1728000
1791130216.4859,4912,2360,62156,1020000000,1728000
1791130216.5360,4912,2376,61937,1020000000,1728000
1791130216.5861,4920,2368,62156,1020000000,1728000
1791130216.6362,4920,2360,62187,1020000000,1728000
1791130216.6862,4912,2376,62000,1020000000,1728000
1791130216.7363,4912,2384,62125,1020000000,1728000
1791130216.7864,4920,2360,62218,1020000000,1728000
1791130216.8364,4920,2376,62031,1020000000,1728000
1791130216.8865,4920,2392,62062,1020000000,1728000
1791130216.9366,4920,2376,62281,1020000000,1728000
1791130216.9867,4920,2384,61906,1020000000,1728000
1791130217.0367,4912,2392,62156,1020000000,1728000
1791130217.0868,4920,2368,61906,1020000000,1728000
1791130217.1369,4920,2376,61875,1020000000,1728000
1791130217.1870,4920,2344,62187,1020000000,1728000
1791130217.2370,4920,2360,61875,1020000000,1728000
1791130217.2871,4920,2336,61906,1020000000,1728000
1791130217.3371,4920,2344,62250,1020000000,1728000
1791130217.3872,4920,2360,61875,1020000000,1728000
1791130217.4373,4920,2360,61968,1020000000,1728000
1791130217.4874,4920,2368,61968,1020000000,1728000
1791130217.5375,4920,2376,61843,1020000000,1728000
1791130217.5875,4920,2352,61906,1020000000,1728000
1791130217.6376,4920,2376,61968,1020000000,1728000
1791130217.6877,4920,2376,61906,1020000000,1728000
1791130217.7378,4920,2360,61968,1020000000,1728000
1791130217.7878,4920,2368,61968,1020000000,1728000
1791130217.8379,4920,2368,62062,1020000000,1728000
1791130217.8880,4920,2352,61968,1020000000,1728000
1791130217.9380,4920,2368,62031,1020000000,1728000
1791130217.9881,4920,2368,62125,1020000000,1728000
1791130218.0382,4920,2368,61906,1020000000,1728000
1791130218.0883,4920,2376,62031,1020000000,1728000
1791130218.1383,4912,2376,62125,1020000000,1728000
1791130218.1884,4920,2368,62000,1020000000,1728000
1791130218.2385,4920,2376,62062,1020000000,1728000
1791130218.2885,4920,2384,62093,1020000000,1728000
1791130218.3386,4920,2376,62250,1020000000,1728000
1791130218.3887,4920,2368,62093,1020000000,1728000
1791130218.4387,4920,2384,62093,1020000000,1728000
1791130218.4888,4912,2392,62312,1020000000,1728000
1791130218.5389,4920,2384,62125,1020000000,1728000
1791130218.5890,4920,2392,62187,1020000000,1728000
1791130218.6390,4912,2400,61968,1020000000,1728000
1791130218.6891,4920,2384,61937,1020000000,1728000
1791130218.7392,4920,2376,62156,1020000000,1728000
1791130218.7892,4920,2392,61875,1020000000,1728000
1791130218.8393,4920,2384,61968,1020000000,1728000
1791130218.8895,4920,2368,62156,1020000000,1728000
1791130218.9395,4920,2376,61937,1020000000,1728000
1791130218.9896,4920,2360,62000,1020000000,1728000
1791130219.0397,4920,2376,62031,1020000000,1728000
1791130219.0898,4920,2360,61875,1020000000,1728000
1791130219.1399,4912,2368,61968,1020000000,1728000
1791130219.1899,4920,2352,61968,1020000000,1728000
1791130219.2400,4920,2280,61687,1020000000,1728000
1791130219.2901,4920,2208,61781,1020000000,1728000
1791130219.3402,4920,2152,61718,1020000000,1728000
1791130219.3903,4928,2112,61687,1020000000,1728000
1791130219.4404,4928,2128,61750,1020000000,1728000
1791130219.4905,4920,2168,61875,1020000000,1728000
1791130219.5406,4920,2176,61968,1020000000,1728000
1791130219.5906,4920,2208,61937,1020000000,1728000
1791130219.6407,4920,2248,61968,1020000000,1728000
1791130219.6908,4920,2272,62093,1020000000,1728000
1791130219.7409,4920,2256,61875,1020000000,1728000
1791130219.7910,4920,2280,62031,1020000000,1728000
1791130219.8410,4920,2288,62156,1020000000,1728000
1791130219.8911,4920,2280,62156,1020000000,1728000
1791130219.9412,4920,2296,62062,1020000000,1728000
1791130219.9913,4920,2312,62062,1020000000,1728000
1791130220.0414,4920,2304,62312,1020000000,1728000
1791130220.0914,4920,2312,62031,1020000000,1728000
1791130220.1415,4920,2336,62156,1020000000,1728000
1791130220.1916,4920,2328,61906,1020000000,1728000
1791130220.2417,4920,2336,62125,1020000000,1728000
1791130220.2918,4920,2320,62125,1020000000,1728000
1791130220.3426,4920,2328,61875,1020000000,1728000
1791130220.3927,4920,2344,61906,1020000000,1728000
1791130220.4427,4920,2320,62156,1020000000,1728000
1791130220.4928,4920,2336,61937,1020000000,1728000
1791130220.5429,4912,2344,61875,1020000000,1728000
1791130220.5929,4920,2328,61937,1020000000,1728000
1791130220.6430,4912,2344,61968,1020000000,1728000
1791130220.6931,4912,2368,62000,1020000000,1728000
1791130220.7432,4912,2344,62000,1020000000,1728000
1791130220.7932,4912,2352,62000,1020000000,1728000
1791130220.8433,4912,2368,62031,1020000000,1728000
1791130220.8934,4912,2352,61968,1020000000,1728000
1791130220.9434,4912,2352,61875,1020000000,1728000
1791130220.9935,4912,2368,62000,1020000000,1728000
1791130221.0436,4920,2360,62125,1020000000,1728000
1791130221.0936,4912,2352,62125,1020000000,1728000
1791130221.1437,4912,2368,61968,1020000000,1728000
1791130221.1938,4912,2368,62000,1020000000,1728000
1791130221.2439,4912,2368,62156,1020000000,1728000
1791130221.2939,4912,2376,61968,1020000000,1728000
1791130221.3440,4912,2376,62031,1020000000,1728000
1791130221.3941,4912,2360,62187,1020000000,1728000
1791130221.4442,4912,2368,62218,1020000000,1728000
1791130221.4942,4912,2360,61968,1020000000,1728000
1791130221.5443,4912,2352,62250,1020000000,1728000
1791130221.5944,4912,2368,62281,1020000000,1728000
1791130221.6444,4912,2376,62031,1020000000,1728000
1791130221.6945,4920,2352,62312,1020000000,1728000
1791130221.7446,4920,2368,61906,1020000000,1728000
1791130221.7947,4920,2384,61906,1020000000,1728000
1791130221.8448,4920,2368,62187,1020000000,1728000
1791130221.8949,4912,2384,62000,1020000000,1728000
1791130221.9449,4920,2376,62000,1020000000,1728000
1791130221.9950,4920,2360,62281,1020000000,1728000
1791130222.0451,4920,2376,61937,1020000000,1728000
1791130222.0952,4912,2384,61968,1020000000,1728000
1791130222.1453,4920,2360,62312,1020000000,1728000
1791130222.1953,4920,2368,61906,1020000000,1728000
1791130222.2454,4920,2360,62000,1020000000,1728000
1791130222.2955,4920,2360,62031,1020000000,1728000
1791130222.3456,4912,2376,61937,1020000000,1728000
1791130222.3957,4920,2368,62000,1020000000,1728000
1791130222.4457,4920,2360,62000,1020000000,1728000
1791130222.4958,4920,2360,61906,1020000000,1728000
1791130222.5459,4920,2352,61968,1020000000,1728000
1791130222.5959,4920,2360,62093,1020000000,1728000
1791130222.6460,4920,2352,61968,1020000000,1728000
1791130222.6961,4920,2344,61906,1020000000,1728000
1791130222.7461,4920,2344,62062,1020000000,1728000
1791130222.7962,4920,2336,62187,1020000000,1728000
1791130222.8463,4920,2360,62000,1020000000,1728000
1791130222.8964,4920,2368,62093,1020000000,1728000
1791130222.9464,4920,2360,62156,1020000000,1728000
1791130222.9965,4920,2368,62062,1020000000,1728000
1791130223.0466,4920,2344,62156,1020000000,1728000
1791130223.0966,4920,2360,62218,1020000000,1728000
1791130223.1467,4920,2360,62125,1020000000,1728000
1791130223.1968,4920,2344,62093,1020000000,1728000
1791130223.2469,4912,2352,62156,1020000000,1728000
1791130223.2969,4912,2360,62000,1020000000,1728000
1791130223.3471,4920,2344,62156,1020000000,1728000
1791130223.3971,4912,2368,62281,1020000000,1728000
1791130223.4472,4912,2368,61937,1020000000,1728000
1791130223.4973,4912,2352,62187,1020000000,1728000
1791130223.5474,4912,2360,62312,1020000000,1728000
1791130223.5975,4912,2376,61968,1020000000,1728000
1791130223.6476,4912,2360,62000,1020000000,1728000
1791130223.6976,4912,2360,62281,1020000000,1728000
1791130223.7477,4912,2376,62000,1020000000,1728000
1791130223.7978,4912,2368,62093,1020000000,1728000
1791130223.8479,4920,2360,62312,1020000000,1728000
1791130223.8979,4920,2376,61937,1020000000,1728000
1791130223.9480,4920,2376,62000,1020000000,1728000
1791130223.9981,4920,2376,62187,1020000000,1728000
1791130224.0482,4912,2392,62000,1020000000,1728000
1791130224.0983,4920,2368,62031,1020000000,1728000
1791130224.1483,4920,2376,62125,1020000000,1728000
1791130224.1984,4920,2368,61937,1020000000,1728000
1791130224.2485,4920,2360,62031,1020000000,1728000
1791130224.2986,4920,2368,62062,1020000000,1728000
1791130224.3487,4920,2368,62093,1020000000,1728000
1791130224.3988,4920,2360,62031,1020000000,1728000
1791130224.4488,4920,2368,62125,1020000000,1728000
1791130224.4989,4912,2392,62125,1020000000,1728000
1791130224.5490,4912,2384,62187,1020000000,1728000
1791130224.5990,4912,2368,62156,1020000000,1728000
1791130224.6491,4912,2376,62218,1020000000,1728000
1791130224.6992,4920,2376,62093,1020000000,1728000
1791130224.7493,4920,2368,62125,1020000000,1728000
1791130224.7994,4912,2384,62281,1020000000,1728000
1791130224.8494,4920,2368,61906,1020000000,1728000
1791130224.8995,4920,2368,62156,1020000000,1728000
1791130224.9496,4920,2384,62250,1020000000,1728000
1791130224.9997,4920,2376,62062,1020000000,1728000
1791130225.0498,4920,2384,62187,1020000000,1728000
1791130225.0999,4920,2392,62218,1020000000,1728000
1791130225.1499,4912,2400,61968,1020000000,1728000
1791130225.2000,4912,2384,62031,1020000000,1728000
1791130225.2501,4920,2376,62375,1020000000,1728000
1791130225.3002,4912,2384,62062,1020000000,1728000
1791130225.3503,4912,2400,62000,1020000000,1728000
1791130225.4003,4912,2400,62375,1020000000,1728000
1791130225.4504,4912,2376,61968,1020000000,1728000
1791130225.5005,4912,2384,62000,1020000000,1728000
1791130225.5506,4912,2392,62000,1020000000,1728000
1791130225.6007,4912,2392,62062,1020000000,1728000
1791130225.6507,4912,2384,62062,1020000000,1728000
1791130225.7008,4912,2376,62187,1020000000,1728000
1791130225.7509,4920,2368,61906,1020000000,1728000
1791130225.8010,4912,2384,62093,1020000000,1728000
1791130225.8511,4920,2352,62125,1020000000,1728000
1791130225.9011,4920,2360,62031,1020000000,1728000
1791130225.9512,4912,2368,62031,1020000000,1728000
1791130226.0013,4920,2344,62156,1020000000,1728000
1791130226.0514,4912,2352,62093,1020000000,1728000
1791130226.1015,4912,2360,62062,1020000000,1728000
1791130226.1516,4912,2368,62156,1020000000,1728000
1791130226.2016,4912,2376,62250,1020000000,1728000
1791130226.2517,4920,2368,62093,1020000000,1728000
1791130226.3018,4920,2360,62125,1020000000,1728000
1791130226.3519,4920,2376,62281,1020000000,1728000
1791130226.4020,4920,2352,62156,1020000000,1728000
1791130226.4520,4920,2368,62187,1020000000,1728000
1791130226.5021,4920,2352,62218,1020000000,1728000
1791130226.5522,4920,2352,61937,1020000000,1728000
1791130226.6023,4920,2368,62156,1020000000,1728000
1791130226.6524,4920,2352,62343,1020000000,1728000
1791130226.7025,4920,2368,62000,1020000000,1728000
1791130226.7525,4920,2376,62312,1020000000,1728000
1791130226.8026,4920,2360,62312,1020000000,1728000
1791130226.8527,4920,2368,62031,1020000000,1728000
1791130226.9028,4912,2368,61968,1020000000,1728000
1791130226.9529,4920,2344,62375,1020000000,1728000
1791130227.0029,4920,2344,62031,1020000000,1728000
1791130227.0530,4920,2336,62031,1020000000,1728000
1791130227.1030,4920,2352,62031,1020000000,1728000
1791130227.1531,4920,2360,62031,1020000000,1728000
1791130227.2032,4920,2352,62062,1020000000,1728000
1791130227.2532,4920,2368,62093,1020000000,1728000
1791130227.3033,4920,2376,62000,1020000000,1728000
1791130227.3534,4920,2368,62156,1020000000,1728000
1791130227.4034,4920,2360,62062,1020000000,1728000
1791130227.4535,4920,2376,62156,1020000000,1728000
1791130227.5035,4912,2376,62156,1020000000,1728000
1791130227.5536,4920,2360,62125,1020000000,1728000
1791130227.6037,4920,2368,62187,1020000000,1728000
1791130227.6537,4920,2360,62187,1020000000,1728000
1791130227.7038,4920,2360,62156,1020000000,1728000
1791130227.7539,4920,2376,62125,1020000000,1728000
1791130227.8039,4920,2360,62156,1020000000,1728000
1791130227.8540,4920,2368,62187,1020000000,1728000
1791130227.9041,4912,2368,62375,1020000000,1728000
1791130227.9542,4920,2352,62218,1020000000,1728000
1791130228.0042,4912,2360,62250,1020000000,1728000
1791130228.0543,4912,2376,62312,1020000000,1728000
1791130228.1044,4920,2352,62187,1020000000,1728000
1791130228.1544,4912,2368,62343,1020000000,1728000
1791130228.2045,4920,2344,62375,1020000000,1728000
1791130228.2546,4920,2352,62250,1020000000,1728000
1791130228.3046,4920,2344,62218,1020000000,1728000
1791130228.3547,4912,2360,62375,1020000000,1728000
1791130228.4048,4912,2360,62062,1020000000,1728000
1791130228.4548,4920,2344,62312,1020000000,1728000
1791130228.5049,4920,2352,62406,1020000000,1728000
1791130228.5550,4920,2336,62156,1020000000,1728000
1791130228.6051,4920,2352,62343,1020000000,1728000
1791130228.6551,4920,2360,62062,1020000000,1728000
1791130228.7052,4920,2344,62031,1020000000,1728000
1791130228.7553,4920,2352,62375,1020000000,1728000
1791130228.8053,4920,2360,62062,1020000000,1728000
1791130228.8554,4920,2352,62187,1020000000,1728000
1791130228.9054,4912,2368,62093,1020000000,1728000
1791130228.9555,4912,2376,62062,1020000000,1728000
1791130229.0056,4912,2376,62125,1020000000,1728000
1791130229.0556,4920,2360,62125,1020000000,1728000
1791130229.1057,4920,2368,62093,1020000000,1728000
1791130229.1558,4920,2344,62093,1020000000,1728000
1791130229.2058,4912,2360,62187,1020000000,1728000
1791130229.2559,4912,2360,62187,1020000000,1728000
1791130229.3060,4920,2352,62187,1020000000,1728000
1791130229.3561,4920,2360,62156,1020000000,1728000
1791130229.4061,4920,2344,62250,1020000000,1728000
1791130229.4562,4912,2360,62187,1020000000,1728000
1791130229.5063,4920,2352,62343,1020000000,1728000
1791130229.5563,4920,2344,62312,1020000000,1728000
1791130229.6064,4920,2336,62187,1020000000,1728000
1791130229.6564,4920,2336,62218,1020000000,1728000
1791130229.7065,4920,2344,62218,1020000000,1728000
1791130229.7566,4920,2336,62343,1020000000,1728000
1791130229.8067,4920,2344,62187,1020000000,1728000
1791130229.8567,4920,2360,62312,1020000000,1728000
1791130229.9068,4920,2352,62375,1020000000,1728000
1791130229.9569,4920,2360,62218,1020000000,1728000
1791130230.0069,4920,2368,62281,1020000000,1728000
1791130230.0570,4920,2352,62375,1020000000,1728000
1791130230.1071,4920,2352,62250,1020000000,1728000
1791130230.1571,4920,2344,62281,1020000000,1728000
1791130230.2072,4920,2360,62093,1020000000,1728000
1791130230.2573,4920,2344,62156,1020000000,1728000
1791130230.3073,4920,2344,62375,1020000000,1728000
1791130230.3574,4920,2352,62031,1020000000,1728000
1791130230.4075,4920,2352,62156,1020000000,1728000
1791130230.4575,4920,2344,62406,1020000000,1728000
1791130230.5076,4920,2376,62093,1020000000,1728000
1791130230.5577,4920,2368,62156,1020000000,1728000
1791130230.6078,4920,2352,62125,1020000000,1728000
1791130230.6579,4920,2360,62062,1020000000,1728000
1791130230.7080,4920,2344,62218,1020000000,1728000
1791130230.7580,4920,2360,62156,1020000000,1728000
1791130230.8081,4920,2368,62093,1020000000,1728000
1791130230.8582,4920,2368,62125,1020000000,1728000
1791130230.9083,4920,2360,62218,1020000000,1728000
1791130230.9584,4920,2368,62125,1020000000,1728000
1791130231.0084,4920,2352,62187,1020000000,1728000
1791130231.0585,4920,2368,62187,1020000000,1728000
1791130231.1086,4920,2368,62250,1020000000,1728000
1791130231.1587,4920,2352,62031,1020000000,1728000
1791130231.2088,4920,2368,62250,1020000000,1728000
1791130231.2589,4920,2344,62281,1020000000,1728000
1791130231.3089,4920,2352,62187,1020000000,1728000
1791130231.3590,4920,2368,62281,1020000000,1728000
1791130231.4091,4920,2344,62218,1020000000,1728000
1791130231.4592,4920,2352,62375,1020000000,1728000
1791130231.5093,4920,2352,62218,1020000000,1728000
1791130231.5594,4920,2352,62281,1020000000,1728000
1791130231.6095,4920,2376,62375,1020000000,1728000
1791130231.6595,4920,2368,62250,1020000000,1728000
1791130231.7096,4920,2360,62375,1020000000,1728000
1791130231.7597,4920,2368,62437,1020000000,1728000
1791130231.8098,4920,2344,62093,1020000000,1728000
1791130231.8599,4920,2344,62375,1020000000,1728000
1791130231.9099,4920,2352,62062,1020000000,1728000
1791130231.9600,4920,2336,62062,1020000000,1728000
1791130232.0101,4920,2352,62437,1020000000,1728000
1791130232.0602,4920,2360,62031,1020000000,1728000
1791130232.1103,4920,2344,62187,1020000000,1728000
1791130232.1604,4912,2368,62406,1020000000,1728000
1791130232.2105,4920,2344,62093,1020000000,1728000
1791130232.2605,4912,2352,62125,1020000000,1728000
1791130232.3106,4920,2352,62218,1020000000,1728000
1791130232.3607,4920,2344,62031,1020000000,1728000
1791130232.4108,4920,2360,62125,1020000000,1728000
1791130232.4609,4920,2352,62156,1020000000,1728000
1791130232.5109,4920,2344,62125,1020000000,1728000
1791130232.5610,4912,2360,62125,1020000000,1728000
1791130232.6111,4920,2328,62250,1020000000,1728000
1791130232.6612,4920,2352,62250,1020000000,1728000
1791130232.7113,4920,2344,62187,1020000000,1728000
1791130232.7614,4912,2352,62218,1020000000,1728000
1791130232.8114,4920,2352,62312,1020000000,1728000
1791130232.8615,4920,2344,62156,1020000000,1728000
1791130232.9116,4912,2352,62218,1020000000,1728000
1791130232.9617,4912,2360,62312,1020000000,1728000
1791130233.0118,4920,2344,62093,1020000000,1728000
1791130233.0618,4912,2352,62281,1020000000,1728000
1791130233.1119,4912,2368,62312,1020000000,1728000
1791130233.1620,4912,2352,62406,1020000000,1728000
1791130233.2121,4912,2368,62250,1020000000,1728000
1791130233.2622,4912,2376,62343,1020000000,1728000
1791130233.3123,4912,2384,62500,1020000000,1728000
1791130233.3624,4912,2376,62250,1020000000,1728000
1791130233.4124,4912,2368,62343,1020000000,1728000
1791130233.4625,4912,2376,62093,1020000000,1728000
1791130233.5126,4920,2352,62156,1020000000,1728000
1791130233.5627,4920,2368,62468,1020000000,1728000
1791130233.6128,4912,2384,62093,1020000000,1728000
1791130233.6629,4912,2384,62125,1020000000,1728000
1791130233.7130,4920,2368,62468,1020000000,1728000
1791130233.7630,4912,2392,62093,1020000000,1728000
1791130233.8131,4912,2376,62187,1020000000,1728000
1791130233.8632,4912,2376,62156,1020000000,1728000
1791130233.9133,4912,2376,62093,1020000000,1728000
1791130233.9634,4912,2376,62156,1020000000,1728000
1791130234.0135,4912,2368,62125,1020000000,1728000
1791130234.0635,4912,2376,62093,1020000000,1728000
1791130234.1136,4920,2376,62187,1020000000,1728000
1791130234.1637,4920,2368,62218,1020000000,1728000
1791130234.2138,4912,2376,62187,1020000000,1728000
1791130234.2639,4912,2384,62187,1020000000,1728000
1791130234.3140,4920,2376,62375,1020000000,1728000
1791130234.3640,4912,2384,62312,1020000000,1728000
1791130234.4141,4912,2384,62250,1020000000,1728000
1791130234.4642,4920,2376,62187,1020000000,1728000
1791130234.5143,4912,2384,62406,1020000000,1728000
1791130234.5644,4920,2376,62187,1020000000,1728000
1791130234.6145,4920,2368,62250,1020000000,1728000
1791130234.6645,4920,2376,62312,1020000000,1728000
1791130234.7146,4920,2352,62437,1020000000,1728000
1791130234.7647,4920,2360,62343,1020000000,1728000
1791130234.8148,4920,2360,62343,1020000000,1728000
1791130234.8649,4920,2384,62468,1020000000,1728000
1791130234.9150,4912,2384,62156,1020000000,1728000
1791130234.9650,4912,2400,62437,1020000000,1728000
1791130235.0151,4920,2376,62156,1020000000,1728000
1791130235.0652,4920,2376,62375,1020000000,1728000
1791130235.1152,4912,2384,62437,1020000000,1728000
1791130235.1653,4920,2360,62062,1020000000,1728000
1791130235.2153,4912,2368,62187,1020000000,1728000
1791130235.2654,4912,2368,62375,1020000000,1728000
1791130235.3155,4920,2352,62156,1020000000,1728000
1791130235.3656,4912,2368,62156,1020000000,1728000
1791130235.4157,4920,2360,62468,1020000000,1728000
1791130235.4657,4920,2368,62125,1020000000,1728000
1791130235.5158,4912,2376,62187,1020000000,1728000
1791130235.5659,4920,2352,62500,1020000000,1728000
1791130235.6159,4912,2368,62125,1020000000,1728000
1791130235.6660,4920,2352,62187,1020000000,1728000
1791130235.7164,4920,2352,62281,1020000000,1728000
1791130235.7665,4920,2368,62093,1020000000,1728000
1791130235.8165,4920,2360,62218,1020000000,1728000
1791130235.8666,4920,2352,62250,1020000000,1728000
1791130235.9167,4920,2368,62250,1020000000,1728000
1791130235.9668,4920,2352,62093,1020000000,1728000
1791130236.0168,4912,2360,62218,1020000000,1728000
1791130236.0669,4920,2360,62312,1020000000,1728000
1791130236.1170,4920,2352,62250,1020000000,1728000
1791130236.1670,4920,2360,62312,1020000000,1728000
1791130236.2171,4920,2344,62406,1020000000,1728000
1791130236.2672,4920,2352,62218,1020000000,1728000
1791130236.3172,4920,2368,62343,1020000000,1728000
1791130236.3673,4920,2320,62281,1020000000,1728000
1791130236.4174,4920,2256,62312,1020000000,1728000
1791130236.4675,4920,2192,62312,1020000000,1728000
1791130236.5175,4928,2152,62125,1020000000,1728000
1791130236.5676,4928,2096,61875,1020000000,1728000
1791130236.6177,4928,2104,62031,1020000000,1728000
1791130236.6678,4928,2144,62250,1020000000,1728000
1791130236.7178,4920,2168,61937,1020000000,1728000
1791130236.7679,4920,2184,62218,1020000000,1728000
1791130236.8180,4920,2208,62281,1020000000,1728000
1791130236.8680,4920,2208,62031,1020000000,1728000
1791130236.9181,4920,2240,62218,1020000000,1728000
1791130236.9682,4920,2256,62375,1020000000,1728000
1791130237.0182,4920,2272,62031,1020000000,1728000
1791130237.0683,4920,2296,62156,1020000000,1728000
1791130237.1184,4920,2312,62375,1020000000,1728000
1791130237.1685,4920,2296,62062,1020000000,1728000
1791130237.2185,4920,2312,62125,1020000000,1728000
1791130237.2686,4920,2328,62125,1020000000,1728000
1791130237.3187,4920,2328,62062,1020000000,1728000
1791130237.3687,4920,2328,62187,1020000000,1728000
1791130237.4188,4920,2336,62187,1020000000,1728000
1791130237.4689,4920,2312,62125,1020000000,1728000
1791130237.5189,4920,2328,62156,1020000000,1728000
1791130237.5690,4912,2336,62281,1020000000,1728000
1791130237.6191,4920,2336,62187,1020000000,1728000
1791130237.6692,4920,2344,62250,1020000000,1728000
1791130237.7193,4920,2344,62218,1020000000,1728000
1791130237.7693,4920,2344,62343,1020000000,1728000
1791130237.8194,4920,2352,62187,1020000000,1728000
1791130237.8695,4920,2336,62281,1020000000,1728000
1791130237.9195,4920,2344,62375,1020000000,1728000
1791130237.9696,4920,2328,62281,1020000000,1728000
1791130238.0197,4920,2344,62281,1020000000,1728000
1791130238.0697,4920,2352,62375,1020000000,1728000
1791130238.1198,4920,2360,62062,1020000000,1728000
1791130238.1699,4920,2368,62406,1020000000,1728000
1791130238.2200,4912,2376,62437,1020000000,1728000
1791130238.2700,4920,2360,62125,1020000000,1728000
1791130238.3201,4920,2360,62375,1020000000,1728000
1791130238.3702,4920,2368,62375,1020000000,1728000
1791130238.4202,4920,2352,62125,1020000000,1728000
1791130238.4703,4920,2360,62375,1020000000,1728000
1791130238.5204,4912,2368,62468,1020000000,1728000
1791130238.5704,4920,2352,62093,1020000000,1728000
1791130238.6205,4920,2360,62406,1020000000,1728000
1791130238.6706,4912,2368,62500,1020000000,1728000
1791130238.7207,4912,2360,62125,1020000000,1728000
1791130238.7707,4912,2368,62281,1020000000,1728000
1791130238.8208,4920,2352,62125,1020000000,1728000
1791130238.8709,4912,2352,62125,1020000000,1728000
1791130238.9210,4912,2352,62156,1020000000,1728000
1791130238.9710,4920,2344,62187,1020000000,1728000
1791130239.0211,4920,2360,62250,1020000000,1728000
1791130239.0712,4920,2352,62187,1020000000,1728000
1791130239.1212,4920,2344,62250,1020000000,1728000
1791130239.1713,4920,2352,62281,1020000000,1728000
1791130239.2214,4912,2368,62187,1020000000,1728000
1791130239.2714,4920,2360,62250,1020000000,1728000
1791130239.3215,4912,2368,62187,1020000000,1728000
1791130239.3716,4920,2344,62281,1020000000,1728000
1791130239.4216,4912,2352,62250,1020000000,1728000
1791130239.4717,4912,2360,62156,1020000000,1728000
1791130239.5218,4920,2360,62187,1020000000,1728000
1791130239.5719,4920,2368,62281,1020000000,1728000
1791130239.6219,4920,2360,62375,1020000000,1728000
1791130239.6720,4920,2352,62218,1020000000,1728000
1791130239.7221,4912,2368,62312,1020000000,1728000
1791130239.7722,4920,2368,62375,1020000000,1728000
1791130239.8222,4920,2368,62281,1020000000,1728000
1791130239.8723,4920,2368,62281,1020000000,1728000
1791130239.9224,4920,2360,62406,1020000000,1728000
1791130239.9724,4920,2368,62375,1020000000,1728000
1791130240.0225,4920,2368,62375,1020000000,1728000
1791130240.0726,4920,2360,62468,1020000000,1728000
1791130240.1227,4920,2360,62156,1020000000,1728000
1791130240.1727,4920,2344,62343,1020000000,1728000
1791130240.2228,4920,2352,62406,1020000000,1728000
1791130240.2729,4920,2360,62156,1020000000,1728000
1791130240.3230,4920,2360,62406,1020000000,1728000
1791130240.3730,4920,2368,62125,1020000000,1728000
1791130240.4231,4912,2376,62250,1020000000,1728000
1791130240.4732,4912,2392,62312,1020000000,1728000
1791130240.5233,4920,2384,62156,1020000000,1728000
1791130240.5733,4920,2368,62125,1020000000,1728000
1791130240.6234,4920,2360,62187,1020000000,1728000
1791130240.6735,4920,2352,62156,1020000000,1728000
1791130240.7235,4912,2368,62156,1020000000,1728000
1791130240.7736,4920,2368,62250,1020000000,1728000
1791130240.8237,4912,2360,62250,1020000000,1728000
1791130240.8738,4912,2384,62187,1020000000,1728000
1791130240.9239,4920,2360,62218,1020000000,1728000
1791130240.9739,4912,2368,62312,1020000000,1728000
1791130241.0240,4912,2376,62281,1020000000,1728000
1791130241.0740,4912,2384,62312,1020000000,1728000
1791130241.1241,4912,2368,62343,1020000000,1728000
1791130241.1742,4912,2376,62250,1020000000,1728000
1791130241.2243,4912,2384,62375,1020000000,1728000
1791130241.2743,4912,2384,62375,1020000000,1728000
1791130241.3244,4912,2384,62281,1020000000,1728000
1791130241.3745,4912,2384,62281,1020000000,1728000
1791130241.4246,4912,2400,62375,1020000000,1728000
1791130241.4746,4912,2392,62468,1020000000,1728000
1791130241.5247,4912,2392,62312,1020000000,1728000
1791130241.5748,4912,2392,62437,1020000000,1728000
1791130241.6249,4912,2392,62531,1020000000,1728000
1791130241.6749,4912,2368,62281,1020000000,1728000
1791130241.7250,4912,2376,62343,1020000000,1728000
1791130241.7750,4912,2368,62500,1020000000,1728000
1791130241.8251,4912,2360,62187,1020000000,1728000
1791130241.8752,4912,2368,62406,1020000000,1728000
1791130241.9253,4912,2368,62250,1020000000,1728000
1791130241.9753,4912,2368,62250,1020000000,1728000
1791130242.0254,4912,2368,62437,1020000000,1728000
1791130242.0755,4920,2352,62187,1020000000,1728000
1791130242.1256,4912,2368,62250,1020000000,1728000
1791130242.1756,4920,2336,62500,1020000000,1728000
1791130242.2257,4920,2352,62156,1020000000,1728000
1791130242.2758,4912,2360,62187,1020000000,1728000
1791130242.3258,4912,2368,62250,1020000000,1728000
1791130242.3759,4920,2352,62218,1020000000,1728000
1791130242.4260,4912,2360,62250,1020000000,1728000
1791130242.4761,4920,2360,62218,1020000000,1728000
1791130242.5261,4912,2368,62281,1020000000,1728000
1791130242.5762,4920,2360,62218,1020000000,1728000
1791130242.6263,4920,2360,62343,1020000000,1728000
1791130242.6763,4920,2368,62375,1020000000,1728000
1791130242.7264,4920,2352,62281,1020000000,1728000
1791130242.7765,4920,2360,62343,1020000000,1728000
1791130242.8266,4920,2360,62375,1020000000,1728000
1791130242.8766,4920,2344,62187,1020000000,1728000
1791130242.9267,4920,2360,62312,1020000000,1728000
1791130242.9768,4920,2344,62375,1020000000,1728000
1791130243.0268,4912,2360,62468,1020000000,1728000
1791130243.0769,4912,2376,62375,1020000000,1728000
1791130243.1270,4912,2384,62437,1020000000,1728000
1791130243.1771,4920,2360,62531,1020000000,1728000
1791130243.2271,4912,2368,62343,1020000000,1728000
1791130243.2772,4912,2352,62406,1020000000,1728000
1791130243.3273,4912,2360,62625,1020000000,1728000
1791130243.3773,4912,2360,62375,1020000000,1728000
1791130243.4274,4912,2352,62437,1020000000,1728000
1791130243.4775,4912,2352,62218,1020000000,1728000
1791130243.5275,4912,2368,62187,1020000000,1728000
1791130243.5776,4912,2360,62437,1020000000,1728000
1791130243.6277,4912,2376,62187,1020000000,1728000
1791130243.6778,4912,2368,62218,1020000000,1728000
1791130243.7279,4912,2360,62500,1020000000,1728000
1791130243.7779,4912,2368,62218,1020000000,1728000
1791130243.8280,4912,2368,62218,1020000000,1728000
1791130243.8780,4912,2352,62500,1020000000,1728000
1791130243.9281,4912,2368,62250,1020000000,1728000
1791130243.9782,4912,2360,62125,1020000000,1728000
1791130244.0283,4912,2360,62312,1020000000,1728000
1791130244.0783,4912,2368,62218,1020000000,1728000
1791130244.1284,4912,2376,62312,1020000000,1728000
1791130244.1785,4912,2368,62312,1020000000,1728000
1791130244.2285,4912,2384,62312,1020000000,1728000
1791130244.2786,4912,2360,62343,1020000000,1728000
1791130244.3287,4912,2360,62312,1020000000,1728000
1791130244.3787,4912,2360,62218,1020000000,1728000
1791130244.4288,4912,2344,62250,1020000000,1728000
1791130244.4789,4912,2360,62312,1020000000,1728000
1791130244.5289,4912,2352,62406,1020000000,1728000
1791130244.5790,4912,2352,62250,1020000000,1728000
1791130244.6291,4912,2368,62281,1020000000,1728000
1791130244.6792,4912,2376,62375,1020000000,1728000
1791130244.7293,4920,2368,62250,1020000000,1728000
1791130244.7793,4912,2376,62406,1020000000,1728000
1791130244.8294,4920,2352,62406,1020000000,1728000
1791130244.8795,4920,2344,62281,1020000000,1728000
1791130244.9295,4920,2344,62375,1020000000,1728000
1791130244.9796,4912,2352,62437,1020000000,1728000
1791130245.0297,4920,2336,62125,1020000000,1728000
1791130245.0797,4920,2344,62406,1020000000,1728000
1791130245.1298,4920,2344,62406,1020000000,1728000
1791130245.1799,4920,2344,62218,1020000000,1728000
1791130245.2300,4912,2376,62406,1020000000,1728000
1791130245.2801,4912,2376,62500,1020000000,1728000
1791130245.3301,4920,2360,62156,1020000000,1728000
1791130245.3802,4920,2368,62250,1020000000,1728000
1791130245.4303,4920,2368,62531,1020000000,1728000
1791130245.4803,4920,2360,62218,1020000000,1728000
1791130245.5304,4920,2368,62281,1020000000,1728000
1791130245.5805,4920,2368,62593,1020000000,1728000
1791130245.6305,4920,2360,62250,1020000000,1728000
1791130245.6806,4920,2368,62312,1020000000,1728000
1791130245.7307,4920,2368,62343,1020000000,1728000
1791130245.7808,4920,2368,62218,1020000000,1728000
1791130245.8309,4912,2376,62281,1020000000,1728000
1791130245.8809,4912,2376,62218,1020000000,1728000
1791130245.9310,4920,2360,62250,1020000000,1728000
1791130245.9811,4920,2368,62343,1020000000,1728000
1791130246.0311,4920,2360,62281,1020000000,1728000
1791130246.0812,4920,2352,62281,1020000000,1728000
1791130246.1313,4920,2368,62312,1020000000,1728000
1791130246.1813,4920,2352,62343,1020000000,1728000
1791130246.2314,4920,2352,62250,1020000000,1728000
1791130246.2815,4920,2360,62281,1020000000,1728000
1791130246.3316,4920,2352,62375,1020000000,1728000
1791130246.3816,4920,2336,62468,1020000000,1728000
1791130246.4317,4920,2344,62343,1020000000,1728000
1791130246.4818,4920,2344,62375,1020000000,1728000
1791130246.5318,4920,2336,62437,1020000000,1728000
1791130246.5819,4920,2336,62281,1020000000,1728000
1791130246.6320,4920,2328,62406,1020000000,1728000
1791130246.6820,4920,2336,62468,1020000000,1728000
1791130246.7321,4920,2328,62187,1020000000,1728000
1791130246.7822,4920,2328,62375,1020000000,1728000
1791130246.8323,4920,2328,62500,1020000000,1728000
1791130246.8823,4920,2344,62156,1020000000,1728000
1791130246.9324,4920,2344,62406,1020000000,1728000
1791130246.9825,4920,2336,62531,1020000000,1728000
1791130247.0325,4920,2352,62218,1020000000,1728000
1791130247.0826,4920,2352,62437,1020000000,1728000
1791130247.1327,4920,2352,62500,1020000000,1728000
1791130247.1827,4920,2352,62250,1020000000,1728000
1791130247.2328,4920,2368,62218,1020000000,1728000
1791130247.2829,4920,2344,62250,1020000000,1728000
1791130247.3329,4920,2360,62156,1020000000,1728000
1791130247.3831,4912,2384,62281,1020000000,1728000
1791130247.4332,4912,2400,62312,1020000000,1728000
1791130247.4832,4920,2384,62218,1020000000,1728000
1791130247.5333,4920,2384,62312,1020000000,1728000
1791130247.5834,4912,2392,62375,1020000000,1728000
1791130247.6335,4912,2392,62281,1020000000,1728000
1791130247.6835,4912,2376,62312,1020000000,1728000
1791130247.7336,4912,2384,62343,1020000000,1728000
1791130247.7837,4912,2376,62281,1020000000,1728000
1791130247.8338,4912,2368,62312,1020000000,1728000
1791130247.8838,4912,2384,62406,1020000000,1728000
1791130247.9339,4912,2408,62468,1020000000,1728000
1791130247.9840,4912,2400,62281,1020000000,1728000
1791130248.0341,4912,2392,62375,1020000000,1728000
1791130248.0841,4912,2400,62531,1020000000,1728000
1791130248.1342,4912,2392,62343,1020000000,1728000
1791130248.1843,4912,2376,62468,1020000000,1728000
1791130248.2343,4912,2384,62500,1020000000,1728000
1791130248.2844,4912,2392,62375,1020000000,1728000
1791130248.3345,4912,2392,62406,1020000000,1728000
1791130248.3845,4912,2384,62500,1020000000,1728000
1791130248.4346,4920,2384,62250,1020000000,1728000
1791130248.4847,4912,2384,62406,1020000000,1728000
1791130248.5348,4912,2392,62531,1020000000,1728000
1791130248.5848,4912,2384,62343,1020000000,1728000
1791130248.6349,4912,2376,62468,1020000000,1728000
1791130248.6850,4912,2384,62531,1020000000,1728000
1791130248.7350,4920,2368,62250,1020000000,1728000
1791130248.7851,4912,2368,62500,1020000000,1728000
1791130248.8352,4912,2376,62218,1020000000,1728000
1791130248.8852,4920,2352,62250,1020000000,1728000
1791130248.9353,4912,2360,62343,1020000000,1728000
1791130248.9854,4912,2360,62281,1020000000,1728000
1791130249.0355,4912,2360,62250,1020000000,1728000
1791130249.0855,4912,2376,62281,1020000000,1728000
1791130249.1356,4912,2376,62250,1020000000,1728000
1791130249.1857,4912,2360,62218,1020000000,1728000
1791130249.2357,4912,2368,62343,1020000000,1728000
1791130249.2858,4912,2376,62312,1020000000,1728000
1791130249.3359,4912,2384,62312,1020000000,1728000
1791130249.3859,4912,2360,62312,1020000000,1728000
1791130249.4360,4912,2376,62375,1020000000,1728000
1791130249.4861,4912,2376,62375,1020000000,1728000
1791130249.5361,4912,2360,62375,1020000000,1728000
1791130249.5862,4912,2384,62500,1020000000,1728000
1791130249.6363,4912,2376,62343,1020000000,1728000
1791130249.6864,4912,2368,62406,1020000000,1728000
1791130249.7365,4912,2384,62468,1020000000,1728000
1791130249.7865,4912,2384,62531,1020000000,1728000
1791130249.8366,4912,2376,62375,1020000000,1728000
1791130249.8867,4912,2376,62437,1020000000,1728000
1791130249.9367,4912,2376,62593,1020000000,1728000
1791130249.9868,4912,2360,62437,1020000000,1728000
1791130250.0369,4912,2376,62562,1020000000,1728000
1791130250.0869,4912,2384,62625,1020000000,1728000
1791130250.1370,4912,2400,62437,1020000000,1728000
1791130250.1871,4912,2392,62531,1020000000,1728000
1791130250.2372,4912,2384,62656,1020000000,1728000
1791130250.2872,4912,2392,62312,1020000000,1728000
1791130250.3373,4912,2392,62593,1020000000,1728000
1791130250.3874,4912,2376,62343,1020000000,1728000
1791130250.4374,4912,2384,62312,1020000000,1728000
1791130250.4875,4912,2392,62562,1020000000,1728000
1791130250.5376,4912,2368,62281,1020000000,1728000
1791130250.5876,4912,2376,62281,1020000000,1728000
1791130250.6377,4912,2360,62375,1020000000,1728000
1791130250.6878,4912,2376,62218,1020000000,1728000
1791130250.7379,4912,2376,62343,1020000000,1728000
1791130250.7880,4912,2360,62281,1020000000,1728000
1791130250.8380,4912,2376,62281,1020000000,1728000
1791130250.8881,4912,2360,62343,1020000000,1728000
1791130250.9382,4912,2352,62375,1020000000,1728000
1791130250.9883,4912,2368,62312,1020000000,1728000
1791130251.0383,4912,2352,62375,1020000000,1728000
1791130251.0884,4912,2352,62375,1020000000,1728000
1791130251.1385,4912,2360,62437,1020000000,1728000
1791130251.1885,4912,2352,62375,1020000000,1728000
1791130251.2386,4912,2368,62437,1020000000,1728000
1791130251.2887,4912,2344,62375,1020000000,1728000
1791130251.3388,4912,2360,62375,1020000000,1728000
1791130251.3888,4912,2360,62375,1020000000,1728000
1791130251.4389,4912,2344,62406,1020000000,1728000
1791130251.4890,4912,2360,62375,1020000000,1728000
1791130251.5390,4912,2352,62375,1020000000,1728000
1791130251.5891,4912,2352,62437,1020000000,1728000
1791130251.6392,4912,2360,62656,1020000000,1728000
1791130251.6892,4912,2344,62375,1020000000,1728000
1791130251.7393,4912,2368,62500,1020000000,1728000
1791130251.7894,4920,2352,62625,1020000000,1728000
1791130251.8395,4920,2360,62406,1020000000,1728000
1791130251.8896,4912,2376,62531,1020000000,1728000
1791130251.9396,4920,2352,62625,1020000000,1728000
1791130251.9897,4920,2360,62250,1020000000,1728000
1791130252.0398,4912,2368,62562,1020000000,1728000
1791130252.0898,4912,2368,62281,1020000000,1728000
1791130252.1399,4920,2352,62281,1020000000,1728000
1791130252.1900,4912,2368,62593,1020000000,1728000
1791130252.2400,4912,2368,62312,1020000000,1728000
1791130252.2901,4912,2368,62406,1020000000,1728000
1791130252.3402,4912,2376,62531,1020000000,1728000
1791130252.3903,4912,2352,62312,1020000000,1728000
1791130252.4403,4912,2368,62375,1020000000,1728000
1791130252.4904,4912,2376,62406,1020000000,1728000
1791130252.5405,4912,2352,62343,1020000000,1728000
1791130252.5905,4912,2368,62343,1020000000,1728000
1791130252.6406,4912,2376,62375,1020000000,1728000
1791130252.6907,4920,2360,62312,1020000000,1728000
1791130252.7407,4912,2368,62343,1020000000,1728000
1791130252.7908,4912,2384,62406,1020000000,1728000
1791130252.8409,4912,2376,62437,1020000000,1728000
1791130252.8910,4912,2384,62375,1020000000,1728000
1791130252.9410,4912,2384,62375,1020000000,1728000
1791130252.9911,4920,2360,62468,1020000000,1728000
1791130253.0412,4912,2368,62375,1020000000,1728000
1791130253.0912,4912,2384,62500,1020000000,1728000
1791130253.1413,4912,2384,62531,1020000000,1728000
1791130253.1914,4912,2376,62437,1020000000,1728000
1791130253.2414,4912,2376,62500,1020000000,1728000
1791130253.2915,4912,2384,62562,1020000000,1728000
1791130253.3416,4912,2392,62687,1020000000,1728000
1791130253.3917,4912,2384,62437,1020000000,1728000
1791130253.4417,4912,2392,62625,1020000000,1728000
1791130253.4918,4912,2376,62656,1020000000,1728000
1791130253.5419,4912,2376,62406,1020000000,1728000
1791130253.5919,4912,2384,62625,1020000000,1728000
1791130253.6420,4920,2368,62312,1020000000,1728000
1791130253.6921,4920,2376,62531,1020000000,1728000
1791130253.7422,4920,2376,62625,1020000000,1728000
1791130253.7922,4920,2360,62312,1020000000,1728000
1791130253.8423,4912,2368,62406,1020000000,1728000
1791130253.8924,4920,2368,62593,1020000000,1728000
1791130253.9425,4912,2376,62375,1020000000,1728000
1791130253.9925,4912,2384,62375,1020000000,1728000
1791130254.0426,4912,2384,62718,1020000000,1728000
1791130254.0927,4912,2368,62312,1020000000,1728000
1791130254.1427,4912,2376,62406,1020000000,1728000
1791130254.1928,4920,2352,62375,1020000000,1728000
1791130254.2429,4920,2360,62375,1020000000,1728000
1791130254.2929,4920,2360,62375,1020000000,1728000
1791130254.3430,4920,2352,62437,1020000000,1728000
1791130254.3931,4912,2360,62375,1020000000,1728000
1791130254.4431,4920,2344,62343,1020000000,1728000
1791130254.4932,4912,2368,62468,1020000000,1728000
1791130254.5433,4912,2368,62375,1020000000,1728000
1791130254.5934,4912,2352,62375,1020000000,1728000
1791130254.6434,4912,2360,62500,1020000000,1728000
1791130254.6935,4912,2368,62468,1020000000,1728000
1791130254.7436,4912,2352,62375,1020000000,1728000
1791130254.7936,4912,2368,62500,1020000000,1728000
1791130254.8437,4912,2376,62531,1020000000,1728000
1791130254.8938,4912,2376,62406,1020000000,1728000
1791130254.9439,4912,2360,62468,1020000000,1728000
1791130254.9939,4912,2384,62625,1020000000,1728000
1791130255.0440,4912,2384,62437,1020000000,1728000
1791130255.0943,4912,2376,62531,1020000000,1728000
1791130255.1444,4912,2392,62625,1020000000,1728000
1791130255.1944,4912,2360,62312,1020000000,1728000
1791130255.2445,4912,2376,62593,1020000000,1728000
1791130255.2946,4912,2384,62687,1020000000,1728000
1791130255.3446,4912,2368,62343,1020000000,1728000
1791130255.3947,4912,2368,62468,1020000000,1728000
1791130255.4448,4912,2384,62656,1020000000,1728000
1791130255.4948,4912,2368,62343,1020000000,1728000
1791130255.5449,4912,2376,62375,1020000000,1728000
1791130255.5950,4912,2376,62656,1020000000,1728000
1791130255.6450,4912,2368,62375,1020000000,1728000
1791130255.6951,4912,2376,62375,1020000000,1728000
1791130255.7452,4920,2352,62625,1020000000,1728000
1791130255.7953,4920,2368,62375,1020000000,1728000
1791130255.8453,4920,2360,62375,1020000000,1728000
1791130255.8954,4920,2352,62375,1020000000,1728000
1791130255.9455,4912,2368,62437,1020000000,1728000
1791130255.9955,4912,2368,62437,1020000000,1728000
1791130256.0456,4912,2352,62468,1020000000,1728000
1791130256.0957,4912,2376,62406,1020000000,1728000
1791130256.1458,4912,2376,62437,1020000000,1728000
1791130256.1959,4912,2368,62531,1020000000,1728000
1791130256.2459,4912,2376,62375,1020000000,1728000
1791130256.2960,4912,2384,62437,1020000000,1728000
1791130256.3461,4920,2360,62468,1020000000,1728000
1791130256.3961,4912,2376,62406,1020000000,1728000
1791130256.4462,4920,2368,62406,1020000000,1728000
1791130256.4963,4920,2360,62500,1020000000,1728000
1791130256.5463,4912,2368,62562,1020000000,1728000
1791130256.5964,4920,2296,62281,1020000000,1728000
1791130256.6465,4920,2248,62343,1020000000,1728000
1791130256.6966,4920,2184,62343,1020000000,1728000
1791130256.7466,4928,2136,62281,1020000000,1728000
1791130256.7967,4928,2088,62218,1020000000,1728000
1791130256.8468,4928,2064,62343,1020000000,1728000
1791130256.8968,4928,2096,62062,1020000000,1728000
1791130256.9469,4928,2112,62375,1020000000,1728000
1791130256.9970,4920,2152,62468,1020000000,1728000
1791130257.0470,4920,2152,62250,1020000000,1728000
1791130257.0971,4920,2184,62531,1020000000,1728000
1791130257.1472,4920,2216,62593,1020000000,1728000
1791130257.1973,4920,2224,62250,1020000000,1728000
1791130257.2473,4920,2248,62531,1020000000,1728000
1791130257.2974,4920,2264,62625,1020000000,1728000
1791130257.3475,4920,2256,62312,1020000000,1728000
1791130257.3975,4920,2280,62343,1020000000,1728000
1791130257.4476,4920,2288,62250,1020000000,1728000
1791130257.4977,4920,2288,62281,1020000000,1728000
1791130257.5477,4920,2304,62375,1020000000,1728000
1791130257.5978,4920,2312,62187,1020000000,1728000
1791130257.6479,4920,2312,62375,1020000000,1728000
1791130257.6979,4920,2328,62406,1020000000,1728000
1791130257.7480,4920,2344,62406,1020000000,1728000
1791130257.7981,4920,2336,62375,1020000000,1728000
1791130257.8482,4920,2352,62375,1020000000,1728000
1791130257.8982,4920,2352,62468,1020000000,1728000
1791130257.9483,4920,2352,62375,1020000000,1728000
1791130257.9984,4920,2352,62437,1020000000,1728000
1791130258.0485,4920,2360,62468,1020000000,1728000
1791130258.0985,4920,2352,62406,1020000000,1728000
1791130258.1486,4920,2352,62406,1020000000,1728000
1791130258.1987,4912,2368,62500,1020000000,1728000
1791130258.2487,4912,2368,62593,1020000000,1728000
1791130258.2988,4912,2376,62437,1020000000,1728000
1791130258.3489,4912,2376,62500,1020000000,1728000
1791130258.3990,4912,2392,62625,1020000000,1728000
1791130258.4490,4912,2368,62500,1020000000,1728000
1791130258.4991,4912,2376,62562,1020000000,1728000
1791130258.5492,4912,2384,62718,1020000000,1728000
1791130258.5992,4912,2376,62437,1020000000,1728000
1791130258.6493,4912,2376,62562,1020000000,1728000
1791130258.6994,4912,2376,62687,1020000000,1728000
1791130258.7495,4912,2384,62406,1020000000,1728000
1791130258.7996,4912,2376,62531,1020000000,1728000
1791130258.8496,4912,2384,62781,1020000000,1728000
1791130258.8997,4912,2360,62312,1020000000,1728000
1791130258.9498,4912,2368,62531,1020000000,1728000
1791130258.9999,4912,2376,62343,1020000000,1728000
1791130259.0499,4912,2360,62375,1020000000,1728000
1791130259.1000,4912,2360,62468,1020000000,1728000
1791130259.1501,4912,2368,62312,1020000000,1728000
1791130259.2001,4912,2360,62375,1020000000,1728000
1791130259.2502,4912,2360,62437,1020000000,1728000
1791130259.3003,4920,2352,62312,1020000000,1728000
1791130259.3504,4912,2352,62375,1020000000,1728000
1791130259.4005,4920,2344,62343,1020000000,1728000
1791130259.4505,4912,2352,62375,1020000000,1728000
1791130259.5006,4912,2360,62375,1020000000,1728000
1791130259.5507,4912,2360,62406,1020000000,1728000
1791130259.6007,4912,2344,62531,1020000000,1728000
1791130259.6508,4920,2344,62375,1020000000,1728000
1791130259.7009,4920,2336,62468,1020000000,1728000
1791130259.7510,4912,2352,62468,1020000000,1728000
1791130259.8010,4912,2360,62375,1020000000,1728000
1791130259.8511,4920,2344,62468,1020000000,1728000
1791130259.9012,4912,2360,62500,1020000000,1728000
1791130259.9513,4912,2368,62531,1020000000,1728000
1791130260.0013,4920,2360,62500,1020000000,1728000
1791130260.0514,4920,2368,62531,1020000000,1728000
1791130260.1015,4912,2384,62718,1020000000,1728000
1791130260.1515,4920,2360,62562,1020000000,1728000
1791130260.2016,4920,2368,62625,1020000000,1728000
1791130260.2517,4920,2384,62781,1020000000,1728000
1791130260.3018,4920,2360,62531,1020000000,1728000
1791130260.3518,4920,2368,62562,1020000000,1728000
1791130260.4019,4912,2376,62718,1020000000,1728000
1791130260.4520,4920,2368,62375,1020000000,1728000
1791130260.5020,4912,2376,62593,1020000000,1728000
1791130260.5521,4912,2376,62312,1020000000,1728000
1791130260.6022,4920,2360,62406,1020000000,1728000
1791130260.6523,4912,2376,62625,1020000000,1728000
1791130260.7023,4920,2368,62312,1020000000,1728000
1791130260.7524,4920,2352,62375,1020000000,1728000
1791130260.8025,4920,2368,62625,1020000000,1728000
1791130260.8525,4920,2376,62375,1020000000,1728000
1791130260.9026,4920,2368,62406,1020000000,1728000
1791130260.9527,4920,2368,62406,1020000000,1728000
1791130261.0028,4912,2392,62375,1020000000,1728000
1791130261.0528,4912,2376,62406,1020000000,1728000
1791130261.1029,4912,2376,62437,1020000000,1728000
1791130261.1530,4912,2384,62406,1020000000,1728000
1791130261.2030,4912,2360,62375,1020000000,1728000
1791130261.2531,4912,2368,62468,1020000000,1728000
1791130261.3032,4920,2352,62500,1020000000,1728000
1791130261.3532,4920,2360,62375,1020000000,1728000
1791130261.4033,4920,2368,62500,1020000000,1728000
1791130261.4534,4920,2344,62562,1020000000,1728000
1791130261.5035,4920,2360,62437,1020000000,1728000
1791130261.5535,4912,2384,62531,1020000000,1728000
1791130261.6036,4920,2376,62531,1020000000,1728000
1791130261.6537,4920,2376,62531,1020000000,1728000
1791130261.7037,4912,2384,62531,1020000000,1728000
1791130261.7538,4912,2384,62656,1020000000,1728000
1791130261.8039,4920,2368,62687,1020000000,1728000
1791130261.8539,4912,2368,62500,1020000000,1728000
1791130261.9040,4912,2376,62656,1020000000,1728000
1791130261.9541,4920,2352,62750,1020000000,1728000
1791130262.0041,4920,2368,62593,1020000000,1728000
1791130262.0542,4912,2376,62656,1020000000,1728000
1791130262.1043,4912,2368,62343,1020000000,1728000
1791130262.1544,4920,2376,62531,1020000000,1728000
1791130262.2044,4920,2368,62687,1020000000,1728000
1791130262.2545,4920,2360,62437,1020000000,1728000
1791130262.3046,4920,2368,62375,1020000000,1728000
1791130262.3546,4920,2376,62718,1020000000,1728000
1791130262.4047,4920,2376,62375,1020000000,1728000
1791130262.4548,4920,2368,62406,1020000000,1728000
1791130262.5048,4912,2376,62750,1020000000,1728000
1791130262.5549,4912,2376,62406,1020000000,1728000
1791130262.6050,4920,2360,62468,1020000000,1728000
1791130262.6551,4920,2320,62375,1020000000,1728000
1791130262.7051,4920,2232,62281,1020000000,1728000
1791130262.7552,4920,2160,62250,1020000000,1728000
1791130262.8053,4928,2088,62250,1020000000,1728000
1791130262.8553,4928,2032,62125,1020000000,1728000
1791130262.9054,4928,1976,62156,1020000000,1728000
1791130262.9555,4928,1928,62125,1020000000,1728000
1791130263.0055,4936,1888,62250,1020000000,1728000
1791130263.0556,4936,1856,62093,1020000000,1728000
1791130263.1057,4936,1824,62218,1020000000,1728000
1791130263.1558,4936,1800,62218,1020000000,1728000
1791130263.2058,4936,1784,62218,1020000000,1728000
1791130263.2559,4936,1760,62031,1020000000,1728000
1791130263.3060,4936,1736,62156,1020000000,1728000
1791130263.3560,4936,1720,62062,1020000000,1728000
1791130263.4061,4944,1696,62031,1020000000,1728000
1791130263.4562,4944,1680,62156,1020000000,1728000
1791130263.5062,4944,1672,62031,1020000000,1728000
1791130263.5563,4944,1656,62062,1020000000,1728000
1791130263.6063,4944,1648,61968,1020000000,1728000
1791130263.6564,4944,1640,62156,1020000000,1728000
1791130263.7065,4944,1640,62031,1020000000,1728000
1791130263.7566,4944,1640,62125,1020000000,1728000
1791130263.8066,4944,1632,62156,1020000000,1728000
1791130263.8567,4944,1624,62000,1020000000,1728000
1791130263.9068,4944,1616,62031,1020000000,1728000
1791130263.9569,4944,1608,61781,1020000000,1728000
1791130264.0069,4944,1608,61906,1020000000,1728000
1791130264.0570,4944,1600,62031,1020000000,1728000
1791130264.1071,4944,1600,61937,1020000000,1728000
1791130264.1571,4944,1592,62000,1020000000,1728000
1791130264.2072,4944,1592,62093,1020000000,1728000
1791130264.2573,4944,1600,61843,1020000000,1728000
1791130264.3074,4944,1600,61937,1020000000,1728000
1791130264.3574,4944,1600,62000,1020000000,1728000
1791130264.4075,4944,1592,62093,1020000000,1728000
1791130264.4576,4944,1592,62187,1020000000,1728000
1791130264.5076,4944,1592,61812,1020000000,1728000
1791130264.5577,4944,1584,61875,1020000000,1728000
1791130264.6078,4944,1584,61843,1020000000,1728000
1791130264.6578,4944,1592,62156,1020000000,1728000
1791130264.7079,4944,1600,61812,1020000000,1728000
1791130264.7580,4944,1600,61875,1020000000,1728000
1791130264.8081,4944,1624,61906,1020000000,1728000
1791130264.8581,4944,1640,62125,1020000000,1728000
1791130264.9082,4944,1640,61937,1020000000,1728000
1791130264.9583,4944,1640,61843,1020000000,1728000
1791130265.0083,4944,1624,61906,1020000000,1728000
