1791121660.7076,4976,976,55281,306000000,1728000
1791121660.7577,4968,1040,55437,306000000,1728000
1791121660.8078,4968,1096,55468,306000000,1728000
1791121660.8579,4968,1104,55406,306000000,1728000
1791121660.9079,4968,1112,55156,306000000,1728000
1791121660.9580,4968,1120,55375,306000000,1728000
1791121661.0081,4968,1144,55250,306000000,1728000
1791121661.0582,4968,1160,55281,306000000,1728000
1791121661.1082,4968,1160,55250,306000000,1728000
1791121661.1583,4968,1168,55281,306000000,1728000
1791121661.2084,4968,1168,55218,306000000,1728000
1791121661.2585,4968,1176,55281,306000000,1728000
1791121661.3085,4968,1176,55437,306000000,1728000
1791121661.3586,4968,1176,55250,306000000,1728000
1791121661.4087,4968,1184,55375,306000000,1728000
1791121661.4587,4968,1184,55218,306000000,1728000
1791121661.5088,4968,1192,55312,306000000,1728000
1791121661.5589,4968,1200,55281,306000000,1728000
1791121661.6090,4968,1208,55312,306000000,1728000
1791121661.6591,4968,1200,55312,1020000000,1728000
1791121661.7092,4968,1200,55281,306000000,1728000
1791121661.7593,4968,1200,55375,306000000,1728000
1791121661.8093,4968,1200,55312,306000000,1728000
1791121661.8594,4968,1208,55375,306000000,1728000
1791121661.9095,4968,1216,55312,306000000,1728000
1791121661.9596,4960,1240,55437,306000000,1728000
1791121662.0097,4960,1256,55281,306000000,1728000
1791121662.0598,4960,1264,55281,306000000,1728000
1791121662.1099,4960,1272,55250,306000000,1728000
1791121662.1600,4960,1288,55312,306000000,1728000
1791121662.2101,4960,1288,55468,306000000,1728000
1791121662.2602,4960,1288,55250,306000000,1728000
1791121662.3102,4960,1288,55437,306000000,1728000
1791121662.3603,4960,1280,55343,306000000,1728000
1791121662.4104,4960,1272,55375,306000000,1728000
1791121662.4605,4960,1272,55250,306000000,1728000
1791121662.5105,4960,1272,55312,306000000,1728000
1791121662.5606,4960,1272,55187,306000000,1728000
1791121662.6107,4960,1272,55343,306000000,729600
1791121662.6608,4960,1272,55250,306000000,1728000
1791121662.7109,4960,1288,55343,306000000,1728000
1791121662.7609,4960,1280,55406,306000000,1728000
1791121662.8111,4960,1280,55312,306000000,1728000
1791121662.8611,4960,1280,55468,306000000,1728000
1791121662.9112,4960,1280,55218,306000000,1728000
1791121662.9613,4960,1280,55312,306000000,1728000
1791121663.0114,4960,1272,55218,306000000,1728000
1791121663.0615,4960,1272,55312,306000000,1728000
1791121663.1115,4960,1272,55187,306000000,1728000
1791121663.1616,4960,1272,55281,306000000,1728000
1791121663.2117,4960,1272,55406,306000000,1728000
1791121663.2618,4960,1288,55312,306000000,1728000
1791121663.3119,4960,1296,55406,306000000,1728000
1791121663.3619,4960,1288,55312,306000000,1728000
1791121663.4120,4960,1288,55375,306000000,1728000
1791121663.4621,4960,1280,55250,306000000,1728000
1791121663.5122,4960,1272,55281,306000000,1728000
1791121663.5622,4960,1280,55187,306000000,1728000
1791121663.6123,4960,1272,55281,306000000,1728000
1791121663.6624,4960,1272,55437,306000000,1728000
1791121663.7125,4960,1272,55312,306000000,1728000
1791121663.7626,4960,1264,55468,306000000,883200
1791121663.8126,4960,1272,55218,306000000,1728000
1791121663.8627,4960,1280,55312,306000000,1728000
1791121663.9128,4960,1280,55187,306000000,1728000
1791121663.9629,4960,1280,55281,306000000,1728000
1791121664.0129,4960,1280,55250,306000000,1728000
1791121664.0630,4960,1272,55250,306000000,1728000
1791121664.1131,4960,1272,55437,306000000,1728000
1791121664.1632,4960,1256,55312,306000000,1728000
1791121664.2132,4960,1256,55406,306000000,1728000
1791121664.2633,4960,1264,55250,306000000,1728000
1791121664.3134,4960,1264,55375,306000000,1728000
1791121664.3635,4960,1272,55281,306000000,1344000
1791121664.4136,4960,1280,55343,306000000,1728000
1791121664.4636,4960,1280,55187,306000000,1728000
1791121664.5137,4960,1280,55343,306000000,1728000
1791121664.5638,4960,1272,55437,306000000,1728000
1791121664.6139,4960,1272,55312,306000000,806400
1791121664.6639,4960,1272,55468,306000000,1728000
1791121664.7140,4960,1264,55187,306000000,1728000
1791121664.7641,4960,1264,55312,306000000,960000
1791121664.8142,4960,1264,55250,306000000,1728000
1791121664.8643,4960,1264,55406,306000000,1728000
1791121664.9143,4960,1264,55281,306000000,1190400
1791121664.9644,4960,1280,55312,306000000,1728000
1791121665.0145,4960,1272,55218,306000000,1728000
1791121665.0646,4960,1272,55343,306000000,1728000
1791121665.1146,4960,1272,55468,306000000,1728000
1791121665.1647,4960,1264,55218,306000000,1728000
1791121665.2148,4960,1264,55343,306000000,1728000
1791121665.2649,4960,1264,55281,306000000,1728000
1791121665.3149,4960,1264,55281,306000000,806400
1791121665.3650,4960,1256,55343,306000000,1728000
1791121665.4151,4960,1248,55312,306000000,1728000
1791121665.4652,4960,1256,55281,306000000,1728000
1791121665.5152,4960,1272,55343,306000000,1344000
1791121665.5653,4960,1272,55500,306000000,960000
1791121665.6154,4960,1264,55250,306000000,1728000
1791121665.6655,4960,1264,55343,306000000,1728000
1791121665.7156,4960,1264,55250,306000000,1728000
1791121665.7657,4960,1264,55375,306000000,1728000
1791121665.8158,4960,1256,55250,306000000,1728000
1791121665.8658,4960,1256,55250,306000000,1728000
1791121665.9159,4960,1264,55281,306000000,1728000
1791121665.9660,4960,1256,55250,306000000,1728000
1791121666.0161,4960,1256,55500,306000000,1728000
1791121666.0661,4960,1264,55375,306000000,1728000
1791121666.1162,4960,1272,55437,306000000,1728000
1791121666.1663,4960,1272,55250,306000000,1728000
1791121666.2164,4960,1272,55375,306000000,1728000
1791121666.2665,4960,1272,55312,306000000,1728000
1791121666.3166,4960,1264,55375,306000000,1728000
1791121666.3666,4960,1264,55250,306000000,1728000
1791121666.4167,4960,1256,55281,306000000,1728000
1791121666.4668,4960,1256,55500,306000000,1728000
1791121666.5169,4960,1248,55343,306000000,1728000
1791121666.5670,4960,1248,55437,306000000,1728000
1791121666.6170,4960,1272,55250,306000000,1728000
1791121666.6671,4960,1288,55281,306000000,1728000
1791121666.7172,4960,1296,55281,306000000,1728000
1791121666.7673,4960,1296,55375,306000000,1728000
1791121666.8174,4960,1296,55250,306000000,1728000
1791121666.8674,4960,1288,55250,306000000,1728000
1791121666.9175,4960,1280,55437,306000000,1728000
1791121666.9676,4960,1288,55312,306000000,1728000
1791121667.0177,4960,1288,55343,306000000,1728000
1791121667.0677,4960,1280,55187,306000000,1728000
1791121667.1178,4960,1280,55406,306000000,1728000
1791121667.1679,4960,1288,55312,306000000,1728000
1791121667.2180,4960,1304,55406,306000000,1728000
1791121667.2681,4960,1296,55250,306000000,1728000
1791121667.3181,4960,1296,55343,306000000,1728000
1791121667.3682,4960,1288,55218,306000000,1728000
1791121667.4183,4960,1288,55218,306000000,1728000
1791121667.4684,4960,1288,55437,306000000,960000
1791121667.5185,4960,1280,55218,306000000,806400
1791121667.5686,4960,1272,55406,306000000,1728000
1791121667.6186,4960,1264,55250,306000000,1728000
1791121667.6687,4960,1264,55468,306000000,1728000
1791121667.7188,4960,1272,55250,306000000,1728000
1791121667.7689,4960,1280,55343,306000000,1728000
1791121667.8189,4960,1280,55312,306000000,1728000
1791121667.8690,4960,1280,55281,306000000,1728000
1791121667.9191,4960,1272,55437,306000000,1728000
1791121667.9692,4960,1272,55343,306000000,1728000
1791121668.0193,4960,1272,55406,306000000,1728000
1791121668.0693,4960,1264,55281,306000000,1728000
1791121668.1194,4960,1264,55312,306000000,1728000
1791121668.1695,4960,1264,55218,306000000,1728000
1791121668.2196,4960,1264,55281,306000000,1728000
1791121668.2697,4960,1264,55187,306000000,1728000
1791121668.3198,4960,1288,55437,306000000,1728000
1791121668.3698,4960,1280,55468,306000000,1728000
1791121668.4199,4960,1280,55250,306000000,1728000
1791121668.4700,4960,1280,55375,306000000,1728000
1791121668.5201,4960,1280,55250,306000000,1728000
1791121668.5702,4960,1272,55375,306000000,883200
1791121668.6203,4960,1272,55250,306000000,1728000
1791121668.6703,4960,1264,55312,306000000,1728000
1791121668.7204,4960,1264,55250,306000000,1728000
1791121668.7705,4960,1256,55375,306000000,1728000
1791121668.8206,4960,1256,55500,306000000,1728000
1791121668.8707,4960,1272,55312,306000000,1728000
1791121668.9207,4960,1272,55343,306000000,1728000
1791121668.9708,4960,1272,55281,306000000,806400
1791121669.0209,4960,1272,55406,306000000,1728000
1791121669.0710,4960,1264,55281,306000000,1728000
1791121669.1211,4960,1264,55281,306000000,1728000
1791121669.1711,4960,1272,55250,306000000,729600
1791121669.2212,4960,1264,55375,306000000,1728000
1791121669.2713,4960,1264,55500,306000000,806400
1791121669.3214,4960,1256,55312,306000000,1728000
1791121669.3715,4960,1256,55437,306000000,1728000
1791121669.4215,4960,1264,55312,306000000,1728000
1791121669.4716,4960,1280,55375,306000000,1728000
1791121669.5217,4960,1272,55312,306000000,1728000
1791121669.5718,4960,1272,55343,306000000,1728000
1791121669.6218,4960,1272,55187,306000000,1036800
1791121669.6719,4960,1264,55375,306000000,1728000
1791121669.7220,4960,1272,55312,306000000,806400
1791121669.7721,4960,1264,55343,306000000,1728000
1791121669.8222,4960,1264,55406,306000000,1728000
1791121669.8722,4960,1256,55343,306000000,1728000
1791121669.9223,4960,1256,55468,306000000,1728000
1791121669.9724,4960,1272,55281,306000000,1728000
1791121670.0225,4960,1304,55375,306000000,1728000
1791121670.0726,4960,1304,55250,306000000,1728000
1791121670.1227,4960,1296,55250,306000000,1728000
1791121670.1728,4960,1296,55312,306000000,1728000
1791121670.2229,4960,1304,55281,306000000,729600
1791121670.2730,4960,1296,55437,306000000,1728000
1791121670.3230,4960,1288,55312,306000000,1728000
1791121670.3731,4960,1280,55343,306000000,1728000
1791121670.4232,4960,1280,55312,306000000,1728000
1791121670.4733,4960,1272,55281,306000000,1728000
1791121670.5234,4960,1272,55312,306000000,1728000
1791121670.5734,4960,1296,55343,306000000,1728000
1791121670.6235,4960,1296,55218,306000000,1728000
1791121670.6736,4960,1288,55281,306000000,1728000
1791121670.7237,4960,1288,55437,306000000,1728000
1791121670.7738,4960,1288,55281,306000000,1728000
1791121670.8238,4960,1280,55437,306000000,1728000
1791121670.8739,4960,1272,55218,306000000,1728000
1791121670.9240,4960,1272,55343,306000000,1728000
1791121670.9741,4960,1272,55312,306000000,1728000
1791121671.0241,4960,1264,55343,306000000,1728000
1791121671.0742,4960,1264,55250,306000000,1728000
1791121671.1243,4960,1288,55343,306000000,1728000
1791121671.1744,4960,1296,55375,306000000,960000
1791121671.2244,4960,1288,55312,306000000,1728000
1791121671.2745,4960,1288,55406,306000000,1728000
1791121671.3246,4960,1280,55343,306000000,960000
1791121671.3747,4960,1280,55312,306000000,1728000
1791121671.4248,4960,1272,55343,306000000,1728000
1791121671.4748,4960,1272,55375,306000000,1728000
1791121671.5249,4960,1272,55250,306000000,1728000
1791121671.5750,4960,1264,55343,306000000,1728000
1791121671.6251,4960,1264,55468,306000000,1728000
1791121671.6752,4960,1288,55281,306000000,1344000
1791121671.7253,4960,1288,55437,306000000,1113600
1791121671.7754,4960,1280,55281,306000000,1728000
1791121671.8255,4960,1272,55406,306000000,1728000
1791121671.8755,4960,1272,55343,306000000,1728000
1791121671.9256,4960,1272,55312,306000000,1728000
1791121671.9757,4960,1272,55250,306000000,1728000
1791121672.0258,4960,1272,55312,306000000,1728000
1791121672.0759,4960,1272,55250,306000000,1728000
1791121672.1260,4960,1272,55343,306000000,1728000
1791121672.1761,4960,1264,55437,306000000,960000
1791121672.2261,4960,1272,55312,306000000,1728000
1791121672.2762,4960,1280,55375,306000000,1728000
1791121672.3263,4960,1280,55312,306000000,1728000
1791121672.3764,4960,1280,55281,306000000,1728000
1791121672.4265,4960,1280,55281,306000000,1728000
1791121672.4766,4960,1272,55343,306000000,1728000
1791121672.5267,4960,1272,55281,306000000,960000
1791121672.5767,4960,1264,55312,306000000,1728000
1791121672.6268,4960,1264,55375,306000000,1728000
1791121672.6769,4960,1272,55250,306000000,1728000
1791121672.7270,4960,1272,55500,306000000,1728000
1791121672.7771,4960,1280,55312,306000000,1728000
1791121672.8272,4960,1288,55343,306000000,1728000
1791121672.8772,4960,1288,55343,306000000,1728000
1791121672.9273,4960,1280,55375,306000000,1728000
1791121672.9774,4960,1280,55250,306000000,1728000
1791121673.0275,4960,1280,55343,306000000,729600
1791121673.0775,4960,1272,55437,306000000,1728000
1791121673.1276,4960,1272,55312,306000000,1728000
1791121673.1777,4960,1264,55406,306000000,1728000
1791121673.2278,4960,1264,55218,306000000,1728000
1791121673.2779,4960,1264,55343,306000000,1728000
1791121673.3279,4960,1272,55218,306000000,1728000
1791121673.3780,4960,1288,55375,306000000,1728000
1791121673.4281,4960,1280,55250,306000000,1728000
1791121673.4782,4960,1280,55406,306000000,1728000
1791121673.5283,4960,1280,55406,306000000,1728000
1791121673.5784,4960,1272,55281,306000000,1728000
1791121673.6284,4960,1272,55343,306000000,1728000
1791121673.6785,4960,1264,55406,306000000,1728000
1791121673.7286,4960,1272,55343,306000000,1728000
1791121673.7787,4960,1264,55343,306000000,1728000
1791121673.8288,4960,1272,55312,306000000,1728000
1791121673.8789,4960,1272,55312,306000000,1190400
1791121673.9290,4960,1288,55312,306000000,1728000
1791121673.9791,4960,1280,55312,306000000,806400
1791121674.0291,4960,1280,55343,306000000,1728000
1791121674.0792,4960,1280,55406,306000000,1728000
1791121674.1293,4960,1280,55281,306000000,1728000
1791121674.1794,4960,1272,55343,306000000,1728000
1791121674.2295,4960,1264,55281,306000000,1728000
1791121674.2796,4960,1264,55437,306000000,1728000
1791121674.3296,4960,1264,55281,306000000,1728000
1791121674.3797,4960,1256,55343,306000000,1728000
1791121674.4298,4960,1248,55531,306000000,1728000
1791121674.4799,4960,1264,55343,306000000,1728000
1791121674.5300,4960,1280,55437,306000000,1728000
1791121674.5801,4960,1296,55281,306000000,1728000
1791121674.6302,4960,1296,55312,306000000,1728000
1791121674.6803,4960,1288,55281,306000000,1728000
1791121674.7304,4960,1288,55375,306000000,1728000
1791121674.7805,4960,1288,55281,306000000,1728000
1791121674.8305,4960,1288,55281,306000000,1728000
1791121674.8806,4960,1288,55406,306000000,1728000
1791121674.9307,4960,1280,55406,306000000,1728000
1791121674.9808,4960,1280,55375,306000000,1728000
1791121675.0309,4960,1288,55312,306000000,1728000
1791121675.0810,4960,1288,55437,306000000,1728000
1791121675.1311,4960,1280,55281,306000000,1728000
1791121675.1811,4960,1280,55312,306000000,1728000
1791121675.2312,4960,1272,55250,306000000,1728000
1791121675.2813,4960,1280,55312,306000000,1728000
1791121675.3314,4960,1280,55500,306000000,883200
1791121675.3815,4960,1280,55375,306000000,1728000
1791121675.4316,4960,1272,55406,306000000,729600
1791121675.4817,4960,1272,55343,306000000,1728000
1791121675.5317,4960,1272,55375,306000000,1728000
1791121675.5818,4960,1280,55312,306000000,1728000
1791121675.6319,4960,1288,55375,306000000,1190400
1791121675.6820,4960,1288,55281,306000000,1728000
1791121675.7321,4960,1280,55250,306000000,1728000
1791121675.7822,4960,1280,55343,306000000,1728000
1791121675.8323,4960,1280,55312,306000000,1728000
1791121675.8824,4960,1272,55437,306000000,1728000
1791121675.9325,4960,1272,55281,306000000,1728000
1791121675.9825,4960,1272,55500,306000000,1728000
1791121676.0326,4960,1272,55281,306000000,1728000
1791121676.0827,4960,1264,55312,306000000,1728000
1791121676.1328,4960,1280,55343,306000000,1728000
1791121676.1829,4960,1288,55281,306000000,1728000
1791121676.2330,4960,1288,55312,306000000,1728000
1791121676.2831,4960,1288,55312,306000000,806400
1791121676.3331,4960,1288,55437,306000000,1728000
1791121676.3832,4960,1288,55312,306000000,1728000
1791121676.4333,4960,1288,55406,306000000,1728000
1791121676.4834,4960,1280,55250,306000000,1728000
1791121676.5335,4960,1272,55281,306000000,1728000
1791121676.5836,4960,1264,55343,306000000,1728000
1791121676.6337,4960,1264,55375,306000000,1728000
1791121676.6837,4960,1264,55281,306000000,1190400
1791121676.7338,4960,1280,55375,306000000,1728000
1791121676.7839,4960,1280,55406,306000000,1728000
1791121676.8340,4960,1280,55312,306000000,1728000
1791121676.8841,4960,1272,55437,306000000,1728000
1791121676.9341,4960,1272,55437,306000000,1728000
1791121676.9842,4960,1272,55406,306000000,1728000
1791121677.0343,4960,1264,55218,306000000,1728000
1791121677.0844,4960,1264,55406,306000000,1728000
1791121677.1345,4960,1264,55281,306000000,1728000
1791121677.1846,4960,1264,55312,306000000,1728000
1791121677.2351,4960,1256,55468,306000000,1728000
1791121677.2852,4960,1280,55375,306000000,1728000
1791121677.3353,4960,1280,55406,306000000,960000
1791121677.3854,4960,1272,55375,306000000,1728000
1791121677.4354,4960,1272,55468,306000000,1728000
1791121677.4855,4960,1264,55218,306000000,1728000
1791121677.5356,4960,1264,55375,306000000,1728000
1791121677.5857,4960,1256,55312,306000000,1728000
1791121677.6358,4960,1256,55406,306000000,1728000
1791121677.6859,4960,1256,55250,306000000,1728000
1791121677.7360,4960,1264,55312,306000000,883200
1791121677.7861,4960,1256,55375,306000000,1728000
1791121677.8362,4960,1272,55437,306000000,1728000
1791121677.8863,4960,1272,55406,306000000,1728000
1791121677.9364,4960,1272,55250,306000000,1728000
1791121677.9865,4960,1264,55375,306000000,1728000
1791121678.0366,4960,1264,55312,306000000,1728000
1791121678.0866,4960,1272,55375,306000000,1728000
1791121678.1367,4960,1264,55312,306000000,1728000
1791121678.1868,4960,1256,55312,306000000,1728000
1791121678.2369,4960,1256,55437,306000000,1728000
1791121678.2870,4960,1256,55281,306000000,1728000
1791121678.3370,4960,1256,55375,306000000,1728000
1791121678.3871,4960,1256,55312,306000000,1420800
1791121678.4372,4960,1264,55406,306000000,1728000
1791121678.4873,4960,1256,55187,306000000,1728000
1791121678.5374,4960,1256,55406,306000000,1728000
1791121678.5875,4960,1248,55250,306000000,1728000
1791121678.6376,4960,1248,55343,306000000,1728000
1791121678.6876,4960,1240,55375,306000000,1728000
1791121678.7377,4960,1248,55343,306000000,1728000
1791121678.7878,4960,1248,55468,306000000,1728000
1791121678.8379,4960,1248,55250,306000000,1728000
1791121678.8880,4960,1240,55375,306000000,1728000
1791121678.9380,4960,1240,55281,306000000,1728000
1791121678.9881,4960,1264,55375,306000000,1728000
1791121679.0382,4960,1256,55218,306000000,1728000
1791121679.0883,4960,1256,55375,306000000,1728000
1791121679.1384,4960,1248,55406,306000000,1728000
1791121679.1885,4960,1248,55312,306000000,1728000
1791121679.2385,4960,1248,55406,306000000,1728000
1791121679.2886,4960,1248,55281,306000000,1728000
1791121679.3387,4960,1240,55343,306000000,1728000
1791121679.3887,4960,1240,55250,306000000,1728000
1791121679.4388,4960,1240,55281,306000000,1728000
1791121679.4889,4960,1248,55281,306000000,1190400
1791121679.5390,4960,1264,55406,306000000,1497600
1791121679.5891,4960,1256,55406,306000000,1728000
1791121679.6392,4960,1256,55281,306000000,1728000
1791121679.6893,4960,1256,55437,306000000,1728000
1791121679.7393,4960,1256,55312,306000000,1728000
1791121679.7894,4960,1248,55281,306000000,1728000
1791121679.8395,4960,1248,55250,306000000,1728000
1791121679.8896,4960,1240,55312,306000000,1728000
1791121679.9397,4960,1240,55281,306000000,1728000
1791121679.9898,4960,1240,55312,306000000,1728000
1791121680.0399,4960,1240,55406,306000000,1728000
1791121680.0900,4960,1264,55312,306000000,1728000
1791121680.1401,4960,1264,55406,306000000,1728000
1791121680.1902,4960,1264,55281,306000000,1728000
1791121680.2403,4960,1264,55312,306000000,1728000
1791121680.2904,4960,1264,55218,306000000,1728000
1791121680.3405,4960,1256,55281,306000000,1728000
1791121680.3906,4960,1256,55281,306000000,1728000
1791121680.4407,4960,1256,55343,306000000,806400
1791121680.4907,4960,1256,55281,306000000,729600
1791121680.5408,4960,1256,55218,306000000,1728000
1791121680.5909,4960,1256,55406,306000000,960000
1791121680.6410,4960,1264,55343,306000000,1728000
1791121680.6911,4960,1296,55406,306000000,1190400
1791121680.7412,4960,1304,55312,306000000,1728000
1791121680.7913,4960,1304,55312,306000000,1036800
1791121680.8414,4960,1296,55312,306000000,1728000
1791121680.8915,4960,1288,55406,306000000,1728000
1791121680.9416,4960,1288,55218,306000000,1728000
1791121680.9916,4960,1288,55343,306000000,960000
1791121681.0417,4960,1280,55375,306000000,960000
1791121681.0918,4960,1280,55343,306000000,1728000
1791121681.1419,4960,1280,55343,306000000,1728000
1791121681.1920,4960,1280,55250,306000000,1728000
1791121681.2421,4960,1296,55437,306000000,1728000
1791121681.2922,4960,1296,55312,306000000,1728000
1791121681.3423,4960,1288,55375,306000000,1728000
1791121681.3924,4960,1288,55281,306000000,806400
1791121681.4425,4960,1288,55343,306000000,1728000
1791121681.4926,4960,1288,55406,306000000,1728000
1791121681.5427,4960,1280,55343,306000000,1728000
1791121681.5928,4960,1272,55468,306000000,1728000
1791121681.6429,4960,1280,55375,306000000,729600
1791121681.6930,4960,1272,55250,306000000,1728000
1791121681.7431,4960,1272,55312,306000000,1728000
1791121681.7932,4960,1288,55343,306000000,1728000
1791121681.8433,4960,1280,55187,306000000,1036800
1791121681.8934,4960,1280,55406,306000000,1728000
1791121681.9435,4960,1280,55281,306000000,1728000
1791121681.9936,4960,1280,55312,306000000,1728000
1791121682.0436,4960,1272,55437,306000000,1728000
1791121682.0937,4960,1280,55250,306000000,883200
1791121682.1438,4960,1272,55437,306000000,1728000
1791121682.1939,4960,1264,55250,306000000,1728000
1791121682.2440,4960,1256,55437,306000000,1728000
1791121682.2941,4960,1256,55687,306000000,1728000
1791121682.3442,4960,1272,55343,306000000,1728000
1791121682.3943,4960,1280,55343,306000000,1728000
1791121682.4444,4960,1296,55343,306000000,1728000
1791121682.4944,4960,1296,55343,306000000,1728000
1791121682.5445,4960,1296,55406,306000000,1728000
1791121682.5946,4960,1296,55500,306000000,1728000
1791121682.6447,4960,1296,55312,306000000,1728000
1791121682.6948,4960,1288,55437,306000000,1036800
1791121682.7449,4960,1280,55281,306000000,1728000
1791121682.7950,4960,1280,55343,306000000,960000
1791121682.8451,4960,1272,55375,306000000,1728000
1791121682.8952,4960,1296,55406,306000000,1036800
1791121682.9453,4960,1296,55406,306000000,960000
1791121682.9954,4960,1288,55312,306000000,960000
1791121683.0455,4960,1288,55375,306000000,1728000
1791121683.0956,4960,1280,55343,306000000,1728000
1791121683.1457,4960,1272,55281,306000000,806400
1791121683.1958,4960,1272,55250,306000000,1728000
1791121683.2459,4960,1264,55375,306000000,1728000
1791121683.2960,4960,1264,55156,306000000,1728000
1791121683.3461,4960,1264,55281,306000000,1728000
1791121683.3962,4960,1272,55406,306000000,806400
1791121683.4463,4960,1280,55343,306000000,1728000
1791121683.4964,4960,1288,55343,306000000,1728000
1791121683.5465,4960,1280,55343,306000000,1728000
1791121683.5966,4960,1272,55375,306000000,1728000
1791121683.6467,4960,1272,55281,306000000,1728000
1791121683.6967,4960,1272,55343,306000000,1728000
1791121683.7468,4960,1264,55250,306000000,1728000
1791121683.7969,4960,1264,55312,306000000,1728000
1791121683.8471,4960,1272,55437,306000000,1728000
1791121683.8972,4960,1272,55250,306000000,960000
1791121683.9473,4960,1272,55375,306000000,1728000
1791121683.9973,4960,1272,55250,306000000,1728000
1791121684.0474,4960,1288,55343,306000000,1728000
1791121684.0975,4960,1288,55312,306000000,960000
1791121684.1476,4960,1280,55375,306000000,1728000
1791121684.1977,4960,1280,55343,306000000,1728000
1791121684.2478,4960,1272,55375,306000000,1728000
1791121684.2979,4960,1264,55437,306000000,1728000
1791121684.3480,4960,1264,55343,306000000,1728000
1791121684.3981,4960,1264,55468,306000000,1728000
1791121684.4482,4960,1264,55281,306000000,1728000
1791121684.4983,4960,1264,55343,306000000,1728000
1791121684.5484,4960,1264,55312,306000000,1728000
1791121684.5985,4960,1280,55343,306000000,1728000
1791121684.6486,4960,1288,55281,306000000,806400
1791121684.6987,4960,1280,55312,306000000,729600
1791121684.7488,4960,1272,55281,306000000,960000
1791121684.7989,4960,1272,55343,306000000,1728000
1791121684.8490,4960,1264,55406,306000000,1728000
1791121684.8991,4960,1264,55343,306000000,1728000
1791121684.9491,4960,1264,55375,306000000,1728000
1791121684.9992,4960,1264,55281,306000000,1728000
1791121685.0493,4960,1264,55375,306000000,883200
1791121685.0994,4960,1256,55343,306000000,1728000
1791121685.1495,4960,1272,55343,306000000,1728000
1791121685.1996,4960,1272,55281,306000000,806400
1791121685.2497,4960,1272,55281,306000000,883200
1791121685.2999,4960,1264,55437,306000000,1728000
1791121685.3500,4960,1272,55312,306000000,806400
1791121685.4001,4960,1264,55375,306000000,1728000
1791121685.4501,4960,1264,55250,306000000,1728000
1791121685.5002,4960,1264,55437,306000000,1728000
1791121685.5503,4960,1264,55281,306000000,1728000
1791121685.6004,4960,1264,55312,306000000,1728000
1791121685.6505,4960,1256,55250,306000000,1728000
1791121685.7006,4960,1280,55468,306000000,1728000
1791121685.7507,4960,1288,55437,306000000,1728000
1791121685.8008,4960,1280,55250,306000000,1728000
1791121685.8508,4960,1280,55437,306000000,1728000
1791121685.9009,4960,1272,55343,306000000,1728000
1791121685.9510,4960,1264,55406,306000000,1728000
1791121686.0011,4960,1264,55281,306000000,1728000
1791121686.0511,4960,1264,55437,306000000,1728000
1791121686.1012,4960,1264,55312,306000000,1728000
1791121686.1513,4960,1256,55375,306000000,1728000
1791121686.2014,4960,1256,55468,306000000,1728000
1791121686.2515,4960,1264,55281,306000000,1344000
1791121686.3016,4960,1272,55375,306000000,1728000
1791121686.3517,4960,1264,55312,306000000,1728000
1791121686.4018,4960,1264,55437,306000000,1728000
1791121686.4518,4960,1264,55250,306000000,1728000
1791121686.5019,4960,1256,55343,306000000,1728000
1791121686.5520,4960,1256,55375,306000000,1728000
1791121686.6021,4960,1256,55343,306000000,1728000
1791121686.6521,4960,1248,55406,306000000,1728000
1791121686.7022,4960,1248,55375,306000000,1728000
1791121686.7523,4960,1248,55437,306000000,1728000
1791121686.8024,4960,1248,55343,306000000,1728000
1791121686.8525,4960,1264,55406,306000000,1728000
1791121686.9025,4960,1264,55250,306000000,1728000
1791121686.9526,4960,1256,55375,306000000,1728000
1791121687.0027,4960,1256,55343,306000000,1728000
1791121687.0528,4960,1248,55312,306000000,1728000
1791121687.1029,4960,1248,55468,306000000,1728000
1791121687.1529,4960,1248,55281,306000000,1728000
1791121687.2030,4960,1256,55375,306000000,1728000
1791121687.2531,4960,1248,55375,306000000,1728000
1791121687.3032,4960,1248,55437,306000000,1728000
1791121687.3533,4960,1248,55312,306000000,1113600
1791121687.4034,4960,1256,55406,306000000,1420800
1791121687.4535,4960,1256,55218,306000000,1728000
1791121687.5035,4960,1256,55406,306000000,1728000
1791121687.5536,4960,1256,55500,306000000,1728000
1791121687.6037,4960,1248,55281,306000000,1728000
1791121687.6538,4960,1248,55343,306000000,1728000
1791121687.7039,4960,1248,55312,306000000,1728000
1791121687.7540,4960,1248,55500,306000000,1728000
1791121687.8040,4960,1232,55281,306000000,1728000
1791121687.8541,4960,1232,55343,306000000,1728000
1791121687.9042,4960,1240,55312,306000000,1728000
1791121687.9543,4960,1248,55343,306000000,1728000
1791121688.0044,4960,1256,55500,306000000,1728000
1791121688.0545,4960,1256,55343,306000000,1728000
1791121688.1046,4960,1256,55375,306000000,1728000
1791121688.1547,4960,1256,55312,306000000,1728000
1791121688.2048,4960,1248,55468,306000000,1728000
1791121688.2548,4960,1256,55375,306000000,1728000
1791121688.3049,4960,1248,55375,306000000,1728000
1791121688.3550,4960,1248,55343,306000000,1728000
1791121688.4051,4960,1256,55375,306000000,1728000
1791121688.4552,4960,1248,55312,306000000,1728000
1791121688.5053,4960,1264,55312,306000000,1113600
1791121688.5554,4960,1272,55375,306000000,1728000
1791121688.6055,4960,1264,55312,306000000,1728000
1791121688.6555,4960,1264,55375,306000000,1728000
1791121688.7056,4960,1264,55343,306000000,1728000
1791121688.7557,4960,1256,55437,306000000,1728000
1791121688.8058,4960,1256,55218,306000000,1728000
1791121688.8558,4960,1256,55343,306000000,1728000
1791121688.9059,4960,1256,55312,306000000,1728000
1791121688.9560,4960,1256,55281,306000000,1728000
1791121689.0061,4960,1256,55437,306000000,1728000
1791121689.0562,4960,1264,55312,306000000,1728000
1791121689.1063,4960,1264,55437,306000000,1728000
1791121689.1564,4960,1264,55343,306000000,1728000
1791121689.2065,4960,1256,55312,306000000,1728000
1791121689.2565,4960,1256,55281,306000000,1728000
1791121689.3066,4960,1256,55312,306000000,1728000
1791121689.3567,4960,1256,55250,306000000,1728000
1791121689.4068,4960,1248,55343,306000000,1728000
1791121689.4569,4960,1248,55406,306000000,1728000
1791121689.5069,4960,1240,55343,306000000,1728000
1791121689.5570,4960,1240,55343,306000000,1728000
1791121689.6071,4960,1240,55218,306000000,1267200
1791121689.6572,4960,1256,55406,306000000,1728000
1791121689.7073,4960,1248,55281,306000000,1728000
1791121689.7574,4960,1248,55343,306000000,1728000
1791121689.8075,4960,1248,55312,306000000,1728000
1791121689.8576,4960,1248,55375,306000000,1728000
1791121689.9076,4960,1248,55437,306000000,1728000
1791121689.9577,4960,1248,55312,306000000,1728000
1791121690.0078,4960,1248,55375,306000000,1728000
1791121690.0579,4960,1248,55375,306000000,1728000
1791121690.1080,4960,1248,55406,306000000,1728000
1791121690.1581,4960,1256,55250,306000000,1728000
1791121690.2082,4960,1272,55343,306000000,1728000
1791121690.2583,4960,1264,55281,306000000,1728000
1791121690.3084,4960,1264,55343,306000000,1728000
1791121690.3585,4960,1264,55437,306000000,1728000
1791121690.4085,4960,1264,55281,306000000,1728000
1791121690.4586,4960,1256,55343,306000000,1728000
1791121690.5087,4960,1256,55312,306000000,1728000
1791121690.5588,4960,1256,55343,306000000,1728000
1791121690.6089,4960,1256,55218,306000000,1728000
1791121690.6590,4960,1256,55281,306000000,1728000
1791121690.7091,4960,1248,55250,306000000,1728000
1791121690.7592,4960,1256,55375,306000000,1344000
1791121690.8093,4960,1256,55500,306000000,1728000
1791121690.8593,4960,1256,55250,306000000,1728000
1791121690.9094,4960,1256,55437,306000000,883200
1791121690.9595,4960,1248,55312,306000000,1728000
1791121691.0096,4960,1248,55437,306000000,1728000
1791121691.0597,4960,1248,55312,306000000,1728000
1791121691.1098,4960,1248,55343,306000000,1728000
1791121691.1599,4960,1248,55343,306000000,1728000
1791121691.2099,4960,1248,55375,306000000,1728000
1791121691.2600,4960,1248,55468,306000000,1728000
1791121691.3101,4960,1256,55312,306000000,1113600
1791121691.3602,4960,1256,55437,306000000,1728000
1791121691.4103,4960,1256,55250,306000000,1728000
1791121691.4604,4960,1248,55406,306000000,1728000
1791121691.5105,4960,1248,55250,306000000,1728000
1791121691.5606,4960,1256,55281,306000000,1728000
1791121691.6107,4960,1256,55218,306000000,1728000
1791121691.6607,4960,1256,55343,306000000,1728000
1791121691.7108,4960,1256,55312,306000000,1728000
1791121691.7609,4960,1256,55343,306000000,1728000
1791121691.8110,4960,1248,55468,306000000,1728000
1791121691.8611,4960,1256,55281,306000000,1728000
1791121691.9112,4960,1264,55437,306000000,1728000
1791121691.9613,4960,1264,55218,306000000,1728000
1791121692.0114,4960,1256,55406,306000000,1728000
1791121692.0614,4960,1256,55187,306000000,1728000
1791121692.1115,4960,1248,55375,306000000,1728000
1791121692.1616,4960,1248,55281,306000000,1728000
1791121692.2117,4960,1240,55343,306000000,1728000
1791121692.2618,4960,1240,55500,306000000,1728000
1791121692.3119,4960,1240,55250,306000000,1728000
1791121692.3620,4960,1240,55406,306000000,1728000
1791121692.4121,4960,1264,55281,306000000,1728000
1791121692.4622,4960,1288,55343,306000000,1728000
1791121692.5123,4960,1304,55281,306000000,1728000
1791121692.5623,4960,1304,55343,306000000,1728000
1791121692.6124,4960,1304,55312,306000000,1728000
1791121692.6625,4960,1304,55312,306000000,1728000
1791121692.7126,4960,1296,55500,306000000,1728000
1791121692.7628,4960,1288,55312,306000000,1728000
1791121692.8129,4960,1280,55375,306000000,1728000
1791121692.8629,4960,1280,55375,306000000,1728000
1791121692.9130,4960,1280,55406,306000000,1728000
1791121692.9631,4960,1272,55312,306000000,1728000
1791121693.0132,4960,1288,55437,306000000,960000
1791121693.0633,4960,1280,55281,306000000,1728000
1791121693.1134,4960,1280,55343,306000000,1728000
1791121693.1635,4960,1280,55468,306000000,1728000
1791121693.2136,4960,1280,55312,306000000,1728000
1791121693.2637,4960,1272,55375,306000000,1728000
1791121693.3137,4960,1264,55375,306000000,1728000
1791121693.3638,4960,1264,55406,306000000,1728000
1791121693.4139,4960,1256,55312,306000000,1728000
1791121693.4640,4960,1256,55437,306000000,1728000
1791121693.5141,4960,1248,55343,306000000,1113600
1791121693.5642,4960,1264,55375,306000000,1728000
1791121693.6143,4960,1264,55343,306000000,1728000
1791121693.6643,4960,1264,55343,306000000,1728000
1791121693.7144,4960,1256,55468,306000000,1728000
1791121693.7645,4960,1256,55343,306000000,1728000
1791121693.8146,4960,1248,55375,306000000,1728000
1791121693.8647,4960,1248,55281,306000000,1728000
1791121693.9148,4960,1248,55437,306000000,1728000
1791121693.9648,4960,1256,55250,306000000,1728000
1791121694.0149,4960,1248,55437,306000000,1728000
1791121694.0650,4960,1256,55281,306000000,1728000
1791121694.1151,4960,1272,55406,306000000,1728000
1791121694.1652,4960,1272,55406,306000000,1728000
1791121694.2153,4960,1272,55375,306000000,1728000
1791121694.2653,4960,1272,55406,306000000,1728000
1791121694.3154,4960,1264,55281,306000000,1728000
1791121694.3655,4960,1264,55375,306000000,1728000
1791121694.4156,4960,1256,55343,306000000,1728000
1791121694.4656,4960,1248,55375,306000000,1728000
1791121694.5157,4960,1248,55281,306000000,1728000
1791121694.5658,4960,1248,55343,306000000,1728000
1791121694.6159,4960,1256,55437,306000000,1728000
1791121694.6660,4960,1264,55281,306000000,1728000
1791121694.7161,4960,1272,55437,306000000,1728000
1791121694.7662,4960,1264,55281,306000000,1728000
1791121694.8163,4960,1264,55437,306000000,1728000
1791121694.8663,4960,1264,55281,306000000,1728000
1791121694.9164,4960,1256,55406,306000000,1728000
1791121694.9665,4960,1248,55312,306000000,1728000
1791121695.0166,4960,1240,55281,306000000,1728000
1791121695.0667,4960,1248,55406,306000000,1728000
1791121695.1168,4960,1256,55375,306000000,1728000
1791121695.1668,4960,1248,55437,306000000,1728000
1791121695.2169,4960,1264,55281,306000000,1728000
1791121695.2671,4960,1272,55406,306000000,1728000
1791121695.3171,4960,1264,55281,306000000,1728000
1791121695.3672,4960,1264,55343,306000000,1728000
1791121695.4173,4960,1264,55281,306000000,1728000
1791121695.4674,4960,1256,55312,306000000,1728000
1791121695.5175,4960,1256,55250,306000000,1728000
1791121695.5676,4960,1256,55375,306000000,1728000
1791121695.6176,4960,1248,55406,306000000,1728000
1791121695.6677,4960,1248,55312,306000000,1728000
1791121695.7178,4960,1248,55468,306000000,1728000
1791121695.7679,4960,1248,55343,306000000,1728000
1791121695.8180,4960,1264,55312,306000000,960000
1791121695.8681,4960,1264,55218,306000000,1728000
1791121695.9181,4960,1256,55281,306000000,1728000
1791121695.9682,4960,1256,55500,306000000,1728000
1791121696.0183,4960,1248,55281,306000000,1728000
1791121696.0684,4960,1248,55468,306000000,1728000
1791121696.1185,4960,1256,55312,306000000,1728000
1791121696.1686,4960,1256,55343,306000000,1728000
1791121696.2186,4960,1256,55312,306000000,1728000
1791121696.2687,4960,1248,55406,306000000,1728000
1791121696.3188,4960,1248,55312,306000000,1190400
1791121696.3689,4960,1256,55375,306000000,1728000
1791121696.4190,4960,1256,55468,306000000,1728000
1791121696.4691,4960,1256,55343,306000000,1728000
1791121696.5192,4960,1256,55468,306000000,1728000
1791121696.5692,4960,1256,55312,306000000,1728000
1791121696.6193,4960,1256,55406,306000000,1728000
1791121696.6694,4960,1256,55406,306000000,1728000
1791121696.7195,4960,1256,55406,306000000,1728000
1791121696.7696,4960,1248,55312,306000000,1728000
1791121696.8197,4960,1248,55312,306000000,1728000
1791121696.8697,4960,1248,55468,306000000,1728000
1791121696.9198,4960,1256,55312,306000000,1267200
1791121696.9699,4960,1264,55437,306000000,1728000
1791121697.0200,4960,1256,55343,306000000,1728000
1791121697.0701,4960,1256,55468,306000000,1728000
1791121697.1202,4960,1256,55281,306000000,1728000
1791121697.1703,4960,1248,55343,306000000,1728000
1791121697.2203,4960,1248,55281,306000000,1728000
1791121697.2704,4960,1248,55375,306000000,1728000
1791121697.3205,4960,1248,55500,306000000,1728000
1791121697.3706,4960,1240,55343,306000000,1728000
1791121697.4207,4960,1248,55406,306000000,1728000
1791121697.4708,4960,1256,55312,306000000,1267200
1791121697.5209,4960,1256,55437,306000000,1728000
1791121697.5710,4960,1256,55375,306000000,1728000
1791121697.6211,4960,1256,55375,306000000,1728000
1791121697.6712,4960,1256,55375,306000000,1728000
1791121697.7212,4960,1256,55406,306000000,1728000
1791121697.7713,4960,1256,55406,306000000,1728000
1791121697.8214,4960,1248,55343,306000000,1728000
1791121697.8715,4960,1256,55437,306000000,1728000
1791121697.9216,4960,1248,55375,306000000,1728000
1791121697.9717,4960,1256,55468,306000000,1728000
1791121698.0217,4960,1264,55312,306000000,1728000
1791121698.0718,4960,1264,55375,306000000,1728000
1791121698.1219,4960,1264,55406,306000000,1728000
1791121698.1720,4960,1256,55343,306000000,1728000
1791121698.2221,4960,1256,55281,306000000,1728000
1791121698.2722,4960,1256,55375,306000000,1728000
1791121698.3223,4960,1256,55437,306000000,1728000
1791121698.3724,4960,1248,55312,306000000,1728000
1791121698.4224,4960,1256,55375,306000000,1728000
1791121698.4725,4960,1256,55343,306000000,1728000
1791121698.5226,4960,1256,55343,306000000,1728000
1791121698.5727,4960,1256,55281,306000000,1728000
1791121698.6228,4960,1272,55312,306000000,1728000
1791121698.6729,4960,1264,55218,306000000,1728000
1791121698.7230,4960,1264,55375,306000000,1728000
1791121698.7731,4960,1256,55406,306000000,1728000
1791121698.8232,4960,1248,55375,306000000,1728000
1791121698.8732,4960,1248,55468,306000000,1728000
1791121698.9233,4960,1248,55343,306000000,1728000
1791121698.9734,4960,1248,55468,306000000,1728000
1791121699.0244,4960,1248,55406,306000000,1728000
1791121699.0745,4960,1256,55406,306000000,1728000
1791121699.1246,4960,1256,55218,306000000,1728000
1791121699.1747,4960,1272,55406,306000000,1420800
1791121699.2248,4960,1272,55312,306000000,1728000
1791121699.2749,4960,1264,55281,306000000,806400
1791121699.3250,4960,1264,55437,306000000,1728000
1791121699.3751,4960,1264,55343,306000000,883200
1791121699.4252,4960,1264,55468,306000000,1728000
1791121699.4753,4960,1256,55312,306000000,806400
1791121699.5254,4960,1256,55406,306000000,1728000
1791121699.5755,4960,1256,55343,306000000,1728000
1791121699.6256,4960,1248,55406,306000000,1728000
1791121699.6757,4960,1248,55343,306000000,1728000
1791121699.7258,4960,1264,55406,306000000,1728000
1791121699.7759,4960,1264,55281,306000000,1728000
1791121699.8262,4960,1264,55375,306000000,1728000
1791121699.8763,4960,1264,55468,306000000,1728000
1791121699.9264,4960,1264,55375,306000000,1728000
1791121699.9765,4960,1264,55468,306000000,1728000
1791121700.0266,4960,1256,55343,306000000,806400
1791121700.0767,4960,1256,55343,306000000,883200
1791121700.1268,4960,1256,55281,306000000,1728000
1791121700.1769,4960,1256,55406,306000000,883200
1791121700.2270,4960,1256,55312,306000000,729600
1791121700.2771,4960,1264,55406,306000000,883200
1791121700.3272,4960,1264,55531,306000000,1728000
1791121700.3773,4960,1264,55343,306000000,1728000
1791121700.4274,4960,1272,55437,306000000,729600
1791121700.4774,4960,1264,55437,306000000,1728000
1791121700.5275,4960,1264,55468,306000000,1728000
1791121700.5776,4960,1256,55312,306000000,1728000
1791121700.6277,4960,1256,55375,306000000,1728000
1791121700.6778,4960,1256,55375,306000000,1728000
1791121700.7279,4960,1256,55375,306000000,1728000
1791121700.7780,4960,1256,55312,306000000,1728000
1791121700.8281,4960,1256,55468,306000000,1728000
1791121700.8782,4960,1272,55500,306000000,1728000
1791121700.9283,4960,1272,55375,306000000,1728000
1791121700.9784,4960,1272,55437,306000000,1728000
1791121701.0285,4960,1264,55343,306000000,1728000
1791121701.0786,4960,1264,55406,306000000,1728000
1791121701.1286,4960,1264,55312,306000000,1036800
1791121701.1787,4960,1264,55406,306000000,883200
1791121701.2288,4960,1256,55500,306000000,1728000
1791121701.2789,4960,1264,55343,306000000,729600
1791121701.3290,4960,1264,55437,306000000,1728000
1791121701.3791,4960,1264,55343,306000000,1728000
1791121701.4292,4960,1280,55406,306000000,960000
1791121701.4793,4960,1272,55343,306000000,1728000
1791121701.5294,4960,1272,55406,306000000,1728000
1791121701.5794,4960,1264,55312,306000000,1728000
1791121701.6295,4960,1264,55406,306000000,1728000
1791121701.6796,4960,1256,55500,306000000,1728000
1791121701.7297,4960,1264,55468,306000000,1728000
1791121701.7798,4960,1256,55500,306000000,1728000
1791121701.8298,4960,1248,55343,306000000,1728000
1791121701.8799,4960,1248,55375,306000000,1728000
1791121701.9300,4960,1248,55406,306000000,1728000
1791121701.9801,4960,1264,55406,306000000,1728000
1791121702.0302,4960,1256,55343,306000000,1728000
1791121702.0803,4960,1264,55343,306000000,1728000
1791121702.1303,4960,1264,55250,306000000,1728000
1791121702.1804,4960,1264,55343,306000000,1728000
1791121702.2305,4960,1264,55468,306000000,1728000
1791121702.2806,4960,1256,55343,306000000,1728000
1791121702.3307,4960,1256,55468,306000000,1728000
1791121702.3808,4960,1256,55375,306000000,1728000
1791121702.4309,4960,1256,55406,306000000,1728000
1791121702.4809,4960,1256,55312,306000000,1728000
1791121702.5311,4960,1264,55406,306000000,1728000
1791121702.5811,4960,1272,55343,306000000,1728000
1791121702.6312,4960,1264,55375,306000000,1728000
1791121702.6813,4960,1264,55468,306000000,1728000
1791121702.7314,4960,1288,55343,306000000,1728000
1791121702.7815,4960,1280,55437,306000000,1728000
1791121702.8316,4960,1280,55312,306000000,1728000
1791121702.8817,4960,1272,55437,306000000,1728000
1791121702.9317,4960,1272,55406,306000000,1728000
1791121702.9818,4960,1272,55437,306000000,1728000
1791121703.0319,4960,1264,55312,306000000,1728000
1791121703.0820,4960,1264,55406,306000000,1728000
1791121703.1321,4960,1264,55437,306000000,1728000
1791121703.1822,4960,1264,55281,306000000,1728000
1791121703.2323,4960,1264,55406,306000000,1728000
1791121703.2824,4960,1248,55281,306000000,1728000
1791121703.3324,4960,1248,55437,306000000,1728000
1791121703.3825,4960,1248,55375,306000000,1728000
1791121703.4326,4960,1248,55468,306000000,1728000
1791121703.4827,4960,1248,55312,306000000,1728000
1791121703.5328,4960,1256,55437,306000000,1728000
1791121703.5829,4960,1256,55531,306000000,1728000
1791121703.6330,4960,1256,55343,306000000,1728000
1791121703.6831,4960,1264,55406,306000000,1728000
1791121703.7332,4960,1264,55406,306000000,1728000
1791121703.7832,4960,1264,55437,306000000,1728000
1791121703.8333,4960,1256,55343,306000000,1728000
1791121703.8834,4960,1256,55468,306000000,1728000
1791121703.9335,4960,1248,55281,306000000,1728000
1791121703.9836,4960,1256,55406,306000000,1728000
1791121704.0337,4960,1256,55500,306000000,1728000
1791121704.0837,4960,1256,55375,306000000,1728000
1791121704.1338,4960,1256,55437,306000000,1728000
1791121704.1839,4960,1256,55375,306000000,1728000
1791121704.2340,4960,1264,55437,306000000,1728000
1791121704.2841,4960,1264,55312,306000000,1728000
1791121704.3342,4960,1256,55406,306000000,1728000
1791121704.3843,4960,1256,55343,306000000,1728000
1791121704.4343,4960,1248,55375,306000000,1728000
1791121704.4844,4960,1248,55531,306000000,1728000
1791121704.5345,4960,1240,55375,306000000,1728000
1791121704.5846,4960,1240,55468,306000000,1728000
1791121704.6347,4960,1240,55343,306000000,1728000
1791121704.6848,4960,1248,55437,306000000,1728000
1791121704.7349,4960,1248,55375,306000000,1728000
1791121704.7850,4960,1288,55406,306000000,1728000
1791121704.8350,4960,1296,55375,306000000,1728000
1791121704.8851,4960,1304,55375,306000000,1728000
1791121704.9352,4960,1296,55468,306000000,1728000
1791121704.9853,4960,1304,55468,306000000,1728000
1791121705.0354,4960,1296,55500,306000000,1728000
1791121705.0854,4960,1288,55375,306000000,1728000
1791121705.1355,4960,1280,55531,306000000,1728000
1791121705.1856,4960,1280,55406,306000000,1728000
1791121705.2357,4960,1272,55437,306000000,1728000
1791121705.2858,4960,1272,55312,306000000,1728000
1791121705.3358,4960,1288,55406,306000000,1728000
1791121705.3859,4960,1280,55406,306000000,1728000
1791121705.4361,4960,1272,55406,306000000,1728000
1791121705.4861,4960,1272,55406,306000000,1728000
1791121705.5362,4960,1272,55375,306000000,1728000
1791121705.5863,4960,1264,55500,306000000,1728000
1791121705.6364,4960,1264,55437,306000000,1728000
1791121705.6865,4960,1256,55343,306000000,1728000
1791121705.7366,4960,1256,55375,306000000,1728000
1791121705.7867,4960,1256,55437,306000000,1728000
1791121705.8368,4960,1256,55375,306000000,1728000
1791121705.8869,4960,1272,55437,306000000,1190400
1791121705.9370,4960,1280,55437,306000000,1728000
1791121705.9871,4960,1280,55406,306000000,960000
1791121706.0372,4960,1272,55531,306000000,806400
1791121706.0873,4960,1272,55375,306000000,1728000
1791121706.1374,4960,1272,55406,306000000,1728000
1791121706.1874,4960,1264,55343,306000000,1728000
1791121706.2375,4960,1264,55406,306000000,1728000
1791121706.2876,4960,1264,55343,306000000,1728000
1791121706.3377,4960,1264,55343,306000000,1728000
1791121706.3878,4960,1272,55343,306000000,1728000
1791121706.4379,4960,1272,55406,306000000,1728000
1791121706.4880,4960,1288,55531,306000000,1728000
1791121706.5381,4960,1288,55500,306000000,1728000
1791121706.5882,4960,1272,55500,306000000,1728000
1791121706.6383,4960,1280,55375,306000000,1728000
1791121706.6884,4960,1280,55406,306000000,1728000
1791121706.7385,4960,1280,55343,306000000,1728000
1791121706.7886,4960,1272,55468,306000000,1728000
1791121706.8387,4960,1272,55531,306000000,1728000
1791121706.8888,4960,1264,55406,306000000,1728000
1791121706.9401,4960,1264,55625,306000000,1728000
1791121706.9902,4960,1280,55375,306000000,1728000
1791121707.0403,4960,1296,55500,306000000,1728000
1791121707.0904,4960,1288,55406,306000000,1728000
1791121707.1405,4960,1288,55468,306000000,1728000
1791121707.1906,4960,1288,55343,306000000,1728000
1791121707.2407,4960,1288,55406,306000000,1728000
1791121707.2908,4960,1272,55375,306000000,1728000
1791121707.3409,4960,1272,55468,306000000,1728000
1791121707.3910,4960,1272,55281,306000000,806400
1791121707.4411,4960,1272,55375,306000000,1728000
1791121707.4912,4960,1272,55500,306000000,806400
1791121707.5413,4960,1272,55343,306000000,1728000
1791121707.5914,4960,1288,55468,306000000,960000
1791121707.6415,4960,1280,55375,306000000,1728000
1791121707.6916,4960,1280,55406,306000000,1728000
1791121707.7417,4960,1272,55343,306000000,1728000
1791121707.7918,4960,1272,55343,306000000,1728000
1791121707.8419,4960,1272,55281,306000000,1728000
1791121707.8920,4960,1272,55375,306000000,1728000
1791121707.9421,4960,1264,55500,306000000,1728000
1791121707.9922,4960,1264,55312,306000000,1728000
1791121708.0422,4960,1264,55468,306000000,729600
1791121708.0923,4960,1264,55406,306000000,1728000
1791121708.1424,4960,1280,55500,306000000,1728000
1791121708.1925,4960,1280,55281,306000000,1728000
1791121708.2426,4960,1280,55468,306000000,1728000
1791121708.2927,4960,1272,55281,306000000,1728000
1791121708.3428,4960,1272,55406,306000000,1728000
1791121708.3929,4960,1264,55437,306000000,1728000
1791121708.4430,4960,1264,55343,306000000,1728000
1791121708.4931,4960,1264,55406,306000000,1728000
1791121708.5432,4960,1264,55406,306000000,1728000
1791121708.5933,4960,1256,55375,306000000,1728000
1791121708.6434,4960,1256,55375,306000000,1728000
1791121708.6935,4960,1280,55437,306000000,1728000
1791121708.7436,4960,1280,55312,306000000,1728000
1791121708.7937,4960,1280,55406,306000000,1728000
1791121708.8438,4960,1280,55562,306000000,1728000
1791121708.8938,4960,1272,55343,306000000,1728000
1791121708.9439,4960,1272,55468,306000000,1728000
1791121708.9941,4960,1272,55375,306000000,806400
1791121709.0442,4960,1272,55437,306000000,1728000
1791121709.0942,4960,1264,55343,306000000,1728000
1791121709.1443,4960,1264,55406,306000000,1728000
1791121709.1944,4960,1264,55375,306000000,1728000
1791121709.2445,4960,1272,55406,306000000,1728000
1791121709.2946,4960,1288,55531,306000000,883200
1791121709.3447,4960,1280,55375,306000000,1728000
1791121709.3948,4960,1280,55468,306000000,1728000
1791121709.4449,4960,1272,55343,306000000,1728000
1791121709.4950,4960,1264,55500,306000000,1728000
1791121709.5451,4960,1272,55406,306000000,1728000
1791121709.5952,4960,1264,55406,306000000,1728000
1791121709.6453,4960,1264,55281,306000000,1728000
1791121709.6953,4960,1264,55343,306000000,1728000
1791121709.7454,4960,1256,55343,306000000,1728000
1791121709.7955,4960,1264,55437,306000000,1728000
1791121709.8456,4960,1272,55500,306000000,1728000
1791121709.8957,4960,1264,55375,306000000,1728000
1791121709.9458,4960,1264,55468,306000000,1728000
1791121709.9959,4960,1256,55343,306000000,1728000
1791121710.0460,4960,1256,55437,306000000,1728000
1791121710.0961,4960,1256,55375,306000000,1728000
1791121710.1461,4960,1256,55437,306000000,1728000
1791121710.1962,4960,1248,55343,306000000,1728000
1791121710.2463,4960,1248,55437,306000000,1728000
1791121710.2964,4960,1248,55468,306000000,1728000
1791121710.3465,4960,1248,55375,306000000,1728000
1791121710.3966,4960,1256,55531,306000000,960000
1791121710.4467,4960,1256,55343,306000000,1728000
1791121710.4967,4960,1256,55437,306000000,1728000
1791121710.5468,4960,1248,55375,306000000,1728000
1791121710.5969,4960,1248,55437,306000000,1728000
1791121710.6470,4960,1248,55343,306000000,1728000
1791121710.6971,4960,1248,55375,306000000,1728000
1791121710.7472,4960,1248,55500,306000000,1728000
1791121710.7973,4960,1248,55406,306000000,1728000
1791121710.8473,4960,1248,55500,306000000,1728000
1791121710.8975,4960,1248,55406,306000000,1190400
1791121710.9476,4960,1264,55468,306000000,1420800
1791121710.9977,4960,1264,55375,306000000,1728000
1791121711.0477,4960,1256,55468,306000000,1728000
1791121711.0978,4960,1256,55312,306000000,1728000
1791121711.1479,4960,1256,55406,306000000,1728000
1791121711.1980,4960,1248,55468,306000000,1728000
1791121711.2481,4960,1248,55406,306000000,1728000
1791121711.2981,4960,1248,55468,306000000,1728000
1791121711.3482,4960,1248,55406,306000000,1728000
1791121711.3983,4960,1248,55468,306000000,1728000
1791121711.4484,4960,1248,55281,306000000,1728000
1791121711.4985,4960,1256,55437,306000000,1728000
1791121711.5486,4960,1256,55437,306000000,1728000
1791121711.5987,4960,1256,55406,306000000,1728000
1791121711.6487,4960,1256,55531,306000000,1728000
1791121711.6988,4960,1256,55437,306000000,1728000
1791121711.7489,4960,1248,55468,306000000,1728000
1791121711.7990,4960,1248,55312,306000000,1728000
1791121711.8491,4960,1256,55562,306000000,1728000
1791121711.8992,4960,1256,55343,306000000,1728000
1791121711.9492,4960,1248,55437,306000000,1728000
1791121711.9993,4960,1240,55312,306000000,1728000
1791121712.0494,4960,1248,55375,306000000,1113600
1791121712.0995,4960,1256,55375,306000000,1728000
1791121712.1496,4960,1248,55468,306000000,1728000
1791121712.1997,4960,1248,55500,306000000,1728000
1791121712.2498,4960,1248,55406,306000000,1728000
1791121712.2999,4960,1256,55500,306000000,1728000
1791121712.3500,4960,1248,55343,306000000,1728000
1791121712.4000,4960,1248,55312,306000000,1728000
1791121712.4501,4960,1256,55312,306000000,1728000
1791121712.5002,4960,1248,55437,306000000,1728000
1791121712.5503,4960,1240,55343,306000000,1728000
1791121712.6004,4960,1256,55406,306000000,1728000
1791121712.6505,4960,1272,55437,306000000,1728000
1791121712.7006,4960,1272,55406,306000000,1728000
1791121712.7507,4960,1264,55375,306000000,1728000
1791121712.8008,4960,1264,55375,306000000,1728000
1791121712.8509,4960,1256,55406,306000000,1728000
1791121712.9010,4960,1256,55312,306000000,1728000
1791121712.9510,4960,1256,55406,306000000,1728000
1791121713.0011,4960,1256,55343,306000000,1728000
1791121713.0512,4960,1248,55406,306000000,1728000
1791121713.1013,4960,1248,55468,306000000,1728000
1791121713.1514,4960,1248,55375,306000000,1190400
1791121713.2015,4960,1264,55531,306000000,1728000
1791121713.2516,4960,1256,55406,306000000,1728000
1791121713.3016,4960,1256,55468,306000000,1728000
1791121713.3517,4960,1256,55375,306000000,1728000
1791121713.4018,4960,1248,55406,306000000,1728000
1791121713.4519,4960,1248,55343,306000000,1728000
1791121713.5020,4960,1248,55406,306000000,1728000
1791121713.5521,4960,1248,55500,306000000,1728000
1791121713.6021,4960,1248,55375,306000000,1728000
1791121713.6522,4960,1248,55531,306000000,1728000
1791121713.7023,4960,1240,55375,306000000,1728000
1791121713.7524,4960,1256,55437,306000000,1728000
1791121713.8025,4960,1256,55375,306000000,1728000
1791121713.8526,4960,1256,55406,306000000,1728000
1791121713.9027,4960,1256,55375,306000000,1728000
1791121713.9528,4960,1256,55468,306000000,1728000
1791121714.0029,4960,1256,55500,306000000,1728000
1791121714.0529,4960,1256,55468,306000000,1728000
1791121714.1031,4960,1248,55500,306000000,1728000
1791121714.1531,4960,1248,55375,306000000,1728000
1791121714.2032,4960,1256,55468,306000000,1728000
1791121714.2533,4960,1256,55312,306000000,1728000
1791121714.3034,4960,1264,55437,306000000,1344000
1791121714.3535,4960,1264,55406,306000000,1728000
1791121714.4036,4960,1264,55375,306000000,1728000
1791121714.4537,4960,1256,55406,306000000,1728000
1791121714.5037,4960,1264,55375,306000000,1728000
1791121714.5538,4960,1264,55406,306000000,1728000
1791121714.6039,4960,1256,55406,306000000,1728000
1791121714.6540,4960,1256,55531,306000000,1728000
1791121714.7041,4960,1256,55406,306000000,1728000
1791121714.7542,4960,1256,55468,306000000,1728000
1791121714.8042,4960,1248,55343,306000000,1728000
1791121714.8543,4960,1264,55500,306000000,1728000
1791121714.9044,4960,1264,55343,306000000,1728000
1791121714.9545,4960,1256,55375,306000000,1728000
1791121715.0046,4960,1256,55500,306000000,1728000
1791121715.0547,4960,1256,55312,306000000,1728000
1791121715.1048,4960,1256,55500,306000000,1728000
1791121715.1548,4960,1256,55375,306000000,1728000
1791121715.2049,4960,1248,55468,306000000,1728000
1791121715.2550,4960,1248,55343,306000000,1728000
1791121715.3051,4960,1240,55406,306000000,1728000
1791121715.3552,4960,1240,55375,306000000,1728000
1791121715.4053,4960,1248,55343,306000000,1728000
1791121715.4554,4960,1264,55500,306000000,1728000
1791121715.5055,4960,1264,55375,306000000,1728000
1791121715.5555,4960,1264,55437,306000000,1728000
1791121715.6056,4960,1264,55437,306000000,1728000
1791121715.6557,4960,1264,55406,306000000,1728000
1791121715.7058,4960,1256,55406,306000000,1728000
1791121715.7559,4960,1256,55375,306000000,1728000
1791121715.8060,4960,1256,55375,306000000,1728000
1791121715.8561,4960,1256,55375,306000000,1728000
1791121715.9061,4960,1256,55437,306000000,1728000
1791121715.9562,4960,1256,55343,306000000,1728000
1791121716.0063,4960,1264,55468,306000000,1728000
1791121716.0564,4960,1264,55375,306000000,1728000
1791121716.1065,4960,1256,55500,306000000,1728000
1791121716.1566,4960,1256,55343,306000000,1728000
1791121716.2067,4960,1256,55468,306000000,1728000
1791121716.2567,4960,1256,55437,306000000,1728000
1791121716.3068,4960,1256,55406,306000000,1728000
1791121716.3569,4960,1256,55562,306000000,1728000
1791121716.4070,4960,1248,55468,306000000,1728000
1791121716.4570,4960,1248,55500,306000000,1728000
1791121716.5071,4960,1240,55312,306000000,1190400
1791121716.5572,4960,1256,55500,306000000,1728000
1791121716.6073,4960,1248,55375,306000000,1728000
1791121716.6574,4960,1248,55375,306000000,1728000
1791121716.7075,4960,1256,55312,306000000,1728000
1791121716.7576,4960,1248,55468,306000000,1728000
1791121716.8077,4960,1248,55531,306000000,1728000
1791121716.8578,4960,1248,55406,306000000,1728000
1791121716.9078,4960,1256,55468,306000000,1728000
1791121716.9579,4960,1248,55437,306000000,1728000
1791121717.0080,4960,1256,55500,306000000,1728000
1791121717.0581,4960,1256,55437,306000000,1728000
1791121717.1082,4960,1264,55375,306000000,1728000
1791121717.1582,4960,1264,55312,306000000,1728000
1791121717.2083,4960,1264,55437,306000000,1728000
1791121717.2584,4960,1256,55531,306000000,1728000
1791121717.3085,4960,1248,55375,306000000,1728000
1791121717.3586,4960,1256,55500,306000000,1728000
1791121717.4086,4960,1256,55343,306000000,1728000
1791121717.4587,4960,1256,55531,306000000,1728000
1791121717.5088,4960,1256,55312,306000000,1728000
1791121717.5589,4960,1248,55437,306000000,1728000
1791121717.6090,4960,1248,55375,306000000,1728000
1791121717.6591,4960,1256,55406,306000000,1728000
1791121717.7092,4960,1264,55312,306000000,1728000
1791121717.7593,4960,1264,55406,306000000,1728000
1791121717.8094,4960,1256,55562,306000000,1728000
1791121717.8594,4960,1264,55375,306000000,1728000
1791121717.9095,4960,1264,55531,306000000,1728000
1791121717.9596,4960,1264,55343,306000000,1728000
1791121718.0097,4960,1264,55437,306000000,1728000
1791121718.0597,4960,1264,55406,306000000,1728000
1791121718.1098,4960,1256,55406,306000000,1728000
1791121718.1599,4960,1256,55312,306000000,1728000
1791121718.2100,4960,1264,55437,306000000,1728000
1791121718.2601,4960,1264,55500,306000000,1728000
1791121718.3102,4960,1256,55312,306000000,1728000
1791121718.3603,4960,1256,55531,306000000,1728000
1791121718.4103,4960,1248,55312,306000000,1728000
1791121718.4604,4960,1256,55531,306000000,1728000
1791121718.5105,4960,1256,55406,306000000,1728000
1791121718.5606,4960,1248,55437,306000000,1728000
1791121718.6107,4960,1248,55375,306000000,1728000
1791121718.6607,4960,1248,55468,306000000,1728000
1791121718.7108,4960,1248,55468,306000000,1728000
1791121718.7609,4960,1248,55375,306000000,1728000
1791121718.8110,4960,1264,55531,306000000,1728000
1791121718.8611,4960,1256,55343,306000000,1728000
1791121718.9112,4960,1256,55468,306000000,1728000
1791121718.9613,4960,1256,55375,306000000,1728000
1791121719.0114,4960,1248,55437,306000000,1728000
1791121719.0614,4960,1248,55281,306000000,1728000
1791121719.1115,4960,1248,55437,306000000,1728000
1791121719.1616,4960,1248,55531,306000000,1728000
1791121719.2117,4960,1256,55406,306000000,1728000
1791121719.2618,4960,1256,55500,306000000,1728000
1791121719.3118,4960,1256,55437,306000000,1728000
1791121719.3619,4960,1264,55531,306000000,1344000
1791121719.4120,4960,1264,55312,306000000,1728000
1791121719.4621,4960,1264,55500,306000000,1728000
1791121719.5122,4960,1248,55343,306000000,1728000
1791121719.5623,4960,1256,55437,306000000,1728000
1791121719.6124,4960,1256,55468,306000000,1728000
1791121719.6625,4960,1256,55375,306000000,1728000
1791121719.7126,4960,1256,55500,306000000,1728000
1791121719.7626,4960,1248,55375,306000000,1728000
1791121719.8127,4960,1248,55468,306000000,1728000
1791121719.8628,4960,1256,55406,306000000,1728000
1791121719.9129,4960,1256,55437,306000000,1728000
1791121719.9630,4960,1264,55406,306000000,1728000
1791121720.0131,4960,1264,55500,306000000,1728000
1791121720.0632,4960,1256,55531,306000000,1728000
1791121720.1132,4960,1256,55375,306000000,1728000
1791121720.1633,4960,1256,55468,306000000,1728000
1791121720.2134,4960,1256,55375,306000000,1728000
1791121720.2635,4960,1256,55406,306000000,1728000
1791121720.3135,4960,1248,55343,306000000,1728000
1791121720.3636,4960,1248,55437,306000000,1728000
1791121720.4137,4960,1240,55437,306000000,1728000
1791121720.4638,4960,1248,55437,306000000,1728000
1791121720.5139,4960,1256,55343,306000000,1728000
1791121720.5640,4960,1248,55437,306000000,1728000
1791121720.6141,4960,1256,55531,306000000,1728000
1791121720.6641,4960,1248,55406,306000000,1728000
1791121720.7142,4960,1256,55500,306000000,1728000
1791121720.7643,4960,1248,55375,306000000,1728000
1791121720.8144,4960,1272,55406,306000000,1728000
1791121720.8645,4960,1296,55312,306000000,1728000
1791121720.9145,4960,1296,55437,306000000,1728000
1791121720.9646,4960,1304,55531,306000000,1728000
1791121721.0147,4960,1312,55406,306000000,1728000
1791121721.0648,4960,1312,55531,306000000,1728000
1791121721.1149,4960,1312,55437,306000000,1728000
1791121721.1650,4960,1304,55562,306000000,1728000
1791121721.2151,4960,1304,55437,306000000,1728000
1791121721.2652,4960,1304,55437,306000000,1728000
1791121721.3153,4960,1288,55375,306000000,1728000
1791121721.3654,4960,1280,55531,306000000,1728000
1791121721.4154,4960,1280,55375,306000000,1728000
1791121721.4655,4960,1280,55375,306000000,1728000
1791121721.5156,4960,1272,55531,306000000,1728000
1791121721.5657,4960,1272,55406,306000000,1728000
1791121721.6158,4960,1280,55531,306000000,1728000
1791121721.6659,4960,1272,55406,306000000,1728000
1791121721.7160,4960,1264,55437,306000000,1728000
1791121721.7661,4960,1264,55375,306000000,1728000
1791121721.8161,4960,1256,55500,306000000,1728000
1791121721.8662,4960,1256,55406,306000000,1728000
1791121721.9163,4960,1256,55468,306000000,1728000
1791121721.9664,4960,1256,55562,306000000,1728000
1791121722.0165,4960,1248,55468,306000000,1728000
1791121722.0666,4960,1248,55531,306000000,1728000
1791121722.1167,4960,1248,55375,306000000,1728000
1791121722.1668,4960,1264,55437,306000000,883200
1791121722.2168,4960,1256,55375,306000000,1728000
1791121722.2669,4960,1256,55468,306000000,1728000
1791121722.3170,4960,1256,55375,306000000,1728000
1791121722.3671,4960,1256,55531,306000000,1728000
1791121722.4172,4960,1248,55531,306000000,1728000
1791121722.4673,4960,1248,55437,306000000,1728000
1791121722.5174,4960,1248,55531,306000000,1728000
1791121722.5674,4960,1248,55375,306000000,1728000
1791121722.6175,4960,1256,55500,306000000,1728000
1791121722.6676,4960,1256,55406,306000000,1728000
1791121722.7177,4960,1264,55468,306000000,1728000
1791121722.7678,4960,1264,55437,306000000,1728000
1791121722.8179,4960,1256,55437,306000000,1728000
1791121722.8680,4960,1264,55531,306000000,1728000
1791121722.9180,4960,1256,55437,306000000,1728000
1791121722.9681,4960,1264,55468,306000000,1728000
1791121723.0182,4960,1248,55406,306000000,1728000
1791121723.0683,4960,1248,55531,306000000,1728000
1791121723.1183,4960,1248,55343,306000000,1728000
1791121723.1684,4960,1248,55406,306000000,1728000
1791121723.2185,4960,1240,55437,306000000,1728000
1791121723.2686,4960,1256,55437,306000000,1728000
1791121723.3187,4960,1256,55531,306000000,1728000
1791121723.3688,4960,1256,55406,306000000,1728000
1791121723.4188,4960,1256,55500,306000000,1728000
1791121723.4689,4960,1248,55406,306000000,1728000
1791121723.5190,4960,1248,55500,306000000,1728000
1791121723.5691,4960,1256,55312,306000000,1728000
1791121723.6192,4960,1256,55468,306000000,1728000
1791121723.6692,4960,1256,55406,306000000,1728000
1791121723.7193,4960,1256,55468,306000000,1728000
1791121723.7694,4960,1248,55531,306000000,1728000
1791121723.8195,4960,1256,55375,306000000,1728000
1791121723.8696,4960,1264,55500,306000000,1728000
1791121723.9197,4960,1264,55375,306000000,1728000
1791121723.9697,4960,1256,55437,306000000,1728000
1791121724.0198,4960,1248,55406,306000000,1728000
1791121724.0699,4960,1248,55437,306000000,1728000
1791121724.1200,4960,1248,55406,306000000,1728000
1791121724.1701,4960,1240,55437,306000000,1728000
1791121724.2201,4960,1240,55531,306000000,1728000
1791121724.2702,4960,1240,55406,306000000,1728000
1791121724.3203,4960,1240,55593,306000000,1728000
1791121724.3704,4960,1248,55375,306000000,1728000
1791121724.4205,4960,1256,55468,306000000,1728000
1791121724.4706,4960,1256,55406,306000000,1728000
1791121724.5207,4960,1256,55406,306000000,1728000
1791121724.5708,4960,1256,55406,306000000,1728000
1791121724.6209,4960,1256,55500,306000000,1728000
1791121724.6709,4960,1256,55375,306000000,1728000
1791121724.7210,4960,1264,55468,306000000,1728000
1791121724.7711,4960,1256,55562,306000000,1728000
1791121724.8212,4960,1256,55375,306000000,1728000
1791121724.8713,4960,1248,55500,306000000,1728000
1791121724.9214,4960,1256,55406,306000000,1728000
1791121724.9715,4960,1272,55468,306000000,1728000
1791121725.0216,4960,1264,55375,306000000,1728000
1791121725.0716,4960,1264,55437,306000000,1728000
1791121725.1217,4960,1256,55375,306000000,1728000
1791121725.1718,4960,1256,55375,306000000,1728000
1791121725.2219,4960,1256,55562,306000000,1728000
1791121725.2719,4960,1248,55437,306000000,1728000
1791121725.3220,4960,1248,55500,306000000,1728000
1791121725.3721,4960,1248,55375,306000000,1728000
1791121725.4222,4960,1248,55468,306000000,1728000
1791121725.4723,4960,1248,55312,306000000,1728000
1791121725.5224,4960,1256,55437,306000000,883200
1791121725.5725,4960,1256,55406,306000000,1728000
1791121725.6225,4960,1256,55531,306000000,1728000
1791121725.6726,4960,1248,55531,306000000,1728000
1791121725.7227,4960,1248,55437,306000000,1728000
1791121725.7728,4960,1248,55500,306000000,1728000
1791121725.8229,4960,1248,55406,306000000,1728000
1791121725.8729,4960,1248,55531,306000000,1728000
1791121725.9230,4960,1256,55375,306000000,1728000
1791121725.9731,4960,1248,55468,306000000,1728000
1791121726.0232,4960,1248,55437,306000000,1728000
1791121726.0733,4960,1264,55406,306000000,1728000
1791121726.1234,4960,1256,55500,306000000,1728000
1791121726.1735,4960,1264,55437,306000000,1728000
1791121726.2236,4960,1256,55468,306000000,1728000
1791121726.2737,4960,1256,55375,306000000,1728000
1791121726.3237,4960,1256,55437,306000000,1728000
1791121726.3738,4960,1248,55375,306000000,1728000
1791121726.4239,4960,1248,55437,306000000,1728000
1791121726.4740,4960,1248,55406,306000000,1728000
1791121726.5241,4960,1248,55437,306000000,1728000
1791121726.5742,4960,1240,55531,306000000,1728000
1791121726.6243,4960,1256,55375,306000000,1728000
1791121726.6743,4960,1256,55500,306000000,1728000
1791121726.7244,4960,1256,55375,306000000,1728000
1791121726.7745,4960,1256,55437,306000000,1728000
1791121726.8246,4960,1256,55406,306000000,1728000
1791121726.8747,4960,1248,55437,306000000,1728000
1791121726.9248,4960,1248,55343,306000000,1728000
1791121726.9749,4960,1248,55406,306000000,1728000
1791121727.0250,4960,1240,55500,306000000,1728000
1791121727.0751,4960,1240,55468,306000000,1728000
1791121727.1251,4960,1240,55531,306000000,1728000
1791121727.1752,4960,1248,55468,306000000,1267200
1791121727.2253,4960,1256,55468,306000000,1728000
1791121727.2754,4960,1256,55406,306000000,1728000
1791121727.3255,4960,1256,55437,306000000,1728000
1791121727.3756,4960,1256,55375,306000000,1728000
1791121727.4256,4960,1256,55437,306000000,1728000
1791121727.4757,4960,1256,55562,306000000,1728000
1791121727.5258,4960,1248,55406,306000000,1728000
1791121727.5759,4960,1248,55468,306000000,1728000
1791121727.6260,4960,1248,55468,306000000,1728000
1791121727.6760,4960,1248,55500,306000000,1728000
1791121727.7261,4960,1256,55406,306000000,1728000
1791121727.7762,4960,1264,55468,306000000,1728000
1791121727.8263,4960,1256,55375,306000000,1728000
1791121727.8764,4960,1256,55406,306000000,1728000
1791121727.9265,4960,1256,55531,306000000,1728000
1791121727.9766,4960,1248,55406,306000000,1728000
1791121728.0267,4960,1248,55500,306000000,1728000
1791121728.0767,4960,1248,55375,306000000,1728000
1791121728.1268,4960,1248,55437,306000000,1728000
1791121728.1769,4960,1248,55406,306000000,1728000
1791121728.2270,4960,1248,55343,306000000,1728000
1791121728.2771,4960,1248,55437,306000000,1728000
1791121728.3273,4960,1264,55468,306000000,1728000
1791121728.3774,4960,1256,55312,306000000,1728000
1791121728.4274,4960,1256,55406,306000000,1728000
1791121728.4775,4960,1256,55406,306000000,1728000
1791121728.5276,4960,1256,55375,306000000,1728000
1791121728.5777,4960,1256,55531,306000000,1728000
1791121728.6278,4960,1256,55343,306000000,1728000
1791121728.6779,4960,1248,55468,306000000,1728000
1791121728.7279,4960,1256,55281,306000000,1728000
1791121728.7780,4960,1256,55468,306000000,1728000
1791121728.8281,4960,1248,55312,306000000,1728000
1791121728.8782,4960,1264,55343,306000000,1497600
1791121728.9283,4960,1264,55437,306000000,1728000
1791121728.9784,4960,1264,55375,306000000,1728000
1791121729.0284,4960,1264,55500,306000000,1728000
1791121729.0785,4960,1256,55343,306000000,1728000
1791121729.1286,4960,1256,55406,306000000,1728000
1791121729.1787,4960,1256,55437,306000000,1728000
1791121729.2287,4960,1248,55437,306000000,1728000
1791121729.2788,4960,1248,55343,306000000,1728000
1791121729.3289,4960,1240,55375,306000000,1728000
1791121729.3790,4960,1248,55500,306000000,1728000
1791121729.4291,4960,1256,55375,306000000,1728000
1791121729.4791,4960,1256,55500,306000000,1728000
1791121729.5292,4960,1256,55437,306000000,1728000
1791121729.5793,4960,1256,55406,306000000,1728000
1791121729.6294,4960,1256,55406,306000000,1728000
1791121729.6795,4960,1256,55437,306000000,1728000
1791121729.7296,4960,1248,55343,306000000,1728000
1791121729.7797,4960,1256,55375,306000000,1728000
1791121729.8298,4960,1248,55531,306000000,1728000
1791121729.8799,4960,1248,55406,306000000,1728000
1791121729.9300,4960,1256,55500,306000000,1728000
1791121729.9800,4960,1264,55406,306000000,1728000
1791121730.0302,4960,1272,55468,306000000,1728000
1791121730.0802,4960,1264,55375,306000000,1728000
1791121730.1303,4960,1256,55406,306000000,1728000
1791121730.1804,4960,1264,55312,306000000,1728000
1791121730.2305,4960,1264,55468,306000000,1728000
1791121730.2806,4960,1256,55562,306000000,1728000
1791121730.3307,4960,1256,55406,306000000,1728000
1791121730.3807,4960,1256,55531,306000000,1728000
1791121730.4308,4960,1256,55468,306000000,1728000
1791121730.4809,4960,1256,55468,306000000,1728000
1791121730.5310,4960,1264,55343,306000000,1267200
1791121730.5811,4960,1264,55406,306000000,1728000
1791121730.6312,4960,1264,55343,306000000,1728000
1791121730.6813,4960,1256,55406,306000000,1728000
1791121730.7314,4960,1248,55531,306000000,1728000
1791121730.7814,4960,1248,55406,306000000,1728000
1791121730.8315,4960,1248,55500,306000000,1728000
1791121730.8816,4960,1248,55375,306000000,1728000
1791121730.9317,4960,1248,55531,306000000,1728000
1791121730.9818,4960,1240,55375,306000000,1728000
1791121731.0318,4960,1240,55406,306000000,1728000
1791121731.0819,4960,1248,55406,306000000,1728000
1791121731.1320,4960,1256,55343,306000000,1728000
1791121731.1821,4960,1256,55218,306000000,1728000
1791121731.2322,4960,1256,55437,306000000,1728000
1791121731.2823,4960,1248,55531,306000000,1728000
1791121731.3324,4960,1248,55343,306000000,1728000
1791121731.3825,4960,1248,55468,306000000,1728000
1791121731.4326,4960,1248,55375,306000000,1728000
1791121731.4826,4960,1248,55437,306000000,1728000
1791121731.5327,4960,1248,55312,306000000,1728000
1791121731.5828,4960,1248,55437,306000000,1728000
1791121731.6329,4960,1256,55281,306000000,1728000
1791121731.6830,4960,1264,55312,306000000,1728000
1791121731.7331,4960,1256,55500,306000000,1728000
1791121731.7832,4960,1256,55375,306000000,1728000
1791121731.8332,4960,1256,55468,306000000,1728000
1791121731.8833,4960,1256,55437,306000000,1728000
1791121731.9334,4960,1264,55406,306000000,1728000
1791121731.9835,4960,1256,55406,306000000,1728000
1791121732.0336,4960,1256,55437,306000000,1728000
1791121732.0836,4960,1256,55343,306000000,1728000
1791121732.1337,4960,1248,55406,306000000,1728000
1791121732.1838,4960,1248,55531,306000000,1728000
1791121732.2339,4960,1256,55406,306000000,1497600
1791121732.2840,4960,1264,55531,306000000,1728000
1791121732.3341,4960,1264,55406,306000000,1728000
1791121732.3841,4960,1256,55500,306000000,1728000
1791121732.4342,4960,1248,55312,306000000,1728000
1791121732.4843,4960,1248,55531,306000000,1728000
1791121732.5344,4960,1248,55343,306000000,1728000
1791121732.5845,4960,1256,55375,306000000,1728000
1791121732.6346,4960,1256,55531,306000000,1728000
1791121732.6846,4960,1248,55406,306000000,1728000
1791121732.7347,4960,1248,55500,306000000,1728000
1791121732.7848,4960,1264,55343,306000000,1728000
1791121732.8349,4960,1264,55437,306000000,1728000
1791121732.8850,4960,1256,55312,306000000,1728000
1791121732.9351,4960,1248,55437,306000000,1728000
1791121732.9852,4960,1256,55375,306000000,1728000
1791121733.0353,4960,1256,55343,306000000,1728000
1791121733.0854,4960,1256,55500,306000000,1728000
1791121733.1355,4960,1256,55375,306000000,1728000
1791121733.1855,4960,1256,55500,306000000,1728000
1791121733.2356,4960,1256,55375,306000000,1728000
1791121733.2857,4960,1256,55406,306000000,1728000
1791121733.3358,4960,1264,55406,306000000,1728000
1791121733.3859,4960,1264,55406,306000000,1728000
1791121733.4360,4960,1256,55437,306000000,1728000
1791121733.4861,4960,1256,55437,306000000,1728000
1791121733.5362,4960,1256,55562,306000000,1728000
1791121733.5862,4960,1256,55343,306000000,1728000
1791121733.6363,4960,1248,55562,306000000,1728000
1791121733.6864,4960,1248,55343,306000000,1728000
1791121733.7365,4960,1240,55500,306000000,1728000
1791121733.7866,4960,1240,55343,306000000,1728000
1791121733.8367,4960,1240,55406,306000000,1728000
1791121733.8868,4960,1248,55343,306000000,1728000
1791121733.9369,4960,1256,55375,306000000,1728000
1791121733.9869,4960,1256,55531,306000000,1728000
1791121734.0370,4960,1248,55375,306000000,1728000
1791121734.0871,4960,1248,55468,306000000,1728000
1791121734.1372,4960,1240,55406,306000000,1728000
1791121734.1873,4960,1240,55531,306000000,1728000
1791121734.2373,4960,1248,55406,306000000,1728000
1791121734.2874,4960,1248,55437,306000000,1728000
1791121734.3375,4960,1248,55312,306000000,1728000
1791121734.3876,4960,1248,55406,306000000,1728000
1791121734.4377,4960,1256,55312,306000000,1728000
1791121734.4878,4960,1272,55437,306000000,1728000
1791121734.5379,4960,1264,55531,306000000,1728000
1791121734.5880,4960,1272,55375,306000000,1728000
1791121734.6381,4960,1272,55468,306000000,1728000
1791121734.6882,4960,1264,55406,306000000,1728000
1791121734.7382,4960,1264,55468,306000000,1728000
1791121734.7883,4960,1264,55437,306000000,1728000
1791121734.8384,4960,1256,55437,306000000,1728000
1791121734.8885,4960,1256,55343,306000000,1728000
1791121734.9386,4960,1256,55343,306000000,1728000
1791121734.9887,4960,1256,55531,306000000,1728000
1791121735.0388,4960,1272,55375,306000000,1728000
1791121735.0889,4960,1264,55531,306000000,1728000
1791121735.1390,4960,1264,55343,306000000,1728000
1791121735.1891,4960,1272,55375,306000000,1728000
1791121735.2392,4960,1256,55375,306000000,1728000
1791121735.2892,4960,1256,55406,306000000,1728000
1791121735.3393,4960,1256,55281,306000000,1728000
1791121735.3894,4960,1256,55437,306000000,1728000
1791121735.4395,4960,1256,55468,306000000,1728000
1791121735.4896,4960,1280,55375,306000000,1728000
1791121735.5397,4960,1288,55468,306000000,1728000
1791121735.5898,4960,1288,55375,306000000,1344000
1791121735.6399,4960,1280,55500,306000000,1728000
1791121735.6899,4960,1280,55312,306000000,1728000
1791121735.7400,4960,1280,55468,306000000,1728000
1791121735.7901,4960,1272,55406,306000000,1728000
1791121735.8402,4960,1264,55468,306000000,1728000
1791121735.8903,4960,1264,55468,306000000,1728000
1791121735.9403,4960,1256,55437,306000000,1728000
1791121735.9904,4960,1256,55500,306000000,1728000
1791121736.0405,4960,1256,55375,306000000,1728000
1791121736.0906,4960,1248,55375,306000000,1113600
1791121736.1407,4960,1264,55375,306000000,1728000
1791121736.1908,4960,1264,55343,306000000,1728000
1791121736.2409,4960,1264,55406,306000000,1728000
1791121736.2909,4960,1256,55312,306000000,1728000
1791121736.3410,4960,1256,55468,306000000,1728000
1791121736.3911,4960,1256,55281,306000000,1728000
1791121736.4412,4960,1256,55500,306000000,1728000
1791121736.4912,4960,1256,55375,306000000,1728000
1791121736.5413,4960,1256,55468,306000000,729600
1791121736.5914,4960,1240,55375,306000000,1728000
1791121736.6415,4960,1248,55375,306000000,1728000
1791121736.6916,4960,1256,55375,306000000,1728000
1791121736.7417,4960,1256,55437,306000000,1728000
1791121736.7918,4960,1264,55375,306000000,1728000
1791121736.8418,4960,1256,55437,306000000,1728000
1791121736.8919,4960,1248,55437,306000000,1728000
1791121736.9420,4960,1248,55312,306000000,1728000
1791121736.9921,4960,1248,55531,306000000,1728000
1791121737.0422,4960,1248,55281,306000000,1728000
1791121737.0922,4960,1256,55406,306000000,1728000
1791121737.1423,4960,1256,55375,306000000,1728000
1791121737.1924,4960,1256,55406,306000000,1728000
1791121737.2425,4960,1264,55312,306000000,1267200
1791121737.2926,4960,1264,55375,306000000,1728000
1791121737.3427,4960,1272,55500,306000000,883200
1791121737.3928,4960,1264,55375,306000000,1728000
1791121737.4429,4960,1264,55406,306000000,1728000
1791121737.4930,4960,1264,55343,306000000,806400
1791121737.5431,4960,1264,55375,306000000,729600
1791121737.5932,4960,1264,55312,306000000,806400
1791121737.6432,4960,1256,55312,306000000,883200
1791121737.6933,4960,1256,55343,306000000,1728000
1791121737.7434,4960,1256,55281,306000000,1728000
1791121737.7935,4960,1256,55500,306000000,1728000
1791121737.8436,4960,1280,55343,306000000,960000
1791121737.8937,4960,1280,55468,306000000,1728000
1791121737.9438,4960,1272,55375,306000000,1728000
1791121737.9939,4960,1264,55375,306000000,883200
1791121738.0440,4960,1264,55312,306000000,1728000
1791121738.0941,4960,1264,55468,306000000,883200
1791121738.1442,4960,1264,55250,306000000,1728000
1791121738.1943,4960,1256,55343,306000000,1728000
1791121738.2444,4960,1248,55281,306000000,1728000
1791121738.2945,4960,1256,55312,306000000,729600
1791121738.3446,4960,1256,55437,306000000,1190400
1791121738.3947,4960,1272,55343,306000000,1497600
1791121738.4448,4960,1264,55375,306000000,1728000
1791121738.4957,4960,1264,55312,306000000,1728000
1791121738.5457,4960,1256,55437,306000000,1728000
1791121738.5958,4960,1264,55406,306000000,960000
1791121738.6459,4960,1264,55406,306000000,1728000
1791121738.6960,4960,1264,55343,306000000,1728000
1791121738.7461,4960,1264,55375,306000000,1728000
1791121738.7962,4960,1264,55437,306000000,1728000
1791121738.8463,4960,1256,55375,306000000,1728000
1791121738.8964,4960,1256,55375,306000000,1728000
1791121738.9465,4960,1272,55375,306000000,1728000
1791121738.9966,4960,1272,55406,306000000,1728000
1791121739.0467,4960,1272,55343,306000000,806400
1791121739.0967,4960,1272,55343,306000000,1728000
1791121739.1468,4960,1272,55281,306000000,806400
1791121739.1969,4960,1264,55375,306000000,1728000
1791121739.2470,4960,1264,55406,306000000,806400
1791121739.2971,4960,1256,55375,306000000,1728000
1791121739.3472,4960,1256,55437,306000000,1728000
1791121739.3973,4960,1256,55437,306000000,1728000
1791121739.4473,4960,1256,55468,306000000,1728000
1791121739.4974,4960,1272,55375,306000000,1728000
1791121739.5475,4960,1280,55468,306000000,1728000
1791121739.5976,4960,1272,55250,306000000,1728000
1791121739.6477,4960,1264,55343,306000000,1728000
1791121739.6978,4960,1264,55343,306000000,1728000
1791121739.7479,4960,1272,55343,306000000,1728000
1791121739.7980,4960,1272,55406,306000000,1728000
1791121739.8481,4960,1264,55312,306000000,1728000
1791121739.8982,4960,1264,55437,306000000,1728000
1791121739.9483,4960,1264,55281,306000000,1728000
1791121739.9984,4960,1264,55406,306000000,1728000
1791121740.0485,4960,1280,55875,306000000,1728000
1791121740.0986,4960,1280,55406,306000000,1728000
1791121740.1487,4960,1280,55218,306000000,1728000
1791121740.1987,4960,1304,55343,306000000,1420800
1791121740.2488,4960,1304,55468,306000000,1728000
1791121740.2989,4960,1312,55312,306000000,1036800
1791121740.3490,4960,1312,55468,306000000,1728000
1791121740.3991,4960,1304,55343,306000000,1728000
1791121740.4492,4960,1312,55406,306000000,1728000
1791121740.4993,4960,1304,55312,306000000,1728000
1791121740.5494,4960,1296,55375,306000000,1728000
1791121740.5994,4960,1304,55250,306000000,1728000
1791121740.6495,4960,1312,55343,306000000,1728000
1791121740.6996,4960,1312,55468,306000000,1728000
1791121740.7497,4960,1304,55281,306000000,1036800
1791121740.7998,4960,1296,55437,306000000,1728000
1791121740.8499,4960,1288,55312,306000000,1728000
1791121740.9000,4960,1280,55375,306000000,1728000
1791121740.9500,4960,1280,55343,306000000,1728000
1791121741.0001,4960,1272,55406,306000000,1728000
1791121741.0502,4960,1272,55250,306000000,883200
1791121741.1003,4960,1272,55312,306000000,1728000
1791121741.1504,4960,1280,55468,306000000,1728000
1791121741.2005,4960,1296,55312,306000000,1728000
1791121741.2506,4960,1288,55375,306000000,1728000
1791121741.3006,4960,1280,55343,306000000,1728000
1791121741.3507,4960,1272,55343,306000000,1728000
1791121741.4008,4960,1272,55312,306000000,1113600
1791121741.4509,4960,1272,55375,306000000,1728000
1791121741.5010,4960,1272,55343,306000000,1728000
1791121741.5511,4960,1264,55375,306000000,1728000
1791121741.6012,4960,1272,55468,306000000,1728000
1791121741.6512,4960,1264,55312,306000000,1728000
1791121741.7013,4960,1264,55500,306000000,1728000
1791121741.7514,4960,1280,55375,306000000,1497600
1791121741.8015,4960,1272,55375,306000000,1728000
1791121741.8516,4960,1272,55312,306000000,1728000
1791121741.9017,4960,1264,55468,306000000,1728000
1791121741.9518,4960,1264,55281,306000000,1728000
1791121742.0018,4960,1264,55406,306000000,1728000
1791121742.0519,4960,1256,55531,306000000,1728000
1791121742.1020,4960,1256,55375,306000000,1728000
1791121742.1521,4960,1256,55531,306000000,1728000
1791121742.2022,4960,1248,55312,306000000,1728000
1791121742.2522,4960,1248,55468,306000000,1728000
1791121742.3023,4960,1264,55343,306000000,1728000
1791121742.3524,4960,1264,55437,306000000,1728000
1791121742.4025,4960,1264,55375,306000000,1728000
1791121742.4526,4960,1272,55406,306000000,1728000
1791121742.5027,4960,1256,55468,306000000,1728000
1791121742.5528,4960,1256,55406,306000000,1728000
1791121742.6029,4960,1248,55406,306000000,1728000
1791121742.6529,4960,1248,55343,306000000,1728000
1791121742.7031,4960,1248,55375,306000000,1728000
1791121742.7531,4960,1248,55281,306000000,1728000
1791121742.8032,4960,1248,55375,306000000,1728000
1791121742.8533,4960,1256,55312,306000000,1267200
1791121742.9034,4960,1256,55375,306000000,1728000
1791121742.9535,4960,1256,55500,306000000,1728000
1791121743.0036,4960,1248,55312,306000000,1728000
1791121743.0536,4960,1248,55468,306000000,1728000
1791121743.1037,4960,1248,55312,306000000,1728000
1791121743.1538,4960,1248,55468,306000000,1728000
1791121743.2038,4960,1240,55281,306000000,1728000
1791121743.2539,4968,1240,55500,306000000,1728000
1791121743.3040,4960,1240,55281,306000000,1728000
1791121743.3541,4968,1240,55406,306000000,1728000
1791121743.4042,4960,1248,55312,306000000,1728000
1791121743.4543,4960,1256,55343,306000000,1728000
1791121743.5044,4960,1256,55468,306000000,1728000
1791121743.5544,4960,1256,55281,306000000,1728000
1791121743.6045,4960,1256,55437,306000000,1728000
1791121743.6546,4960,1256,55375,306000000,1728000
1791121743.7047,4960,1248,55375,306000000,1728000
1791121743.7548,4960,1248,55312,306000000,1728000
1791121743.8048,4960,1248,55406,306000000,1728000
1791121743.8549,4960,1240,55312,306000000,1728000
1791121743.9050,4960,1240,55343,306000000,1728000
1791121743.9551,4960,1240,55218,306000000,1267200
1791121744.0052,4960,1256,55343,306000000,1728000
1791121744.0552,4960,1256,55406,306000000,1728000
1791121744.1053,4960,1248,55312,306000000,1728000
1791121744.1554,4960,1256,55375,306000000,1728000
1791121744.2055,4960,1256,55312,306000000,1728000
1791121744.2556,4960,1248,55375,306000000,1728000
1791121744.3056,4960,1248,55312,306000000,1728000
1791121744.3557,4960,1248,55343,306000000,1728000
1791121744.4058,4960,1256,55531,306000000,1728000
1791121744.4559,4960,1248,55406,306000000,1728000
1791121744.5060,4960,1248,55437,306000000,1113600
1791121744.5561,4960,1256,55281,306000000,883200
1791121744.6062,4960,1248,55375,306000000,1728000
1791121744.6563,4960,1248,55312,306000000,1728000
1791121744.7064,4960,1256,55343,306000000,1728000
1791121744.7564,4960,1256,55312,306000000,1728000
1791121744.8065,4960,1256,55343,306000000,1728000
1791121744.8566,4960,1256,55406,306000000,1728000
1791121744.9067,4960,1248,55343,306000000,1728000
1791121744.9568,4960,1248,55468,306000000,1728000
1791121745.0068,4960,1248,55343,306000000,1728000
1791121745.0569,4960,1248,55375,306000000,1113600
1791121745.1070,4960,1256,55312,306000000,1728000
1791121745.1571,4960,1256,55468,306000000,1728000
1791121745.2072,4960,1256,55312,306000000,1728000
1791121745.2573,4960,1248,55343,306000000,1728000
1791121745.3074,4960,1248,55500,306000000,1728000
1791121745.3575,4960,1256,55250,306000000,1728000
1791121745.4076,4960,1248,55468,306000000,1728000
1791121745.4576,4960,1248,55250,306000000,1728000
1791121745.5077,4960,1240,55406,306000000,1728000
1791121745.5578,4960,1240,55343,306000000,1728000
1791121745.6079,4960,1240,55375,306000000,1728000
1791121745.6580,4960,1248,55250,306000000,1728000
1791121745.7081,4960,1256,55437,306000000,1728000
1791121745.7581,4960,1256,55437,306000000,1728000
1791121745.8082,4960,1248,55343,306000000,1728000
1791121745.8583,4960,1248,55437,306000000,1728000
1791121745.9084,4960,1248,55343,306000000,1728000
1791121745.9584,4960,1240,55343,306000000,1728000
1791121746.0085,4960,1240,55406,306000000,1728000
1791121746.0586,4960,1240,55375,306000000,1728000
1791121746.1087,4960,1240,55343,306000000,1728000
1791121746.1587,4960,1240,55375,306000000,1728000
1791121746.2088,4960,1240,55406,306000000,1728000
1791121746.2589,4960,1256,55312,306000000,1728000
1791121746.3090,4960,1248,55500,306000000,1728000
1791121746.3591,4960,1248,55281,306000000,1728000
1791121746.4092,4960,1248,55437,306000000,1728000
1791121746.4593,4960,1248,55281,306000000,1728000
1791121746.5093,4960,1248,55312,306000000,1728000
1791121746.5594,4960,1248,55343,306000000,1728000
1791121746.6095,4960,1248,55437,306000000,1728000
1791121746.6596,4960,1248,55468,306000000,1728000
1791121746.7097,4960,1240,55375,306000000,1728000
1791121746.7598,4960,1248,55437,306000000,1728000
1791121746.8099,4960,1256,55375,306000000,1728000
1791121746.8600,4960,1256,55375,306000000,1728000
1791121746.9100,4960,1248,55281,306000000,1728000
1791121746.9601,4960,1248,55437,306000000,1728000
1791121747.0102,4960,1248,55375,306000000,1728000
1791121747.0603,4960,1248,55406,306000000,1728000
1791121747.1103,4960,1248,55468,306000000,1728000
1791121747.1604,4960,1248,55281,306000000,1728000
1791121747.2105,4960,1240,55437,306000000,1728000
1791121747.2605,4960,1232,55343,306000000,1728000
1791121747.3106,4960,1248,55468,306000000,1267200
1791121747.3607,4960,1256,55250,306000000,1728000
1791121747.4108,4960,1256,55375,306000000,1728000
1791121747.4609,4960,1256,55250,306000000,1728000
1791121747.5110,4960,1256,55343,306000000,1728000
1791121747.5611,4960,1256,55281,306000000,1728000
1791121747.6111,4960,1256,55312,306000000,1728000
1791121747.6612,4960,1256,55406,306000000,1728000
1791121747.7113,4960,1256,55218,306000000,1728000
1791121747.7614,4960,1248,55406,306000000,1728000
1791121747.8115,4960,1248,55250,306000000,1728000
1791121747.8616,4960,1248,55375,306000000,1728000
1791121747.9117,4960,1264,55281,306000000,1728000
1791121747.9617,4960,1264,55468,306000000,1728000
1791121748.0118,4960,1264,55281,306000000,1728000
1791121748.0619,4960,1264,55343,306000000,1728000
1791121748.1120,4960,1256,55437,306000000,1728000
1791121748.1621,4960,1256,55343,306000000,1728000
1791121748.2122,4960,1248,55500,306000000,1728000
1791121748.2622,4960,1248,55312,306000000,1728000
1791121748.3123,4960,1248,55406,306000000,1728000
1791121748.3624,4960,1240,55281,306000000,1728000
1791121748.4125,4960,1248,55312,306000000,1728000
1791121748.4626,4960,1264,55218,306000000,1344000
1791121748.5127,4960,1264,55375,306000000,1728000
1791121748.5628,4960,1264,55500,306000000,1728000
1791121748.6128,4960,1264,55281,306000000,1728000
1791121748.6629,4960,1264,55437,306000000,1728000
1791121748.7130,4960,1256,55343,306000000,1728000
1791121748.7631,4960,1256,55312,306000000,1728000
1791121748.8131,4960,1256,55250,306000000,1728000
1791121748.8632,4960,1256,55375,306000000,1728000
1791121748.9133,4960,1248,55281,306000000,1728000
1791121748.9634,4960,1256,55281,306000000,1728000
1791121749.0135,4960,1264,55468,306000000,1497600
1791121749.0636,4960,1264,55218,306000000,1728000
1791121749.1136,4960,1256,55375,306000000,1728000
1791121749.1637,4960,1264,55250,306000000,1728000
1791121749.2138,4960,1256,55343,306000000,1728000
1791121749.2639,4960,1256,55250,306000000,1728000
1791121749.3140,4960,1256,55437,306000000,1728000
1791121749.3641,4960,1256,55281,306000000,1728000
1791121749.4141,4960,1256,55468,306000000,1728000
1791121749.4642,4960,1248,55468,306000000,1728000
1791121749.5143,4960,1248,55312,306000000,1728000
1791121749.5644,4960,1256,55437,306000000,1728000
1791121749.6145,4960,1264,55281,306000000,1728000
1791121749.6646,4960,1264,55437,306000000,1728000
1791121749.7147,4960,1256,55343,306000000,1728000
1791121749.7648,4960,1256,55375,306000000,1728000
1791121749.8148,4960,1256,55250,306000000,1728000
1791121749.8649,4960,1256,55406,306000000,1728000
1791121749.9150,4960,1248,55468,306000000,1728000
1791121749.9651,4960,1248,55312,306000000,1728000
1791121750.0152,4960,1248,55468,306000000,1728000
1791121750.0653,4960,1240,55375,306000000,1728000
1791121750.1153,4960,1248,55500,306000000,1190400
1791121750.1654,4960,1264,55281,306000000,1728000
1791121750.2155,4960,1264,55281,306000000,1728000
1791121750.2656,4960,1264,55250,306000000,1728000
1791121750.3157,4960,1264,55343,306000000,1728000
1791121750.3658,4960,1256,55468,306000000,1728000
1791121750.4159,4960,1256,55312,306000000,1728000
1791121750.4660,4960,1256,55437,306000000,1728000
1791121750.5161,4960,1248,55281,306000000,1728000
1791121750.5662,4960,1248,55406,306000000,1728000
1791121750.6162,4960,1248,55250,306000000,1728000
1791121750.6663,4960,1248,55312,306000000,1113600
1791121750.7164,4960,1256,55312,306000000,1728000
1791121750.7665,4960,1256,55312,306000000,1728000
1791121750.8166,4960,1256,55437,306000000,1728000
1791121750.8667,4960,1248,55375,306000000,1728000
1791121750.9168,4960,1248,55437,306000000,1728000
1791121750.9669,4960,1248,55281,306000000,1728000
1791121751.0169,4960,1256,55406,306000000,1728000
1791121751.0670,4960,1248,55281,306000000,1728000
1791121751.1171,4960,1248,55375,306000000,1728000
1791121751.1672,4960,1248,55187,306000000,1728000
1791121751.2173,4960,1248,55406,306000000,1728000
1791121751.2674,4960,1264,55187,306000000,1728000
1791121751.3175,4960,1264,55250,306000000,1728000
1791121751.3676,4960,1264,55406,306000000,1728000
1791121751.4177,4960,1264,55281,306000000,1728000
1791121751.4677,4960,1264,55406,306000000,1728000
1791121751.5178,4960,1256,55312,306000000,1728000
1791121751.5679,4960,1256,55406,306000000,1728000
1791121751.6180,4960,1256,55312,306000000,1728000
1791121751.6681,4960,1248,55343,306000000,1728000
1791121751.7182,4960,1248,55312,306000000,1728000
1791121751.7682,4960,1248,55281,306000000,1728000
1791121751.8183,4960,1256,55500,306000000,1728000
1791121751.8684,4960,1264,55343,306000000,1728000
1791121751.9185,4960,1264,55468,306000000,1728000
1791121751.9686,4960,1264,55250,306000000,1728000
1791121752.0187,4960,1256,55343,306000000,1728000
1791121752.0688,4960,1264,55281,306000000,1728000
1791121752.1189,4960,1256,55312,306000000,1728000
1791121752.1690,4960,1264,55281,306000000,1728000
1791121752.2191,4960,1256,55312,306000000,1728000
1791121752.2692,4960,1256,55406,306000000,1728000
1791121752.3192,4960,1256,55218,306000000,1728000
1791121752.3693,4960,1256,55375,306000000,1728000
1791121752.4194,4960,1264,55312,306000000,1728000
1791121752.4695,4960,1264,55406,306000000,1728000
1791121752.5196,4960,1256,55312,306000000,1728000
1791121752.5697,4960,1256,55406,306000000,1728000
1791121752.6198,4960,1256,55281,306000000,1728000
1791121752.6699,4960,1256,55343,306000000,1728000
1791121752.7200,4960,1256,55500,306000000,1728000
1791121752.7700,4960,1248,55250,306000000,1728000
1791121752.8201,4960,1248,55500,306000000,1728000
1791121752.8702,4960,1248,55375,306000000,1728000
1791121752.9203,4960,1248,55406,306000000,1728000
1791121752.9704,4960,1264,55281,306000000,883200
1791121753.0205,4960,1256,55406,306000000,1728000
1791121753.0706,4960,1256,55281,306000000,1728000
1791121753.1206,4960,1256,55312,306000000,1728000
1791121753.1707,4960,1256,55468,306000000,1728000
1791121753.2208,4960,1256,55343,306000000,1728000
1791121753.2709,4960,1256,55437,306000000,1728000
1791121753.3210,4960,1248,55250,306000000,1728000
1791121753.3711,4960,1248,55437,306000000,1728000
1791121753.4211,4960,1248,55250,306000000,1728000
1791121753.4712,4960,1248,55406,306000000,1728000
1791121753.5213,4960,1256,55312,306000000,1728000
1791121753.5714,4960,1264,55250,306000000,1728000
1791121753.6215,4960,1264,55312,306000000,1728000
1791121753.6716,4960,1256,55218,306000000,1728000
1791121753.7217,4960,1256,55406,306000000,1728000
1791121753.7717,4960,1248,55312,306000000,1728000
1791121753.8218,4960,1248,55406,306000000,1728000
1791121753.8719,4960,1248,55187,306000000,1728000
1791121753.9220,4960,1240,55281,306000000,1728000
1791121753.9721,4960,1248,55156,306000000,1728000
1791121754.0221,4960,1240,55343,306000000,1728000
1791121754.0722,4960,1256,55156,306000000,1267200
1791121754.1223,4960,1264,55281,306000000,1728000
1791121754.1724,4960,1264,55406,306000000,1728000
1791121754.2225,4960,1256,55281,306000000,1728000
1791121754.2726,4960,1256,55375,306000000,1728000
1791121754.3227,4960,1256,55218,306000000,1728000
1791121754.3728,4960,1256,55343,306000000,1728000
1791121754.4229,4960,1248,55281,306000000,1728000
1791121754.4729,4960,1248,55343,306000000,1728000
1791121754.5231,4960,1248,55281,306000000,1728000
1791121754.5731,4960,1240,55312,306000000,1728000
1791121754.6232,4960,1256,55437,306000000,1728000
1791121754.6733,4960,1264,55343,306000000,1728000
1791121754.7234,4960,1264,55468,306000000,1728000
1791121754.7735,4960,1256,55312,306000000,1728000
1791121754.8236,4960,1248,55312,306000000,1728000
1791121754.8737,4960,1248,55312,306000000,1728000
1791121754.9238,4960,1248,55343,306000000,1728000
1791121754.9739,4960,1248,55250,306000000,1728000
1791121755.0239,4960,1248,55250,306000000,1728000
1791121755.0740,4960,1240,55406,306000000,1728000
1791121755.1241,4960,1248,55250,306000000,1728000
1791121755.1742,4960,1248,55406,306000000,1728000
1791121755.2243,4960,1256,55312,306000000,1728000
1791121755.2744,4960,1256,55343,306000000,1728000
1791121755.3244,4960,1256,55343,306000000,1728000
1791121755.3745,4960,1256,55312,306000000,1728000
1791121755.4246,4960,1248,55218,306000000,1728000
1791121755.4747,4960,1248,55312,306000000,1728000
1791121755.5248,4960,1248,55375,306000000,1728000
1791121755.5749,4960,1248,55312,306000000,1728000
1791121755.6250,4960,1248,55468,306000000,1728000
1791121755.6751,4960,1248,55343,306000000,1728000
1791121755.7251,4960,1248,55437,306000000,1728000
1791121755.7753,4960,1264,55312,306000000,1728000
1791121755.8253,4960,1256,55375,306000000,1728000
1791121755.8754,4960,1248,55312,306000000,1728000
1791121755.9255,4960,1248,55375,306000000,1728000
1791121755.9756,4960,1248,55468,306000000,1728000
1791121756.0257,4960,1256,55375,306000000,1728000
1791121756.0757,4960,1248,55375,306000000,1728000
1791121756.1258,4960,1248,55281,306000000,1728000
1791121756.1759,4960,1248,55406,306000000,1728000
1791121756.2260,4960,1248,55250,306000000,1728000
1791121756.2761,4960,1248,55343,306000000,1190400
1791121756.3262,4960,1256,55312,306000000,1728000
1791121756.3763,4960,1248,55343,306000000,1728000
1791121756.4263,4960,1248,55468,306000000,1728000
1791121756.4764,4960,1248,55312,306000000,1728000
1791121756.5265,4960,1248,55468,306000000,1728000
1791121756.5766,4960,1248,55312,306000000,1728000
1791121756.6267,4960,1248,55468,306000000,1728000
1791121756.6768,4960,1248,55250,306000000,1728000
1791121756.7269,4960,1248,55343,306000000,1728000
1791121756.7770,4960,1240,55250,306000000,1728000
1791121756.8271,4960,1240,55312,306000000,1728000
1791121756.8772,4960,1256,55343,306000000,1344000
1791121756.9272,4960,1256,55312,306000000,1728000
1791121756.9773,4960,1256,55468,306000000,1728000
1791121757.0274,4960,1248,55312,306000000,1728000
1791121757.0775,4960,1256,55375,306000000,1728000
1791121757.1276,4960,1256,55343,306000000,1728000
1791121757.1776,4960,1256,55343,306000000,1728000
1791121757.2277,4960,1256,55187,306000000,1728000
1791121757.2778,4960,1256,55375,306000000,1728000
1791121757.3279,4960,1248,55156,306000000,1728000
1791121757.3779,4960,1248,55343,306000000,1728000
1791121757.4280,4960,1256,55437,306000000,1190400
1791121757.4781,4960,1256,55281,306000000,1728000
1791121757.5282,4960,1256,55437,306000000,1728000
1791121757.5783,4960,1256,55250,306000000,1728000
1791121757.6284,4960,1256,55343,306000000,1728000
1791121757.6785,4960,1256,55250,306000000,1728000
1791121757.7286,4960,1248,55312,306000000,1728000
1791121757.7787,4960,1248,55281,306000000,1728000
1791121757.8288,4960,1248,55312,306000000,1728000
1791121757.8788,4960,1248,55531,306000000,1728000
1791121757.9289,4960,1248,55281,306000000,1728000
1791121757.9790,4960,1256,55406,306000000,1420800
1791121758.0291,4960,1264,55312,306000000,1728000
1791121758.0792,4960,1264,55375,306000000,1728000
1791121758.1293,4960,1256,55281,306000000,1728000
1791121758.1794,4960,1256,55312,306000000,1728000
1791121758.2295,4960,1256,55281,306000000,1728000
1791121758.2795,4960,1264,55375,306000000,1728000
1791121758.3296,4960,1256,55468,306000000,1728000
1791121758.3797,4960,1264,55281,306000000,1728000
1791121758.4298,4960,1264,55468,306000000,1728000
1791121758.4799,4960,1256,55281,306000000,1728000
1791121758.5300,4960,1256,55312,306000000,1728000
1791121758.5801,4960,1272,55250,306000000,1728000
1791121758.6301,4960,1264,55343,306000000,1728000
1791121758.6802,4960,1264,55218,306000000,1728000
1791121758.7303,4960,1256,55250,306000000,1728000
1791121758.7804,4960,1256,55406,306000000,1728000
1791121758.8305,4960,1248,55312,306000000,1728000
1791121758.8806,4960,1248,55437,306000000,1728000
1791121758.9306,4960,1248,55281,306000000,1728000
1791121758.9807,4960,1248,55406,306000000,1728000
1791121759.0308,4960,1248,55250,306000000,1728000
1791121759.0809,4960,1248,55312,306000000,1728000
1791121759.1310,4960,1264,55218,306000000,1344000
1791121759.1811,4960,1264,55406,306000000,1728000
1791121759.2312,4960,1256,55250,306000000,1728000
1791121759.2812,4960,1256,55281,306000000,1728000
1791121759.3313,4960,1256,55437,306000000,1728000
1791121759.3814,4960,1256,55250,306000000,1728000
1791121759.4315,4960,1248,55312,306000000,1728000
1791121759.4816,4960,1248,55187,306000000,1728000
1791121759.5317,4960,1248,55375,306000000,1728000
1791121759.5818,4960,1248,55218,306000000,1728000
1791121759.6318,4960,1256,55281,306000000,1728000
1791121759.6819,4960,1272,55187,306000000,1728000
1791121759.7320,4960,1272,55312,306000000,1728000
1791121759.7821,4960,1272,55500,306000000,1728000
1791121759.8322,4960,1264,55250,306000000,1728000
1791121759.8823,4960,1264,55406,306000000,1728000
1791121759.9324,4960,1256,55281,306000000,1728000
1791121759.9825,4960,1256,55343,306000000,1728000
1791121760.0326,4960,1248,55250,306000000,1728000
1791121760.0826,4960,1248,55312,306000000,1728000
1791121760.1327,4960,1240,55312,306000000,1728000
1791121760.1828,4960,1248,55375,306000000,1728000
1791121760.2329,4960,1256,55500,306000000,1267200
1791121760.2830,4960,1264,55375,306000000,1728000
1791121760.3331,4960,1256,55468,306000000,1728000
1791121760.3832,4960,1256,55250,306000000,1728000
1791121760.4332,4960,1256,55406,306000000,1728000
1791121760.4833,4960,1256,55187,306000000,1728000
1791121760.5334,4960,1256,55375,306000000,1728000
1791121760.5835,4960,1248,55187,306000000,1728000
1791121760.6336,4960,1248,55250,306000000,1728000
1791121760.6837,4960,1248,55468,306000000,1728000
1791121760.7338,4960,1256,55250,306000000,1728000
1791121760.7839,4960,1264,55406,306000000,1728000
1791121760.8339,4960,1264,55281,306000000,1728000
1791121760.8840,4960,1264,55343,306000000,1728000
1791121760.9341,4960,1264,55281,306000000,1728000
1791121760.9842,4960,1264,55312,306000000,1728000
1791121761.0343,4960,1264,55281,306000000,1728000
1791121761.0844,4960,1256,55343,306000000,1728000
1791121761.1345,4960,1256,55437,306000000,1728000
1791121761.1846,4960,1256,55281,306000000,1728000
1791121761.2346,4960,1256,55343,306000000,1728000
1791121761.2847,4960,1256,55250,306000000,1728000
1791121761.3348,4960,1256,55312,306000000,1728000
1791121761.3849,4960,1264,55250,306000000,1728000
1791121761.4350,4960,1264,55312,306000000,1728000
1791121761.4851,4960,1256,55250,306000000,1728000
1791121761.5352,4960,1256,55343,306000000,1728000
1791121761.5853,4960,1248,55250,306000000,1728000
1791121761.6353,4960,1256,55250,306000000,1728000
1791121761.6854,4960,1256,55406,306000000,1728000
1791121761.7355,4960,1256,55218,306000000,1728000
1791121761.7856,4960,1256,55343,306000000,1728000
1791121761.8357,4960,1256,55218,306000000,1728000
1791121761.8858,4960,1256,55343,306000000,1728000
1791121761.9359,4960,1264,55250,306000000,1728000
1791121761.9860,4960,1264,55281,306000000,1728000
1791121762.0360,4960,1264,55187,306000000,1728000
1791121762.0861,4960,1264,55343,306000000,1728000
1791121762.1362,4960,1256,55437,306000000,1728000
1791121762.1863,4960,1256,55375,306000000,1728000
1791121762.2364,4960,1256,55406,306000000,1728000
1791121762.2865,4960,1256,55156,306000000,1728000
1791121762.3365,4960,1248,55343,306000000,1728000
1791121762.3866,4968,1248,55156,306000000,1728000
1791121762.4367,4960,1248,55375,306000000,1113600
1791121762.4868,4960,1256,55218,306000000,1497600
1791121762.5369,4960,1256,55250,306000000,1728000
1791121762.5870,4960,1248,55406,306000000,1728000
1791121762.6371,4960,1248,55218,306000000,1728000
1791121762.6872,4960,1248,55375,306000000,1728000
1791121762.7372,4960,1248,55250,306000000,1728000
1791121762.7873,4960,1248,55343,306000000,1728000
1791121762.8374,4960,1248,55250,306000000,1728000
1791121762.8875,4960,1248,55343,306000000,1728000
1791121762.9376,4960,1240,55156,306000000,1728000
1791121762.9876,4960,1240,55312,306000000,1728000
1791121763.0377,4960,1248,55406,306000000,1728000
1791121763.0878,4960,1248,55312,306000000,1728000
1791121763.1379,4968,1240,55437,306000000,1728000
1791121763.1880,4960,1248,55156,306000000,1728000
1791121763.2381,4960,1256,55312,306000000,1728000
1791121763.2881,4960,1256,55187,306000000,1728000
1791121763.3382,4960,1264,55312,306000000,1728000
1791121763.3883,4960,1264,55187,306000000,1728000
1791121763.4384,4960,1256,55281,306000000,1728000
1791121763.4885,4960,1272,55343,306000000,1728000
1791121763.5385,4960,1296,55281,306000000,1728000
1791121763.5886,4960,1304,55375,306000000,1574400
1791121763.6387,4960,1312,55218,306000000,1728000
1791121763.6888,4960,1312,55343,306000000,1728000
1791121763.7389,4960,1312,55218,306000000,1728000
1791121763.7889,4960,1304,55375,306000000,1728000
1791121763.8391,4960,1296,55187,306000000,1728000
1791121763.8892,4960,1296,55250,306000000,1728000
1791121763.9392,4960,1296,55187,306000000,1728000
1791121763.9893,4960,1288,55312,306000000,1728000
1791121764.0394,4960,1280,55375,306000000,1728000
1791121764.0895,4960,1272,55281,306000000,1728000
1791121764.1396,4960,1280,55312,306000000,1728000
1791121764.1897,4960,1280,55218,306000000,1728000
1791121764.2397,4960,1272,55343,306000000,1728000
1791121764.2898,4960,1272,55250,306000000,1728000
1791121764.3399,4960,1272,55312,306000000,1728000
1791121764.3900,4960,1272,55156,306000000,1728000
1791121764.4401,4960,1272,55281,306000000,1728000
1791121764.4902,4960,1264,55531,306000000,1728000
1791121764.5402,4960,1264,55281,306000000,1728000
1791121764.5903,4960,1264,55281,306000000,1728000
1791121764.6404,4960,1256,55281,306000000,1728000
1791121764.6905,4960,1264,55312,306000000,1728000
1791121764.7406,4960,1272,55250,306000000,1728000
1791121764.7907,4960,1272,55281,306000000,1728000
1791121764.8408,4960,1264,55281,306000000,1728000
1791121764.8909,4960,1256,55281,306000000,1728000
1791121764.9409,4960,1256,55375,306000000,1728000
1791121764.9911,4960,1256,55218,306000000,1728000
1791121765.0411,4960,1248,55343,306000000,1728000
1791121765.0912,4960,1256,55343,306000000,1728000
1791121765.1413,4960,1256,55375,306000000,1728000
1791121765.1914,4960,1248,55250,306000000,1728000
1791121765.2415,4960,1248,55375,306000000,1728000
1791121765.2916,4960,1256,55218,306000000,1728000
1791121765.3417,4960,1256,55281,306000000,1728000
1791121765.3917,4960,1256,55406,306000000,1728000
1791121765.4418,4960,1256,55250,306000000,1728000
1791121765.4919,4960,1248,55437,306000000,1728000
1791121765.5420,4960,1248,55156,306000000,1728000
1791121765.5921,4960,1248,55281,306000000,1728000
1791121765.6421,4960,1240,55250,306000000,1728000
1791121765.6922,4960,1248,55406,306000000,1728000
1791121765.7423,4960,1240,55218,306000000,1728000
1791121765.7924,4960,1232,55218,306000000,1728000
1791121765.8425,4960,1248,55468,306000000,1728000
1791121765.8926,4960,1248,55250,306000000,1728000
1791121765.9427,4960,1248,55312,306000000,1728000
1791121765.9928,4960,1248,55312,306000000,1728000
1791121766.0428,4960,1248,55375,306000000,1728000
1791121766.0929,4960,1240,55250,306000000,1728000
1791121766.1430,4960,1240,55343,306000000,1728000
1791121766.1931,4960,1240,55218,306000000,1728000
1791121766.2432,4960,1240,55312,306000000,1728000
1791121766.2933,4960,1248,55187,306000000,1728000
1791121766.3433,4960,1248,55343,306000000,1728000
1791121766.3934,4960,1264,55406,306000000,1728000
1791121766.4435,4960,1256,55218,306000000,1728000
1791121766.4936,4960,1256,55375,306000000,1728000
1791121766.5437,4960,1256,55218,306000000,1728000
1791121766.5938,4960,1256,55281,306000000,1728000
1791121766.6439,4960,1256,55281,306000000,1728000
1791121766.6939,4960,1256,55250,306000000,1728000
1791121766.7440,4960,1256,55218,306000000,1728000
1791121766.7941,4960,1256,55281,306000000,1728000
1791121766.8442,4960,1256,55406,306000000,1728000
1791121766.8943,4960,1248,55218,306000000,1728000
1791121766.9444,4960,1256,55312,306000000,1728000
1791121766.9945,4960,1264,55187,306000000,1728000
1791121767.0446,4960,1264,55312,306000000,1728000
1791121767.0946,4960,1256,55250,306000000,1728000
1791121767.1447,4960,1256,55343,306000000,1728000
1791121767.1948,4960,1248,55218,306000000,1728000
1791121767.2449,4960,1248,55312,306000000,1728000
1791121767.2950,4960,1248,55406,306000000,1728000
1791121767.3450,4960,1248,55218,306000000,1728000
1791121767.3951,4960,1256,55406,306000000,1728000
1791121767.4452,4960,1248,55218,306000000,1728000
1791121767.4957,4960,1256,55343,306000000,1728000
1791121767.5458,4960,1272,55187,306000000,1728000
1791121767.5959,4960,1272,55281,306000000,1728000
1791121767.6460,4960,1272,55250,306000000,1728000
1791121767.6961,4960,1264,55250,306000000,1728000
1791121767.7462,4960,1264,55375,306000000,1728000
1791121767.7963,4960,1264,55312,306000000,1728000
1791121767.8464,4960,1264,55406,306000000,1728000
1791121767.8965,4960,1264,55250,306000000,1728000
1791121767.9466,4960,1272,55312,306000000,1728000
1791121767.9967,4960,1264,55250,306000000,1728000
1791121768.0468,4960,1264,55312,306000000,1267200
1791121768.0969,4960,1272,55250,306000000,1728000
1791121768.1469,4960,1272,55343,306000000,1728000
1791121768.1970,4960,1264,55437,306000000,1728000
1791121768.2471,4960,1280,55218,306000000,1728000
1791121768.2972,4960,1288,55375,306000000,1728000
1791121768.3473,4960,1280,55187,306000000,1728000
1791121768.3974,4960,1280,55343,306000000,1728000
1791121768.4475,4960,1272,55218,306000000,1728000
1791121768.4975,4960,1264,55343,306000000,1728000
1791121768.5476,4960,1256,55250,306000000,1728000
1791121768.5977,4960,1256,55312,306000000,1728000
1791121768.6478,4960,1272,55281,306000000,1728000
1791121768.6979,4960,1272,55218,306000000,1728000
1791121768.7480,4960,1264,55437,306000000,1728000
1791121768.7981,4960,1256,55250,306000000,1728000
1791121768.8481,4960,1264,55312,306000000,1728000
1791121768.8982,4960,1256,55218,306000000,1728000
1791121768.9483,4960,1256,55343,306000000,1728000
1791121768.9984,4960,1256,55218,306000000,1728000
1791121769.0485,4960,1256,55250,306000000,1728000
1791121769.0985,4960,1248,55156,306000000,1728000
1791121769.1486,4960,1248,55281,306000000,1728000
1791121769.1987,4960,1264,55500,306000000,1344000
1791121769.2488,4960,1264,55250,306000000,1728000
1791121769.2989,4960,1264,55343,306000000,1728000
1791121769.3490,4960,1264,55187,306000000,1728000
1791121769.3991,4960,1256,55343,306000000,1728000
1791121769.4491,4960,1256,55250,306000000,1728000
1791121769.4992,4960,1256,55250,306000000,1728000
1791121769.5493,4960,1248,55218,306000000,1728000
1791121769.5994,4960,1248,55250,306000000,1728000
1791121769.6494,4960,1248,55437,306000000,1728000
1791121769.6995,4960,1248,55281,306000000,1728000
1791121769.7496,4960,1256,55312,306000000,1113600
1791121769.7997,4960,1264,55187,306000000,1728000
1791121769.8498,4960,1264,55250,306000000,1728000
1791121769.8999,4960,1256,55156,306000000,1728000
1791121769.9500,4960,1256,55312,306000000,1728000
1791121770.0000,4960,1256,55218,306000000,1728000
1791121770.0501,4960,1256,55250,306000000,1728000
1791121770.1002,4960,1256,55437,306000000,1728000
1791121770.1503,4960,1248,55250,306000000,1728000
1791121770.2004,4960,1248,55343,306000000,1728000
1791121770.2505,4960,1248,55093,306000000,1728000
1791121770.3006,4960,1248,55281,306000000,1728000
1791121770.3506,4960,1264,55187,306000000,1728000
1791121770.4007,4960,1264,55250,306000000,1728000
1791121770.4508,4960,1264,55125,306000000,1728000
1791121770.5009,4960,1256,55156,306000000,1728000
1791121770.5510,4960,1256,55375,306000000,1728000
1791121770.6011,4960,1256,55281,306000000,1728000
1791121770.6512,4960,1248,55406,306000000,1728000
1791121770.7013,4960,1256,55187,306000000,1728000
1791121770.7514,4960,1256,55312,306000000,1728000
1791121770.8014,4960,1248,55281,306000000,1728000
1791121770.8515,4960,1248,55343,306000000,1728000
1791121770.9016,4960,1264,55156,306000000,1728000
1791121770.9517,4960,1256,55312,306000000,1728000
1791121771.0018,4960,1256,55250,306000000,1728000
1791121771.0519,4960,1256,55343,306000000,1728000
1791121771.1020,4960,1256,55343,306000000,1728000
1791121771.1521,4960,1248,55187,306000000,1728000
1791121771.2022,4960,1248,55343,306000000,1728000
1791121771.2522,4960,1248,55250,306000000,1728000
1791121771.3023,4960,1248,55250,306000000,1728000
1791121771.3524,4960,1248,55187,306000000,1728000
1791121771.4025,4960,1248,55281,306000000,1728000
1791121771.4526,4960,1256,55125,306000000,1728000
1791121771.5026,4960,1256,55250,306000000,1728000
1791121771.5527,4960,1256,55468,306000000,1728000
1791121771.6028,4960,1256,55156,306000000,1728000
1791121771.6529,4960,1248,55343,306000000,1728000
1791121771.7030,4960,1248,55281,306000000,1728000
1791121771.7531,4968,1240,55343,306000000,1728000
1791121771.8031,4968,1240,55218,306000000,1728000
1791121771.8532,4968,1240,55312,306000000,1728000
1791121771.9033,4968,1240,55218,306000000,1728000
1791121771.9534,4960,1240,55250,306000000,1728000
1791121772.0035,4960,1256,55437,306000000,1728000
1791121772.0536,4960,1256,55281,306000000,1728000
1791121772.1036,4960,1256,55312,306000000,1728000
1791121772.1537,4960,1248,55218,306000000,1728000
1791121772.2038,4960,1248,55312,306000000,1728000
1791121772.2539,4960,1248,55156,306000000,1728000
1791121772.3040,4960,1248,55218,306000000,1728000
1791121772.3541,4960,1248,55093,306000000,1728000
1791121772.4042,4960,1248,55218,306000000,1728000
1791121772.4542,4968,1240,55406,306000000,1728000
1791121772.5043,4968,1240,55281,306000000,1728000
1791121772.5544,4960,1248,55250,306000000,1728000
1791121772.6045,4960,1256,55250,306000000,1728000
1791121772.6546,4960,1256,55312,306000000,1728000
1791121772.7047,4960,1248,55250,306000000,1728000
1791121772.7548,4960,1248,55312,306000000,1728000
1791121772.8048,4960,1248,55187,306000000,1728000
1791121772.8549,4968,1248,55281,306000000,1728000
1791121772.9050,4968,1248,55406,306000000,1728000
1791121772.9551,4968,1248,55343,306000000,1728000
1791121773.0052,4968,1248,55281,306000000,1728000
1791121773.0552,4968,1248,55250,306000000,1728000
1791121773.1053,4960,1256,55312,306000000,1728000
1791121773.1554,4960,1256,55093,306000000,1728000
1791121773.2055,4960,1256,55281,306000000,1728000
1791121773.2556,4960,1256,55218,306000000,1728000
1791121773.3057,4968,1248,55343,306000000,1728000
1791121773.3557,4968,1248,55250,306000000,1728000
1791121773.4058,4968,1248,55187,306000000,1728000
1791121773.4559,4960,1248,55343,306000000,1728000
1791121773.5060,4960,1240,55218,306000000,1728000
1791121773.5560,4960,1240,55343,306000000,1728000
1791121773.6061,4960,1248,55218,306000000,1728000
1791121773.6562,4960,1248,55281,306000000,1728000
1791121773.7063,4960,1256,55187,306000000,1728000
1791121773.7564,4960,1256,55312,306000000,1728000
1791121773.8065,4960,1256,55156,306000000,1728000
1791121773.8566,4960,1248,55218,306000000,1728000
1791121773.9067,4960,1248,55312,306000000,1728000
1791121773.9567,4960,1248,55187,306000000,1728000
1791121774.0068,4960,1248,55343,306000000,1728000
1791121774.0569,4960,1248,55156,306000000,1728000
1791121774.1070,4960,1256,55250,306000000,1728000
1791121774.1571,4960,1248,55218,306000000,1728000
1791121774.2072,4960,1256,55218,306000000,1190400
1791121774.2573,4960,1264,55187,306000000,883200
1791121774.3074,4960,1264,55250,306000000,1728000
1791121774.3575,4960,1264,55406,306000000,1728000
1791121774.4076,4960,1264,55250,306000000,1728000
1791121774.4576,4960,1256,55312,306000000,1728000
1791121774.5077,4960,1256,55187,306000000,1728000
1791121774.5578,4960,1248,55281,306000000,1728000
1791121774.6079,4960,1248,55218,306000000,1728000
1791121774.6580,4960,1248,55187,306000000,1728000
1791121774.7080,4960,1248,55218,306000000,1728000
1791121774.7581,4960,1248,55343,306000000,1728000
1791121774.8082,4960,1256,55437,306000000,1728000
1791121774.8583,4960,1256,55250,306000000,1728000
1791121774.9084,4960,1256,55375,306000000,1728000
1791121774.9585,4960,1256,55218,306000000,1728000
1791121775.0086,4960,1248,55312,306000000,1728000
1791121775.0586,4960,1248,55156,306000000,1728000
1791121775.1087,4960,1248,55250,306000000,1728000
1791121775.1588,4960,1248,55156,306000000,1728000
1791121775.2089,4960,1248,55281,306000000,1728000
1791121775.2590,4960,1248,55437,306000000,1728000
1791121775.3090,4960,1240,55250,306000000,1728000
1791121775.3591,4960,1256,55343,306000000,1267200
1791121775.4092,4960,1256,55250,306000000,1728000
1791121775.4593,4960,1256,55406,306000000,1728000
1791121775.5094,4960,1256,55218,306000000,1728000
1791121775.5595,4960,1256,55250,306000000,1728000
1791121775.6096,4960,1256,55281,306000000,1728000
1791121775.6597,4960,1248,55281,306000000,1728000
1791121775.7097,4960,1248,55187,306000000,1728000
1791121775.7598,4960,1240,55187,306000000,1728000
1791121775.8100,4960,1240,55343,306000000,1728000
1791121775.8601,4960,1240,55250,306000000,1728000
1791121775.9102,4960,1248,55375,306000000,1497600
1791121775.9603,4960,1256,55312,306000000,1728000
1791121776.0104,4960,1256,55187,306000000,1728000
1791121776.0605,4960,1256,55156,306000000,1728000
1791121776.1105,4960,1248,55281,306000000,1728000
1791121776.1606,4960,1248,55218,306000000,1728000
1791121776.2107,4960,1248,55343,306000000,1728000
1791121776.2608,4960,1248,55281,306000000,1728000
1791121776.3109,4960,1248,55218,306000000,1728000
1791121776.3610,4960,1248,55312,306000000,1728000
1791121776.4111,4960,1248,55250,306000000,1728000
1791121776.4612,4960,1256,55312,306000000,1728000
1791121776.5113,4960,1264,55281,306000000,1728000
1791121776.5613,4960,1272,55312,306000000,1728000
1791121776.6114,4960,1264,55218,306000000,1728000
1791121776.6615,4960,1264,55218,306000000,1728000
1791121776.7116,4960,1264,55343,306000000,1728000
1791121776.7617,4960,1256,55218,306000000,1728000
1791121776.8118,4960,1256,55343,306000000,1728000
1791121776.8618,4960,1256,55312,306000000,1728000
1791121776.9119,4960,1248,55343,306000000,1728000
1791121776.9620,4960,1248,55156,306000000,1728000
1791121777.0121,4960,1248,55281,306000000,1728000
1791121777.0622,4960,1256,55218,306000000,1728000
1791121777.1123,4960,1264,55281,306000000,1728000
1791121777.1624,4960,1272,55437,306000000,1728000
1791121777.2125,4960,1256,55312,306000000,1728000
1791121777.2626,4960,1264,55375,306000000,1728000
1791121777.3127,4960,1256,55343,306000000,1728000
1791121777.3627,4960,1256,55375,306000000,1728000
1791121777.4128,4960,1256,55281,306000000,1728000
1791121777.4629,4960,1248,55312,306000000,1728000
1791121777.5130,4960,1248,55187,306000000,1728000
1791121777.5631,4960,1248,55281,306000000,1190400
1791121777.6132,4960,1256,55437,306000000,1728000
1791121777.6633,4960,1256,55312,306000000,1728000
1791121777.7133,4960,1248,55375,306000000,1728000
1791121777.7634,4960,1248,55187,306000000,1728000
1791121777.8135,4960,1248,55406,306000000,1728000
1791121777.8636,4960,1248,55156,306000000,1728000
1791121777.9137,4960,1248,55281,306000000,1728000
1791121777.9638,4960,1248,55187,306000000,1728000
1791121778.0138,4960,1248,55218,306000000,1728000
1791121778.0639,4960,1248,55187,306000000,1728000
1791121778.1140,4960,1256,55250,306000000,1728000
1791121778.1641,4960,1256,55343,306000000,1728000
1791121778.2142,4960,1264,55187,306000000,1728000
1791121778.2643,4960,1256,55406,306000000,1728000
1791121778.3143,4960,1256,55187,306000000,1728000
1791121778.3644,4960,1256,55343,306000000,1728000
1791121778.4145,4960,1256,55250,306000000,1728000
1791121778.4646,4960,1248,55281,306000000,1728000
1791121778.5147,4960,1256,55281,306000000,1728000
1791121778.5647,4960,1256,55312,306000000,1728000
1791121778.6148,4960,1256,55406,306000000,1728000
1791121778.6649,4960,1256,55250,306000000,1728000
1791121778.7150,4960,1264,55343,306000000,1267200
1791121778.7651,4960,1272,55250,306000000,1728000
1791121778.8152,4960,1264,55343,306000000,1728000
1791121778.8653,4960,1264,55281,306000000,1728000
1791121778.9153,4960,1264,55312,306000000,1728000
1791121778.9654,4960,1264,55250,306000000,1728000
1791121779.0155,4960,1256,55218,306000000,1728000
1791121779.0656,4960,1256,55406,306000000,1728000
1791121779.1157,4960,1248,55218,306000000,1728000
1791121779.1658,4960,1240,55343,306000000,1728000
1791121779.2158,4960,1248,55281,306000000,1728000
1791121779.2659,4960,1248,55437,306000000,1728000
1791121779.3160,4960,1264,55250,306000000,1728000
1791121779.3661,4960,1256,55281,306000000,1728000
1791121779.4162,4960,1256,55250,306000000,1728000
1791121779.4663,4960,1248,55375,306000000,1728000
1791121779.5163,4960,1256,55437,306000000,1728000
1791121779.5664,4960,1248,55218,306000000,1728000
1791121779.6165,4960,1248,55343,306000000,1728000
1791121779.6666,4960,1248,55281,306000000,1728000
1791121779.7167,4960,1240,55343,306000000,1728000
1791121779.7667,4960,1240,55187,306000000,1728000
1791121779.8168,4960,1248,55312,306000000,1728000
1791121779.8669,4960,1264,55218,306000000,1728000
1791121779.9170,4960,1256,55281,306000000,1728000
1791121779.9670,4960,1256,55375,306000000,1728000
1791121780.0171,4960,1248,55218,306000000,1728000
1791121780.0672,4960,1248,55375,306000000,1728000
1791121780.1173,4960,1248,55250,306000000,1728000
1791121780.1673,4960,1240,55312,306000000,1728000
1791121780.2174,4960,1248,55281,306000000,1728000
1791121780.2675,4960,1248,55312,306000000,1728000
1791121780.3176,4960,1248,55218,306000000,1728000
1791121780.3677,4960,1256,55312,306000000,1728000
1791121780.4178,4960,1272,55281,306000000,1728000
1791121780.4678,4960,1264,55218,306000000,1728000
1791121780.5179,4960,1256,55375,306000000,1728000
1791121780.5680,4960,1256,55250,306000000,1728000
1791121780.6181,4960,1264,55250,306000000,1728000
1791121780.6682,4960,1256,55281,306000000,1728000
1791121780.7183,4960,1256,55218,306000000,1728000
1791121780.7683,4960,1256,55250,306000000,1728000
1791121780.8184,4960,1264,55281,306000000,1728000
1791121780.8685,4960,1264,55437,306000000,1728000
1791121780.9186,4960,1256,55250,306000000,1113600
1791121780.9687,4960,1264,55312,306000000,1728000
1791121781.0187,4960,1264,55281,306000000,1728000
1791121781.0688,4960,1264,55343,306000000,1728000
1791121781.1189,4960,1256,55125,306000000,1728000
1791121781.1690,4960,1256,55343,306000000,1728000
1791121781.2191,4960,1256,55187,306000000,1728000
1791121781.2692,4960,1264,55312,306000000,1728000
1791121781.3192,4960,1256,55250,306000000,1728000
1791121781.3693,4960,1248,55281,306000000,1728000
1791121781.4194,4960,1248,55375,306000000,1728000
1791121781.4695,4960,1248,55250,306000000,1728000
1791121781.5196,4960,1256,55343,306000000,1728000
1791121781.5697,4960,1264,55250,306000000,1728000
1791121781.6197,4960,1256,55312,306000000,1728000
1791121781.6698,4960,1256,55156,306000000,1728000
1791121781.7199,4960,1256,55281,306000000,1728000
1791121781.7700,4960,1256,55218,306000000,1728000
1791121781.8201,4960,1256,55312,306000000,1728000
1791121781.8702,4960,1248,55375,306000000,1728000
1791121781.9202,4960,1248,55218,306000000,1728000
1791121781.9703,4960,1248,55437,306000000,1728000
1791121782.0204,4960,1248,55281,306000000,1728000
1791121782.0705,4960,1256,55312,306000000,1728000
1791121782.1206,4960,1256,55187,306000000,1728000
1791121782.1707,4960,1256,55250,306000000,1728000
1791121782.2207,4960,1248,55312,306000000,1728000
1791121782.2708,4960,1248,55343,306000000,1728000
1791121782.3209,4960,1248,55375,306000000,1728000
1791121782.3710,4960,1248,55281,306000000,1728000
1791121782.4211,4960,1248,55343,306000000,1728000
1791121782.4712,4960,1248,55281,306000000,1728000
1791121782.5213,4960,1248,55343,306000000,1728000
1791121782.5714,4960,1248,55156,306000000,1728000
1791121782.6215,4960,1256,55218,306000000,1728000
1791121782.6716,4960,1256,55218,306000000,1728000
1791121782.7216,4960,1264,55343,306000000,1728000
1791121782.7717,4960,1264,55437,306000000,1728000
1791121782.8218,4960,1256,55250,306000000,1728000
1791121782.8719,4960,1256,55281,306000000,1728000
1791121782.9220,4960,1248,55312,306000000,1728000
1791121782.9720,4960,1248,55281,306000000,1728000
1791121783.0221,4960,1248,55281,306000000,1728000
1791121783.0722,4960,1248,55343,306000000,1728000
1791121783.1223,4960,1240,55218,306000000,1728000
1791121783.1724,4960,1248,55312,306000000,1728000
1791121783.2225,4960,1256,55312,306000000,1728000
1791121783.2726,4960,1264,55250,306000000,1728000
1791121783.3226,4960,1256,55375,306000000,1728000
1791121783.3727,4960,1248,55250,306000000,1728000
1791121783.4228,4960,1248,55406,306000000,1728000
1791121783.4729,4960,1248,55250,306000000,1728000
1791121783.5230,4960,1248,55343,306000000,1728000
1791121783.5730,4960,1248,55218,306000000,1728000
1791121783.6231,4960,1240,55312,306000000,1728000
1791121783.6732,4960,1248,55437,306000000,1728000
1791121783.7233,4960,1248,55250,306000000,1728000
1791121783.7734,4960,1256,55437,306000000,1728000
1791121783.8235,4960,1256,55250,306000000,1728000
1791121783.8735,4960,1256,55343,306000000,1728000
1791121783.9236,4960,1256,55187,306000000,1728000
1791121783.9737,4960,1256,55281,306000000,1728000
1791121784.0238,4960,1256,55218,306000000,1728000
1791121784.0739,4960,1248,55281,306000000,1728000
1791121784.1240,4960,1248,55375,306000000,1728000
1791121784.1740,4960,1248,55281,306000000,1728000
1791121784.2241,4960,1248,55406,306000000,1728000
1791121784.2742,4960,1248,55250,306000000,1728000
1791121784.3243,4960,1264,55437,306000000,1728000
1791121784.3744,4960,1264,55218,306000000,1728000
1791121784.4245,4960,1256,55406,306000000,1728000
1791121784.4745,4960,1256,55187,306000000,1728000
1791121784.5246,4960,1256,55343,306000000,1728000
1791121784.5747,4960,1248,55406,306000000,1728000
1791121784.6248,4960,1248,55281,306000000,1728000
1791121784.6749,4960,1248,55468,306000000,1728000
1791121784.7250,4960,1248,55250,306000000,1728000
1791121784.7750,4960,1248,55343,306000000,1728000
1791121784.8251,4960,1248,55281,306000000,1728000
1791121784.8752,4960,1264,55343,306000000,1267200
1791121784.9253,4960,1264,55218,306000000,1728000
1791121784.9754,4960,1264,55406,306000000,1728000
1791121785.0255,4960,1256,55250,306000000,1728000
1791121785.0756,4960,1256,55218,306000000,1728000
1791121785.1256,4960,1256,55343,306000000,1728000
1791121785.1757,4960,1256,55125,306000000,1728000
1791121785.2258,4960,1248,55406,306000000,1728000
1791121785.2759,4968,1248,55250,306000000,1728000
1791121785.3260,4960,1248,55343,306000000,1728000
1791121785.3761,4968,1248,55250,306000000,1728000
1791121785.4262,4960,1256,55250,306000000,1728000
1791121785.4763,4960,1264,55281,306000000,1728000
1791121785.5264,4960,1264,55281,306000000,1728000
1791121785.5764,4960,1264,55343,306000000,1728000
1791121785.6265,4960,1256,55218,306000000,1728000
1791121785.6766,4960,1256,55406,306000000,1728000
1791121785.7267,4960,1256,55281,306000000,1728000
1791121785.7768,4960,1248,55312,306000000,1728000
1791121785.8268,4960,1256,55218,306000000,1728000
1791121785.8769,4960,1248,55343,306000000,1728000
1791121785.9270,4960,1248,55281,306000000,1728000
1791121785.9771,4960,1248,55281,306000000,1728000
1791121786.0272,4960,1256,55250,306000000,1728000
1791121786.0773,4960,1248,55218,306000000,1728000
1791121786.1274,4960,1256,55406,306000000,1728000
1791121786.1774,4960,1256,55250,306000000,1728000
1791121786.2275,4960,1256,55312,306000000,1728000
1791121786.2776,4960,1256,55281,306000000,1728000
1791121786.3277,4960,1256,55250,306000000,1728000
1791121786.3778,4960,1256,55218,306000000,1728000
1791121786.4279,4960,1256,55406,306000000,1728000
1791121786.4779,4960,1248,55468,306000000,1728000
1791121786.5280,4960,1248,55218,306000000,1728000
1791121786.5781,4960,1264,55343,306000000,1728000
1791121786.6282,4968,1240,55250,306000000,1728000
1791121786.6783,4968,1232,55375,306000000,1728000
1791121786.7284,4968,1232,55281,306000000,1728000
1791121786.7785,4968,1224,55312,306000000,1728000
1791121786.8285,4968,1224,55281,306000000,1728000
1791121786.8786,4968,1224,55312,306000000,1728000
1791121786.9287,4968,1216,55406,306000000,1728000
1791121786.9788,4968,1216,55312,306000000,1728000
1791121787.0288,4968,1216,55343,306000000,1728000
1791121787.0789,4968,1208,55406,306000000,1728000
1791121787.1290,4968,1224,55437,306000000,1728000
1791121787.1791,4968,1224,55281,306000000,1728000
1791121787.2292,4968,1224,55281,306000000,1728000
1791121787.2793,4968,1216,55281,306000000,1728000
1791121787.3294,4968,1216,55281,306000000,1728000
1791121787.3795,4968,1216,55437,306000000,1728000
1791121787.4295,4968,1216,55281,306000000,1728000
1791121787.4796,4968,1208,55375,306000000,1728000
1791121787.5297,4968,1208,55312,306000000,1728000
1791121787.5798,4968,1208,55343,306000000,1728000
1791121787.6299,4968,1208,55562,306000000,1728000
1791121787.6800,4968,1216,55281,306000000,1728000
1791121787.7301,4968,1224,55562,306000000,1728000
1791121787.7801,4968,1216,55218,306000000,1728000
1791121787.8302,4968,1216,55406,306000000,1728000
1791121787.8803,4968,1216,55312,306000000,1728000
1791121787.9304,4968,1216,55437,306000000,1728000
1791121787.9805,4968,1208,55187,306000000,1728000
1791121788.0305,4968,1208,55375,306000000,1728000
1791121788.0806,4968,1208,55312,306000000,1728000
1791121788.1307,4968,1208,55375,306000000,1728000
1791121788.1808,4968,1208,55437,306000000,1728000
1791121788.2309,4968,1216,55375,306000000,1728000
1791121788.2810,4968,1224,55593,306000000,1728000
1791121788.3311,4968,1216,55343,306000000,1728000
1791121788.3812,4968,1216,55406,306000000,1728000
1791121788.4312,4968,1216,55281,306000000,1728000
1791121788.4813,4968,1216,55437,306000000,1728000
1791121788.5314,4968,1208,55218,306000000,1728000
1791121788.5815,4968,1208,55375,306000000,1728000
1791121788.6316,4968,1208,55312,306000000,1728000
1791121788.6817,4968,1208,55406,306000000,1728000
1791121788.7317,4968,1208,55375,306000000,1728000
1791121788.7818,4968,1216,55281,306000000,1728000
1791121788.8319,4968,1224,55593,306000000,1728000
1791121788.8820,4968,1216,55343,306000000,1728000
1791121788.9321,4968,1216,55406,306000000,1728000
1791121788.9822,4968,1224,55656,306000000,1728000
1791121789.0323,4968,1224,55312,306000000,1728000
1791121789.0824,4968,1224,55500,306000000,1728000
1791121789.1324,4960,1232,55406,306000000,1728000
1791121789.1825,4960,1240,55468,306000000,1728000
1791121789.2326,4960,1256,55562,306000000,1728000
1791121789.2827,4960,1248,55375,306000000,1728000
1791121789.3328,4960,1248,55312,306000000,1728000
1791121789.3829,4960,1248,55375,306000000,729600
1791121789.4330,4968,1216,55218,1020000000,729600
